Copyright 1986-2022 Xilinx, Inc. All Rights Reserved. Copyright 2022-2025 Advanced Micro Devices, Inc. All Rights Reserved.
------------------------------------------------------------------------------------------------------------------------------------------------------------------------------------------------------------------------------------------------------------------------------------------
| Tool Version : Vivado v.2025.1 (lin64) Build 6140274 Wed May 21 22:58:25 MDT 2025
| Date         : Wed Mar 18 18:16:09 2026
| Host         : gondor running 64-bit Ubuntu 24.04.3 LTS
| Command      : report_timing_summary -max_paths 10 -routable_nets -report_unconstrained -file prometheus_pynq_z1_wrapper_timing_summary_routed.rpt -pb prometheus_pynq_z1_wrapper_timing_summary_routed.pb -rpx prometheus_pynq_z1_wrapper_timing_summary_routed.rpx -warn_on_violation
| Design       : prometheus_pynq_z1_wrapper
| Device       : 7z020-clg400
| Speed File   : -1  PRODUCTION 1.12 2019-11-22
| Design State : Routed
------------------------------------------------------------------------------------------------------------------------------------------------------------------------------------------------------------------------------------------------------------------------------------------

Timing Summary Report

------------------------------------------------------------------------------------------------
| Timer Settings
| --------------
------------------------------------------------------------------------------------------------

  Enable Multi Corner Analysis               :  Yes
  Enable Pessimism Removal                   :  Yes
  Pessimism Removal Resolution               :  Nearest Common Node
  Enable Input Delay Default Clock           :  No
  Enable Preset / Clear Arcs                 :  No
  Disable Flight Delays                      :  No
  Ignore I/O Paths                           :  No
  Timing Early Launch at Borrowing Latches   :  No
  Borrow Time for Max Delay Exceptions       :  Yes
  Merge Timing Exceptions                    :  Yes
  Inter-SLR Compensation                     :  Conservative

  Corner  Analyze    Analyze    
  Name    Max Paths  Min Paths  
  ------  ---------  ---------  
  Slow    Yes        Yes        
  Fast    Yes        Yes        


------------------------------------------------------------------------------------------------
| Report Methodology
| ------------------
------------------------------------------------------------------------------------------------

Rule      Severity  Description                                  Violations  
--------  --------  -------------------------------------------  ----------  
ULMTCS-1  Warning   Control Sets use limits recommend reduction  1           

Note: This report is based on the most recent report_methodology run and may not be up-to-date. Run report_methodology on the current design for the latest report.



check_timing report

Table of Contents
-----------------
1. checking no_clock (0)
2. checking constant_clock (0)
3. checking pulse_width_clock (0)
4. checking unconstrained_internal_endpoints (0)
5. checking no_input_delay (0)
6. checking no_output_delay (0)
7. checking multiple_clock (0)
8. checking generated_clocks (0)
9. checking loops (0)
10. checking partial_input_delay (0)
11. checking partial_output_delay (0)
12. checking latch_loops (0)

1. checking no_clock (0)
------------------------
 There are 0 register/latch pins with no clock.


2. checking constant_clock (0)
------------------------------
 There are 0 register/latch pins with constant_clock.


3. checking pulse_width_clock (0)
---------------------------------
 There are 0 register/latch pins which need pulse_width check


4. checking unconstrained_internal_endpoints (0)
------------------------------------------------
 There are 0 pins that are not constrained for maximum delay.

 There are 0 pins that are not constrained for maximum delay due to constant clock.


5. checking no_input_delay (0)
------------------------------
 There are 0 input ports with no input delay specified.

 There are 0 input ports with no input delay but user has a false path constraint.


6. checking no_output_delay (0)
-------------------------------
 There are 0 ports with no output delay specified.

 There are 0 ports with no output delay but user has a false path constraint

 There are 0 ports with no output delay but with a timing clock defined on it or propagating through it


7. checking multiple_clock (0)
------------------------------
 There are 0 register/latch pins with multiple clocks.


8. checking generated_clocks (0)
--------------------------------
 There are 0 generated clocks that are not connected to a clock source.


9. checking loops (0)
---------------------
 There are 0 combinational loops in the design.


10. checking partial_input_delay (0)
------------------------------------
 There are 0 input ports with partial input delay specified.


11. checking partial_output_delay (0)
-------------------------------------
 There are 0 ports with partial output delay specified.


12. checking latch_loops (0)
----------------------------
 There are 0 combinational latch loops in the design through latch input



------------------------------------------------------------------------------------------------
| Design Timing Summary
| ---------------------
------------------------------------------------------------------------------------------------

    WNS(ns)      TNS(ns)  TNS Failing Endpoints  TNS Total Endpoints      WHS(ns)      THS(ns)  THS Failing Endpoints  THS Total Endpoints     WPWS(ns)     TPWS(ns)  TPWS Failing Endpoints  TPWS Total Endpoints  
    -------      -------  ---------------------  -------------------      -------      -------  ---------------------  -------------------     --------     --------  ----------------------  --------------------  
      0.332        0.000                      0               143310        0.010        0.000                      0               143310        4.687        0.000                       0                 63000  


All user specified timing constraints are met.


------------------------------------------------------------------------------------------------
| Clock Summary
| -------------
------------------------------------------------------------------------------------------------

Clock       Waveform(ns)       Period(ns)      Frequency(MHz)
-----       ------------       ----------      --------------
clk_fpga_0  {0.000 5.937}      11.875          84.211          


------------------------------------------------------------------------------------------------
| Intra Clock Table
| -----------------
------------------------------------------------------------------------------------------------

Clock             WNS(ns)      TNS(ns)  TNS Failing Endpoints  TNS Total Endpoints      WHS(ns)      THS(ns)  THS Failing Endpoints  THS Total Endpoints     WPWS(ns)     TPWS(ns)  TPWS Failing Endpoints  TPWS Total Endpoints  
-----             -------      -------  ---------------------  -------------------      -------      -------  ---------------------  -------------------     --------     --------  ----------------------  --------------------  
clk_fpga_0          0.332        0.000                      0               143310        0.010        0.000                      0               143310        4.687        0.000                       0                 63000  


------------------------------------------------------------------------------------------------
| Inter Clock Table
| -----------------
------------------------------------------------------------------------------------------------

From Clock    To Clock          WNS(ns)      TNS(ns)  TNS Failing Endpoints  TNS Total Endpoints      WHS(ns)      THS(ns)  THS Failing Endpoints  THS Total Endpoints  
----------    --------          -------      -------  ---------------------  -------------------      -------      -------  ---------------------  -------------------  


------------------------------------------------------------------------------------------------
| Other Path Groups Table
| -----------------------
------------------------------------------------------------------------------------------------

Path Group    From Clock    To Clock          WNS(ns)      TNS(ns)  TNS Failing Endpoints  TNS Total Endpoints      WHS(ns)      THS(ns)  THS Failing Endpoints  THS Total Endpoints  
----------    ----------    --------          -------      -------  ---------------------  -------------------      -------      -------  ---------------------  -------------------  


------------------------------------------------------------------------------------------------
| User Ignored Path Table
| -----------------------
------------------------------------------------------------------------------------------------

Path Group    From Clock    To Clock    
----------    ----------    --------    
(none)                      clk_fpga_0    
(none)        clk_fpga_0    clk_fpga_0    


------------------------------------------------------------------------------------------------
| Unconstrained Path Table
| ------------------------
------------------------------------------------------------------------------------------------

Path Group    From Clock    To Clock    
----------    ----------    --------    
(none)                      clk_fpga_0    


------------------------------------------------------------------------------------------------
| Timing Details
| --------------
------------------------------------------------------------------------------------------------


---------------------------------------------------------------------------------------------------
From Clock:  clk_fpga_0
  To Clock:  clk_fpga_0

Setup :            0  Failing Endpoints,  Worst Slack        0.332ns,  Total Violation        0.000ns
Hold  :            0  Failing Endpoints,  Worst Slack        0.010ns,  Total Violation        0.000ns
PW    :            0  Failing Endpoints,  Worst Slack        4.687ns,  Total Violation        0.000ns
---------------------------------------------------------------------------------------------------


Max Delay Paths
--------------------------------------------------------------------------------------
Slack (MET) :             0.332ns  (required time - arrival time)
  Source:                 prometheus_pynq_z1_i/prometheus_soc_0/inst/u_prometheus_soc/grp_prometheus_soc_Pipeline_PROGRAM_LOOP_fu_62/grp_generate_exp_buffer_fu_3181/exp_stream_U/U_prometheus_soc_fifo_w132_d16_A_ram/mem_reg_1/CLKARDCLK
                            (rising edge-triggered cell RAMB36E1 clocked by clk_fpga_0  {rise@0.000ns fall@5.938ns period=11.875ns})
  Destination:            prometheus_pynq_z1_i/prometheus_soc_0/inst/u_prometheus_soc/grp_prometheus_soc_Pipeline_PROGRAM_LOOP_fu_62/grp_generate_exp_buffer_fu_3181/cache_exp_stream_U0/exp_buf_3_7_reg_reg[0]/D
                            (rising edge-triggered cell FDRE clocked by clk_fpga_0  {rise@0.000ns fall@5.938ns period=11.875ns})
  Path Group:             clk_fpga_0
  Path Type:              Setup (Max at Slow Process Corner)
  Requirement:            11.875ns  (clk_fpga_0 rise@11.875ns - clk_fpga_0 rise@0.000ns)
  Data Path Delay:        11.047ns  (logic 2.454ns (22.214%)  route 8.593ns (77.786%))
  Logic Levels:           0  
  Clock Path Skew:        -0.248ns (DCD - SCD + CPR)
    Destination Clock Delay (DCD):    2.759ns = ( 14.634 - 11.875 ) 
    Source Clock Delay      (SCD):    3.136ns
    Clock Pessimism Removal (CPR):    0.129ns
  Clock Uncertainty:      0.181ns  ((TSJ^2 + TIJ^2)^1/2 + DJ) / 2 + PE
    Total System Jitter     (TSJ):    0.071ns
    Total Input Jitter      (TIJ):    0.356ns
    Discrete Jitter          (DJ):    0.000ns
    Phase Error              (PE):    0.000ns

    Location             Delay type                Incr(ns)  Path(ns)    Netlist Resource(s)
  -------------------------------------------------------------------    -------------------
                         (clock clk_fpga_0 rise edge)
                                                      0.000     0.000 r  
    PS7_X0Y0             PS7                          0.000     0.000 r  prometheus_pynq_z1_i/processing_system7_0/inst/PS7_i/FCLKCLK[0]
                         net (fo=1, routed)           1.193     1.193    prometheus_pynq_z1_i/processing_system7_0/inst/FCLK_CLK_unbuffered[0]
    BUFGCTRL_X0Y16       BUFG (Prop_bufg_I_O)         0.101     1.294 r  prometheus_pynq_z1_i/processing_system7_0/inst/buffer_fclk_clk_0.FCLK_CLK_0_BUFG/O
                         net (fo=63004, routed)       1.842     3.136    prometheus_pynq_z1_i/prometheus_soc_0/inst/u_prometheus_soc/grp_prometheus_soc_Pipeline_PROGRAM_LOOP_fu_62/grp_generate_exp_buffer_fu_3181/exp_stream_U/U_prometheus_soc_fifo_w132_d16_A_ram/ap_clk
    RAMB36_X4Y8          RAMB36E1                                     r  prometheus_pynq_z1_i/prometheus_soc_0/inst/u_prometheus_soc/grp_prometheus_soc_Pipeline_PROGRAM_LOOP_fu_62/grp_generate_exp_buffer_fu_3181/exp_stream_U/U_prometheus_soc_fifo_w132_d16_A_ram/mem_reg_1/CLKARDCLK
  -------------------------------------------------------------------    -------------------
    RAMB36_X4Y8          RAMB36E1 (Prop_ramb36e1_CLKARDCLK_DOADO[24])
                                                      2.454     5.590 r  prometheus_pynq_z1_i/prometheus_soc_0/inst/u_prometheus_soc/grp_prometheus_soc_Pipeline_PROGRAM_LOOP_fu_62/grp_generate_exp_buffer_fu_3181/exp_stream_U/U_prometheus_soc_fifo_w132_d16_A_ram/mem_reg_1/DOADO[24]
                         net (fo=129, routed)         8.593    14.183    prometheus_pynq_z1_i/prometheus_soc_0/inst/u_prometheus_soc/grp_prometheus_soc_Pipeline_PROGRAM_LOOP_fu_62/grp_generate_exp_buffer_fu_3181/cache_exp_stream_U0/mem_reg[96]
    SLICE_X13Y45         FDRE                                         r  prometheus_pynq_z1_i/prometheus_soc_0/inst/u_prometheus_soc/grp_prometheus_soc_Pipeline_PROGRAM_LOOP_fu_62/grp_generate_exp_buffer_fu_3181/cache_exp_stream_U0/exp_buf_3_7_reg_reg[0]/D
  -------------------------------------------------------------------    -------------------

                         (clock clk_fpga_0 rise edge)
                                                     11.875    11.875 r  
    PS7_X0Y0             PS7                          0.000    11.875 r  prometheus_pynq_z1_i/processing_system7_0/inst/PS7_i/FCLKCLK[0]
                         net (fo=1, routed)           1.088    12.963    prometheus_pynq_z1_i/processing_system7_0/inst/FCLK_CLK_unbuffered[0]
    BUFGCTRL_X0Y16       BUFG (Prop_bufg_I_O)         0.091    13.054 r  prometheus_pynq_z1_i/processing_system7_0/inst/buffer_fclk_clk_0.FCLK_CLK_0_BUFG/O
                         net (fo=63004, routed)       1.580    14.634    prometheus_pynq_z1_i/prometheus_soc_0/inst/u_prometheus_soc/grp_prometheus_soc_Pipeline_PROGRAM_LOOP_fu_62/grp_generate_exp_buffer_fu_3181/cache_exp_stream_U0/ap_clk
    SLICE_X13Y45         FDRE                                         r  prometheus_pynq_z1_i/prometheus_soc_0/inst/u_prometheus_soc/grp_prometheus_soc_Pipeline_PROGRAM_LOOP_fu_62/grp_generate_exp_buffer_fu_3181/cache_exp_stream_U0/exp_buf_3_7_reg_reg[0]/C
                         clock pessimism              0.129    14.763    
                         clock uncertainty           -0.181    14.582    
    SLICE_X13Y45         FDRE (Setup_fdre_C_D)       -0.067    14.515    prometheus_pynq_z1_i/prometheus_soc_0/inst/u_prometheus_soc/grp_prometheus_soc_Pipeline_PROGRAM_LOOP_fu_62/grp_generate_exp_buffer_fu_3181/cache_exp_stream_U0/exp_buf_3_7_reg_reg[0]
  -------------------------------------------------------------------
                         required time                         14.515    
                         arrival time                         -14.183    
  -------------------------------------------------------------------
                         slack                                  0.332    

Slack (MET) :             0.437ns  (required time - arrival time)
  Source:                 prometheus_pynq_z1_i/prometheus_soc_0/inst/u_prometheus_soc/grp_prometheus_soc_Pipeline_PROGRAM_LOOP_fu_62/grp_generate_exp_buffer_fu_3181/exp_stream_U/U_prometheus_soc_fifo_w132_d16_A_ram/mem_reg_1/CLKARDCLK
                            (rising edge-triggered cell RAMB36E1 clocked by clk_fpga_0  {rise@0.000ns fall@5.938ns period=11.875ns})
  Destination:            prometheus_pynq_z1_i/prometheus_soc_0/inst/u_prometheus_soc/grp_prometheus_soc_Pipeline_PROGRAM_LOOP_fu_62/grp_generate_exp_buffer_fu_3181/cache_exp_stream_U0/exp_buf_3_26_reg_reg[24]/D
                            (rising edge-triggered cell FDRE clocked by clk_fpga_0  {rise@0.000ns fall@5.938ns period=11.875ns})
  Path Group:             clk_fpga_0
  Path Type:              Setup (Max at Slow Process Corner)
  Requirement:            11.875ns  (clk_fpga_0 rise@11.875ns - clk_fpga_0 rise@0.000ns)
  Data Path Delay:        10.908ns  (logic 2.454ns (22.497%)  route 8.454ns (77.503%))
  Logic Levels:           0  
  Clock Path Skew:        -0.255ns (DCD - SCD + CPR)
    Destination Clock Delay (DCD):    2.752ns = ( 14.627 - 11.875 ) 
    Source Clock Delay      (SCD):    3.136ns
    Clock Pessimism Removal (CPR):    0.129ns
  Clock Uncertainty:      0.181ns  ((TSJ^2 + TIJ^2)^1/2 + DJ) / 2 + PE
    Total System Jitter     (TSJ):    0.071ns
    Total Input Jitter      (TIJ):    0.356ns
    Discrete Jitter          (DJ):    0.000ns
    Phase Error              (PE):    0.000ns

    Location             Delay type                Incr(ns)  Path(ns)    Netlist Resource(s)
  -------------------------------------------------------------------    -------------------
                         (clock clk_fpga_0 rise edge)
                                                      0.000     0.000 r  
    PS7_X0Y0             PS7                          0.000     0.000 r  prometheus_pynq_z1_i/processing_system7_0/inst/PS7_i/FCLKCLK[0]
                         net (fo=1, routed)           1.193     1.193    prometheus_pynq_z1_i/processing_system7_0/inst/FCLK_CLK_unbuffered[0]
    BUFGCTRL_X0Y16       BUFG (Prop_bufg_I_O)         0.101     1.294 r  prometheus_pynq_z1_i/processing_system7_0/inst/buffer_fclk_clk_0.FCLK_CLK_0_BUFG/O
                         net (fo=63004, routed)       1.842     3.136    prometheus_pynq_z1_i/prometheus_soc_0/inst/u_prometheus_soc/grp_prometheus_soc_Pipeline_PROGRAM_LOOP_fu_62/grp_generate_exp_buffer_fu_3181/exp_stream_U/U_prometheus_soc_fifo_w132_d16_A_ram/ap_clk
    RAMB36_X4Y8          RAMB36E1                                     r  prometheus_pynq_z1_i/prometheus_soc_0/inst/u_prometheus_soc/grp_prometheus_soc_Pipeline_PROGRAM_LOOP_fu_62/grp_generate_exp_buffer_fu_3181/exp_stream_U/U_prometheus_soc_fifo_w132_d16_A_ram/mem_reg_1/CLKARDCLK
  -------------------------------------------------------------------    -------------------
    RAMB36_X4Y8          RAMB36E1 (Prop_ramb36e1_CLKARDCLK_DOBDO[16])
                                                      2.454     5.590 r  prometheus_pynq_z1_i/prometheus_soc_0/inst/u_prometheus_soc/grp_prometheus_soc_Pipeline_PROGRAM_LOOP_fu_62/grp_generate_exp_buffer_fu_3181/exp_stream_U/U_prometheus_soc_fifo_w132_d16_A_ram/mem_reg_1/DOBDO[16]
                         net (fo=129, routed)         8.454    14.045    prometheus_pynq_z1_i/prometheus_soc_0/inst/u_prometheus_soc/grp_prometheus_soc_Pipeline_PROGRAM_LOOP_fu_62/grp_generate_exp_buffer_fu_3181/cache_exp_stream_U0/mem_reg[120]
    SLICE_X13Y33         FDRE                                         r  prometheus_pynq_z1_i/prometheus_soc_0/inst/u_prometheus_soc/grp_prometheus_soc_Pipeline_PROGRAM_LOOP_fu_62/grp_generate_exp_buffer_fu_3181/cache_exp_stream_U0/exp_buf_3_26_reg_reg[24]/D
  -------------------------------------------------------------------    -------------------

                         (clock clk_fpga_0 rise edge)
                                                     11.875    11.875 r  
    PS7_X0Y0             PS7                          0.000    11.875 r  prometheus_pynq_z1_i/processing_system7_0/inst/PS7_i/FCLKCLK[0]
                         net (fo=1, routed)           1.088    12.963    prometheus_pynq_z1_i/processing_system7_0/inst/FCLK_CLK_unbuffered[0]
    BUFGCTRL_X0Y16       BUFG (Prop_bufg_I_O)         0.091    13.054 r  prometheus_pynq_z1_i/processing_system7_0/inst/buffer_fclk_clk_0.FCLK_CLK_0_BUFG/O
                         net (fo=63004, routed)       1.573    14.627    prometheus_pynq_z1_i/prometheus_soc_0/inst/u_prometheus_soc/grp_prometheus_soc_Pipeline_PROGRAM_LOOP_fu_62/grp_generate_exp_buffer_fu_3181/cache_exp_stream_U0/ap_clk
    SLICE_X13Y33         FDRE                                         r  prometheus_pynq_z1_i/prometheus_soc_0/inst/u_prometheus_soc/grp_prometheus_soc_Pipeline_PROGRAM_LOOP_fu_62/grp_generate_exp_buffer_fu_3181/cache_exp_stream_U0/exp_buf_3_26_reg_reg[24]/C
                         clock pessimism              0.129    14.756    
                         clock uncertainty           -0.181    14.575    
    SLICE_X13Y33         FDRE (Setup_fdre_C_D)       -0.093    14.482    prometheus_pynq_z1_i/prometheus_soc_0/inst/u_prometheus_soc/grp_prometheus_soc_Pipeline_PROGRAM_LOOP_fu_62/grp_generate_exp_buffer_fu_3181/cache_exp_stream_U0/exp_buf_3_26_reg_reg[24]
  -------------------------------------------------------------------
                         required time                         14.482    
                         arrival time                         -14.045    
  -------------------------------------------------------------------
                         slack                                  0.437    

Slack (MET) :             0.467ns  (required time - arrival time)
  Source:                 prometheus_pynq_z1_i/prometheus_soc_0/inst/u_prometheus_soc/grp_prometheus_soc_Pipeline_PROGRAM_LOOP_fu_62/grp_generate_exp_buffer_fu_3181/exp_stream_U/U_prometheus_soc_fifo_w132_d16_A_ram/mem_reg_1/CLKARDCLK
                            (rising edge-triggered cell RAMB36E1 clocked by clk_fpga_0  {rise@0.000ns fall@5.938ns period=11.875ns})
  Destination:            prometheus_pynq_z1_i/prometheus_soc_0/inst/u_prometheus_soc/grp_prometheus_soc_Pipeline_PROGRAM_LOOP_fu_62/grp_generate_exp_buffer_fu_3181/cache_exp_stream_U0/exp_buf_3_8_reg_reg[0]/D
                            (rising edge-triggered cell FDRE clocked by clk_fpga_0  {rise@0.000ns fall@5.938ns period=11.875ns})
  Path Group:             clk_fpga_0
  Path Type:              Setup (Max at Slow Process Corner)
  Requirement:            11.875ns  (clk_fpga_0 rise@11.875ns - clk_fpga_0 rise@0.000ns)
  Data Path Delay:        10.947ns  (logic 2.454ns (22.417%)  route 8.493ns (77.583%))
  Logic Levels:           0  
  Clock Path Skew:        -0.248ns (DCD - SCD + CPR)
    Destination Clock Delay (DCD):    2.759ns = ( 14.634 - 11.875 ) 
    Source Clock Delay      (SCD):    3.136ns
    Clock Pessimism Removal (CPR):    0.129ns
  Clock Uncertainty:      0.181ns  ((TSJ^2 + TIJ^2)^1/2 + DJ) / 2 + PE
    Total System Jitter     (TSJ):    0.071ns
    Total Input Jitter      (TIJ):    0.356ns
    Discrete Jitter          (DJ):    0.000ns
    Phase Error              (PE):    0.000ns

    Location             Delay type                Incr(ns)  Path(ns)    Netlist Resource(s)
  -------------------------------------------------------------------    -------------------
                         (clock clk_fpga_0 rise edge)
                                                      0.000     0.000 r  
    PS7_X0Y0             PS7                          0.000     0.000 r  prometheus_pynq_z1_i/processing_system7_0/inst/PS7_i/FCLKCLK[0]
                         net (fo=1, routed)           1.193     1.193    prometheus_pynq_z1_i/processing_system7_0/inst/FCLK_CLK_unbuffered[0]
    BUFGCTRL_X0Y16       BUFG (Prop_bufg_I_O)         0.101     1.294 r  prometheus_pynq_z1_i/processing_system7_0/inst/buffer_fclk_clk_0.FCLK_CLK_0_BUFG/O
                         net (fo=63004, routed)       1.842     3.136    prometheus_pynq_z1_i/prometheus_soc_0/inst/u_prometheus_soc/grp_prometheus_soc_Pipeline_PROGRAM_LOOP_fu_62/grp_generate_exp_buffer_fu_3181/exp_stream_U/U_prometheus_soc_fifo_w132_d16_A_ram/ap_clk
    RAMB36_X4Y8          RAMB36E1                                     r  prometheus_pynq_z1_i/prometheus_soc_0/inst/u_prometheus_soc/grp_prometheus_soc_Pipeline_PROGRAM_LOOP_fu_62/grp_generate_exp_buffer_fu_3181/exp_stream_U/U_prometheus_soc_fifo_w132_d16_A_ram/mem_reg_1/CLKARDCLK
  -------------------------------------------------------------------    -------------------
    RAMB36_X4Y8          RAMB36E1 (Prop_ramb36e1_CLKARDCLK_DOADO[24])
                                                      2.454     5.590 r  prometheus_pynq_z1_i/prometheus_soc_0/inst/u_prometheus_soc/grp_prometheus_soc_Pipeline_PROGRAM_LOOP_fu_62/grp_generate_exp_buffer_fu_3181/exp_stream_U/U_prometheus_soc_fifo_w132_d16_A_ram/mem_reg_1/DOADO[24]
                         net (fo=129, routed)         8.493    14.083    prometheus_pynq_z1_i/prometheus_soc_0/inst/u_prometheus_soc/grp_prometheus_soc_Pipeline_PROGRAM_LOOP_fu_62/grp_generate_exp_buffer_fu_3181/cache_exp_stream_U0/mem_reg[96]
    SLICE_X16Y45         FDRE                                         r  prometheus_pynq_z1_i/prometheus_soc_0/inst/u_prometheus_soc/grp_prometheus_soc_Pipeline_PROGRAM_LOOP_fu_62/grp_generate_exp_buffer_fu_3181/cache_exp_stream_U0/exp_buf_3_8_reg_reg[0]/D
  -------------------------------------------------------------------    -------------------

                         (clock clk_fpga_0 rise edge)
                                                     11.875    11.875 r  
    PS7_X0Y0             PS7                          0.000    11.875 r  prometheus_pynq_z1_i/processing_system7_0/inst/PS7_i/FCLKCLK[0]
                         net (fo=1, routed)           1.088    12.963    prometheus_pynq_z1_i/processing_system7_0/inst/FCLK_CLK_unbuffered[0]
    BUFGCTRL_X0Y16       BUFG (Prop_bufg_I_O)         0.091    13.054 r  prometheus_pynq_z1_i/processing_system7_0/inst/buffer_fclk_clk_0.FCLK_CLK_0_BUFG/O
                         net (fo=63004, routed)       1.580    14.634    prometheus_pynq_z1_i/prometheus_soc_0/inst/u_prometheus_soc/grp_prometheus_soc_Pipeline_PROGRAM_LOOP_fu_62/grp_generate_exp_buffer_fu_3181/cache_exp_stream_U0/ap_clk
    SLICE_X16Y45         FDRE                                         r  prometheus_pynq_z1_i/prometheus_soc_0/inst/u_prometheus_soc/grp_prometheus_soc_Pipeline_PROGRAM_LOOP_fu_62/grp_generate_exp_buffer_fu_3181/cache_exp_stream_U0/exp_buf_3_8_reg_reg[0]/C
                         clock pessimism              0.129    14.763    
                         clock uncertainty           -0.181    14.582    
    SLICE_X16Y45         FDRE (Setup_fdre_C_D)       -0.031    14.551    prometheus_pynq_z1_i/prometheus_soc_0/inst/u_prometheus_soc/grp_prometheus_soc_Pipeline_PROGRAM_LOOP_fu_62/grp_generate_exp_buffer_fu_3181/cache_exp_stream_U0/exp_buf_3_8_reg_reg[0]
  -------------------------------------------------------------------
                         required time                         14.551    
                         arrival time                         -14.083    
  -------------------------------------------------------------------
                         slack                                  0.467    

Slack (MET) :             0.472ns  (required time - arrival time)
  Source:                 prometheus_pynq_z1_i/prometheus_soc_0/inst/u_prometheus_soc/grp_prometheus_soc_Pipeline_PROGRAM_LOOP_fu_62/grp_generate_exp_buffer_fu_3181/exp_stream_U/U_prometheus_soc_fifo_w132_d16_A_ram/mem_reg_1/CLKARDCLK
                            (rising edge-triggered cell RAMB36E1 clocked by clk_fpga_0  {rise@0.000ns fall@5.938ns period=11.875ns})
  Destination:            prometheus_pynq_z1_i/prometheus_soc_0/inst/u_prometheus_soc/grp_prometheus_soc_Pipeline_PROGRAM_LOOP_fu_62/exp_buf_137_fu_814_reg[22]/D
                            (rising edge-triggered cell FDRE clocked by clk_fpga_0  {rise@0.000ns fall@5.938ns period=11.875ns})
  Path Group:             clk_fpga_0
  Path Type:              Setup (Max at Slow Process Corner)
  Requirement:            11.875ns  (clk_fpga_0 rise@11.875ns - clk_fpga_0 rise@0.000ns)
  Data Path Delay:        11.077ns  (logic 2.578ns (23.273%)  route 8.499ns (76.727%))
  Logic Levels:           1  (LUT6=1)
  Clock Path Skew:        -0.175ns (DCD - SCD + CPR)
    Destination Clock Delay (DCD):    2.832ns = ( 14.707 - 11.875 ) 
    Source Clock Delay      (SCD):    3.136ns
    Clock Pessimism Removal (CPR):    0.129ns
  Clock Uncertainty:      0.181ns  ((TSJ^2 + TIJ^2)^1/2 + DJ) / 2 + PE
    Total System Jitter     (TSJ):    0.071ns
    Total Input Jitter      (TIJ):    0.356ns
    Discrete Jitter          (DJ):    0.000ns
    Phase Error              (PE):    0.000ns

    Location             Delay type                Incr(ns)  Path(ns)    Netlist Resource(s)
  -------------------------------------------------------------------    -------------------
                         (clock clk_fpga_0 rise edge)
                                                      0.000     0.000 r  
    PS7_X0Y0             PS7                          0.000     0.000 r  prometheus_pynq_z1_i/processing_system7_0/inst/PS7_i/FCLKCLK[0]
                         net (fo=1, routed)           1.193     1.193    prometheus_pynq_z1_i/processing_system7_0/inst/FCLK_CLK_unbuffered[0]
    BUFGCTRL_X0Y16       BUFG (Prop_bufg_I_O)         0.101     1.294 r  prometheus_pynq_z1_i/processing_system7_0/inst/buffer_fclk_clk_0.FCLK_CLK_0_BUFG/O
                         net (fo=63004, routed)       1.842     3.136    prometheus_pynq_z1_i/prometheus_soc_0/inst/u_prometheus_soc/grp_prometheus_soc_Pipeline_PROGRAM_LOOP_fu_62/grp_generate_exp_buffer_fu_3181/exp_stream_U/U_prometheus_soc_fifo_w132_d16_A_ram/ap_clk
    RAMB36_X4Y8          RAMB36E1                                     r  prometheus_pynq_z1_i/prometheus_soc_0/inst/u_prometheus_soc/grp_prometheus_soc_Pipeline_PROGRAM_LOOP_fu_62/grp_generate_exp_buffer_fu_3181/exp_stream_U/U_prometheus_soc_fifo_w132_d16_A_ram/mem_reg_1/CLKARDCLK
  -------------------------------------------------------------------    -------------------
    RAMB36_X4Y8          RAMB36E1 (Prop_ramb36e1_CLKARDCLK_DOADO[14])
                                                      2.454     5.590 r  prometheus_pynq_z1_i/prometheus_soc_0/inst/u_prometheus_soc/grp_prometheus_soc_Pipeline_PROGRAM_LOOP_fu_62/grp_generate_exp_buffer_fu_3181/exp_stream_U/U_prometheus_soc_fifo_w132_d16_A_ram/mem_reg_1/DOADO[14]
                         net (fo=130, routed)         8.499    14.090    prometheus_pynq_z1_i/prometheus_soc_0/inst/u_prometheus_soc/grp_prometheus_soc_Pipeline_PROGRAM_LOOP_fu_62/grp_generate_exp_buffer_fu_3181/exp_stream_U/U_prometheus_soc_fifo_w132_d16_A_ram/mem_reg[86]
    SLICE_X1Y15          LUT6 (Prop_lut6_I0_O)        0.124    14.214 r  prometheus_pynq_z1_i/prometheus_soc_0/inst/u_prometheus_soc/grp_prometheus_soc_Pipeline_PROGRAM_LOOP_fu_62/grp_generate_exp_buffer_fu_3181/exp_stream_U/U_prometheus_soc_fifo_w132_d16_A_ram/exp_buf_137_fu_814[22]_i_1/O
                         net (fo=1, routed)           0.000    14.214    prometheus_pynq_z1_i/prometheus_soc_0/inst/u_prometheus_soc/grp_prometheus_soc_Pipeline_PROGRAM_LOOP_fu_62/grp_generate_exp_buffer_fu_3181_exp_buf_2_9[22]
    SLICE_X1Y15          FDRE                                         r  prometheus_pynq_z1_i/prometheus_soc_0/inst/u_prometheus_soc/grp_prometheus_soc_Pipeline_PROGRAM_LOOP_fu_62/exp_buf_137_fu_814_reg[22]/D
  -------------------------------------------------------------------    -------------------

                         (clock clk_fpga_0 rise edge)
                                                     11.875    11.875 r  
    PS7_X0Y0             PS7                          0.000    11.875 r  prometheus_pynq_z1_i/processing_system7_0/inst/PS7_i/FCLKCLK[0]
                         net (fo=1, routed)           1.088    12.963    prometheus_pynq_z1_i/processing_system7_0/inst/FCLK_CLK_unbuffered[0]
    BUFGCTRL_X0Y16       BUFG (Prop_bufg_I_O)         0.091    13.054 r  prometheus_pynq_z1_i/processing_system7_0/inst/buffer_fclk_clk_0.FCLK_CLK_0_BUFG/O
                         net (fo=63004, routed)       1.653    14.707    prometheus_pynq_z1_i/prometheus_soc_0/inst/u_prometheus_soc/grp_prometheus_soc_Pipeline_PROGRAM_LOOP_fu_62/ap_clk
    SLICE_X1Y15          FDRE                                         r  prometheus_pynq_z1_i/prometheus_soc_0/inst/u_prometheus_soc/grp_prometheus_soc_Pipeline_PROGRAM_LOOP_fu_62/exp_buf_137_fu_814_reg[22]/C
                         clock pessimism              0.129    14.836    
                         clock uncertainty           -0.181    14.655    
    SLICE_X1Y15          FDRE (Setup_fdre_C_D)        0.031    14.686    prometheus_pynq_z1_i/prometheus_soc_0/inst/u_prometheus_soc/grp_prometheus_soc_Pipeline_PROGRAM_LOOP_fu_62/exp_buf_137_fu_814_reg[22]
  -------------------------------------------------------------------
                         required time                         14.686    
                         arrival time                         -14.214    
  -------------------------------------------------------------------
                         slack                                  0.472    

Slack (MET) :             0.491ns  (required time - arrival time)
  Source:                 prometheus_pynq_z1_i/prometheus_soc_0/inst/u_prometheus_soc/grp_prometheus_soc_Pipeline_PROGRAM_LOOP_fu_62/grp_generate_exp_buffer_fu_3181/exp_stream_U/U_prometheus_soc_fifo_w132_d16_A_ram/mem_reg_0/CLKARDCLK
                            (rising edge-triggered cell RAMB36E1 clocked by clk_fpga_0  {rise@0.000ns fall@5.938ns period=11.875ns})
  Destination:            prometheus_pynq_z1_i/prometheus_soc_0/inst/u_prometheus_soc/grp_prometheus_soc_Pipeline_PROGRAM_LOOP_fu_62/exp_buf_128_fu_850_reg[2]/D
                            (rising edge-triggered cell FDRE clocked by clk_fpga_0  {rise@0.000ns fall@5.938ns period=11.875ns})
  Path Group:             clk_fpga_0
  Path Type:              Setup (Max at Slow Process Corner)
  Requirement:            11.875ns  (clk_fpga_0 rise@11.875ns - clk_fpga_0 rise@0.000ns)
  Data Path Delay:        11.036ns  (logic 2.578ns (23.359%)  route 8.458ns (76.641%))
  Logic Levels:           1  (LUT6=1)
  Clock Path Skew:        -0.245ns (DCD - SCD + CPR)
    Destination Clock Delay (DCD):    2.760ns = ( 14.635 - 11.875 ) 
    Source Clock Delay      (SCD):    3.120ns
    Clock Pessimism Removal (CPR):    0.115ns
  Clock Uncertainty:      0.181ns  ((TSJ^2 + TIJ^2)^1/2 + DJ) / 2 + PE
    Total System Jitter     (TSJ):    0.071ns
    Total Input Jitter      (TIJ):    0.356ns
    Discrete Jitter          (DJ):    0.000ns
    Phase Error              (PE):    0.000ns

    Location             Delay type                Incr(ns)  Path(ns)    Netlist Resource(s)
  -------------------------------------------------------------------    -------------------
                         (clock clk_fpga_0 rise edge)
                                                      0.000     0.000 r  
    PS7_X0Y0             PS7                          0.000     0.000 r  prometheus_pynq_z1_i/processing_system7_0/inst/PS7_i/FCLKCLK[0]
                         net (fo=1, routed)           1.193     1.193    prometheus_pynq_z1_i/processing_system7_0/inst/FCLK_CLK_unbuffered[0]
    BUFGCTRL_X0Y16       BUFG (Prop_bufg_I_O)         0.101     1.294 r  prometheus_pynq_z1_i/processing_system7_0/inst/buffer_fclk_clk_0.FCLK_CLK_0_BUFG/O
                         net (fo=63004, routed)       1.826     3.120    prometheus_pynq_z1_i/prometheus_soc_0/inst/u_prometheus_soc/grp_prometheus_soc_Pipeline_PROGRAM_LOOP_fu_62/grp_generate_exp_buffer_fu_3181/exp_stream_U/U_prometheus_soc_fifo_w132_d16_A_ram/ap_clk
    RAMB36_X5Y11         RAMB36E1                                     r  prometheus_pynq_z1_i/prometheus_soc_0/inst/u_prometheus_soc/grp_prometheus_soc_Pipeline_PROGRAM_LOOP_fu_62/grp_generate_exp_buffer_fu_3181/exp_stream_U/U_prometheus_soc_fifo_w132_d16_A_ram/mem_reg_0/CLKARDCLK
  -------------------------------------------------------------------    -------------------
    RAMB36_X5Y11         RAMB36E1 (Prop_ramb36e1_CLKARDCLK_DOPADOP[2])
                                                      2.454     5.574 r  prometheus_pynq_z1_i/prometheus_soc_0/inst/u_prometheus_soc/grp_prometheus_soc_Pipeline_PROGRAM_LOOP_fu_62/grp_generate_exp_buffer_fu_3181/exp_stream_U/U_prometheus_soc_fifo_w132_d16_A_ram/mem_reg_0/DOPADOP[2]
                         net (fo=130, routed)         8.458    14.033    prometheus_pynq_z1_i/prometheus_soc_0/inst/u_prometheus_soc/grp_prometheus_soc_Pipeline_PROGRAM_LOOP_fu_62/grp_generate_exp_buffer_fu_3181/cache_exp_stream_U0/grp_cache_exp_stream_Pipeline_cache_exp_loop_fu_575/mem_reg[66]
    SLICE_X10Y6          LUT6 (Prop_lut6_I5_O)        0.124    14.157 r  prometheus_pynq_z1_i/prometheus_soc_0/inst/u_prometheus_soc/grp_prometheus_soc_Pipeline_PROGRAM_LOOP_fu_62/grp_generate_exp_buffer_fu_3181/cache_exp_stream_U0/grp_cache_exp_stream_Pipeline_cache_exp_loop_fu_575/exp_buf_128_fu_850[2]_i_1/O
                         net (fo=1, routed)           0.000    14.157    prometheus_pynq_z1_i/prometheus_soc_0/inst/u_prometheus_soc/grp_prometheus_soc_Pipeline_PROGRAM_LOOP_fu_62/grp_generate_exp_buffer_fu_3181_exp_buf_2_0[2]
    SLICE_X10Y6          FDRE                                         r  prometheus_pynq_z1_i/prometheus_soc_0/inst/u_prometheus_soc/grp_prometheus_soc_Pipeline_PROGRAM_LOOP_fu_62/exp_buf_128_fu_850_reg[2]/D
  -------------------------------------------------------------------    -------------------

                         (clock clk_fpga_0 rise edge)
                                                     11.875    11.875 r  
    PS7_X0Y0             PS7                          0.000    11.875 r  prometheus_pynq_z1_i/processing_system7_0/inst/PS7_i/FCLKCLK[0]
                         net (fo=1, routed)           1.088    12.963    prometheus_pynq_z1_i/processing_system7_0/inst/FCLK_CLK_unbuffered[0]
    BUFGCTRL_X0Y16       BUFG (Prop_bufg_I_O)         0.091    13.054 r  prometheus_pynq_z1_i/processing_system7_0/inst/buffer_fclk_clk_0.FCLK_CLK_0_BUFG/O
                         net (fo=63004, routed)       1.581    14.635    prometheus_pynq_z1_i/prometheus_soc_0/inst/u_prometheus_soc/grp_prometheus_soc_Pipeline_PROGRAM_LOOP_fu_62/ap_clk
    SLICE_X10Y6          FDRE                                         r  prometheus_pynq_z1_i/prometheus_soc_0/inst/u_prometheus_soc/grp_prometheus_soc_Pipeline_PROGRAM_LOOP_fu_62/exp_buf_128_fu_850_reg[2]/C
                         clock pessimism              0.115    14.750    
                         clock uncertainty           -0.181    14.569    
    SLICE_X10Y6          FDRE (Setup_fdre_C_D)        0.079    14.648    prometheus_pynq_z1_i/prometheus_soc_0/inst/u_prometheus_soc/grp_prometheus_soc_Pipeline_PROGRAM_LOOP_fu_62/exp_buf_128_fu_850_reg[2]
  -------------------------------------------------------------------
                         required time                         14.648    
                         arrival time                         -14.157    
  -------------------------------------------------------------------
                         slack                                  0.491    

Slack (MET) :             0.498ns  (required time - arrival time)
  Source:                 prometheus_pynq_z1_i/prometheus_soc_0/inst/u_prometheus_soc/grp_prometheus_soc_Pipeline_PROGRAM_LOOP_fu_62/grp_generate_exp_buffer_fu_3181/exp_stream_U/U_prometheus_soc_fifo_w132_d16_A_ram/mem_reg_1/CLKARDCLK
                            (rising edge-triggered cell RAMB36E1 clocked by clk_fpga_0  {rise@0.000ns fall@5.938ns period=11.875ns})
  Destination:            prometheus_pynq_z1_i/prometheus_soc_0/inst/u_prometheus_soc/grp_prometheus_soc_Pipeline_PROGRAM_LOOP_fu_62/exp_buf_137_fu_814_reg[31]/D
                            (rising edge-triggered cell FDRE clocked by clk_fpga_0  {rise@0.000ns fall@5.938ns period=11.875ns})
  Path Group:             clk_fpga_0
  Path Type:              Setup (Max at Slow Process Corner)
  Requirement:            11.875ns  (clk_fpga_0 rise@11.875ns - clk_fpga_0 rise@0.000ns)
  Data Path Delay:        11.053ns  (logic 2.578ns (23.325%)  route 8.475ns (76.675%))
  Logic Levels:           1  (LUT6=1)
  Clock Path Skew:        -0.175ns (DCD - SCD + CPR)
    Destination Clock Delay (DCD):    2.832ns = ( 14.707 - 11.875 ) 
    Source Clock Delay      (SCD):    3.136ns
    Clock Pessimism Removal (CPR):    0.129ns
  Clock Uncertainty:      0.181ns  ((TSJ^2 + TIJ^2)^1/2 + DJ) / 2 + PE
    Total System Jitter     (TSJ):    0.071ns
    Total Input Jitter      (TIJ):    0.356ns
    Discrete Jitter          (DJ):    0.000ns
    Phase Error              (PE):    0.000ns

    Location             Delay type                Incr(ns)  Path(ns)    Netlist Resource(s)
  -------------------------------------------------------------------    -------------------
                         (clock clk_fpga_0 rise edge)
                                                      0.000     0.000 r  
    PS7_X0Y0             PS7                          0.000     0.000 r  prometheus_pynq_z1_i/processing_system7_0/inst/PS7_i/FCLKCLK[0]
                         net (fo=1, routed)           1.193     1.193    prometheus_pynq_z1_i/processing_system7_0/inst/FCLK_CLK_unbuffered[0]
    BUFGCTRL_X0Y16       BUFG (Prop_bufg_I_O)         0.101     1.294 r  prometheus_pynq_z1_i/processing_system7_0/inst/buffer_fclk_clk_0.FCLK_CLK_0_BUFG/O
                         net (fo=63004, routed)       1.842     3.136    prometheus_pynq_z1_i/prometheus_soc_0/inst/u_prometheus_soc/grp_prometheus_soc_Pipeline_PROGRAM_LOOP_fu_62/grp_generate_exp_buffer_fu_3181/exp_stream_U/U_prometheus_soc_fifo_w132_d16_A_ram/ap_clk
    RAMB36_X4Y8          RAMB36E1                                     r  prometheus_pynq_z1_i/prometheus_soc_0/inst/u_prometheus_soc/grp_prometheus_soc_Pipeline_PROGRAM_LOOP_fu_62/grp_generate_exp_buffer_fu_3181/exp_stream_U/U_prometheus_soc_fifo_w132_d16_A_ram/mem_reg_1/CLKARDCLK
  -------------------------------------------------------------------    -------------------
    RAMB36_X4Y8          RAMB36E1 (Prop_ramb36e1_CLKARDCLK_DOADO[23])
                                                      2.454     5.590 r  prometheus_pynq_z1_i/prometheus_soc_0/inst/u_prometheus_soc/grp_prometheus_soc_Pipeline_PROGRAM_LOOP_fu_62/grp_generate_exp_buffer_fu_3181/exp_stream_U/U_prometheus_soc_fifo_w132_d16_A_ram/mem_reg_1/DOADO[23]
                         net (fo=130, routed)         8.475    14.065    prometheus_pynq_z1_i/prometheus_soc_0/inst/u_prometheus_soc/grp_prometheus_soc_Pipeline_PROGRAM_LOOP_fu_62/grp_generate_exp_buffer_fu_3181/exp_stream_U/U_prometheus_soc_fifo_w132_d16_A_ram/mem_reg[95]
    SLICE_X1Y15          LUT6 (Prop_lut6_I0_O)        0.124    14.189 r  prometheus_pynq_z1_i/prometheus_soc_0/inst/u_prometheus_soc/grp_prometheus_soc_Pipeline_PROGRAM_LOOP_fu_62/grp_generate_exp_buffer_fu_3181/exp_stream_U/U_prometheus_soc_fifo_w132_d16_A_ram/exp_buf_137_fu_814[31]_i_2/O
                         net (fo=1, routed)           0.000    14.189    prometheus_pynq_z1_i/prometheus_soc_0/inst/u_prometheus_soc/grp_prometheus_soc_Pipeline_PROGRAM_LOOP_fu_62/grp_generate_exp_buffer_fu_3181_exp_buf_2_9[31]
    SLICE_X1Y15          FDRE                                         r  prometheus_pynq_z1_i/prometheus_soc_0/inst/u_prometheus_soc/grp_prometheus_soc_Pipeline_PROGRAM_LOOP_fu_62/exp_buf_137_fu_814_reg[31]/D
  -------------------------------------------------------------------    -------------------

                         (clock clk_fpga_0 rise edge)
                                                     11.875    11.875 r  
    PS7_X0Y0             PS7                          0.000    11.875 r  prometheus_pynq_z1_i/processing_system7_0/inst/PS7_i/FCLKCLK[0]
                         net (fo=1, routed)           1.088    12.963    prometheus_pynq_z1_i/processing_system7_0/inst/FCLK_CLK_unbuffered[0]
    BUFGCTRL_X0Y16       BUFG (Prop_bufg_I_O)         0.091    13.054 r  prometheus_pynq_z1_i/processing_system7_0/inst/buffer_fclk_clk_0.FCLK_CLK_0_BUFG/O
                         net (fo=63004, routed)       1.653    14.707    prometheus_pynq_z1_i/prometheus_soc_0/inst/u_prometheus_soc/grp_prometheus_soc_Pipeline_PROGRAM_LOOP_fu_62/ap_clk
    SLICE_X1Y15          FDRE                                         r  prometheus_pynq_z1_i/prometheus_soc_0/inst/u_prometheus_soc/grp_prometheus_soc_Pipeline_PROGRAM_LOOP_fu_62/exp_buf_137_fu_814_reg[31]/C
                         clock pessimism              0.129    14.836    
                         clock uncertainty           -0.181    14.655    
    SLICE_X1Y15          FDRE (Setup_fdre_C_D)        0.032    14.687    prometheus_pynq_z1_i/prometheus_soc_0/inst/u_prometheus_soc/grp_prometheus_soc_Pipeline_PROGRAM_LOOP_fu_62/exp_buf_137_fu_814_reg[31]
  -------------------------------------------------------------------
                         required time                         14.687    
                         arrival time                         -14.189    
  -------------------------------------------------------------------
                         slack                                  0.498    

Slack (MET) :             0.499ns  (required time - arrival time)
  Source:                 prometheus_pynq_z1_i/prometheus_soc_0/inst/u_prometheus_soc/grp_prometheus_soc_Pipeline_PROGRAM_LOOP_fu_62/grp_generate_exp_buffer_fu_3181/exp_stream_U/U_prometheus_soc_fifo_w132_d16_A_ram/mem_reg_1/CLKARDCLK
                            (rising edge-triggered cell RAMB36E1 clocked by clk_fpga_0  {rise@0.000ns fall@5.938ns period=11.875ns})
  Destination:            prometheus_pynq_z1_i/prometheus_soc_0/inst/u_prometheus_soc/grp_prometheus_soc_Pipeline_PROGRAM_LOOP_fu_62/grp_generate_exp_buffer_fu_3181/cache_exp_stream_U0/exp_buf_2_9_reg_reg[22]/D
                            (rising edge-triggered cell FDRE clocked by clk_fpga_0  {rise@0.000ns fall@5.938ns period=11.875ns})
  Path Group:             clk_fpga_0
  Path Type:              Setup (Max at Slow Process Corner)
  Requirement:            11.875ns  (clk_fpga_0 rise@11.875ns - clk_fpga_0 rise@0.000ns)
  Data Path Delay:        10.974ns  (logic 2.454ns (22.361%)  route 8.520ns (77.639%))
  Logic Levels:           0  
  Clock Path Skew:        -0.175ns (DCD - SCD + CPR)
    Destination Clock Delay (DCD):    2.832ns = ( 14.707 - 11.875 ) 
    Source Clock Delay      (SCD):    3.136ns
    Clock Pessimism Removal (CPR):    0.129ns
  Clock Uncertainty:      0.181ns  ((TSJ^2 + TIJ^2)^1/2 + DJ) / 2 + PE
    Total System Jitter     (TSJ):    0.071ns
    Total Input Jitter      (TIJ):    0.356ns
    Discrete Jitter          (DJ):    0.000ns
    Phase Error              (PE):    0.000ns

    Location             Delay type                Incr(ns)  Path(ns)    Netlist Resource(s)
  -------------------------------------------------------------------    -------------------
                         (clock clk_fpga_0 rise edge)
                                                      0.000     0.000 r  
    PS7_X0Y0             PS7                          0.000     0.000 r  prometheus_pynq_z1_i/processing_system7_0/inst/PS7_i/FCLKCLK[0]
                         net (fo=1, routed)           1.193     1.193    prometheus_pynq_z1_i/processing_system7_0/inst/FCLK_CLK_unbuffered[0]
    BUFGCTRL_X0Y16       BUFG (Prop_bufg_I_O)         0.101     1.294 r  prometheus_pynq_z1_i/processing_system7_0/inst/buffer_fclk_clk_0.FCLK_CLK_0_BUFG/O
                         net (fo=63004, routed)       1.842     3.136    prometheus_pynq_z1_i/prometheus_soc_0/inst/u_prometheus_soc/grp_prometheus_soc_Pipeline_PROGRAM_LOOP_fu_62/grp_generate_exp_buffer_fu_3181/exp_stream_U/U_prometheus_soc_fifo_w132_d16_A_ram/ap_clk
    RAMB36_X4Y8          RAMB36E1                                     r  prometheus_pynq_z1_i/prometheus_soc_0/inst/u_prometheus_soc/grp_prometheus_soc_Pipeline_PROGRAM_LOOP_fu_62/grp_generate_exp_buffer_fu_3181/exp_stream_U/U_prometheus_soc_fifo_w132_d16_A_ram/mem_reg_1/CLKARDCLK
  -------------------------------------------------------------------    -------------------
    RAMB36_X4Y8          RAMB36E1 (Prop_ramb36e1_CLKARDCLK_DOADO[14])
                                                      2.454     5.590 r  prometheus_pynq_z1_i/prometheus_soc_0/inst/u_prometheus_soc/grp_prometheus_soc_Pipeline_PROGRAM_LOOP_fu_62/grp_generate_exp_buffer_fu_3181/exp_stream_U/U_prometheus_soc_fifo_w132_d16_A_ram/mem_reg_1/DOADO[14]
                         net (fo=130, routed)         8.520    14.111    prometheus_pynq_z1_i/prometheus_soc_0/inst/u_prometheus_soc/grp_prometheus_soc_Pipeline_PROGRAM_LOOP_fu_62/grp_generate_exp_buffer_fu_3181/cache_exp_stream_U0/mem_reg[86]
    SLICE_X0Y15          FDRE                                         r  prometheus_pynq_z1_i/prometheus_soc_0/inst/u_prometheus_soc/grp_prometheus_soc_Pipeline_PROGRAM_LOOP_fu_62/grp_generate_exp_buffer_fu_3181/cache_exp_stream_U0/exp_buf_2_9_reg_reg[22]/D
  -------------------------------------------------------------------    -------------------

                         (clock clk_fpga_0 rise edge)
                                                     11.875    11.875 r  
    PS7_X0Y0             PS7                          0.000    11.875 r  prometheus_pynq_z1_i/processing_system7_0/inst/PS7_i/FCLKCLK[0]
                         net (fo=1, routed)           1.088    12.963    prometheus_pynq_z1_i/processing_system7_0/inst/FCLK_CLK_unbuffered[0]
    BUFGCTRL_X0Y16       BUFG (Prop_bufg_I_O)         0.091    13.054 r  prometheus_pynq_z1_i/processing_system7_0/inst/buffer_fclk_clk_0.FCLK_CLK_0_BUFG/O
                         net (fo=63004, routed)       1.653    14.707    prometheus_pynq_z1_i/prometheus_soc_0/inst/u_prometheus_soc/grp_prometheus_soc_Pipeline_PROGRAM_LOOP_fu_62/grp_generate_exp_buffer_fu_3181/cache_exp_stream_U0/ap_clk
    SLICE_X0Y15          FDRE                                         r  prometheus_pynq_z1_i/prometheus_soc_0/inst/u_prometheus_soc/grp_prometheus_soc_Pipeline_PROGRAM_LOOP_fu_62/grp_generate_exp_buffer_fu_3181/cache_exp_stream_U0/exp_buf_2_9_reg_reg[22]/C
                         clock pessimism              0.129    14.836    
                         clock uncertainty           -0.181    14.655    
    SLICE_X0Y15          FDRE (Setup_fdre_C_D)       -0.045    14.610    prometheus_pynq_z1_i/prometheus_soc_0/inst/u_prometheus_soc/grp_prometheus_soc_Pipeline_PROGRAM_LOOP_fu_62/grp_generate_exp_buffer_fu_3181/cache_exp_stream_U0/exp_buf_2_9_reg_reg[22]
  -------------------------------------------------------------------
                         required time                         14.610    
                         arrival time                         -14.111    
  -------------------------------------------------------------------
                         slack                                  0.499    

Slack (MET) :             0.504ns  (required time - arrival time)
  Source:                 prometheus_pynq_z1_i/prometheus_soc_0/inst/u_prometheus_soc/grp_prometheus_soc_Pipeline_PROGRAM_LOOP_fu_62/grp_generate_exp_buffer_fu_3181/exp_stream_U/U_prometheus_soc_fifo_w132_d16_A_ram/mem_reg_1/CLKARDCLK
                            (rising edge-triggered cell RAMB36E1 clocked by clk_fpga_0  {rise@0.000ns fall@5.938ns period=11.875ns})
  Destination:            prometheus_pynq_z1_i/prometheus_soc_0/inst/u_prometheus_soc/grp_prometheus_soc_Pipeline_PROGRAM_LOOP_fu_62/exp_buf_130_fu_842_reg[22]/D
                            (rising edge-triggered cell FDRE clocked by clk_fpga_0  {rise@0.000ns fall@5.938ns period=11.875ns})
  Path Group:             clk_fpga_0
  Path Type:              Setup (Max at Slow Process Corner)
  Requirement:            11.875ns  (clk_fpga_0 rise@11.875ns - clk_fpga_0 rise@0.000ns)
  Data Path Delay:        11.094ns  (logic 2.578ns (23.239%)  route 8.516ns (76.761%))
  Logic Levels:           1  (LUT6=1)
  Clock Path Skew:        -0.173ns (DCD - SCD + CPR)
    Destination Clock Delay (DCD):    2.835ns = ( 14.710 - 11.875 ) 
    Source Clock Delay      (SCD):    3.136ns
    Clock Pessimism Removal (CPR):    0.129ns
  Clock Uncertainty:      0.181ns  ((TSJ^2 + TIJ^2)^1/2 + DJ) / 2 + PE
    Total System Jitter     (TSJ):    0.071ns
    Total Input Jitter      (TIJ):    0.356ns
    Discrete Jitter          (DJ):    0.000ns
    Phase Error              (PE):    0.000ns

    Location             Delay type                Incr(ns)  Path(ns)    Netlist Resource(s)
  -------------------------------------------------------------------    -------------------
                         (clock clk_fpga_0 rise edge)
                                                      0.000     0.000 r  
    PS7_X0Y0             PS7                          0.000     0.000 r  prometheus_pynq_z1_i/processing_system7_0/inst/PS7_i/FCLKCLK[0]
                         net (fo=1, routed)           1.193     1.193    prometheus_pynq_z1_i/processing_system7_0/inst/FCLK_CLK_unbuffered[0]
    BUFGCTRL_X0Y16       BUFG (Prop_bufg_I_O)         0.101     1.294 r  prometheus_pynq_z1_i/processing_system7_0/inst/buffer_fclk_clk_0.FCLK_CLK_0_BUFG/O
                         net (fo=63004, routed)       1.842     3.136    prometheus_pynq_z1_i/prometheus_soc_0/inst/u_prometheus_soc/grp_prometheus_soc_Pipeline_PROGRAM_LOOP_fu_62/grp_generate_exp_buffer_fu_3181/exp_stream_U/U_prometheus_soc_fifo_w132_d16_A_ram/ap_clk
    RAMB36_X4Y8          RAMB36E1                                     r  prometheus_pynq_z1_i/prometheus_soc_0/inst/u_prometheus_soc/grp_prometheus_soc_Pipeline_PROGRAM_LOOP_fu_62/grp_generate_exp_buffer_fu_3181/exp_stream_U/U_prometheus_soc_fifo_w132_d16_A_ram/mem_reg_1/CLKARDCLK
  -------------------------------------------------------------------    -------------------
    RAMB36_X4Y8          RAMB36E1 (Prop_ramb36e1_CLKARDCLK_DOADO[14])
                                                      2.454     5.590 r  prometheus_pynq_z1_i/prometheus_soc_0/inst/u_prometheus_soc/grp_prometheus_soc_Pipeline_PROGRAM_LOOP_fu_62/grp_generate_exp_buffer_fu_3181/exp_stream_U/U_prometheus_soc_fifo_w132_d16_A_ram/mem_reg_1/DOADO[14]
                         net (fo=130, routed)         8.516    14.106    prometheus_pynq_z1_i/prometheus_soc_0/inst/u_prometheus_soc/grp_prometheus_soc_Pipeline_PROGRAM_LOOP_fu_62/grp_generate_exp_buffer_fu_3181/exp_stream_U/U_prometheus_soc_fifo_w132_d16_A_ram/mem_reg[86]
    SLICE_X2Y12          LUT6 (Prop_lut6_I0_O)        0.124    14.230 r  prometheus_pynq_z1_i/prometheus_soc_0/inst/u_prometheus_soc/grp_prometheus_soc_Pipeline_PROGRAM_LOOP_fu_62/grp_generate_exp_buffer_fu_3181/exp_stream_U/U_prometheus_soc_fifo_w132_d16_A_ram/exp_buf_130_fu_842[22]_i_1/O
                         net (fo=1, routed)           0.000    14.230    prometheus_pynq_z1_i/prometheus_soc_0/inst/u_prometheus_soc/grp_prometheus_soc_Pipeline_PROGRAM_LOOP_fu_62/grp_generate_exp_buffer_fu_3181_exp_buf_2_2[22]
    SLICE_X2Y12          FDRE                                         r  prometheus_pynq_z1_i/prometheus_soc_0/inst/u_prometheus_soc/grp_prometheus_soc_Pipeline_PROGRAM_LOOP_fu_62/exp_buf_130_fu_842_reg[22]/D
  -------------------------------------------------------------------    -------------------

                         (clock clk_fpga_0 rise edge)
                                                     11.875    11.875 r  
    PS7_X0Y0             PS7                          0.000    11.875 r  prometheus_pynq_z1_i/processing_system7_0/inst/PS7_i/FCLKCLK[0]
                         net (fo=1, routed)           1.088    12.963    prometheus_pynq_z1_i/processing_system7_0/inst/FCLK_CLK_unbuffered[0]
    BUFGCTRL_X0Y16       BUFG (Prop_bufg_I_O)         0.091    13.054 r  prometheus_pynq_z1_i/processing_system7_0/inst/buffer_fclk_clk_0.FCLK_CLK_0_BUFG/O
                         net (fo=63004, routed)       1.655    14.710    prometheus_pynq_z1_i/prometheus_soc_0/inst/u_prometheus_soc/grp_prometheus_soc_Pipeline_PROGRAM_LOOP_fu_62/ap_clk
    SLICE_X2Y12          FDRE                                         r  prometheus_pynq_z1_i/prometheus_soc_0/inst/u_prometheus_soc/grp_prometheus_soc_Pipeline_PROGRAM_LOOP_fu_62/exp_buf_130_fu_842_reg[22]/C
                         clock pessimism              0.129    14.838    
                         clock uncertainty           -0.181    14.657    
    SLICE_X2Y12          FDRE (Setup_fdre_C_D)        0.077    14.734    prometheus_pynq_z1_i/prometheus_soc_0/inst/u_prometheus_soc/grp_prometheus_soc_Pipeline_PROGRAM_LOOP_fu_62/exp_buf_130_fu_842_reg[22]
  -------------------------------------------------------------------
                         required time                         14.734    
                         arrival time                         -14.230    
  -------------------------------------------------------------------
                         slack                                  0.504    

Slack (MET) :             0.520ns  (required time - arrival time)
  Source:                 prometheus_pynq_z1_i/prometheus_soc_0/inst/u_prometheus_soc/grp_prometheus_soc_Pipeline_PROGRAM_LOOP_fu_62/grp_generate_exp_buffer_fu_3181/exp_stream_U/U_prometheus_soc_fifo_w132_d16_A_ram/mem_reg_0/CLKARDCLK
                            (rising edge-triggered cell RAMB36E1 clocked by clk_fpga_0  {rise@0.000ns fall@5.938ns period=11.875ns})
  Destination:            prometheus_pynq_z1_i/prometheus_soc_0/inst/u_prometheus_soc/grp_prometheus_soc_Pipeline_PROGRAM_LOOP_fu_62/grp_generate_exp_buffer_fu_3181/cache_exp_stream_U0/grp_cache_exp_stream_Pipeline_cache_exp_loop_fu_575/add_ln286_reg_3544_reg[32]/D
                            (rising edge-triggered cell FDRE clocked by clk_fpga_0  {rise@0.000ns fall@5.938ns period=11.875ns})
  Path Group:             clk_fpga_0
  Path Type:              Setup (Max at Slow Process Corner)
  Requirement:            11.875ns  (clk_fpga_0 rise@11.875ns - clk_fpga_0 rise@0.000ns)
  Data Path Delay:        10.951ns  (logic 4.065ns (37.120%)  route 6.886ns (62.880%))
  Logic Levels:           9  (CARRY4=8 LUT4=1)
  Clock Path Skew:        -0.268ns (DCD - SCD + CPR)
    Destination Clock Delay (DCD):    2.737ns = ( 14.612 - 11.875 ) 
    Source Clock Delay      (SCD):    3.120ns
    Clock Pessimism Removal (CPR):    0.115ns
  Clock Uncertainty:      0.181ns  ((TSJ^2 + TIJ^2)^1/2 + DJ) / 2 + PE
    Total System Jitter     (TSJ):    0.071ns
    Total Input Jitter      (TIJ):    0.356ns
    Discrete Jitter          (DJ):    0.000ns
    Phase Error              (PE):    0.000ns

    Location             Delay type                Incr(ns)  Path(ns)    Netlist Resource(s)
  -------------------------------------------------------------------    -------------------
                         (clock clk_fpga_0 rise edge)
                                                      0.000     0.000 r  
    PS7_X0Y0             PS7                          0.000     0.000 r  prometheus_pynq_z1_i/processing_system7_0/inst/PS7_i/FCLKCLK[0]
                         net (fo=1, routed)           1.193     1.193    prometheus_pynq_z1_i/processing_system7_0/inst/FCLK_CLK_unbuffered[0]
    BUFGCTRL_X0Y16       BUFG (Prop_bufg_I_O)         0.101     1.294 r  prometheus_pynq_z1_i/processing_system7_0/inst/buffer_fclk_clk_0.FCLK_CLK_0_BUFG/O
                         net (fo=63004, routed)       1.826     3.120    prometheus_pynq_z1_i/prometheus_soc_0/inst/u_prometheus_soc/grp_prometheus_soc_Pipeline_PROGRAM_LOOP_fu_62/grp_generate_exp_buffer_fu_3181/exp_stream_U/U_prometheus_soc_fifo_w132_d16_A_ram/ap_clk
    RAMB36_X5Y11         RAMB36E1                                     r  prometheus_pynq_z1_i/prometheus_soc_0/inst/u_prometheus_soc/grp_prometheus_soc_Pipeline_PROGRAM_LOOP_fu_62/grp_generate_exp_buffer_fu_3181/exp_stream_U/U_prometheus_soc_fifo_w132_d16_A_ram/mem_reg_0/CLKARDCLK
  -------------------------------------------------------------------    -------------------
    RAMB36_X5Y11         RAMB36E1 (Prop_ramb36e1_CLKARDCLK_DOBDO[4])
                                                      2.454     5.574 r  prometheus_pynq_z1_i/prometheus_soc_0/inst/u_prometheus_soc/grp_prometheus_soc_Pipeline_PROGRAM_LOOP_fu_62/grp_generate_exp_buffer_fu_3181/exp_stream_U/U_prometheus_soc_fifo_w132_d16_A_ram/mem_reg_0/DOBDO[4]
                         net (fo=129, routed)         6.886    12.461    prometheus_pynq_z1_i/prometheus_soc_0/inst/u_prometheus_soc/grp_prometheus_soc_Pipeline_PROGRAM_LOOP_fu_62/grp_generate_exp_buffer_fu_3181/exp_stream_U/U_prometheus_soc_fifo_w132_d16_A_ram/mem_reg[36]
    SLICE_X73Y35         LUT4 (Prop_lut4_I2_O)        0.124    12.585 r  prometheus_pynq_z1_i/prometheus_soc_0/inst/u_prometheus_soc/grp_prometheus_soc_Pipeline_PROGRAM_LOOP_fu_62/grp_generate_exp_buffer_fu_3181/exp_stream_U/U_prometheus_soc_fifo_w132_d16_A_ram/add_ln286_reg_3544[7]_i_9/O
                         net (fo=1, routed)           0.000    12.585    prometheus_pynq_z1_i/prometheus_soc_0/inst/u_prometheus_soc/grp_prometheus_soc_Pipeline_PROGRAM_LOOP_fu_62/grp_generate_exp_buffer_fu_3181/exp_stream_U/U_prometheus_soc_fifo_w132_d16_A_ram/add_ln286_reg_3544[7]_i_9_n_0
    SLICE_X73Y35         CARRY4 (Prop_carry4_S[0]_CO[3])
                                                      0.532    13.117 r  prometheus_pynq_z1_i/prometheus_soc_0/inst/u_prometheus_soc/grp_prometheus_soc_Pipeline_PROGRAM_LOOP_fu_62/grp_generate_exp_buffer_fu_3181/exp_stream_U/U_prometheus_soc_fifo_w132_d16_A_ram/add_ln286_reg_3544_reg[7]_i_1/CO[3]
                         net (fo=1, routed)           0.000    13.117    prometheus_pynq_z1_i/prometheus_soc_0/inst/u_prometheus_soc/grp_prometheus_soc_Pipeline_PROGRAM_LOOP_fu_62/grp_generate_exp_buffer_fu_3181/exp_stream_U/U_prometheus_soc_fifo_w132_d16_A_ram/add_ln286_reg_3544_reg[7]_i_1_n_0
    SLICE_X73Y36         CARRY4 (Prop_carry4_CI_CO[3])
                                                      0.114    13.231 r  prometheus_pynq_z1_i/prometheus_soc_0/inst/u_prometheus_soc/grp_prometheus_soc_Pipeline_PROGRAM_LOOP_fu_62/grp_generate_exp_buffer_fu_3181/exp_stream_U/U_prometheus_soc_fifo_w132_d16_A_ram/add_ln286_reg_3544_reg[11]_i_1/CO[3]
                         net (fo=1, routed)           0.000    13.231    prometheus_pynq_z1_i/prometheus_soc_0/inst/u_prometheus_soc/grp_prometheus_soc_Pipeline_PROGRAM_LOOP_fu_62/grp_generate_exp_buffer_fu_3181/exp_stream_U/U_prometheus_soc_fifo_w132_d16_A_ram/add_ln286_reg_3544_reg[11]_i_1_n_0
    SLICE_X73Y37         CARRY4 (Prop_carry4_CI_CO[3])
                                                      0.114    13.345 r  prometheus_pynq_z1_i/prometheus_soc_0/inst/u_prometheus_soc/grp_prometheus_soc_Pipeline_PROGRAM_LOOP_fu_62/grp_generate_exp_buffer_fu_3181/exp_stream_U/U_prometheus_soc_fifo_w132_d16_A_ram/add_ln286_reg_3544_reg[15]_i_1/CO[3]
                         net (fo=1, routed)           0.000    13.345    prometheus_pynq_z1_i/prometheus_soc_0/inst/u_prometheus_soc/grp_prometheus_soc_Pipeline_PROGRAM_LOOP_fu_62/grp_generate_exp_buffer_fu_3181/exp_stream_U/U_prometheus_soc_fifo_w132_d16_A_ram/add_ln286_reg_3544_reg[15]_i_1_n_0
    SLICE_X73Y38         CARRY4 (Prop_carry4_CI_CO[3])
                                                      0.114    13.459 r  prometheus_pynq_z1_i/prometheus_soc_0/inst/u_prometheus_soc/grp_prometheus_soc_Pipeline_PROGRAM_LOOP_fu_62/grp_generate_exp_buffer_fu_3181/exp_stream_U/U_prometheus_soc_fifo_w132_d16_A_ram/add_ln286_reg_3544_reg[19]_i_1/CO[3]
                         net (fo=1, routed)           0.000    13.459    prometheus_pynq_z1_i/prometheus_soc_0/inst/u_prometheus_soc/grp_prometheus_soc_Pipeline_PROGRAM_LOOP_fu_62/grp_generate_exp_buffer_fu_3181/exp_stream_U/U_prometheus_soc_fifo_w132_d16_A_ram/add_ln286_reg_3544_reg[19]_i_1_n_0
    SLICE_X73Y39         CARRY4 (Prop_carry4_CI_CO[3])
                                                      0.114    13.573 r  prometheus_pynq_z1_i/prometheus_soc_0/inst/u_prometheus_soc/grp_prometheus_soc_Pipeline_PROGRAM_LOOP_fu_62/grp_generate_exp_buffer_fu_3181/exp_stream_U/U_prometheus_soc_fifo_w132_d16_A_ram/add_ln286_reg_3544_reg[23]_i_1/CO[3]
                         net (fo=1, routed)           0.000    13.573    prometheus_pynq_z1_i/prometheus_soc_0/inst/u_prometheus_soc/grp_prometheus_soc_Pipeline_PROGRAM_LOOP_fu_62/grp_generate_exp_buffer_fu_3181/exp_stream_U/U_prometheus_soc_fifo_w132_d16_A_ram/add_ln286_reg_3544_reg[23]_i_1_n_0
    SLICE_X73Y40         CARRY4 (Prop_carry4_CI_CO[3])
                                                      0.114    13.687 r  prometheus_pynq_z1_i/prometheus_soc_0/inst/u_prometheus_soc/grp_prometheus_soc_Pipeline_PROGRAM_LOOP_fu_62/grp_generate_exp_buffer_fu_3181/exp_stream_U/U_prometheus_soc_fifo_w132_d16_A_ram/add_ln286_reg_3544_reg[27]_i_1/CO[3]
                         net (fo=1, routed)           0.000    13.687    prometheus_pynq_z1_i/prometheus_soc_0/inst/u_prometheus_soc/grp_prometheus_soc_Pipeline_PROGRAM_LOOP_fu_62/grp_generate_exp_buffer_fu_3181/exp_stream_U/U_prometheus_soc_fifo_w132_d16_A_ram/add_ln286_reg_3544_reg[27]_i_1_n_0
    SLICE_X73Y41         CARRY4 (Prop_carry4_CI_CO[3])
                                                      0.114    13.801 r  prometheus_pynq_z1_i/prometheus_soc_0/inst/u_prometheus_soc/grp_prometheus_soc_Pipeline_PROGRAM_LOOP_fu_62/grp_generate_exp_buffer_fu_3181/exp_stream_U/U_prometheus_soc_fifo_w132_d16_A_ram/add_ln286_reg_3544_reg[31]_i_1/CO[3]
                         net (fo=1, routed)           0.000    13.801    prometheus_pynq_z1_i/prometheus_soc_0/inst/u_prometheus_soc/grp_prometheus_soc_Pipeline_PROGRAM_LOOP_fu_62/grp_generate_exp_buffer_fu_3181/exp_stream_U/U_prometheus_soc_fifo_w132_d16_A_ram/add_ln286_reg_3544_reg[31]_i_1_n_0
    SLICE_X73Y42         CARRY4 (Prop_carry4_CI_CO[0])
                                                      0.271    14.072 r  prometheus_pynq_z1_i/prometheus_soc_0/inst/u_prometheus_soc/grp_prometheus_soc_Pipeline_PROGRAM_LOOP_fu_62/grp_generate_exp_buffer_fu_3181/exp_stream_U/U_prometheus_soc_fifo_w132_d16_A_ram/add_ln286_reg_3544_reg[32]_i_1/CO[0]
                         net (fo=1, routed)           0.000    14.072    prometheus_pynq_z1_i/prometheus_soc_0/inst/u_prometheus_soc/grp_prometheus_soc_Pipeline_PROGRAM_LOOP_fu_62/grp_generate_exp_buffer_fu_3181/cache_exp_stream_U0/grp_cache_exp_stream_Pipeline_cache_exp_loop_fu_575/add_ln286_reg_3544_reg[32]_0[32]
    SLICE_X73Y42         FDRE                                         r  prometheus_pynq_z1_i/prometheus_soc_0/inst/u_prometheus_soc/grp_prometheus_soc_Pipeline_PROGRAM_LOOP_fu_62/grp_generate_exp_buffer_fu_3181/cache_exp_stream_U0/grp_cache_exp_stream_Pipeline_cache_exp_loop_fu_575/add_ln286_reg_3544_reg[32]/D
  -------------------------------------------------------------------    -------------------

                         (clock clk_fpga_0 rise edge)
                                                     11.875    11.875 r  
    PS7_X0Y0             PS7                          0.000    11.875 r  prometheus_pynq_z1_i/processing_system7_0/inst/PS7_i/FCLKCLK[0]
                         net (fo=1, routed)           1.088    12.963    prometheus_pynq_z1_i/processing_system7_0/inst/FCLK_CLK_unbuffered[0]
    BUFGCTRL_X0Y16       BUFG (Prop_bufg_I_O)         0.091    13.054 r  prometheus_pynq_z1_i/processing_system7_0/inst/buffer_fclk_clk_0.FCLK_CLK_0_BUFG/O
                         net (fo=63004, routed)       1.558    14.613    prometheus_pynq_z1_i/prometheus_soc_0/inst/u_prometheus_soc/grp_prometheus_soc_Pipeline_PROGRAM_LOOP_fu_62/grp_generate_exp_buffer_fu_3181/cache_exp_stream_U0/grp_cache_exp_stream_Pipeline_cache_exp_loop_fu_575/ap_clk
    SLICE_X73Y42         FDRE                                         r  prometheus_pynq_z1_i/prometheus_soc_0/inst/u_prometheus_soc/grp_prometheus_soc_Pipeline_PROGRAM_LOOP_fu_62/grp_generate_exp_buffer_fu_3181/cache_exp_stream_U0/grp_cache_exp_stream_Pipeline_cache_exp_loop_fu_575/add_ln286_reg_3544_reg[32]/C
                         clock pessimism              0.115    14.727    
                         clock uncertainty           -0.181    14.546    
    SLICE_X73Y42         FDRE (Setup_fdre_C_D)        0.046    14.592    prometheus_pynq_z1_i/prometheus_soc_0/inst/u_prometheus_soc/grp_prometheus_soc_Pipeline_PROGRAM_LOOP_fu_62/grp_generate_exp_buffer_fu_3181/cache_exp_stream_U0/grp_cache_exp_stream_Pipeline_cache_exp_loop_fu_575/add_ln286_reg_3544_reg[32]
  -------------------------------------------------------------------
                         required time                         14.592    
                         arrival time                         -14.072    
  -------------------------------------------------------------------
                         slack                                  0.520    

Slack (MET) :             0.524ns  (required time - arrival time)
  Source:                 prometheus_pynq_z1_i/prometheus_soc_0/inst/u_prometheus_soc/grp_prometheus_soc_Pipeline_PROGRAM_LOOP_fu_62/grp_generate_exp_buffer_fu_3181/exp_stream_U/U_prometheus_soc_fifo_w132_d16_A_ram/mem_reg_1/CLKARDCLK
                            (rising edge-triggered cell RAMB36E1 clocked by clk_fpga_0  {rise@0.000ns fall@5.938ns period=11.875ns})
  Destination:            prometheus_pynq_z1_i/prometheus_soc_0/inst/u_prometheus_soc/grp_prometheus_soc_Pipeline_PROGRAM_LOOP_fu_62/exp_buf_235_fu_422_reg[29]/D
                            (rising edge-triggered cell FDRE clocked by clk_fpga_0  {rise@0.000ns fall@5.938ns period=11.875ns})
  Path Group:             clk_fpga_0
  Path Type:              Setup (Max at Slow Process Corner)
  Requirement:            11.875ns  (clk_fpga_0 rise@11.875ns - clk_fpga_0 rise@0.000ns)
  Data Path Delay:        10.929ns  (logic 2.578ns (23.589%)  route 8.351ns (76.411%))
  Logic Levels:           1  (LUT6=1)
  Clock Path Skew:        -0.272ns (DCD - SCD + CPR)
    Destination Clock Delay (DCD):    2.735ns = ( 14.611 - 11.875 ) 
    Source Clock Delay      (SCD):    3.136ns
    Clock Pessimism Removal (CPR):    0.129ns
  Clock Uncertainty:      0.181ns  ((TSJ^2 + TIJ^2)^1/2 + DJ) / 2 + PE
    Total System Jitter     (TSJ):    0.071ns
    Total Input Jitter      (TIJ):    0.356ns
    Discrete Jitter          (DJ):    0.000ns
    Phase Error              (PE):    0.000ns

    Location             Delay type                Incr(ns)  Path(ns)    Netlist Resource(s)
  -------------------------------------------------------------------    -------------------
                         (clock clk_fpga_0 rise edge)
                                                      0.000     0.000 r  
    PS7_X0Y0             PS7                          0.000     0.000 r  prometheus_pynq_z1_i/processing_system7_0/inst/PS7_i/FCLKCLK[0]
                         net (fo=1, routed)           1.193     1.193    prometheus_pynq_z1_i/processing_system7_0/inst/FCLK_CLK_unbuffered[0]
    BUFGCTRL_X0Y16       BUFG (Prop_bufg_I_O)         0.101     1.294 r  prometheus_pynq_z1_i/processing_system7_0/inst/buffer_fclk_clk_0.FCLK_CLK_0_BUFG/O
                         net (fo=63004, routed)       1.842     3.136    prometheus_pynq_z1_i/prometheus_soc_0/inst/u_prometheus_soc/grp_prometheus_soc_Pipeline_PROGRAM_LOOP_fu_62/grp_generate_exp_buffer_fu_3181/exp_stream_U/U_prometheus_soc_fifo_w132_d16_A_ram/ap_clk
    RAMB36_X4Y8          RAMB36E1                                     r  prometheus_pynq_z1_i/prometheus_soc_0/inst/u_prometheus_soc/grp_prometheus_soc_Pipeline_PROGRAM_LOOP_fu_62/grp_generate_exp_buffer_fu_3181/exp_stream_U/U_prometheus_soc_fifo_w132_d16_A_ram/mem_reg_1/CLKARDCLK
  -------------------------------------------------------------------    -------------------
    RAMB36_X4Y8          RAMB36E1 (Prop_ramb36e1_CLKARDCLK_DOBDO[27])
                                                      2.454     5.590 r  prometheus_pynq_z1_i/prometheus_soc_0/inst/u_prometheus_soc/grp_prometheus_soc_Pipeline_PROGRAM_LOOP_fu_62/grp_generate_exp_buffer_fu_3181/exp_stream_U/U_prometheus_soc_fifo_w132_d16_A_ram/mem_reg_1/DOBDO[27]
                         net (fo=2208, routed)        8.351    13.941    prometheus_pynq_z1_i/prometheus_soc_0/inst/u_prometheus_soc/grp_prometheus_soc_Pipeline_PROGRAM_LOOP_fu_62/grp_generate_exp_buffer_fu_3181/exp_stream_U/U_prometheus_soc_fifo_w132_d16_A_ram/mem_reg[131]
    SLICE_X29Y26         LUT6 (Prop_lut6_I3_O)        0.124    14.065 r  prometheus_pynq_z1_i/prometheus_soc_0/inst/u_prometheus_soc/grp_prometheus_soc_Pipeline_PROGRAM_LOOP_fu_62/grp_generate_exp_buffer_fu_3181/exp_stream_U/U_prometheus_soc_fifo_w132_d16_A_ram/exp_buf_235_fu_422[29]_i_1/O
                         net (fo=1, routed)           0.000    14.065    prometheus_pynq_z1_i/prometheus_soc_0/inst/u_prometheus_soc/grp_prometheus_soc_Pipeline_PROGRAM_LOOP_fu_62/grp_generate_exp_buffer_fu_3181_exp_buf_3_43[29]
    SLICE_X29Y26         FDRE                                         r  prometheus_pynq_z1_i/prometheus_soc_0/inst/u_prometheus_soc/grp_prometheus_soc_Pipeline_PROGRAM_LOOP_fu_62/exp_buf_235_fu_422_reg[29]/D
  -------------------------------------------------------------------    -------------------

                         (clock clk_fpga_0 rise edge)
                                                     11.875    11.875 r  
    PS7_X0Y0             PS7                          0.000    11.875 r  prometheus_pynq_z1_i/processing_system7_0/inst/PS7_i/FCLKCLK[0]
                         net (fo=1, routed)           1.088    12.963    prometheus_pynq_z1_i/processing_system7_0/inst/FCLK_CLK_unbuffered[0]
    BUFGCTRL_X0Y16       BUFG (Prop_bufg_I_O)         0.091    13.054 r  prometheus_pynq_z1_i/processing_system7_0/inst/buffer_fclk_clk_0.FCLK_CLK_0_BUFG/O
                         net (fo=63004, routed)       1.556    14.611    prometheus_pynq_z1_i/prometheus_soc_0/inst/u_prometheus_soc/grp_prometheus_soc_Pipeline_PROGRAM_LOOP_fu_62/ap_clk
    SLICE_X29Y26         FDRE                                         r  prometheus_pynq_z1_i/prometheus_soc_0/inst/u_prometheus_soc/grp_prometheus_soc_Pipeline_PROGRAM_LOOP_fu_62/exp_buf_235_fu_422_reg[29]/C
                         clock pessimism              0.129    14.739    
                         clock uncertainty           -0.181    14.558    
    SLICE_X29Y26         FDRE (Setup_fdre_C_D)        0.031    14.589    prometheus_pynq_z1_i/prometheus_soc_0/inst/u_prometheus_soc/grp_prometheus_soc_Pipeline_PROGRAM_LOOP_fu_62/exp_buf_235_fu_422_reg[29]
  -------------------------------------------------------------------
                         required time                         14.589    
                         arrival time                         -14.065    
  -------------------------------------------------------------------
                         slack                                  0.524    





Min Delay Paths
--------------------------------------------------------------------------------------
Slack (MET) :             0.010ns  (arrival time - required time)
  Source:                 prometheus_pynq_z1_i/prometheus_soc_0/inst/u_prometheus_soc/grp_prometheus_soc_Pipeline_PROGRAM_LOOP_fu_62/exp_buf_179_fu_646_reg[29]/C
                            (rising edge-triggered cell FDRE clocked by clk_fpga_0  {rise@0.000ns fall@5.938ns period=11.875ns})
  Destination:            prometheus_pynq_z1_i/prometheus_soc_0/inst/u_prometheus_soc/grp_prometheus_soc_Pipeline_PROGRAM_LOOP_fu_62/grp_normalize_and_store_fu_3700/emit_prob_stream_U0/exp_buf_2_51_read_reg_3556_reg[29]/D
                            (rising edge-triggered cell FDRE clocked by clk_fpga_0  {rise@0.000ns fall@5.938ns period=11.875ns})
  Path Group:             clk_fpga_0
  Path Type:              Hold (Min at Fast Process Corner)
  Requirement:            0.000ns  (clk_fpga_0 rise@0.000ns - clk_fpga_0 rise@0.000ns)
  Data Path Delay:        0.343ns  (logic 0.141ns (41.166%)  route 0.202ns (58.834%))
  Logic Levels:           0  
  Clock Path Skew:        0.257ns (DCD - SCD - CPR)
    Destination Clock Delay (DCD):    1.185ns
    Source Clock Delay      (SCD):    0.893ns
    Clock Pessimism Removal (CPR):    0.035ns

    Location             Delay type                Incr(ns)  Path(ns)    Netlist Resource(s)
  -------------------------------------------------------------------    -------------------
                         (clock clk_fpga_0 rise edge)
                                                      0.000     0.000 r  
    PS7_X0Y0             PS7                          0.000     0.000 r  prometheus_pynq_z1_i/processing_system7_0/inst/PS7_i/FCLKCLK[0]
                         net (fo=1, routed)           0.310     0.310    prometheus_pynq_z1_i/processing_system7_0/inst/FCLK_CLK_unbuffered[0]
    BUFGCTRL_X0Y16       BUFG (Prop_bufg_I_O)         0.026     0.336 r  prometheus_pynq_z1_i/processing_system7_0/inst/buffer_fclk_clk_0.FCLK_CLK_0_BUFG/O
                         net (fo=63004, routed)       0.557     0.893    prometheus_pynq_z1_i/prometheus_soc_0/inst/u_prometheus_soc/grp_prometheus_soc_Pipeline_PROGRAM_LOOP_fu_62/ap_clk
    SLICE_X48Y15         FDRE                                         r  prometheus_pynq_z1_i/prometheus_soc_0/inst/u_prometheus_soc/grp_prometheus_soc_Pipeline_PROGRAM_LOOP_fu_62/exp_buf_179_fu_646_reg[29]/C
  -------------------------------------------------------------------    -------------------
    SLICE_X48Y15         FDRE (Prop_fdre_C_Q)         0.141     1.034 r  prometheus_pynq_z1_i/prometheus_soc_0/inst/u_prometheus_soc/grp_prometheus_soc_Pipeline_PROGRAM_LOOP_fu_62/exp_buf_179_fu_646_reg[29]/Q
                         net (fo=1, routed)           0.202     1.235    prometheus_pynq_z1_i/prometheus_soc_0/inst/u_prometheus_soc/grp_prometheus_soc_Pipeline_PROGRAM_LOOP_fu_62/grp_normalize_and_store_fu_3700/emit_prob_stream_U0/exp_buf_2_51_read_reg_3556_reg[31]_0[29]
    SLICE_X53Y15         FDRE                                         r  prometheus_pynq_z1_i/prometheus_soc_0/inst/u_prometheus_soc/grp_prometheus_soc_Pipeline_PROGRAM_LOOP_fu_62/grp_normalize_and_store_fu_3700/emit_prob_stream_U0/exp_buf_2_51_read_reg_3556_reg[29]/D
  -------------------------------------------------------------------    -------------------

                         (clock clk_fpga_0 rise edge)
                                                      0.000     0.000 r  
    PS7_X0Y0             PS7                          0.000     0.000 r  prometheus_pynq_z1_i/processing_system7_0/inst/PS7_i/FCLKCLK[0]
                         net (fo=1, routed)           0.337     0.337    prometheus_pynq_z1_i/processing_system7_0/inst/FCLK_CLK_unbuffered[0]
    BUFGCTRL_X0Y16       BUFG (Prop_bufg_I_O)         0.029     0.366 r  prometheus_pynq_z1_i/processing_system7_0/inst/buffer_fclk_clk_0.FCLK_CLK_0_BUFG/O
                         net (fo=63004, routed)       0.819     1.185    prometheus_pynq_z1_i/prometheus_soc_0/inst/u_prometheus_soc/grp_prometheus_soc_Pipeline_PROGRAM_LOOP_fu_62/grp_normalize_and_store_fu_3700/emit_prob_stream_U0/ap_clk
    SLICE_X53Y15         FDRE                                         r  prometheus_pynq_z1_i/prometheus_soc_0/inst/u_prometheus_soc/grp_prometheus_soc_Pipeline_PROGRAM_LOOP_fu_62/grp_normalize_and_store_fu_3700/emit_prob_stream_U0/exp_buf_2_51_read_reg_3556_reg[29]/C
                         clock pessimism             -0.035     1.150    
    SLICE_X53Y15         FDRE (Hold_fdre_C_D)         0.075     1.225    prometheus_pynq_z1_i/prometheus_soc_0/inst/u_prometheus_soc/grp_prometheus_soc_Pipeline_PROGRAM_LOOP_fu_62/grp_normalize_and_store_fu_3700/emit_prob_stream_U0/exp_buf_2_51_read_reg_3556_reg[29]
  -------------------------------------------------------------------
                         required time                         -1.225    
                         arrival time                           1.235    
  -------------------------------------------------------------------
                         slack                                  0.010    

Slack (MET) :             0.012ns  (arrival time - required time)
  Source:                 prometheus_pynq_z1_i/prometheus_soc_0/inst/u_prometheus_soc/grp_prometheus_soc_Pipeline_PROGRAM_LOOP_fu_62/exp_buf_186_fu_618_reg[2]/C
                            (rising edge-triggered cell FDRE clocked by clk_fpga_0  {rise@0.000ns fall@5.938ns period=11.875ns})
  Destination:            prometheus_pynq_z1_i/prometheus_soc_0/inst/u_prometheus_soc/grp_prometheus_soc_Pipeline_PROGRAM_LOOP_fu_62/grp_normalize_and_store_fu_3700/emit_prob_stream_U0/exp_buf_2_58_read_reg_3591_reg[2]/D
                            (rising edge-triggered cell FDRE clocked by clk_fpga_0  {rise@0.000ns fall@5.938ns period=11.875ns})
  Path Group:             clk_fpga_0
  Path Type:              Hold (Min at Fast Process Corner)
  Requirement:            0.000ns  (clk_fpga_0 rise@0.000ns - clk_fpga_0 rise@0.000ns)
  Data Path Delay:        0.344ns  (logic 0.141ns (40.974%)  route 0.203ns (59.026%))
  Logic Levels:           0  
  Clock Path Skew:        0.256ns (DCD - SCD - CPR)
    Destination Clock Delay (DCD):    1.181ns
    Source Clock Delay      (SCD):    0.890ns
    Clock Pessimism Removal (CPR):    0.035ns

    Location             Delay type                Incr(ns)  Path(ns)    Netlist Resource(s)
  -------------------------------------------------------------------    -------------------
                         (clock clk_fpga_0 rise edge)
                                                      0.000     0.000 r  
    PS7_X0Y0             PS7                          0.000     0.000 r  prometheus_pynq_z1_i/processing_system7_0/inst/PS7_i/FCLKCLK[0]
                         net (fo=1, routed)           0.310     0.310    prometheus_pynq_z1_i/processing_system7_0/inst/FCLK_CLK_unbuffered[0]
    BUFGCTRL_X0Y16       BUFG (Prop_bufg_I_O)         0.026     0.336 r  prometheus_pynq_z1_i/processing_system7_0/inst/buffer_fclk_clk_0.FCLK_CLK_0_BUFG/O
                         net (fo=63004, routed)       0.554     0.890    prometheus_pynq_z1_i/prometheus_soc_0/inst/u_prometheus_soc/grp_prometheus_soc_Pipeline_PROGRAM_LOOP_fu_62/ap_clk
    SLICE_X48Y18         FDRE                                         r  prometheus_pynq_z1_i/prometheus_soc_0/inst/u_prometheus_soc/grp_prometheus_soc_Pipeline_PROGRAM_LOOP_fu_62/exp_buf_186_fu_618_reg[2]/C
  -------------------------------------------------------------------    -------------------
    SLICE_X48Y18         FDRE (Prop_fdre_C_Q)         0.141     1.031 r  prometheus_pynq_z1_i/prometheus_soc_0/inst/u_prometheus_soc/grp_prometheus_soc_Pipeline_PROGRAM_LOOP_fu_62/exp_buf_186_fu_618_reg[2]/Q
                         net (fo=1, routed)           0.203     1.234    prometheus_pynq_z1_i/prometheus_soc_0/inst/u_prometheus_soc/grp_prometheus_soc_Pipeline_PROGRAM_LOOP_fu_62/grp_normalize_and_store_fu_3700/emit_prob_stream_U0/exp_buf_2_58_read_reg_3591_reg[31]_0[2]
    SLICE_X52Y19         FDRE                                         r  prometheus_pynq_z1_i/prometheus_soc_0/inst/u_prometheus_soc/grp_prometheus_soc_Pipeline_PROGRAM_LOOP_fu_62/grp_normalize_and_store_fu_3700/emit_prob_stream_U0/exp_buf_2_58_read_reg_3591_reg[2]/D
  -------------------------------------------------------------------    -------------------

                         (clock clk_fpga_0 rise edge)
                                                      0.000     0.000 r  
    PS7_X0Y0             PS7                          0.000     0.000 r  prometheus_pynq_z1_i/processing_system7_0/inst/PS7_i/FCLKCLK[0]
                         net (fo=1, routed)           0.337     0.337    prometheus_pynq_z1_i/processing_system7_0/inst/FCLK_CLK_unbuffered[0]
    BUFGCTRL_X0Y16       BUFG (Prop_bufg_I_O)         0.029     0.366 r  prometheus_pynq_z1_i/processing_system7_0/inst/buffer_fclk_clk_0.FCLK_CLK_0_BUFG/O
                         net (fo=63004, routed)       0.815     1.181    prometheus_pynq_z1_i/prometheus_soc_0/inst/u_prometheus_soc/grp_prometheus_soc_Pipeline_PROGRAM_LOOP_fu_62/grp_normalize_and_store_fu_3700/emit_prob_stream_U0/ap_clk
    SLICE_X52Y19         FDRE                                         r  prometheus_pynq_z1_i/prometheus_soc_0/inst/u_prometheus_soc/grp_prometheus_soc_Pipeline_PROGRAM_LOOP_fu_62/grp_normalize_and_store_fu_3700/emit_prob_stream_U0/exp_buf_2_58_read_reg_3591_reg[2]/C
                         clock pessimism             -0.035     1.146    
    SLICE_X52Y19         FDRE (Hold_fdre_C_D)         0.076     1.222    prometheus_pynq_z1_i/prometheus_soc_0/inst/u_prometheus_soc/grp_prometheus_soc_Pipeline_PROGRAM_LOOP_fu_62/grp_normalize_and_store_fu_3700/emit_prob_stream_U0/exp_buf_2_58_read_reg_3591_reg[2]
  -------------------------------------------------------------------
                         required time                         -1.222    
                         arrival time                           1.234    
  -------------------------------------------------------------------
                         slack                                  0.012    

Slack (MET) :             0.012ns  (arrival time - required time)
  Source:                 prometheus_pynq_z1_i/axi_gpio_status_0/U0/gpio_core_1/Not_Dual.INPUT_DOUBLE_REGS3/syncstages_ff_reg[3][6]/C
                            (rising edge-triggered cell FDRE clocked by clk_fpga_0  {rise@0.000ns fall@5.938ns period=11.875ns})
  Destination:            prometheus_pynq_z1_i/axi_gpio_status_0/U0/gpio_core_1/Not_Dual.gpio_Data_In_reg[25]/D
                            (rising edge-triggered cell FDRE clocked by clk_fpga_0  {rise@0.000ns fall@5.938ns period=11.875ns})
  Path Group:             clk_fpga_0
  Path Type:              Hold (Min at Fast Process Corner)
  Requirement:            0.000ns  (clk_fpga_0 rise@0.000ns - clk_fpga_0 rise@0.000ns)
  Data Path Delay:        0.347ns  (logic 0.141ns (40.577%)  route 0.206ns (59.423%))
  Logic Levels:           0  
  Clock Path Skew:        0.260ns (DCD - SCD - CPR)
    Destination Clock Delay (DCD):    1.191ns
    Source Clock Delay      (SCD):    0.901ns
    Clock Pessimism Removal (CPR):    0.030ns

    Location             Delay type                Incr(ns)  Path(ns)    Netlist Resource(s)
  -------------------------------------------------------------------    -------------------
                         (clock clk_fpga_0 rise edge)
                                                      0.000     0.000 r  
    PS7_X0Y0             PS7                          0.000     0.000 r  prometheus_pynq_z1_i/processing_system7_0/inst/PS7_i/FCLKCLK[0]
                         net (fo=1, routed)           0.310     0.310    prometheus_pynq_z1_i/processing_system7_0/inst/FCLK_CLK_unbuffered[0]
    BUFGCTRL_X0Y16       BUFG (Prop_bufg_I_O)         0.026     0.336 r  prometheus_pynq_z1_i/processing_system7_0/inst/buffer_fclk_clk_0.FCLK_CLK_0_BUFG/O
                         net (fo=63004, routed)       0.565     0.901    prometheus_pynq_z1_i/axi_gpio_status_0/U0/gpio_core_1/Not_Dual.INPUT_DOUBLE_REGS3/dest_clk
    SLICE_X35Y49         FDRE                                         r  prometheus_pynq_z1_i/axi_gpio_status_0/U0/gpio_core_1/Not_Dual.INPUT_DOUBLE_REGS3/syncstages_ff_reg[3][6]/C
  -------------------------------------------------------------------    -------------------
    SLICE_X35Y49         FDRE (Prop_fdre_C_Q)         0.141     1.042 r  prometheus_pynq_z1_i/axi_gpio_status_0/U0/gpio_core_1/Not_Dual.INPUT_DOUBLE_REGS3/syncstages_ff_reg[3][6]/Q
                         net (fo=1, routed)           0.206     1.248    prometheus_pynq_z1_i/axi_gpio_status_0/U0/gpio_core_1/gpio_io_i_d2[25]
    SLICE_X35Y53         FDRE                                         r  prometheus_pynq_z1_i/axi_gpio_status_0/U0/gpio_core_1/Not_Dual.gpio_Data_In_reg[25]/D
  -------------------------------------------------------------------    -------------------

                         (clock clk_fpga_0 rise edge)
                                                      0.000     0.000 r  
    PS7_X0Y0             PS7                          0.000     0.000 r  prometheus_pynq_z1_i/processing_system7_0/inst/PS7_i/FCLKCLK[0]
                         net (fo=1, routed)           0.337     0.337    prometheus_pynq_z1_i/processing_system7_0/inst/FCLK_CLK_unbuffered[0]
    BUFGCTRL_X0Y16       BUFG (Prop_bufg_I_O)         0.029     0.366 r  prometheus_pynq_z1_i/processing_system7_0/inst/buffer_fclk_clk_0.FCLK_CLK_0_BUFG/O
                         net (fo=63004, routed)       0.825     1.191    prometheus_pynq_z1_i/axi_gpio_status_0/U0/gpio_core_1/s_axi_aclk
    SLICE_X35Y53         FDRE                                         r  prometheus_pynq_z1_i/axi_gpio_status_0/U0/gpio_core_1/Not_Dual.gpio_Data_In_reg[25]/C
                         clock pessimism             -0.030     1.161    
    SLICE_X35Y53         FDRE (Hold_fdre_C_D)         0.075     1.236    prometheus_pynq_z1_i/axi_gpio_status_0/U0/gpio_core_1/Not_Dual.gpio_Data_In_reg[25]
  -------------------------------------------------------------------
                         required time                         -1.236    
                         arrival time                           1.248    
  -------------------------------------------------------------------
                         slack                                  0.012    

Slack (MET) :             0.013ns  (arrival time - required time)
  Source:                 prometheus_pynq_z1_i/prometheus_soc_0/inst/u_prometheus_soc/grp_prometheus_soc_Pipeline_PROGRAM_LOOP_fu_62/logits_buf_246_fu_1402_reg[1]/C
                            (rising edge-triggered cell FDRE clocked by clk_fpga_0  {rise@0.000ns fall@5.938ns period=11.875ns})
  Destination:            prometheus_pynq_z1_i/prometheus_soc_0/inst/u_prometheus_soc/grp_prometheus_soc_Pipeline_PROGRAM_LOOP_fu_62/grp_generate_exp_buffer_fu_3181/emit_exp_stream_U0/logits_buf_3_54_read_reg_3891_reg[1]/D
                            (rising edge-triggered cell FDRE clocked by clk_fpga_0  {rise@0.000ns fall@5.938ns period=11.875ns})
  Path Group:             clk_fpga_0
  Path Type:              Hold (Min at Fast Process Corner)
  Requirement:            0.000ns  (clk_fpga_0 rise@0.000ns - clk_fpga_0 rise@0.000ns)
  Data Path Delay:        0.358ns  (logic 0.141ns (39.367%)  route 0.217ns (60.633%))
  Logic Levels:           0  
  Clock Path Skew:        0.267ns (DCD - SCD - CPR)
    Destination Clock Delay (DCD):    1.272ns
    Source Clock Delay      (SCD):    0.966ns
    Clock Pessimism Removal (CPR):    0.039ns

    Location             Delay type                Incr(ns)  Path(ns)    Netlist Resource(s)
  -------------------------------------------------------------------    -------------------
                         (clock clk_fpga_0 rise edge)
                                                      0.000     0.000 r  
    PS7_X0Y0             PS7                          0.000     0.000 r  prometheus_pynq_z1_i/processing_system7_0/inst/PS7_i/FCLKCLK[0]
                         net (fo=1, routed)           0.310     0.310    prometheus_pynq_z1_i/processing_system7_0/inst/FCLK_CLK_unbuffered[0]
    BUFGCTRL_X0Y16       BUFG (Prop_bufg_I_O)         0.026     0.336 r  prometheus_pynq_z1_i/processing_system7_0/inst/buffer_fclk_clk_0.FCLK_CLK_0_BUFG/O
                         net (fo=63004, routed)       0.630     0.966    prometheus_pynq_z1_i/prometheus_soc_0/inst/u_prometheus_soc/grp_prometheus_soc_Pipeline_PROGRAM_LOOP_fu_62/ap_clk
    SLICE_X53Y114        FDRE                                         r  prometheus_pynq_z1_i/prometheus_soc_0/inst/u_prometheus_soc/grp_prometheus_soc_Pipeline_PROGRAM_LOOP_fu_62/logits_buf_246_fu_1402_reg[1]/C
  -------------------------------------------------------------------    -------------------
    SLICE_X53Y114        FDRE (Prop_fdre_C_Q)         0.141     1.107 r  prometheus_pynq_z1_i/prometheus_soc_0/inst/u_prometheus_soc/grp_prometheus_soc_Pipeline_PROGRAM_LOOP_fu_62/logits_buf_246_fu_1402_reg[1]/Q
                         net (fo=1, routed)           0.217     1.324    prometheus_pynq_z1_i/prometheus_soc_0/inst/u_prometheus_soc/grp_prometheus_soc_Pipeline_PROGRAM_LOOP_fu_62/grp_generate_exp_buffer_fu_3181/emit_exp_stream_U0/logits_buf_246_fu_1402[1]
    SLICE_X47Y112        FDRE                                         r  prometheus_pynq_z1_i/prometheus_soc_0/inst/u_prometheus_soc/grp_prometheus_soc_Pipeline_PROGRAM_LOOP_fu_62/grp_generate_exp_buffer_fu_3181/emit_exp_stream_U0/logits_buf_3_54_read_reg_3891_reg[1]/D
  -------------------------------------------------------------------    -------------------

                         (clock clk_fpga_0 rise edge)
                                                      0.000     0.000 r  
    PS7_X0Y0             PS7                          0.000     0.000 r  prometheus_pynq_z1_i/processing_system7_0/inst/PS7_i/FCLKCLK[0]
                         net (fo=1, routed)           0.337     0.337    prometheus_pynq_z1_i/processing_system7_0/inst/FCLK_CLK_unbuffered[0]
    BUFGCTRL_X0Y16       BUFG (Prop_bufg_I_O)         0.029     0.366 r  prometheus_pynq_z1_i/processing_system7_0/inst/buffer_fclk_clk_0.FCLK_CLK_0_BUFG/O
                         net (fo=63004, routed)       0.906     1.272    prometheus_pynq_z1_i/prometheus_soc_0/inst/u_prometheus_soc/grp_prometheus_soc_Pipeline_PROGRAM_LOOP_fu_62/grp_generate_exp_buffer_fu_3181/emit_exp_stream_U0/ap_clk
    SLICE_X47Y112        FDRE                                         r  prometheus_pynq_z1_i/prometheus_soc_0/inst/u_prometheus_soc/grp_prometheus_soc_Pipeline_PROGRAM_LOOP_fu_62/grp_generate_exp_buffer_fu_3181/emit_exp_stream_U0/logits_buf_3_54_read_reg_3891_reg[1]/C
                         clock pessimism             -0.039     1.233    
    SLICE_X47Y112        FDRE (Hold_fdre_C_D)         0.078     1.311    prometheus_pynq_z1_i/prometheus_soc_0/inst/u_prometheus_soc/grp_prometheus_soc_Pipeline_PROGRAM_LOOP_fu_62/grp_generate_exp_buffer_fu_3181/emit_exp_stream_U0/logits_buf_3_54_read_reg_3891_reg[1]
  -------------------------------------------------------------------
                         required time                         -1.311    
                         arrival time                           1.324    
  -------------------------------------------------------------------
                         slack                                  0.013    

Slack (MET) :             0.018ns  (arrival time - required time)
  Source:                 <hidden>
                            (rising edge-triggered cell FDRE clocked by clk_fpga_0  {rise@0.000ns fall@5.938ns period=11.875ns})
  Destination:            <hidden>
                            (rising edge-triggered cell FDRE clocked by clk_fpga_0  {rise@0.000ns fall@5.938ns period=11.875ns})
  Path Group:             clk_fpga_0
  Path Type:              Hold (Min at Fast Process Corner)
  Requirement:            0.000ns  (clk_fpga_0 rise@0.000ns - clk_fpga_0 rise@0.000ns)
  Data Path Delay:        0.327ns  (logic 0.148ns (45.300%)  route 0.179ns (54.700%))
  Logic Levels:           0  
  Clock Path Skew:        0.286ns (DCD - SCD - CPR)
    Destination Clock Delay (DCD):    1.226ns
    Source Clock Delay      (SCD):    0.910ns
    Clock Pessimism Removal (CPR):    0.030ns

    Location             Delay type                Incr(ns)  Path(ns)    Netlist Resource(s)
  -------------------------------------------------------------------    -------------------
                         (clock clk_fpga_0 rise edge)
                                                      0.000     0.000 r  
    PS7_X0Y0             PS7                          0.000     0.000 r  prometheus_pynq_z1_i/processing_system7_0/inst/PS7_i/FCLKCLK[0]
                         net (fo=1, routed)           0.310     0.310    prometheus_pynq_z1_i/processing_system7_0/inst/FCLK_CLK_unbuffered[0]
    BUFGCTRL_X0Y16       BUFG (Prop_bufg_I_O)         0.026     0.336 r  prometheus_pynq_z1_i/processing_system7_0/inst/buffer_fclk_clk_0.FCLK_CLK_0_BUFG/O
                         net (fo=63004, routed)       0.574     0.910    <hidden>
    SLICE_X26Y50         FDRE                                         r  <hidden>
  -------------------------------------------------------------------    -------------------
    SLICE_X26Y50         FDRE (Prop_fdre_C_Q)         0.148     1.058 r  <hidden>
                         net (fo=1, routed)           0.179     1.236    <hidden>
    SLICE_X27Y49         FDRE                                         r  <hidden>
  -------------------------------------------------------------------    -------------------

                         (clock clk_fpga_0 rise edge)
                                                      0.000     0.000 r  
    PS7_X0Y0             PS7                          0.000     0.000 r  prometheus_pynq_z1_i/processing_system7_0/inst/PS7_i/FCLKCLK[0]
                         net (fo=1, routed)           0.337     0.337    prometheus_pynq_z1_i/processing_system7_0/inst/FCLK_CLK_unbuffered[0]
    BUFGCTRL_X0Y16       BUFG (Prop_bufg_I_O)         0.029     0.366 r  prometheus_pynq_z1_i/processing_system7_0/inst/buffer_fclk_clk_0.FCLK_CLK_0_BUFG/O
                         net (fo=63004, routed)       0.860     1.226    <hidden>
    SLICE_X27Y49         FDRE                                         r  <hidden>
                         clock pessimism             -0.030     1.196    
    SLICE_X27Y49         FDRE (Hold_fdre_C_D)         0.022     1.218    <hidden>
  -------------------------------------------------------------------
                         required time                         -1.218    
                         arrival time                           1.236    
  -------------------------------------------------------------------
                         slack                                  0.018    

Slack (MET) :             0.019ns  (arrival time - required time)
  Source:                 prometheus_pynq_z1_i/prometheus_soc_0/inst/u_prometheus_soc/grp_prometheus_soc_Pipeline_PROGRAM_LOOP_fu_62/logits_buf_60_fu_2146_reg[26]/C
                            (rising edge-triggered cell FDRE clocked by clk_fpga_0  {rise@0.000ns fall@5.938ns period=11.875ns})
  Destination:            prometheus_pynq_z1_i/prometheus_soc_0/inst/u_prometheus_soc/grp_prometheus_soc_Pipeline_PROGRAM_LOOP_fu_62/grp_generate_exp_buffer_fu_3181/emit_exp_stream_U0/logits_buf_0_60_read_reg_2961_reg[26]/D
                            (rising edge-triggered cell FDRE clocked by clk_fpga_0  {rise@0.000ns fall@5.938ns period=11.875ns})
  Path Group:             clk_fpga_0
  Path Type:              Hold (Min at Fast Process Corner)
  Requirement:            0.000ns  (clk_fpga_0 rise@0.000ns - clk_fpga_0 rise@0.000ns)
  Data Path Delay:        0.354ns  (logic 0.141ns (39.880%)  route 0.213ns (60.120%))
  Logic Levels:           0  
  Clock Path Skew:        0.263ns (DCD - SCD - CPR)
    Destination Clock Delay (DCD):    1.182ns
    Source Clock Delay      (SCD):    0.884ns
    Clock Pessimism Removal (CPR):    0.035ns

    Location             Delay type                Incr(ns)  Path(ns)    Netlist Resource(s)
  -------------------------------------------------------------------    -------------------
                         (clock clk_fpga_0 rise edge)
                                                      0.000     0.000 r  
    PS7_X0Y0             PS7                          0.000     0.000 r  prometheus_pynq_z1_i/processing_system7_0/inst/PS7_i/FCLKCLK[0]
                         net (fo=1, routed)           0.310     0.310    prometheus_pynq_z1_i/processing_system7_0/inst/FCLK_CLK_unbuffered[0]
    BUFGCTRL_X0Y16       BUFG (Prop_bufg_I_O)         0.026     0.336 r  prometheus_pynq_z1_i/processing_system7_0/inst/buffer_fclk_clk_0.FCLK_CLK_0_BUFG/O
                         net (fo=63004, routed)       0.548     0.884    prometheus_pynq_z1_i/prometheus_soc_0/inst/u_prometheus_soc/grp_prometheus_soc_Pipeline_PROGRAM_LOOP_fu_62/ap_clk
    SLICE_X51Y84         FDRE                                         r  prometheus_pynq_z1_i/prometheus_soc_0/inst/u_prometheus_soc/grp_prometheus_soc_Pipeline_PROGRAM_LOOP_fu_62/logits_buf_60_fu_2146_reg[26]/C
  -------------------------------------------------------------------    -------------------
    SLICE_X51Y84         FDRE (Prop_fdre_C_Q)         0.141     1.025 r  prometheus_pynq_z1_i/prometheus_soc_0/inst/u_prometheus_soc/grp_prometheus_soc_Pipeline_PROGRAM_LOOP_fu_62/logits_buf_60_fu_2146_reg[26]/Q
                         net (fo=1, routed)           0.213     1.237    prometheus_pynq_z1_i/prometheus_soc_0/inst/u_prometheus_soc/grp_prometheus_soc_Pipeline_PROGRAM_LOOP_fu_62/grp_generate_exp_buffer_fu_3181/emit_exp_stream_U0/logits_buf_60_fu_2146[26]
    SLICE_X48Y82         FDRE                                         r  prometheus_pynq_z1_i/prometheus_soc_0/inst/u_prometheus_soc/grp_prometheus_soc_Pipeline_PROGRAM_LOOP_fu_62/grp_generate_exp_buffer_fu_3181/emit_exp_stream_U0/logits_buf_0_60_read_reg_2961_reg[26]/D
  -------------------------------------------------------------------    -------------------

                         (clock clk_fpga_0 rise edge)
                                                      0.000     0.000 r  
    PS7_X0Y0             PS7                          0.000     0.000 r  prometheus_pynq_z1_i/processing_system7_0/inst/PS7_i/FCLKCLK[0]
                         net (fo=1, routed)           0.337     0.337    prometheus_pynq_z1_i/processing_system7_0/inst/FCLK_CLK_unbuffered[0]
    BUFGCTRL_X0Y16       BUFG (Prop_bufg_I_O)         0.029     0.366 r  prometheus_pynq_z1_i/processing_system7_0/inst/buffer_fclk_clk_0.FCLK_CLK_0_BUFG/O
                         net (fo=63004, routed)       0.816     1.182    prometheus_pynq_z1_i/prometheus_soc_0/inst/u_prometheus_soc/grp_prometheus_soc_Pipeline_PROGRAM_LOOP_fu_62/grp_generate_exp_buffer_fu_3181/emit_exp_stream_U0/ap_clk
    SLICE_X48Y82         FDRE                                         r  prometheus_pynq_z1_i/prometheus_soc_0/inst/u_prometheus_soc/grp_prometheus_soc_Pipeline_PROGRAM_LOOP_fu_62/grp_generate_exp_buffer_fu_3181/emit_exp_stream_U0/logits_buf_0_60_read_reg_2961_reg[26]/C
                         clock pessimism             -0.035     1.147    
    SLICE_X48Y82         FDRE (Hold_fdre_C_D)         0.071     1.218    prometheus_pynq_z1_i/prometheus_soc_0/inst/u_prometheus_soc/grp_prometheus_soc_Pipeline_PROGRAM_LOOP_fu_62/grp_generate_exp_buffer_fu_3181/emit_exp_stream_U0/logits_buf_0_60_read_reg_2961_reg[26]
  -------------------------------------------------------------------
                         required time                         -1.218    
                         arrival time                           1.237    
  -------------------------------------------------------------------
                         slack                                  0.019    

Slack (MET) :             0.020ns  (arrival time - required time)
  Source:                 prometheus_pynq_z1_i/prometheus_soc_0/inst/u_prometheus_soc/grp_prometheus_soc_Pipeline_PROGRAM_LOOP_fu_62/grp_load_logits_and_find_max_fu_2917/logits_buf_1_7_reg_reg[18]/C
                            (rising edge-triggered cell FDRE clocked by clk_fpga_0  {rise@0.000ns fall@5.938ns period=11.875ns})
  Destination:            prometheus_pynq_z1_i/prometheus_soc_0/inst/u_prometheus_soc/grp_prometheus_soc_Pipeline_PROGRAM_LOOP_fu_62/logits_buf_71_fu_2102_reg[18]/D
                            (rising edge-triggered cell FDRE clocked by clk_fpga_0  {rise@0.000ns fall@5.938ns period=11.875ns})
  Path Group:             clk_fpga_0
  Path Type:              Hold (Min at Fast Process Corner)
  Requirement:            0.000ns  (clk_fpga_0 rise@0.000ns - clk_fpga_0 rise@0.000ns)
  Data Path Delay:        0.384ns  (logic 0.187ns (48.644%)  route 0.197ns (51.356%))
  Logic Levels:           1  (LUT3=1)
  Clock Path Skew:        0.257ns (DCD - SCD - CPR)
    Destination Clock Delay (DCD):    1.256ns
    Source Clock Delay      (SCD):    0.960ns
    Clock Pessimism Removal (CPR):    0.039ns

    Location             Delay type                Incr(ns)  Path(ns)    Netlist Resource(s)
  -------------------------------------------------------------------    -------------------
                         (clock clk_fpga_0 rise edge)
                                                      0.000     0.000 r  
    PS7_X0Y0             PS7                          0.000     0.000 r  prometheus_pynq_z1_i/processing_system7_0/inst/PS7_i/FCLKCLK[0]
                         net (fo=1, routed)           0.310     0.310    prometheus_pynq_z1_i/processing_system7_0/inst/FCLK_CLK_unbuffered[0]
    BUFGCTRL_X0Y16       BUFG (Prop_bufg_I_O)         0.026     0.336 r  prometheus_pynq_z1_i/processing_system7_0/inst/buffer_fclk_clk_0.FCLK_CLK_0_BUFG/O
                         net (fo=63004, routed)       0.624     0.960    prometheus_pynq_z1_i/prometheus_soc_0/inst/u_prometheus_soc/grp_prometheus_soc_Pipeline_PROGRAM_LOOP_fu_62/grp_load_logits_and_find_max_fu_2917/ap_clk
    SLICE_X49Y125        FDRE                                         r  prometheus_pynq_z1_i/prometheus_soc_0/inst/u_prometheus_soc/grp_prometheus_soc_Pipeline_PROGRAM_LOOP_fu_62/grp_load_logits_and_find_max_fu_2917/logits_buf_1_7_reg_reg[18]/C
  -------------------------------------------------------------------    -------------------
    SLICE_X49Y125        FDRE (Prop_fdre_C_Q)         0.141     1.101 r  prometheus_pynq_z1_i/prometheus_soc_0/inst/u_prometheus_soc/grp_prometheus_soc_Pipeline_PROGRAM_LOOP_fu_62/grp_load_logits_and_find_max_fu_2917/logits_buf_1_7_reg_reg[18]/Q
                         net (fo=1, routed)           0.197     1.298    prometheus_pynq_z1_i/prometheus_soc_0/inst/u_prometheus_soc/grp_prometheus_soc_Pipeline_PROGRAM_LOOP_fu_62/grp_load_logits_and_find_max_fu_2917/grp_load_logits_and_find_max_Pipeline_load_loop_fu_568/logits_buf_1_7_reg[18]
    SLICE_X51Y125        LUT3 (Prop_lut3_I0_O)        0.046     1.344 r  prometheus_pynq_z1_i/prometheus_soc_0/inst/u_prometheus_soc/grp_prometheus_soc_Pipeline_PROGRAM_LOOP_fu_62/grp_load_logits_and_find_max_fu_2917/grp_load_logits_and_find_max_Pipeline_load_loop_fu_568/logits_buf_71_fu_2102[18]_i_1/O
                         net (fo=1, routed)           0.000     1.344    prometheus_pynq_z1_i/prometheus_soc_0/inst/u_prometheus_soc/grp_prometheus_soc_Pipeline_PROGRAM_LOOP_fu_62/grp_load_logits_and_find_max_fu_2917_logits_buf_1_7[18]
    SLICE_X51Y125        FDRE                                         r  prometheus_pynq_z1_i/prometheus_soc_0/inst/u_prometheus_soc/grp_prometheus_soc_Pipeline_PROGRAM_LOOP_fu_62/logits_buf_71_fu_2102_reg[18]/D
  -------------------------------------------------------------------    -------------------

                         (clock clk_fpga_0 rise edge)
                                                      0.000     0.000 r  
    PS7_X0Y0             PS7                          0.000     0.000 r  prometheus_pynq_z1_i/processing_system7_0/inst/PS7_i/FCLKCLK[0]
                         net (fo=1, routed)           0.337     0.337    prometheus_pynq_z1_i/processing_system7_0/inst/FCLK_CLK_unbuffered[0]
    BUFGCTRL_X0Y16       BUFG (Prop_bufg_I_O)         0.029     0.366 r  prometheus_pynq_z1_i/processing_system7_0/inst/buffer_fclk_clk_0.FCLK_CLK_0_BUFG/O
                         net (fo=63004, routed)       0.890     1.256    prometheus_pynq_z1_i/prometheus_soc_0/inst/u_prometheus_soc/grp_prometheus_soc_Pipeline_PROGRAM_LOOP_fu_62/ap_clk
    SLICE_X51Y125        FDRE                                         r  prometheus_pynq_z1_i/prometheus_soc_0/inst/u_prometheus_soc/grp_prometheus_soc_Pipeline_PROGRAM_LOOP_fu_62/logits_buf_71_fu_2102_reg[18]/C
                         clock pessimism             -0.039     1.217    
    SLICE_X51Y125        FDRE (Hold_fdre_C_D)         0.107     1.324    prometheus_pynq_z1_i/prometheus_soc_0/inst/u_prometheus_soc/grp_prometheus_soc_Pipeline_PROGRAM_LOOP_fu_62/logits_buf_71_fu_2102_reg[18]
  -------------------------------------------------------------------
                         required time                         -1.324    
                         arrival time                           1.344    
  -------------------------------------------------------------------
                         slack                                  0.020    

Slack (MET) :             0.022ns  (arrival time - required time)
  Source:                 prometheus_pynq_z1_i/prometheus_soc_0/inst/u_prometheus_soc/grp_prometheus_soc_Pipeline_PROGRAM_LOOP_fu_62/exp_buf_168_fu_690_reg[10]/C
                            (rising edge-triggered cell FDRE clocked by clk_fpga_0  {rise@0.000ns fall@5.938ns period=11.875ns})
  Destination:            prometheus_pynq_z1_i/prometheus_soc_0/inst/u_prometheus_soc/grp_prometheus_soc_Pipeline_PROGRAM_LOOP_fu_62/grp_normalize_and_store_fu_3700/emit_prob_stream_U0/exp_buf_2_40_read_reg_3501_reg[10]/D
                            (rising edge-triggered cell FDRE clocked by clk_fpga_0  {rise@0.000ns fall@5.938ns period=11.875ns})
  Path Group:             clk_fpga_0
  Path Type:              Hold (Min at Fast Process Corner)
  Requirement:            0.000ns  (clk_fpga_0 rise@0.000ns - clk_fpga_0 rise@0.000ns)
  Data Path Delay:        0.364ns  (logic 0.141ns (38.710%)  route 0.223ns (61.290%))
  Logic Levels:           0  
  Clock Path Skew:        0.266ns (DCD - SCD - CPR)
    Destination Clock Delay (DCD):    1.195ns
    Source Clock Delay      (SCD):    0.894ns
    Clock Pessimism Removal (CPR):    0.035ns

    Location             Delay type                Incr(ns)  Path(ns)    Netlist Resource(s)
  -------------------------------------------------------------------    -------------------
                         (clock clk_fpga_0 rise edge)
                                                      0.000     0.000 r  
    PS7_X0Y0             PS7                          0.000     0.000 r  prometheus_pynq_z1_i/processing_system7_0/inst/PS7_i/FCLKCLK[0]
                         net (fo=1, routed)           0.310     0.310    prometheus_pynq_z1_i/processing_system7_0/inst/FCLK_CLK_unbuffered[0]
    BUFGCTRL_X0Y16       BUFG (Prop_bufg_I_O)         0.026     0.336 r  prometheus_pynq_z1_i/processing_system7_0/inst/buffer_fclk_clk_0.FCLK_CLK_0_BUFG/O
                         net (fo=63004, routed)       0.558     0.894    prometheus_pynq_z1_i/prometheus_soc_0/inst/u_prometheus_soc/grp_prometheus_soc_Pipeline_PROGRAM_LOOP_fu_62/ap_clk
    SLICE_X52Y5          FDRE                                         r  prometheus_pynq_z1_i/prometheus_soc_0/inst/u_prometheus_soc/grp_prometheus_soc_Pipeline_PROGRAM_LOOP_fu_62/exp_buf_168_fu_690_reg[10]/C
  -------------------------------------------------------------------    -------------------
    SLICE_X52Y5          FDRE (Prop_fdre_C_Q)         0.141     1.035 r  prometheus_pynq_z1_i/prometheus_soc_0/inst/u_prometheus_soc/grp_prometheus_soc_Pipeline_PROGRAM_LOOP_fu_62/exp_buf_168_fu_690_reg[10]/Q
                         net (fo=1, routed)           0.223     1.258    prometheus_pynq_z1_i/prometheus_soc_0/inst/u_prometheus_soc/grp_prometheus_soc_Pipeline_PROGRAM_LOOP_fu_62/grp_normalize_and_store_fu_3700/emit_prob_stream_U0/exp_buf_2_40_read_reg_3501_reg[31]_0[10]
    SLICE_X47Y5          FDRE                                         r  prometheus_pynq_z1_i/prometheus_soc_0/inst/u_prometheus_soc/grp_prometheus_soc_Pipeline_PROGRAM_LOOP_fu_62/grp_normalize_and_store_fu_3700/emit_prob_stream_U0/exp_buf_2_40_read_reg_3501_reg[10]/D
  -------------------------------------------------------------------    -------------------

                         (clock clk_fpga_0 rise edge)
                                                      0.000     0.000 r  
    PS7_X0Y0             PS7                          0.000     0.000 r  prometheus_pynq_z1_i/processing_system7_0/inst/PS7_i/FCLKCLK[0]
                         net (fo=1, routed)           0.337     0.337    prometheus_pynq_z1_i/processing_system7_0/inst/FCLK_CLK_unbuffered[0]
    BUFGCTRL_X0Y16       BUFG (Prop_bufg_I_O)         0.029     0.366 r  prometheus_pynq_z1_i/processing_system7_0/inst/buffer_fclk_clk_0.FCLK_CLK_0_BUFG/O
                         net (fo=63004, routed)       0.829     1.195    prometheus_pynq_z1_i/prometheus_soc_0/inst/u_prometheus_soc/grp_prometheus_soc_Pipeline_PROGRAM_LOOP_fu_62/grp_normalize_and_store_fu_3700/emit_prob_stream_U0/ap_clk
    SLICE_X47Y5          FDRE                                         r  prometheus_pynq_z1_i/prometheus_soc_0/inst/u_prometheus_soc/grp_prometheus_soc_Pipeline_PROGRAM_LOOP_fu_62/grp_normalize_and_store_fu_3700/emit_prob_stream_U0/exp_buf_2_40_read_reg_3501_reg[10]/C
                         clock pessimism             -0.035     1.160    
    SLICE_X47Y5          FDRE (Hold_fdre_C_D)         0.076     1.236    prometheus_pynq_z1_i/prometheus_soc_0/inst/u_prometheus_soc/grp_prometheus_soc_Pipeline_PROGRAM_LOOP_fu_62/grp_normalize_and_store_fu_3700/emit_prob_stream_U0/exp_buf_2_40_read_reg_3501_reg[10]
  -------------------------------------------------------------------
                         required time                         -1.236    
                         arrival time                           1.258    
  -------------------------------------------------------------------
                         slack                                  0.022    

Slack (MET) :             0.023ns  (arrival time - required time)
  Source:                 prometheus_pynq_z1_i/prometheus_soc_0/inst/u_prometheus_soc/grp_prometheus_soc_Pipeline_PROGRAM_LOOP_fu_62/grp_generate_exp_buffer_fu_3181/cache_exp_stream_U0/exp_buf_3_49_reg_reg[11]/C
                            (rising edge-triggered cell FDRE clocked by clk_fpga_0  {rise@0.000ns fall@5.938ns period=11.875ns})
  Destination:            prometheus_pynq_z1_i/prometheus_soc_0/inst/u_prometheus_soc/grp_prometheus_soc_Pipeline_PROGRAM_LOOP_fu_62/exp_buf_241_fu_398_reg[11]/D
                            (rising edge-triggered cell FDRE clocked by clk_fpga_0  {rise@0.000ns fall@5.938ns period=11.875ns})
  Path Group:             clk_fpga_0
  Path Type:              Hold (Min at Fast Process Corner)
  Requirement:            0.000ns  (clk_fpga_0 rise@0.000ns - clk_fpga_0 rise@0.000ns)
  Data Path Delay:        0.379ns  (logic 0.186ns (49.048%)  route 0.193ns (50.952%))
  Logic Levels:           1  (LUT6=1)
  Clock Path Skew:        0.265ns (DCD - SCD - CPR)
    Destination Clock Delay (DCD):    1.184ns
    Source Clock Delay      (SCD):    0.884ns
    Clock Pessimism Removal (CPR):    0.035ns

    Location             Delay type                Incr(ns)  Path(ns)    Netlist Resource(s)
  -------------------------------------------------------------------    -------------------
                         (clock clk_fpga_0 rise edge)
                                                      0.000     0.000 r  
    PS7_X0Y0             PS7                          0.000     0.000 r  prometheus_pynq_z1_i/processing_system7_0/inst/PS7_i/FCLKCLK[0]
                         net (fo=1, routed)           0.310     0.310    prometheus_pynq_z1_i/processing_system7_0/inst/FCLK_CLK_unbuffered[0]
    BUFGCTRL_X0Y16       BUFG (Prop_bufg_I_O)         0.026     0.336 r  prometheus_pynq_z1_i/processing_system7_0/inst/buffer_fclk_clk_0.FCLK_CLK_0_BUFG/O
                         net (fo=63004, routed)       0.548     0.884    prometheus_pynq_z1_i/prometheus_soc_0/inst/u_prometheus_soc/grp_prometheus_soc_Pipeline_PROGRAM_LOOP_fu_62/grp_generate_exp_buffer_fu_3181/cache_exp_stream_U0/ap_clk
    SLICE_X51Y27         FDRE                                         r  prometheus_pynq_z1_i/prometheus_soc_0/inst/u_prometheus_soc/grp_prometheus_soc_Pipeline_PROGRAM_LOOP_fu_62/grp_generate_exp_buffer_fu_3181/cache_exp_stream_U0/exp_buf_3_49_reg_reg[11]/C
  -------------------------------------------------------------------    -------------------
    SLICE_X51Y27         FDRE (Prop_fdre_C_Q)         0.141     1.025 r  prometheus_pynq_z1_i/prometheus_soc_0/inst/u_prometheus_soc/grp_prometheus_soc_Pipeline_PROGRAM_LOOP_fu_62/grp_generate_exp_buffer_fu_3181/cache_exp_stream_U0/exp_buf_3_49_reg_reg[11]/Q
                         net (fo=1, routed)           0.193     1.218    prometheus_pynq_z1_i/prometheus_soc_0/inst/u_prometheus_soc/grp_prometheus_soc_Pipeline_PROGRAM_LOOP_fu_62/grp_generate_exp_buffer_fu_3181/exp_stream_U/U_prometheus_soc_fifo_w132_d16_A_ram/exp_buf_3_49_reg[11]
    SLICE_X48Y29         LUT6 (Prop_lut6_I5_O)        0.045     1.263 r  prometheus_pynq_z1_i/prometheus_soc_0/inst/u_prometheus_soc/grp_prometheus_soc_Pipeline_PROGRAM_LOOP_fu_62/grp_generate_exp_buffer_fu_3181/exp_stream_U/U_prometheus_soc_fifo_w132_d16_A_ram/exp_buf_241_fu_398[11]_i_1/O
                         net (fo=1, routed)           0.000     1.263    prometheus_pynq_z1_i/prometheus_soc_0/inst/u_prometheus_soc/grp_prometheus_soc_Pipeline_PROGRAM_LOOP_fu_62/grp_generate_exp_buffer_fu_3181_exp_buf_3_49[11]
    SLICE_X48Y29         FDRE                                         r  prometheus_pynq_z1_i/prometheus_soc_0/inst/u_prometheus_soc/grp_prometheus_soc_Pipeline_PROGRAM_LOOP_fu_62/exp_buf_241_fu_398_reg[11]/D
  -------------------------------------------------------------------    -------------------

                         (clock clk_fpga_0 rise edge)
                                                      0.000     0.000 r  
    PS7_X0Y0             PS7                          0.000     0.000 r  prometheus_pynq_z1_i/processing_system7_0/inst/PS7_i/FCLKCLK[0]
                         net (fo=1, routed)           0.337     0.337    prometheus_pynq_z1_i/processing_system7_0/inst/FCLK_CLK_unbuffered[0]
    BUFGCTRL_X0Y16       BUFG (Prop_bufg_I_O)         0.029     0.366 r  prometheus_pynq_z1_i/processing_system7_0/inst/buffer_fclk_clk_0.FCLK_CLK_0_BUFG/O
                         net (fo=63004, routed)       0.818     1.184    prometheus_pynq_z1_i/prometheus_soc_0/inst/u_prometheus_soc/grp_prometheus_soc_Pipeline_PROGRAM_LOOP_fu_62/ap_clk
    SLICE_X48Y29         FDRE                                         r  prometheus_pynq_z1_i/prometheus_soc_0/inst/u_prometheus_soc/grp_prometheus_soc_Pipeline_PROGRAM_LOOP_fu_62/exp_buf_241_fu_398_reg[11]/C
                         clock pessimism             -0.035     1.149    
    SLICE_X48Y29         FDRE (Hold_fdre_C_D)         0.091     1.240    prometheus_pynq_z1_i/prometheus_soc_0/inst/u_prometheus_soc/grp_prometheus_soc_Pipeline_PROGRAM_LOOP_fu_62/exp_buf_241_fu_398_reg[11]
  -------------------------------------------------------------------
                         required time                         -1.240    
                         arrival time                           1.263    
  -------------------------------------------------------------------
                         slack                                  0.023    

Slack (MET) :             0.023ns  (arrival time - required time)
  Source:                 prometheus_pynq_z1_i/prometheus_soc_0/inst/u_prometheus_soc/grp_prometheus_soc_Pipeline_PROGRAM_LOOP_fu_62/logits_buf_71_fu_2102_reg[20]/C
                            (rising edge-triggered cell FDRE clocked by clk_fpga_0  {rise@0.000ns fall@5.938ns period=11.875ns})
  Destination:            prometheus_pynq_z1_i/prometheus_soc_0/inst/u_prometheus_soc/grp_prometheus_soc_Pipeline_PROGRAM_LOOP_fu_62/grp_generate_exp_buffer_fu_3181/emit_exp_stream_U0/logits_buf_1_7_read_reg_3016_reg[20]/D
                            (rising edge-triggered cell FDRE clocked by clk_fpga_0  {rise@0.000ns fall@5.938ns period=11.875ns})
  Path Group:             clk_fpga_0
  Path Type:              Hold (Min at Fast Process Corner)
  Requirement:            0.000ns  (clk_fpga_0 rise@0.000ns - clk_fpga_0 rise@0.000ns)
  Data Path Delay:        0.283ns  (logic 0.128ns (45.193%)  route 0.155ns (54.807%))
  Logic Levels:           0  
  Clock Path Skew:        0.267ns (DCD - SCD - CPR)
    Destination Clock Delay (DCD):    1.263ns
    Source Clock Delay      (SCD):    0.957ns
    Clock Pessimism Removal (CPR):    0.039ns

    Location             Delay type                Incr(ns)  Path(ns)    Netlist Resource(s)
  -------------------------------------------------------------------    -------------------
                         (clock clk_fpga_0 rise edge)
                                                      0.000     0.000 r  
    PS7_X0Y0             PS7                          0.000     0.000 r  prometheus_pynq_z1_i/processing_system7_0/inst/PS7_i/FCLKCLK[0]
                         net (fo=1, routed)           0.310     0.310    prometheus_pynq_z1_i/processing_system7_0/inst/FCLK_CLK_unbuffered[0]
    BUFGCTRL_X0Y16       BUFG (Prop_bufg_I_O)         0.026     0.336 r  prometheus_pynq_z1_i/processing_system7_0/inst/buffer_fclk_clk_0.FCLK_CLK_0_BUFG/O
                         net (fo=63004, routed)       0.621     0.957    prometheus_pynq_z1_i/prometheus_soc_0/inst/u_prometheus_soc/grp_prometheus_soc_Pipeline_PROGRAM_LOOP_fu_62/ap_clk
    SLICE_X51Y125        FDRE                                         r  prometheus_pynq_z1_i/prometheus_soc_0/inst/u_prometheus_soc/grp_prometheus_soc_Pipeline_PROGRAM_LOOP_fu_62/logits_buf_71_fu_2102_reg[20]/C
  -------------------------------------------------------------------    -------------------
    SLICE_X51Y125        FDRE (Prop_fdre_C_Q)         0.128     1.085 r  prometheus_pynq_z1_i/prometheus_soc_0/inst/u_prometheus_soc/grp_prometheus_soc_Pipeline_PROGRAM_LOOP_fu_62/logits_buf_71_fu_2102_reg[20]/Q
                         net (fo=1, routed)           0.155     1.240    prometheus_pynq_z1_i/prometheus_soc_0/inst/u_prometheus_soc/grp_prometheus_soc_Pipeline_PROGRAM_LOOP_fu_62/grp_generate_exp_buffer_fu_3181/emit_exp_stream_U0/logits_buf_71_fu_2102[20]
    SLICE_X49Y127        FDRE                                         r  prometheus_pynq_z1_i/prometheus_soc_0/inst/u_prometheus_soc/grp_prometheus_soc_Pipeline_PROGRAM_LOOP_fu_62/grp_generate_exp_buffer_fu_3181/emit_exp_stream_U0/logits_buf_1_7_read_reg_3016_reg[20]/D
  -------------------------------------------------------------------    -------------------

                         (clock clk_fpga_0 rise edge)
                                                      0.000     0.000 r  
    PS7_X0Y0             PS7                          0.000     0.000 r  prometheus_pynq_z1_i/processing_system7_0/inst/PS7_i/FCLKCLK[0]
                         net (fo=1, routed)           0.337     0.337    prometheus_pynq_z1_i/processing_system7_0/inst/FCLK_CLK_unbuffered[0]
    BUFGCTRL_X0Y16       BUFG (Prop_bufg_I_O)         0.029     0.366 r  prometheus_pynq_z1_i/processing_system7_0/inst/buffer_fclk_clk_0.FCLK_CLK_0_BUFG/O
                         net (fo=63004, routed)       0.897     1.263    prometheus_pynq_z1_i/prometheus_soc_0/inst/u_prometheus_soc/grp_prometheus_soc_Pipeline_PROGRAM_LOOP_fu_62/grp_generate_exp_buffer_fu_3181/emit_exp_stream_U0/ap_clk
    SLICE_X49Y127        FDRE                                         r  prometheus_pynq_z1_i/prometheus_soc_0/inst/u_prometheus_soc/grp_prometheus_soc_Pipeline_PROGRAM_LOOP_fu_62/grp_generate_exp_buffer_fu_3181/emit_exp_stream_U0/logits_buf_1_7_read_reg_3016_reg[20]/C
                         clock pessimism             -0.039     1.224    
    SLICE_X49Y127        FDRE (Hold_fdre_C_D)        -0.007     1.217    prometheus_pynq_z1_i/prometheus_soc_0/inst/u_prometheus_soc/grp_prometheus_soc_Pipeline_PROGRAM_LOOP_fu_62/grp_generate_exp_buffer_fu_3181/emit_exp_stream_U0/logits_buf_1_7_read_reg_3016_reg[20]
  -------------------------------------------------------------------
                         required time                         -1.217    
                         arrival time                           1.240    
  -------------------------------------------------------------------
                         slack                                  0.023    





Pulse Width Checks
--------------------------------------------------------------------------------------
Clock Name:         clk_fpga_0
Waveform(ns):       { 0.000 5.938 }
Period(ns):         11.875
Sources:            { prometheus_pynq_z1_i/processing_system7_0/inst/PS7_i/FCLKCLK[0] }

Check Type        Corner  Lib Pin      Reference Pin  Required(ns)  Actual(ns)  Slack(ns)  Location      Pin
Min Period        n/a     DSP48E1/CLK  n/a            3.884         11.875      7.991      DSP48_X3Y19   prometheus_pynq_z1_i/prometheus_soc_0/inst/u_prometheus_soc/grp_prometheus_soc_Pipeline_PROGRAM_LOOP_fu_62/prod_ss_reg_9492_reg/CLK
Min Period        n/a     DSP48E1/CLK  n/a            3.884         11.875      7.991      DSP48_X3Y17   prometheus_pynq_z1_i/prometheus_soc_0/inst/u_prometheus_soc/grp_prometheus_soc_Pipeline_PROGRAM_LOOP_fu_62/prod_ss_reg_9492_reg__0/CLK
Min Period        n/a     DSP48E1/CLK  n/a            3.884         11.875      7.991      DSP48_X3Y23   prometheus_pynq_z1_i/prometheus_soc_0/inst/u_prometheus_soc/grp_prometheus_soc_Pipeline_PROGRAM_LOOP_fu_62/res_38_reg_9503_reg/CLK
Min Period        n/a     DSP48E1/CLK  n/a            3.884         11.875      7.991      DSP48_X3Y27   prometheus_pynq_z1_i/prometheus_soc_0/inst/u_prometheus_soc/grp_prometheus_soc_Pipeline_PROGRAM_LOOP_fu_62/res_38_reg_9503_reg__0/CLK
Min Period        n/a     DSP48E1/CLK  n/a            3.884         11.875      7.991      DSP48_X3Y24   prometheus_pynq_z1_i/prometheus_soc_0/inst/u_prometheus_soc/grp_prometheus_soc_Pipeline_PROGRAM_LOOP_fu_62/res_39_reg_9498_reg/CLK
Min Period        n/a     DSP48E1/CLK  n/a            3.884         11.875      7.991      DSP48_X3Y26   prometheus_pynq_z1_i/prometheus_soc_0/inst/u_prometheus_soc/grp_prometheus_soc_Pipeline_PROGRAM_LOOP_fu_62/res_39_reg_9498_reg__0/CLK
Min Period        n/a     DSP48E1/CLK  n/a            3.884         11.875      7.991      DSP48_X3Y5    prometheus_pynq_z1_i/prometheus_soc_0/inst/u_prometheus_soc/grp_prometheus_soc_Pipeline_PROGRAM_LOOP_fu_62/grp_normalize_and_store_fu_3700/emit_prob_stream_U0/grp_emit_prob_stream_Pipeline_prob_emit_loop_fu_2106/pkt_v0_reg_3682_reg/CLK
Min Period        n/a     DSP48E1/CLK  n/a            3.884         11.875      7.991      DSP48_X3Y10   prometheus_pynq_z1_i/prometheus_soc_0/inst/u_prometheus_soc/grp_prometheus_soc_Pipeline_PROGRAM_LOOP_fu_62/grp_normalize_and_store_fu_3700/emit_prob_stream_U0/grp_emit_prob_stream_Pipeline_prob_emit_loop_fu_2106/pkt_v1_reg_3687_reg/CLK
Min Period        n/a     DSP48E1/CLK  n/a            3.884         11.875      7.991      DSP48_X2Y7    prometheus_pynq_z1_i/prometheus_soc_0/inst/u_prometheus_soc/grp_prometheus_soc_Pipeline_PROGRAM_LOOP_fu_62/grp_normalize_and_store_fu_3700/emit_prob_stream_U0/grp_emit_prob_stream_Pipeline_prob_emit_loop_fu_2106/pkt_v2_reg_3692_reg/CLK
Min Period        n/a     DSP48E1/CLK  n/a            3.884         11.875      7.991      DSP48_X2Y15   prometheus_pynq_z1_i/prometheus_soc_0/inst/u_prometheus_soc/grp_prometheus_soc_Pipeline_PROGRAM_LOOP_fu_62/grp_normalize_and_store_fu_3700/emit_prob_stream_U0/grp_emit_prob_stream_Pipeline_prob_emit_loop_fu_2106/pkt_v3_reg_3697_reg/CLK
Low Pulse Width   Slow    RAMD32/CLK   n/a            1.250         5.937       4.687      SLICE_X42Y75  <hidden>
Low Pulse Width   Fast    RAMD32/CLK   n/a            1.250         5.938       4.688      SLICE_X42Y75  <hidden>
Low Pulse Width   Slow    RAMD32/CLK   n/a            1.250         5.937       4.687      SLICE_X42Y75  <hidden>
Low Pulse Width   Fast    RAMD32/CLK   n/a            1.250         5.938       4.688      SLICE_X42Y75  <hidden>
Low Pulse Width   Slow    RAMD32/CLK   n/a            1.250         5.937       4.687      SLICE_X42Y75  <hidden>
Low Pulse Width   Fast    RAMD32/CLK   n/a            1.250         5.938       4.688      SLICE_X42Y75  <hidden>
Low Pulse Width   Slow    RAMD32/CLK   n/a            1.250         5.937       4.687      SLICE_X42Y75  <hidden>
Low Pulse Width   Fast    RAMD32/CLK   n/a            1.250         5.938       4.688      SLICE_X42Y75  <hidden>
Low Pulse Width   Slow    RAMD32/CLK   n/a            1.250         5.937       4.687      SLICE_X42Y75  <hidden>
Low Pulse Width   Fast    RAMD32/CLK   n/a            1.250         5.938       4.688      SLICE_X42Y75  <hidden>
High Pulse Width  Slow    RAMD32/CLK   n/a            1.250         5.938       4.688      SLICE_X42Y75  <hidden>
High Pulse Width  Fast    RAMD32/CLK   n/a            1.250         5.937       4.687      SLICE_X42Y75  <hidden>
High Pulse Width  Slow    RAMD32/CLK   n/a            1.250         5.938       4.688      SLICE_X42Y75  <hidden>
High Pulse Width  Fast    RAMD32/CLK   n/a            1.250         5.937       4.687      SLICE_X42Y75  <hidden>
High Pulse Width  Slow    RAMD32/CLK   n/a            1.250         5.938       4.688      SLICE_X42Y75  <hidden>
High Pulse Width  Fast    RAMD32/CLK   n/a            1.250         5.937       4.687      SLICE_X42Y75  <hidden>
High Pulse Width  Slow    RAMD32/CLK   n/a            1.250         5.938       4.688      SLICE_X42Y75  <hidden>
High Pulse Width  Fast    RAMD32/CLK   n/a            1.250         5.937       4.687      SLICE_X42Y75  <hidden>
High Pulse Width  Slow    RAMD32/CLK   n/a            1.250         5.938       4.688      SLICE_X42Y75  <hidden>
High Pulse Width  Fast    RAMD32/CLK   n/a            1.250         5.937       4.687      SLICE_X42Y75  <hidden>



--------------------------------------------------------------------------------------
Path Group:  (none)
From Clock:  
  To Clock:  clk_fpga_0

Max Delay             1 Endpoint
Min Delay             1 Endpoint
--------------------------------------------------------------------------------------


Max Delay Paths
--------------------------------------------------------------------------------------
Slack:                    inf
  Source:                 prometheus_pynq_z1_i/processing_system7_0/inst/PS7_i/FCLKRESETN[0]
                            (internal pin)
  Destination:            prometheus_pynq_z1_i/rst_ps7_0_84M/U0/EXT_LPF/ACTIVE_LOW_EXT.ACT_LO_EXT/syncstages_ff_reg[0]/D
                            (rising edge-triggered cell FDRE clocked by clk_fpga_0  {rise@0.000ns fall@5.938ns period=11.875ns})
  Path Group:             (none)
  Path Type:              Setup (Max at Slow Process Corner)
  Data Path Delay:        3.283ns  (logic 0.124ns (3.777%)  route 3.159ns (96.223%))
  Logic Levels:           1  (LUT1=1)
  Clock Uncertainty:      0.180ns  ((TSJ^2 + TIJ^2)^1/2 + DJ) / 2 + PE
    Total System Jitter     (TSJ):    0.050ns
    Total Input Jitter      (TIJ):    0.356ns
    Discrete Jitter          (DJ):    0.000ns
    Phase Error              (PE):    0.000ns
  Timing Exception:       False Path

    Location             Delay type                Incr(ns)  Path(ns)    Netlist Resource(s)
  -------------------------------------------------------------------    -------------------
    PS7_X0Y0             PS7                          0.000     0.000 f  prometheus_pynq_z1_i/processing_system7_0/inst/PS7_i/FCLKRESETN[0]
                         net (fo=1, routed)           2.224     2.224    prometheus_pynq_z1_i/rst_ps7_0_84M/U0/EXT_LPF/ext_reset_in
    SLICE_X31Y55         LUT1 (Prop_lut1_I0_O)        0.124     2.348 r  prometheus_pynq_z1_i/rst_ps7_0_84M/U0/EXT_LPF/ACTIVE_LOW_EXT.ACT_LO_EXT_i_1/O
                         net (fo=1, routed)           0.935     3.283    prometheus_pynq_z1_i/rst_ps7_0_84M/U0/EXT_LPF/ACTIVE_LOW_EXT.ACT_LO_EXT/src_in
    SLICE_X43Y55         FDRE                                         r  prometheus_pynq_z1_i/rst_ps7_0_84M/U0/EXT_LPF/ACTIVE_LOW_EXT.ACT_LO_EXT/syncstages_ff_reg[0]/D
  -------------------------------------------------------------------    -------------------

                         (clock clk_fpga_0 rise edge)
                                                      0.000     0.000 r  
    PS7_X0Y0             PS7                          0.000     0.000 r  prometheus_pynq_z1_i/processing_system7_0/inst/PS7_i/FCLKCLK[0]
                         net (fo=1, routed)           1.088     1.088    prometheus_pynq_z1_i/processing_system7_0/inst/FCLK_CLK_unbuffered[0]
    BUFGCTRL_X0Y16       BUFG (Prop_bufg_I_O)         0.091     1.179 r  prometheus_pynq_z1_i/processing_system7_0/inst/buffer_fclk_clk_0.FCLK_CLK_0_BUFG/O
                         net (fo=63004, routed)       1.479     2.658    prometheus_pynq_z1_i/rst_ps7_0_84M/U0/EXT_LPF/ACTIVE_LOW_EXT.ACT_LO_EXT/dest_clk
    SLICE_X43Y55         FDRE                                         r  prometheus_pynq_z1_i/rst_ps7_0_84M/U0/EXT_LPF/ACTIVE_LOW_EXT.ACT_LO_EXT/syncstages_ff_reg[0]/C





Min Delay Paths
--------------------------------------------------------------------------------------
Slack:                    inf
  Source:                 prometheus_pynq_z1_i/processing_system7_0/inst/PS7_i/FCLKRESETN[0]
                            (internal pin)
  Destination:            prometheus_pynq_z1_i/rst_ps7_0_84M/U0/EXT_LPF/ACTIVE_LOW_EXT.ACT_LO_EXT/syncstages_ff_reg[0]/D
                            (rising edge-triggered cell FDRE clocked by clk_fpga_0  {rise@0.000ns fall@5.938ns period=11.875ns})
  Path Group:             (none)
  Path Type:              Hold (Min at Fast Process Corner)
  Data Path Delay:        1.322ns  (logic 0.045ns (3.403%)  route 1.277ns (96.597%))
  Logic Levels:           1  (LUT1=1)
  Clock Uncertainty:      0.180ns  ((TSJ^2 + TIJ^2)^1/2 + DJ) / 2 + PE
    Total System Jitter     (TSJ):    0.050ns
    Total Input Jitter      (TIJ):    0.356ns
    Discrete Jitter          (DJ):    0.000ns
    Phase Error              (PE):    0.000ns
  Timing Exception:       False Path

    Location             Delay type                Incr(ns)  Path(ns)    Netlist Resource(s)
  -------------------------------------------------------------------    -------------------
    PS7_X0Y0             PS7                          0.000     0.000 f  prometheus_pynq_z1_i/processing_system7_0/inst/PS7_i/FCLKRESETN[0]
                         net (fo=1, routed)           0.864     0.864    prometheus_pynq_z1_i/rst_ps7_0_84M/U0/EXT_LPF/ext_reset_in
    SLICE_X31Y55         LUT1 (Prop_lut1_I0_O)        0.045     0.909 r  prometheus_pynq_z1_i/rst_ps7_0_84M/U0/EXT_LPF/ACTIVE_LOW_EXT.ACT_LO_EXT_i_1/O
                         net (fo=1, routed)           0.413     1.322    prometheus_pynq_z1_i/rst_ps7_0_84M/U0/EXT_LPF/ACTIVE_LOW_EXT.ACT_LO_EXT/src_in
    SLICE_X43Y55         FDRE                                         r  prometheus_pynq_z1_i/rst_ps7_0_84M/U0/EXT_LPF/ACTIVE_LOW_EXT.ACT_LO_EXT/syncstages_ff_reg[0]/D
  -------------------------------------------------------------------    -------------------

                         (clock clk_fpga_0 rise edge)
                                                      0.000     0.000 r  
    PS7_X0Y0             PS7                          0.000     0.000 r  prometheus_pynq_z1_i/processing_system7_0/inst/PS7_i/FCLKCLK[0]
                         net (fo=1, routed)           0.337     0.337    prometheus_pynq_z1_i/processing_system7_0/inst/FCLK_CLK_unbuffered[0]
    BUFGCTRL_X0Y16       BUFG (Prop_bufg_I_O)         0.029     0.366 r  prometheus_pynq_z1_i/processing_system7_0/inst/buffer_fclk_clk_0.FCLK_CLK_0_BUFG/O
                         net (fo=63004, routed)       0.824     1.190    prometheus_pynq_z1_i/rst_ps7_0_84M/U0/EXT_LPF/ACTIVE_LOW_EXT.ACT_LO_EXT/dest_clk
    SLICE_X43Y55         FDRE                                         r  prometheus_pynq_z1_i/rst_ps7_0_84M/U0/EXT_LPF/ACTIVE_LOW_EXT.ACT_LO_EXT/syncstages_ff_reg[0]/C





--------------------------------------------------------------------------------------
Path Group:  (none)
From Clock:  clk_fpga_0
  To Clock:  clk_fpga_0

Max Delay           111 Endpoints
Min Delay           111 Endpoints
--------------------------------------------------------------------------------------


Max Delay Paths
--------------------------------------------------------------------------------------
Slack:                    inf
  Source:                 prometheus_pynq_z1_i/prometheus_soc_0/inst/u_prometheus_soc/grp_prometheus_soc_Pipeline_PROGRAM_LOOP_fu_62/opcode_reg_8852_reg[1]/C
                            (rising edge-triggered cell FDRE clocked by clk_fpga_0  {rise@0.000ns fall@5.938ns period=11.875ns})
  Destination:            prometheus_pynq_z1_i/axi_gpio_status_0/U0/gpio_core_1/Not_Dual.INPUT_DOUBLE_REGS3/syncstages_ff_reg[0][2]/D
                            (rising edge-triggered cell FDRE clocked by clk_fpga_0  {rise@0.000ns fall@5.938ns period=11.875ns})
  Path Group:             (none)
  Path Type:              Setup (Max at Slow Process Corner)
  Data Path Delay:        8.352ns  (logic 1.512ns (18.103%)  route 6.840ns (81.897%))
  Logic Levels:           7  (LUT2=2 LUT4=1 LUT5=2 LUT6=2)
  Clock Path Skew:        -0.350ns (DCD - SCD + CPR)
    Destination Clock Delay (DCD):    2.655ns
    Source Clock Delay      (SCD):    3.005ns
    Clock Pessimism Removal (CPR):    0.000ns
  Clock Uncertainty:      0.181ns  ((TSJ^2 + TIJ^2)^1/2 + DJ) / 2 + PE
    Total System Jitter     (TSJ):    0.071ns
    Total Input Jitter      (TIJ):    0.356ns
    Discrete Jitter          (DJ):    0.000ns
    Phase Error              (PE):    0.000ns
  Timing Exception:       False Path

    Location             Delay type                Incr(ns)  Path(ns)    Netlist Resource(s)
  -------------------------------------------------------------------    -------------------
                         (clock clk_fpga_0 rise edge)
                                                      0.000     0.000 r  
    PS7_X0Y0             PS7                          0.000     0.000 r  prometheus_pynq_z1_i/processing_system7_0/inst/PS7_i/FCLKCLK[0]
                         net (fo=1, routed)           1.193     1.193    prometheus_pynq_z1_i/processing_system7_0/inst/FCLK_CLK_unbuffered[0]
    BUFGCTRL_X0Y16       BUFG (Prop_bufg_I_O)         0.101     1.294 r  prometheus_pynq_z1_i/processing_system7_0/inst/buffer_fclk_clk_0.FCLK_CLK_0_BUFG/O
                         net (fo=63004, routed)       1.711     3.005    prometheus_pynq_z1_i/prometheus_soc_0/inst/u_prometheus_soc/grp_prometheus_soc_Pipeline_PROGRAM_LOOP_fu_62/ap_clk
    SLICE_X55Y54         FDRE                                         r  prometheus_pynq_z1_i/prometheus_soc_0/inst/u_prometheus_soc/grp_prometheus_soc_Pipeline_PROGRAM_LOOP_fu_62/opcode_reg_8852_reg[1]/C
  -------------------------------------------------------------------    -------------------
    SLICE_X55Y54         FDRE (Prop_fdre_C_Q)         0.456     3.461 r  prometheus_pynq_z1_i/prometheus_soc_0/inst/u_prometheus_soc/grp_prometheus_soc_Pipeline_PROGRAM_LOOP_fu_62/opcode_reg_8852_reg[1]/Q
                         net (fo=7, routed)           0.858     4.319    prometheus_pynq_z1_i/prometheus_soc_0/inst/u_prometheus_soc/grp_prometheus_soc_Pipeline_PROGRAM_LOOP_fu_62/opcode_reg_8852[1]
    SLICE_X51Y54         LUT2 (Prop_lut2_I1_O)        0.124     4.443 f  prometheus_pynq_z1_i/prometheus_soc_0/inst/u_prometheus_soc/grp_prometheus_soc_Pipeline_PROGRAM_LOOP_fu_62/ap_predicate_pred2538_state6_i_2/O
                         net (fo=8, routed)           1.077     5.521    prometheus_pynq_z1_i/prometheus_soc_0/inst/u_prometheus_soc/grp_prometheus_soc_Pipeline_PROGRAM_LOOP_fu_62/ap_predicate_pred2538_state6_i_2_n_0
    SLICE_X63Y50         LUT6 (Prop_lut6_I4_O)        0.124     5.645 r  prometheus_pynq_z1_i/prometheus_soc_0/inst/u_prometheus_soc/grp_prometheus_soc_Pipeline_PROGRAM_LOOP_fu_62/ap_CS_fsm[29]_i_2/O
                         net (fo=2, routed)           0.765     6.410    prometheus_pynq_z1_i/prometheus_soc_0/inst/u_prometheus_soc/grp_prometheus_soc_Pipeline_PROGRAM_LOOP_fu_62/ap_CS_fsm[29]_i_2_n_0
    SLICE_X66Y48         LUT5 (Prop_lut5_I4_O)        0.124     6.534 r  prometheus_pynq_z1_i/prometheus_soc_0/inst/u_prometheus_soc/grp_prometheus_soc_Pipeline_PROGRAM_LOOP_fu_62/status[2]_INST_0_i_6/O
                         net (fo=1, routed)           0.312     6.846    prometheus_pynq_z1_i/prometheus_soc_0/inst/u_prometheus_soc/grp_prometheus_soc_Pipeline_PROGRAM_LOOP_fu_62/status[2]_INST_0_i_6_n_0
    SLICE_X66Y49         LUT5 (Prop_lut5_I0_O)        0.124     6.970 r  prometheus_pynq_z1_i/prometheus_soc_0/inst/u_prometheus_soc/grp_prometheus_soc_Pipeline_PROGRAM_LOOP_fu_62/status[2]_INST_0_i_4/O
                         net (fo=1, routed)           0.681     7.651    prometheus_pynq_z1_i/prometheus_soc_0/inst/u_prometheus_soc/grp_prometheus_soc_Pipeline_PROGRAM_LOOP_fu_62/status[2]_INST_0_i_4_n_0
    SLICE_X56Y50         LUT6 (Prop_lut6_I2_O)        0.124     7.775 f  prometheus_pynq_z1_i/prometheus_soc_0/inst/u_prometheus_soc/grp_prometheus_soc_Pipeline_PROGRAM_LOOP_fu_62/status[2]_INST_0_i_2/O
                         net (fo=4, routed)           0.812     8.587    prometheus_pynq_z1_i/prometheus_soc_0/inst/u_prometheus_soc/grp_prometheus_soc_Pipeline_PROGRAM_LOOP_fu_62/status[2]_INST_0_i_2_n_0
    SLICE_X54Y43         LUT4 (Prop_lut4_I1_O)        0.116     8.703 r  prometheus_pynq_z1_i/prometheus_soc_0/inst/u_prometheus_soc/grp_prometheus_soc_Pipeline_PROGRAM_LOOP_fu_62/status[2]_INST_0_i_1/O
                         net (fo=6, routed)           1.174     9.878    prometheus_pynq_z1_i/prometheus_soc_0/inst/u_prometheus_soc/grp_prometheus_soc_Pipeline_PROGRAM_LOOP_fu_62/grp_prometheus_soc_Pipeline_PROGRAM_LOOP_fu_62_ap_done
    SLICE_X46Y50         LUT2 (Prop_lut2_I1_O)        0.320    10.198 r  prometheus_pynq_z1_i/prometheus_soc_0/inst/u_prometheus_soc/grp_prometheus_soc_Pipeline_PROGRAM_LOOP_fu_62/status[2]_INST_0/O
                         net (fo=29, routed)          1.160    11.357    prometheus_pynq_z1_i/axi_gpio_status_0/U0/gpio_core_1/Not_Dual.INPUT_DOUBLE_REGS3/async_path_bit[2]
    SLICE_X44Y60         FDRE                                         r  prometheus_pynq_z1_i/axi_gpio_status_0/U0/gpio_core_1/Not_Dual.INPUT_DOUBLE_REGS3/syncstages_ff_reg[0][2]/D
  -------------------------------------------------------------------    -------------------

                         (clock clk_fpga_0 rise edge)
                                                      0.000     0.000 r  
    PS7_X0Y0             PS7                          0.000     0.000 r  prometheus_pynq_z1_i/processing_system7_0/inst/PS7_i/FCLKCLK[0]
                         net (fo=1, routed)           1.088     1.088    prometheus_pynq_z1_i/processing_system7_0/inst/FCLK_CLK_unbuffered[0]
    BUFGCTRL_X0Y16       BUFG (Prop_bufg_I_O)         0.091     1.179 r  prometheus_pynq_z1_i/processing_system7_0/inst/buffer_fclk_clk_0.FCLK_CLK_0_BUFG/O
                         net (fo=63004, routed)       1.476     2.655    prometheus_pynq_z1_i/axi_gpio_status_0/U0/gpio_core_1/Not_Dual.INPUT_DOUBLE_REGS3/dest_clk
    SLICE_X44Y60         FDRE                                         r  prometheus_pynq_z1_i/axi_gpio_status_0/U0/gpio_core_1/Not_Dual.INPUT_DOUBLE_REGS3/syncstages_ff_reg[0][2]/C

Slack:                    inf
  Source:                 prometheus_pynq_z1_i/smartconnect_0/inst/clk_map/psr_aclk/U0/ACTIVE_LOW_BSR_OUT_DFF[0].FDRE_BSR_N/C
                            (rising edge-triggered cell FDRE clocked by clk_fpga_0  {rise@0.000ns fall@5.938ns period=11.875ns})
  Destination:            <hidden>
                            (recovery check against rising-edge clock clk_fpga_0  {rise@0.000ns fall@5.938ns period=11.875ns})
  Path Group:             (none)
  Path Type:              Recovery (Max at Slow Process Corner)
  Data Path Delay:        8.231ns  (logic 0.580ns (7.047%)  route 7.651ns (92.953%))
  Logic Levels:           1  (LUT1=1)
  Clock Path Skew:        -0.117ns (DCD - SCD + CPR)
    Destination Clock Delay (DCD):    2.815ns
    Source Clock Delay      (SCD):    2.932ns
    Clock Pessimism Removal (CPR):    0.000ns
  Clock Uncertainty:      0.181ns  ((TSJ^2 + TIJ^2)^1/2 + DJ) / 2 + PE
    Total System Jitter     (TSJ):    0.071ns
    Total Input Jitter      (TIJ):    0.356ns
    Discrete Jitter          (DJ):    0.000ns
    Phase Error              (PE):    0.000ns
  Timing Exception:       False Path

    Location             Delay type                Incr(ns)  Path(ns)    Netlist Resource(s)
  -------------------------------------------------------------------    -------------------
                         (clock clk_fpga_0 rise edge)
                                                      0.000     0.000 r  
    PS7_X0Y0             PS7                          0.000     0.000 r  prometheus_pynq_z1_i/processing_system7_0/inst/PS7_i/FCLKCLK[0]
                         net (fo=1, routed)           1.193     1.193    prometheus_pynq_z1_i/processing_system7_0/inst/FCLK_CLK_unbuffered[0]
    BUFGCTRL_X0Y16       BUFG (Prop_bufg_I_O)         0.101     1.294 r  prometheus_pynq_z1_i/processing_system7_0/inst/buffer_fclk_clk_0.FCLK_CLK_0_BUFG/O
                         net (fo=63004, routed)       1.638     2.932    prometheus_pynq_z1_i/smartconnect_0/inst/clk_map/psr_aclk/U0/aclk
    SLICE_X51Y91         FDRE                                         r  prometheus_pynq_z1_i/smartconnect_0/inst/clk_map/psr_aclk/U0/ACTIVE_LOW_BSR_OUT_DFF[0].FDRE_BSR_N/C
  -------------------------------------------------------------------    -------------------
    SLICE_X51Y91         FDRE (Prop_fdre_C_Q)         0.456     3.388 r  prometheus_pynq_z1_i/smartconnect_0/inst/clk_map/psr_aclk/U0/ACTIVE_LOW_BSR_OUT_DFF[0].FDRE_BSR_N/Q
                         net (fo=26, routed)          6.539     9.927    <hidden>
    SLICE_X42Y121        LUT1 (Prop_lut1_I0_O)        0.124    10.051 f  <hidden>
                         net (fo=3, routed)           1.112    11.163    <hidden>
    SLICE_X42Y125        FDCE                                         f  <hidden>
  -------------------------------------------------------------------    -------------------

                         (clock clk_fpga_0 rise edge)
                                                      0.000     0.000 r  
    PS7_X0Y0             PS7                          0.000     0.000 r  prometheus_pynq_z1_i/processing_system7_0/inst/PS7_i/FCLKCLK[0]
                         net (fo=1, routed)           1.088     1.088    prometheus_pynq_z1_i/processing_system7_0/inst/FCLK_CLK_unbuffered[0]
    BUFGCTRL_X0Y16       BUFG (Prop_bufg_I_O)         0.091     1.179 r  prometheus_pynq_z1_i/processing_system7_0/inst/buffer_fclk_clk_0.FCLK_CLK_0_BUFG/O
                         net (fo=63004, routed)       1.636     2.815    <hidden>
    SLICE_X42Y125        FDCE                                         r  <hidden>

Slack:                    inf
  Source:                 prometheus_pynq_z1_i/smartconnect_0/inst/clk_map/psr_aclk/U0/ACTIVE_LOW_BSR_OUT_DFF[0].FDRE_BSR_N/C
                            (rising edge-triggered cell FDRE clocked by clk_fpga_0  {rise@0.000ns fall@5.938ns period=11.875ns})
  Destination:            <hidden>
                            (recovery check against rising-edge clock clk_fpga_0  {rise@0.000ns fall@5.938ns period=11.875ns})
  Path Group:             (none)
  Path Type:              Recovery (Max at Slow Process Corner)
  Data Path Delay:        8.231ns  (logic 0.580ns (7.047%)  route 7.651ns (92.953%))
  Logic Levels:           1  (LUT1=1)
  Clock Path Skew:        -0.117ns (DCD - SCD + CPR)
    Destination Clock Delay (DCD):    2.815ns
    Source Clock Delay      (SCD):    2.932ns
    Clock Pessimism Removal (CPR):    0.000ns
  Clock Uncertainty:      0.181ns  ((TSJ^2 + TIJ^2)^1/2 + DJ) / 2 + PE
    Total System Jitter     (TSJ):    0.071ns
    Total Input Jitter      (TIJ):    0.356ns
    Discrete Jitter          (DJ):    0.000ns
    Phase Error              (PE):    0.000ns
  Timing Exception:       False Path

    Location             Delay type                Incr(ns)  Path(ns)    Netlist Resource(s)
  -------------------------------------------------------------------    -------------------
                         (clock clk_fpga_0 rise edge)
                                                      0.000     0.000 r  
    PS7_X0Y0             PS7                          0.000     0.000 r  prometheus_pynq_z1_i/processing_system7_0/inst/PS7_i/FCLKCLK[0]
                         net (fo=1, routed)           1.193     1.193    prometheus_pynq_z1_i/processing_system7_0/inst/FCLK_CLK_unbuffered[0]
    BUFGCTRL_X0Y16       BUFG (Prop_bufg_I_O)         0.101     1.294 r  prometheus_pynq_z1_i/processing_system7_0/inst/buffer_fclk_clk_0.FCLK_CLK_0_BUFG/O
                         net (fo=63004, routed)       1.638     2.932    prometheus_pynq_z1_i/smartconnect_0/inst/clk_map/psr_aclk/U0/aclk
    SLICE_X51Y91         FDRE                                         r  prometheus_pynq_z1_i/smartconnect_0/inst/clk_map/psr_aclk/U0/ACTIVE_LOW_BSR_OUT_DFF[0].FDRE_BSR_N/C
  -------------------------------------------------------------------    -------------------
    SLICE_X51Y91         FDRE (Prop_fdre_C_Q)         0.456     3.388 r  prometheus_pynq_z1_i/smartconnect_0/inst/clk_map/psr_aclk/U0/ACTIVE_LOW_BSR_OUT_DFF[0].FDRE_BSR_N/Q
                         net (fo=26, routed)          6.539     9.927    <hidden>
    SLICE_X42Y121        LUT1 (Prop_lut1_I0_O)        0.124    10.051 f  <hidden>
                         net (fo=3, routed)           1.112    11.163    <hidden>
    SLICE_X42Y125        FDCE                                         f  <hidden>
  -------------------------------------------------------------------    -------------------

                         (clock clk_fpga_0 rise edge)
                                                      0.000     0.000 r  
    PS7_X0Y0             PS7                          0.000     0.000 r  prometheus_pynq_z1_i/processing_system7_0/inst/PS7_i/FCLKCLK[0]
                         net (fo=1, routed)           1.088     1.088    prometheus_pynq_z1_i/processing_system7_0/inst/FCLK_CLK_unbuffered[0]
    BUFGCTRL_X0Y16       BUFG (Prop_bufg_I_O)         0.091     1.179 r  prometheus_pynq_z1_i/processing_system7_0/inst/buffer_fclk_clk_0.FCLK_CLK_0_BUFG/O
                         net (fo=63004, routed)       1.636     2.815    <hidden>
    SLICE_X42Y125        FDCE                                         r  <hidden>

Slack:                    inf
  Source:                 prometheus_pynq_z1_i/smartconnect_0/inst/clk_map/psr_aclk/U0/ACTIVE_LOW_BSR_OUT_DFF[0].FDRE_BSR_N/C
                            (rising edge-triggered cell FDRE clocked by clk_fpga_0  {rise@0.000ns fall@5.938ns period=11.875ns})
  Destination:            <hidden>
                            (recovery check against rising-edge clock clk_fpga_0  {rise@0.000ns fall@5.938ns period=11.875ns})
  Path Group:             (none)
  Path Type:              Recovery (Max at Slow Process Corner)
  Data Path Delay:        8.231ns  (logic 0.580ns (7.047%)  route 7.651ns (92.953%))
  Logic Levels:           1  (LUT1=1)
  Clock Path Skew:        -0.117ns (DCD - SCD + CPR)
    Destination Clock Delay (DCD):    2.815ns
    Source Clock Delay      (SCD):    2.932ns
    Clock Pessimism Removal (CPR):    0.000ns
  Clock Uncertainty:      0.181ns  ((TSJ^2 + TIJ^2)^1/2 + DJ) / 2 + PE
    Total System Jitter     (TSJ):    0.071ns
    Total Input Jitter      (TIJ):    0.356ns
    Discrete Jitter          (DJ):    0.000ns
    Phase Error              (PE):    0.000ns
  Timing Exception:       False Path

    Location             Delay type                Incr(ns)  Path(ns)    Netlist Resource(s)
  -------------------------------------------------------------------    -------------------
                         (clock clk_fpga_0 rise edge)
                                                      0.000     0.000 r  
    PS7_X0Y0             PS7                          0.000     0.000 r  prometheus_pynq_z1_i/processing_system7_0/inst/PS7_i/FCLKCLK[0]
                         net (fo=1, routed)           1.193     1.193    prometheus_pynq_z1_i/processing_system7_0/inst/FCLK_CLK_unbuffered[0]
    BUFGCTRL_X0Y16       BUFG (Prop_bufg_I_O)         0.101     1.294 r  prometheus_pynq_z1_i/processing_system7_0/inst/buffer_fclk_clk_0.FCLK_CLK_0_BUFG/O
                         net (fo=63004, routed)       1.638     2.932    prometheus_pynq_z1_i/smartconnect_0/inst/clk_map/psr_aclk/U0/aclk
    SLICE_X51Y91         FDRE                                         r  prometheus_pynq_z1_i/smartconnect_0/inst/clk_map/psr_aclk/U0/ACTIVE_LOW_BSR_OUT_DFF[0].FDRE_BSR_N/C
  -------------------------------------------------------------------    -------------------
    SLICE_X51Y91         FDRE (Prop_fdre_C_Q)         0.456     3.388 r  prometheus_pynq_z1_i/smartconnect_0/inst/clk_map/psr_aclk/U0/ACTIVE_LOW_BSR_OUT_DFF[0].FDRE_BSR_N/Q
                         net (fo=26, routed)          6.539     9.927    <hidden>
    SLICE_X42Y121        LUT1 (Prop_lut1_I0_O)        0.124    10.051 f  <hidden>
                         net (fo=3, routed)           1.112    11.163    <hidden>
    SLICE_X42Y125        FDCE                                         f  <hidden>
  -------------------------------------------------------------------    -------------------

                         (clock clk_fpga_0 rise edge)
                                                      0.000     0.000 r  
    PS7_X0Y0             PS7                          0.000     0.000 r  prometheus_pynq_z1_i/processing_system7_0/inst/PS7_i/FCLKCLK[0]
                         net (fo=1, routed)           1.088     1.088    prometheus_pynq_z1_i/processing_system7_0/inst/FCLK_CLK_unbuffered[0]
    BUFGCTRL_X0Y16       BUFG (Prop_bufg_I_O)         0.091     1.179 r  prometheus_pynq_z1_i/processing_system7_0/inst/buffer_fclk_clk_0.FCLK_CLK_0_BUFG/O
                         net (fo=63004, routed)       1.636     2.815    <hidden>
    SLICE_X42Y125        FDCE                                         r  <hidden>

Slack:                    inf
  Source:                 prometheus_pynq_z1_i/smartconnect_0/inst/clk_map/psr_aclk/U0/ACTIVE_LOW_BSR_OUT_DFF[0].FDRE_BSR_N/C
                            (rising edge-triggered cell FDRE clocked by clk_fpga_0  {rise@0.000ns fall@5.938ns period=11.875ns})
  Destination:            <hidden>
                            (recovery check against rising-edge clock clk_fpga_0  {rise@0.000ns fall@5.938ns period=11.875ns})
  Path Group:             (none)
  Path Type:              Recovery (Max at Slow Process Corner)
  Data Path Delay:        7.136ns  (logic 0.610ns (8.549%)  route 6.526ns (91.451%))
  Logic Levels:           1  (LUT1=1)
  Clock Path Skew:        -0.058ns (DCD - SCD + CPR)
    Destination Clock Delay (DCD):    2.874ns
    Source Clock Delay      (SCD):    2.932ns
    Clock Pessimism Removal (CPR):    0.000ns
  Clock Uncertainty:      0.181ns  ((TSJ^2 + TIJ^2)^1/2 + DJ) / 2 + PE
    Total System Jitter     (TSJ):    0.071ns
    Total Input Jitter      (TIJ):    0.356ns
    Discrete Jitter          (DJ):    0.000ns
    Phase Error              (PE):    0.000ns
  Timing Exception:       False Path

    Location             Delay type                Incr(ns)  Path(ns)    Netlist Resource(s)
  -------------------------------------------------------------------    -------------------
                         (clock clk_fpga_0 rise edge)
                                                      0.000     0.000 r  
    PS7_X0Y0             PS7                          0.000     0.000 r  prometheus_pynq_z1_i/processing_system7_0/inst/PS7_i/FCLKCLK[0]
                         net (fo=1, routed)           1.193     1.193    prometheus_pynq_z1_i/processing_system7_0/inst/FCLK_CLK_unbuffered[0]
    BUFGCTRL_X0Y16       BUFG (Prop_bufg_I_O)         0.101     1.294 r  prometheus_pynq_z1_i/processing_system7_0/inst/buffer_fclk_clk_0.FCLK_CLK_0_BUFG/O
                         net (fo=63004, routed)       1.638     2.932    prometheus_pynq_z1_i/smartconnect_0/inst/clk_map/psr_aclk/U0/aclk
    SLICE_X51Y91         FDRE                                         r  prometheus_pynq_z1_i/smartconnect_0/inst/clk_map/psr_aclk/U0/ACTIVE_LOW_BSR_OUT_DFF[0].FDRE_BSR_N/C
  -------------------------------------------------------------------    -------------------
    SLICE_X51Y91         FDRE (Prop_fdre_C_Q)         0.456     3.388 r  prometheus_pynq_z1_i/smartconnect_0/inst/clk_map/psr_aclk/U0/ACTIVE_LOW_BSR_OUT_DFF[0].FDRE_BSR_N/Q
                         net (fo=26, routed)          5.994     9.382    <hidden>
    SLICE_X31Y112        LUT1 (Prop_lut1_I0_O)        0.154     9.536 f  <hidden>
                         net (fo=3, routed)           0.532    10.068    <hidden>
    SLICE_X31Y112        FDCE                                         f  <hidden>
  -------------------------------------------------------------------    -------------------

                         (clock clk_fpga_0 rise edge)
                                                      0.000     0.000 r  
    PS7_X0Y0             PS7                          0.000     0.000 r  prometheus_pynq_z1_i/processing_system7_0/inst/PS7_i/FCLKCLK[0]
                         net (fo=1, routed)           1.088     1.088    prometheus_pynq_z1_i/processing_system7_0/inst/FCLK_CLK_unbuffered[0]
    BUFGCTRL_X0Y16       BUFG (Prop_bufg_I_O)         0.091     1.179 r  prometheus_pynq_z1_i/processing_system7_0/inst/buffer_fclk_clk_0.FCLK_CLK_0_BUFG/O
                         net (fo=63004, routed)       1.695     2.874    <hidden>
    SLICE_X31Y112        FDCE                                         r  <hidden>

Slack:                    inf
  Source:                 prometheus_pynq_z1_i/smartconnect_0/inst/clk_map/psr_aclk/U0/ACTIVE_LOW_BSR_OUT_DFF[0].FDRE_BSR_N/C
                            (rising edge-triggered cell FDRE clocked by clk_fpga_0  {rise@0.000ns fall@5.938ns period=11.875ns})
  Destination:            <hidden>
                            (recovery check against rising-edge clock clk_fpga_0  {rise@0.000ns fall@5.938ns period=11.875ns})
  Path Group:             (none)
  Path Type:              Recovery (Max at Slow Process Corner)
  Data Path Delay:        7.136ns  (logic 0.610ns (8.549%)  route 6.526ns (91.451%))
  Logic Levels:           1  (LUT1=1)
  Clock Path Skew:        -0.058ns (DCD - SCD + CPR)
    Destination Clock Delay (DCD):    2.874ns
    Source Clock Delay      (SCD):    2.932ns
    Clock Pessimism Removal (CPR):    0.000ns
  Clock Uncertainty:      0.181ns  ((TSJ^2 + TIJ^2)^1/2 + DJ) / 2 + PE
    Total System Jitter     (TSJ):    0.071ns
    Total Input Jitter      (TIJ):    0.356ns
    Discrete Jitter          (DJ):    0.000ns
    Phase Error              (PE):    0.000ns
  Timing Exception:       False Path

    Location             Delay type                Incr(ns)  Path(ns)    Netlist Resource(s)
  -------------------------------------------------------------------    -------------------
                         (clock clk_fpga_0 rise edge)
                                                      0.000     0.000 r  
    PS7_X0Y0             PS7                          0.000     0.000 r  prometheus_pynq_z1_i/processing_system7_0/inst/PS7_i/FCLKCLK[0]
                         net (fo=1, routed)           1.193     1.193    prometheus_pynq_z1_i/processing_system7_0/inst/FCLK_CLK_unbuffered[0]
    BUFGCTRL_X0Y16       BUFG (Prop_bufg_I_O)         0.101     1.294 r  prometheus_pynq_z1_i/processing_system7_0/inst/buffer_fclk_clk_0.FCLK_CLK_0_BUFG/O
                         net (fo=63004, routed)       1.638     2.932    prometheus_pynq_z1_i/smartconnect_0/inst/clk_map/psr_aclk/U0/aclk
    SLICE_X51Y91         FDRE                                         r  prometheus_pynq_z1_i/smartconnect_0/inst/clk_map/psr_aclk/U0/ACTIVE_LOW_BSR_OUT_DFF[0].FDRE_BSR_N/C
  -------------------------------------------------------------------    -------------------
    SLICE_X51Y91         FDRE (Prop_fdre_C_Q)         0.456     3.388 r  prometheus_pynq_z1_i/smartconnect_0/inst/clk_map/psr_aclk/U0/ACTIVE_LOW_BSR_OUT_DFF[0].FDRE_BSR_N/Q
                         net (fo=26, routed)          5.994     9.382    <hidden>
    SLICE_X31Y112        LUT1 (Prop_lut1_I0_O)        0.154     9.536 f  <hidden>
                         net (fo=3, routed)           0.532    10.068    <hidden>
    SLICE_X31Y112        FDCE                                         f  <hidden>
  -------------------------------------------------------------------    -------------------

                         (clock clk_fpga_0 rise edge)
                                                      0.000     0.000 r  
    PS7_X0Y0             PS7                          0.000     0.000 r  prometheus_pynq_z1_i/processing_system7_0/inst/PS7_i/FCLKCLK[0]
                         net (fo=1, routed)           1.088     1.088    prometheus_pynq_z1_i/processing_system7_0/inst/FCLK_CLK_unbuffered[0]
    BUFGCTRL_X0Y16       BUFG (Prop_bufg_I_O)         0.091     1.179 r  prometheus_pynq_z1_i/processing_system7_0/inst/buffer_fclk_clk_0.FCLK_CLK_0_BUFG/O
                         net (fo=63004, routed)       1.695     2.874    <hidden>
    SLICE_X31Y112        FDCE                                         r  <hidden>

Slack:                    inf
  Source:                 prometheus_pynq_z1_i/smartconnect_0/inst/clk_map/psr_aclk/U0/ACTIVE_LOW_BSR_OUT_DFF[0].FDRE_BSR_N/C
                            (rising edge-triggered cell FDRE clocked by clk_fpga_0  {rise@0.000ns fall@5.938ns period=11.875ns})
  Destination:            <hidden>
                            (recovery check against rising-edge clock clk_fpga_0  {rise@0.000ns fall@5.938ns period=11.875ns})
  Path Group:             (none)
  Path Type:              Recovery (Max at Slow Process Corner)
  Data Path Delay:        7.136ns  (logic 0.610ns (8.549%)  route 6.526ns (91.451%))
  Logic Levels:           1  (LUT1=1)
  Clock Path Skew:        -0.058ns (DCD - SCD + CPR)
    Destination Clock Delay (DCD):    2.874ns
    Source Clock Delay      (SCD):    2.932ns
    Clock Pessimism Removal (CPR):    0.000ns
  Clock Uncertainty:      0.181ns  ((TSJ^2 + TIJ^2)^1/2 + DJ) / 2 + PE
    Total System Jitter     (TSJ):    0.071ns
    Total Input Jitter      (TIJ):    0.356ns
    Discrete Jitter          (DJ):    0.000ns
    Phase Error              (PE):    0.000ns
  Timing Exception:       False Path

    Location             Delay type                Incr(ns)  Path(ns)    Netlist Resource(s)
  -------------------------------------------------------------------    -------------------
                         (clock clk_fpga_0 rise edge)
                                                      0.000     0.000 r  
    PS7_X0Y0             PS7                          0.000     0.000 r  prometheus_pynq_z1_i/processing_system7_0/inst/PS7_i/FCLKCLK[0]
                         net (fo=1, routed)           1.193     1.193    prometheus_pynq_z1_i/processing_system7_0/inst/FCLK_CLK_unbuffered[0]
    BUFGCTRL_X0Y16       BUFG (Prop_bufg_I_O)         0.101     1.294 r  prometheus_pynq_z1_i/processing_system7_0/inst/buffer_fclk_clk_0.FCLK_CLK_0_BUFG/O
                         net (fo=63004, routed)       1.638     2.932    prometheus_pynq_z1_i/smartconnect_0/inst/clk_map/psr_aclk/U0/aclk
    SLICE_X51Y91         FDRE                                         r  prometheus_pynq_z1_i/smartconnect_0/inst/clk_map/psr_aclk/U0/ACTIVE_LOW_BSR_OUT_DFF[0].FDRE_BSR_N/C
  -------------------------------------------------------------------    -------------------
    SLICE_X51Y91         FDRE (Prop_fdre_C_Q)         0.456     3.388 r  prometheus_pynq_z1_i/smartconnect_0/inst/clk_map/psr_aclk/U0/ACTIVE_LOW_BSR_OUT_DFF[0].FDRE_BSR_N/Q
                         net (fo=26, routed)          5.994     9.382    <hidden>
    SLICE_X31Y112        LUT1 (Prop_lut1_I0_O)        0.154     9.536 f  <hidden>
                         net (fo=3, routed)           0.532    10.068    <hidden>
    SLICE_X31Y112        FDCE                                         f  <hidden>
  -------------------------------------------------------------------    -------------------

                         (clock clk_fpga_0 rise edge)
                                                      0.000     0.000 r  
    PS7_X0Y0             PS7                          0.000     0.000 r  prometheus_pynq_z1_i/processing_system7_0/inst/PS7_i/FCLKCLK[0]
                         net (fo=1, routed)           1.088     1.088    prometheus_pynq_z1_i/processing_system7_0/inst/FCLK_CLK_unbuffered[0]
    BUFGCTRL_X0Y16       BUFG (Prop_bufg_I_O)         0.091     1.179 r  prometheus_pynq_z1_i/processing_system7_0/inst/buffer_fclk_clk_0.FCLK_CLK_0_BUFG/O
                         net (fo=63004, routed)       1.695     2.874    <hidden>
    SLICE_X31Y112        FDCE                                         r  <hidden>

Slack:                    inf
  Source:                 prometheus_pynq_z1_i/smartconnect_0/inst/clk_map/psr_aclk/U0/ACTIVE_LOW_BSR_OUT_DFF[0].FDRE_BSR_N/C
                            (rising edge-triggered cell FDRE clocked by clk_fpga_0  {rise@0.000ns fall@5.938ns period=11.875ns})
  Destination:            <hidden>
                            (recovery check against rising-edge clock clk_fpga_0  {rise@0.000ns fall@5.938ns period=11.875ns})
  Path Group:             (none)
  Path Type:              Recovery (Max at Slow Process Corner)
  Data Path Delay:        6.914ns  (logic 0.580ns (8.389%)  route 6.334ns (91.611%))
  Logic Levels:           1  (LUT1=1)
  Clock Path Skew:        -0.059ns (DCD - SCD + CPR)
    Destination Clock Delay (DCD):    2.873ns
    Source Clock Delay      (SCD):    2.932ns
    Clock Pessimism Removal (CPR):    0.000ns
  Clock Uncertainty:      0.181ns  ((TSJ^2 + TIJ^2)^1/2 + DJ) / 2 + PE
    Total System Jitter     (TSJ):    0.071ns
    Total Input Jitter      (TIJ):    0.356ns
    Discrete Jitter          (DJ):    0.000ns
    Phase Error              (PE):    0.000ns
  Timing Exception:       False Path

    Location             Delay type                Incr(ns)  Path(ns)    Netlist Resource(s)
  -------------------------------------------------------------------    -------------------
                         (clock clk_fpga_0 rise edge)
                                                      0.000     0.000 r  
    PS7_X0Y0             PS7                          0.000     0.000 r  prometheus_pynq_z1_i/processing_system7_0/inst/PS7_i/FCLKCLK[0]
                         net (fo=1, routed)           1.193     1.193    prometheus_pynq_z1_i/processing_system7_0/inst/FCLK_CLK_unbuffered[0]
    BUFGCTRL_X0Y16       BUFG (Prop_bufg_I_O)         0.101     1.294 r  prometheus_pynq_z1_i/processing_system7_0/inst/buffer_fclk_clk_0.FCLK_CLK_0_BUFG/O
                         net (fo=63004, routed)       1.638     2.932    prometheus_pynq_z1_i/smartconnect_0/inst/clk_map/psr_aclk/U0/aclk
    SLICE_X51Y91         FDRE                                         r  prometheus_pynq_z1_i/smartconnect_0/inst/clk_map/psr_aclk/U0/ACTIVE_LOW_BSR_OUT_DFF[0].FDRE_BSR_N/C
  -------------------------------------------------------------------    -------------------
    SLICE_X51Y91         FDRE (Prop_fdre_C_Q)         0.456     3.388 r  prometheus_pynq_z1_i/smartconnect_0/inst/clk_map/psr_aclk/U0/ACTIVE_LOW_BSR_OUT_DFF[0].FDRE_BSR_N/Q
                         net (fo=26, routed)          5.994     9.382    <hidden>
    SLICE_X31Y112        LUT1 (Prop_lut1_I0_O)        0.124     9.506 f  <hidden>
                         net (fo=3, routed)           0.340     9.846    <hidden>
    SLICE_X30Y113        FDCE                                         f  <hidden>
  -------------------------------------------------------------------    -------------------

                         (clock clk_fpga_0 rise edge)
                                                      0.000     0.000 r  
    PS7_X0Y0             PS7                          0.000     0.000 r  prometheus_pynq_z1_i/processing_system7_0/inst/PS7_i/FCLKCLK[0]
                         net (fo=1, routed)           1.088     1.088    prometheus_pynq_z1_i/processing_system7_0/inst/FCLK_CLK_unbuffered[0]
    BUFGCTRL_X0Y16       BUFG (Prop_bufg_I_O)         0.091     1.179 r  prometheus_pynq_z1_i/processing_system7_0/inst/buffer_fclk_clk_0.FCLK_CLK_0_BUFG/O
                         net (fo=63004, routed)       1.694     2.873    <hidden>
    SLICE_X30Y113        FDCE                                         r  <hidden>

Slack:                    inf
  Source:                 prometheus_pynq_z1_i/smartconnect_0/inst/clk_map/psr_aclk/U0/ACTIVE_LOW_BSR_OUT_DFF[0].FDRE_BSR_N/C
                            (rising edge-triggered cell FDRE clocked by clk_fpga_0  {rise@0.000ns fall@5.938ns period=11.875ns})
  Destination:            <hidden>
                            (recovery check against rising-edge clock clk_fpga_0  {rise@0.000ns fall@5.938ns period=11.875ns})
  Path Group:             (none)
  Path Type:              Recovery (Max at Slow Process Corner)
  Data Path Delay:        6.914ns  (logic 0.580ns (8.389%)  route 6.334ns (91.611%))
  Logic Levels:           1  (LUT1=1)
  Clock Path Skew:        -0.059ns (DCD - SCD + CPR)
    Destination Clock Delay (DCD):    2.873ns
    Source Clock Delay      (SCD):    2.932ns
    Clock Pessimism Removal (CPR):    0.000ns
  Clock Uncertainty:      0.181ns  ((TSJ^2 + TIJ^2)^1/2 + DJ) / 2 + PE
    Total System Jitter     (TSJ):    0.071ns
    Total Input Jitter      (TIJ):    0.356ns
    Discrete Jitter          (DJ):    0.000ns
    Phase Error              (PE):    0.000ns
  Timing Exception:       False Path

    Location             Delay type                Incr(ns)  Path(ns)    Netlist Resource(s)
  -------------------------------------------------------------------    -------------------
                         (clock clk_fpga_0 rise edge)
                                                      0.000     0.000 r  
    PS7_X0Y0             PS7                          0.000     0.000 r  prometheus_pynq_z1_i/processing_system7_0/inst/PS7_i/FCLKCLK[0]
                         net (fo=1, routed)           1.193     1.193    prometheus_pynq_z1_i/processing_system7_0/inst/FCLK_CLK_unbuffered[0]
    BUFGCTRL_X0Y16       BUFG (Prop_bufg_I_O)         0.101     1.294 r  prometheus_pynq_z1_i/processing_system7_0/inst/buffer_fclk_clk_0.FCLK_CLK_0_BUFG/O
                         net (fo=63004, routed)       1.638     2.932    prometheus_pynq_z1_i/smartconnect_0/inst/clk_map/psr_aclk/U0/aclk
    SLICE_X51Y91         FDRE                                         r  prometheus_pynq_z1_i/smartconnect_0/inst/clk_map/psr_aclk/U0/ACTIVE_LOW_BSR_OUT_DFF[0].FDRE_BSR_N/C
  -------------------------------------------------------------------    -------------------
    SLICE_X51Y91         FDRE (Prop_fdre_C_Q)         0.456     3.388 r  prometheus_pynq_z1_i/smartconnect_0/inst/clk_map/psr_aclk/U0/ACTIVE_LOW_BSR_OUT_DFF[0].FDRE_BSR_N/Q
                         net (fo=26, routed)          5.994     9.382    <hidden>
    SLICE_X31Y112        LUT1 (Prop_lut1_I0_O)        0.124     9.506 f  <hidden>
                         net (fo=3, routed)           0.340     9.846    <hidden>
    SLICE_X30Y113        FDCE                                         f  <hidden>
  -------------------------------------------------------------------    -------------------

                         (clock clk_fpga_0 rise edge)
                                                      0.000     0.000 r  
    PS7_X0Y0             PS7                          0.000     0.000 r  prometheus_pynq_z1_i/processing_system7_0/inst/PS7_i/FCLKCLK[0]
                         net (fo=1, routed)           1.088     1.088    prometheus_pynq_z1_i/processing_system7_0/inst/FCLK_CLK_unbuffered[0]
    BUFGCTRL_X0Y16       BUFG (Prop_bufg_I_O)         0.091     1.179 r  prometheus_pynq_z1_i/processing_system7_0/inst/buffer_fclk_clk_0.FCLK_CLK_0_BUFG/O
                         net (fo=63004, routed)       1.694     2.873    <hidden>
    SLICE_X30Y113        FDCE                                         r  <hidden>

Slack:                    inf
  Source:                 prometheus_pynq_z1_i/smartconnect_0/inst/clk_map/psr_aclk/U0/ACTIVE_LOW_BSR_OUT_DFF[0].FDRE_BSR_N/C
                            (rising edge-triggered cell FDRE clocked by clk_fpga_0  {rise@0.000ns fall@5.938ns period=11.875ns})
  Destination:            <hidden>
                            (recovery check against rising-edge clock clk_fpga_0  {rise@0.000ns fall@5.938ns period=11.875ns})
  Path Group:             (none)
  Path Type:              Recovery (Max at Slow Process Corner)
  Data Path Delay:        6.914ns  (logic 0.580ns (8.389%)  route 6.334ns (91.611%))
  Logic Levels:           1  (LUT1=1)
  Clock Path Skew:        -0.059ns (DCD - SCD + CPR)
    Destination Clock Delay (DCD):    2.873ns
    Source Clock Delay      (SCD):    2.932ns
    Clock Pessimism Removal (CPR):    0.000ns
  Clock Uncertainty:      0.181ns  ((TSJ^2 + TIJ^2)^1/2 + DJ) / 2 + PE
    Total System Jitter     (TSJ):    0.071ns
    Total Input Jitter      (TIJ):    0.356ns
    Discrete Jitter          (DJ):    0.000ns
    Phase Error              (PE):    0.000ns
  Timing Exception:       False Path

    Location             Delay type                Incr(ns)  Path(ns)    Netlist Resource(s)
  -------------------------------------------------------------------    -------------------
                         (clock clk_fpga_0 rise edge)
                                                      0.000     0.000 r  
    PS7_X0Y0             PS7                          0.000     0.000 r  prometheus_pynq_z1_i/processing_system7_0/inst/PS7_i/FCLKCLK[0]
                         net (fo=1, routed)           1.193     1.193    prometheus_pynq_z1_i/processing_system7_0/inst/FCLK_CLK_unbuffered[0]
    BUFGCTRL_X0Y16       BUFG (Prop_bufg_I_O)         0.101     1.294 r  prometheus_pynq_z1_i/processing_system7_0/inst/buffer_fclk_clk_0.FCLK_CLK_0_BUFG/O
                         net (fo=63004, routed)       1.638     2.932    prometheus_pynq_z1_i/smartconnect_0/inst/clk_map/psr_aclk/U0/aclk
    SLICE_X51Y91         FDRE                                         r  prometheus_pynq_z1_i/smartconnect_0/inst/clk_map/psr_aclk/U0/ACTIVE_LOW_BSR_OUT_DFF[0].FDRE_BSR_N/C
  -------------------------------------------------------------------    -------------------
    SLICE_X51Y91         FDRE (Prop_fdre_C_Q)         0.456     3.388 r  prometheus_pynq_z1_i/smartconnect_0/inst/clk_map/psr_aclk/U0/ACTIVE_LOW_BSR_OUT_DFF[0].FDRE_BSR_N/Q
                         net (fo=26, routed)          5.994     9.382    <hidden>
    SLICE_X31Y112        LUT1 (Prop_lut1_I0_O)        0.124     9.506 f  <hidden>
                         net (fo=3, routed)           0.340     9.846    <hidden>
    SLICE_X30Y113        FDCE                                         f  <hidden>
  -------------------------------------------------------------------    -------------------

                         (clock clk_fpga_0 rise edge)
                                                      0.000     0.000 r  
    PS7_X0Y0             PS7                          0.000     0.000 r  prometheus_pynq_z1_i/processing_system7_0/inst/PS7_i/FCLKCLK[0]
                         net (fo=1, routed)           1.088     1.088    prometheus_pynq_z1_i/processing_system7_0/inst/FCLK_CLK_unbuffered[0]
    BUFGCTRL_X0Y16       BUFG (Prop_bufg_I_O)         0.091     1.179 r  prometheus_pynq_z1_i/processing_system7_0/inst/buffer_fclk_clk_0.FCLK_CLK_0_BUFG/O
                         net (fo=63004, routed)       1.694     2.873    <hidden>
    SLICE_X30Y113        FDCE                                         r  <hidden>





Min Delay Paths
--------------------------------------------------------------------------------------
Slack:                    inf
  Source:                 prometheus_pynq_z1_i/prometheus_soc_0/inst/done_latched_reg/C
                            (rising edge-triggered cell FDRE clocked by clk_fpga_0  {rise@0.000ns fall@5.938ns period=11.875ns})
  Destination:            prometheus_pynq_z1_i/axi_gpio_status_0/U0/gpio_core_1/Not_Dual.INPUT_DOUBLE_REGS3/syncstages_ff_reg[0][0]/D
                            (rising edge-triggered cell FDRE clocked by clk_fpga_0  {rise@0.000ns fall@5.938ns period=11.875ns})
  Path Group:             (none)
  Path Type:              Hold (Min at Fast Process Corner)
  Data Path Delay:        0.350ns  (logic 0.141ns (40.282%)  route 0.209ns (59.718%))
  Logic Levels:           0  
  Clock Path Skew:        0.298ns (DCD - SCD - CPR)
    Destination Clock Delay (DCD):    1.191ns
    Source Clock Delay      (SCD):    0.893ns
    Clock Pessimism Removal (CPR):    -0.000ns
  Clock Uncertainty:      0.181ns  ((TSJ^2 + TIJ^2)^1/2 + DJ) / 2 + PE
    Total System Jitter     (TSJ):    0.071ns
    Total Input Jitter      (TIJ):    0.356ns
    Discrete Jitter          (DJ):    0.000ns
    Phase Error              (PE):    0.000ns
  Timing Exception:       False Path

    Location             Delay type                Incr(ns)  Path(ns)    Netlist Resource(s)
  -------------------------------------------------------------------    -------------------
                         (clock clk_fpga_0 rise edge)
                                                      0.000     0.000 r  
    PS7_X0Y0             PS7                          0.000     0.000 r  prometheus_pynq_z1_i/processing_system7_0/inst/PS7_i/FCLKCLK[0]
                         net (fo=1, routed)           0.310     0.310    prometheus_pynq_z1_i/processing_system7_0/inst/FCLK_CLK_unbuffered[0]
    BUFGCTRL_X0Y16       BUFG (Prop_bufg_I_O)         0.026     0.336 r  prometheus_pynq_z1_i/processing_system7_0/inst/buffer_fclk_clk_0.FCLK_CLK_0_BUFG/O
                         net (fo=63004, routed)       0.557     0.893    prometheus_pynq_z1_i/prometheus_soc_0/inst/ap_clk
    SLICE_X43Y51         FDRE                                         r  prometheus_pynq_z1_i/prometheus_soc_0/inst/done_latched_reg/C
  -------------------------------------------------------------------    -------------------
    SLICE_X43Y51         FDRE (Prop_fdre_C_Q)         0.141     1.034 r  prometheus_pynq_z1_i/prometheus_soc_0/inst/done_latched_reg/Q
                         net (fo=2, routed)           0.209     1.243    prometheus_pynq_z1_i/axi_gpio_status_0/U0/gpio_core_1/Not_Dual.INPUT_DOUBLE_REGS3/async_path_bit[0]
    SLICE_X43Y50         FDRE                                         r  prometheus_pynq_z1_i/axi_gpio_status_0/U0/gpio_core_1/Not_Dual.INPUT_DOUBLE_REGS3/syncstages_ff_reg[0][0]/D
  -------------------------------------------------------------------    -------------------

                         (clock clk_fpga_0 rise edge)
                                                      0.000     0.000 r  
    PS7_X0Y0             PS7                          0.000     0.000 r  prometheus_pynq_z1_i/processing_system7_0/inst/PS7_i/FCLKCLK[0]
                         net (fo=1, routed)           0.337     0.337    prometheus_pynq_z1_i/processing_system7_0/inst/FCLK_CLK_unbuffered[0]
    BUFGCTRL_X0Y16       BUFG (Prop_bufg_I_O)         0.029     0.366 r  prometheus_pynq_z1_i/processing_system7_0/inst/buffer_fclk_clk_0.FCLK_CLK_0_BUFG/O
                         net (fo=63004, routed)       0.825     1.191    prometheus_pynq_z1_i/axi_gpio_status_0/U0/gpio_core_1/Not_Dual.INPUT_DOUBLE_REGS3/dest_clk
    SLICE_X43Y50         FDRE                                         r  prometheus_pynq_z1_i/axi_gpio_status_0/U0/gpio_core_1/Not_Dual.INPUT_DOUBLE_REGS3/syncstages_ff_reg[0][0]/C

Slack:                    inf
  Source:                 prometheus_pynq_z1_i/prometheus_soc_0/inst/cycle_count_reg[15]/C
                            (rising edge-triggered cell FDRE clocked by clk_fpga_0  {rise@0.000ns fall@5.938ns period=11.875ns})
  Destination:            prometheus_pynq_z1_i/axi_gpio_status_0/U0/gpio_core_1/Not_Dual.INPUT_DOUBLE_REGS3/syncstages_ff_reg[0][19]/D
                            (rising edge-triggered cell FDRE clocked by clk_fpga_0  {rise@0.000ns fall@5.938ns period=11.875ns})
  Path Group:             (none)
  Path Type:              Hold (Min at Fast Process Corner)
  Data Path Delay:        0.401ns  (logic 0.186ns (46.424%)  route 0.215ns (53.576%))
  Logic Levels:           1  (LUT3=1)
  Clock Path Skew:        0.298ns (DCD - SCD - CPR)
    Destination Clock Delay (DCD):    1.191ns
    Source Clock Delay      (SCD):    0.893ns
    Clock Pessimism Removal (CPR):    -0.000ns
  Clock Uncertainty:      0.181ns  ((TSJ^2 + TIJ^2)^1/2 + DJ) / 2 + PE
    Total System Jitter     (TSJ):    0.071ns
    Total Input Jitter      (TIJ):    0.356ns
    Discrete Jitter          (DJ):    0.000ns
    Phase Error              (PE):    0.000ns
  Timing Exception:       False Path

    Location             Delay type                Incr(ns)  Path(ns)    Netlist Resource(s)
  -------------------------------------------------------------------    -------------------
                         (clock clk_fpga_0 rise edge)
                                                      0.000     0.000 r  
    PS7_X0Y0             PS7                          0.000     0.000 r  prometheus_pynq_z1_i/processing_system7_0/inst/PS7_i/FCLKCLK[0]
                         net (fo=1, routed)           0.310     0.310    prometheus_pynq_z1_i/processing_system7_0/inst/FCLK_CLK_unbuffered[0]
    BUFGCTRL_X0Y16       BUFG (Prop_bufg_I_O)         0.026     0.336 r  prometheus_pynq_z1_i/processing_system7_0/inst/buffer_fclk_clk_0.FCLK_CLK_0_BUFG/O
                         net (fo=63004, routed)       0.557     0.893    prometheus_pynq_z1_i/prometheus_soc_0/inst/ap_clk
    SLICE_X40Y52         FDRE                                         r  prometheus_pynq_z1_i/prometheus_soc_0/inst/cycle_count_reg[15]/C
  -------------------------------------------------------------------    -------------------
    SLICE_X40Y52         FDRE (Prop_fdre_C_Q)         0.141     1.034 r  prometheus_pynq_z1_i/prometheus_soc_0/inst/cycle_count_reg[15]/Q
                         net (fo=3, routed)           0.109     1.143    prometheus_pynq_z1_i/prometheus_soc_0/inst/cycle_count_reg[15]
    SLICE_X41Y52         LUT3 (Prop_lut3_I0_O)        0.045     1.188 r  prometheus_pynq_z1_i/prometheus_soc_0/inst/status[19]_INST_0/O
                         net (fo=1, routed)           0.105     1.293    prometheus_pynq_z1_i/axi_gpio_status_0/U0/gpio_core_1/Not_Dual.INPUT_DOUBLE_REGS3/async_path_bit[19]
    SLICE_X41Y51         FDRE                                         r  prometheus_pynq_z1_i/axi_gpio_status_0/U0/gpio_core_1/Not_Dual.INPUT_DOUBLE_REGS3/syncstages_ff_reg[0][19]/D
  -------------------------------------------------------------------    -------------------

                         (clock clk_fpga_0 rise edge)
                                                      0.000     0.000 r  
    PS7_X0Y0             PS7                          0.000     0.000 r  prometheus_pynq_z1_i/processing_system7_0/inst/PS7_i/FCLKCLK[0]
                         net (fo=1, routed)           0.337     0.337    prometheus_pynq_z1_i/processing_system7_0/inst/FCLK_CLK_unbuffered[0]
    BUFGCTRL_X0Y16       BUFG (Prop_bufg_I_O)         0.029     0.366 r  prometheus_pynq_z1_i/processing_system7_0/inst/buffer_fclk_clk_0.FCLK_CLK_0_BUFG/O
                         net (fo=63004, routed)       0.825     1.191    prometheus_pynq_z1_i/axi_gpio_status_0/U0/gpio_core_1/Not_Dual.INPUT_DOUBLE_REGS3/dest_clk
    SLICE_X41Y51         FDRE                                         r  prometheus_pynq_z1_i/axi_gpio_status_0/U0/gpio_core_1/Not_Dual.INPUT_DOUBLE_REGS3/syncstages_ff_reg[0][19]/C

Slack:                    inf
  Source:                 prometheus_pynq_z1_i/prometheus_soc_0/inst/cycle_latched_reg[20]/C
                            (rising edge-triggered cell FDRE clocked by clk_fpga_0  {rise@0.000ns fall@5.938ns period=11.875ns})
  Destination:            prometheus_pynq_z1_i/axi_gpio_status_0/U0/gpio_core_1/Not_Dual.INPUT_DOUBLE_REGS3/syncstages_ff_reg[0][24]/D
                            (rising edge-triggered cell FDRE clocked by clk_fpga_0  {rise@0.000ns fall@5.938ns period=11.875ns})
  Path Group:             (none)
  Path Type:              Hold (Min at Fast Process Corner)
  Data Path Delay:        0.482ns  (logic 0.187ns (38.799%)  route 0.295ns (61.201%))
  Logic Levels:           1  (LUT3=1)
  Clock Path Skew:        0.298ns (DCD - SCD - CPR)
    Destination Clock Delay (DCD):    1.190ns
    Source Clock Delay      (SCD):    0.892ns
    Clock Pessimism Removal (CPR):    -0.000ns
  Clock Uncertainty:      0.181ns  ((TSJ^2 + TIJ^2)^1/2 + DJ) / 2 + PE
    Total System Jitter     (TSJ):    0.071ns
    Total Input Jitter      (TIJ):    0.356ns
    Discrete Jitter          (DJ):    0.000ns
    Phase Error              (PE):    0.000ns
  Timing Exception:       False Path

    Location             Delay type                Incr(ns)  Path(ns)    Netlist Resource(s)
  -------------------------------------------------------------------    -------------------
                         (clock clk_fpga_0 rise edge)
                                                      0.000     0.000 r  
    PS7_X0Y0             PS7                          0.000     0.000 r  prometheus_pynq_z1_i/processing_system7_0/inst/PS7_i/FCLKCLK[0]
                         net (fo=1, routed)           0.310     0.310    prometheus_pynq_z1_i/processing_system7_0/inst/FCLK_CLK_unbuffered[0]
    BUFGCTRL_X0Y16       BUFG (Prop_bufg_I_O)         0.026     0.336 r  prometheus_pynq_z1_i/processing_system7_0/inst/buffer_fclk_clk_0.FCLK_CLK_0_BUFG/O
                         net (fo=63004, routed)       0.556     0.892    prometheus_pynq_z1_i/prometheus_soc_0/inst/ap_clk
    SLICE_X39Y53         FDRE                                         r  prometheus_pynq_z1_i/prometheus_soc_0/inst/cycle_latched_reg[20]/C
  -------------------------------------------------------------------    -------------------
    SLICE_X39Y53         FDRE (Prop_fdre_C_Q)         0.141     1.033 r  prometheus_pynq_z1_i/prometheus_soc_0/inst/cycle_latched_reg[20]/Q
                         net (fo=1, routed)           0.196     1.229    prometheus_pynq_z1_i/prometheus_soc_0/inst/cycle_latched_reg_n_0_[20]
    SLICE_X41Y54         LUT3 (Prop_lut3_I2_O)        0.046     1.275 r  prometheus_pynq_z1_i/prometheus_soc_0/inst/status[24]_INST_0/O
                         net (fo=1, routed)           0.099     1.374    prometheus_pynq_z1_i/axi_gpio_status_0/U0/gpio_core_1/Not_Dual.INPUT_DOUBLE_REGS3/async_path_bit[24]
    SLICE_X43Y55         FDRE                                         r  prometheus_pynq_z1_i/axi_gpio_status_0/U0/gpio_core_1/Not_Dual.INPUT_DOUBLE_REGS3/syncstages_ff_reg[0][24]/D
  -------------------------------------------------------------------    -------------------

                         (clock clk_fpga_0 rise edge)
                                                      0.000     0.000 r  
    PS7_X0Y0             PS7                          0.000     0.000 r  prometheus_pynq_z1_i/processing_system7_0/inst/PS7_i/FCLKCLK[0]
                         net (fo=1, routed)           0.337     0.337    prometheus_pynq_z1_i/processing_system7_0/inst/FCLK_CLK_unbuffered[0]
    BUFGCTRL_X0Y16       BUFG (Prop_bufg_I_O)         0.029     0.366 r  prometheus_pynq_z1_i/processing_system7_0/inst/buffer_fclk_clk_0.FCLK_CLK_0_BUFG/O
                         net (fo=63004, routed)       0.824     1.190    prometheus_pynq_z1_i/axi_gpio_status_0/U0/gpio_core_1/Not_Dual.INPUT_DOUBLE_REGS3/dest_clk
    SLICE_X43Y55         FDRE                                         r  prometheus_pynq_z1_i/axi_gpio_status_0/U0/gpio_core_1/Not_Dual.INPUT_DOUBLE_REGS3/syncstages_ff_reg[0][24]/C

Slack:                    inf
  Source:                 prometheus_pynq_z1_i/prometheus_soc_0/inst/cycle_latched_reg[1]/C
                            (rising edge-triggered cell FDRE clocked by clk_fpga_0  {rise@0.000ns fall@5.938ns period=11.875ns})
  Destination:            prometheus_pynq_z1_i/axi_gpio_status_0/U0/gpio_core_1/Not_Dual.INPUT_DOUBLE_REGS3/syncstages_ff_reg[0][5]/D
                            (rising edge-triggered cell FDRE clocked by clk_fpga_0  {rise@0.000ns fall@5.938ns period=11.875ns})
  Path Group:             (none)
  Path Type:              Hold (Min at Fast Process Corner)
  Data Path Delay:        0.485ns  (logic 0.186ns (38.348%)  route 0.299ns (61.652%))
  Logic Levels:           1  (LUT3=1)
  Clock Path Skew:        0.292ns (DCD - SCD - CPR)
    Destination Clock Delay (DCD):    1.191ns
    Source Clock Delay      (SCD):    0.899ns
    Clock Pessimism Removal (CPR):    -0.000ns
  Clock Uncertainty:      0.181ns  ((TSJ^2 + TIJ^2)^1/2 + DJ) / 2 + PE
    Total System Jitter     (TSJ):    0.071ns
    Total Input Jitter      (TIJ):    0.356ns
    Discrete Jitter          (DJ):    0.000ns
    Phase Error              (PE):    0.000ns
  Timing Exception:       False Path

    Location             Delay type                Incr(ns)  Path(ns)    Netlist Resource(s)
  -------------------------------------------------------------------    -------------------
                         (clock clk_fpga_0 rise edge)
                                                      0.000     0.000 r  
    PS7_X0Y0             PS7                          0.000     0.000 r  prometheus_pynq_z1_i/processing_system7_0/inst/PS7_i/FCLKCLK[0]
                         net (fo=1, routed)           0.310     0.310    prometheus_pynq_z1_i/processing_system7_0/inst/FCLK_CLK_unbuffered[0]
    BUFGCTRL_X0Y16       BUFG (Prop_bufg_I_O)         0.026     0.336 r  prometheus_pynq_z1_i/processing_system7_0/inst/buffer_fclk_clk_0.FCLK_CLK_0_BUFG/O
                         net (fo=63004, routed)       0.563     0.899    prometheus_pynq_z1_i/prometheus_soc_0/inst/ap_clk
    SLICE_X39Y49         FDRE                                         r  prometheus_pynq_z1_i/prometheus_soc_0/inst/cycle_latched_reg[1]/C
  -------------------------------------------------------------------    -------------------
    SLICE_X39Y49         FDRE (Prop_fdre_C_Q)         0.141     1.040 r  prometheus_pynq_z1_i/prometheus_soc_0/inst/cycle_latched_reg[1]/Q
                         net (fo=1, routed)           0.087     1.127    prometheus_pynq_z1_i/prometheus_soc_0/inst/cycle_latched_reg_n_0_[1]
    SLICE_X38Y49         LUT3 (Prop_lut3_I2_O)        0.045     1.172 r  prometheus_pynq_z1_i/prometheus_soc_0/inst/status[5]_INST_0/O
                         net (fo=1, routed)           0.212     1.384    prometheus_pynq_z1_i/axi_gpio_status_0/U0/gpio_core_1/Not_Dual.INPUT_DOUBLE_REGS3/async_path_bit[5]
    SLICE_X37Y52         FDRE                                         r  prometheus_pynq_z1_i/axi_gpio_status_0/U0/gpio_core_1/Not_Dual.INPUT_DOUBLE_REGS3/syncstages_ff_reg[0][5]/D
  -------------------------------------------------------------------    -------------------

                         (clock clk_fpga_0 rise edge)
                                                      0.000     0.000 r  
    PS7_X0Y0             PS7                          0.000     0.000 r  prometheus_pynq_z1_i/processing_system7_0/inst/PS7_i/FCLKCLK[0]
                         net (fo=1, routed)           0.337     0.337    prometheus_pynq_z1_i/processing_system7_0/inst/FCLK_CLK_unbuffered[0]
    BUFGCTRL_X0Y16       BUFG (Prop_bufg_I_O)         0.029     0.366 r  prometheus_pynq_z1_i/processing_system7_0/inst/buffer_fclk_clk_0.FCLK_CLK_0_BUFG/O
                         net (fo=63004, routed)       0.825     1.191    prometheus_pynq_z1_i/axi_gpio_status_0/U0/gpio_core_1/Not_Dual.INPUT_DOUBLE_REGS3/dest_clk
    SLICE_X37Y52         FDRE                                         r  prometheus_pynq_z1_i/axi_gpio_status_0/U0/gpio_core_1/Not_Dual.INPUT_DOUBLE_REGS3/syncstages_ff_reg[0][5]/C

Slack:                    inf
  Source:                 prometheus_pynq_z1_i/prometheus_soc_0/inst/cycle_latched_reg[18]/C
                            (rising edge-triggered cell FDRE clocked by clk_fpga_0  {rise@0.000ns fall@5.938ns period=11.875ns})
  Destination:            prometheus_pynq_z1_i/axi_gpio_status_0/U0/gpio_core_1/Not_Dual.INPUT_DOUBLE_REGS3/syncstages_ff_reg[0][22]/D
                            (rising edge-triggered cell FDRE clocked by clk_fpga_0  {rise@0.000ns fall@5.938ns period=11.875ns})
  Path Group:             (none)
  Path Type:              Hold (Min at Fast Process Corner)
  Data Path Delay:        0.504ns  (logic 0.189ns (37.521%)  route 0.315ns (62.479%))
  Logic Levels:           1  (LUT3=1)
  Clock Path Skew:        0.299ns (DCD - SCD - CPR)
    Destination Clock Delay (DCD):    1.191ns
    Source Clock Delay      (SCD):    0.892ns
    Clock Pessimism Removal (CPR):    -0.000ns
  Clock Uncertainty:      0.181ns  ((TSJ^2 + TIJ^2)^1/2 + DJ) / 2 + PE
    Total System Jitter     (TSJ):    0.071ns
    Total Input Jitter      (TIJ):    0.356ns
    Discrete Jitter          (DJ):    0.000ns
    Phase Error              (PE):    0.000ns
  Timing Exception:       False Path

    Location             Delay type                Incr(ns)  Path(ns)    Netlist Resource(s)
  -------------------------------------------------------------------    -------------------
                         (clock clk_fpga_0 rise edge)
                                                      0.000     0.000 r  
    PS7_X0Y0             PS7                          0.000     0.000 r  prometheus_pynq_z1_i/processing_system7_0/inst/PS7_i/FCLKCLK[0]
                         net (fo=1, routed)           0.310     0.310    prometheus_pynq_z1_i/processing_system7_0/inst/FCLK_CLK_unbuffered[0]
    BUFGCTRL_X0Y16       BUFG (Prop_bufg_I_O)         0.026     0.336 r  prometheus_pynq_z1_i/processing_system7_0/inst/buffer_fclk_clk_0.FCLK_CLK_0_BUFG/O
                         net (fo=63004, routed)       0.556     0.892    prometheus_pynq_z1_i/prometheus_soc_0/inst/ap_clk
    SLICE_X39Y53         FDRE                                         r  prometheus_pynq_z1_i/prometheus_soc_0/inst/cycle_latched_reg[18]/C
  -------------------------------------------------------------------    -------------------
    SLICE_X39Y53         FDRE (Prop_fdre_C_Q)         0.141     1.033 r  prometheus_pynq_z1_i/prometheus_soc_0/inst/cycle_latched_reg[18]/Q
                         net (fo=1, routed)           0.126     1.159    prometheus_pynq_z1_i/prometheus_soc_0/inst/cycle_latched_reg_n_0_[18]
    SLICE_X37Y53         LUT3 (Prop_lut3_I2_O)        0.048     1.207 r  prometheus_pynq_z1_i/prometheus_soc_0/inst/status[22]_INST_0/O
                         net (fo=1, routed)           0.189     1.395    prometheus_pynq_z1_i/axi_gpio_status_0/U0/gpio_core_1/Not_Dual.INPUT_DOUBLE_REGS3/async_path_bit[22]
    SLICE_X33Y53         FDRE                                         r  prometheus_pynq_z1_i/axi_gpio_status_0/U0/gpio_core_1/Not_Dual.INPUT_DOUBLE_REGS3/syncstages_ff_reg[0][22]/D
  -------------------------------------------------------------------    -------------------

                         (clock clk_fpga_0 rise edge)
                                                      0.000     0.000 r  
    PS7_X0Y0             PS7                          0.000     0.000 r  prometheus_pynq_z1_i/processing_system7_0/inst/PS7_i/FCLKCLK[0]
                         net (fo=1, routed)           0.337     0.337    prometheus_pynq_z1_i/processing_system7_0/inst/FCLK_CLK_unbuffered[0]
    BUFGCTRL_X0Y16       BUFG (Prop_bufg_I_O)         0.029     0.366 r  prometheus_pynq_z1_i/processing_system7_0/inst/buffer_fclk_clk_0.FCLK_CLK_0_BUFG/O
                         net (fo=63004, routed)       0.825     1.191    prometheus_pynq_z1_i/axi_gpio_status_0/U0/gpio_core_1/Not_Dual.INPUT_DOUBLE_REGS3/dest_clk
    SLICE_X33Y53         FDRE                                         r  prometheus_pynq_z1_i/axi_gpio_status_0/U0/gpio_core_1/Not_Dual.INPUT_DOUBLE_REGS3/syncstages_ff_reg[0][22]/C

Slack:                    inf
  Source:                 prometheus_pynq_z1_i/prometheus_soc_0/inst/cycle_latched_reg[3]/C
                            (rising edge-triggered cell FDRE clocked by clk_fpga_0  {rise@0.000ns fall@5.938ns period=11.875ns})
  Destination:            prometheus_pynq_z1_i/axi_gpio_status_0/U0/gpio_core_1/Not_Dual.INPUT_DOUBLE_REGS3/syncstages_ff_reg[0][7]/D
                            (rising edge-triggered cell FDRE clocked by clk_fpga_0  {rise@0.000ns fall@5.938ns period=11.875ns})
  Path Group:             (none)
  Path Type:              Hold (Min at Fast Process Corner)
  Data Path Delay:        0.499ns  (logic 0.186ns (37.301%)  route 0.313ns (62.699%))
  Logic Levels:           1  (LUT3=1)
  Clock Path Skew:        0.292ns (DCD - SCD - CPR)
    Destination Clock Delay (DCD):    1.191ns
    Source Clock Delay      (SCD):    0.899ns
    Clock Pessimism Removal (CPR):    -0.000ns
  Clock Uncertainty:      0.181ns  ((TSJ^2 + TIJ^2)^1/2 + DJ) / 2 + PE
    Total System Jitter     (TSJ):    0.071ns
    Total Input Jitter      (TIJ):    0.356ns
    Discrete Jitter          (DJ):    0.000ns
    Phase Error              (PE):    0.000ns
  Timing Exception:       False Path

    Location             Delay type                Incr(ns)  Path(ns)    Netlist Resource(s)
  -------------------------------------------------------------------    -------------------
                         (clock clk_fpga_0 rise edge)
                                                      0.000     0.000 r  
    PS7_X0Y0             PS7                          0.000     0.000 r  prometheus_pynq_z1_i/processing_system7_0/inst/PS7_i/FCLKCLK[0]
                         net (fo=1, routed)           0.310     0.310    prometheus_pynq_z1_i/processing_system7_0/inst/FCLK_CLK_unbuffered[0]
    BUFGCTRL_X0Y16       BUFG (Prop_bufg_I_O)         0.026     0.336 r  prometheus_pynq_z1_i/processing_system7_0/inst/buffer_fclk_clk_0.FCLK_CLK_0_BUFG/O
                         net (fo=63004, routed)       0.563     0.899    prometheus_pynq_z1_i/prometheus_soc_0/inst/ap_clk
    SLICE_X39Y49         FDRE                                         r  prometheus_pynq_z1_i/prometheus_soc_0/inst/cycle_latched_reg[3]/C
  -------------------------------------------------------------------    -------------------
    SLICE_X39Y49         FDRE (Prop_fdre_C_Q)         0.141     1.040 r  prometheus_pynq_z1_i/prometheus_soc_0/inst/cycle_latched_reg[3]/Q
                         net (fo=1, routed)           0.148     1.188    prometheus_pynq_z1_i/prometheus_soc_0/inst/cycle_latched_reg_n_0_[3]
    SLICE_X38Y49         LUT3 (Prop_lut3_I2_O)        0.045     1.233 r  prometheus_pynq_z1_i/prometheus_soc_0/inst/status[7]_INST_0/O
                         net (fo=1, routed)           0.164     1.397    prometheus_pynq_z1_i/axi_gpio_status_0/U0/gpio_core_1/Not_Dual.INPUT_DOUBLE_REGS3/async_path_bit[7]
    SLICE_X41Y51         FDRE                                         r  prometheus_pynq_z1_i/axi_gpio_status_0/U0/gpio_core_1/Not_Dual.INPUT_DOUBLE_REGS3/syncstages_ff_reg[0][7]/D
  -------------------------------------------------------------------    -------------------

                         (clock clk_fpga_0 rise edge)
                                                      0.000     0.000 r  
    PS7_X0Y0             PS7                          0.000     0.000 r  prometheus_pynq_z1_i/processing_system7_0/inst/PS7_i/FCLKCLK[0]
                         net (fo=1, routed)           0.337     0.337    prometheus_pynq_z1_i/processing_system7_0/inst/FCLK_CLK_unbuffered[0]
    BUFGCTRL_X0Y16       BUFG (Prop_bufg_I_O)         0.029     0.366 r  prometheus_pynq_z1_i/processing_system7_0/inst/buffer_fclk_clk_0.FCLK_CLK_0_BUFG/O
                         net (fo=63004, routed)       0.825     1.191    prometheus_pynq_z1_i/axi_gpio_status_0/U0/gpio_core_1/Not_Dual.INPUT_DOUBLE_REGS3/dest_clk
    SLICE_X41Y51         FDRE                                         r  prometheus_pynq_z1_i/axi_gpio_status_0/U0/gpio_core_1/Not_Dual.INPUT_DOUBLE_REGS3/syncstages_ff_reg[0][7]/C

Slack:                    inf
  Source:                 prometheus_pynq_z1_i/prometheus_soc_0/inst/cycle_latched_reg[2]/C
                            (rising edge-triggered cell FDRE clocked by clk_fpga_0  {rise@0.000ns fall@5.938ns period=11.875ns})
  Destination:            prometheus_pynq_z1_i/axi_gpio_status_0/U0/gpio_core_1/Not_Dual.INPUT_DOUBLE_REGS3/syncstages_ff_reg[0][6]/D
                            (rising edge-triggered cell FDRE clocked by clk_fpga_0  {rise@0.000ns fall@5.938ns period=11.875ns})
  Path Group:             (none)
  Path Type:              Hold (Min at Fast Process Corner)
  Data Path Delay:        0.502ns  (logic 0.187ns (37.278%)  route 0.315ns (62.722%))
  Logic Levels:           1  (LUT3=1)
  Clock Path Skew:        0.298ns (DCD - SCD - CPR)
    Destination Clock Delay (DCD):    1.197ns
    Source Clock Delay      (SCD):    0.899ns
    Clock Pessimism Removal (CPR):    -0.000ns
  Clock Uncertainty:      0.181ns  ((TSJ^2 + TIJ^2)^1/2 + DJ) / 2 + PE
    Total System Jitter     (TSJ):    0.071ns
    Total Input Jitter      (TIJ):    0.356ns
    Discrete Jitter          (DJ):    0.000ns
    Phase Error              (PE):    0.000ns
  Timing Exception:       False Path

    Location             Delay type                Incr(ns)  Path(ns)    Netlist Resource(s)
  -------------------------------------------------------------------    -------------------
                         (clock clk_fpga_0 rise edge)
                                                      0.000     0.000 r  
    PS7_X0Y0             PS7                          0.000     0.000 r  prometheus_pynq_z1_i/processing_system7_0/inst/PS7_i/FCLKCLK[0]
                         net (fo=1, routed)           0.310     0.310    prometheus_pynq_z1_i/processing_system7_0/inst/FCLK_CLK_unbuffered[0]
    BUFGCTRL_X0Y16       BUFG (Prop_bufg_I_O)         0.026     0.336 r  prometheus_pynq_z1_i/processing_system7_0/inst/buffer_fclk_clk_0.FCLK_CLK_0_BUFG/O
                         net (fo=63004, routed)       0.563     0.899    prometheus_pynq_z1_i/prometheus_soc_0/inst/ap_clk
    SLICE_X39Y49         FDRE                                         r  prometheus_pynq_z1_i/prometheus_soc_0/inst/cycle_latched_reg[2]/C
  -------------------------------------------------------------------    -------------------
    SLICE_X39Y49         FDRE (Prop_fdre_C_Q)         0.141     1.040 r  prometheus_pynq_z1_i/prometheus_soc_0/inst/cycle_latched_reg[2]/Q
                         net (fo=1, routed)           0.140     1.180    prometheus_pynq_z1_i/prometheus_soc_0/inst/cycle_latched_reg_n_0_[2]
    SLICE_X38Y49         LUT3 (Prop_lut3_I2_O)        0.046     1.226 r  prometheus_pynq_z1_i/prometheus_soc_0/inst/status[6]_INST_0/O
                         net (fo=1, routed)           0.175     1.400    prometheus_pynq_z1_i/axi_gpio_status_0/U0/gpio_core_1/Not_Dual.INPUT_DOUBLE_REGS3/async_path_bit[6]
    SLICE_X35Y49         FDRE                                         r  prometheus_pynq_z1_i/axi_gpio_status_0/U0/gpio_core_1/Not_Dual.INPUT_DOUBLE_REGS3/syncstages_ff_reg[0][6]/D
  -------------------------------------------------------------------    -------------------

                         (clock clk_fpga_0 rise edge)
                                                      0.000     0.000 r  
    PS7_X0Y0             PS7                          0.000     0.000 r  prometheus_pynq_z1_i/processing_system7_0/inst/PS7_i/FCLKCLK[0]
                         net (fo=1, routed)           0.337     0.337    prometheus_pynq_z1_i/processing_system7_0/inst/FCLK_CLK_unbuffered[0]
    BUFGCTRL_X0Y16       BUFG (Prop_bufg_I_O)         0.029     0.366 r  prometheus_pynq_z1_i/processing_system7_0/inst/buffer_fclk_clk_0.FCLK_CLK_0_BUFG/O
                         net (fo=63004, routed)       0.831     1.197    prometheus_pynq_z1_i/axi_gpio_status_0/U0/gpio_core_1/Not_Dual.INPUT_DOUBLE_REGS3/dest_clk
    SLICE_X35Y49         FDRE                                         r  prometheus_pynq_z1_i/axi_gpio_status_0/U0/gpio_core_1/Not_Dual.INPUT_DOUBLE_REGS3/syncstages_ff_reg[0][6]/C

Slack:                    inf
  Source:                 prometheus_pynq_z1_i/prometheus_soc_0/inst/cycle_count_reg[13]/C
                            (rising edge-triggered cell FDRE clocked by clk_fpga_0  {rise@0.000ns fall@5.938ns period=11.875ns})
  Destination:            prometheus_pynq_z1_i/axi_gpio_status_0/U0/gpio_core_1/Not_Dual.INPUT_DOUBLE_REGS3/syncstages_ff_reg[0][17]/D
                            (rising edge-triggered cell FDRE clocked by clk_fpga_0  {rise@0.000ns fall@5.938ns period=11.875ns})
  Path Group:             (none)
  Path Type:              Hold (Min at Fast Process Corner)
  Data Path Delay:        0.545ns  (logic 0.186ns (34.132%)  route 0.359ns (65.868%))
  Logic Levels:           1  (LUT3=1)
  Clock Path Skew:        0.298ns (DCD - SCD - CPR)
    Destination Clock Delay (DCD):    1.191ns
    Source Clock Delay      (SCD):    0.893ns
    Clock Pessimism Removal (CPR):    -0.000ns
  Clock Uncertainty:      0.181ns  ((TSJ^2 + TIJ^2)^1/2 + DJ) / 2 + PE
    Total System Jitter     (TSJ):    0.071ns
    Total Input Jitter      (TIJ):    0.356ns
    Discrete Jitter          (DJ):    0.000ns
    Phase Error              (PE):    0.000ns
  Timing Exception:       False Path

    Location             Delay type                Incr(ns)  Path(ns)    Netlist Resource(s)
  -------------------------------------------------------------------    -------------------
                         (clock clk_fpga_0 rise edge)
                                                      0.000     0.000 r  
    PS7_X0Y0             PS7                          0.000     0.000 r  prometheus_pynq_z1_i/processing_system7_0/inst/PS7_i/FCLKCLK[0]
                         net (fo=1, routed)           0.310     0.310    prometheus_pynq_z1_i/processing_system7_0/inst/FCLK_CLK_unbuffered[0]
    BUFGCTRL_X0Y16       BUFG (Prop_bufg_I_O)         0.026     0.336 r  prometheus_pynq_z1_i/processing_system7_0/inst/buffer_fclk_clk_0.FCLK_CLK_0_BUFG/O
                         net (fo=63004, routed)       0.557     0.893    prometheus_pynq_z1_i/prometheus_soc_0/inst/ap_clk
    SLICE_X40Y52         FDRE                                         r  prometheus_pynq_z1_i/prometheus_soc_0/inst/cycle_count_reg[13]/C
  -------------------------------------------------------------------    -------------------
    SLICE_X40Y52         FDRE (Prop_fdre_C_Q)         0.141     1.034 r  prometheus_pynq_z1_i/prometheus_soc_0/inst/cycle_count_reg[13]/Q
                         net (fo=3, routed)           0.161     1.195    prometheus_pynq_z1_i/prometheus_soc_0/inst/cycle_count_reg[13]
    SLICE_X41Y52         LUT3 (Prop_lut3_I0_O)        0.045     1.240 r  prometheus_pynq_z1_i/prometheus_soc_0/inst/status[17]_INST_0/O
                         net (fo=1, routed)           0.198     1.438    prometheus_pynq_z1_i/axi_gpio_status_0/U0/gpio_core_1/Not_Dual.INPUT_DOUBLE_REGS3/async_path_bit[17]
    SLICE_X47Y51         FDRE                                         r  prometheus_pynq_z1_i/axi_gpio_status_0/U0/gpio_core_1/Not_Dual.INPUT_DOUBLE_REGS3/syncstages_ff_reg[0][17]/D
  -------------------------------------------------------------------    -------------------

                         (clock clk_fpga_0 rise edge)
                                                      0.000     0.000 r  
    PS7_X0Y0             PS7                          0.000     0.000 r  prometheus_pynq_z1_i/processing_system7_0/inst/PS7_i/FCLKCLK[0]
                         net (fo=1, routed)           0.337     0.337    prometheus_pynq_z1_i/processing_system7_0/inst/FCLK_CLK_unbuffered[0]
    BUFGCTRL_X0Y16       BUFG (Prop_bufg_I_O)         0.029     0.366 r  prometheus_pynq_z1_i/processing_system7_0/inst/buffer_fclk_clk_0.FCLK_CLK_0_BUFG/O
                         net (fo=63004, routed)       0.825     1.191    prometheus_pynq_z1_i/axi_gpio_status_0/U0/gpio_core_1/Not_Dual.INPUT_DOUBLE_REGS3/dest_clk
    SLICE_X47Y51         FDRE                                         r  prometheus_pynq_z1_i/axi_gpio_status_0/U0/gpio_core_1/Not_Dual.INPUT_DOUBLE_REGS3/syncstages_ff_reg[0][17]/C

Slack:                    inf
  Source:                 prometheus_pynq_z1_i/prometheus_soc_0/inst/cycle_latched_reg[26]/C
                            (rising edge-triggered cell FDRE clocked by clk_fpga_0  {rise@0.000ns fall@5.938ns period=11.875ns})
  Destination:            prometheus_pynq_z1_i/axi_gpio_status_0/U0/gpio_core_1/Not_Dual.INPUT_DOUBLE_REGS3/syncstages_ff_reg[0][30]/D
                            (rising edge-triggered cell FDRE clocked by clk_fpga_0  {rise@0.000ns fall@5.938ns period=11.875ns})
  Path Group:             (none)
  Path Type:              Hold (Min at Fast Process Corner)
  Data Path Delay:        0.559ns  (logic 0.192ns (34.319%)  route 0.367ns (65.681%))
  Logic Levels:           1  (LUT3=1)
  Clock Path Skew:        0.297ns (DCD - SCD - CPR)
    Destination Clock Delay (DCD):    1.189ns
    Source Clock Delay      (SCD):    0.892ns
    Clock Pessimism Removal (CPR):    -0.000ns
  Clock Uncertainty:      0.181ns  ((TSJ^2 + TIJ^2)^1/2 + DJ) / 2 + PE
    Total System Jitter     (TSJ):    0.071ns
    Total Input Jitter      (TIJ):    0.356ns
    Discrete Jitter          (DJ):    0.000ns
    Phase Error              (PE):    0.000ns
  Timing Exception:       False Path

    Location             Delay type                Incr(ns)  Path(ns)    Netlist Resource(s)
  -------------------------------------------------------------------    -------------------
                         (clock clk_fpga_0 rise edge)
                                                      0.000     0.000 r  
    PS7_X0Y0             PS7                          0.000     0.000 r  prometheus_pynq_z1_i/processing_system7_0/inst/PS7_i/FCLKCLK[0]
                         net (fo=1, routed)           0.310     0.310    prometheus_pynq_z1_i/processing_system7_0/inst/FCLK_CLK_unbuffered[0]
    BUFGCTRL_X0Y16       BUFG (Prop_bufg_I_O)         0.026     0.336 r  prometheus_pynq_z1_i/processing_system7_0/inst/buffer_fclk_clk_0.FCLK_CLK_0_BUFG/O
                         net (fo=63004, routed)       0.556     0.892    prometheus_pynq_z1_i/prometheus_soc_0/inst/ap_clk
    SLICE_X39Y55         FDRE                                         r  prometheus_pynq_z1_i/prometheus_soc_0/inst/cycle_latched_reg[26]/C
  -------------------------------------------------------------------    -------------------
    SLICE_X39Y55         FDRE (Prop_fdre_C_Q)         0.141     1.033 r  prometheus_pynq_z1_i/prometheus_soc_0/inst/cycle_latched_reg[26]/Q
                         net (fo=1, routed)           0.211     1.243    prometheus_pynq_z1_i/prometheus_soc_0/inst/cycle_latched_reg_n_0_[26]
    SLICE_X40Y56         LUT3 (Prop_lut3_I2_O)        0.051     1.294 r  prometheus_pynq_z1_i/prometheus_soc_0/inst/status[30]_INST_0/O
                         net (fo=1, routed)           0.157     1.451    prometheus_pynq_z1_i/axi_gpio_status_0/U0/gpio_core_1/Not_Dual.INPUT_DOUBLE_REGS3/async_path_bit[30]
    SLICE_X45Y57         FDRE                                         r  prometheus_pynq_z1_i/axi_gpio_status_0/U0/gpio_core_1/Not_Dual.INPUT_DOUBLE_REGS3/syncstages_ff_reg[0][30]/D
  -------------------------------------------------------------------    -------------------

                         (clock clk_fpga_0 rise edge)
                                                      0.000     0.000 r  
    PS7_X0Y0             PS7                          0.000     0.000 r  prometheus_pynq_z1_i/processing_system7_0/inst/PS7_i/FCLKCLK[0]
                         net (fo=1, routed)           0.337     0.337    prometheus_pynq_z1_i/processing_system7_0/inst/FCLK_CLK_unbuffered[0]
    BUFGCTRL_X0Y16       BUFG (Prop_bufg_I_O)         0.029     0.366 r  prometheus_pynq_z1_i/processing_system7_0/inst/buffer_fclk_clk_0.FCLK_CLK_0_BUFG/O
                         net (fo=63004, routed)       0.823     1.189    prometheus_pynq_z1_i/axi_gpio_status_0/U0/gpio_core_1/Not_Dual.INPUT_DOUBLE_REGS3/dest_clk
    SLICE_X45Y57         FDRE                                         r  prometheus_pynq_z1_i/axi_gpio_status_0/U0/gpio_core_1/Not_Dual.INPUT_DOUBLE_REGS3/syncstages_ff_reg[0][30]/C

Slack:                    inf
  Source:                 prometheus_pynq_z1_i/prometheus_soc_0/inst/cycle_latched_reg[23]/C
                            (rising edge-triggered cell FDRE clocked by clk_fpga_0  {rise@0.000ns fall@5.938ns period=11.875ns})
  Destination:            prometheus_pynq_z1_i/axi_gpio_status_0/U0/gpio_core_1/Not_Dual.INPUT_DOUBLE_REGS3/syncstages_ff_reg[0][27]/D
                            (rising edge-triggered cell FDRE clocked by clk_fpga_0  {rise@0.000ns fall@5.938ns period=11.875ns})
  Path Group:             (none)
  Path Type:              Hold (Min at Fast Process Corner)
  Data Path Delay:        0.561ns  (logic 0.186ns (33.130%)  route 0.375ns (66.870%))
  Logic Levels:           1  (LUT3=1)
  Clock Path Skew:        0.298ns (DCD - SCD - CPR)
    Destination Clock Delay (DCD):    1.190ns
    Source Clock Delay      (SCD):    0.892ns
    Clock Pessimism Removal (CPR):    -0.000ns
  Clock Uncertainty:      0.181ns  ((TSJ^2 + TIJ^2)^1/2 + DJ) / 2 + PE
    Total System Jitter     (TSJ):    0.071ns
    Total Input Jitter      (TIJ):    0.356ns
    Discrete Jitter          (DJ):    0.000ns
    Phase Error              (PE):    0.000ns
  Timing Exception:       False Path

    Location             Delay type                Incr(ns)  Path(ns)    Netlist Resource(s)
  -------------------------------------------------------------------    -------------------
                         (clock clk_fpga_0 rise edge)
                                                      0.000     0.000 r  
    PS7_X0Y0             PS7                          0.000     0.000 r  prometheus_pynq_z1_i/processing_system7_0/inst/PS7_i/FCLKCLK[0]
                         net (fo=1, routed)           0.310     0.310    prometheus_pynq_z1_i/processing_system7_0/inst/FCLK_CLK_unbuffered[0]
    BUFGCTRL_X0Y16       BUFG (Prop_bufg_I_O)         0.026     0.336 r  prometheus_pynq_z1_i/processing_system7_0/inst/buffer_fclk_clk_0.FCLK_CLK_0_BUFG/O
                         net (fo=63004, routed)       0.556     0.892    prometheus_pynq_z1_i/prometheus_soc_0/inst/ap_clk
    SLICE_X39Y54         FDRE                                         r  prometheus_pynq_z1_i/prometheus_soc_0/inst/cycle_latched_reg[23]/C
  -------------------------------------------------------------------    -------------------
    SLICE_X39Y54         FDRE (Prop_fdre_C_Q)         0.141     1.033 r  prometheus_pynq_z1_i/prometheus_soc_0/inst/cycle_latched_reg[23]/Q
                         net (fo=1, routed)           0.280     1.313    prometheus_pynq_z1_i/prometheus_soc_0/inst/cycle_latched_reg_n_0_[23]
    SLICE_X39Y56         LUT3 (Prop_lut3_I2_O)        0.045     1.358 r  prometheus_pynq_z1_i/prometheus_soc_0/inst/status[27]_INST_0/O
                         net (fo=1, routed)           0.095     1.453    prometheus_pynq_z1_i/axi_gpio_status_0/U0/gpio_core_1/Not_Dual.INPUT_DOUBLE_REGS3/async_path_bit[27]
    SLICE_X37Y56         FDRE                                         r  prometheus_pynq_z1_i/axi_gpio_status_0/U0/gpio_core_1/Not_Dual.INPUT_DOUBLE_REGS3/syncstages_ff_reg[0][27]/D
  -------------------------------------------------------------------    -------------------

                         (clock clk_fpga_0 rise edge)
                                                      0.000     0.000 r  
    PS7_X0Y0             PS7                          0.000     0.000 r  prometheus_pynq_z1_i/processing_system7_0/inst/PS7_i/FCLKCLK[0]
                         net (fo=1, routed)           0.337     0.337    prometheus_pynq_z1_i/processing_system7_0/inst/FCLK_CLK_unbuffered[0]
    BUFGCTRL_X0Y16       BUFG (Prop_bufg_I_O)         0.029     0.366 r  prometheus_pynq_z1_i/processing_system7_0/inst/buffer_fclk_clk_0.FCLK_CLK_0_BUFG/O
                         net (fo=63004, routed)       0.824     1.190    prometheus_pynq_z1_i/axi_gpio_status_0/U0/gpio_core_1/Not_Dual.INPUT_DOUBLE_REGS3/dest_clk
    SLICE_X37Y56         FDRE                                         r  prometheus_pynq_z1_i/axi_gpio_status_0/U0/gpio_core_1/Not_Dual.INPUT_DOUBLE_REGS3/syncstages_ff_reg[0][27]/C





--------------------------------------------------------------------------------------
Path Group:  (none)
From Clock:  
  To Clock:  clk_fpga_0

Max Delay           120 Endpoints
Min Delay           120 Endpoints
--------------------------------------------------------------------------------------


Max Delay Paths
--------------------------------------------------------------------------------------
Slack:                    inf
  Source:                 prometheus_pynq_z1_i/prometheus_soc_0/inst/u_prometheus_soc/grp_prometheus_soc_Pipeline_PROGRAM_LOOP_fu_62/grp_normalize_and_store_fu_3700/emit_prob_stream_U0/grp_emit_prob_stream_Pipeline_prob_emit_loop_fu_2106/mul_32ns_31ns_62_1_1_U2101/tmp_product__0/ACOUT[0]
                            (internal pin)
  Destination:            prometheus_pynq_z1_i/prometheus_soc_0/inst/u_prometheus_soc/grp_prometheus_soc_Pipeline_PROGRAM_LOOP_fu_62/grp_normalize_and_store_fu_3700/emit_prob_stream_U0/grp_emit_prob_stream_Pipeline_prob_emit_loop_fu_2106/pkt_v0_reg_3682_reg__0/ACIN[0]
                            (rising edge-triggered cell DSP48E1 clocked by clk_fpga_0  {rise@0.000ns fall@5.938ns period=11.875ns})
  Path Group:             (none)
  Path Type:              Setup (Max at Slow Process Corner)
  Data Path Delay:        0.002ns  (logic 0.000ns (0.000%)  route 0.002ns (100.000%))
  Logic Levels:           0  
  Clock Uncertainty:      0.180ns  ((TSJ^2 + TIJ^2)^1/2 + DJ) / 2 + PE
    Total System Jitter     (TSJ):    0.050ns
    Total Input Jitter      (TIJ):    0.356ns
    Discrete Jitter          (DJ):    0.000ns
    Phase Error              (PE):    0.000ns

    Location             Delay type                Incr(ns)  Path(ns)    Netlist Resource(s)
  -------------------------------------------------------------------    -------------------
    DSP48_X3Y2           DSP48E1                      0.000     0.000 r  prometheus_pynq_z1_i/prometheus_soc_0/inst/u_prometheus_soc/grp_prometheus_soc_Pipeline_PROGRAM_LOOP_fu_62/grp_normalize_and_store_fu_3700/emit_prob_stream_U0/grp_emit_prob_stream_Pipeline_prob_emit_loop_fu_2106/mul_32ns_31ns_62_1_1_U2101/tmp_product__0/ACOUT[0]
                         net (fo=1, routed)           0.002     0.002    prometheus_pynq_z1_i/prometheus_soc_0/inst/u_prometheus_soc/grp_prometheus_soc_Pipeline_PROGRAM_LOOP_fu_62/grp_normalize_and_store_fu_3700/emit_prob_stream_U0/grp_emit_prob_stream_Pipeline_prob_emit_loop_fu_2106/mul_32ns_31ns_62_1_1_U2101_n_94
    DSP48_X3Y3           DSP48E1                                      r  prometheus_pynq_z1_i/prometheus_soc_0/inst/u_prometheus_soc/grp_prometheus_soc_Pipeline_PROGRAM_LOOP_fu_62/grp_normalize_and_store_fu_3700/emit_prob_stream_U0/grp_emit_prob_stream_Pipeline_prob_emit_loop_fu_2106/pkt_v0_reg_3682_reg__0/ACIN[0]
  -------------------------------------------------------------------    -------------------

                         (clock clk_fpga_0 rise edge)
                                                      0.000     0.000 r  
    PS7_X0Y0             PS7                          0.000     0.000 r  prometheus_pynq_z1_i/processing_system7_0/inst/PS7_i/FCLKCLK[0]
                         net (fo=1, routed)           1.088     1.088    prometheus_pynq_z1_i/processing_system7_0/inst/FCLK_CLK_unbuffered[0]
    BUFGCTRL_X0Y16       BUFG (Prop_bufg_I_O)         0.091     1.179 r  prometheus_pynq_z1_i/processing_system7_0/inst/buffer_fclk_clk_0.FCLK_CLK_0_BUFG/O
                         net (fo=63004, routed)       1.711     2.890    prometheus_pynq_z1_i/prometheus_soc_0/inst/u_prometheus_soc/grp_prometheus_soc_Pipeline_PROGRAM_LOOP_fu_62/grp_normalize_and_store_fu_3700/emit_prob_stream_U0/grp_emit_prob_stream_Pipeline_prob_emit_loop_fu_2106/ap_clk
    DSP48_X3Y3           DSP48E1                                      r  prometheus_pynq_z1_i/prometheus_soc_0/inst/u_prometheus_soc/grp_prometheus_soc_Pipeline_PROGRAM_LOOP_fu_62/grp_normalize_and_store_fu_3700/emit_prob_stream_U0/grp_emit_prob_stream_Pipeline_prob_emit_loop_fu_2106/pkt_v0_reg_3682_reg__0/CLK

Slack:                    inf
  Source:                 prometheus_pynq_z1_i/prometheus_soc_0/inst/u_prometheus_soc/grp_prometheus_soc_Pipeline_PROGRAM_LOOP_fu_62/grp_normalize_and_store_fu_3700/emit_prob_stream_U0/grp_emit_prob_stream_Pipeline_prob_emit_loop_fu_2106/mul_32ns_31ns_62_1_1_U2101/tmp_product__0/ACOUT[10]
                            (internal pin)
  Destination:            prometheus_pynq_z1_i/prometheus_soc_0/inst/u_prometheus_soc/grp_prometheus_soc_Pipeline_PROGRAM_LOOP_fu_62/grp_normalize_and_store_fu_3700/emit_prob_stream_U0/grp_emit_prob_stream_Pipeline_prob_emit_loop_fu_2106/pkt_v0_reg_3682_reg__0/ACIN[10]
                            (rising edge-triggered cell DSP48E1 clocked by clk_fpga_0  {rise@0.000ns fall@5.938ns period=11.875ns})
  Path Group:             (none)
  Path Type:              Setup (Max at Slow Process Corner)
  Data Path Delay:        0.002ns  (logic 0.000ns (0.000%)  route 0.002ns (100.000%))
  Logic Levels:           0  
  Clock Uncertainty:      0.180ns  ((TSJ^2 + TIJ^2)^1/2 + DJ) / 2 + PE
    Total System Jitter     (TSJ):    0.050ns
    Total Input Jitter      (TIJ):    0.356ns
    Discrete Jitter          (DJ):    0.000ns
    Phase Error              (PE):    0.000ns

    Location             Delay type                Incr(ns)  Path(ns)    Netlist Resource(s)
  -------------------------------------------------------------------    -------------------
    DSP48_X3Y2           DSP48E1                      0.000     0.000 r  prometheus_pynq_z1_i/prometheus_soc_0/inst/u_prometheus_soc/grp_prometheus_soc_Pipeline_PROGRAM_LOOP_fu_62/grp_normalize_and_store_fu_3700/emit_prob_stream_U0/grp_emit_prob_stream_Pipeline_prob_emit_loop_fu_2106/mul_32ns_31ns_62_1_1_U2101/tmp_product__0/ACOUT[10]
                         net (fo=1, routed)           0.002     0.002    prometheus_pynq_z1_i/prometheus_soc_0/inst/u_prometheus_soc/grp_prometheus_soc_Pipeline_PROGRAM_LOOP_fu_62/grp_normalize_and_store_fu_3700/emit_prob_stream_U0/grp_emit_prob_stream_Pipeline_prob_emit_loop_fu_2106/mul_32ns_31ns_62_1_1_U2101_n_84
    DSP48_X3Y3           DSP48E1                                      r  prometheus_pynq_z1_i/prometheus_soc_0/inst/u_prometheus_soc/grp_prometheus_soc_Pipeline_PROGRAM_LOOP_fu_62/grp_normalize_and_store_fu_3700/emit_prob_stream_U0/grp_emit_prob_stream_Pipeline_prob_emit_loop_fu_2106/pkt_v0_reg_3682_reg__0/ACIN[10]
  -------------------------------------------------------------------    -------------------

                         (clock clk_fpga_0 rise edge)
                                                      0.000     0.000 r  
    PS7_X0Y0             PS7                          0.000     0.000 r  prometheus_pynq_z1_i/processing_system7_0/inst/PS7_i/FCLKCLK[0]
                         net (fo=1, routed)           1.088     1.088    prometheus_pynq_z1_i/processing_system7_0/inst/FCLK_CLK_unbuffered[0]
    BUFGCTRL_X0Y16       BUFG (Prop_bufg_I_O)         0.091     1.179 r  prometheus_pynq_z1_i/processing_system7_0/inst/buffer_fclk_clk_0.FCLK_CLK_0_BUFG/O
                         net (fo=63004, routed)       1.711     2.890    prometheus_pynq_z1_i/prometheus_soc_0/inst/u_prometheus_soc/grp_prometheus_soc_Pipeline_PROGRAM_LOOP_fu_62/grp_normalize_and_store_fu_3700/emit_prob_stream_U0/grp_emit_prob_stream_Pipeline_prob_emit_loop_fu_2106/ap_clk
    DSP48_X3Y3           DSP48E1                                      r  prometheus_pynq_z1_i/prometheus_soc_0/inst/u_prometheus_soc/grp_prometheus_soc_Pipeline_PROGRAM_LOOP_fu_62/grp_normalize_and_store_fu_3700/emit_prob_stream_U0/grp_emit_prob_stream_Pipeline_prob_emit_loop_fu_2106/pkt_v0_reg_3682_reg__0/CLK

Slack:                    inf
  Source:                 prometheus_pynq_z1_i/prometheus_soc_0/inst/u_prometheus_soc/grp_prometheus_soc_Pipeline_PROGRAM_LOOP_fu_62/grp_normalize_and_store_fu_3700/emit_prob_stream_U0/grp_emit_prob_stream_Pipeline_prob_emit_loop_fu_2106/mul_32ns_31ns_62_1_1_U2101/tmp_product__0/ACOUT[11]
                            (internal pin)
  Destination:            prometheus_pynq_z1_i/prometheus_soc_0/inst/u_prometheus_soc/grp_prometheus_soc_Pipeline_PROGRAM_LOOP_fu_62/grp_normalize_and_store_fu_3700/emit_prob_stream_U0/grp_emit_prob_stream_Pipeline_prob_emit_loop_fu_2106/pkt_v0_reg_3682_reg__0/ACIN[11]
                            (rising edge-triggered cell DSP48E1 clocked by clk_fpga_0  {rise@0.000ns fall@5.938ns period=11.875ns})
  Path Group:             (none)
  Path Type:              Setup (Max at Slow Process Corner)
  Data Path Delay:        0.002ns  (logic 0.000ns (0.000%)  route 0.002ns (100.000%))
  Logic Levels:           0  
  Clock Uncertainty:      0.180ns  ((TSJ^2 + TIJ^2)^1/2 + DJ) / 2 + PE
    Total System Jitter     (TSJ):    0.050ns
    Total Input Jitter      (TIJ):    0.356ns
    Discrete Jitter          (DJ):    0.000ns
    Phase Error              (PE):    0.000ns

    Location             Delay type                Incr(ns)  Path(ns)    Netlist Resource(s)
  -------------------------------------------------------------------    -------------------
    DSP48_X3Y2           DSP48E1                      0.000     0.000 r  prometheus_pynq_z1_i/prometheus_soc_0/inst/u_prometheus_soc/grp_prometheus_soc_Pipeline_PROGRAM_LOOP_fu_62/grp_normalize_and_store_fu_3700/emit_prob_stream_U0/grp_emit_prob_stream_Pipeline_prob_emit_loop_fu_2106/mul_32ns_31ns_62_1_1_U2101/tmp_product__0/ACOUT[11]
                         net (fo=1, routed)           0.002     0.002    prometheus_pynq_z1_i/prometheus_soc_0/inst/u_prometheus_soc/grp_prometheus_soc_Pipeline_PROGRAM_LOOP_fu_62/grp_normalize_and_store_fu_3700/emit_prob_stream_U0/grp_emit_prob_stream_Pipeline_prob_emit_loop_fu_2106/mul_32ns_31ns_62_1_1_U2101_n_83
    DSP48_X3Y3           DSP48E1                                      r  prometheus_pynq_z1_i/prometheus_soc_0/inst/u_prometheus_soc/grp_prometheus_soc_Pipeline_PROGRAM_LOOP_fu_62/grp_normalize_and_store_fu_3700/emit_prob_stream_U0/grp_emit_prob_stream_Pipeline_prob_emit_loop_fu_2106/pkt_v0_reg_3682_reg__0/ACIN[11]
  -------------------------------------------------------------------    -------------------

                         (clock clk_fpga_0 rise edge)
                                                      0.000     0.000 r  
    PS7_X0Y0             PS7                          0.000     0.000 r  prometheus_pynq_z1_i/processing_system7_0/inst/PS7_i/FCLKCLK[0]
                         net (fo=1, routed)           1.088     1.088    prometheus_pynq_z1_i/processing_system7_0/inst/FCLK_CLK_unbuffered[0]
    BUFGCTRL_X0Y16       BUFG (Prop_bufg_I_O)         0.091     1.179 r  prometheus_pynq_z1_i/processing_system7_0/inst/buffer_fclk_clk_0.FCLK_CLK_0_BUFG/O
                         net (fo=63004, routed)       1.711     2.890    prometheus_pynq_z1_i/prometheus_soc_0/inst/u_prometheus_soc/grp_prometheus_soc_Pipeline_PROGRAM_LOOP_fu_62/grp_normalize_and_store_fu_3700/emit_prob_stream_U0/grp_emit_prob_stream_Pipeline_prob_emit_loop_fu_2106/ap_clk
    DSP48_X3Y3           DSP48E1                                      r  prometheus_pynq_z1_i/prometheus_soc_0/inst/u_prometheus_soc/grp_prometheus_soc_Pipeline_PROGRAM_LOOP_fu_62/grp_normalize_and_store_fu_3700/emit_prob_stream_U0/grp_emit_prob_stream_Pipeline_prob_emit_loop_fu_2106/pkt_v0_reg_3682_reg__0/CLK

Slack:                    inf
  Source:                 prometheus_pynq_z1_i/prometheus_soc_0/inst/u_prometheus_soc/grp_prometheus_soc_Pipeline_PROGRAM_LOOP_fu_62/grp_normalize_and_store_fu_3700/emit_prob_stream_U0/grp_emit_prob_stream_Pipeline_prob_emit_loop_fu_2106/mul_32ns_31ns_62_1_1_U2101/tmp_product__0/ACOUT[12]
                            (internal pin)
  Destination:            prometheus_pynq_z1_i/prometheus_soc_0/inst/u_prometheus_soc/grp_prometheus_soc_Pipeline_PROGRAM_LOOP_fu_62/grp_normalize_and_store_fu_3700/emit_prob_stream_U0/grp_emit_prob_stream_Pipeline_prob_emit_loop_fu_2106/pkt_v0_reg_3682_reg__0/ACIN[12]
                            (rising edge-triggered cell DSP48E1 clocked by clk_fpga_0  {rise@0.000ns fall@5.938ns period=11.875ns})
  Path Group:             (none)
  Path Type:              Setup (Max at Slow Process Corner)
  Data Path Delay:        0.002ns  (logic 0.000ns (0.000%)  route 0.002ns (100.000%))
  Logic Levels:           0  
  Clock Uncertainty:      0.180ns  ((TSJ^2 + TIJ^2)^1/2 + DJ) / 2 + PE
    Total System Jitter     (TSJ):    0.050ns
    Total Input Jitter      (TIJ):    0.356ns
    Discrete Jitter          (DJ):    0.000ns
    Phase Error              (PE):    0.000ns

    Location             Delay type                Incr(ns)  Path(ns)    Netlist Resource(s)
  -------------------------------------------------------------------    -------------------
    DSP48_X3Y2           DSP48E1                      0.000     0.000 r  prometheus_pynq_z1_i/prometheus_soc_0/inst/u_prometheus_soc/grp_prometheus_soc_Pipeline_PROGRAM_LOOP_fu_62/grp_normalize_and_store_fu_3700/emit_prob_stream_U0/grp_emit_prob_stream_Pipeline_prob_emit_loop_fu_2106/mul_32ns_31ns_62_1_1_U2101/tmp_product__0/ACOUT[12]
                         net (fo=1, routed)           0.002     0.002    prometheus_pynq_z1_i/prometheus_soc_0/inst/u_prometheus_soc/grp_prometheus_soc_Pipeline_PROGRAM_LOOP_fu_62/grp_normalize_and_store_fu_3700/emit_prob_stream_U0/grp_emit_prob_stream_Pipeline_prob_emit_loop_fu_2106/mul_32ns_31ns_62_1_1_U2101_n_82
    DSP48_X3Y3           DSP48E1                                      r  prometheus_pynq_z1_i/prometheus_soc_0/inst/u_prometheus_soc/grp_prometheus_soc_Pipeline_PROGRAM_LOOP_fu_62/grp_normalize_and_store_fu_3700/emit_prob_stream_U0/grp_emit_prob_stream_Pipeline_prob_emit_loop_fu_2106/pkt_v0_reg_3682_reg__0/ACIN[12]
  -------------------------------------------------------------------    -------------------

                         (clock clk_fpga_0 rise edge)
                                                      0.000     0.000 r  
    PS7_X0Y0             PS7                          0.000     0.000 r  prometheus_pynq_z1_i/processing_system7_0/inst/PS7_i/FCLKCLK[0]
                         net (fo=1, routed)           1.088     1.088    prometheus_pynq_z1_i/processing_system7_0/inst/FCLK_CLK_unbuffered[0]
    BUFGCTRL_X0Y16       BUFG (Prop_bufg_I_O)         0.091     1.179 r  prometheus_pynq_z1_i/processing_system7_0/inst/buffer_fclk_clk_0.FCLK_CLK_0_BUFG/O
                         net (fo=63004, routed)       1.711     2.890    prometheus_pynq_z1_i/prometheus_soc_0/inst/u_prometheus_soc/grp_prometheus_soc_Pipeline_PROGRAM_LOOP_fu_62/grp_normalize_and_store_fu_3700/emit_prob_stream_U0/grp_emit_prob_stream_Pipeline_prob_emit_loop_fu_2106/ap_clk
    DSP48_X3Y3           DSP48E1                                      r  prometheus_pynq_z1_i/prometheus_soc_0/inst/u_prometheus_soc/grp_prometheus_soc_Pipeline_PROGRAM_LOOP_fu_62/grp_normalize_and_store_fu_3700/emit_prob_stream_U0/grp_emit_prob_stream_Pipeline_prob_emit_loop_fu_2106/pkt_v0_reg_3682_reg__0/CLK

Slack:                    inf
  Source:                 prometheus_pynq_z1_i/prometheus_soc_0/inst/u_prometheus_soc/grp_prometheus_soc_Pipeline_PROGRAM_LOOP_fu_62/grp_normalize_and_store_fu_3700/emit_prob_stream_U0/grp_emit_prob_stream_Pipeline_prob_emit_loop_fu_2106/mul_32ns_31ns_62_1_1_U2101/tmp_product__0/ACOUT[13]
                            (internal pin)
  Destination:            prometheus_pynq_z1_i/prometheus_soc_0/inst/u_prometheus_soc/grp_prometheus_soc_Pipeline_PROGRAM_LOOP_fu_62/grp_normalize_and_store_fu_3700/emit_prob_stream_U0/grp_emit_prob_stream_Pipeline_prob_emit_loop_fu_2106/pkt_v0_reg_3682_reg__0/ACIN[13]
                            (rising edge-triggered cell DSP48E1 clocked by clk_fpga_0  {rise@0.000ns fall@5.938ns period=11.875ns})
  Path Group:             (none)
  Path Type:              Setup (Max at Slow Process Corner)
  Data Path Delay:        0.002ns  (logic 0.000ns (0.000%)  route 0.002ns (100.000%))
  Logic Levels:           0  
  Clock Uncertainty:      0.180ns  ((TSJ^2 + TIJ^2)^1/2 + DJ) / 2 + PE
    Total System Jitter     (TSJ):    0.050ns
    Total Input Jitter      (TIJ):    0.356ns
    Discrete Jitter          (DJ):    0.000ns
    Phase Error              (PE):    0.000ns

    Location             Delay type                Incr(ns)  Path(ns)    Netlist Resource(s)
  -------------------------------------------------------------------    -------------------
    DSP48_X3Y2           DSP48E1                      0.000     0.000 r  prometheus_pynq_z1_i/prometheus_soc_0/inst/u_prometheus_soc/grp_prometheus_soc_Pipeline_PROGRAM_LOOP_fu_62/grp_normalize_and_store_fu_3700/emit_prob_stream_U0/grp_emit_prob_stream_Pipeline_prob_emit_loop_fu_2106/mul_32ns_31ns_62_1_1_U2101/tmp_product__0/ACOUT[13]
                         net (fo=1, routed)           0.002     0.002    prometheus_pynq_z1_i/prometheus_soc_0/inst/u_prometheus_soc/grp_prometheus_soc_Pipeline_PROGRAM_LOOP_fu_62/grp_normalize_and_store_fu_3700/emit_prob_stream_U0/grp_emit_prob_stream_Pipeline_prob_emit_loop_fu_2106/mul_32ns_31ns_62_1_1_U2101_n_81
    DSP48_X3Y3           DSP48E1                                      r  prometheus_pynq_z1_i/prometheus_soc_0/inst/u_prometheus_soc/grp_prometheus_soc_Pipeline_PROGRAM_LOOP_fu_62/grp_normalize_and_store_fu_3700/emit_prob_stream_U0/grp_emit_prob_stream_Pipeline_prob_emit_loop_fu_2106/pkt_v0_reg_3682_reg__0/ACIN[13]
  -------------------------------------------------------------------    -------------------

                         (clock clk_fpga_0 rise edge)
                                                      0.000     0.000 r  
    PS7_X0Y0             PS7                          0.000     0.000 r  prometheus_pynq_z1_i/processing_system7_0/inst/PS7_i/FCLKCLK[0]
                         net (fo=1, routed)           1.088     1.088    prometheus_pynq_z1_i/processing_system7_0/inst/FCLK_CLK_unbuffered[0]
    BUFGCTRL_X0Y16       BUFG (Prop_bufg_I_O)         0.091     1.179 r  prometheus_pynq_z1_i/processing_system7_0/inst/buffer_fclk_clk_0.FCLK_CLK_0_BUFG/O
                         net (fo=63004, routed)       1.711     2.890    prometheus_pynq_z1_i/prometheus_soc_0/inst/u_prometheus_soc/grp_prometheus_soc_Pipeline_PROGRAM_LOOP_fu_62/grp_normalize_and_store_fu_3700/emit_prob_stream_U0/grp_emit_prob_stream_Pipeline_prob_emit_loop_fu_2106/ap_clk
    DSP48_X3Y3           DSP48E1                                      r  prometheus_pynq_z1_i/prometheus_soc_0/inst/u_prometheus_soc/grp_prometheus_soc_Pipeline_PROGRAM_LOOP_fu_62/grp_normalize_and_store_fu_3700/emit_prob_stream_U0/grp_emit_prob_stream_Pipeline_prob_emit_loop_fu_2106/pkt_v0_reg_3682_reg__0/CLK

Slack:                    inf
  Source:                 prometheus_pynq_z1_i/prometheus_soc_0/inst/u_prometheus_soc/grp_prometheus_soc_Pipeline_PROGRAM_LOOP_fu_62/grp_normalize_and_store_fu_3700/emit_prob_stream_U0/grp_emit_prob_stream_Pipeline_prob_emit_loop_fu_2106/mul_32ns_31ns_62_1_1_U2101/tmp_product__0/ACOUT[14]
                            (internal pin)
  Destination:            prometheus_pynq_z1_i/prometheus_soc_0/inst/u_prometheus_soc/grp_prometheus_soc_Pipeline_PROGRAM_LOOP_fu_62/grp_normalize_and_store_fu_3700/emit_prob_stream_U0/grp_emit_prob_stream_Pipeline_prob_emit_loop_fu_2106/pkt_v0_reg_3682_reg__0/ACIN[14]
                            (rising edge-triggered cell DSP48E1 clocked by clk_fpga_0  {rise@0.000ns fall@5.938ns period=11.875ns})
  Path Group:             (none)
  Path Type:              Setup (Max at Slow Process Corner)
  Data Path Delay:        0.002ns  (logic 0.000ns (0.000%)  route 0.002ns (100.000%))
  Logic Levels:           0  
  Clock Uncertainty:      0.180ns  ((TSJ^2 + TIJ^2)^1/2 + DJ) / 2 + PE
    Total System Jitter     (TSJ):    0.050ns
    Total Input Jitter      (TIJ):    0.356ns
    Discrete Jitter          (DJ):    0.000ns
    Phase Error              (PE):    0.000ns

    Location             Delay type                Incr(ns)  Path(ns)    Netlist Resource(s)
  -------------------------------------------------------------------    -------------------
    DSP48_X3Y2           DSP48E1                      0.000     0.000 r  prometheus_pynq_z1_i/prometheus_soc_0/inst/u_prometheus_soc/grp_prometheus_soc_Pipeline_PROGRAM_LOOP_fu_62/grp_normalize_and_store_fu_3700/emit_prob_stream_U0/grp_emit_prob_stream_Pipeline_prob_emit_loop_fu_2106/mul_32ns_31ns_62_1_1_U2101/tmp_product__0/ACOUT[14]
                         net (fo=1, routed)           0.002     0.002    prometheus_pynq_z1_i/prometheus_soc_0/inst/u_prometheus_soc/grp_prometheus_soc_Pipeline_PROGRAM_LOOP_fu_62/grp_normalize_and_store_fu_3700/emit_prob_stream_U0/grp_emit_prob_stream_Pipeline_prob_emit_loop_fu_2106/mul_32ns_31ns_62_1_1_U2101_n_80
    DSP48_X3Y3           DSP48E1                                      r  prometheus_pynq_z1_i/prometheus_soc_0/inst/u_prometheus_soc/grp_prometheus_soc_Pipeline_PROGRAM_LOOP_fu_62/grp_normalize_and_store_fu_3700/emit_prob_stream_U0/grp_emit_prob_stream_Pipeline_prob_emit_loop_fu_2106/pkt_v0_reg_3682_reg__0/ACIN[14]
  -------------------------------------------------------------------    -------------------

                         (clock clk_fpga_0 rise edge)
                                                      0.000     0.000 r  
    PS7_X0Y0             PS7                          0.000     0.000 r  prometheus_pynq_z1_i/processing_system7_0/inst/PS7_i/FCLKCLK[0]
                         net (fo=1, routed)           1.088     1.088    prometheus_pynq_z1_i/processing_system7_0/inst/FCLK_CLK_unbuffered[0]
    BUFGCTRL_X0Y16       BUFG (Prop_bufg_I_O)         0.091     1.179 r  prometheus_pynq_z1_i/processing_system7_0/inst/buffer_fclk_clk_0.FCLK_CLK_0_BUFG/O
                         net (fo=63004, routed)       1.711     2.890    prometheus_pynq_z1_i/prometheus_soc_0/inst/u_prometheus_soc/grp_prometheus_soc_Pipeline_PROGRAM_LOOP_fu_62/grp_normalize_and_store_fu_3700/emit_prob_stream_U0/grp_emit_prob_stream_Pipeline_prob_emit_loop_fu_2106/ap_clk
    DSP48_X3Y3           DSP48E1                                      r  prometheus_pynq_z1_i/prometheus_soc_0/inst/u_prometheus_soc/grp_prometheus_soc_Pipeline_PROGRAM_LOOP_fu_62/grp_normalize_and_store_fu_3700/emit_prob_stream_U0/grp_emit_prob_stream_Pipeline_prob_emit_loop_fu_2106/pkt_v0_reg_3682_reg__0/CLK

Slack:                    inf
  Source:                 prometheus_pynq_z1_i/prometheus_soc_0/inst/u_prometheus_soc/grp_prometheus_soc_Pipeline_PROGRAM_LOOP_fu_62/grp_normalize_and_store_fu_3700/emit_prob_stream_U0/grp_emit_prob_stream_Pipeline_prob_emit_loop_fu_2106/mul_32ns_31ns_62_1_1_U2101/tmp_product__0/ACOUT[15]
                            (internal pin)
  Destination:            prometheus_pynq_z1_i/prometheus_soc_0/inst/u_prometheus_soc/grp_prometheus_soc_Pipeline_PROGRAM_LOOP_fu_62/grp_normalize_and_store_fu_3700/emit_prob_stream_U0/grp_emit_prob_stream_Pipeline_prob_emit_loop_fu_2106/pkt_v0_reg_3682_reg__0/ACIN[15]
                            (rising edge-triggered cell DSP48E1 clocked by clk_fpga_0  {rise@0.000ns fall@5.938ns period=11.875ns})
  Path Group:             (none)
  Path Type:              Setup (Max at Slow Process Corner)
  Data Path Delay:        0.002ns  (logic 0.000ns (0.000%)  route 0.002ns (100.000%))
  Logic Levels:           0  
  Clock Uncertainty:      0.180ns  ((TSJ^2 + TIJ^2)^1/2 + DJ) / 2 + PE
    Total System Jitter     (TSJ):    0.050ns
    Total Input Jitter      (TIJ):    0.356ns
    Discrete Jitter          (DJ):    0.000ns
    Phase Error              (PE):    0.000ns

    Location             Delay type                Incr(ns)  Path(ns)    Netlist Resource(s)
  -------------------------------------------------------------------    -------------------
    DSP48_X3Y2           DSP48E1                      0.000     0.000 r  prometheus_pynq_z1_i/prometheus_soc_0/inst/u_prometheus_soc/grp_prometheus_soc_Pipeline_PROGRAM_LOOP_fu_62/grp_normalize_and_store_fu_3700/emit_prob_stream_U0/grp_emit_prob_stream_Pipeline_prob_emit_loop_fu_2106/mul_32ns_31ns_62_1_1_U2101/tmp_product__0/ACOUT[15]
                         net (fo=1, routed)           0.002     0.002    prometheus_pynq_z1_i/prometheus_soc_0/inst/u_prometheus_soc/grp_prometheus_soc_Pipeline_PROGRAM_LOOP_fu_62/grp_normalize_and_store_fu_3700/emit_prob_stream_U0/grp_emit_prob_stream_Pipeline_prob_emit_loop_fu_2106/mul_32ns_31ns_62_1_1_U2101_n_79
    DSP48_X3Y3           DSP48E1                                      r  prometheus_pynq_z1_i/prometheus_soc_0/inst/u_prometheus_soc/grp_prometheus_soc_Pipeline_PROGRAM_LOOP_fu_62/grp_normalize_and_store_fu_3700/emit_prob_stream_U0/grp_emit_prob_stream_Pipeline_prob_emit_loop_fu_2106/pkt_v0_reg_3682_reg__0/ACIN[15]
  -------------------------------------------------------------------    -------------------

                         (clock clk_fpga_0 rise edge)
                                                      0.000     0.000 r  
    PS7_X0Y0             PS7                          0.000     0.000 r  prometheus_pynq_z1_i/processing_system7_0/inst/PS7_i/FCLKCLK[0]
                         net (fo=1, routed)           1.088     1.088    prometheus_pynq_z1_i/processing_system7_0/inst/FCLK_CLK_unbuffered[0]
    BUFGCTRL_X0Y16       BUFG (Prop_bufg_I_O)         0.091     1.179 r  prometheus_pynq_z1_i/processing_system7_0/inst/buffer_fclk_clk_0.FCLK_CLK_0_BUFG/O
                         net (fo=63004, routed)       1.711     2.890    prometheus_pynq_z1_i/prometheus_soc_0/inst/u_prometheus_soc/grp_prometheus_soc_Pipeline_PROGRAM_LOOP_fu_62/grp_normalize_and_store_fu_3700/emit_prob_stream_U0/grp_emit_prob_stream_Pipeline_prob_emit_loop_fu_2106/ap_clk
    DSP48_X3Y3           DSP48E1                                      r  prometheus_pynq_z1_i/prometheus_soc_0/inst/u_prometheus_soc/grp_prometheus_soc_Pipeline_PROGRAM_LOOP_fu_62/grp_normalize_and_store_fu_3700/emit_prob_stream_U0/grp_emit_prob_stream_Pipeline_prob_emit_loop_fu_2106/pkt_v0_reg_3682_reg__0/CLK

Slack:                    inf
  Source:                 prometheus_pynq_z1_i/prometheus_soc_0/inst/u_prometheus_soc/grp_prometheus_soc_Pipeline_PROGRAM_LOOP_fu_62/grp_normalize_and_store_fu_3700/emit_prob_stream_U0/grp_emit_prob_stream_Pipeline_prob_emit_loop_fu_2106/mul_32ns_31ns_62_1_1_U2101/tmp_product__0/ACOUT[16]
                            (internal pin)
  Destination:            prometheus_pynq_z1_i/prometheus_soc_0/inst/u_prometheus_soc/grp_prometheus_soc_Pipeline_PROGRAM_LOOP_fu_62/grp_normalize_and_store_fu_3700/emit_prob_stream_U0/grp_emit_prob_stream_Pipeline_prob_emit_loop_fu_2106/pkt_v0_reg_3682_reg__0/ACIN[16]
                            (rising edge-triggered cell DSP48E1 clocked by clk_fpga_0  {rise@0.000ns fall@5.938ns period=11.875ns})
  Path Group:             (none)
  Path Type:              Setup (Max at Slow Process Corner)
  Data Path Delay:        0.002ns  (logic 0.000ns (0.000%)  route 0.002ns (100.000%))
  Logic Levels:           0  
  Clock Uncertainty:      0.180ns  ((TSJ^2 + TIJ^2)^1/2 + DJ) / 2 + PE
    Total System Jitter     (TSJ):    0.050ns
    Total Input Jitter      (TIJ):    0.356ns
    Discrete Jitter          (DJ):    0.000ns
    Phase Error              (PE):    0.000ns

    Location             Delay type                Incr(ns)  Path(ns)    Netlist Resource(s)
  -------------------------------------------------------------------    -------------------
    DSP48_X3Y2           DSP48E1                      0.000     0.000 r  prometheus_pynq_z1_i/prometheus_soc_0/inst/u_prometheus_soc/grp_prometheus_soc_Pipeline_PROGRAM_LOOP_fu_62/grp_normalize_and_store_fu_3700/emit_prob_stream_U0/grp_emit_prob_stream_Pipeline_prob_emit_loop_fu_2106/mul_32ns_31ns_62_1_1_U2101/tmp_product__0/ACOUT[16]
                         net (fo=1, routed)           0.002     0.002    prometheus_pynq_z1_i/prometheus_soc_0/inst/u_prometheus_soc/grp_prometheus_soc_Pipeline_PROGRAM_LOOP_fu_62/grp_normalize_and_store_fu_3700/emit_prob_stream_U0/grp_emit_prob_stream_Pipeline_prob_emit_loop_fu_2106/mul_32ns_31ns_62_1_1_U2101_n_78
    DSP48_X3Y3           DSP48E1                                      r  prometheus_pynq_z1_i/prometheus_soc_0/inst/u_prometheus_soc/grp_prometheus_soc_Pipeline_PROGRAM_LOOP_fu_62/grp_normalize_and_store_fu_3700/emit_prob_stream_U0/grp_emit_prob_stream_Pipeline_prob_emit_loop_fu_2106/pkt_v0_reg_3682_reg__0/ACIN[16]
  -------------------------------------------------------------------    -------------------

                         (clock clk_fpga_0 rise edge)
                                                      0.000     0.000 r  
    PS7_X0Y0             PS7                          0.000     0.000 r  prometheus_pynq_z1_i/processing_system7_0/inst/PS7_i/FCLKCLK[0]
                         net (fo=1, routed)           1.088     1.088    prometheus_pynq_z1_i/processing_system7_0/inst/FCLK_CLK_unbuffered[0]
    BUFGCTRL_X0Y16       BUFG (Prop_bufg_I_O)         0.091     1.179 r  prometheus_pynq_z1_i/processing_system7_0/inst/buffer_fclk_clk_0.FCLK_CLK_0_BUFG/O
                         net (fo=63004, routed)       1.711     2.890    prometheus_pynq_z1_i/prometheus_soc_0/inst/u_prometheus_soc/grp_prometheus_soc_Pipeline_PROGRAM_LOOP_fu_62/grp_normalize_and_store_fu_3700/emit_prob_stream_U0/grp_emit_prob_stream_Pipeline_prob_emit_loop_fu_2106/ap_clk
    DSP48_X3Y3           DSP48E1                                      r  prometheus_pynq_z1_i/prometheus_soc_0/inst/u_prometheus_soc/grp_prometheus_soc_Pipeline_PROGRAM_LOOP_fu_62/grp_normalize_and_store_fu_3700/emit_prob_stream_U0/grp_emit_prob_stream_Pipeline_prob_emit_loop_fu_2106/pkt_v0_reg_3682_reg__0/CLK

Slack:                    inf
  Source:                 prometheus_pynq_z1_i/prometheus_soc_0/inst/u_prometheus_soc/grp_prometheus_soc_Pipeline_PROGRAM_LOOP_fu_62/grp_normalize_and_store_fu_3700/emit_prob_stream_U0/grp_emit_prob_stream_Pipeline_prob_emit_loop_fu_2106/mul_32ns_31ns_62_1_1_U2101/tmp_product__0/ACOUT[17]
                            (internal pin)
  Destination:            prometheus_pynq_z1_i/prometheus_soc_0/inst/u_prometheus_soc/grp_prometheus_soc_Pipeline_PROGRAM_LOOP_fu_62/grp_normalize_and_store_fu_3700/emit_prob_stream_U0/grp_emit_prob_stream_Pipeline_prob_emit_loop_fu_2106/pkt_v0_reg_3682_reg__0/ACIN[17]
                            (rising edge-triggered cell DSP48E1 clocked by clk_fpga_0  {rise@0.000ns fall@5.938ns period=11.875ns})
  Path Group:             (none)
  Path Type:              Setup (Max at Slow Process Corner)
  Data Path Delay:        0.002ns  (logic 0.000ns (0.000%)  route 0.002ns (100.000%))
  Logic Levels:           0  
  Clock Uncertainty:      0.180ns  ((TSJ^2 + TIJ^2)^1/2 + DJ) / 2 + PE
    Total System Jitter     (TSJ):    0.050ns
    Total Input Jitter      (TIJ):    0.356ns
    Discrete Jitter          (DJ):    0.000ns
    Phase Error              (PE):    0.000ns

    Location             Delay type                Incr(ns)  Path(ns)    Netlist Resource(s)
  -------------------------------------------------------------------    -------------------
    DSP48_X3Y2           DSP48E1                      0.000     0.000 r  prometheus_pynq_z1_i/prometheus_soc_0/inst/u_prometheus_soc/grp_prometheus_soc_Pipeline_PROGRAM_LOOP_fu_62/grp_normalize_and_store_fu_3700/emit_prob_stream_U0/grp_emit_prob_stream_Pipeline_prob_emit_loop_fu_2106/mul_32ns_31ns_62_1_1_U2101/tmp_product__0/ACOUT[17]
                         net (fo=1, routed)           0.002     0.002    prometheus_pynq_z1_i/prometheus_soc_0/inst/u_prometheus_soc/grp_prometheus_soc_Pipeline_PROGRAM_LOOP_fu_62/grp_normalize_and_store_fu_3700/emit_prob_stream_U0/grp_emit_prob_stream_Pipeline_prob_emit_loop_fu_2106/mul_32ns_31ns_62_1_1_U2101_n_77
    DSP48_X3Y3           DSP48E1                                      r  prometheus_pynq_z1_i/prometheus_soc_0/inst/u_prometheus_soc/grp_prometheus_soc_Pipeline_PROGRAM_LOOP_fu_62/grp_normalize_and_store_fu_3700/emit_prob_stream_U0/grp_emit_prob_stream_Pipeline_prob_emit_loop_fu_2106/pkt_v0_reg_3682_reg__0/ACIN[17]
  -------------------------------------------------------------------    -------------------

                         (clock clk_fpga_0 rise edge)
                                                      0.000     0.000 r  
    PS7_X0Y0             PS7                          0.000     0.000 r  prometheus_pynq_z1_i/processing_system7_0/inst/PS7_i/FCLKCLK[0]
                         net (fo=1, routed)           1.088     1.088    prometheus_pynq_z1_i/processing_system7_0/inst/FCLK_CLK_unbuffered[0]
    BUFGCTRL_X0Y16       BUFG (Prop_bufg_I_O)         0.091     1.179 r  prometheus_pynq_z1_i/processing_system7_0/inst/buffer_fclk_clk_0.FCLK_CLK_0_BUFG/O
                         net (fo=63004, routed)       1.711     2.890    prometheus_pynq_z1_i/prometheus_soc_0/inst/u_prometheus_soc/grp_prometheus_soc_Pipeline_PROGRAM_LOOP_fu_62/grp_normalize_and_store_fu_3700/emit_prob_stream_U0/grp_emit_prob_stream_Pipeline_prob_emit_loop_fu_2106/ap_clk
    DSP48_X3Y3           DSP48E1                                      r  prometheus_pynq_z1_i/prometheus_soc_0/inst/u_prometheus_soc/grp_prometheus_soc_Pipeline_PROGRAM_LOOP_fu_62/grp_normalize_and_store_fu_3700/emit_prob_stream_U0/grp_emit_prob_stream_Pipeline_prob_emit_loop_fu_2106/pkt_v0_reg_3682_reg__0/CLK

Slack:                    inf
  Source:                 prometheus_pynq_z1_i/prometheus_soc_0/inst/u_prometheus_soc/grp_prometheus_soc_Pipeline_PROGRAM_LOOP_fu_62/grp_normalize_and_store_fu_3700/emit_prob_stream_U0/grp_emit_prob_stream_Pipeline_prob_emit_loop_fu_2106/mul_32ns_31ns_62_1_1_U2101/tmp_product__0/ACOUT[18]
                            (internal pin)
  Destination:            prometheus_pynq_z1_i/prometheus_soc_0/inst/u_prometheus_soc/grp_prometheus_soc_Pipeline_PROGRAM_LOOP_fu_62/grp_normalize_and_store_fu_3700/emit_prob_stream_U0/grp_emit_prob_stream_Pipeline_prob_emit_loop_fu_2106/pkt_v0_reg_3682_reg__0/ACIN[18]
                            (rising edge-triggered cell DSP48E1 clocked by clk_fpga_0  {rise@0.000ns fall@5.938ns period=11.875ns})
  Path Group:             (none)
  Path Type:              Setup (Max at Slow Process Corner)
  Data Path Delay:        0.002ns  (logic 0.000ns (0.000%)  route 0.002ns (100.000%))
  Logic Levels:           0  
  Clock Uncertainty:      0.180ns  ((TSJ^2 + TIJ^2)^1/2 + DJ) / 2 + PE
    Total System Jitter     (TSJ):    0.050ns
    Total Input Jitter      (TIJ):    0.356ns
    Discrete Jitter          (DJ):    0.000ns
    Phase Error              (PE):    0.000ns

    Location             Delay type                Incr(ns)  Path(ns)    Netlist Resource(s)
  -------------------------------------------------------------------    -------------------
    DSP48_X3Y2           DSP48E1                      0.000     0.000 r  prometheus_pynq_z1_i/prometheus_soc_0/inst/u_prometheus_soc/grp_prometheus_soc_Pipeline_PROGRAM_LOOP_fu_62/grp_normalize_and_store_fu_3700/emit_prob_stream_U0/grp_emit_prob_stream_Pipeline_prob_emit_loop_fu_2106/mul_32ns_31ns_62_1_1_U2101/tmp_product__0/ACOUT[18]
                         net (fo=1, routed)           0.002     0.002    prometheus_pynq_z1_i/prometheus_soc_0/inst/u_prometheus_soc/grp_prometheus_soc_Pipeline_PROGRAM_LOOP_fu_62/grp_normalize_and_store_fu_3700/emit_prob_stream_U0/grp_emit_prob_stream_Pipeline_prob_emit_loop_fu_2106/mul_32ns_31ns_62_1_1_U2101_n_76
    DSP48_X3Y3           DSP48E1                                      r  prometheus_pynq_z1_i/prometheus_soc_0/inst/u_prometheus_soc/grp_prometheus_soc_Pipeline_PROGRAM_LOOP_fu_62/grp_normalize_and_store_fu_3700/emit_prob_stream_U0/grp_emit_prob_stream_Pipeline_prob_emit_loop_fu_2106/pkt_v0_reg_3682_reg__0/ACIN[18]
  -------------------------------------------------------------------    -------------------

                         (clock clk_fpga_0 rise edge)
                                                      0.000     0.000 r  
    PS7_X0Y0             PS7                          0.000     0.000 r  prometheus_pynq_z1_i/processing_system7_0/inst/PS7_i/FCLKCLK[0]
                         net (fo=1, routed)           1.088     1.088    prometheus_pynq_z1_i/processing_system7_0/inst/FCLK_CLK_unbuffered[0]
    BUFGCTRL_X0Y16       BUFG (Prop_bufg_I_O)         0.091     1.179 r  prometheus_pynq_z1_i/processing_system7_0/inst/buffer_fclk_clk_0.FCLK_CLK_0_BUFG/O
                         net (fo=63004, routed)       1.711     2.890    prometheus_pynq_z1_i/prometheus_soc_0/inst/u_prometheus_soc/grp_prometheus_soc_Pipeline_PROGRAM_LOOP_fu_62/grp_normalize_and_store_fu_3700/emit_prob_stream_U0/grp_emit_prob_stream_Pipeline_prob_emit_loop_fu_2106/ap_clk
    DSP48_X3Y3           DSP48E1                                      r  prometheus_pynq_z1_i/prometheus_soc_0/inst/u_prometheus_soc/grp_prometheus_soc_Pipeline_PROGRAM_LOOP_fu_62/grp_normalize_and_store_fu_3700/emit_prob_stream_U0/grp_emit_prob_stream_Pipeline_prob_emit_loop_fu_2106/pkt_v0_reg_3682_reg__0/CLK





Min Delay Paths
--------------------------------------------------------------------------------------
Slack:                    inf
  Source:                 prometheus_pynq_z1_i/prometheus_soc_0/inst/u_prometheus_soc/grp_prometheus_soc_Pipeline_PROGRAM_LOOP_fu_62/grp_normalize_and_store_fu_3700/emit_prob_stream_U0/grp_emit_prob_stream_Pipeline_prob_emit_loop_fu_2106/mul_32ns_31ns_62_1_1_U2101/tmp_product__0/ACOUT[0]
                            (internal pin)
  Destination:            prometheus_pynq_z1_i/prometheus_soc_0/inst/u_prometheus_soc/grp_prometheus_soc_Pipeline_PROGRAM_LOOP_fu_62/grp_normalize_and_store_fu_3700/emit_prob_stream_U0/grp_emit_prob_stream_Pipeline_prob_emit_loop_fu_2106/pkt_v0_reg_3682_reg__0/ACIN[0]
                            (rising edge-triggered cell DSP48E1 clocked by clk_fpga_0  {rise@0.000ns fall@5.938ns period=11.875ns})
  Path Group:             (none)
  Path Type:              Hold (Min at Slow Process Corner)
  Data Path Delay:        0.002ns  (logic 0.000ns (0.000%)  route 0.002ns (100.000%))
  Logic Levels:           0  
  Clock Uncertainty:      0.180ns  ((TSJ^2 + TIJ^2)^1/2 + DJ) / 2 + PE
    Total System Jitter     (TSJ):    0.050ns
    Total Input Jitter      (TIJ):    0.356ns
    Discrete Jitter          (DJ):    0.000ns
    Phase Error              (PE):    0.000ns

    Location             Delay type                Incr(ns)  Path(ns)    Netlist Resource(s)
  -------------------------------------------------------------------    -------------------
    DSP48_X3Y2           DSP48E1                      0.000     0.000 r  prometheus_pynq_z1_i/prometheus_soc_0/inst/u_prometheus_soc/grp_prometheus_soc_Pipeline_PROGRAM_LOOP_fu_62/grp_normalize_and_store_fu_3700/emit_prob_stream_U0/grp_emit_prob_stream_Pipeline_prob_emit_loop_fu_2106/mul_32ns_31ns_62_1_1_U2101/tmp_product__0/ACOUT[0]
                         net (fo=1, routed)           0.002     0.002    prometheus_pynq_z1_i/prometheus_soc_0/inst/u_prometheus_soc/grp_prometheus_soc_Pipeline_PROGRAM_LOOP_fu_62/grp_normalize_and_store_fu_3700/emit_prob_stream_U0/grp_emit_prob_stream_Pipeline_prob_emit_loop_fu_2106/mul_32ns_31ns_62_1_1_U2101_n_94
    DSP48_X3Y3           DSP48E1                                      r  prometheus_pynq_z1_i/prometheus_soc_0/inst/u_prometheus_soc/grp_prometheus_soc_Pipeline_PROGRAM_LOOP_fu_62/grp_normalize_and_store_fu_3700/emit_prob_stream_U0/grp_emit_prob_stream_Pipeline_prob_emit_loop_fu_2106/pkt_v0_reg_3682_reg__0/ACIN[0]
  -------------------------------------------------------------------    -------------------

                         (clock clk_fpga_0 rise edge)
                                                      0.000     0.000 r  
    PS7_X0Y0             PS7                          0.000     0.000 r  prometheus_pynq_z1_i/processing_system7_0/inst/PS7_i/FCLKCLK[0]
                         net (fo=1, routed)           1.193     1.193    prometheus_pynq_z1_i/processing_system7_0/inst/FCLK_CLK_unbuffered[0]
    BUFGCTRL_X0Y16       BUFG (Prop_bufg_I_O)         0.101     1.294 r  prometheus_pynq_z1_i/processing_system7_0/inst/buffer_fclk_clk_0.FCLK_CLK_0_BUFG/O
                         net (fo=63004, routed)       1.889     3.183    prometheus_pynq_z1_i/prometheus_soc_0/inst/u_prometheus_soc/grp_prometheus_soc_Pipeline_PROGRAM_LOOP_fu_62/grp_normalize_and_store_fu_3700/emit_prob_stream_U0/grp_emit_prob_stream_Pipeline_prob_emit_loop_fu_2106/ap_clk
    DSP48_X3Y3           DSP48E1                                      r  prometheus_pynq_z1_i/prometheus_soc_0/inst/u_prometheus_soc/grp_prometheus_soc_Pipeline_PROGRAM_LOOP_fu_62/grp_normalize_and_store_fu_3700/emit_prob_stream_U0/grp_emit_prob_stream_Pipeline_prob_emit_loop_fu_2106/pkt_v0_reg_3682_reg__0/CLK

Slack:                    inf
  Source:                 prometheus_pynq_z1_i/prometheus_soc_0/inst/u_prometheus_soc/grp_prometheus_soc_Pipeline_PROGRAM_LOOP_fu_62/grp_normalize_and_store_fu_3700/emit_prob_stream_U0/grp_emit_prob_stream_Pipeline_prob_emit_loop_fu_2106/mul_32ns_31ns_62_1_1_U2101/tmp_product__0/ACOUT[10]
                            (internal pin)
  Destination:            prometheus_pynq_z1_i/prometheus_soc_0/inst/u_prometheus_soc/grp_prometheus_soc_Pipeline_PROGRAM_LOOP_fu_62/grp_normalize_and_store_fu_3700/emit_prob_stream_U0/grp_emit_prob_stream_Pipeline_prob_emit_loop_fu_2106/pkt_v0_reg_3682_reg__0/ACIN[10]
                            (rising edge-triggered cell DSP48E1 clocked by clk_fpga_0  {rise@0.000ns fall@5.938ns period=11.875ns})
  Path Group:             (none)
  Path Type:              Hold (Min at Slow Process Corner)
  Data Path Delay:        0.002ns  (logic 0.000ns (0.000%)  route 0.002ns (100.000%))
  Logic Levels:           0  
  Clock Uncertainty:      0.180ns  ((TSJ^2 + TIJ^2)^1/2 + DJ) / 2 + PE
    Total System Jitter     (TSJ):    0.050ns
    Total Input Jitter      (TIJ):    0.356ns
    Discrete Jitter          (DJ):    0.000ns
    Phase Error              (PE):    0.000ns

    Location             Delay type                Incr(ns)  Path(ns)    Netlist Resource(s)
  -------------------------------------------------------------------    -------------------
    DSP48_X3Y2           DSP48E1                      0.000     0.000 r  prometheus_pynq_z1_i/prometheus_soc_0/inst/u_prometheus_soc/grp_prometheus_soc_Pipeline_PROGRAM_LOOP_fu_62/grp_normalize_and_store_fu_3700/emit_prob_stream_U0/grp_emit_prob_stream_Pipeline_prob_emit_loop_fu_2106/mul_32ns_31ns_62_1_1_U2101/tmp_product__0/ACOUT[10]
                         net (fo=1, routed)           0.002     0.002    prometheus_pynq_z1_i/prometheus_soc_0/inst/u_prometheus_soc/grp_prometheus_soc_Pipeline_PROGRAM_LOOP_fu_62/grp_normalize_and_store_fu_3700/emit_prob_stream_U0/grp_emit_prob_stream_Pipeline_prob_emit_loop_fu_2106/mul_32ns_31ns_62_1_1_U2101_n_84
    DSP48_X3Y3           DSP48E1                                      r  prometheus_pynq_z1_i/prometheus_soc_0/inst/u_prometheus_soc/grp_prometheus_soc_Pipeline_PROGRAM_LOOP_fu_62/grp_normalize_and_store_fu_3700/emit_prob_stream_U0/grp_emit_prob_stream_Pipeline_prob_emit_loop_fu_2106/pkt_v0_reg_3682_reg__0/ACIN[10]
  -------------------------------------------------------------------    -------------------

                         (clock clk_fpga_0 rise edge)
                                                      0.000     0.000 r  
    PS7_X0Y0             PS7                          0.000     0.000 r  prometheus_pynq_z1_i/processing_system7_0/inst/PS7_i/FCLKCLK[0]
                         net (fo=1, routed)           1.193     1.193    prometheus_pynq_z1_i/processing_system7_0/inst/FCLK_CLK_unbuffered[0]
    BUFGCTRL_X0Y16       BUFG (Prop_bufg_I_O)         0.101     1.294 r  prometheus_pynq_z1_i/processing_system7_0/inst/buffer_fclk_clk_0.FCLK_CLK_0_BUFG/O
                         net (fo=63004, routed)       1.889     3.183    prometheus_pynq_z1_i/prometheus_soc_0/inst/u_prometheus_soc/grp_prometheus_soc_Pipeline_PROGRAM_LOOP_fu_62/grp_normalize_and_store_fu_3700/emit_prob_stream_U0/grp_emit_prob_stream_Pipeline_prob_emit_loop_fu_2106/ap_clk
    DSP48_X3Y3           DSP48E1                                      r  prometheus_pynq_z1_i/prometheus_soc_0/inst/u_prometheus_soc/grp_prometheus_soc_Pipeline_PROGRAM_LOOP_fu_62/grp_normalize_and_store_fu_3700/emit_prob_stream_U0/grp_emit_prob_stream_Pipeline_prob_emit_loop_fu_2106/pkt_v0_reg_3682_reg__0/CLK

Slack:                    inf
  Source:                 prometheus_pynq_z1_i/prometheus_soc_0/inst/u_prometheus_soc/grp_prometheus_soc_Pipeline_PROGRAM_LOOP_fu_62/grp_normalize_and_store_fu_3700/emit_prob_stream_U0/grp_emit_prob_stream_Pipeline_prob_emit_loop_fu_2106/mul_32ns_31ns_62_1_1_U2101/tmp_product__0/ACOUT[11]
                            (internal pin)
  Destination:            prometheus_pynq_z1_i/prometheus_soc_0/inst/u_prometheus_soc/grp_prometheus_soc_Pipeline_PROGRAM_LOOP_fu_62/grp_normalize_and_store_fu_3700/emit_prob_stream_U0/grp_emit_prob_stream_Pipeline_prob_emit_loop_fu_2106/pkt_v0_reg_3682_reg__0/ACIN[11]
                            (rising edge-triggered cell DSP48E1 clocked by clk_fpga_0  {rise@0.000ns fall@5.938ns period=11.875ns})
  Path Group:             (none)
  Path Type:              Hold (Min at Slow Process Corner)
  Data Path Delay:        0.002ns  (logic 0.000ns (0.000%)  route 0.002ns (100.000%))
  Logic Levels:           0  
  Clock Uncertainty:      0.180ns  ((TSJ^2 + TIJ^2)^1/2 + DJ) / 2 + PE
    Total System Jitter     (TSJ):    0.050ns
    Total Input Jitter      (TIJ):    0.356ns
    Discrete Jitter          (DJ):    0.000ns
    Phase Error              (PE):    0.000ns

    Location             Delay type                Incr(ns)  Path(ns)    Netlist Resource(s)
  -------------------------------------------------------------------    -------------------
    DSP48_X3Y2           DSP48E1                      0.000     0.000 r  prometheus_pynq_z1_i/prometheus_soc_0/inst/u_prometheus_soc/grp_prometheus_soc_Pipeline_PROGRAM_LOOP_fu_62/grp_normalize_and_store_fu_3700/emit_prob_stream_U0/grp_emit_prob_stream_Pipeline_prob_emit_loop_fu_2106/mul_32ns_31ns_62_1_1_U2101/tmp_product__0/ACOUT[11]
                         net (fo=1, routed)           0.002     0.002    prometheus_pynq_z1_i/prometheus_soc_0/inst/u_prometheus_soc/grp_prometheus_soc_Pipeline_PROGRAM_LOOP_fu_62/grp_normalize_and_store_fu_3700/emit_prob_stream_U0/grp_emit_prob_stream_Pipeline_prob_emit_loop_fu_2106/mul_32ns_31ns_62_1_1_U2101_n_83
    DSP48_X3Y3           DSP48E1                                      r  prometheus_pynq_z1_i/prometheus_soc_0/inst/u_prometheus_soc/grp_prometheus_soc_Pipeline_PROGRAM_LOOP_fu_62/grp_normalize_and_store_fu_3700/emit_prob_stream_U0/grp_emit_prob_stream_Pipeline_prob_emit_loop_fu_2106/pkt_v0_reg_3682_reg__0/ACIN[11]
  -------------------------------------------------------------------    -------------------

                         (clock clk_fpga_0 rise edge)
                                                      0.000     0.000 r  
    PS7_X0Y0             PS7                          0.000     0.000 r  prometheus_pynq_z1_i/processing_system7_0/inst/PS7_i/FCLKCLK[0]
                         net (fo=1, routed)           1.193     1.193    prometheus_pynq_z1_i/processing_system7_0/inst/FCLK_CLK_unbuffered[0]
    BUFGCTRL_X0Y16       BUFG (Prop_bufg_I_O)         0.101     1.294 r  prometheus_pynq_z1_i/processing_system7_0/inst/buffer_fclk_clk_0.FCLK_CLK_0_BUFG/O
                         net (fo=63004, routed)       1.889     3.183    prometheus_pynq_z1_i/prometheus_soc_0/inst/u_prometheus_soc/grp_prometheus_soc_Pipeline_PROGRAM_LOOP_fu_62/grp_normalize_and_store_fu_3700/emit_prob_stream_U0/grp_emit_prob_stream_Pipeline_prob_emit_loop_fu_2106/ap_clk
    DSP48_X3Y3           DSP48E1                                      r  prometheus_pynq_z1_i/prometheus_soc_0/inst/u_prometheus_soc/grp_prometheus_soc_Pipeline_PROGRAM_LOOP_fu_62/grp_normalize_and_store_fu_3700/emit_prob_stream_U0/grp_emit_prob_stream_Pipeline_prob_emit_loop_fu_2106/pkt_v0_reg_3682_reg__0/CLK

Slack:                    inf
  Source:                 prometheus_pynq_z1_i/prometheus_soc_0/inst/u_prometheus_soc/grp_prometheus_soc_Pipeline_PROGRAM_LOOP_fu_62/grp_normalize_and_store_fu_3700/emit_prob_stream_U0/grp_emit_prob_stream_Pipeline_prob_emit_loop_fu_2106/mul_32ns_31ns_62_1_1_U2101/tmp_product__0/ACOUT[12]
                            (internal pin)
  Destination:            prometheus_pynq_z1_i/prometheus_soc_0/inst/u_prometheus_soc/grp_prometheus_soc_Pipeline_PROGRAM_LOOP_fu_62/grp_normalize_and_store_fu_3700/emit_prob_stream_U0/grp_emit_prob_stream_Pipeline_prob_emit_loop_fu_2106/pkt_v0_reg_3682_reg__0/ACIN[12]
                            (rising edge-triggered cell DSP48E1 clocked by clk_fpga_0  {rise@0.000ns fall@5.938ns period=11.875ns})
  Path Group:             (none)
  Path Type:              Hold (Min at Slow Process Corner)
  Data Path Delay:        0.002ns  (logic 0.000ns (0.000%)  route 0.002ns (100.000%))
  Logic Levels:           0  
  Clock Uncertainty:      0.180ns  ((TSJ^2 + TIJ^2)^1/2 + DJ) / 2 + PE
    Total System Jitter     (TSJ):    0.050ns
    Total Input Jitter      (TIJ):    0.356ns
    Discrete Jitter          (DJ):    0.000ns
    Phase Error              (PE):    0.000ns

    Location             Delay type                Incr(ns)  Path(ns)    Netlist Resource(s)
  -------------------------------------------------------------------    -------------------
    DSP48_X3Y2           DSP48E1                      0.000     0.000 r  prometheus_pynq_z1_i/prometheus_soc_0/inst/u_prometheus_soc/grp_prometheus_soc_Pipeline_PROGRAM_LOOP_fu_62/grp_normalize_and_store_fu_3700/emit_prob_stream_U0/grp_emit_prob_stream_Pipeline_prob_emit_loop_fu_2106/mul_32ns_31ns_62_1_1_U2101/tmp_product__0/ACOUT[12]
                         net (fo=1, routed)           0.002     0.002    prometheus_pynq_z1_i/prometheus_soc_0/inst/u_prometheus_soc/grp_prometheus_soc_Pipeline_PROGRAM_LOOP_fu_62/grp_normalize_and_store_fu_3700/emit_prob_stream_U0/grp_emit_prob_stream_Pipeline_prob_emit_loop_fu_2106/mul_32ns_31ns_62_1_1_U2101_n_82
    DSP48_X3Y3           DSP48E1                                      r  prometheus_pynq_z1_i/prometheus_soc_0/inst/u_prometheus_soc/grp_prometheus_soc_Pipeline_PROGRAM_LOOP_fu_62/grp_normalize_and_store_fu_3700/emit_prob_stream_U0/grp_emit_prob_stream_Pipeline_prob_emit_loop_fu_2106/pkt_v0_reg_3682_reg__0/ACIN[12]
  -------------------------------------------------------------------    -------------------

                         (clock clk_fpga_0 rise edge)
                                                      0.000     0.000 r  
    PS7_X0Y0             PS7                          0.000     0.000 r  prometheus_pynq_z1_i/processing_system7_0/inst/PS7_i/FCLKCLK[0]
                         net (fo=1, routed)           1.193     1.193    prometheus_pynq_z1_i/processing_system7_0/inst/FCLK_CLK_unbuffered[0]
    BUFGCTRL_X0Y16       BUFG (Prop_bufg_I_O)         0.101     1.294 r  prometheus_pynq_z1_i/processing_system7_0/inst/buffer_fclk_clk_0.FCLK_CLK_0_BUFG/O
                         net (fo=63004, routed)       1.889     3.183    prometheus_pynq_z1_i/prometheus_soc_0/inst/u_prometheus_soc/grp_prometheus_soc_Pipeline_PROGRAM_LOOP_fu_62/grp_normalize_and_store_fu_3700/emit_prob_stream_U0/grp_emit_prob_stream_Pipeline_prob_emit_loop_fu_2106/ap_clk
    DSP48_X3Y3           DSP48E1                                      r  prometheus_pynq_z1_i/prometheus_soc_0/inst/u_prometheus_soc/grp_prometheus_soc_Pipeline_PROGRAM_LOOP_fu_62/grp_normalize_and_store_fu_3700/emit_prob_stream_U0/grp_emit_prob_stream_Pipeline_prob_emit_loop_fu_2106/pkt_v0_reg_3682_reg__0/CLK

Slack:                    inf
  Source:                 prometheus_pynq_z1_i/prometheus_soc_0/inst/u_prometheus_soc/grp_prometheus_soc_Pipeline_PROGRAM_LOOP_fu_62/grp_normalize_and_store_fu_3700/emit_prob_stream_U0/grp_emit_prob_stream_Pipeline_prob_emit_loop_fu_2106/mul_32ns_31ns_62_1_1_U2101/tmp_product__0/ACOUT[13]
                            (internal pin)
  Destination:            prometheus_pynq_z1_i/prometheus_soc_0/inst/u_prometheus_soc/grp_prometheus_soc_Pipeline_PROGRAM_LOOP_fu_62/grp_normalize_and_store_fu_3700/emit_prob_stream_U0/grp_emit_prob_stream_Pipeline_prob_emit_loop_fu_2106/pkt_v0_reg_3682_reg__0/ACIN[13]
                            (rising edge-triggered cell DSP48E1 clocked by clk_fpga_0  {rise@0.000ns fall@5.938ns period=11.875ns})
  Path Group:             (none)
  Path Type:              Hold (Min at Slow Process Corner)
  Data Path Delay:        0.002ns  (logic 0.000ns (0.000%)  route 0.002ns (100.000%))
  Logic Levels:           0  
  Clock Uncertainty:      0.180ns  ((TSJ^2 + TIJ^2)^1/2 + DJ) / 2 + PE
    Total System Jitter     (TSJ):    0.050ns
    Total Input Jitter      (TIJ):    0.356ns
    Discrete Jitter          (DJ):    0.000ns
    Phase Error              (PE):    0.000ns

    Location             Delay type                Incr(ns)  Path(ns)    Netlist Resource(s)
  -------------------------------------------------------------------    -------------------
    DSP48_X3Y2           DSP48E1                      0.000     0.000 r  prometheus_pynq_z1_i/prometheus_soc_0/inst/u_prometheus_soc/grp_prometheus_soc_Pipeline_PROGRAM_LOOP_fu_62/grp_normalize_and_store_fu_3700/emit_prob_stream_U0/grp_emit_prob_stream_Pipeline_prob_emit_loop_fu_2106/mul_32ns_31ns_62_1_1_U2101/tmp_product__0/ACOUT[13]
                         net (fo=1, routed)           0.002     0.002    prometheus_pynq_z1_i/prometheus_soc_0/inst/u_prometheus_soc/grp_prometheus_soc_Pipeline_PROGRAM_LOOP_fu_62/grp_normalize_and_store_fu_3700/emit_prob_stream_U0/grp_emit_prob_stream_Pipeline_prob_emit_loop_fu_2106/mul_32ns_31ns_62_1_1_U2101_n_81
    DSP48_X3Y3           DSP48E1                                      r  prometheus_pynq_z1_i/prometheus_soc_0/inst/u_prometheus_soc/grp_prometheus_soc_Pipeline_PROGRAM_LOOP_fu_62/grp_normalize_and_store_fu_3700/emit_prob_stream_U0/grp_emit_prob_stream_Pipeline_prob_emit_loop_fu_2106/pkt_v0_reg_3682_reg__0/ACIN[13]
  -------------------------------------------------------------------    -------------------

                         (clock clk_fpga_0 rise edge)
                                                      0.000     0.000 r  
    PS7_X0Y0             PS7                          0.000     0.000 r  prometheus_pynq_z1_i/processing_system7_0/inst/PS7_i/FCLKCLK[0]
                         net (fo=1, routed)           1.193     1.193    prometheus_pynq_z1_i/processing_system7_0/inst/FCLK_CLK_unbuffered[0]
    BUFGCTRL_X0Y16       BUFG (Prop_bufg_I_O)         0.101     1.294 r  prometheus_pynq_z1_i/processing_system7_0/inst/buffer_fclk_clk_0.FCLK_CLK_0_BUFG/O
                         net (fo=63004, routed)       1.889     3.183    prometheus_pynq_z1_i/prometheus_soc_0/inst/u_prometheus_soc/grp_prometheus_soc_Pipeline_PROGRAM_LOOP_fu_62/grp_normalize_and_store_fu_3700/emit_prob_stream_U0/grp_emit_prob_stream_Pipeline_prob_emit_loop_fu_2106/ap_clk
    DSP48_X3Y3           DSP48E1                                      r  prometheus_pynq_z1_i/prometheus_soc_0/inst/u_prometheus_soc/grp_prometheus_soc_Pipeline_PROGRAM_LOOP_fu_62/grp_normalize_and_store_fu_3700/emit_prob_stream_U0/grp_emit_prob_stream_Pipeline_prob_emit_loop_fu_2106/pkt_v0_reg_3682_reg__0/CLK

Slack:                    inf
  Source:                 prometheus_pynq_z1_i/prometheus_soc_0/inst/u_prometheus_soc/grp_prometheus_soc_Pipeline_PROGRAM_LOOP_fu_62/grp_normalize_and_store_fu_3700/emit_prob_stream_U0/grp_emit_prob_stream_Pipeline_prob_emit_loop_fu_2106/mul_32ns_31ns_62_1_1_U2101/tmp_product__0/ACOUT[14]
                            (internal pin)
  Destination:            prometheus_pynq_z1_i/prometheus_soc_0/inst/u_prometheus_soc/grp_prometheus_soc_Pipeline_PROGRAM_LOOP_fu_62/grp_normalize_and_store_fu_3700/emit_prob_stream_U0/grp_emit_prob_stream_Pipeline_prob_emit_loop_fu_2106/pkt_v0_reg_3682_reg__0/ACIN[14]
                            (rising edge-triggered cell DSP48E1 clocked by clk_fpga_0  {rise@0.000ns fall@5.938ns period=11.875ns})
  Path Group:             (none)
  Path Type:              Hold (Min at Slow Process Corner)
  Data Path Delay:        0.002ns  (logic 0.000ns (0.000%)  route 0.002ns (100.000%))
  Logic Levels:           0  
  Clock Uncertainty:      0.180ns  ((TSJ^2 + TIJ^2)^1/2 + DJ) / 2 + PE
    Total System Jitter     (TSJ):    0.050ns
    Total Input Jitter      (TIJ):    0.356ns
    Discrete Jitter          (DJ):    0.000ns
    Phase Error              (PE):    0.000ns

    Location             Delay type                Incr(ns)  Path(ns)    Netlist Resource(s)
  -------------------------------------------------------------------    -------------------
    DSP48_X3Y2           DSP48E1                      0.000     0.000 r  prometheus_pynq_z1_i/prometheus_soc_0/inst/u_prometheus_soc/grp_prometheus_soc_Pipeline_PROGRAM_LOOP_fu_62/grp_normalize_and_store_fu_3700/emit_prob_stream_U0/grp_emit_prob_stream_Pipeline_prob_emit_loop_fu_2106/mul_32ns_31ns_62_1_1_U2101/tmp_product__0/ACOUT[14]
                         net (fo=1, routed)           0.002     0.002    prometheus_pynq_z1_i/prometheus_soc_0/inst/u_prometheus_soc/grp_prometheus_soc_Pipeline_PROGRAM_LOOP_fu_62/grp_normalize_and_store_fu_3700/emit_prob_stream_U0/grp_emit_prob_stream_Pipeline_prob_emit_loop_fu_2106/mul_32ns_31ns_62_1_1_U2101_n_80
    DSP48_X3Y3           DSP48E1                                      r  prometheus_pynq_z1_i/prometheus_soc_0/inst/u_prometheus_soc/grp_prometheus_soc_Pipeline_PROGRAM_LOOP_fu_62/grp_normalize_and_store_fu_3700/emit_prob_stream_U0/grp_emit_prob_stream_Pipeline_prob_emit_loop_fu_2106/pkt_v0_reg_3682_reg__0/ACIN[14]
  -------------------------------------------------------------------    -------------------

                         (clock clk_fpga_0 rise edge)
                                                      0.000     0.000 r  
    PS7_X0Y0             PS7                          0.000     0.000 r  prometheus_pynq_z1_i/processing_system7_0/inst/PS7_i/FCLKCLK[0]
                         net (fo=1, routed)           1.193     1.193    prometheus_pynq_z1_i/processing_system7_0/inst/FCLK_CLK_unbuffered[0]
    BUFGCTRL_X0Y16       BUFG (Prop_bufg_I_O)         0.101     1.294 r  prometheus_pynq_z1_i/processing_system7_0/inst/buffer_fclk_clk_0.FCLK_CLK_0_BUFG/O
                         net (fo=63004, routed)       1.889     3.183    prometheus_pynq_z1_i/prometheus_soc_0/inst/u_prometheus_soc/grp_prometheus_soc_Pipeline_PROGRAM_LOOP_fu_62/grp_normalize_and_store_fu_3700/emit_prob_stream_U0/grp_emit_prob_stream_Pipeline_prob_emit_loop_fu_2106/ap_clk
    DSP48_X3Y3           DSP48E1                                      r  prometheus_pynq_z1_i/prometheus_soc_0/inst/u_prometheus_soc/grp_prometheus_soc_Pipeline_PROGRAM_LOOP_fu_62/grp_normalize_and_store_fu_3700/emit_prob_stream_U0/grp_emit_prob_stream_Pipeline_prob_emit_loop_fu_2106/pkt_v0_reg_3682_reg__0/CLK

Slack:                    inf
  Source:                 prometheus_pynq_z1_i/prometheus_soc_0/inst/u_prometheus_soc/grp_prometheus_soc_Pipeline_PROGRAM_LOOP_fu_62/grp_normalize_and_store_fu_3700/emit_prob_stream_U0/grp_emit_prob_stream_Pipeline_prob_emit_loop_fu_2106/mul_32ns_31ns_62_1_1_U2101/tmp_product__0/ACOUT[15]
                            (internal pin)
  Destination:            prometheus_pynq_z1_i/prometheus_soc_0/inst/u_prometheus_soc/grp_prometheus_soc_Pipeline_PROGRAM_LOOP_fu_62/grp_normalize_and_store_fu_3700/emit_prob_stream_U0/grp_emit_prob_stream_Pipeline_prob_emit_loop_fu_2106/pkt_v0_reg_3682_reg__0/ACIN[15]
                            (rising edge-triggered cell DSP48E1 clocked by clk_fpga_0  {rise@0.000ns fall@5.938ns period=11.875ns})
  Path Group:             (none)
  Path Type:              Hold (Min at Slow Process Corner)
  Data Path Delay:        0.002ns  (logic 0.000ns (0.000%)  route 0.002ns (100.000%))
  Logic Levels:           0  
  Clock Uncertainty:      0.180ns  ((TSJ^2 + TIJ^2)^1/2 + DJ) / 2 + PE
    Total System Jitter     (TSJ):    0.050ns
    Total Input Jitter      (TIJ):    0.356ns
    Discrete Jitter          (DJ):    0.000ns
    Phase Error              (PE):    0.000ns

    Location             Delay type                Incr(ns)  Path(ns)    Netlist Resource(s)
  -------------------------------------------------------------------    -------------------
    DSP48_X3Y2           DSP48E1                      0.000     0.000 r  prometheus_pynq_z1_i/prometheus_soc_0/inst/u_prometheus_soc/grp_prometheus_soc_Pipeline_PROGRAM_LOOP_fu_62/grp_normalize_and_store_fu_3700/emit_prob_stream_U0/grp_emit_prob_stream_Pipeline_prob_emit_loop_fu_2106/mul_32ns_31ns_62_1_1_U2101/tmp_product__0/ACOUT[15]
                         net (fo=1, routed)           0.002     0.002    prometheus_pynq_z1_i/prometheus_soc_0/inst/u_prometheus_soc/grp_prometheus_soc_Pipeline_PROGRAM_LOOP_fu_62/grp_normalize_and_store_fu_3700/emit_prob_stream_U0/grp_emit_prob_stream_Pipeline_prob_emit_loop_fu_2106/mul_32ns_31ns_62_1_1_U2101_n_79
    DSP48_X3Y3           DSP48E1                                      r  prometheus_pynq_z1_i/prometheus_soc_0/inst/u_prometheus_soc/grp_prometheus_soc_Pipeline_PROGRAM_LOOP_fu_62/grp_normalize_and_store_fu_3700/emit_prob_stream_U0/grp_emit_prob_stream_Pipeline_prob_emit_loop_fu_2106/pkt_v0_reg_3682_reg__0/ACIN[15]
  -------------------------------------------------------------------    -------------------

                         (clock clk_fpga_0 rise edge)
                                                      0.000     0.000 r  
    PS7_X0Y0             PS7                          0.000     0.000 r  prometheus_pynq_z1_i/processing_system7_0/inst/PS7_i/FCLKCLK[0]
                         net (fo=1, routed)           1.193     1.193    prometheus_pynq_z1_i/processing_system7_0/inst/FCLK_CLK_unbuffered[0]
    BUFGCTRL_X0Y16       BUFG (Prop_bufg_I_O)         0.101     1.294 r  prometheus_pynq_z1_i/processing_system7_0/inst/buffer_fclk_clk_0.FCLK_CLK_0_BUFG/O
                         net (fo=63004, routed)       1.889     3.183    prometheus_pynq_z1_i/prometheus_soc_0/inst/u_prometheus_soc/grp_prometheus_soc_Pipeline_PROGRAM_LOOP_fu_62/grp_normalize_and_store_fu_3700/emit_prob_stream_U0/grp_emit_prob_stream_Pipeline_prob_emit_loop_fu_2106/ap_clk
    DSP48_X3Y3           DSP48E1                                      r  prometheus_pynq_z1_i/prometheus_soc_0/inst/u_prometheus_soc/grp_prometheus_soc_Pipeline_PROGRAM_LOOP_fu_62/grp_normalize_and_store_fu_3700/emit_prob_stream_U0/grp_emit_prob_stream_Pipeline_prob_emit_loop_fu_2106/pkt_v0_reg_3682_reg__0/CLK

Slack:                    inf
  Source:                 prometheus_pynq_z1_i/prometheus_soc_0/inst/u_prometheus_soc/grp_prometheus_soc_Pipeline_PROGRAM_LOOP_fu_62/grp_normalize_and_store_fu_3700/emit_prob_stream_U0/grp_emit_prob_stream_Pipeline_prob_emit_loop_fu_2106/mul_32ns_31ns_62_1_1_U2101/tmp_product__0/ACOUT[16]
                            (internal pin)
  Destination:            prometheus_pynq_z1_i/prometheus_soc_0/inst/u_prometheus_soc/grp_prometheus_soc_Pipeline_PROGRAM_LOOP_fu_62/grp_normalize_and_store_fu_3700/emit_prob_stream_U0/grp_emit_prob_stream_Pipeline_prob_emit_loop_fu_2106/pkt_v0_reg_3682_reg__0/ACIN[16]
                            (rising edge-triggered cell DSP48E1 clocked by clk_fpga_0  {rise@0.000ns fall@5.938ns period=11.875ns})
  Path Group:             (none)
  Path Type:              Hold (Min at Slow Process Corner)
  Data Path Delay:        0.002ns  (logic 0.000ns (0.000%)  route 0.002ns (100.000%))
  Logic Levels:           0  
  Clock Uncertainty:      0.180ns  ((TSJ^2 + TIJ^2)^1/2 + DJ) / 2 + PE
    Total System Jitter     (TSJ):    0.050ns
    Total Input Jitter      (TIJ):    0.356ns
    Discrete Jitter          (DJ):    0.000ns
    Phase Error              (PE):    0.000ns

    Location             Delay type                Incr(ns)  Path(ns)    Netlist Resource(s)
  -------------------------------------------------------------------    -------------------
    DSP48_X3Y2           DSP48E1                      0.000     0.000 r  prometheus_pynq_z1_i/prometheus_soc_0/inst/u_prometheus_soc/grp_prometheus_soc_Pipeline_PROGRAM_LOOP_fu_62/grp_normalize_and_store_fu_3700/emit_prob_stream_U0/grp_emit_prob_stream_Pipeline_prob_emit_loop_fu_2106/mul_32ns_31ns_62_1_1_U2101/tmp_product__0/ACOUT[16]
                         net (fo=1, routed)           0.002     0.002    prometheus_pynq_z1_i/prometheus_soc_0/inst/u_prometheus_soc/grp_prometheus_soc_Pipeline_PROGRAM_LOOP_fu_62/grp_normalize_and_store_fu_3700/emit_prob_stream_U0/grp_emit_prob_stream_Pipeline_prob_emit_loop_fu_2106/mul_32ns_31ns_62_1_1_U2101_n_78
    DSP48_X3Y3           DSP48E1                                      r  prometheus_pynq_z1_i/prometheus_soc_0/inst/u_prometheus_soc/grp_prometheus_soc_Pipeline_PROGRAM_LOOP_fu_62/grp_normalize_and_store_fu_3700/emit_prob_stream_U0/grp_emit_prob_stream_Pipeline_prob_emit_loop_fu_2106/pkt_v0_reg_3682_reg__0/ACIN[16]
  -------------------------------------------------------------------    -------------------

                         (clock clk_fpga_0 rise edge)
                                                      0.000     0.000 r  
    PS7_X0Y0             PS7                          0.000     0.000 r  prometheus_pynq_z1_i/processing_system7_0/inst/PS7_i/FCLKCLK[0]
                         net (fo=1, routed)           1.193     1.193    prometheus_pynq_z1_i/processing_system7_0/inst/FCLK_CLK_unbuffered[0]
    BUFGCTRL_X0Y16       BUFG (Prop_bufg_I_O)         0.101     1.294 r  prometheus_pynq_z1_i/processing_system7_0/inst/buffer_fclk_clk_0.FCLK_CLK_0_BUFG/O
                         net (fo=63004, routed)       1.889     3.183    prometheus_pynq_z1_i/prometheus_soc_0/inst/u_prometheus_soc/grp_prometheus_soc_Pipeline_PROGRAM_LOOP_fu_62/grp_normalize_and_store_fu_3700/emit_prob_stream_U0/grp_emit_prob_stream_Pipeline_prob_emit_loop_fu_2106/ap_clk
    DSP48_X3Y3           DSP48E1                                      r  prometheus_pynq_z1_i/prometheus_soc_0/inst/u_prometheus_soc/grp_prometheus_soc_Pipeline_PROGRAM_LOOP_fu_62/grp_normalize_and_store_fu_3700/emit_prob_stream_U0/grp_emit_prob_stream_Pipeline_prob_emit_loop_fu_2106/pkt_v0_reg_3682_reg__0/CLK

Slack:                    inf
  Source:                 prometheus_pynq_z1_i/prometheus_soc_0/inst/u_prometheus_soc/grp_prometheus_soc_Pipeline_PROGRAM_LOOP_fu_62/grp_normalize_and_store_fu_3700/emit_prob_stream_U0/grp_emit_prob_stream_Pipeline_prob_emit_loop_fu_2106/mul_32ns_31ns_62_1_1_U2101/tmp_product__0/ACOUT[17]
                            (internal pin)
  Destination:            prometheus_pynq_z1_i/prometheus_soc_0/inst/u_prometheus_soc/grp_prometheus_soc_Pipeline_PROGRAM_LOOP_fu_62/grp_normalize_and_store_fu_3700/emit_prob_stream_U0/grp_emit_prob_stream_Pipeline_prob_emit_loop_fu_2106/pkt_v0_reg_3682_reg__0/ACIN[17]
                            (rising edge-triggered cell DSP48E1 clocked by clk_fpga_0  {rise@0.000ns fall@5.938ns period=11.875ns})
  Path Group:             (none)
  Path Type:              Hold (Min at Slow Process Corner)
  Data Path Delay:        0.002ns  (logic 0.000ns (0.000%)  route 0.002ns (100.000%))
  Logic Levels:           0  
  Clock Uncertainty:      0.180ns  ((TSJ^2 + TIJ^2)^1/2 + DJ) / 2 + PE
    Total System Jitter     (TSJ):    0.050ns
    Total Input Jitter      (TIJ):    0.356ns
    Discrete Jitter          (DJ):    0.000ns
    Phase Error              (PE):    0.000ns

    Location             Delay type                Incr(ns)  Path(ns)    Netlist Resource(s)
  -------------------------------------------------------------------    -------------------
    DSP48_X3Y2           DSP48E1                      0.000     0.000 r  prometheus_pynq_z1_i/prometheus_soc_0/inst/u_prometheus_soc/grp_prometheus_soc_Pipeline_PROGRAM_LOOP_fu_62/grp_normalize_and_store_fu_3700/emit_prob_stream_U0/grp_emit_prob_stream_Pipeline_prob_emit_loop_fu_2106/mul_32ns_31ns_62_1_1_U2101/tmp_product__0/ACOUT[17]
                         net (fo=1, routed)           0.002     0.002    prometheus_pynq_z1_i/prometheus_soc_0/inst/u_prometheus_soc/grp_prometheus_soc_Pipeline_PROGRAM_LOOP_fu_62/grp_normalize_and_store_fu_3700/emit_prob_stream_U0/grp_emit_prob_stream_Pipeline_prob_emit_loop_fu_2106/mul_32ns_31ns_62_1_1_U2101_n_77
    DSP48_X3Y3           DSP48E1                                      r  prometheus_pynq_z1_i/prometheus_soc_0/inst/u_prometheus_soc/grp_prometheus_soc_Pipeline_PROGRAM_LOOP_fu_62/grp_normalize_and_store_fu_3700/emit_prob_stream_U0/grp_emit_prob_stream_Pipeline_prob_emit_loop_fu_2106/pkt_v0_reg_3682_reg__0/ACIN[17]
  -------------------------------------------------------------------    -------------------

                         (clock clk_fpga_0 rise edge)
                                                      0.000     0.000 r  
    PS7_X0Y0             PS7                          0.000     0.000 r  prometheus_pynq_z1_i/processing_system7_0/inst/PS7_i/FCLKCLK[0]
                         net (fo=1, routed)           1.193     1.193    prometheus_pynq_z1_i/processing_system7_0/inst/FCLK_CLK_unbuffered[0]
    BUFGCTRL_X0Y16       BUFG (Prop_bufg_I_O)         0.101     1.294 r  prometheus_pynq_z1_i/processing_system7_0/inst/buffer_fclk_clk_0.FCLK_CLK_0_BUFG/O
                         net (fo=63004, routed)       1.889     3.183    prometheus_pynq_z1_i/prometheus_soc_0/inst/u_prometheus_soc/grp_prometheus_soc_Pipeline_PROGRAM_LOOP_fu_62/grp_normalize_and_store_fu_3700/emit_prob_stream_U0/grp_emit_prob_stream_Pipeline_prob_emit_loop_fu_2106/ap_clk
    DSP48_X3Y3           DSP48E1                                      r  prometheus_pynq_z1_i/prometheus_soc_0/inst/u_prometheus_soc/grp_prometheus_soc_Pipeline_PROGRAM_LOOP_fu_62/grp_normalize_and_store_fu_3700/emit_prob_stream_U0/grp_emit_prob_stream_Pipeline_prob_emit_loop_fu_2106/pkt_v0_reg_3682_reg__0/CLK

Slack:                    inf
  Source:                 prometheus_pynq_z1_i/prometheus_soc_0/inst/u_prometheus_soc/grp_prometheus_soc_Pipeline_PROGRAM_LOOP_fu_62/grp_normalize_and_store_fu_3700/emit_prob_stream_U0/grp_emit_prob_stream_Pipeline_prob_emit_loop_fu_2106/mul_32ns_31ns_62_1_1_U2101/tmp_product__0/ACOUT[18]
                            (internal pin)
  Destination:            prometheus_pynq_z1_i/prometheus_soc_0/inst/u_prometheus_soc/grp_prometheus_soc_Pipeline_PROGRAM_LOOP_fu_62/grp_normalize_and_store_fu_3700/emit_prob_stream_U0/grp_emit_prob_stream_Pipeline_prob_emit_loop_fu_2106/pkt_v0_reg_3682_reg__0/ACIN[18]
                            (rising edge-triggered cell DSP48E1 clocked by clk_fpga_0  {rise@0.000ns fall@5.938ns period=11.875ns})
  Path Group:             (none)
  Path Type:              Hold (Min at Slow Process Corner)
  Data Path Delay:        0.002ns  (logic 0.000ns (0.000%)  route 0.002ns (100.000%))
  Logic Levels:           0  
  Clock Uncertainty:      0.180ns  ((TSJ^2 + TIJ^2)^1/2 + DJ) / 2 + PE
    Total System Jitter     (TSJ):    0.050ns
    Total Input Jitter      (TIJ):    0.356ns
    Discrete Jitter          (DJ):    0.000ns
    Phase Error              (PE):    0.000ns

    Location             Delay type                Incr(ns)  Path(ns)    Netlist Resource(s)
  -------------------------------------------------------------------    -------------------
    DSP48_X3Y2           DSP48E1                      0.000     0.000 r  prometheus_pynq_z1_i/prometheus_soc_0/inst/u_prometheus_soc/grp_prometheus_soc_Pipeline_PROGRAM_LOOP_fu_62/grp_normalize_and_store_fu_3700/emit_prob_stream_U0/grp_emit_prob_stream_Pipeline_prob_emit_loop_fu_2106/mul_32ns_31ns_62_1_1_U2101/tmp_product__0/ACOUT[18]
                         net (fo=1, routed)           0.002     0.002    prometheus_pynq_z1_i/prometheus_soc_0/inst/u_prometheus_soc/grp_prometheus_soc_Pipeline_PROGRAM_LOOP_fu_62/grp_normalize_and_store_fu_3700/emit_prob_stream_U0/grp_emit_prob_stream_Pipeline_prob_emit_loop_fu_2106/mul_32ns_31ns_62_1_1_U2101_n_76
    DSP48_X3Y3           DSP48E1                                      r  prometheus_pynq_z1_i/prometheus_soc_0/inst/u_prometheus_soc/grp_prometheus_soc_Pipeline_PROGRAM_LOOP_fu_62/grp_normalize_and_store_fu_3700/emit_prob_stream_U0/grp_emit_prob_stream_Pipeline_prob_emit_loop_fu_2106/pkt_v0_reg_3682_reg__0/ACIN[18]
  -------------------------------------------------------------------    -------------------

                         (clock clk_fpga_0 rise edge)
                                                      0.000     0.000 r  
    PS7_X0Y0             PS7                          0.000     0.000 r  prometheus_pynq_z1_i/processing_system7_0/inst/PS7_i/FCLKCLK[0]
                         net (fo=1, routed)           1.193     1.193    prometheus_pynq_z1_i/processing_system7_0/inst/FCLK_CLK_unbuffered[0]
    BUFGCTRL_X0Y16       BUFG (Prop_bufg_I_O)         0.101     1.294 r  prometheus_pynq_z1_i/processing_system7_0/inst/buffer_fclk_clk_0.FCLK_CLK_0_BUFG/O
                         net (fo=63004, routed)       1.889     3.183    prometheus_pynq_z1_i/prometheus_soc_0/inst/u_prometheus_soc/grp_prometheus_soc_Pipeline_PROGRAM_LOOP_fu_62/grp_normalize_and_store_fu_3700/emit_prob_stream_U0/grp_emit_prob_stream_Pipeline_prob_emit_loop_fu_2106/ap_clk
    DSP48_X3Y3           DSP48E1                                      r  prometheus_pynq_z1_i/prometheus_soc_0/inst/u_prometheus_soc/grp_prometheus_soc_Pipeline_PROGRAM_LOOP_fu_62/grp_normalize_and_store_fu_3700/emit_prob_stream_U0/grp_emit_prob_stream_Pipeline_prob_emit_loop_fu_2106/pkt_v0_reg_3682_reg__0/CLK





