

================================================================
== Vitis HLS Report for 'load_logits_and_find_max_Pipeline_load_loop'
================================================================
* Date:           Sat Mar 14 14:59:14 2026

* Version:        2025.1 (Build 6135595 on May 21 2025)
* Project:        Prometheus_streaming_w4
* Solution:       hls (Vivado IP Flow Target)
* Product family: zynq
* Target device:  xc7z020-clg400-1


================================================================
== Performance Estimates
================================================================
+ Timing: 
    * Summary: 
    +--------+----------+----------+------------+
    |  Clock |  Target  | Estimated| Uncertainty|
    +--------+----------+----------+------------+
    |ap_clk  |  11.80 ns|  8.614 ns|     3.19 ns|
    +--------+----------+----------+------------+

+ Latency: 
    * Summary: 
    +---------+---------+-----------+----------+-----+-----+------------------------------------------------+
    |  Latency (cycles) |  Latency (absolute)  |  Interval |                    Pipeline                    |
    |   min   |   max   |    min    |    max   | min | max |                      Type                      |
    +---------+---------+-----------+----------+-----+-----+------------------------------------------------+
    |        6|       69|  70.800 ns|  0.814 us|    2|   65|  loop auto-rewind stp (delay=0 clock cycles(s))|
    +---------+---------+-----------+----------+-----+-----+------------------------------------------------+

    + Detail: 
        * Instance: 
        N/A

        * Loop: 
        +-------------+---------+---------+----------+-----------+-----------+--------+----------+
        |             |  Latency (cycles) | Iteration|  Initiation Interval  |  Trip  |          |
        |  Loop Name  |   min   |   max   |  Latency |  achieved |   target  |  Count | Pipelined|
        +-------------+---------+---------+----------+-----------+-----------+--------+----------+
        |- load_loop  |        4|       67|         5|          1|          1|  1 ~ 64|       yes|
        +-------------+---------+---------+----------+-----------+-----------+--------+----------+



================================================================
== Utilization Estimates
================================================================
* Summary: 
+-----------------+---------+-----+--------+-------+-----+
|       Name      | BRAM_18K| DSP |   FF   |  LUT  | URAM|
+-----------------+---------+-----+--------+-------+-----+
|DSP              |        -|    -|       -|      -|    -|
|Expression       |        -|    -|       0|    524|    -|
|FIFO             |        -|    -|       -|      -|    -|
|Instance         |        -|    -|       -|      -|    -|
|Memory           |        -|    -|       -|      -|    -|
|Multiplexer      |        -|    -|       0|    186|    -|
|Register         |        -|    -|     937|    160|    -|
+-----------------+---------+-----+--------+-------+-----+
|Total            |        0|    0|     937|    870|    0|
+-----------------+---------+-----+--------+-------+-----+
|Available        |      280|  220|  106400|  53200|    0|
+-----------------+---------+-----+--------+-------+-----+
|Utilization (%)  |        0|    0|      ~0|      1|    0|
+-----------------+---------+-----+--------+-------+-----+

+ Detail: 
    * Instance: 
    N/A

    * DSP: 
    N/A

    * Memory: 
    N/A

    * FIFO: 
    N/A

    * Expression: 
    +----------------------------------+----------+----+---+----+------------+------------+
    |           Variable Name          | Operation| DSP| FF| LUT| Bitwidth P0| Bitwidth P1|
    +----------------------------------+----------+----+---+----+------------+------------+
    |add_ln204_fu_323_p2               |         +|   0|  0|  14|           7|           1|
    |ap_block_pp0_stage0_11001         |       and|   0|  0|   2|           1|           1|
    |ap_block_state2_pp0_stage0_iter1  |       and|   0|  0|   2|           1|           1|
    |ap_condition_251                  |       and|   0|  0|   2|           1|           1|
    |icmp_ln146_fu_560_p2              |      icmp|   0|  0|  39|          32|          32|
    |icmp_ln147_fu_574_p2              |      icmp|   0|  0|  39|          32|          32|
    |icmp_ln148_fu_588_p2              |      icmp|   0|  0|  39|          32|          32|
    |icmp_ln204_fu_317_p2              |      icmp|   0|  0|  14|           7|           7|
    |icmp_ln215_fu_345_p2              |      icmp|   0|  0|  14|           9|           9|
    |icmp_ln220_fu_363_p2              |      icmp|   0|  0|  14|           9|           9|
    |icmp_ln225_fu_381_p2              |      icmp|   0|  0|  14|           9|           9|
    |icmp_ln230_fu_399_p2              |      icmp|   0|  0|  14|           9|           9|
    |icmp_ln237_1_fu_605_p2            |      icmp|   0|  0|  39|          32|          32|
    |icmp_ln237_fu_451_p2              |      icmp|   0|  0|  14|           7|           1|
    |or_ln237_fu_610_p2                |        or|   0|  0|   2|           1|           1|
    |local_max_fu_594_p3               |    select|   0|  0|  32|           1|          32|
    |m01_fu_566_p3                     |    select|   0|  0|  32|           1|          32|
    |m0_fu_504_p3                      |    select|   0|  0|  33|           1|          32|
    |m1_fu_520_p3                      |    select|   0|  0|  33|           1|          32|
    |m23_fu_580_p3                     |    select|   0|  0|  32|           1|          32|
    |m2_fu_536_p3                      |    select|   0|  0|  33|           1|          32|
    |m3_fu_552_p3                      |    select|   0|  0|  33|           1|          32|
    |max_x_2_fu_615_p3                 |    select|   0|  0|  32|           1|          32|
    |ap_enable_pp0                     |       xor|   0|  0|   2|           1|           2|
    +----------------------------------+----------+----+---+----+------------+------------+
    |Total                             |          |   0|  0| 524|         198|         435|
    +----------------------------------+----------+----+---+----+------------+------------+

    * Multiplexer: 
    +-----------------------------------+----+-----------+-----+-----------+
    |                Name               | LUT| Input Size| Bits| Total Bits|
    +-----------------------------------+----+-----------+-----+-----------+
    |ap_done_int                        |   9|          2|    1|          2|
    |ap_enable_reg_pp0_iter1            |   9|          2|    1|          2|
    |ap_phi_mux_keep_1_phi_fu_243_p4    |  14|          3|    2|          6|
    |ap_phi_mux_keep_2_phi_fu_263_p4    |  14|          3|    3|          9|
    |ap_phi_mux_keep_3_phi_fu_283_p4    |  14|          3|    4|         12|
    |ap_phi_reg_pp0_iter1_keep_reg_216  |   9|          2|    1|          2|
    |ap_phi_reg_pp0_iter1_x0_1_reg_229  |   9|          2|   32|         64|
    |ap_phi_reg_pp0_iter1_x1_1_reg_249  |   9|          2|   32|         64|
    |ap_phi_reg_pp0_iter1_x2_1_reg_269  |   9|          2|   32|         64|
    |ap_phi_reg_pp0_iter1_x3_1_reg_289  |   9|          2|   32|         64|
    |ap_phi_reg_pp0_iter3_keep_reg_216  |   9|          2|    1|          2|
    |ap_phi_reg_pp0_iter3_x0_1_reg_229  |   9|          2|   32|         64|
    |ap_phi_reg_pp0_iter3_x1_1_reg_249  |   9|          2|   32|         64|
    |ap_phi_reg_pp0_iter3_x2_1_reg_269  |   9|          2|   32|         64|
    |ap_phi_reg_pp0_iter3_x3_1_reg_289  |   9|          2|   32|         64|
    |ap_sig_allocacmp_blk_2             |   9|          2|    7|         14|
    |blk_fu_114                         |   9|          2|    7|         14|
    |gmem_blk_n_R                       |   9|          2|    1|          2|
    |max_x_fu_110                       |   9|          2|   32|         64|
    +-----------------------------------+----+-----------+-----+-----------+
    |Total                              | 186|         41|  316|        641|
    +-----------------------------------+----+-----------+-----+-----------+

    * Register: 
    +-------------------------------------------+-----+----+-----+-----------+
    |                    Name                   |  FF | LUT| Bits| Const Bits|
    +-------------------------------------------+-----+----+-----+-----------+
    |ap_CS_fsm                                  |    1|   0|    1|          0|
    |ap_block_pp0_stage0_subdone_grp0_done_reg  |    1|   0|    1|          0|
    |ap_done_reg                                |    1|   0|    1|          0|
    |ap_enable_reg_pp0_iter1                    |    1|   0|    1|          0|
    |ap_enable_reg_pp0_iter2                    |    1|   0|    1|          0|
    |ap_enable_reg_pp0_iter3                    |    1|   0|    1|          0|
    |ap_enable_reg_pp0_iter4                    |    1|   0|    1|          0|
    |ap_loop_exit_ready_pp0_iter1_reg           |    1|   0|    1|          0|
    |ap_loop_exit_ready_pp0_iter2_reg           |    1|   0|    1|          0|
    |ap_loop_exit_ready_pp0_iter3_reg           |    1|   0|    1|          0|
    |ap_phi_reg_pp0_iter1_keep_reg_216          |    1|   0|    1|          0|
    |ap_phi_reg_pp0_iter1_x0_1_reg_229          |   32|   0|   32|          0|
    |ap_phi_reg_pp0_iter1_x1_1_reg_249          |   32|   0|   32|          0|
    |ap_phi_reg_pp0_iter1_x2_1_reg_269          |   32|   0|   32|          0|
    |ap_phi_reg_pp0_iter1_x3_1_reg_289          |   32|   0|   32|          0|
    |ap_phi_reg_pp0_iter2_keep_reg_216          |    1|   0|    1|          0|
    |ap_phi_reg_pp0_iter2_x0_1_reg_229          |   32|   0|   32|          0|
    |ap_phi_reg_pp0_iter2_x1_1_reg_249          |   32|   0|   32|          0|
    |ap_phi_reg_pp0_iter2_x2_1_reg_269          |   32|   0|   32|          0|
    |ap_phi_reg_pp0_iter2_x3_1_reg_289          |   32|   0|   32|          0|
    |ap_phi_reg_pp0_iter3_keep_reg_216          |    1|   0|    1|          0|
    |ap_phi_reg_pp0_iter3_x0_1_reg_229          |   32|   0|   32|          0|
    |ap_phi_reg_pp0_iter3_x1_1_reg_249          |   32|   0|   32|          0|
    |ap_phi_reg_pp0_iter3_x2_1_reg_269          |   32|   0|   32|          0|
    |ap_phi_reg_pp0_iter3_x3_1_reg_289          |   32|   0|   32|          0|
    |blk_2_reg_651                              |    7|   0|    7|          0|
    |blk_2_reg_651_pp0_iter1_reg                |    7|   0|    7|          0|
    |blk_fu_114                                 |    7|   0|    7|          0|
    |icmp_ln204_reg_657                         |    1|   0|    1|          0|
    |icmp_ln215_reg_661                         |    1|   0|    1|          0|
    |icmp_ln220_reg_665                         |    1|   0|    1|          0|
    |icmp_ln225_reg_669                         |    1|   0|    1|          0|
    |icmp_ln230_reg_673                         |    1|   0|    1|          0|
    |icmp_ln237_reg_705                         |    1|   0|    1|          0|
    |icmp_ln237_reg_705_pp0_iter3_reg           |    1|   0|    1|          0|
    |line_reg_677                               |  128|   0|  128|          0|
    |local_max_reg_710                          |   32|   0|   32|          0|
    |max_x_fu_110                               |   32|   0|   32|          0|
    |icmp_ln204_reg_657                         |   64|  32|    1|          0|
    |icmp_ln215_reg_661                         |   64|  32|    1|          0|
    |icmp_ln220_reg_665                         |   64|  32|    1|          0|
    |icmp_ln225_reg_669                         |   64|  32|    1|          0|
    |icmp_ln230_reg_673                         |   64|  32|    1|          0|
    +-------------------------------------------+-----+----+-----+-----------+
    |Total                                      |  937| 160|  622|          0|
    +-------------------------------------------+-----+----+-----+-----------+



================================================================
== Interface
================================================================
* Summary: 
+-----------------------+-----+-----+------------+---------------------------------------------+--------------+
|       RTL Ports       | Dir | Bits|  Protocol  |                Source Object                |    C Type    |
+-----------------------+-----+-----+------------+---------------------------------------------+--------------+
|ap_clk                 |   in|    1|  ap_ctrl_hs|  load_logits_and_find_max_Pipeline_load_loop|  return value|
|ap_rst                 |   in|    1|  ap_ctrl_hs|  load_logits_and_find_max_Pipeline_load_loop|  return value|
|ap_start               |   in|    1|  ap_ctrl_hs|  load_logits_and_find_max_Pipeline_load_loop|  return value|
|ap_done                |  out|    1|  ap_ctrl_hs|  load_logits_and_find_max_Pipeline_load_loop|  return value|
|ap_idle                |  out|    1|  ap_ctrl_hs|  load_logits_and_find_max_Pipeline_load_loop|  return value|
|ap_ready               |  out|    1|  ap_ctrl_hs|  load_logits_and_find_max_Pipeline_load_loop|  return value|
|m_axi_gmem_0_AWVALID   |  out|    1|       m_axi|                                         gmem|       pointer|
|m_axi_gmem_0_AWREADY   |   in|    1|       m_axi|                                         gmem|       pointer|
|m_axi_gmem_0_AWADDR    |  out|   64|       m_axi|                                         gmem|       pointer|
|m_axi_gmem_0_AWID      |  out|    1|       m_axi|                                         gmem|       pointer|
|m_axi_gmem_0_AWLEN     |  out|   32|       m_axi|                                         gmem|       pointer|
|m_axi_gmem_0_AWSIZE    |  out|    3|       m_axi|                                         gmem|       pointer|
|m_axi_gmem_0_AWBURST   |  out|    2|       m_axi|                                         gmem|       pointer|
|m_axi_gmem_0_AWLOCK    |  out|    2|       m_axi|                                         gmem|       pointer|
|m_axi_gmem_0_AWCACHE   |  out|    4|       m_axi|                                         gmem|       pointer|
|m_axi_gmem_0_AWPROT    |  out|    3|       m_axi|                                         gmem|       pointer|
|m_axi_gmem_0_AWQOS     |  out|    4|       m_axi|                                         gmem|       pointer|
|m_axi_gmem_0_AWREGION  |  out|    4|       m_axi|                                         gmem|       pointer|
|m_axi_gmem_0_AWUSER    |  out|    1|       m_axi|                                         gmem|       pointer|
|m_axi_gmem_0_WVALID    |  out|    1|       m_axi|                                         gmem|       pointer|
|m_axi_gmem_0_WREADY    |   in|    1|       m_axi|                                         gmem|       pointer|
|m_axi_gmem_0_WDATA     |  out|  128|       m_axi|                                         gmem|       pointer|
|m_axi_gmem_0_WSTRB     |  out|   16|       m_axi|                                         gmem|       pointer|
|m_axi_gmem_0_WLAST     |  out|    1|       m_axi|                                         gmem|       pointer|
|m_axi_gmem_0_WID       |  out|    1|       m_axi|                                         gmem|       pointer|
|m_axi_gmem_0_WUSER     |  out|    1|       m_axi|                                         gmem|       pointer|
|m_axi_gmem_0_ARVALID   |  out|    1|       m_axi|                                         gmem|       pointer|
|m_axi_gmem_0_ARREADY   |   in|    1|       m_axi|                                         gmem|       pointer|
|m_axi_gmem_0_ARADDR    |  out|   64|       m_axi|                                         gmem|       pointer|
|m_axi_gmem_0_ARID      |  out|    1|       m_axi|                                         gmem|       pointer|
|m_axi_gmem_0_ARLEN     |  out|   32|       m_axi|                                         gmem|       pointer|
|m_axi_gmem_0_ARSIZE    |  out|    3|       m_axi|                                         gmem|       pointer|
|m_axi_gmem_0_ARBURST   |  out|    2|       m_axi|                                         gmem|       pointer|
|m_axi_gmem_0_ARLOCK    |  out|    2|       m_axi|                                         gmem|       pointer|
|m_axi_gmem_0_ARCACHE   |  out|    4|       m_axi|                                         gmem|       pointer|
|m_axi_gmem_0_ARPROT    |  out|    3|       m_axi|                                         gmem|       pointer|
|m_axi_gmem_0_ARQOS     |  out|    4|       m_axi|                                         gmem|       pointer|
|m_axi_gmem_0_ARREGION  |  out|    4|       m_axi|                                         gmem|       pointer|
|m_axi_gmem_0_ARUSER    |  out|    1|       m_axi|                                         gmem|       pointer|
|m_axi_gmem_0_RVALID    |   in|    1|       m_axi|                                         gmem|       pointer|
|m_axi_gmem_0_RREADY    |  out|    1|       m_axi|                                         gmem|       pointer|
|m_axi_gmem_0_RDATA     |   in|  128|       m_axi|                                         gmem|       pointer|
|m_axi_gmem_0_RLAST     |   in|    1|       m_axi|                                         gmem|       pointer|
|m_axi_gmem_0_RID       |   in|    1|       m_axi|                                         gmem|       pointer|
|m_axi_gmem_0_RFIFONUM  |   in|    9|       m_axi|                                         gmem|       pointer|
|m_axi_gmem_0_RUSER     |   in|    1|       m_axi|                                         gmem|       pointer|
|m_axi_gmem_0_RRESP     |   in|    2|       m_axi|                                         gmem|       pointer|
|m_axi_gmem_0_BVALID    |   in|    1|       m_axi|                                         gmem|       pointer|
|m_axi_gmem_0_BREADY    |  out|    1|       m_axi|                                         gmem|       pointer|
|m_axi_gmem_0_BRESP     |   in|    2|       m_axi|                                         gmem|       pointer|
|m_axi_gmem_0_BID       |   in|    1|       m_axi|                                         gmem|       pointer|
|m_axi_gmem_0_BUSER     |   in|    1|       m_axi|                                         gmem|       pointer|
|blocks                 |   in|    7|     ap_none|                                       blocks|        scalar|
|n                      |   in|    9|     ap_none|                                            n|        scalar|
|sext_ln204             |   in|   60|     ap_none|                                   sext_ln204|        scalar|
|logits_buf_3_address1  |  out|    6|   ap_memory|                                 logits_buf_3|         array|
|logits_buf_3_ce1       |  out|    1|   ap_memory|                                 logits_buf_3|         array|
|logits_buf_3_we1       |  out|    1|   ap_memory|                                 logits_buf_3|         array|
|logits_buf_3_d1        |  out|   32|   ap_memory|                                 logits_buf_3|         array|
|logits_buf_2_address1  |  out|    6|   ap_memory|                                 logits_buf_2|         array|
|logits_buf_2_ce1       |  out|    1|   ap_memory|                                 logits_buf_2|         array|
|logits_buf_2_we1       |  out|    1|   ap_memory|                                 logits_buf_2|         array|
|logits_buf_2_d1        |  out|   32|   ap_memory|                                 logits_buf_2|         array|
|logits_buf_1_address1  |  out|    6|   ap_memory|                                 logits_buf_1|         array|
|logits_buf_1_ce1       |  out|    1|   ap_memory|                                 logits_buf_1|         array|
|logits_buf_1_we1       |  out|    1|   ap_memory|                                 logits_buf_1|         array|
|logits_buf_1_d1        |  out|   32|   ap_memory|                                 logits_buf_1|         array|
|logits_buf_0_address1  |  out|    6|   ap_memory|                                 logits_buf_0|         array|
|logits_buf_0_ce1       |  out|    1|   ap_memory|                                 logits_buf_0|         array|
|logits_buf_0_we1       |  out|    1|   ap_memory|                                 logits_buf_0|         array|
|logits_buf_0_d1        |  out|   32|   ap_memory|                                 logits_buf_0|         array|
|max_x_out              |  out|   32|      ap_vld|                                    max_x_out|       pointer|
|max_x_out_ap_vld       |  out|    1|      ap_vld|                                    max_x_out|       pointer|
+-----------------------+-----+-----+------------+---------------------------------------------+--------------+

============================================================
+ Verbose Summary: Synthesis Manager
============================================================
InlineROM: 1
ExposeGlobal: 0
============================================================
+ Verbose Summary: CDFG Model
============================================================
IsTopModel: 0
ResetActiveHigh: 1
IsCombinational: 2
IsDatapathOnly: 2
HasWiredReturn: 1
HasMFsm: 2
HasVarLatency: 1
IsPipeline: 0
IsRtlPipelined: 0
IsInstanceOverlapped: 0
IsDontTouch: 0
HasImplIP: 0
IsGatedGlobalClock: 0

+ Individual pipeline summary: 
  * Pipeline-0: initiation interval (II) = 1, depth = 5


============================================================
+ Verbose Summary: Schedule
============================================================
* Number of FSM states : 5
* Pipeline : 1
  Pipeline-0 : II = 1, D = 5, States = { 1 2 3 4 5 }
* Dataflow Pipeline: 0

* FSM state transitions: 
1 --> 2 
2 --> 3 
3 --> 4 
4 --> 5 
5 --> 

* FSM state operations: 

State 1 <SV = 0> <Delay = 5.04>
ST_1 : Operation 8 [1/1] (0.00ns)   --->   "%max_x = alloca i32 1" [softmax_accel_hls.cc:200]   --->   Operation 8 'alloca' 'max_x' <Predicate = true> <Delay = 0.00>
ST_1 : Operation 9 [1/1] (0.00ns)   --->   "%blk = alloca i32 1" [softmax_accel_hls.cc:204]   --->   Operation 9 'alloca' 'blk' <Predicate = true> <Delay = 0.00>
ST_1 : Operation 10 [1/1] (0.00ns)   --->   "%sext_ln204_read = read i60 @_ssdm_op_Read.ap_auto.i60, i60 %sext_ln204"   --->   Operation 10 'read' 'sext_ln204_read' <Predicate = true> <Delay = 0.00>
ST_1 : Operation 11 [1/1] (0.00ns)   --->   "%n_read = read i9 @_ssdm_op_Read.ap_auto.i9, i9 %n"   --->   Operation 11 'read' 'n_read' <Predicate = true> <Delay = 0.00>
ST_1 : Operation 12 [1/1] (0.00ns)   --->   "%blocks_read = read i7 @_ssdm_op_Read.ap_auto.i7, i7 %blocks"   --->   Operation 12 'read' 'blocks_read' <Predicate = true> <Delay = 0.00>
ST_1 : Operation 13 [1/1] (0.00ns)   --->   "%sext_ln204_cast = sext i60 %sext_ln204_read"   --->   Operation 13 'sext' 'sext_ln204_cast' <Predicate = true> <Delay = 0.00>
ST_1 : Operation 14 [1/1] (0.00ns)   --->   "%specmemcore_ln0 = specmemcore void @_ssdm_op_SpecMemCore, i32 %logits_buf_3, i64 666, i64 22, i64 18446744073709551615"   --->   Operation 14 'specmemcore' 'specmemcore_ln0' <Predicate = true> <Delay = 0.00>
ST_1 : Operation 15 [1/1] (0.00ns)   --->   "%specmemcore_ln0 = specmemcore void @_ssdm_op_SpecMemCore, i32 %logits_buf_2, i64 666, i64 22, i64 18446744073709551615"   --->   Operation 15 'specmemcore' 'specmemcore_ln0' <Predicate = true> <Delay = 0.00>
ST_1 : Operation 16 [1/1] (0.00ns)   --->   "%specmemcore_ln0 = specmemcore void @_ssdm_op_SpecMemCore, i32 %logits_buf_1, i64 666, i64 22, i64 18446744073709551615"   --->   Operation 16 'specmemcore' 'specmemcore_ln0' <Predicate = true> <Delay = 0.00>
ST_1 : Operation 17 [1/1] (0.00ns)   --->   "%specmemcore_ln0 = specmemcore void @_ssdm_op_SpecMemCore, i32 %logits_buf_0, i64 666, i64 22, i64 18446744073709551615"   --->   Operation 17 'specmemcore' 'specmemcore_ln0' <Predicate = true> <Delay = 0.00>
ST_1 : Operation 18 [1/1] (0.00ns)   --->   "%specinterface_ln0 = specinterface void @_ssdm_op_SpecInterface, i128 %gmem, void @empty_0, i32 0, i32 0, void @empty_1, i32 0, i32 4096, void @empty_2, void @empty_3, void @empty_1, i32 16, i32 16, i32 16, i32 16, void @empty_1, void @empty_1, i32 4294967295, i32 0, i32 0"   --->   Operation 18 'specinterface' 'specinterface_ln0' <Predicate = true> <Delay = 0.00>
ST_1 : Operation 19 [1/1] (1.58ns)   --->   "%store_ln204 = store i7 0, i7 %blk" [softmax_accel_hls.cc:204]   --->   Operation 19 'store' 'store_ln204' <Predicate = true> <Delay = 1.58>
ST_1 : Operation 20 [1/1] (1.58ns)   --->   "%store_ln200 = store i32 0, i32 %max_x" [softmax_accel_hls.cc:200]   --->   Operation 20 'store' 'store_ln200' <Predicate = true> <Delay = 1.58>
ST_1 : Operation 21 [1/1] (0.00ns)   --->   "%br_ln0 = br void %for.body"   --->   Operation 21 'br' 'br_ln0' <Predicate = true> <Delay = 0.00>
ST_1 : Operation 22 [1/1] (0.00ns)   --->   "%blk_2 = load i7 %blk" [softmax_accel_hls.cc:204]   --->   Operation 22 'load' 'blk_2' <Predicate = true> <Delay = 0.00>
ST_1 : Operation 23 [1/1] (1.87ns)   --->   "%icmp_ln204 = icmp_eq  i7 %blk_2, i7 %blocks_read" [softmax_accel_hls.cc:204]   --->   Operation 23 'icmp' 'icmp_ln204' <Predicate = true> <Delay = 1.87> <CoreInst = "Cmp">   --->   Core 9 'Cmp' <Latency = 0> <II = 1> <Delay = 1.87> <FuncUnit> <Opcode : 'seteq' 'setne' 'setle' 'setge' 'setlt' 'setgt'> <InPorts = 2> <OutPorts = 1>
ST_1 : Operation 24 [1/1] (0.00ns)   --->   "%speclooptripcount_ln0 = speclooptripcount void @_ssdm_op_SpecLoopTripCount, i64 1, i64 64, i64 0"   --->   Operation 24 'speclooptripcount' 'speclooptripcount_ln0' <Predicate = true> <Delay = 0.00>
ST_1 : Operation 25 [1/1] (1.87ns)   --->   "%add_ln204 = add i7 %blk_2, i7 1" [softmax_accel_hls.cc:204]   --->   Operation 25 'add' 'add_ln204' <Predicate = true> <Delay = 1.87> <CoreInst = "Adder">   --->   Core 1 'Adder' <Latency = 0> <II = 1> <Delay = 1.87> <FuncUnit> <Opcode : 'add' 'sub'> <InPorts = 2> <OutPorts = 1>
ST_1 : Operation 26 [1/1] (0.00ns)   --->   "%br_ln204 = br i1 %icmp_ln204, void %for.body.split, void %for.end.loopexit.exitStub" [softmax_accel_hls.cc:204]   --->   Operation 26 'br' 'br_ln204' <Predicate = true> <Delay = 0.00>
ST_1 : Operation 27 [1/1] (0.00ns)   --->   "%trunc_ln206 = trunc i7 %blk_2" [softmax_accel_hls.cc:206]   --->   Operation 27 'trunc' 'trunc_ln206' <Predicate = (!icmp_ln204)> <Delay = 0.00>
ST_1 : Operation 28 [1/1] (0.00ns)   --->   "%shl_ln2 = bitconcatenate i8 @_ssdm_op_BitConcatenate.i8.i6.i2, i6 %trunc_ln206, i2 0" [softmax_accel_hls.cc:206]   --->   Operation 28 'bitconcatenate' 'shl_ln2' <Predicate = (!icmp_ln204)> <Delay = 0.00>
ST_1 : Operation 29 [1/1] (0.00ns)   --->   "%zext_ln207 = zext i8 %shl_ln2" [softmax_accel_hls.cc:207]   --->   Operation 29 'zext' 'zext_ln207' <Predicate = (!icmp_ln204)> <Delay = 0.00>
ST_1 : Operation 30 [1/1] (1.82ns)   --->   "%icmp_ln215 = icmp_ult  i9 %zext_ln207, i9 %n_read" [softmax_accel_hls.cc:215]   --->   Operation 30 'icmp' 'icmp_ln215' <Predicate = (!icmp_ln204)> <Delay = 1.82> <CoreInst = "Cmp">   --->   Core 9 'Cmp' <Latency = 0> <II = 1> <Delay = 1.82> <FuncUnit> <Opcode : 'seteq' 'setne' 'setle' 'setge' 'setlt' 'setgt'> <InPorts = 2> <OutPorts = 1>
ST_1 : Operation 31 [1/1] (1.58ns)   --->   "%br_ln215 = br i1 %icmp_ln215, void %if.end, void %if.then" [softmax_accel_hls.cc:215]   --->   Operation 31 'br' 'br_ln215' <Predicate = (!icmp_ln204)> <Delay = 1.58>
ST_1 : Operation 32 [1/1] (0.00ns)   --->   "%or_ln = bitconcatenate i8 @_ssdm_op_BitConcatenate.i8.i6.i2, i6 %trunc_ln206, i2 1" [softmax_accel_hls.cc:220]   --->   Operation 32 'bitconcatenate' 'or_ln' <Predicate = (!icmp_ln204)> <Delay = 0.00>
ST_1 : Operation 33 [1/1] (0.00ns)   --->   "%zext_ln220 = zext i8 %or_ln" [softmax_accel_hls.cc:220]   --->   Operation 33 'zext' 'zext_ln220' <Predicate = (!icmp_ln204)> <Delay = 0.00>
ST_1 : Operation 34 [1/1] (1.82ns)   --->   "%icmp_ln220 = icmp_ult  i9 %zext_ln220, i9 %n_read" [softmax_accel_hls.cc:220]   --->   Operation 34 'icmp' 'icmp_ln220' <Predicate = (!icmp_ln204)> <Delay = 1.82> <CoreInst = "Cmp">   --->   Core 9 'Cmp' <Latency = 0> <II = 1> <Delay = 1.82> <FuncUnit> <Opcode : 'seteq' 'setne' 'setle' 'setge' 'setlt' 'setgt'> <InPorts = 2> <OutPorts = 1>
ST_1 : Operation 35 [1/1] (1.58ns)   --->   "%br_ln220 = br i1 %icmp_ln220, void %if.end19, void %if.then10" [softmax_accel_hls.cc:220]   --->   Operation 35 'br' 'br_ln220' <Predicate = (!icmp_ln204)> <Delay = 1.58>
ST_1 : Operation 36 [1/1] (0.00ns)   --->   "%or_ln1 = bitconcatenate i8 @_ssdm_op_BitConcatenate.i8.i6.i2, i6 %trunc_ln206, i2 2" [softmax_accel_hls.cc:225]   --->   Operation 36 'bitconcatenate' 'or_ln1' <Predicate = (!icmp_ln204)> <Delay = 0.00>
ST_1 : Operation 37 [1/1] (0.00ns)   --->   "%zext_ln225 = zext i8 %or_ln1" [softmax_accel_hls.cc:225]   --->   Operation 37 'zext' 'zext_ln225' <Predicate = (!icmp_ln204)> <Delay = 0.00>
ST_1 : Operation 38 [1/1] (1.82ns)   --->   "%icmp_ln225 = icmp_ult  i9 %zext_ln225, i9 %n_read" [softmax_accel_hls.cc:225]   --->   Operation 38 'icmp' 'icmp_ln225' <Predicate = (!icmp_ln204)> <Delay = 1.82> <CoreInst = "Cmp">   --->   Core 9 'Cmp' <Latency = 0> <II = 1> <Delay = 1.82> <FuncUnit> <Opcode : 'seteq' 'setne' 'setle' 'setge' 'setlt' 'setgt'> <InPorts = 2> <OutPorts = 1>
ST_1 : Operation 39 [1/1] (1.58ns)   --->   "%br_ln225 = br i1 %icmp_ln225, void %if.end31, void %if.then22" [softmax_accel_hls.cc:225]   --->   Operation 39 'br' 'br_ln225' <Predicate = (!icmp_ln204)> <Delay = 1.58>
ST_1 : Operation 40 [1/1] (0.00ns)   --->   "%or_ln2 = bitconcatenate i8 @_ssdm_op_BitConcatenate.i8.i6.i2, i6 %trunc_ln206, i2 3" [softmax_accel_hls.cc:230]   --->   Operation 40 'bitconcatenate' 'or_ln2' <Predicate = (!icmp_ln204)> <Delay = 0.00>
ST_1 : Operation 41 [1/1] (0.00ns)   --->   "%zext_ln230 = zext i8 %or_ln2" [softmax_accel_hls.cc:230]   --->   Operation 41 'zext' 'zext_ln230' <Predicate = (!icmp_ln204)> <Delay = 0.00>
ST_1 : Operation 42 [1/1] (1.82ns)   --->   "%icmp_ln230 = icmp_ult  i9 %zext_ln230, i9 %n_read" [softmax_accel_hls.cc:230]   --->   Operation 42 'icmp' 'icmp_ln230' <Predicate = (!icmp_ln204)> <Delay = 1.82> <CoreInst = "Cmp">   --->   Core 9 'Cmp' <Latency = 0> <II = 1> <Delay = 1.82> <FuncUnit> <Opcode : 'seteq' 'setne' 'setle' 'setge' 'setlt' 'setgt'> <InPorts = 2> <OutPorts = 1>
ST_1 : Operation 43 [1/1] (1.58ns)   --->   "%br_ln230 = br i1 %icmp_ln230, void %if.end43, void %if.then34" [softmax_accel_hls.cc:230]   --->   Operation 43 'br' 'br_ln230' <Predicate = (!icmp_ln204)> <Delay = 1.58>
ST_1 : Operation 44 [1/1] (1.58ns)   --->   "%store_ln204 = store i7 %add_ln204, i7 %blk" [softmax_accel_hls.cc:204]   --->   Operation 44 'store' 'store_ln204' <Predicate = (!icmp_ln204)> <Delay = 1.58>

State 2 <SV = 1> <Delay = 8.61>
ST_2 : Operation 45 [1/1] (0.00ns)   --->   "%gmem_addr = getelementptr i128 %gmem, i64 %sext_ln204_cast" [softmax_accel_hls.cc:204]   --->   Operation 45 'getelementptr' 'gmem_addr' <Predicate = (!icmp_ln204)> <Delay = 0.00>
ST_2 : Operation 46 [1/1] (8.61ns)   --->   "%line = read i128 @_ssdm_op_Read.m_axi.p1i128, i64 %gmem_addr" [softmax_accel_hls.cc:207]   --->   Operation 46 'read' 'line' <Predicate = (!icmp_ln204)> <Delay = 8.61> <CoreInst = "m_axi">   --->   Core 111 'm_axi' <Latency = 3> <II = 1> <Delay = 1.00> <Adapter> <Opcode : 'read' 'write' 'readreq' 'writereq' 'writeresp'>

State 3 <SV = 2> <Delay = 3.25>
ST_3 : Operation 47 [1/1] (0.00ns)   --->   "%zext_ln204 = zext i7 %blk_2" [softmax_accel_hls.cc:204]   --->   Operation 47 'zext' 'zext_ln204' <Predicate = (!icmp_ln204)> <Delay = 0.00>
ST_3 : Operation 48 [1/1] (0.00ns)   --->   "%specpipeline_ln205 = specpipeline void @_ssdm_op_SpecPipeline, i32 1, i32 0, i32 0, i32 0, void @empty_1" [softmax_accel_hls.cc:205]   --->   Operation 48 'specpipeline' 'specpipeline_ln205' <Predicate = (!icmp_ln204)> <Delay = 0.00>
ST_3 : Operation 49 [1/1] (0.00ns)   --->   "%specloopname_ln204 = specloopname void @_ssdm_op_SpecLoopName, void @empty_18" [softmax_accel_hls.cc:204]   --->   Operation 49 'specloopname' 'specloopname_ln204' <Predicate = (!icmp_ln204)> <Delay = 0.00>
ST_3 : Operation 50 [1/1] (0.00ns)   --->   "%x0 = trunc i128 %line" [softmax_accel_hls.cc:174->softmax_accel_hls.cc:216]   --->   Operation 50 'trunc' 'x0' <Predicate = (!icmp_ln204 & icmp_ln215)> <Delay = 0.00>
ST_3 : Operation 51 [1/1] (0.00ns)   --->   "%logits_buf_0_addr = getelementptr i32 %logits_buf_0, i64 0, i64 %zext_ln204" [softmax_accel_hls.cc:217]   --->   Operation 51 'getelementptr' 'logits_buf_0_addr' <Predicate = (!icmp_ln204 & icmp_ln215)> <Delay = 0.00>
ST_3 : Operation 52 [1/1] ( I:3.25ns O:3.25ns )   --->   "%store_ln217 = store i32 %x0, i6 %logits_buf_0_addr" [softmax_accel_hls.cc:217]   --->   Operation 52 'store' 'store_ln217' <Predicate = (!icmp_ln204 & icmp_ln215)> <Delay = 3.25> <CoreInst = "RAM_2P_BRAM">   --->   Core 90 'RAM_2P_BRAM' <Latency = 1> <II = 1> <Delay = 3.25> <Storage> <Opcode : 'load' 'store'> <Ports = 2> <Width = 32> <Depth = 64> <RAM>
ST_3 : Operation 53 [1/1] (1.58ns)   --->   "%br_ln219 = br void %if.end" [softmax_accel_hls.cc:219]   --->   Operation 53 'br' 'br_ln219' <Predicate = (!icmp_ln204 & icmp_ln215)> <Delay = 1.58>
ST_3 : Operation 54 [1/1] (0.00ns)   --->   "%x1 = partselect i32 @_ssdm_op_PartSelect.i32.i128.i32, i128 %line, i32 32" [softmax_accel_hls.cc:174->softmax_accel_hls.cc:221]   --->   Operation 54 'partselect' 'x1' <Predicate = (!icmp_ln204 & icmp_ln220)> <Delay = 0.00>
ST_3 : Operation 55 [1/1] (0.00ns)   --->   "%logits_buf_1_addr = getelementptr i32 %logits_buf_1, i64 0, i64 %zext_ln204" [softmax_accel_hls.cc:222]   --->   Operation 55 'getelementptr' 'logits_buf_1_addr' <Predicate = (!icmp_ln204 & icmp_ln220)> <Delay = 0.00>
ST_3 : Operation 56 [1/1] ( I:3.25ns O:3.25ns )   --->   "%store_ln222 = store i32 %x1, i6 %logits_buf_1_addr" [softmax_accel_hls.cc:222]   --->   Operation 56 'store' 'store_ln222' <Predicate = (!icmp_ln204 & icmp_ln220)> <Delay = 3.25> <CoreInst = "RAM_2P_BRAM">   --->   Core 90 'RAM_2P_BRAM' <Latency = 1> <II = 1> <Delay = 3.25> <Storage> <Opcode : 'load' 'store'> <Ports = 2> <Width = 32> <Depth = 64> <RAM>
ST_3 : Operation 57 [1/1] (1.58ns)   --->   "%br_ln224 = br void %if.end19" [softmax_accel_hls.cc:224]   --->   Operation 57 'br' 'br_ln224' <Predicate = (!icmp_ln204 & icmp_ln220)> <Delay = 1.58>
ST_3 : Operation 58 [1/1] (0.00ns)   --->   "%x2 = partselect i32 @_ssdm_op_PartSelect.i32.i128.i32, i128 %line, i32 64" [softmax_accel_hls.cc:174->softmax_accel_hls.cc:226]   --->   Operation 58 'partselect' 'x2' <Predicate = (!icmp_ln204 & icmp_ln225)> <Delay = 0.00>
ST_3 : Operation 59 [1/1] (0.00ns)   --->   "%logits_buf_2_addr = getelementptr i32 %logits_buf_2, i64 0, i64 %zext_ln204" [softmax_accel_hls.cc:227]   --->   Operation 59 'getelementptr' 'logits_buf_2_addr' <Predicate = (!icmp_ln204 & icmp_ln225)> <Delay = 0.00>
ST_3 : Operation 60 [1/1] ( I:3.25ns O:3.25ns )   --->   "%store_ln227 = store i32 %x2, i6 %logits_buf_2_addr" [softmax_accel_hls.cc:227]   --->   Operation 60 'store' 'store_ln227' <Predicate = (!icmp_ln204 & icmp_ln225)> <Delay = 3.25> <CoreInst = "RAM_2P_BRAM">   --->   Core 90 'RAM_2P_BRAM' <Latency = 1> <II = 1> <Delay = 3.25> <Storage> <Opcode : 'load' 'store'> <Ports = 2> <Width = 32> <Depth = 64> <RAM>
ST_3 : Operation 61 [1/1] (1.58ns)   --->   "%br_ln229 = br void %if.end31" [softmax_accel_hls.cc:229]   --->   Operation 61 'br' 'br_ln229' <Predicate = (!icmp_ln204 & icmp_ln225)> <Delay = 1.58>
ST_3 : Operation 62 [1/1] (0.00ns)   --->   "%x3 = partselect i32 @_ssdm_op_PartSelect.i32.i128.i32, i128 %line, i32 96" [softmax_accel_hls.cc:174->softmax_accel_hls.cc:231]   --->   Operation 62 'partselect' 'x3' <Predicate = (!icmp_ln204 & icmp_ln230)> <Delay = 0.00>
ST_3 : Operation 63 [1/1] (0.00ns)   --->   "%logits_buf_3_addr = getelementptr i32 %logits_buf_3, i64 0, i64 %zext_ln204" [softmax_accel_hls.cc:232]   --->   Operation 63 'getelementptr' 'logits_buf_3_addr' <Predicate = (!icmp_ln204 & icmp_ln230)> <Delay = 0.00>
ST_3 : Operation 64 [1/1] ( I:3.25ns O:3.25ns )   --->   "%store_ln232 = store i32 %x3, i6 %logits_buf_3_addr" [softmax_accel_hls.cc:232]   --->   Operation 64 'store' 'store_ln232' <Predicate = (!icmp_ln204 & icmp_ln230)> <Delay = 3.25> <CoreInst = "RAM_2P_BRAM">   --->   Core 90 'RAM_2P_BRAM' <Latency = 1> <II = 1> <Delay = 3.25> <Storage> <Opcode : 'load' 'store'> <Ports = 2> <Width = 32> <Depth = 64> <RAM>
ST_3 : Operation 65 [1/1] (1.58ns)   --->   "%br_ln234 = br void %if.end43" [softmax_accel_hls.cc:234]   --->   Operation 65 'br' 'br_ln234' <Predicate = (!icmp_ln204 & icmp_ln230)> <Delay = 1.58>
ST_3 : Operation 66 [1/1] (1.87ns)   --->   "%icmp_ln237 = icmp_eq  i7 %blk_2, i7 0" [softmax_accel_hls.cc:237]   --->   Operation 66 'icmp' 'icmp_ln237' <Predicate = true> <Delay = 1.87> <CoreInst = "Cmp">   --->   Core 9 'Cmp' <Latency = 0> <II = 1> <Delay = 1.87> <FuncUnit> <Opcode : 'seteq' 'setne' 'setle' 'setge' 'setlt' 'setgt'> <InPorts = 2> <OutPorts = 1>

State 4 <SV = 3> <Delay = 7.19>
ST_4 : Operation 67 [1/1] (0.00ns)   --->   "%keep = phi i1 1, void %if.then, i1 0, void %for.body.split"   --->   Operation 67 'phi' 'keep' <Predicate = (!icmp_ln204)> <Delay = 0.00>
ST_4 : Operation 68 [1/1] (0.00ns)   --->   "%x0_1 = phi i32 %x0, void %if.then, i32 2147483648, void %for.body.split"   --->   Operation 68 'phi' 'x0_1' <Predicate = (!icmp_ln204)> <Delay = 0.00>
ST_4 : Operation 69 [1/1] (0.00ns)   --->   "%zext_ln210 = zext i1 %keep" [softmax_accel_hls.cc:210]   --->   Operation 69 'zext' 'zext_ln210' <Predicate = (!icmp_ln204)> <Delay = 0.00>
ST_4 : Operation 70 [1/1] (0.00ns)   --->   "%keep_4 = bitconcatenate i2 @_ssdm_op_BitConcatenate.i2.i1.i1, i1 1, i1 %keep" [softmax_accel_hls.cc:223]   --->   Operation 70 'bitconcatenate' 'keep_4' <Predicate = (!icmp_ln204 & icmp_ln220)> <Delay = 0.00>
ST_4 : Operation 71 [1/1] (0.00ns)   --->   "%keep_1 = phi i2 %keep_4, void %if.then10, i2 %zext_ln210, void %if.end"   --->   Operation 71 'phi' 'keep_1' <Predicate = (!icmp_ln204)> <Delay = 0.00>
ST_4 : Operation 72 [1/1] (0.00ns)   --->   "%x1_1 = phi i32 %x1, void %if.then10, i32 2147483648, void %if.end"   --->   Operation 72 'phi' 'x1_1' <Predicate = (!icmp_ln204)> <Delay = 0.00>
ST_4 : Operation 73 [1/1] (0.00ns)   --->   "%zext_ln211 = zext i2 %keep_1" [softmax_accel_hls.cc:211]   --->   Operation 73 'zext' 'zext_ln211' <Predicate = (!icmp_ln204)> <Delay = 0.00>
ST_4 : Operation 74 [1/1] (0.00ns)   --->   "%keep_5 = bitconcatenate i3 @_ssdm_op_BitConcatenate.i3.i1.i2, i1 1, i2 %keep_1" [softmax_accel_hls.cc:228]   --->   Operation 74 'bitconcatenate' 'keep_5' <Predicate = (!icmp_ln204 & icmp_ln225)> <Delay = 0.00>
ST_4 : Operation 75 [1/1] (0.00ns)   --->   "%keep_2 = phi i3 %keep_5, void %if.then22, i3 %zext_ln211, void %if.end19"   --->   Operation 75 'phi' 'keep_2' <Predicate = (!icmp_ln204)> <Delay = 0.00>
ST_4 : Operation 76 [1/1] (0.00ns)   --->   "%x2_1 = phi i32 %x2, void %if.then22, i32 2147483648, void %if.end19"   --->   Operation 76 'phi' 'x2_1' <Predicate = (!icmp_ln204)> <Delay = 0.00>
ST_4 : Operation 77 [1/1] (0.00ns)   --->   "%zext_ln212 = zext i3 %keep_2" [softmax_accel_hls.cc:212]   --->   Operation 77 'zext' 'zext_ln212' <Predicate = (!icmp_ln204)> <Delay = 0.00>
ST_4 : Operation 78 [1/1] (0.00ns)   --->   "%keep_6 = bitset i4 @_ssdm_op_BitSet.i4.i4.i32.i1, i4 %zext_ln212, i32 3, i1 1" [softmax_accel_hls.cc:233]   --->   Operation 78 'bitset' 'keep_6' <Predicate = (!icmp_ln204 & icmp_ln230)> <Delay = 0.00>
ST_4 : Operation 79 [1/1] (0.00ns)   --->   "%keep_3 = phi i4 %keep_6, void %if.then34, i4 %zext_ln212, void %if.end31"   --->   Operation 79 'phi' 'keep_3' <Predicate = true> <Delay = 0.00>
ST_4 : Operation 80 [1/1] (0.00ns) (grouped into LUT with out node m3)   --->   "%x3_1 = phi i32 %x3, void %if.then34, i32 2147483648, void %if.end31"   --->   Operation 80 'phi' 'x3_1' <Predicate = true> <Delay = 0.00>
ST_4 : Operation 81 [1/1] (0.00ns)   --->   "%trunc_ln141 = trunc i4 %keep_3" [softmax_accel_hls.cc:141->softmax_accel_hls.cc:236]   --->   Operation 81 'trunc' 'trunc_ln141' <Predicate = true> <Delay = 0.00>
ST_4 : Operation 82 [1/1] (0.69ns)   --->   "%m0 = select i1 %trunc_ln141, i32 %x0_1, i32 2147483648" [softmax_accel_hls.cc:141->softmax_accel_hls.cc:236]   --->   Operation 82 'select' 'm0' <Predicate = true> <Delay = 0.69> <CoreInst = "Sel">   --->   Core 73 'Sel' <Latency = 0> <II = 1> <Delay = 0.80> <FuncUnit> <Opcode : 'select'> <InPorts = 3> <OutPorts = 1>
ST_4 : Operation 83 [1/1] (0.00ns)   --->   "%tmp = bitselect i1 @_ssdm_op_BitSelect.i1.i4.i32, i4 %keep_3, i32 1" [softmax_accel_hls.cc:142->softmax_accel_hls.cc:236]   --->   Operation 83 'bitselect' 'tmp' <Predicate = true> <Delay = 0.00>
ST_4 : Operation 84 [1/1] (0.69ns)   --->   "%m1 = select i1 %tmp, i32 %x1_1, i32 2147483648" [softmax_accel_hls.cc:142->softmax_accel_hls.cc:236]   --->   Operation 84 'select' 'm1' <Predicate = true> <Delay = 0.69> <CoreInst = "Sel">   --->   Core 73 'Sel' <Latency = 0> <II = 1> <Delay = 0.80> <FuncUnit> <Opcode : 'select'> <InPorts = 3> <OutPorts = 1>
ST_4 : Operation 85 [1/1] (0.00ns)   --->   "%tmp_72 = bitselect i1 @_ssdm_op_BitSelect.i1.i4.i32, i4 %keep_3, i32 2" [softmax_accel_hls.cc:143->softmax_accel_hls.cc:236]   --->   Operation 85 'bitselect' 'tmp_72' <Predicate = true> <Delay = 0.00>
ST_4 : Operation 86 [1/1] (0.69ns)   --->   "%m2 = select i1 %tmp_72, i32 %x2_1, i32 2147483648" [softmax_accel_hls.cc:143->softmax_accel_hls.cc:236]   --->   Operation 86 'select' 'm2' <Predicate = true> <Delay = 0.69> <CoreInst = "Sel">   --->   Core 73 'Sel' <Latency = 0> <II = 1> <Delay = 0.80> <FuncUnit> <Opcode : 'select'> <InPorts = 3> <OutPorts = 1>
ST_4 : Operation 87 [1/1] (0.00ns) (grouped into LUT with out node m3)   --->   "%tmp_73 = bitselect i1 @_ssdm_op_BitSelect.i1.i4.i32, i4 %keep_3, i32 3" [softmax_accel_hls.cc:144->softmax_accel_hls.cc:236]   --->   Operation 87 'bitselect' 'tmp_73' <Predicate = true> <Delay = 0.00>
ST_4 : Operation 88 [1/1] (0.69ns) (out node of the LUT)   --->   "%m3 = select i1 %tmp_73, i32 %x3_1, i32 2147483648" [softmax_accel_hls.cc:144->softmax_accel_hls.cc:236]   --->   Operation 88 'select' 'm3' <Predicate = true> <Delay = 0.69> <CoreInst = "Sel">   --->   Core 73 'Sel' <Latency = 0> <II = 1> <Delay = 0.80> <FuncUnit> <Opcode : 'select'> <InPorts = 3> <OutPorts = 1>
ST_4 : Operation 89 [1/1] (2.55ns)   --->   "%icmp_ln146 = icmp_sgt  i32 %m0, i32 %m1" [softmax_accel_hls.cc:146->softmax_accel_hls.cc:236]   --->   Operation 89 'icmp' 'icmp_ln146' <Predicate = true> <Delay = 2.55> <CoreInst = "Cmp">   --->   Core 9 'Cmp' <Latency = 0> <II = 1> <Delay = 2.55> <FuncUnit> <Opcode : 'seteq' 'setne' 'setle' 'setge' 'setlt' 'setgt'> <InPorts = 2> <OutPorts = 1>
ST_4 : Operation 90 [1/1] (0.69ns)   --->   "%m01 = select i1 %icmp_ln146, i32 %m0, i32 %m1" [softmax_accel_hls.cc:146->softmax_accel_hls.cc:236]   --->   Operation 90 'select' 'm01' <Predicate = true> <Delay = 0.69> <CoreInst = "Sel">   --->   Core 73 'Sel' <Latency = 0> <II = 1> <Delay = 0.69> <FuncUnit> <Opcode : 'select'> <InPorts = 3> <OutPorts = 1>
ST_4 : Operation 91 [1/1] (2.55ns)   --->   "%icmp_ln147 = icmp_sgt  i32 %m2, i32 %m3" [softmax_accel_hls.cc:147->softmax_accel_hls.cc:236]   --->   Operation 91 'icmp' 'icmp_ln147' <Predicate = true> <Delay = 2.55> <CoreInst = "Cmp">   --->   Core 9 'Cmp' <Latency = 0> <II = 1> <Delay = 2.55> <FuncUnit> <Opcode : 'seteq' 'setne' 'setle' 'setge' 'setlt' 'setgt'> <InPorts = 2> <OutPorts = 1>
ST_4 : Operation 92 [1/1] (0.69ns)   --->   "%m23 = select i1 %icmp_ln147, i32 %m2, i32 %m3" [softmax_accel_hls.cc:147->softmax_accel_hls.cc:236]   --->   Operation 92 'select' 'm23' <Predicate = true> <Delay = 0.69> <CoreInst = "Sel">   --->   Core 73 'Sel' <Latency = 0> <II = 1> <Delay = 0.69> <FuncUnit> <Opcode : 'select'> <InPorts = 3> <OutPorts = 1>
ST_4 : Operation 93 [1/1] (2.55ns)   --->   "%icmp_ln148 = icmp_sgt  i32 %m01, i32 %m23" [softmax_accel_hls.cc:148->softmax_accel_hls.cc:236]   --->   Operation 93 'icmp' 'icmp_ln148' <Predicate = true> <Delay = 2.55> <CoreInst = "Cmp">   --->   Core 9 'Cmp' <Latency = 0> <II = 1> <Delay = 2.55> <FuncUnit> <Opcode : 'seteq' 'setne' 'setle' 'setge' 'setlt' 'setgt'> <InPorts = 2> <OutPorts = 1>
ST_4 : Operation 94 [1/1] (0.69ns)   --->   "%local_max = select i1 %icmp_ln148, i32 %m01, i32 %m23" [softmax_accel_hls.cc:148->softmax_accel_hls.cc:236]   --->   Operation 94 'select' 'local_max' <Predicate = true> <Delay = 0.69> <CoreInst = "Sel">   --->   Core 73 'Sel' <Latency = 0> <II = 1> <Delay = 0.69> <FuncUnit> <Opcode : 'select'> <InPorts = 3> <OutPorts = 1>
ST_4 : Operation 101 [1/1] (0.00ns)   --->   "%max_x_load = load i32 %max_x"   --->   Operation 101 'load' 'max_x_load' <Predicate = (icmp_ln204)> <Delay = 0.00>
ST_4 : Operation 102 [1/1] (0.00ns)   --->   "%write_ln0 = write void @_ssdm_op_Write.ap_auto.i32P0A, i32 %max_x_out, i32 %max_x_load"   --->   Operation 102 'write' 'write_ln0' <Predicate = (icmp_ln204)> <Delay = 0.00>
ST_4 : Operation 103 [1/1] (1.58ns)   --->   "%ret_ln0 = ret"   --->   Operation 103 'ret' 'ret_ln0' <Predicate = (icmp_ln204)> <Delay = 1.58>

State 5 <SV = 4> <Delay = 5.11>
ST_5 : Operation 95 [1/1] (0.00ns)   --->   "%max_x_load_1 = load i32 %max_x" [softmax_accel_hls.cc:237]   --->   Operation 95 'load' 'max_x_load_1' <Predicate = true> <Delay = 0.00>
ST_5 : Operation 96 [1/1] (2.55ns)   --->   "%icmp_ln237_1 = icmp_sgt  i32 %local_max, i32 %max_x_load_1" [softmax_accel_hls.cc:237]   --->   Operation 96 'icmp' 'icmp_ln237_1' <Predicate = true> <Delay = 2.55> <CoreInst = "Cmp">   --->   Core 9 'Cmp' <Latency = 0> <II = 1> <Delay = 2.55> <FuncUnit> <Opcode : 'seteq' 'setne' 'setle' 'setge' 'setlt' 'setgt'> <InPorts = 2> <OutPorts = 1>
ST_5 : Operation 97 [1/1] (0.00ns) (grouped into LUT with out node max_x_2)   --->   "%or_ln237 = or i1 %icmp_ln237, i1 %icmp_ln237_1" [softmax_accel_hls.cc:237]   --->   Operation 97 'or' 'or_ln237' <Predicate = true> <Delay = 0.00> <CoreInst = "LogicGate">   --->   Core 74 'LogicGate' <Latency = 0> <II = 1> <Delay = 0.97> <FuncUnit> <Opcode : 'and' 'or' 'xor'> <InPorts = 2> <OutPorts = 1>
ST_5 : Operation 98 [1/1] (0.97ns) (out node of the LUT)   --->   "%max_x_2 = select i1 %or_ln237, i32 %local_max, i32 %max_x_load_1" [softmax_accel_hls.cc:237]   --->   Operation 98 'select' 'max_x_2' <Predicate = true> <Delay = 0.97> <CoreInst = "Sel">   --->   Core 73 'Sel' <Latency = 0> <II = 1> <Delay = 0.69> <FuncUnit> <Opcode : 'select'> <InPorts = 3> <OutPorts = 1>
ST_5 : Operation 99 [1/1] (1.58ns)   --->   "%store_ln200 = store i32 %max_x_2, i32 %max_x" [softmax_accel_hls.cc:200]   --->   Operation 99 'store' 'store_ln200' <Predicate = true> <Delay = 1.58>
ST_5 : Operation 100 [1/1] (0.00ns)   --->   "%br_ln204 = br void %for.body" [softmax_accel_hls.cc:204]   --->   Operation 100 'br' 'br_ln204' <Predicate = true> <Delay = 0.00>


============================================================
+ Verbose Summary: Binding
============================================================
STG Binding: 
---------------- STG Properties BEGIN ----------------
- Is combinational: 0
- Is one-state seq: 0
- Is datapath-only: 0
- Is pipelined: 0
- Is top level: 0
Port [ Return ] is wired: 1; IO mode=ap_ctrl_hs:ce=0
Port [ blocks]:  wired=1; compound=0; hidden=0; nouse=0; global=0; static=0; extern=0; dir=0; type=0; pingpong=0; private_global=0; IO mode=ap_none:ce=0
Port [ n]:  wired=1; compound=0; hidden=0; nouse=0; global=0; static=0; extern=0; dir=0; type=0; pingpong=0; private_global=0; IO mode=ap_none:ce=0
Port [ gmem]:  wired=1; compound=1; hidden=0; nouse=0; global=0; static=0; extern=0; dir=0; type=4; pingpong=0; private_global=0; IO mode=m_axi:ce=0
Port [ sext_ln204]:  wired=1; compound=0; hidden=0; nouse=0; global=0; static=0; extern=0; dir=0; type=0; pingpong=0; private_global=0; IO mode=ap_none:ce=0
Port [ logits_buf_3]:  wired=1; compound=1; hidden=0; nouse=0; global=0; static=0; extern=0; dir=1; type=1; pingpong=0; private_global=0; MemPort=[30]; IO mode=ap_memory:ce=0
Port [ logits_buf_2]:  wired=1; compound=1; hidden=0; nouse=0; global=0; static=0; extern=0; dir=1; type=1; pingpong=0; private_global=0; MemPort=[30]; IO mode=ap_memory:ce=0
Port [ logits_buf_1]:  wired=1; compound=1; hidden=0; nouse=0; global=0; static=0; extern=0; dir=1; type=1; pingpong=0; private_global=0; MemPort=[30]; IO mode=ap_memory:ce=0
Port [ logits_buf_0]:  wired=1; compound=1; hidden=0; nouse=0; global=0; static=0; extern=0; dir=1; type=1; pingpong=0; private_global=0; MemPort=[30]; IO mode=ap_memory:ce=0
Port [ max_x_out]:  wired=1; compound=0; hidden=0; nouse=0; global=0; static=0; extern=0; dir=1; type=0; pingpong=0; private_global=0; IO mode=ap_vld:ce=0
---------------- STG Properties END ------------------

---------------- Datapath Model BEGIN ----------------

<LifeTime>
<method=bitvector/>
max_x                 (alloca           ) [ 011111]
blk                   (alloca           ) [ 010000]
sext_ln204_read       (read             ) [ 000000]
n_read                (read             ) [ 000000]
blocks_read           (read             ) [ 000000]
sext_ln204_cast       (sext             ) [ 011000]
specmemcore_ln0       (specmemcore      ) [ 000000]
specmemcore_ln0       (specmemcore      ) [ 000000]
specmemcore_ln0       (specmemcore      ) [ 000000]
specmemcore_ln0       (specmemcore      ) [ 000000]
specinterface_ln0     (specinterface    ) [ 000000]
store_ln204           (store            ) [ 000000]
store_ln200           (store            ) [ 000000]
br_ln0                (br               ) [ 000000]
blk_2                 (load             ) [ 011100]
icmp_ln204            (icmp             ) [ 011111]
speclooptripcount_ln0 (speclooptripcount) [ 000000]
add_ln204             (add              ) [ 000000]
br_ln204              (br               ) [ 000000]
trunc_ln206           (trunc            ) [ 000000]
shl_ln2               (bitconcatenate   ) [ 000000]
zext_ln207            (zext             ) [ 000000]
icmp_ln215            (icmp             ) [ 011111]
br_ln215              (br               ) [ 011110]
or_ln                 (bitconcatenate   ) [ 000000]
zext_ln220            (zext             ) [ 000000]
icmp_ln220            (icmp             ) [ 011111]
br_ln220              (br               ) [ 011110]
or_ln1                (bitconcatenate   ) [ 000000]
zext_ln225            (zext             ) [ 000000]
icmp_ln225            (icmp             ) [ 011111]
br_ln225              (br               ) [ 011110]
or_ln2                (bitconcatenate   ) [ 000000]
zext_ln230            (zext             ) [ 000000]
icmp_ln230            (icmp             ) [ 011111]
br_ln230              (br               ) [ 011110]
store_ln204           (store            ) [ 000000]
gmem_addr             (getelementptr    ) [ 000000]
line                  (read             ) [ 010100]
zext_ln204            (zext             ) [ 000000]
specpipeline_ln205    (specpipeline     ) [ 000000]
specloopname_ln204    (specloopname     ) [ 000000]
x0                    (trunc            ) [ 010110]
logits_buf_0_addr     (getelementptr    ) [ 000000]
store_ln217           (store            ) [ 000000]
br_ln219              (br               ) [ 010110]
x1                    (partselect       ) [ 010110]
logits_buf_1_addr     (getelementptr    ) [ 000000]
store_ln222           (store            ) [ 000000]
br_ln224              (br               ) [ 010110]
x2                    (partselect       ) [ 010110]
logits_buf_2_addr     (getelementptr    ) [ 000000]
store_ln227           (store            ) [ 000000]
br_ln229              (br               ) [ 010110]
x3                    (partselect       ) [ 010110]
logits_buf_3_addr     (getelementptr    ) [ 000000]
store_ln232           (store            ) [ 000000]
br_ln234              (br               ) [ 010110]
icmp_ln237            (icmp             ) [ 010011]
keep                  (phi              ) [ 010010]
x0_1                  (phi              ) [ 010010]
zext_ln210            (zext             ) [ 000000]
keep_4                (bitconcatenate   ) [ 000000]
keep_1                (phi              ) [ 010010]
x1_1                  (phi              ) [ 010010]
zext_ln211            (zext             ) [ 000000]
keep_5                (bitconcatenate   ) [ 000000]
keep_2                (phi              ) [ 010010]
x2_1                  (phi              ) [ 010010]
zext_ln212            (zext             ) [ 000000]
keep_6                (bitset           ) [ 000000]
keep_3                (phi              ) [ 010010]
x3_1                  (phi              ) [ 010010]
trunc_ln141           (trunc            ) [ 000000]
m0                    (select           ) [ 000000]
tmp                   (bitselect        ) [ 000000]
m1                    (select           ) [ 000000]
tmp_72                (bitselect        ) [ 000000]
m2                    (select           ) [ 000000]
tmp_73                (bitselect        ) [ 000000]
m3                    (select           ) [ 000000]
icmp_ln146            (icmp             ) [ 000000]
m01                   (select           ) [ 000000]
icmp_ln147            (icmp             ) [ 000000]
m23                   (select           ) [ 000000]
icmp_ln148            (icmp             ) [ 000000]
local_max             (select           ) [ 010001]
max_x_load_1          (load             ) [ 000000]
icmp_ln237_1          (icmp             ) [ 000000]
or_ln237              (or               ) [ 000000]
max_x_2               (select           ) [ 000000]
store_ln200           (store            ) [ 000000]
br_ln204              (br               ) [ 000000]
max_x_load            (load             ) [ 000000]
write_ln0             (write            ) [ 000000]
ret_ln0               (ret              ) [ 000000]
</LifeTime>

<model>

<comp_list>
<comp id="0" class="1000" name="blocks">
<pin_list>
<pin id="1" dir="1" index="0" bw="1" slack="0"/>
</pin_list>
<bind>
<StgValue><ssdm name="blocks"/></StgValue>
</bind>
</comp>

<comp id="2" class="1000" name="n">
<pin_list>
<pin id="3" dir="1" index="0" bw="1" slack="0"/>
</pin_list>
<bind>
<StgValue><ssdm name="n"/></StgValue>
</bind>
</comp>

<comp id="4" class="1000" name="gmem">
<pin_list>
<pin id="5" dir="1" index="0" bw="1" slack="0"/>
</pin_list>
<bind>
<StgValue><ssdm name="gmem"/><MemPortTyVec>0 </MemPortTyVec>
</StgValue>
</bind>
</comp>

<comp id="6" class="1000" name="sext_ln204">
<pin_list>
<pin id="7" dir="1" index="0" bw="1" slack="0"/>
</pin_list>
<bind>
<StgValue><ssdm name="sext_ln204"/></StgValue>
</bind>
</comp>

<comp id="8" class="1000" name="logits_buf_3">
<pin_list>
<pin id="9" dir="1" index="0" bw="1" slack="0"/>
</pin_list>
<bind>
<StgValue><ssdm name="logits_buf_3"/><MemPortTyVec>3 0 </MemPortTyVec>
</StgValue>
</bind>
</comp>

<comp id="10" class="1000" name="logits_buf_2">
<pin_list>
<pin id="11" dir="1" index="0" bw="1" slack="0"/>
</pin_list>
<bind>
<StgValue><ssdm name="logits_buf_2"/><MemPortTyVec>3 0 </MemPortTyVec>
</StgValue>
</bind>
</comp>

<comp id="12" class="1000" name="logits_buf_1">
<pin_list>
<pin id="13" dir="1" index="0" bw="1" slack="0"/>
</pin_list>
<bind>
<StgValue><ssdm name="logits_buf_1"/><MemPortTyVec>3 0 </MemPortTyVec>
</StgValue>
</bind>
</comp>

<comp id="14" class="1000" name="logits_buf_0">
<pin_list>
<pin id="15" dir="1" index="0" bw="1" slack="0"/>
</pin_list>
<bind>
<StgValue><ssdm name="logits_buf_0"/><MemPortTyVec>3 0 </MemPortTyVec>
</StgValue>
</bind>
</comp>

<comp id="16" class="1000" name="max_x_out">
<pin_list>
<pin id="17" dir="1" index="0" bw="1" slack="0"/>
</pin_list>
<bind>
<StgValue><ssdm name="max_x_out"/></StgValue>
</bind>
</comp>

<comp id="18" class="1001" name="const_18">
<pin_list>
<pin id="19" dir="1" index="0" bw="1" slack="0"/>
</pin_list>
<bind>
<StgValue><ssdm name=""/></StgValue>
</bind>
</comp>

<comp id="20" class="1001" name="const_20">
<pin_list>
<pin id="21" dir="1" index="0" bw="1" slack="0"/>
</pin_list>
<bind>
<StgValue><ssdm name="_ssdm_op_Read.ap_auto.i60"/></StgValue>
</bind>
</comp>

<comp id="22" class="1001" name="const_22">
<pin_list>
<pin id="23" dir="1" index="0" bw="1" slack="0"/>
</pin_list>
<bind>
<StgValue><ssdm name="_ssdm_op_Read.ap_auto.i9"/></StgValue>
</bind>
</comp>

<comp id="24" class="1001" name="const_24">
<pin_list>
<pin id="25" dir="1" index="0" bw="1" slack="0"/>
</pin_list>
<bind>
<StgValue><ssdm name="_ssdm_op_Read.ap_auto.i7"/></StgValue>
</bind>
</comp>

<comp id="26" class="1001" name="const_26">
<pin_list>
<pin id="27" dir="1" index="0" bw="1" slack="2147483647"/>
</pin_list>
<bind>
<StgValue><ssdm name="_ssdm_op_SpecMemCore"/></StgValue>
</bind>
</comp>

<comp id="28" class="1001" name="const_28">
<pin_list>
<pin id="29" dir="1" index="0" bw="1" slack="2147483647"/>
</pin_list>
<bind>
<StgValue><ssdm name=""/></StgValue>
</bind>
</comp>

<comp id="30" class="1001" name="const_30">
<pin_list>
<pin id="31" dir="1" index="0" bw="1" slack="2147483647"/>
</pin_list>
<bind>
<StgValue><ssdm name=""/></StgValue>
</bind>
</comp>

<comp id="32" class="1001" name="const_32">
<pin_list>
<pin id="33" dir="1" index="0" bw="1" slack="2147483647"/>
</pin_list>
<bind>
<StgValue><ssdm name=""/></StgValue>
</bind>
</comp>

<comp id="34" class="1001" name="const_34">
<pin_list>
<pin id="35" dir="1" index="0" bw="1" slack="2147483647"/>
</pin_list>
<bind>
<StgValue><ssdm name="_ssdm_op_SpecInterface"/></StgValue>
</bind>
</comp>

<comp id="36" class="1001" name="const_36">
<pin_list>
<pin id="37" dir="1" index="0" bw="1" slack="2147483647"/>
</pin_list>
<bind>
<StgValue><ssdm name="empty_0"/></StgValue>
</bind>
</comp>

<comp id="38" class="1001" name="const_38">
<pin_list>
<pin id="39" dir="1" index="0" bw="1" slack="0"/>
</pin_list>
<bind>
<StgValue><ssdm name=""/></StgValue>
</bind>
</comp>

<comp id="40" class="1001" name="const_40">
<pin_list>
<pin id="41" dir="1" index="0" bw="1" slack="2147483647"/>
</pin_list>
<bind>
<StgValue><ssdm name="empty_1"/></StgValue>
</bind>
</comp>

<comp id="42" class="1001" name="const_42">
<pin_list>
<pin id="43" dir="1" index="0" bw="1" slack="2147483647"/>
</pin_list>
<bind>
<StgValue><ssdm name=""/></StgValue>
</bind>
</comp>

<comp id="44" class="1001" name="const_44">
<pin_list>
<pin id="45" dir="1" index="0" bw="1" slack="2147483647"/>
</pin_list>
<bind>
<StgValue><ssdm name="empty_2"/></StgValue>
</bind>
</comp>

<comp id="46" class="1001" name="const_46">
<pin_list>
<pin id="47" dir="1" index="0" bw="1" slack="2147483647"/>
</pin_list>
<bind>
<StgValue><ssdm name="empty_3"/></StgValue>
</bind>
</comp>

<comp id="48" class="1001" name="const_48">
<pin_list>
<pin id="49" dir="1" index="0" bw="1" slack="2147483647"/>
</pin_list>
<bind>
<StgValue><ssdm name=""/></StgValue>
</bind>
</comp>

<comp id="50" class="1001" name="const_50">
<pin_list>
<pin id="51" dir="1" index="0" bw="1" slack="2147483647"/>
</pin_list>
<bind>
<StgValue><ssdm name=""/></StgValue>
</bind>
</comp>

<comp id="52" class="1001" name="const_52">
<pin_list>
<pin id="53" dir="1" index="0" bw="1" slack="0"/>
</pin_list>
<bind>
<StgValue><ssdm name=""/></StgValue>
</bind>
</comp>

<comp id="54" class="1001" name="const_54">
<pin_list>
<pin id="55" dir="1" index="0" bw="1" slack="2147483647"/>
</pin_list>
<bind>
<StgValue><ssdm name="_ssdm_op_SpecLoopTripCount"/></StgValue>
</bind>
</comp>

<comp id="56" class="1001" name="const_56">
<pin_list>
<pin id="57" dir="1" index="0" bw="1" slack="2147483647"/>
</pin_list>
<bind>
<StgValue><ssdm name=""/></StgValue>
</bind>
</comp>

<comp id="58" class="1001" name="const_58">
<pin_list>
<pin id="59" dir="1" index="0" bw="1" slack="2147483647"/>
</pin_list>
<bind>
<StgValue><ssdm name=""/></StgValue>
</bind>
</comp>

<comp id="60" class="1001" name="const_60">
<pin_list>
<pin id="61" dir="1" index="0" bw="1" slack="0"/>
</pin_list>
<bind>
<StgValue><ssdm name=""/></StgValue>
</bind>
</comp>

<comp id="62" class="1001" name="const_62">
<pin_list>
<pin id="63" dir="1" index="0" bw="1" slack="0"/>
</pin_list>
<bind>
<StgValue><ssdm name=""/></StgValue>
</bind>
</comp>

<comp id="64" class="1001" name="const_64">
<pin_list>
<pin id="65" dir="1" index="0" bw="1" slack="0"/>
</pin_list>
<bind>
<StgValue><ssdm name="_ssdm_op_BitConcatenate.i8.i6.i2"/></StgValue>
</bind>
</comp>

<comp id="66" class="1001" name="const_66">
<pin_list>
<pin id="67" dir="1" index="0" bw="1" slack="0"/>
</pin_list>
<bind>
<StgValue><ssdm name=""/></StgValue>
</bind>
</comp>

<comp id="68" class="1001" name="const_68">
<pin_list>
<pin id="69" dir="1" index="0" bw="1" slack="0"/>
</pin_list>
<bind>
<StgValue><ssdm name=""/></StgValue>
</bind>
</comp>

<comp id="70" class="1001" name="const_70">
<pin_list>
<pin id="71" dir="1" index="0" bw="1" slack="0"/>
</pin_list>
<bind>
<StgValue><ssdm name=""/></StgValue>
</bind>
</comp>

<comp id="72" class="1001" name="const_72">
<pin_list>
<pin id="73" dir="1" index="0" bw="1" slack="0"/>
</pin_list>
<bind>
<StgValue><ssdm name=""/></StgValue>
</bind>
</comp>

<comp id="74" class="1001" name="const_74">
<pin_list>
<pin id="75" dir="1" index="0" bw="1" slack="0"/>
</pin_list>
<bind>
<StgValue><ssdm name="_ssdm_op_Read.m_axi.p1i128"/></StgValue>
</bind>
</comp>

<comp id="76" class="1001" name="const_76">
<pin_list>
<pin id="77" dir="1" index="0" bw="1" slack="2147483647"/>
</pin_list>
<bind>
<StgValue><ssdm name="_ssdm_op_SpecPipeline"/></StgValue>
</bind>
</comp>

<comp id="78" class="1001" name="const_78">
<pin_list>
<pin id="79" dir="1" index="0" bw="1" slack="2147483647"/>
</pin_list>
<bind>
<StgValue><ssdm name="_ssdm_op_SpecLoopName"/></StgValue>
</bind>
</comp>

<comp id="80" class="1001" name="const_80">
<pin_list>
<pin id="81" dir="1" index="0" bw="1" slack="2147483647"/>
</pin_list>
<bind>
<StgValue><ssdm name="empty_18"/></StgValue>
</bind>
</comp>

<comp id="82" class="1001" name="const_82">
<pin_list>
<pin id="83" dir="1" index="0" bw="1" slack="0"/>
</pin_list>
<bind>
<StgValue><ssdm name="_ssdm_op_PartSelect.i32.i128.i32"/></StgValue>
</bind>
</comp>

<comp id="84" class="1001" name="const_84">
<pin_list>
<pin id="85" dir="1" index="0" bw="1" slack="0"/>
</pin_list>
<bind>
<StgValue><ssdm name=""/></StgValue>
</bind>
</comp>

<comp id="86" class="1001" name="const_86">
<pin_list>
<pin id="87" dir="1" index="0" bw="1" slack="0"/>
</pin_list>
<bind>
<StgValue><ssdm name=""/></StgValue>
</bind>
</comp>

<comp id="88" class="1001" name="const_88">
<pin_list>
<pin id="89" dir="1" index="0" bw="1" slack="0"/>
</pin_list>
<bind>
<StgValue><ssdm name=""/></StgValue>
</bind>
</comp>

<comp id="90" class="1001" name="const_90">
<pin_list>
<pin id="91" dir="1" index="0" bw="1" slack="0"/>
</pin_list>
<bind>
<StgValue><ssdm name=""/></StgValue>
</bind>
</comp>

<comp id="92" class="1001" name="const_92">
<pin_list>
<pin id="93" dir="1" index="0" bw="1" slack="3"/>
</pin_list>
<bind>
<StgValue><ssdm name=""/></StgValue>
</bind>
</comp>

<comp id="94" class="1001" name="const_94">
<pin_list>
<pin id="95" dir="1" index="0" bw="1" slack="0"/>
</pin_list>
<bind>
<StgValue><ssdm name=""/></StgValue>
</bind>
</comp>

<comp id="96" class="1001" name="const_96">
<pin_list>
<pin id="97" dir="1" index="0" bw="1" slack="0"/>
</pin_list>
<bind>
<StgValue><ssdm name="_ssdm_op_BitConcatenate.i2.i1.i1"/></StgValue>
</bind>
</comp>

<comp id="98" class="1001" name="const_98">
<pin_list>
<pin id="99" dir="1" index="0" bw="1" slack="0"/>
</pin_list>
<bind>
<StgValue><ssdm name="_ssdm_op_BitConcatenate.i3.i1.i2"/></StgValue>
</bind>
</comp>

<comp id="100" class="1001" name="const_100">
<pin_list>
<pin id="101" dir="1" index="0" bw="1" slack="0"/>
</pin_list>
<bind>
<StgValue><ssdm name="_ssdm_op_BitSet.i4.i4.i32.i1"/></StgValue>
</bind>
</comp>

<comp id="102" class="1001" name="const_102">
<pin_list>
<pin id="103" dir="1" index="0" bw="1" slack="0"/>
</pin_list>
<bind>
<StgValue><ssdm name=""/></StgValue>
</bind>
</comp>

<comp id="104" class="1001" name="const_104">
<pin_list>
<pin id="105" dir="1" index="0" bw="1" slack="0"/>
</pin_list>
<bind>
<StgValue><ssdm name="_ssdm_op_BitSelect.i1.i4.i32"/></StgValue>
</bind>
</comp>

<comp id="106" class="1001" name="const_106">
<pin_list>
<pin id="107" dir="1" index="0" bw="1" slack="0"/>
</pin_list>
<bind>
<StgValue><ssdm name=""/></StgValue>
</bind>
</comp>

<comp id="108" class="1001" name="const_108">
<pin_list>
<pin id="109" dir="1" index="0" bw="1" slack="0"/>
</pin_list>
<bind>
<StgValue><ssdm name="_ssdm_op_Write.ap_auto.i32P0A"/></StgValue>
</bind>
</comp>

<comp id="110" class="1004" name="max_x_fu_110">
<pin_list>
<pin id="111" dir="0" index="0" bw="1" slack="0"/>
<pin id="112" dir="1" index="1" bw="32" slack="0"/>
</pin_list>
<bind>
<opcode="alloca(26) " fcode="alloca"/>
<opset="max_x/1 "/>
</bind>
</comp>

<comp id="114" class="1004" name="blk_fu_114">
<pin_list>
<pin id="115" dir="0" index="0" bw="1" slack="0"/>
<pin id="116" dir="1" index="1" bw="7" slack="0"/>
</pin_list>
<bind>
<opcode="alloca(26) " fcode="alloca"/>
<opset="blk/1 "/>
</bind>
</comp>

<comp id="118" class="1004" name="sext_ln204_read_read_fu_118">
<pin_list>
<pin id="119" dir="0" index="0" bw="60" slack="0"/>
<pin id="120" dir="0" index="1" bw="60" slack="0"/>
<pin id="121" dir="1" index="2" bw="60" slack="0"/>
</pin_list>
<bind>
<opcode="read(1150) " fcode="read"/>
<opset="sext_ln204_read/1 "/>
</bind>
</comp>

<comp id="124" class="1004" name="n_read_read_fu_124">
<pin_list>
<pin id="125" dir="0" index="0" bw="9" slack="0"/>
<pin id="126" dir="0" index="1" bw="9" slack="0"/>
<pin id="127" dir="1" index="2" bw="9" slack="0"/>
</pin_list>
<bind>
<opcode="read(1150) " fcode="read"/>
<opset="n_read/1 "/>
</bind>
</comp>

<comp id="130" class="1004" name="blocks_read_read_fu_130">
<pin_list>
<pin id="131" dir="0" index="0" bw="7" slack="0"/>
<pin id="132" dir="0" index="1" bw="7" slack="0"/>
<pin id="133" dir="1" index="2" bw="7" slack="0"/>
</pin_list>
<bind>
<opcode="read(1150) " fcode="read"/>
<opset="blocks_read/1 "/>
</bind>
</comp>

<comp id="136" class="1004" name="write_ln0_write_fu_136">
<pin_list>
<pin id="137" dir="0" index="0" bw="0" slack="0"/>
<pin id="138" dir="0" index="1" bw="32" slack="0"/>
<pin id="139" dir="0" index="2" bw="32" slack="0"/>
<pin id="140" dir="1" index="3" bw="0" slack="2147483647"/>
</pin_list>
<bind>
<opcode="write(1151) " fcode="write"/>
<opset="write_ln0/4 "/>
</bind>
</comp>

<comp id="143" class="1004" name="logits_buf_0_addr_gep_fu_143">
<pin_list>
<pin id="144" dir="0" index="0" bw="32" slack="0"/>
<pin id="145" dir="0" index="1" bw="1" slack="0"/>
<pin id="146" dir="0" index="2" bw="7" slack="0"/>
<pin id="147" dir="1" index="3" bw="6" slack="0"/>
</pin_list>
<bind>
<opcode="getelementptr(29) " fcode="getelementptr"/>
<opset="logits_buf_0_addr/3 "/>
</bind>
</comp>

<comp id="150" class="1004" name="store_ln217_access_fu_150">
<pin_list>
<pin id="151" dir="0" index="0" bw="6" slack="2147483647"/>
<pin id="152" dir="0" index="1" bw="32" slack="2147483647"/>
<pin id="153" dir="0" index="2" bw="0" slack="0"/>
<pin id="155" dir="0" index="4" bw="6" slack="0"/>
<pin id="156" dir="0" index="5" bw="32" slack="2147483647"/>
<pin id="157" dir="0" index="6" bw="0" slack="2147483647"/>
<pin id="154" dir="1" index="3" bw="32" slack="2147483647"/>
<pin id="158" dir="1" index="7" bw="32" slack="2147483647"/>
</pin_list>
<bind>
<opcode="store(28) " fcode="store"/>
<opset="store_ln217/3 "/>
</bind>
</comp>

<comp id="160" class="1004" name="logits_buf_1_addr_gep_fu_160">
<pin_list>
<pin id="161" dir="0" index="0" bw="32" slack="0"/>
<pin id="162" dir="0" index="1" bw="1" slack="0"/>
<pin id="163" dir="0" index="2" bw="7" slack="0"/>
<pin id="164" dir="1" index="3" bw="6" slack="0"/>
</pin_list>
<bind>
<opcode="getelementptr(29) " fcode="getelementptr"/>
<opset="logits_buf_1_addr/3 "/>
</bind>
</comp>

<comp id="167" class="1004" name="store_ln222_access_fu_167">
<pin_list>
<pin id="168" dir="0" index="0" bw="6" slack="2147483647"/>
<pin id="169" dir="0" index="1" bw="32" slack="2147483647"/>
<pin id="170" dir="0" index="2" bw="0" slack="0"/>
<pin id="172" dir="0" index="4" bw="6" slack="0"/>
<pin id="173" dir="0" index="5" bw="32" slack="2147483647"/>
<pin id="174" dir="0" index="6" bw="0" slack="2147483647"/>
<pin id="171" dir="1" index="3" bw="32" slack="2147483647"/>
<pin id="175" dir="1" index="7" bw="32" slack="2147483647"/>
</pin_list>
<bind>
<opcode="store(28) " fcode="store"/>
<opset="store_ln222/3 "/>
</bind>
</comp>

<comp id="177" class="1004" name="logits_buf_2_addr_gep_fu_177">
<pin_list>
<pin id="178" dir="0" index="0" bw="32" slack="0"/>
<pin id="179" dir="0" index="1" bw="1" slack="0"/>
<pin id="180" dir="0" index="2" bw="7" slack="0"/>
<pin id="181" dir="1" index="3" bw="6" slack="0"/>
</pin_list>
<bind>
<opcode="getelementptr(29) " fcode="getelementptr"/>
<opset="logits_buf_2_addr/3 "/>
</bind>
</comp>

<comp id="184" class="1004" name="store_ln227_access_fu_184">
<pin_list>
<pin id="185" dir="0" index="0" bw="6" slack="2147483647"/>
<pin id="186" dir="0" index="1" bw="32" slack="2147483647"/>
<pin id="187" dir="0" index="2" bw="0" slack="0"/>
<pin id="189" dir="0" index="4" bw="6" slack="0"/>
<pin id="190" dir="0" index="5" bw="32" slack="2147483647"/>
<pin id="191" dir="0" index="6" bw="0" slack="2147483647"/>
<pin id="188" dir="1" index="3" bw="32" slack="2147483647"/>
<pin id="192" dir="1" index="7" bw="32" slack="2147483647"/>
</pin_list>
<bind>
<opcode="store(28) " fcode="store"/>
<opset="store_ln227/3 "/>
</bind>
</comp>

<comp id="194" class="1004" name="logits_buf_3_addr_gep_fu_194">
<pin_list>
<pin id="195" dir="0" index="0" bw="32" slack="0"/>
<pin id="196" dir="0" index="1" bw="1" slack="0"/>
<pin id="197" dir="0" index="2" bw="7" slack="0"/>
<pin id="198" dir="1" index="3" bw="6" slack="0"/>
</pin_list>
<bind>
<opcode="getelementptr(29) " fcode="getelementptr"/>
<opset="logits_buf_3_addr/3 "/>
</bind>
</comp>

<comp id="201" class="1004" name="store_ln232_access_fu_201">
<pin_list>
<pin id="202" dir="0" index="0" bw="6" slack="2147483647"/>
<pin id="203" dir="0" index="1" bw="32" slack="2147483647"/>
<pin id="204" dir="0" index="2" bw="0" slack="0"/>
<pin id="206" dir="0" index="4" bw="6" slack="0"/>
<pin id="207" dir="0" index="5" bw="32" slack="2147483647"/>
<pin id="208" dir="0" index="6" bw="0" slack="2147483647"/>
<pin id="205" dir="1" index="3" bw="32" slack="2147483647"/>
<pin id="209" dir="1" index="7" bw="32" slack="2147483647"/>
</pin_list>
<bind>
<opcode="store(28) " fcode="store"/>
<opset="store_ln232/3 "/>
</bind>
</comp>

<comp id="211" class="1004" name="line_read_fu_211">
<pin_list>
<pin id="212" dir="0" index="0" bw="128" slack="0"/>
<pin id="213" dir="0" index="1" bw="128" slack="0"/>
<pin id="214" dir="1" index="2" bw="128" slack="1"/>
</pin_list>
<bind>
<opcode="read(1150) " fcode="read"/>
<opset="line/2 "/>
</bind>
</comp>

<comp id="216" class="1005" name="keep_reg_216">
<pin_list>
<pin id="217" dir="0" index="0" bw="1" slack="1"/>
<pin id="218" dir="1" index="1" bw="1" slack="1"/>
</pin_list>
<bind>
<opset="keep (phireg) "/>
</bind>
</comp>

<comp id="221" class="1004" name="keep_phi_fu_221">
<pin_list>
<pin id="222" dir="0" index="0" bw="1" slack="1"/>
<pin id="223" dir="0" index="1" bw="0" slack="2147483647"/>
<pin id="224" dir="0" index="2" bw="1" slack="3"/>
<pin id="225" dir="0" index="3" bw="0" slack="2147483647"/>
<pin id="226" dir="1" index="4" bw="1" slack="0"/>
</pin_list>
<bind>
<opcode="phi(47) " fcode="phi"/>
<opset="keep/4 "/>
</bind>
</comp>

<comp id="229" class="1005" name="x0_1_reg_229">
<pin_list>
<pin id="230" dir="0" index="0" bw="32" slack="3"/>
<pin id="231" dir="1" index="1" bw="32" slack="3"/>
</pin_list>
<bind>
<opset="x0_1 (phireg) "/>
</bind>
</comp>

<comp id="233" class="1004" name="x0_1_phi_fu_233">
<pin_list>
<pin id="234" dir="0" index="0" bw="32" slack="1"/>
<pin id="235" dir="0" index="1" bw="0" slack="2147483647"/>
<pin id="236" dir="0" index="2" bw="32" slack="3"/>
<pin id="237" dir="0" index="3" bw="0" slack="2147483647"/>
<pin id="238" dir="1" index="4" bw="32" slack="0"/>
</pin_list>
<bind>
<opcode="phi(47) " fcode="phi"/>
<opset="x0_1/4 "/>
</bind>
</comp>

<comp id="240" class="1005" name="keep_1_reg_240">
<pin_list>
<pin id="241" dir="0" index="0" bw="2" slack="2147483647"/>
<pin id="242" dir="1" index="1" bw="2" slack="2147483647"/>
</pin_list>
<bind>
<opset="keep_1 (phireg) "/>
</bind>
</comp>

<comp id="243" class="1004" name="keep_1_phi_fu_243">
<pin_list>
<pin id="244" dir="0" index="0" bw="2" slack="0"/>
<pin id="245" dir="0" index="1" bw="0" slack="2147483647"/>
<pin id="246" dir="0" index="2" bw="1" slack="0"/>
<pin id="247" dir="0" index="3" bw="0" slack="2147483647"/>
<pin id="248" dir="1" index="4" bw="2" slack="0"/>
</pin_list>
<bind>
<opcode="phi(47) " fcode="phi"/>
<opset="keep_1/4 "/>
</bind>
</comp>

<comp id="249" class="1005" name="x1_1_reg_249">
<pin_list>
<pin id="250" dir="0" index="0" bw="32" slack="3"/>
<pin id="251" dir="1" index="1" bw="32" slack="3"/>
</pin_list>
<bind>
<opset="x1_1 (phireg) "/>
</bind>
</comp>

<comp id="253" class="1004" name="x1_1_phi_fu_253">
<pin_list>
<pin id="254" dir="0" index="0" bw="32" slack="1"/>
<pin id="255" dir="0" index="1" bw="0" slack="2147483647"/>
<pin id="256" dir="0" index="2" bw="32" slack="3"/>
<pin id="257" dir="0" index="3" bw="0" slack="2147483647"/>
<pin id="258" dir="1" index="4" bw="32" slack="0"/>
</pin_list>
<bind>
<opcode="phi(47) " fcode="phi"/>
<opset="x1_1/4 "/>
</bind>
</comp>

<comp id="260" class="1005" name="keep_2_reg_260">
<pin_list>
<pin id="261" dir="0" index="0" bw="3" slack="2147483647"/>
<pin id="262" dir="1" index="1" bw="3" slack="2147483647"/>
</pin_list>
<bind>
<opset="keep_2 (phireg) "/>
</bind>
</comp>

<comp id="263" class="1004" name="keep_2_phi_fu_263">
<pin_list>
<pin id="264" dir="0" index="0" bw="3" slack="0"/>
<pin id="265" dir="0" index="1" bw="0" slack="2147483647"/>
<pin id="266" dir="0" index="2" bw="2" slack="0"/>
<pin id="267" dir="0" index="3" bw="0" slack="2147483647"/>
<pin id="268" dir="1" index="4" bw="3" slack="0"/>
</pin_list>
<bind>
<opcode="phi(47) " fcode="phi"/>
<opset="keep_2/4 "/>
</bind>
</comp>

<comp id="269" class="1005" name="x2_1_reg_269">
<pin_list>
<pin id="270" dir="0" index="0" bw="32" slack="3"/>
<pin id="271" dir="1" index="1" bw="32" slack="3"/>
</pin_list>
<bind>
<opset="x2_1 (phireg) "/>
</bind>
</comp>

<comp id="273" class="1004" name="x2_1_phi_fu_273">
<pin_list>
<pin id="274" dir="0" index="0" bw="32" slack="1"/>
<pin id="275" dir="0" index="1" bw="0" slack="2147483647"/>
<pin id="276" dir="0" index="2" bw="32" slack="3"/>
<pin id="277" dir="0" index="3" bw="0" slack="2147483647"/>
<pin id="278" dir="1" index="4" bw="32" slack="0"/>
</pin_list>
<bind>
<opcode="phi(47) " fcode="phi"/>
<opset="x2_1/4 "/>
</bind>
</comp>

<comp id="280" class="1005" name="keep_3_reg_280">
<pin_list>
<pin id="281" dir="0" index="0" bw="4" slack="2147483647"/>
<pin id="282" dir="1" index="1" bw="4" slack="2147483647"/>
</pin_list>
<bind>
<opset="keep_3 (phireg) "/>
</bind>
</comp>

<comp id="283" class="1004" name="keep_3_phi_fu_283">
<pin_list>
<pin id="284" dir="0" index="0" bw="4" slack="0"/>
<pin id="285" dir="0" index="1" bw="0" slack="2147483647"/>
<pin id="286" dir="0" index="2" bw="3" slack="0"/>
<pin id="287" dir="0" index="3" bw="0" slack="2147483647"/>
<pin id="288" dir="1" index="4" bw="4" slack="0"/>
</pin_list>
<bind>
<opcode="phi(47) " fcode="phi"/>
<opset="keep_3/4 "/>
</bind>
</comp>

<comp id="289" class="1005" name="x3_1_reg_289">
<pin_list>
<pin id="290" dir="0" index="0" bw="32" slack="3"/>
<pin id="291" dir="1" index="1" bw="32" slack="3"/>
</pin_list>
<bind>
<opset="x3_1 (phireg) "/>
</bind>
</comp>

<comp id="293" class="1004" name="x3_1_phi_fu_293">
<pin_list>
<pin id="294" dir="0" index="0" bw="32" slack="1"/>
<pin id="295" dir="0" index="1" bw="0" slack="2147483647"/>
<pin id="296" dir="0" index="2" bw="32" slack="3"/>
<pin id="297" dir="0" index="3" bw="0" slack="2147483647"/>
<pin id="298" dir="1" index="4" bw="32" slack="0"/>
</pin_list>
<bind>
<opcode="phi(47) " fcode="phi"/>
<opset="x3_1/4 "/>
</bind>
</comp>

<comp id="300" class="1004" name="sext_ln204_cast_fu_300">
<pin_list>
<pin id="301" dir="0" index="0" bw="60" slack="0"/>
<pin id="302" dir="1" index="1" bw="64" slack="1"/>
</pin_list>
<bind>
<opcode="sext(35) " fcode="sext"/>
<opset="sext_ln204_cast/1 "/>
</bind>
</comp>

<comp id="304" class="1004" name="store_ln204_store_fu_304">
<pin_list>
<pin id="305" dir="0" index="0" bw="1" slack="0"/>
<pin id="306" dir="0" index="1" bw="7" slack="0"/>
<pin id="307" dir="1" index="2" bw="0" slack="2147483647"/>
</pin_list>
<bind>
<opcode="store(28) " fcode="store"/>
<opset="store_ln204/1 "/>
</bind>
</comp>

<comp id="309" class="1004" name="store_ln200_store_fu_309">
<pin_list>
<pin id="310" dir="0" index="0" bw="1" slack="0"/>
<pin id="311" dir="0" index="1" bw="32" slack="0"/>
<pin id="312" dir="1" index="2" bw="0" slack="2147483647"/>
</pin_list>
<bind>
<opcode="store(28) " fcode="store"/>
<opset="store_ln200/1 "/>
</bind>
</comp>

<comp id="314" class="1004" name="blk_2_load_fu_314">
<pin_list>
<pin id="315" dir="0" index="0" bw="7" slack="0"/>
<pin id="316" dir="1" index="1" bw="7" slack="0"/>
</pin_list>
<bind>
<opcode="load(27) " fcode="load"/>
<opset="blk_2/1 "/>
</bind>
</comp>

<comp id="317" class="1004" name="icmp_ln204_fu_317">
<pin_list>
<pin id="318" dir="0" index="0" bw="7" slack="0"/>
<pin id="319" dir="0" index="1" bw="7" slack="0"/>
<pin id="320" dir="1" index="2" bw="1" slack="1"/>
</pin_list>
<bind>
<opcode="icmp(45) " fcode="icmp"/>
<opset="icmp_ln204/1 "/>
</bind>
</comp>

<comp id="323" class="1004" name="add_ln204_fu_323">
<pin_list>
<pin id="324" dir="0" index="0" bw="7" slack="0"/>
<pin id="325" dir="0" index="1" bw="1" slack="0"/>
<pin id="326" dir="1" index="2" bw="7" slack="0"/>
</pin_list>
<bind>
<opcode="add(8) " fcode="add"/>
<opset="add_ln204/1 "/>
</bind>
</comp>

<comp id="329" class="1004" name="trunc_ln206_fu_329">
<pin_list>
<pin id="330" dir="0" index="0" bw="7" slack="0"/>
<pin id="331" dir="1" index="1" bw="6" slack="0"/>
</pin_list>
<bind>
<opcode="trunc(33) " fcode="trunc"/>
<opset="trunc_ln206/1 "/>
</bind>
</comp>

<comp id="333" class="1004" name="shl_ln2_fu_333">
<pin_list>
<pin id="334" dir="0" index="0" bw="8" slack="0"/>
<pin id="335" dir="0" index="1" bw="6" slack="0"/>
<pin id="336" dir="0" index="2" bw="1" slack="0"/>
<pin id="337" dir="1" index="3" bw="8" slack="0"/>
</pin_list>
<bind>
<opcode="bitconcatenate(1004) " fcode="bitconcatenate"/>
<opset="shl_ln2/1 "/>
</bind>
</comp>

<comp id="341" class="1004" name="zext_ln207_fu_341">
<pin_list>
<pin id="342" dir="0" index="0" bw="8" slack="0"/>
<pin id="343" dir="1" index="1" bw="9" slack="0"/>
</pin_list>
<bind>
<opcode="zext(34) " fcode="zext"/>
<opset="zext_ln207/1 "/>
</bind>
</comp>

<comp id="345" class="1004" name="icmp_ln215_fu_345">
<pin_list>
<pin id="346" dir="0" index="0" bw="9" slack="0"/>
<pin id="347" dir="0" index="1" bw="9" slack="0"/>
<pin id="348" dir="1" index="2" bw="1" slack="1"/>
</pin_list>
<bind>
<opcode="icmp(45) " fcode="icmp"/>
<opset="icmp_ln215/1 "/>
</bind>
</comp>

<comp id="351" class="1004" name="or_ln_fu_351">
<pin_list>
<pin id="352" dir="0" index="0" bw="8" slack="0"/>
<pin id="353" dir="0" index="1" bw="6" slack="0"/>
<pin id="354" dir="0" index="2" bw="1" slack="0"/>
<pin id="355" dir="1" index="3" bw="8" slack="0"/>
</pin_list>
<bind>
<opcode="bitconcatenate(1004) " fcode="bitconcatenate"/>
<opset="or_ln/1 "/>
</bind>
</comp>

<comp id="359" class="1004" name="zext_ln220_fu_359">
<pin_list>
<pin id="360" dir="0" index="0" bw="8" slack="0"/>
<pin id="361" dir="1" index="1" bw="9" slack="0"/>
</pin_list>
<bind>
<opcode="zext(34) " fcode="zext"/>
<opset="zext_ln220/1 "/>
</bind>
</comp>

<comp id="363" class="1004" name="icmp_ln220_fu_363">
<pin_list>
<pin id="364" dir="0" index="0" bw="9" slack="0"/>
<pin id="365" dir="0" index="1" bw="9" slack="0"/>
<pin id="366" dir="1" index="2" bw="1" slack="1"/>
</pin_list>
<bind>
<opcode="icmp(45) " fcode="icmp"/>
<opset="icmp_ln220/1 "/>
</bind>
</comp>

<comp id="369" class="1004" name="or_ln1_fu_369">
<pin_list>
<pin id="370" dir="0" index="0" bw="8" slack="0"/>
<pin id="371" dir="0" index="1" bw="6" slack="0"/>
<pin id="372" dir="0" index="2" bw="2" slack="0"/>
<pin id="373" dir="1" index="3" bw="8" slack="0"/>
</pin_list>
<bind>
<opcode="bitconcatenate(1004) " fcode="bitconcatenate"/>
<opset="or_ln1/1 "/>
</bind>
</comp>

<comp id="377" class="1004" name="zext_ln225_fu_377">
<pin_list>
<pin id="378" dir="0" index="0" bw="8" slack="0"/>
<pin id="379" dir="1" index="1" bw="9" slack="0"/>
</pin_list>
<bind>
<opcode="zext(34) " fcode="zext"/>
<opset="zext_ln225/1 "/>
</bind>
</comp>

<comp id="381" class="1004" name="icmp_ln225_fu_381">
<pin_list>
<pin id="382" dir="0" index="0" bw="9" slack="0"/>
<pin id="383" dir="0" index="1" bw="9" slack="0"/>
<pin id="384" dir="1" index="2" bw="1" slack="1"/>
</pin_list>
<bind>
<opcode="icmp(45) " fcode="icmp"/>
<opset="icmp_ln225/1 "/>
</bind>
</comp>

<comp id="387" class="1004" name="or_ln2_fu_387">
<pin_list>
<pin id="388" dir="0" index="0" bw="8" slack="0"/>
<pin id="389" dir="0" index="1" bw="6" slack="0"/>
<pin id="390" dir="0" index="2" bw="1" slack="0"/>
<pin id="391" dir="1" index="3" bw="8" slack="0"/>
</pin_list>
<bind>
<opcode="bitconcatenate(1004) " fcode="bitconcatenate"/>
<opset="or_ln2/1 "/>
</bind>
</comp>

<comp id="395" class="1004" name="zext_ln230_fu_395">
<pin_list>
<pin id="396" dir="0" index="0" bw="8" slack="0"/>
<pin id="397" dir="1" index="1" bw="9" slack="0"/>
</pin_list>
<bind>
<opcode="zext(34) " fcode="zext"/>
<opset="zext_ln230/1 "/>
</bind>
</comp>

<comp id="399" class="1004" name="icmp_ln230_fu_399">
<pin_list>
<pin id="400" dir="0" index="0" bw="9" slack="0"/>
<pin id="401" dir="0" index="1" bw="9" slack="0"/>
<pin id="402" dir="1" index="2" bw="1" slack="1"/>
</pin_list>
<bind>
<opcode="icmp(45) " fcode="icmp"/>
<opset="icmp_ln230/1 "/>
</bind>
</comp>

<comp id="405" class="1004" name="store_ln204_store_fu_405">
<pin_list>
<pin id="406" dir="0" index="0" bw="7" slack="0"/>
<pin id="407" dir="0" index="1" bw="7" slack="0"/>
<pin id="408" dir="1" index="2" bw="0" slack="2147483647"/>
</pin_list>
<bind>
<opcode="store(28) " fcode="store"/>
<opset="store_ln204/1 "/>
</bind>
</comp>

<comp id="410" class="1004" name="gmem_addr_fu_410">
<pin_list>
<pin id="411" dir="0" index="0" bw="64" slack="0"/>
<pin id="412" dir="0" index="1" bw="64" slack="1"/>
<pin id="413" dir="1" index="2" bw="64" slack="0"/>
</pin_list>
<bind>
<opcode="getelementptr(29) " fcode="getelementptr"/>
<opset="gmem_addr/2 "/>
</bind>
</comp>

<comp id="416" class="1004" name="zext_ln204_fu_416">
<pin_list>
<pin id="417" dir="0" index="0" bw="7" slack="2"/>
<pin id="418" dir="1" index="1" bw="64" slack="0"/>
</pin_list>
<bind>
<opcode="zext(34) " fcode="zext"/>
<opset="zext_ln204/3 "/>
</bind>
</comp>

<comp id="423" class="1004" name="x0_fu_423">
<pin_list>
<pin id="424" dir="0" index="0" bw="128" slack="1"/>
<pin id="425" dir="1" index="1" bw="32" slack="0"/>
</pin_list>
<bind>
<opcode="trunc(33) " fcode="trunc"/>
<opset="x0/3 "/>
</bind>
</comp>

<comp id="427" class="1004" name="x1_fu_427">
<pin_list>
<pin id="428" dir="0" index="0" bw="32" slack="0"/>
<pin id="429" dir="0" index="1" bw="128" slack="1"/>
<pin id="430" dir="0" index="2" bw="7" slack="0"/>
<pin id="431" dir="1" index="3" bw="32" slack="0"/>
</pin_list>
<bind>
<opcode="partselect(1002) " fcode="partselect"/>
<opset="x1/3 "/>
</bind>
</comp>

<comp id="435" class="1004" name="x2_fu_435">
<pin_list>
<pin id="436" dir="0" index="0" bw="32" slack="0"/>
<pin id="437" dir="0" index="1" bw="128" slack="1"/>
<pin id="438" dir="0" index="2" bw="8" slack="0"/>
<pin id="439" dir="1" index="3" bw="32" slack="0"/>
</pin_list>
<bind>
<opcode="partselect(1002) " fcode="partselect"/>
<opset="x2/3 "/>
</bind>
</comp>

<comp id="443" class="1004" name="x3_fu_443">
<pin_list>
<pin id="444" dir="0" index="0" bw="32" slack="0"/>
<pin id="445" dir="0" index="1" bw="128" slack="1"/>
<pin id="446" dir="0" index="2" bw="8" slack="0"/>
<pin id="447" dir="1" index="3" bw="32" slack="0"/>
</pin_list>
<bind>
<opcode="partselect(1002) " fcode="partselect"/>
<opset="x3/3 "/>
</bind>
</comp>

<comp id="451" class="1004" name="icmp_ln237_fu_451">
<pin_list>
<pin id="452" dir="0" index="0" bw="7" slack="2"/>
<pin id="453" dir="0" index="1" bw="7" slack="0"/>
<pin id="454" dir="1" index="2" bw="1" slack="2"/>
</pin_list>
<bind>
<opcode="icmp(45) " fcode="icmp"/>
<opset="icmp_ln237/3 "/>
</bind>
</comp>

<comp id="456" class="1004" name="zext_ln210_fu_456">
<pin_list>
<pin id="457" dir="0" index="0" bw="1" slack="0"/>
<pin id="458" dir="1" index="1" bw="2" slack="0"/>
</pin_list>
<bind>
<opcode="zext(34) " fcode="zext"/>
<opset="zext_ln210/4 "/>
</bind>
</comp>

<comp id="461" class="1004" name="keep_4_fu_461">
<pin_list>
<pin id="462" dir="0" index="0" bw="2" slack="0"/>
<pin id="463" dir="0" index="1" bw="1" slack="0"/>
<pin id="464" dir="0" index="2" bw="1" slack="0"/>
<pin id="465" dir="1" index="3" bw="2" slack="0"/>
</pin_list>
<bind>
<opcode="bitconcatenate(1004) " fcode="bitconcatenate"/>
<opset="keep_4/4 "/>
</bind>
</comp>

<comp id="470" class="1004" name="zext_ln211_fu_470">
<pin_list>
<pin id="471" dir="0" index="0" bw="2" slack="0"/>
<pin id="472" dir="1" index="1" bw="3" slack="0"/>
</pin_list>
<bind>
<opcode="zext(34) " fcode="zext"/>
<opset="zext_ln211/4 "/>
</bind>
</comp>

<comp id="475" class="1004" name="keep_5_fu_475">
<pin_list>
<pin id="476" dir="0" index="0" bw="3" slack="0"/>
<pin id="477" dir="0" index="1" bw="1" slack="0"/>
<pin id="478" dir="0" index="2" bw="2" slack="0"/>
<pin id="479" dir="1" index="3" bw="3" slack="0"/>
</pin_list>
<bind>
<opcode="bitconcatenate(1004) " fcode="bitconcatenate"/>
<opset="keep_5/4 "/>
</bind>
</comp>

<comp id="484" class="1004" name="zext_ln212_fu_484">
<pin_list>
<pin id="485" dir="0" index="0" bw="3" slack="0"/>
<pin id="486" dir="1" index="1" bw="4" slack="0"/>
</pin_list>
<bind>
<opcode="zext(34) " fcode="zext"/>
<opset="zext_ln212/4 "/>
</bind>
</comp>

<comp id="489" class="1004" name="keep_6_fu_489">
<pin_list>
<pin id="490" dir="0" index="0" bw="4" slack="0"/>
<pin id="491" dir="0" index="1" bw="3" slack="0"/>
<pin id="492" dir="0" index="2" bw="3" slack="0"/>
<pin id="493" dir="0" index="3" bw="1" slack="0"/>
<pin id="494" dir="1" index="4" bw="4" slack="0"/>
</pin_list>
<bind>
<opcode="bitset(1001) " fcode="bitset"/>
<opset="keep_6/4 "/>
</bind>
</comp>

<comp id="500" class="1004" name="trunc_ln141_fu_500">
<pin_list>
<pin id="501" dir="0" index="0" bw="4" slack="0"/>
<pin id="502" dir="1" index="1" bw="1" slack="0"/>
</pin_list>
<bind>
<opcode="trunc(33) " fcode="trunc"/>
<opset="trunc_ln141/4 "/>
</bind>
</comp>

<comp id="504" class="1004" name="m0_fu_504">
<pin_list>
<pin id="505" dir="0" index="0" bw="1" slack="0"/>
<pin id="506" dir="0" index="1" bw="32" slack="0"/>
<pin id="507" dir="0" index="2" bw="32" slack="0"/>
<pin id="508" dir="1" index="3" bw="32" slack="0"/>
</pin_list>
<bind>
<opcode="select(49) " fcode="select"/>
<opset="m0/4 "/>
</bind>
</comp>

<comp id="512" class="1004" name="tmp_fu_512">
<pin_list>
<pin id="513" dir="0" index="0" bw="1" slack="0"/>
<pin id="514" dir="0" index="1" bw="4" slack="0"/>
<pin id="515" dir="0" index="2" bw="1" slack="0"/>
<pin id="516" dir="1" index="3" bw="1" slack="0"/>
</pin_list>
<bind>
<opcode="bitselect(1000) " fcode="bitselect"/>
<opset="tmp/4 "/>
</bind>
</comp>

<comp id="520" class="1004" name="m1_fu_520">
<pin_list>
<pin id="521" dir="0" index="0" bw="1" slack="0"/>
<pin id="522" dir="0" index="1" bw="32" slack="0"/>
<pin id="523" dir="0" index="2" bw="32" slack="0"/>
<pin id="524" dir="1" index="3" bw="32" slack="0"/>
</pin_list>
<bind>
<opcode="select(49) " fcode="select"/>
<opset="m1/4 "/>
</bind>
</comp>

<comp id="528" class="1004" name="tmp_72_fu_528">
<pin_list>
<pin id="529" dir="0" index="0" bw="1" slack="0"/>
<pin id="530" dir="0" index="1" bw="4" slack="0"/>
<pin id="531" dir="0" index="2" bw="3" slack="0"/>
<pin id="532" dir="1" index="3" bw="1" slack="0"/>
</pin_list>
<bind>
<opcode="bitselect(1000) " fcode="bitselect"/>
<opset="tmp_72/4 "/>
</bind>
</comp>

<comp id="536" class="1004" name="m2_fu_536">
<pin_list>
<pin id="537" dir="0" index="0" bw="1" slack="0"/>
<pin id="538" dir="0" index="1" bw="32" slack="0"/>
<pin id="539" dir="0" index="2" bw="32" slack="0"/>
<pin id="540" dir="1" index="3" bw="32" slack="0"/>
</pin_list>
<bind>
<opcode="select(49) " fcode="select"/>
<opset="m2/4 "/>
</bind>
</comp>

<comp id="544" class="1004" name="tmp_73_fu_544">
<pin_list>
<pin id="545" dir="0" index="0" bw="1" slack="0"/>
<pin id="546" dir="0" index="1" bw="4" slack="0"/>
<pin id="547" dir="0" index="2" bw="3" slack="0"/>
<pin id="548" dir="1" index="3" bw="1" slack="0"/>
</pin_list>
<bind>
<opcode="bitselect(1000) " fcode="bitselect"/>
<opset="tmp_73/4 "/>
</bind>
</comp>

<comp id="552" class="1004" name="m3_fu_552">
<pin_list>
<pin id="553" dir="0" index="0" bw="1" slack="0"/>
<pin id="554" dir="0" index="1" bw="32" slack="0"/>
<pin id="555" dir="0" index="2" bw="32" slack="0"/>
<pin id="556" dir="1" index="3" bw="32" slack="0"/>
</pin_list>
<bind>
<opcode="select(49) " fcode="select"/>
<opset="m3/4 "/>
</bind>
</comp>

<comp id="560" class="1004" name="icmp_ln146_fu_560">
<pin_list>
<pin id="561" dir="0" index="0" bw="32" slack="0"/>
<pin id="562" dir="0" index="1" bw="32" slack="0"/>
<pin id="563" dir="1" index="2" bw="1" slack="0"/>
</pin_list>
<bind>
<opcode="icmp(45) " fcode="icmp"/>
<opset="icmp_ln146/4 "/>
</bind>
</comp>

<comp id="566" class="1004" name="m01_fu_566">
<pin_list>
<pin id="567" dir="0" index="0" bw="1" slack="0"/>
<pin id="568" dir="0" index="1" bw="32" slack="0"/>
<pin id="569" dir="0" index="2" bw="32" slack="0"/>
<pin id="570" dir="1" index="3" bw="32" slack="0"/>
</pin_list>
<bind>
<opcode="select(49) " fcode="select"/>
<opset="m01/4 "/>
</bind>
</comp>

<comp id="574" class="1004" name="icmp_ln147_fu_574">
<pin_list>
<pin id="575" dir="0" index="0" bw="32" slack="0"/>
<pin id="576" dir="0" index="1" bw="32" slack="0"/>
<pin id="577" dir="1" index="2" bw="1" slack="0"/>
</pin_list>
<bind>
<opcode="icmp(45) " fcode="icmp"/>
<opset="icmp_ln147/4 "/>
</bind>
</comp>

<comp id="580" class="1004" name="m23_fu_580">
<pin_list>
<pin id="581" dir="0" index="0" bw="1" slack="0"/>
<pin id="582" dir="0" index="1" bw="32" slack="0"/>
<pin id="583" dir="0" index="2" bw="32" slack="0"/>
<pin id="584" dir="1" index="3" bw="32" slack="0"/>
</pin_list>
<bind>
<opcode="select(49) " fcode="select"/>
<opset="m23/4 "/>
</bind>
</comp>

<comp id="588" class="1004" name="icmp_ln148_fu_588">
<pin_list>
<pin id="589" dir="0" index="0" bw="32" slack="0"/>
<pin id="590" dir="0" index="1" bw="32" slack="0"/>
<pin id="591" dir="1" index="2" bw="1" slack="0"/>
</pin_list>
<bind>
<opcode="icmp(45) " fcode="icmp"/>
<opset="icmp_ln148/4 "/>
</bind>
</comp>

<comp id="594" class="1004" name="local_max_fu_594">
<pin_list>
<pin id="595" dir="0" index="0" bw="1" slack="0"/>
<pin id="596" dir="0" index="1" bw="32" slack="0"/>
<pin id="597" dir="0" index="2" bw="32" slack="0"/>
<pin id="598" dir="1" index="3" bw="32" slack="1"/>
</pin_list>
<bind>
<opcode="select(49) " fcode="select"/>
<opset="local_max/4 "/>
</bind>
</comp>

<comp id="602" class="1004" name="max_x_load_1_load_fu_602">
<pin_list>
<pin id="603" dir="0" index="0" bw="32" slack="4"/>
<pin id="604" dir="1" index="1" bw="32" slack="0"/>
</pin_list>
<bind>
<opcode="load(27) " fcode="load"/>
<opset="max_x_load_1/5 "/>
</bind>
</comp>

<comp id="605" class="1004" name="icmp_ln237_1_fu_605">
<pin_list>
<pin id="606" dir="0" index="0" bw="32" slack="1"/>
<pin id="607" dir="0" index="1" bw="32" slack="0"/>
<pin id="608" dir="1" index="2" bw="1" slack="0"/>
</pin_list>
<bind>
<opcode="icmp(45) " fcode="icmp"/>
<opset="icmp_ln237_1/5 "/>
</bind>
</comp>

<comp id="610" class="1004" name="or_ln237_fu_610">
<pin_list>
<pin id="611" dir="0" index="0" bw="1" slack="2"/>
<pin id="612" dir="0" index="1" bw="1" slack="0"/>
<pin id="613" dir="1" index="2" bw="1" slack="0"/>
</pin_list>
<bind>
<opcode="or(24) " fcode="or"/>
<opset="or_ln237/5 "/>
</bind>
</comp>

<comp id="615" class="1004" name="max_x_2_fu_615">
<pin_list>
<pin id="616" dir="0" index="0" bw="1" slack="0"/>
<pin id="617" dir="0" index="1" bw="32" slack="1"/>
<pin id="618" dir="0" index="2" bw="32" slack="0"/>
<pin id="619" dir="1" index="3" bw="32" slack="0"/>
</pin_list>
<bind>
<opcode="select(49) " fcode="select"/>
<opset="max_x_2/5 "/>
</bind>
</comp>

<comp id="622" class="1004" name="store_ln200_store_fu_622">
<pin_list>
<pin id="623" dir="0" index="0" bw="32" slack="0"/>
<pin id="624" dir="0" index="1" bw="32" slack="4"/>
<pin id="625" dir="1" index="2" bw="0" slack="2147483647"/>
</pin_list>
<bind>
<opcode="store(28) " fcode="store"/>
<opset="store_ln200/5 "/>
</bind>
</comp>

<comp id="627" class="1004" name="max_x_load_load_fu_627">
<pin_list>
<pin id="628" dir="0" index="0" bw="32" slack="3"/>
<pin id="629" dir="1" index="1" bw="32" slack="0"/>
</pin_list>
<bind>
<opcode="load(27) " fcode="load"/>
<opset="max_x_load/4 "/>
</bind>
</comp>

<comp id="631" class="1005" name="max_x_reg_631">
<pin_list>
<pin id="632" dir="0" index="0" bw="32" slack="0"/>
<pin id="633" dir="1" index="1" bw="32" slack="0"/>
</pin_list>
<bind>
<opset="max_x "/>
</bind>
</comp>

<comp id="639" class="1005" name="blk_reg_639">
<pin_list>
<pin id="640" dir="0" index="0" bw="7" slack="0"/>
<pin id="641" dir="1" index="1" bw="7" slack="0"/>
</pin_list>
<bind>
<opset="blk "/>
</bind>
</comp>

<comp id="646" class="1005" name="sext_ln204_cast_reg_646">
<pin_list>
<pin id="647" dir="0" index="0" bw="64" slack="1"/>
<pin id="648" dir="1" index="1" bw="64" slack="1"/>
</pin_list>
<bind>
<opset="sext_ln204_cast "/>
</bind>
</comp>

<comp id="651" class="1005" name="blk_2_reg_651">
<pin_list>
<pin id="652" dir="0" index="0" bw="7" slack="2"/>
<pin id="653" dir="1" index="1" bw="7" slack="2"/>
</pin_list>
<bind>
<opset="blk_2 "/>
</bind>
</comp>

<comp id="657" class="1005" name="icmp_ln204_reg_657">
<pin_list>
<pin id="658" dir="0" index="0" bw="1" slack="1"/>
<pin id="659" dir="1" index="1" bw="1" slack="2147483647"/>
</pin_list>
<bind>
<opset="icmp_ln204 "/>
</bind>
</comp>

<comp id="661" class="1005" name="icmp_ln215_reg_661">
<pin_list>
<pin id="662" dir="0" index="0" bw="1" slack="1"/>
<pin id="663" dir="1" index="1" bw="1" slack="2147483647"/>
</pin_list>
<bind>
<opset="icmp_ln215 "/>
</bind>
</comp>

<comp id="665" class="1005" name="icmp_ln220_reg_665">
<pin_list>
<pin id="666" dir="0" index="0" bw="1" slack="1"/>
<pin id="667" dir="1" index="1" bw="1" slack="2147483647"/>
</pin_list>
<bind>
<opset="icmp_ln220 "/>
</bind>
</comp>

<comp id="669" class="1005" name="icmp_ln225_reg_669">
<pin_list>
<pin id="670" dir="0" index="0" bw="1" slack="1"/>
<pin id="671" dir="1" index="1" bw="1" slack="2147483647"/>
</pin_list>
<bind>
<opset="icmp_ln225 "/>
</bind>
</comp>

<comp id="673" class="1005" name="icmp_ln230_reg_673">
<pin_list>
<pin id="674" dir="0" index="0" bw="1" slack="1"/>
<pin id="675" dir="1" index="1" bw="1" slack="2147483647"/>
</pin_list>
<bind>
<opset="icmp_ln230 "/>
</bind>
</comp>

<comp id="677" class="1005" name="line_reg_677">
<pin_list>
<pin id="678" dir="0" index="0" bw="128" slack="1"/>
<pin id="679" dir="1" index="1" bw="128" slack="1"/>
</pin_list>
<bind>
<opset="line "/>
</bind>
</comp>

<comp id="685" class="1005" name="x0_reg_685">
<pin_list>
<pin id="686" dir="0" index="0" bw="32" slack="1"/>
<pin id="687" dir="1" index="1" bw="32" slack="1"/>
</pin_list>
<bind>
<opset="x0 "/>
</bind>
</comp>

<comp id="690" class="1005" name="x1_reg_690">
<pin_list>
<pin id="691" dir="0" index="0" bw="32" slack="1"/>
<pin id="692" dir="1" index="1" bw="32" slack="1"/>
</pin_list>
<bind>
<opset="x1 "/>
</bind>
</comp>

<comp id="695" class="1005" name="x2_reg_695">
<pin_list>
<pin id="696" dir="0" index="0" bw="32" slack="1"/>
<pin id="697" dir="1" index="1" bw="32" slack="1"/>
</pin_list>
<bind>
<opset="x2 "/>
</bind>
</comp>

<comp id="700" class="1005" name="x3_reg_700">
<pin_list>
<pin id="701" dir="0" index="0" bw="32" slack="1"/>
<pin id="702" dir="1" index="1" bw="32" slack="1"/>
</pin_list>
<bind>
<opset="x3 "/>
</bind>
</comp>

<comp id="705" class="1005" name="icmp_ln237_reg_705">
<pin_list>
<pin id="706" dir="0" index="0" bw="1" slack="2"/>
<pin id="707" dir="1" index="1" bw="1" slack="2"/>
</pin_list>
<bind>
<opset="icmp_ln237 "/>
</bind>
</comp>

<comp id="710" class="1005" name="local_max_reg_710">
<pin_list>
<pin id="711" dir="0" index="0" bw="32" slack="1"/>
<pin id="712" dir="1" index="1" bw="32" slack="1"/>
</pin_list>
<bind>
<opset="local_max "/>
</bind>
</comp>

</comp_list>

<net_list>
<net id="113"><net_src comp="18" pin="0"/><net_sink comp="110" pin=0"/></net>

<net id="117"><net_src comp="18" pin="0"/><net_sink comp="114" pin=0"/></net>

<net id="122"><net_src comp="20" pin="0"/><net_sink comp="118" pin=0"/></net>

<net id="123"><net_src comp="6" pin="0"/><net_sink comp="118" pin=1"/></net>

<net id="128"><net_src comp="22" pin="0"/><net_sink comp="124" pin=0"/></net>

<net id="129"><net_src comp="2" pin="0"/><net_sink comp="124" pin=1"/></net>

<net id="134"><net_src comp="24" pin="0"/><net_sink comp="130" pin=0"/></net>

<net id="135"><net_src comp="0" pin="0"/><net_sink comp="130" pin=1"/></net>

<net id="141"><net_src comp="108" pin="0"/><net_sink comp="136" pin=0"/></net>

<net id="142"><net_src comp="16" pin="0"/><net_sink comp="136" pin=1"/></net>

<net id="148"><net_src comp="14" pin="0"/><net_sink comp="143" pin=0"/></net>

<net id="149"><net_src comp="60" pin="0"/><net_sink comp="143" pin=1"/></net>

<net id="159"><net_src comp="143" pin="3"/><net_sink comp="150" pin=2"/></net>

<net id="165"><net_src comp="12" pin="0"/><net_sink comp="160" pin=0"/></net>

<net id="166"><net_src comp="60" pin="0"/><net_sink comp="160" pin=1"/></net>

<net id="176"><net_src comp="160" pin="3"/><net_sink comp="167" pin=2"/></net>

<net id="182"><net_src comp="10" pin="0"/><net_sink comp="177" pin=0"/></net>

<net id="183"><net_src comp="60" pin="0"/><net_sink comp="177" pin=1"/></net>

<net id="193"><net_src comp="177" pin="3"/><net_sink comp="184" pin=2"/></net>

<net id="199"><net_src comp="8" pin="0"/><net_sink comp="194" pin=0"/></net>

<net id="200"><net_src comp="60" pin="0"/><net_sink comp="194" pin=1"/></net>

<net id="210"><net_src comp="194" pin="3"/><net_sink comp="201" pin=2"/></net>

<net id="215"><net_src comp="74" pin="0"/><net_sink comp="211" pin=0"/></net>

<net id="219"><net_src comp="90" pin="0"/><net_sink comp="216" pin=0"/></net>

<net id="220"><net_src comp="92" pin="0"/><net_sink comp="216" pin=0"/></net>

<net id="227"><net_src comp="216" pin="1"/><net_sink comp="221" pin=0"/></net>

<net id="228"><net_src comp="216" pin="1"/><net_sink comp="221" pin=2"/></net>

<net id="232"><net_src comp="94" pin="0"/><net_sink comp="229" pin=0"/></net>

<net id="239"><net_src comp="229" pin="1"/><net_sink comp="233" pin=2"/></net>

<net id="252"><net_src comp="94" pin="0"/><net_sink comp="249" pin=0"/></net>

<net id="259"><net_src comp="249" pin="1"/><net_sink comp="253" pin=2"/></net>

<net id="272"><net_src comp="94" pin="0"/><net_sink comp="269" pin=0"/></net>

<net id="279"><net_src comp="269" pin="1"/><net_sink comp="273" pin=2"/></net>

<net id="292"><net_src comp="94" pin="0"/><net_sink comp="289" pin=0"/></net>

<net id="299"><net_src comp="289" pin="1"/><net_sink comp="293" pin=2"/></net>

<net id="303"><net_src comp="118" pin="2"/><net_sink comp="300" pin=0"/></net>

<net id="308"><net_src comp="52" pin="0"/><net_sink comp="304" pin=0"/></net>

<net id="313"><net_src comp="38" pin="0"/><net_sink comp="309" pin=0"/></net>

<net id="321"><net_src comp="314" pin="1"/><net_sink comp="317" pin=0"/></net>

<net id="322"><net_src comp="130" pin="2"/><net_sink comp="317" pin=1"/></net>

<net id="327"><net_src comp="314" pin="1"/><net_sink comp="323" pin=0"/></net>

<net id="328"><net_src comp="62" pin="0"/><net_sink comp="323" pin=1"/></net>

<net id="332"><net_src comp="314" pin="1"/><net_sink comp="329" pin=0"/></net>

<net id="338"><net_src comp="64" pin="0"/><net_sink comp="333" pin=0"/></net>

<net id="339"><net_src comp="329" pin="1"/><net_sink comp="333" pin=1"/></net>

<net id="340"><net_src comp="66" pin="0"/><net_sink comp="333" pin=2"/></net>

<net id="344"><net_src comp="333" pin="3"/><net_sink comp="341" pin=0"/></net>

<net id="349"><net_src comp="341" pin="1"/><net_sink comp="345" pin=0"/></net>

<net id="350"><net_src comp="124" pin="2"/><net_sink comp="345" pin=1"/></net>

<net id="356"><net_src comp="64" pin="0"/><net_sink comp="351" pin=0"/></net>

<net id="357"><net_src comp="329" pin="1"/><net_sink comp="351" pin=1"/></net>

<net id="358"><net_src comp="68" pin="0"/><net_sink comp="351" pin=2"/></net>

<net id="362"><net_src comp="351" pin="3"/><net_sink comp="359" pin=0"/></net>

<net id="367"><net_src comp="359" pin="1"/><net_sink comp="363" pin=0"/></net>

<net id="368"><net_src comp="124" pin="2"/><net_sink comp="363" pin=1"/></net>

<net id="374"><net_src comp="64" pin="0"/><net_sink comp="369" pin=0"/></net>

<net id="375"><net_src comp="329" pin="1"/><net_sink comp="369" pin=1"/></net>

<net id="376"><net_src comp="70" pin="0"/><net_sink comp="369" pin=2"/></net>

<net id="380"><net_src comp="369" pin="3"/><net_sink comp="377" pin=0"/></net>

<net id="385"><net_src comp="377" pin="1"/><net_sink comp="381" pin=0"/></net>

<net id="386"><net_src comp="124" pin="2"/><net_sink comp="381" pin=1"/></net>

<net id="392"><net_src comp="64" pin="0"/><net_sink comp="387" pin=0"/></net>

<net id="393"><net_src comp="329" pin="1"/><net_sink comp="387" pin=1"/></net>

<net id="394"><net_src comp="72" pin="0"/><net_sink comp="387" pin=2"/></net>

<net id="398"><net_src comp="387" pin="3"/><net_sink comp="395" pin=0"/></net>

<net id="403"><net_src comp="395" pin="1"/><net_sink comp="399" pin=0"/></net>

<net id="404"><net_src comp="124" pin="2"/><net_sink comp="399" pin=1"/></net>

<net id="409"><net_src comp="323" pin="2"/><net_sink comp="405" pin=0"/></net>

<net id="414"><net_src comp="4" pin="0"/><net_sink comp="410" pin=0"/></net>

<net id="415"><net_src comp="410" pin="2"/><net_sink comp="211" pin=1"/></net>

<net id="419"><net_src comp="416" pin="1"/><net_sink comp="143" pin=2"/></net>

<net id="420"><net_src comp="416" pin="1"/><net_sink comp="160" pin=2"/></net>

<net id="421"><net_src comp="416" pin="1"/><net_sink comp="177" pin=2"/></net>

<net id="422"><net_src comp="416" pin="1"/><net_sink comp="194" pin=2"/></net>

<net id="426"><net_src comp="423" pin="1"/><net_sink comp="150" pin=4"/></net>

<net id="432"><net_src comp="82" pin="0"/><net_sink comp="427" pin=0"/></net>

<net id="433"><net_src comp="84" pin="0"/><net_sink comp="427" pin=2"/></net>

<net id="434"><net_src comp="427" pin="3"/><net_sink comp="167" pin=4"/></net>

<net id="440"><net_src comp="82" pin="0"/><net_sink comp="435" pin=0"/></net>

<net id="441"><net_src comp="86" pin="0"/><net_sink comp="435" pin=2"/></net>

<net id="442"><net_src comp="435" pin="3"/><net_sink comp="184" pin=4"/></net>

<net id="448"><net_src comp="82" pin="0"/><net_sink comp="443" pin=0"/></net>

<net id="449"><net_src comp="88" pin="0"/><net_sink comp="443" pin=2"/></net>

<net id="450"><net_src comp="443" pin="3"/><net_sink comp="201" pin=4"/></net>

<net id="455"><net_src comp="52" pin="0"/><net_sink comp="451" pin=1"/></net>

<net id="459"><net_src comp="221" pin="4"/><net_sink comp="456" pin=0"/></net>

<net id="460"><net_src comp="456" pin="1"/><net_sink comp="243" pin=2"/></net>

<net id="466"><net_src comp="96" pin="0"/><net_sink comp="461" pin=0"/></net>

<net id="467"><net_src comp="90" pin="0"/><net_sink comp="461" pin=1"/></net>

<net id="468"><net_src comp="221" pin="4"/><net_sink comp="461" pin=2"/></net>

<net id="469"><net_src comp="461" pin="3"/><net_sink comp="243" pin=0"/></net>

<net id="473"><net_src comp="243" pin="4"/><net_sink comp="470" pin=0"/></net>

<net id="474"><net_src comp="470" pin="1"/><net_sink comp="263" pin=2"/></net>

<net id="480"><net_src comp="98" pin="0"/><net_sink comp="475" pin=0"/></net>

<net id="481"><net_src comp="90" pin="0"/><net_sink comp="475" pin=1"/></net>

<net id="482"><net_src comp="243" pin="4"/><net_sink comp="475" pin=2"/></net>

<net id="483"><net_src comp="475" pin="3"/><net_sink comp="263" pin=0"/></net>

<net id="487"><net_src comp="263" pin="4"/><net_sink comp="484" pin=0"/></net>

<net id="488"><net_src comp="484" pin="1"/><net_sink comp="283" pin=2"/></net>

<net id="495"><net_src comp="100" pin="0"/><net_sink comp="489" pin=0"/></net>

<net id="496"><net_src comp="484" pin="1"/><net_sink comp="489" pin=1"/></net>

<net id="497"><net_src comp="102" pin="0"/><net_sink comp="489" pin=2"/></net>

<net id="498"><net_src comp="90" pin="0"/><net_sink comp="489" pin=3"/></net>

<net id="499"><net_src comp="489" pin="4"/><net_sink comp="283" pin=0"/></net>

<net id="503"><net_src comp="283" pin="4"/><net_sink comp="500" pin=0"/></net>

<net id="509"><net_src comp="500" pin="1"/><net_sink comp="504" pin=0"/></net>

<net id="510"><net_src comp="233" pin="4"/><net_sink comp="504" pin=1"/></net>

<net id="511"><net_src comp="94" pin="0"/><net_sink comp="504" pin=2"/></net>

<net id="517"><net_src comp="104" pin="0"/><net_sink comp="512" pin=0"/></net>

<net id="518"><net_src comp="283" pin="4"/><net_sink comp="512" pin=1"/></net>

<net id="519"><net_src comp="18" pin="0"/><net_sink comp="512" pin=2"/></net>

<net id="525"><net_src comp="512" pin="3"/><net_sink comp="520" pin=0"/></net>

<net id="526"><net_src comp="253" pin="4"/><net_sink comp="520" pin=1"/></net>

<net id="527"><net_src comp="94" pin="0"/><net_sink comp="520" pin=2"/></net>

<net id="533"><net_src comp="104" pin="0"/><net_sink comp="528" pin=0"/></net>

<net id="534"><net_src comp="283" pin="4"/><net_sink comp="528" pin=1"/></net>

<net id="535"><net_src comp="106" pin="0"/><net_sink comp="528" pin=2"/></net>

<net id="541"><net_src comp="528" pin="3"/><net_sink comp="536" pin=0"/></net>

<net id="542"><net_src comp="273" pin="4"/><net_sink comp="536" pin=1"/></net>

<net id="543"><net_src comp="94" pin="0"/><net_sink comp="536" pin=2"/></net>

<net id="549"><net_src comp="104" pin="0"/><net_sink comp="544" pin=0"/></net>

<net id="550"><net_src comp="283" pin="4"/><net_sink comp="544" pin=1"/></net>

<net id="551"><net_src comp="102" pin="0"/><net_sink comp="544" pin=2"/></net>

<net id="557"><net_src comp="544" pin="3"/><net_sink comp="552" pin=0"/></net>

<net id="558"><net_src comp="293" pin="4"/><net_sink comp="552" pin=1"/></net>

<net id="559"><net_src comp="94" pin="0"/><net_sink comp="552" pin=2"/></net>

<net id="564"><net_src comp="504" pin="3"/><net_sink comp="560" pin=0"/></net>

<net id="565"><net_src comp="520" pin="3"/><net_sink comp="560" pin=1"/></net>

<net id="571"><net_src comp="560" pin="2"/><net_sink comp="566" pin=0"/></net>

<net id="572"><net_src comp="504" pin="3"/><net_sink comp="566" pin=1"/></net>

<net id="573"><net_src comp="520" pin="3"/><net_sink comp="566" pin=2"/></net>

<net id="578"><net_src comp="536" pin="3"/><net_sink comp="574" pin=0"/></net>

<net id="579"><net_src comp="552" pin="3"/><net_sink comp="574" pin=1"/></net>

<net id="585"><net_src comp="574" pin="2"/><net_sink comp="580" pin=0"/></net>

<net id="586"><net_src comp="536" pin="3"/><net_sink comp="580" pin=1"/></net>

<net id="587"><net_src comp="552" pin="3"/><net_sink comp="580" pin=2"/></net>

<net id="592"><net_src comp="566" pin="3"/><net_sink comp="588" pin=0"/></net>

<net id="593"><net_src comp="580" pin="3"/><net_sink comp="588" pin=1"/></net>

<net id="599"><net_src comp="588" pin="2"/><net_sink comp="594" pin=0"/></net>

<net id="600"><net_src comp="566" pin="3"/><net_sink comp="594" pin=1"/></net>

<net id="601"><net_src comp="580" pin="3"/><net_sink comp="594" pin=2"/></net>

<net id="609"><net_src comp="602" pin="1"/><net_sink comp="605" pin=1"/></net>

<net id="614"><net_src comp="605" pin="2"/><net_sink comp="610" pin=1"/></net>

<net id="620"><net_src comp="610" pin="2"/><net_sink comp="615" pin=0"/></net>

<net id="621"><net_src comp="602" pin="1"/><net_sink comp="615" pin=2"/></net>

<net id="626"><net_src comp="615" pin="3"/><net_sink comp="622" pin=0"/></net>

<net id="630"><net_src comp="627" pin="1"/><net_sink comp="136" pin=2"/></net>

<net id="634"><net_src comp="110" pin="1"/><net_sink comp="631" pin=0"/></net>

<net id="635"><net_src comp="631" pin="1"/><net_sink comp="309" pin=1"/></net>

<net id="636"><net_src comp="631" pin="1"/><net_sink comp="602" pin=0"/></net>

<net id="637"><net_src comp="631" pin="1"/><net_sink comp="622" pin=1"/></net>

<net id="638"><net_src comp="631" pin="1"/><net_sink comp="627" pin=0"/></net>

<net id="642"><net_src comp="114" pin="1"/><net_sink comp="639" pin=0"/></net>

<net id="643"><net_src comp="639" pin="1"/><net_sink comp="304" pin=1"/></net>

<net id="644"><net_src comp="639" pin="1"/><net_sink comp="314" pin=0"/></net>

<net id="645"><net_src comp="639" pin="1"/><net_sink comp="405" pin=1"/></net>

<net id="649"><net_src comp="300" pin="1"/><net_sink comp="646" pin=0"/></net>

<net id="650"><net_src comp="646" pin="1"/><net_sink comp="410" pin=1"/></net>

<net id="654"><net_src comp="314" pin="1"/><net_sink comp="651" pin=0"/></net>

<net id="655"><net_src comp="651" pin="1"/><net_sink comp="416" pin=0"/></net>

<net id="656"><net_src comp="651" pin="1"/><net_sink comp="451" pin=0"/></net>

<net id="660"><net_src comp="317" pin="2"/><net_sink comp="657" pin=0"/></net>

<net id="664"><net_src comp="345" pin="2"/><net_sink comp="661" pin=0"/></net>

<net id="668"><net_src comp="363" pin="2"/><net_sink comp="665" pin=0"/></net>

<net id="672"><net_src comp="381" pin="2"/><net_sink comp="669" pin=0"/></net>

<net id="676"><net_src comp="399" pin="2"/><net_sink comp="673" pin=0"/></net>

<net id="680"><net_src comp="211" pin="2"/><net_sink comp="677" pin=0"/></net>

<net id="681"><net_src comp="677" pin="1"/><net_sink comp="423" pin=0"/></net>

<net id="682"><net_src comp="677" pin="1"/><net_sink comp="427" pin=1"/></net>

<net id="683"><net_src comp="677" pin="1"/><net_sink comp="435" pin=1"/></net>

<net id="684"><net_src comp="677" pin="1"/><net_sink comp="443" pin=1"/></net>

<net id="688"><net_src comp="423" pin="1"/><net_sink comp="685" pin=0"/></net>

<net id="689"><net_src comp="685" pin="1"/><net_sink comp="233" pin=0"/></net>

<net id="693"><net_src comp="427" pin="3"/><net_sink comp="690" pin=0"/></net>

<net id="694"><net_src comp="690" pin="1"/><net_sink comp="253" pin=0"/></net>

<net id="698"><net_src comp="435" pin="3"/><net_sink comp="695" pin=0"/></net>

<net id="699"><net_src comp="695" pin="1"/><net_sink comp="273" pin=0"/></net>

<net id="703"><net_src comp="443" pin="3"/><net_sink comp="700" pin=0"/></net>

<net id="704"><net_src comp="700" pin="1"/><net_sink comp="293" pin=0"/></net>

<net id="708"><net_src comp="451" pin="2"/><net_sink comp="705" pin=0"/></net>

<net id="709"><net_src comp="705" pin="1"/><net_sink comp="610" pin=0"/></net>

<net id="713"><net_src comp="594" pin="3"/><net_sink comp="710" pin=0"/></net>

<net id="714"><net_src comp="710" pin="1"/><net_sink comp="605" pin=0"/></net>

<net id="715"><net_src comp="710" pin="1"/><net_sink comp="615" pin=1"/></net>

</net_list>

</model> 
---------------- Datapath Model END ------------------

* FSMD analyzer results:
  - Output states:
	Port: gmem | {}
	Port: logits_buf_3 | {3 }
	Port: logits_buf_2 | {3 }
	Port: logits_buf_1 | {3 }
	Port: logits_buf_0 | {3 }
	Port: max_x_out | {4 }
 - Input state : 
	Port: load_logits_and_find_max_Pipeline_load_loop : blocks | {1 }
	Port: load_logits_and_find_max_Pipeline_load_loop : n | {1 }
	Port: load_logits_and_find_max_Pipeline_load_loop : gmem | {2 }
	Port: load_logits_and_find_max_Pipeline_load_loop : sext_ln204 | {1 }
	Port: load_logits_and_find_max_Pipeline_load_loop : logits_buf_3 | {}
	Port: load_logits_and_find_max_Pipeline_load_loop : logits_buf_2 | {}
	Port: load_logits_and_find_max_Pipeline_load_loop : logits_buf_1 | {}
	Port: load_logits_and_find_max_Pipeline_load_loop : logits_buf_0 | {}
  - Chain level:
	State 1
		store_ln204 : 1
		store_ln200 : 1
		blk_2 : 1
		icmp_ln204 : 2
		add_ln204 : 2
		br_ln204 : 3
		trunc_ln206 : 2
		shl_ln2 : 3
		zext_ln207 : 4
		icmp_ln215 : 5
		br_ln215 : 6
		or_ln : 3
		zext_ln220 : 4
		icmp_ln220 : 5
		br_ln220 : 6
		or_ln1 : 3
		zext_ln225 : 4
		icmp_ln225 : 5
		br_ln225 : 6
		or_ln2 : 3
		zext_ln230 : 4
		icmp_ln230 : 5
		br_ln230 : 6
		store_ln204 : 3
	State 2
		line : 1
	State 3
		logits_buf_0_addr : 1
		store_ln217 : 2
		logits_buf_1_addr : 1
		store_ln222 : 2
		logits_buf_2_addr : 1
		store_ln227 : 2
		logits_buf_3_addr : 1
		store_ln232 : 2
	State 4
		zext_ln210 : 1
		keep_4 : 1
		keep_1 : 2
		zext_ln211 : 3
		keep_5 : 3
		keep_2 : 4
		zext_ln212 : 5
		keep_6 : 6
		keep_3 : 7
		trunc_ln141 : 8
		m0 : 9
		tmp : 8
		m1 : 9
		tmp_72 : 8
		m2 : 9
		tmp_73 : 8
		m3 : 9
		icmp_ln146 : 10
		m01 : 11
		icmp_ln147 : 10
		m23 : 11
		icmp_ln148 : 12
		local_max : 13
		write_ln0 : 1
	State 5
		icmp_ln237_1 : 1
		or_ln237 : 2
		max_x_2 : 2
		store_ln200 : 3


============================================================
+ Verbose Summary: Datapath Resource usage 
============================================================

* Functional unit list:
|----------|-----------------------------|---------|---------|
| Operation|       Functional Unit       |    FF   |   LUT   |
|----------|-----------------------------|---------|---------|
|          |          m0_fu_504          |    0    |    32   |
|          |          m1_fu_520          |    0    |    32   |
|          |          m2_fu_536          |    0    |    32   |
|  select  |          m3_fu_552          |    0    |    32   |
|          |          m01_fu_566         |    0    |    32   |
|          |          m23_fu_580         |    0    |    32   |
|          |       local_max_fu_594      |    0    |    32   |
|          |        max_x_2_fu_615       |    0    |    32   |
|----------|-----------------------------|---------|---------|
|          |      icmp_ln204_fu_317      |    0    |    14   |
|          |      icmp_ln215_fu_345      |    0    |    14   |
|          |      icmp_ln220_fu_363      |    0    |    14   |
|          |      icmp_ln225_fu_381      |    0    |    14   |
|   icmp   |      icmp_ln230_fu_399      |    0    |    14   |
|          |      icmp_ln237_fu_451      |    0    |    14   |
|          |      icmp_ln146_fu_560      |    0    |    39   |
|          |      icmp_ln147_fu_574      |    0    |    39   |
|          |      icmp_ln148_fu_588      |    0    |    39   |
|          |     icmp_ln237_1_fu_605     |    0    |    39   |
|----------|-----------------------------|---------|---------|
|    add   |       add_ln204_fu_323      |    0    |    14   |
|----------|-----------------------------|---------|---------|
|    or    |       or_ln237_fu_610       |    0    |    2    |
|----------|-----------------------------|---------|---------|
|          | sext_ln204_read_read_fu_118 |    0    |    0    |
|   read   |      n_read_read_fu_124     |    0    |    0    |
|          |   blocks_read_read_fu_130   |    0    |    0    |
|          |       line_read_fu_211      |    0    |    0    |
|----------|-----------------------------|---------|---------|
|   write  |    write_ln0_write_fu_136   |    0    |    0    |
|----------|-----------------------------|---------|---------|
|   sext   |    sext_ln204_cast_fu_300   |    0    |    0    |
|----------|-----------------------------|---------|---------|
|          |      trunc_ln206_fu_329     |    0    |    0    |
|   trunc  |          x0_fu_423          |    0    |    0    |
|          |      trunc_ln141_fu_500     |    0    |    0    |
|----------|-----------------------------|---------|---------|
|          |        shl_ln2_fu_333       |    0    |    0    |
|          |         or_ln_fu_351        |    0    |    0    |
|bitconcatenate|        or_ln1_fu_369        |    0    |    0    |
|          |        or_ln2_fu_387        |    0    |    0    |
|          |        keep_4_fu_461        |    0    |    0    |
|          |        keep_5_fu_475        |    0    |    0    |
|----------|-----------------------------|---------|---------|
|          |      zext_ln207_fu_341      |    0    |    0    |
|          |      zext_ln220_fu_359      |    0    |    0    |
|          |      zext_ln225_fu_377      |    0    |    0    |
|   zext   |      zext_ln230_fu_395      |    0    |    0    |
|          |      zext_ln204_fu_416      |    0    |    0    |
|          |      zext_ln210_fu_456      |    0    |    0    |
|          |      zext_ln211_fu_470      |    0    |    0    |
|          |      zext_ln212_fu_484      |    0    |    0    |
|----------|-----------------------------|---------|---------|
|          |          x1_fu_427          |    0    |    0    |
|partselect|          x2_fu_435          |    0    |    0    |
|          |          x3_fu_443          |    0    |    0    |
|----------|-----------------------------|---------|---------|
|  bitset  |        keep_6_fu_489        |    0    |    0    |
|----------|-----------------------------|---------|---------|
|          |          tmp_fu_512         |    0    |    0    |
| bitselect|        tmp_72_fu_528        |    0    |    0    |
|          |        tmp_73_fu_544        |    0    |    0    |
|----------|-----------------------------|---------|---------|
|   Total  |                             |    0    |   512   |
|----------|-----------------------------|---------|---------|

Memories:
N/A

* Register list:
+-----------------------+--------+
|                       |   FF   |
+-----------------------+--------+
|     blk_2_reg_651     |    7   |
|      blk_reg_639      |    7   |
|   icmp_ln204_reg_657  |    1   |
|   icmp_ln215_reg_661  |    1   |
|   icmp_ln220_reg_665  |    1   |
|   icmp_ln225_reg_669  |    1   |
|   icmp_ln230_reg_673  |    1   |
|   icmp_ln237_reg_705  |    1   |
|     keep_1_reg_240    |    2   |
|     keep_2_reg_260    |    3   |
|     keep_3_reg_280    |    4   |
|      keep_reg_216     |    1   |
|      line_reg_677     |   128  |
|   local_max_reg_710   |   32   |
|     max_x_reg_631     |   32   |
|sext_ln204_cast_reg_646|   64   |
|      x0_1_reg_229     |   32   |
|       x0_reg_685      |   32   |
|      x1_1_reg_249     |   32   |
|       x1_reg_690      |   32   |
|      x2_1_reg_269     |   32   |
|       x2_reg_695      |   32   |
|      x3_1_reg_289     |   32   |
|       x3_reg_700      |   32   |
+-----------------------+--------+
|         Total         |   542  |
+-----------------------+--------+

* Multiplexer (MUX) list: 
|--------------|------|------|------|--------||---------|
|     Comp     |  Pin | Size |  BW  | S x BW ||  Delay  |
|--------------|------|------|------|--------||---------|
| keep_reg_216 |  p0  |   2  |   1  |    2   |
|--------------|------|------|------|--------||---------|
|     Total    |      |      |      |    2   ||  1.588  |
|--------------|------|------|------|--------||---------|



* Summary:
+-----------+--------+--------+--------+
|           |  Delay |   FF   |   LUT  |
+-----------+--------+--------+--------+
|  Function |    -   |    0   |   512  |
|   Memory  |    -   |    -   |    -   |
|Multiplexer|    1   |    -   |    -   |
|  Register |    -   |   542  |    -   |
+-----------+--------+--------+--------+
|   Total   |    1   |   542  |   512  |
+-----------+--------+--------+--------+
