

================================================================
== Vitis HLS Report for 'softmax_accel'
================================================================
* Date:           Sat Mar 14 14:59:14 2026

* Version:        2025.1 (Build 6135595 on May 21 2025)
* Project:        Prometheus_streaming_w4
* Solution:       hls (Vivado IP Flow Target)
* Product family: zynq
* Target device:  xc7z020-clg400-1


================================================================
== Performance Estimates
================================================================
+ Timing: 
    * Summary: 
    +--------+----------+----------+------------+
    |  Clock |  Target  | Estimated| Uncertainty|
    +--------+----------+----------+------------+
    |ap_clk  |  11.80 ns|  8.614 ns|     3.19 ns|
    +--------+----------+----------+------------+

+ Latency: 
    * Summary: 
    +---------+---------+-----------+----------+-----+-----+---------+
    |  Latency (cycles) |  Latency (absolute)  |  Interval | Pipeline|
    |   min   |   max   |    min    |    max   | min | max |   Type  |
    +---------+---------+-----------+----------+-----+-----+---------+
    |        1|      276|  11.800 ns|  3.257 us|    2|  277|       no|
    +---------+---------+-----------+----------+-----+-----+---------+

    + Detail: 
        * Instance: 
        +-------------------------------------+--------------------------+---------+---------+-----------+----------+-----+-----+----------+
        |                                     |                          |  Latency (cycles) |  Latency (absolute)  |  Interval | Pipeline |
        |               Instance              |          Module          |   min   |   max   |    min    |    max   | min | max |   Type   |
        +-------------------------------------+--------------------------+---------+---------+-----------+----------+-----+-----+----------+
        |grp_load_logits_and_find_max_fu_687  |load_logits_and_find_max  |       17|       80|   0.201 us|  0.944 us|   17|   80|        no|
        |grp_generate_exp_buffer_fu_705       |generate_exp_buffer       |       13|       76|   0.153 us|  0.897 us|   11|   74|  dataflow|
        |grp_normalize_and_store_fu_720       |normalize_and_store       |        7|       92|  82.600 ns|  1.086 us|    7|   90|  dataflow|
        +-------------------------------------+--------------------------+---------+---------+-----------+----------+-----+-----+----------+

        * Loop: 
        N/A



================================================================
== Utilization Estimates
================================================================
* Summary: 
+-----------------+---------+-----+--------+-------+-----+
|       Name      | BRAM_18K| DSP |   FF   |  LUT  | URAM|
+-----------------+---------+-----+--------+-------+-----+
|DSP              |        -|    -|       -|      -|    -|
|Expression       |        -|    -|       0|   1346|    -|
|FIFO             |        -|    -|       -|      -|    -|
|Instance         |       24|   22|    6105|   9793|    -|
|Memory           |        8|    -|      62|     16|    -|
|Multiplexer      |        -|    -|       0|    944|    -|
|Register         |        -|    -|    1228|      -|    -|
+-----------------+---------+-----+--------+-------+-----+
|Total            |       32|   22|    7395|  12099|    0|
+-----------------+---------+-----+--------+-------+-----+
|Available        |      280|  220|  106400|  53200|    0|
+-----------------+---------+-----+--------+-------+-----+
|Utilization (%)  |       11|   10|       6|     22|    0|
+-----------------+---------+-----+--------+-------+-----+

+ Detail: 
    * Instance: 
    +-------------------------------------------+--------------------------------------+---------+----+------+------+-----+
    |                  Instance                 |                Module                | BRAM_18K| DSP|  FF  |  LUT | URAM|
    +-------------------------------------------+--------------------------------------+---------+----+------+------+-----+
    |control_s_axi_U                            |control_s_axi                         |        0|   0|   258|   424|    0|
    |grp_generate_exp_buffer_fu_705             |generate_exp_buffer                   |        8|   4|  2344|  4384|    0|
    |gmem_m_axi_U                               |gmem_m_axi                            |        8|   0|   871|   949|    0|
    |grp_load_logits_and_find_max_fu_687        |load_logits_and_find_max              |        0|   0|  1017|  1161|    0|
    |mul_31s_16ns_47_1_1_U120                   |mul_31s_16ns_47_1_1                   |        0|   2|     0|    23|    0|
    |grp_normalize_and_store_fu_720             |normalize_and_store                   |        8|  16|  1615|  2423|    0|
    |partset_128ns_128ns_32ns_7ns_128_1_1_U121  |partset_128ns_128ns_32ns_7ns_128_1_1  |        0|   0|     0|   143|    0|
    |partset_128ns_128ns_32ns_7ns_128_1_1_U122  |partset_128ns_128ns_32ns_7ns_128_1_1  |        0|   0|     0|   143|    0|
    |partset_128ns_128ns_32s_7ns_128_1_1_U123   |partset_128ns_128ns_32s_7ns_128_1_1   |        0|   0|     0|   143|    0|
    +-------------------------------------------+--------------------------------------+---------+----+------+------+-----+
    |Total                                      |                                      |       24|  22|  6105|  9793|    0|
    +-------------------------------------------+--------------------------------------+---------+----+------+------+-----+

    * DSP: 
    N/A

    * Memory: 
    +----------------+-----------------------------+---------+----+----+-----+------+-----+------+-------------+
    |     Memory     |            Module           | BRAM_18K| FF | LUT| URAM| Words| Bits| Banks| W*Bits*Banks|
    +----------------+-----------------------------+---------+----+----+-----+------+-----+------+-------------+
    |RECIP_B_Q30_U   |RECIP_B_Q30_ROM_AUTO_1R      |        0|  31|   8|    0|    16|   31|     1|          496|
    |RECIP_M_Q30_U   |RECIP_M_Q30_ROM_AUTO_1R      |        0|  31|   8|    0|    16|   31|     1|          496|
    |logits_buf_U    |logits_buf_RAM_2P_BRAM_1R1W  |        1|   0|   0|    0|    64|   32|     1|         2048|
    |logits_buf_1_U  |logits_buf_RAM_2P_BRAM_1R1W  |        1|   0|   0|    0|    64|   32|     1|         2048|
    |logits_buf_2_U  |logits_buf_RAM_2P_BRAM_1R1W  |        1|   0|   0|    0|    64|   32|     1|         2048|
    |logits_buf_3_U  |logits_buf_RAM_2P_BRAM_1R1W  |        1|   0|   0|    0|    64|   32|     1|         2048|
    |exp_buf_U       |logits_buf_RAM_2P_BRAM_1R1W  |        1|   0|   0|    0|    64|   32|     1|         2048|
    |exp_buf_1_U     |logits_buf_RAM_2P_BRAM_1R1W  |        1|   0|   0|    0|    64|   32|     1|         2048|
    |exp_buf_2_U     |logits_buf_RAM_2P_BRAM_1R1W  |        1|   0|   0|    0|    64|   32|     1|         2048|
    |exp_buf_3_U     |logits_buf_RAM_2P_BRAM_1R1W  |        1|   0|   0|    0|    64|   32|     1|         2048|
    +----------------+-----------------------------+---------+----+----+-----+------+-----+------+-------------+
    |Total           |                             |        8|  62|  16|    0|   544|  318|    10|        17376|
    +----------------+-----------------------------+---------+----+----+-----+------+-----+------+-------------+

    * FIFO: 
    N/A

    * Expression: 
    +-------------------------------------------------+----------+----+---+-----+------------+------------+
    |                  Variable Name                  | Operation| DSP| FF| LUT | Bitwidth P0| Bitwidth P1|
    +-------------------------------------------------+----------+----+---+-----+------------+------------+
    |add_ln108_fu_1128_p2                             |         +|   0|  0|   13|           5|           5|
    |add_ln118_fu_1215_p2                             |         +|   0|  0|   39|          32|          32|
    |add_ln186_1_fu_1401_p2                           |         +|   0|  0|   71|          64|          64|
    |add_ln186_2_fu_1500_p2                           |         +|   0|  0|   71|          64|          64|
    |add_ln186_fu_1316_p2                             |         +|   0|  0|   71|          64|          64|
    |add_ln483_fu_1374_p2                             |         +|   0|  0|   38|          31|           1|
    |add_ln484_fu_1463_p2                             |         +|   0|  0|   38|          31|           2|
    |inv_x_q30_fu_1176_p2                             |         +|   0|  0|   39|          32|          32|
    |sub_ln107_fu_1093_p2                             |         -|   0|  0|   13|           4|           5|
    |sub_ln123_fu_1186_p2                             |         -|   0|  0|   14|           6|           5|
    |ap_block_state32                                 |       and|   0|  0|    2|           1|           1|
    |ap_condition_1033                                |       and|   0|  0|    2|           1|           1|
    |ap_condition_1036                                |       and|   0|  0|    2|           1|           1|
    |ap_condition_1039                                |       and|   0|  0|    2|           1|           1|
    |ap_condition_1042                                |       and|   0|  0|    2|           1|           1|
    |ap_condition_1045                                |       and|   0|  0|    2|           1|           1|
    |ap_condition_1048                                |       and|   0|  0|    2|           1|           1|
    |ap_condition_1051                                |       and|   0|  0|    2|           1|           1|
    |ap_condition_1054                                |       and|   0|  0|    2|           1|           1|
    |ap_condition_1057                                |       and|   0|  0|    2|           1|           1|
    |ap_condition_1060                                |       and|   0|  0|    2|           1|           1|
    |ap_condition_1063                                |       and|   0|  0|    2|           1|           1|
    |ap_condition_1066                                |       and|   0|  0|    2|           1|           1|
    |ap_condition_1069                                |       and|   0|  0|    2|           1|           1|
    |ap_condition_1073                                |       and|   0|  0|    2|           1|           1|
    |ap_condition_1076                                |       and|   0|  0|    2|           1|           1|
    |ap_condition_1079                                |       and|   0|  0|    2|           1|           1|
    |ap_condition_1082                                |       and|   0|  0|    2|           1|           1|
    |ap_condition_1085                                |       and|   0|  0|    2|           1|           1|
    |ap_condition_1088                                |       and|   0|  0|    2|           1|           1|
    |ap_condition_1091                                |       and|   0|  0|    2|           1|           1|
    |ap_condition_1094                                |       and|   0|  0|    2|           1|           1|
    |ap_condition_1097                                |       and|   0|  0|    2|           1|           1|
    |ap_condition_1100                                |       and|   0|  0|    2|           1|           1|
    |ap_condition_1103                                |       and|   0|  0|    2|           1|           1|
    |ap_condition_1106                                |       and|   0|  0|    2|           1|           1|
    |ap_condition_1109                                |       and|   0|  0|    2|           1|           1|
    |ap_condition_1112                                |       and|   0|  0|    2|           1|           1|
    |ap_condition_1115                                |       and|   0|  0|    2|           1|           1|
    |ap_condition_1118                                |       and|   0|  0|    2|           1|           1|
    |ap_condition_1120                                |       and|   0|  0|    2|           1|           1|
    |inv_sum_1_fu_1229_p2                             |      ashr|   0|  0|  100|          32|          32|
    |icmp_ln126_fu_1269_p2                            |      icmp|   0|  0|   23|          16|           1|
    |icmp_ln457_fu_982_p2                             |      icmp|   0|  0|   39|          32|           1|
    |icmp_ln458_fu_988_p2                             |      icmp|   0|  0|   39|          32|           9|
    |icmp_ln477_fu_1032_p2                            |      icmp|   0|  0|   47|          40|           1|
    |icmp_ln95_fu_1063_p2                             |      icmp|   0|  0|   39|          32|           1|
    |lshr_ln108_fu_1138_p2                            |      lshr|   0|  0|  100|          32|          32|
    |ap_block_state18_io                              |        or|   0|  0|    2|           1|           1|
    |ap_sync_grp_generate_exp_buffer_fu_705_ap_ready  |        or|   0|  0|    2|           1|           1|
    |ap_sync_grp_normalize_and_store_fu_720_ap_ready  |        or|   0|  0|    2|           1|           1|
    |inv_sum_3_fu_1251_p3                             |    select|   0|  0|   47|           1|           1|
    |inv_sum_q30_fu_1279_p3                           |    select|   0|  0|   31|           1|           2|
    |select_ln100_fu_1077_p3                          |    select|   0|  0|    2|           1|           2|
    |select_ln435_fu_1471_p3                          |    select|   0|  0|    6|           1|           6|
    |select_ln458_fu_994_p3                           |    select|   0|  0|   10|           1|          10|
    |sum_q16_2_fu_1042_p3                             |    select|   0|  0|   32|           1|           1|
    |shl_ln107_fu_1103_p2                             |       shl|   0|  0|  100|          32|          32|
    |shl_ln123_fu_1196_p2                             |       shl|   0|  0|  149|          48|          48|
    |shl_ln179_3_fu_1448_p2                           |       shl|   0|  0|   35|           4|          16|
    |shl_ln179_4_fu_1550_p2                           |       shl|   0|  0|   35|           4|          16|
    |shl_ln179_fu_1359_p2                             |       shl|   0|  0|   35|           4|          16|
    |xor_ln100_fu_1071_p2                             |       xor|   0|  0|    2|           1|           2|
    +-------------------------------------------------+----------+----+---+-----+------------+------------+
    |Total                                            |          |   0|  0| 1346|         682|         537|
    +-------------------------------------------------+----------+----+---+-----+------------+------------+

    * Multiplexer: 
    +----------------------------+-----+-----------+-----+-----------+
    |            Name            | LUT | Input Size| Bits| Total Bits|
    +----------------------------+-----+-----------+-----+-----------+
    |RECIP_B_Q30_address0_local  |   14|          3|    4|         12|
    |RECIP_M_Q30_address0_local  |   14|          3|    4|         12|
    |ap_NS_fsm                   |  147|         33|    1|         33|
    |exp_buf_1_ce0               |    9|          2|    1|          2|
    |exp_buf_1_ce1               |    9|          2|    1|          2|
    |exp_buf_1_we1               |    9|          2|    1|          2|
    |exp_buf_2_ce0               |    9|          2|    1|          2|
    |exp_buf_2_ce1               |    9|          2|    1|          2|
    |exp_buf_2_we1               |    9|          2|    1|          2|
    |exp_buf_3_ce0               |    9|          2|    1|          2|
    |exp_buf_3_ce1               |    9|          2|    1|          2|
    |exp_buf_3_we1               |    9|          2|    1|          2|
    |exp_buf_ce0                 |    9|          2|    1|          2|
    |exp_buf_ce1                 |    9|          2|    1|          2|
    |exp_buf_we1                 |    9|          2|    1|          2|
    |gmem_0_ARADDR               |   14|          3|   64|        192|
    |gmem_0_ARLEN                |   14|          3|   32|         96|
    |gmem_0_ARVALID              |   14|          3|    1|          3|
    |gmem_0_AWADDR               |   25|          5|   64|        320|
    |gmem_0_AWLEN                |   14|          3|   32|         96|
    |gmem_0_AWVALID              |   14|          3|    1|          3|
    |gmem_0_BREADY               |   14|          3|    1|          3|
    |gmem_0_RREADY               |   14|          3|    1|          3|
    |gmem_0_WDATA                |   25|          5|  128|        640|
    |gmem_0_WSTRB                |   25|          5|   16|         80|
    |gmem_0_WVALID               |   14|          3|    1|          3|
    |gmem_blk_n_AW               |    9|          2|    1|          2|
    |gmem_blk_n_B                |    9|          2|    1|          2|
    |gmem_blk_n_W                |    9|          2|    1|          2|
    |grp_fu_735_p0               |   14|          3|   31|         93|
    |grp_fu_735_p1               |   14|          3|   16|         48|
    |inv_sum_2_reg_535           |    9|          2|   48|         96|
    |inv_sum_q30_1_reg_544       |    9|          2|   31|         62|
    |logits_buf_1_ce0            |    9|          2|    1|          2|
    |logits_buf_1_ce1            |    9|          2|    1|          2|
    |logits_buf_1_we1            |    9|          2|    1|          2|
    |logits_buf_2_ce0            |    9|          2|    1|          2|
    |logits_buf_2_ce1            |    9|          2|    1|          2|
    |logits_buf_2_we1            |    9|          2|    1|          2|
    |logits_buf_3_ce0            |    9|          2|    1|          2|
    |logits_buf_3_ce1            |    9|          2|    1|          2|
    |logits_buf_3_we1            |    9|          2|    1|          2|
    |logits_buf_ce0              |    9|          2|    1|          2|
    |logits_buf_ce1              |    9|          2|    1|          2|
    |logits_buf_we1              |    9|          2|    1|          2|
    |msb_reg_403                 |  142|         32|    5|        160|
    |sum64_fu_308                |    9|          2|   40|         80|
    |word_5_reg_556              |  142|         32|    5|        160|
    +----------------------------+-----+-----------+-----+-----------+
    |Total                       |  944|        208|  553|       2249|
    +----------------------------+-----+-----------+-----+-----------+

    * Register: 
    +-----------------------------------------------------+-----+----+-----+-----------+
    |                         Name                        |  FF | LUT| Bits| Const Bits|
    +-----------------------------------------------------+-----+----+-----+-----------+
    |add_ln484_reg_1872                                   |   31|   0|   31|          0|
    |ap_CS_fsm                                            |   32|   0|   32|          0|
    |ap_sync_reg_grp_generate_exp_buffer_fu_705_ap_done   |    1|   0|    1|          0|
    |ap_sync_reg_grp_generate_exp_buffer_fu_705_ap_ready  |    1|   0|    1|          0|
    |ap_sync_reg_grp_normalize_and_store_fu_720_ap_done   |    1|   0|    1|          0|
    |ap_sync_reg_grp_normalize_and_store_fu_720_ap_ready  |    1|   0|    1|          0|
    |dbg_base_read_reg_1566                               |   32|   0|   32|          0|
    |grp_generate_exp_buffer_fu_705_ap_start_reg          |    1|   0|    1|          0|
    |grp_load_logits_and_find_max_fu_687_ap_start_reg     |    1|   0|    1|          0|
    |grp_normalize_and_store_fu_720_ap_start_reg          |    1|   0|    1|          0|
    |icmp_ln457_reg_1589                                  |    1|   0|    1|          0|
    |icmp_ln95_reg_1663                                   |    1|   0|    1|          0|
    |inv_sum_2_reg_535                                    |   48|   0|   48|          0|
    |inv_sum_q30_1_reg_544                                |   31|   0|   31|          0|
    |line_10_reg_1998                                     |  128|   0|  128|          0|
    |line_9_reg_1867                                      |  128|   0|  128|          0|
    |line_reg_1840                                        |  128|   0|  128|          0|
    |max_x_reg_1610                                       |   32|   0|   32|          0|
    |mem_read_reg_1573                                    |   64|   0|   64|          0|
    |msb_reg_403                                          |    5|   0|    5|          0|
    |reg_966                                              |   31|   0|   31|          0|
    |reg_970                                              |   31|   0|   31|          0|
    |reg_974                                              |   32|   0|   32|          0|
    |select_ln458_reg_1593                                |    9|   0|    9|          0|
    |shl_ln179_3_reg_1862                                 |   16|   0|   16|          0|
    |shl_ln179_4_reg_1993                                 |   16|   0|   16|          0|
    |shl_ln179_reg_1835                                   |   16|   0|   16|          0|
    |sum64_fu_308                                         |   40|   0|   40|          0|
    |sum_q16_2_reg_1616                                   |   32|   0|   32|          0|
    |tmp_1_reg_1813                                       |   28|   0|   28|          0|
    |tmp_2_reg_1818                                       |    2|   0|    2|          0|
    |trunc_ln108_reg_1783                                 |   16|   0|   16|          0|
    |trunc_ln179_1_reg_1981                               |    2|   0|    2|          0|
    |trunc_ln179_reg_1850                                 |    2|   0|    2|          0|
    |trunc_ln186_1_reg_1845                               |   60|   0|   60|          0|
    |trunc_ln186_2_reg_1976                               |   60|   0|   60|          0|
    |trunc_ln3_reg_1605                                   |   28|   0|   28|          0|
    |trunc_ln9_reg_1824                                   |   60|   0|   60|          0|
    |trunc_ln_reg_1600                                    |   28|   0|   28|          0|
    |word_5_reg_556                                       |    5|   0|    5|          0|
    |x_q1_15_reg_1768                                     |   16|   0|   16|          0|
    |zext_ln462_reg_1657                                  |   30|   0|   31|          1|
    +-----------------------------------------------------+-----+----+-----+-----------+
    |Total                                                | 1228|   0| 1229|          1|
    +-----------------------------------------------------+-----+----+-----+-----------+



================================================================
== Interface
================================================================
* Summary: 
+-----------------------+-----+-----+------------+---------------+--------------+
|       RTL Ports       | Dir | Bits|  Protocol  | Source Object |    C Type    |
+-----------------------+-----+-----+------------+---------------+--------------+
|s_axi_control_AWVALID  |   in|    1|       s_axi|        control|        scalar|
|s_axi_control_AWREADY  |  out|    1|       s_axi|        control|        scalar|
|s_axi_control_AWADDR   |   in|    6|       s_axi|        control|        scalar|
|s_axi_control_WVALID   |   in|    1|       s_axi|        control|        scalar|
|s_axi_control_WREADY   |  out|    1|       s_axi|        control|        scalar|
|s_axi_control_WDATA    |   in|   32|       s_axi|        control|        scalar|
|s_axi_control_WSTRB    |   in|    4|       s_axi|        control|        scalar|
|s_axi_control_ARVALID  |   in|    1|       s_axi|        control|        scalar|
|s_axi_control_ARREADY  |  out|    1|       s_axi|        control|        scalar|
|s_axi_control_ARADDR   |   in|    6|       s_axi|        control|        scalar|
|s_axi_control_RVALID   |  out|    1|       s_axi|        control|        scalar|
|s_axi_control_RREADY   |   in|    1|       s_axi|        control|        scalar|
|s_axi_control_RDATA    |  out|   32|       s_axi|        control|        scalar|
|s_axi_control_RRESP    |  out|    2|       s_axi|        control|        scalar|
|s_axi_control_BVALID   |  out|    1|       s_axi|        control|        scalar|
|s_axi_control_BREADY   |   in|    1|       s_axi|        control|        scalar|
|s_axi_control_BRESP    |  out|    2|       s_axi|        control|        scalar|
|ap_clk                 |   in|    1|  ap_ctrl_hs|  softmax_accel|  return value|
|ap_rst_n               |   in|    1|  ap_ctrl_hs|  softmax_accel|  return value|
|interrupt              |  out|    1|  ap_ctrl_hs|  softmax_accel|  return value|
|m_axi_gmem_AWVALID     |  out|    1|       m_axi|           gmem|       pointer|
|m_axi_gmem_AWREADY     |   in|    1|       m_axi|           gmem|       pointer|
|m_axi_gmem_AWADDR      |  out|   64|       m_axi|           gmem|       pointer|
|m_axi_gmem_AWID        |  out|    1|       m_axi|           gmem|       pointer|
|m_axi_gmem_AWLEN       |  out|    8|       m_axi|           gmem|       pointer|
|m_axi_gmem_AWSIZE      |  out|    3|       m_axi|           gmem|       pointer|
|m_axi_gmem_AWBURST     |  out|    2|       m_axi|           gmem|       pointer|
|m_axi_gmem_AWLOCK      |  out|    2|       m_axi|           gmem|       pointer|
|m_axi_gmem_AWCACHE     |  out|    4|       m_axi|           gmem|       pointer|
|m_axi_gmem_AWPROT      |  out|    3|       m_axi|           gmem|       pointer|
|m_axi_gmem_AWQOS       |  out|    4|       m_axi|           gmem|       pointer|
|m_axi_gmem_AWREGION    |  out|    4|       m_axi|           gmem|       pointer|
|m_axi_gmem_AWUSER      |  out|    1|       m_axi|           gmem|       pointer|
|m_axi_gmem_WVALID      |  out|    1|       m_axi|           gmem|       pointer|
|m_axi_gmem_WREADY      |   in|    1|       m_axi|           gmem|       pointer|
|m_axi_gmem_WDATA       |  out|  128|       m_axi|           gmem|       pointer|
|m_axi_gmem_WSTRB       |  out|   16|       m_axi|           gmem|       pointer|
|m_axi_gmem_WLAST       |  out|    1|       m_axi|           gmem|       pointer|
|m_axi_gmem_WID         |  out|    1|       m_axi|           gmem|       pointer|
|m_axi_gmem_WUSER       |  out|    1|       m_axi|           gmem|       pointer|
|m_axi_gmem_ARVALID     |  out|    1|       m_axi|           gmem|       pointer|
|m_axi_gmem_ARREADY     |   in|    1|       m_axi|           gmem|       pointer|
|m_axi_gmem_ARADDR      |  out|   64|       m_axi|           gmem|       pointer|
|m_axi_gmem_ARID        |  out|    1|       m_axi|           gmem|       pointer|
|m_axi_gmem_ARLEN       |  out|    8|       m_axi|           gmem|       pointer|
|m_axi_gmem_ARSIZE      |  out|    3|       m_axi|           gmem|       pointer|
|m_axi_gmem_ARBURST     |  out|    2|       m_axi|           gmem|       pointer|
|m_axi_gmem_ARLOCK      |  out|    2|       m_axi|           gmem|       pointer|
|m_axi_gmem_ARCACHE     |  out|    4|       m_axi|           gmem|       pointer|
|m_axi_gmem_ARPROT      |  out|    3|       m_axi|           gmem|       pointer|
|m_axi_gmem_ARQOS       |  out|    4|       m_axi|           gmem|       pointer|
|m_axi_gmem_ARREGION    |  out|    4|       m_axi|           gmem|       pointer|
|m_axi_gmem_ARUSER      |  out|    1|       m_axi|           gmem|       pointer|
|m_axi_gmem_RVALID      |   in|    1|       m_axi|           gmem|       pointer|
|m_axi_gmem_RREADY      |  out|    1|       m_axi|           gmem|       pointer|
|m_axi_gmem_RDATA       |   in|  128|       m_axi|           gmem|       pointer|
|m_axi_gmem_RLAST       |   in|    1|       m_axi|           gmem|       pointer|
|m_axi_gmem_RID         |   in|    1|       m_axi|           gmem|       pointer|
|m_axi_gmem_RUSER       |   in|    1|       m_axi|           gmem|       pointer|
|m_axi_gmem_RRESP       |   in|    2|       m_axi|           gmem|       pointer|
|m_axi_gmem_BVALID      |   in|    1|       m_axi|           gmem|       pointer|
|m_axi_gmem_BREADY      |  out|    1|       m_axi|           gmem|       pointer|
|m_axi_gmem_BRESP       |   in|    2|       m_axi|           gmem|       pointer|
|m_axi_gmem_BID         |   in|    1|       m_axi|           gmem|       pointer|
|m_axi_gmem_BUSER       |   in|    1|       m_axi|           gmem|       pointer|
+-----------------------+-----+-----+------------+---------------+--------------+

============================================================
+ Verbose Summary: Synthesis Manager
============================================================
InlineROM: 1
ExposeGlobal: 0
============================================================
+ Verbose Summary: CDFG Model
============================================================
IsTopModel: 1
ResetActiveHigh: 1
IsCombinational: 2
IsDatapathOnly: 2
HasWiredReturn: 1
HasMFsm: 0
HasVarLatency: 1
IsPipeline: 0
IsRtlPipelined: 0
IsInstanceOverlapped: 0
IsDontTouch: 0
HasImplIP: 0
IsGatedGlobalClock: 0


============================================================
+ Verbose Summary: Schedule
============================================================
* Number of FSM states : 32
* Pipeline : 0
* Dataflow Pipeline: 0

* FSM state transitions: 
1 --> 2 32 
2 --> 3 
3 --> 4 
4 --> 5 
5 --> 6 
6 --> 14 7 
7 --> 8 11 
8 --> 9 
9 --> 10 
10 --> 14 
11 --> 12 
12 --> 13 
13 --> 14 
14 --> 15 
15 --> 16 
16 --> 17 
17 --> 18 
18 --> 19 
19 --> 20 
20 --> 21 
21 --> 22 
22 --> 23 
23 --> 24 
24 --> 25 
25 --> 26 
26 --> 27 
27 --> 28 
28 --> 29 
29 --> 30 
30 --> 31 
31 --> 32 
32 --> 

* FSM state operations: 

State 1 <SV = 0> <Delay = 8.03>
ST_1 : Operation 33 [1/1] (1.00ns)   --->   "%n_read = read i32 @_ssdm_op_Read.s_axilite.i32, i32 %n" [softmax_accel_hls.cc:444]   --->   Operation 33 'read' 'n_read' <Predicate = true> <Delay = 1.00> <CoreInst = "s_axilite">   --->   Core 112 's_axilite' <Latency = 0> <II = 1> <Delay = 1.00> <Adapter> <Opcode : 'read' 'write'>
ST_1 : Operation 34 [1/1] (1.00ns)   --->   "%dbg_base_read = read i32 @_ssdm_op_Read.s_axilite.i32, i32 %dbg_base" [softmax_accel_hls.cc:444]   --->   Operation 34 'read' 'dbg_base_read' <Predicate = true> <Delay = 1.00> <CoreInst = "s_axilite">   --->   Core 112 's_axilite' <Latency = 0> <II = 1> <Delay = 1.00> <Adapter> <Opcode : 'read' 'write'>
ST_1 : Operation 35 [1/1] (1.00ns)   --->   "%prob_base_read = read i32 @_ssdm_op_Read.s_axilite.i32, i32 %prob_base" [softmax_accel_hls.cc:444]   --->   Operation 35 'read' 'prob_base_read' <Predicate = true> <Delay = 1.00> <CoreInst = "s_axilite">   --->   Core 112 's_axilite' <Latency = 0> <II = 1> <Delay = 1.00> <Adapter> <Opcode : 'read' 'write'>
ST_1 : Operation 36 [1/1] (1.00ns)   --->   "%input_base_read = read i32 @_ssdm_op_Read.s_axilite.i32, i32 %input_base" [softmax_accel_hls.cc:444]   --->   Operation 36 'read' 'input_base_read' <Predicate = true> <Delay = 1.00> <CoreInst = "s_axilite">   --->   Core 112 's_axilite' <Latency = 0> <II = 1> <Delay = 1.00> <Adapter> <Opcode : 'read' 'write'>
ST_1 : Operation 37 [1/1] (1.00ns)   --->   "%mem_read = read i64 @_ssdm_op_Read.s_axilite.i64, i64 %mem" [softmax_accel_hls.cc:444]   --->   Operation 37 'read' 'mem_read' <Predicate = true> <Delay = 1.00> <CoreInst = "s_axilite">   --->   Core 112 's_axilite' <Latency = 0> <II = 1> <Delay = 1.00> <Adapter> <Opcode : 'read' 'write'>
ST_1 : Operation 38 [1/1] (0.00ns)   --->   "%trunc_ln444 = trunc i32 %n_read" [softmax_accel_hls.cc:444]   --->   Operation 38 'trunc' 'trunc_ln444' <Predicate = true> <Delay = 0.00>
ST_1 : Operation 39 [1/1] (0.00ns)   --->   "%spectopmodule_ln444 = spectopmodule void @_ssdm_op_SpecTopModule, void @empty_12" [softmax_accel_hls.cc:444]   --->   Operation 39 'spectopmodule' 'spectopmodule_ln444' <Predicate = true> <Delay = 0.00>
ST_1 : Operation 40 [1/1] (0.00ns)   --->   "%specinterface_ln0 = specinterface void @_ssdm_op_SpecInterface, i128 %gmem, void @empty_0, i32 0, i32 0, void @empty_1, i32 0, i32 4096, void @empty_2, void @empty_3, void @empty_1, i32 16, i32 16, i32 16, i32 16, void @empty_1, void @empty_1, i32 4294967295, i32 0, i32 0"   --->   Operation 40 'specinterface' 'specinterface_ln0' <Predicate = true> <Delay = 0.00>
ST_1 : Operation 41 [1/1] (0.00ns)   --->   "%specbitsmap_ln0 = specbitsmap void @_ssdm_op_SpecBitsMap, i128 %gmem"   --->   Operation 41 'specbitsmap' 'specbitsmap_ln0' <Predicate = true> <Delay = 0.00>
ST_1 : Operation 42 [1/1] (0.00ns)   --->   "%specinterface_ln0 = specinterface void @_ssdm_op_SpecInterface, i64 %mem, void @empty_4, i32 4294967295, i32 4294967295, void @empty_5, i32 0, i32 0, void @empty_13, void @empty_6, void @empty_1, i32 0, i32 0, i32 0, i32 0, void @empty_1, void @empty_14, i32 4294967295, i32 0, i32 0"   --->   Operation 42 'specinterface' 'specinterface_ln0' <Predicate = true> <Delay = 0.00>
ST_1 : Operation 43 [1/1] (0.00ns)   --->   "%specinterface_ln0 = specinterface void @_ssdm_op_SpecInterface, i64 %mem, void @empty_11, i32 4294967295, i32 4294967295, void @empty_1, i32 0, i32 0, void @empty_1, void @empty_1, void @empty_1, i32 0, i32 0, i32 0, i32 0, void @empty_1, void @empty_14, i32 4294967295, i32 0, i32 0"   --->   Operation 43 'specinterface' 'specinterface_ln0' <Predicate = true> <Delay = 0.00>
ST_1 : Operation 44 [1/1] (0.00ns)   --->   "%specbitsmap_ln0 = specbitsmap void @_ssdm_op_SpecBitsMap, i32 %input_base"   --->   Operation 44 'specbitsmap' 'specbitsmap_ln0' <Predicate = true> <Delay = 0.00>
ST_1 : Operation 45 [1/1] (0.00ns)   --->   "%specinterface_ln0 = specinterface void @_ssdm_op_SpecInterface, i32 %input_base, void @empty_4, i32 4294967295, i32 4294967295, void @empty_5, i32 0, i32 0, void @empty_13, void @empty_7, void @empty_1, i32 0, i32 0, i32 0, i32 0, void @empty_1, void @empty_1, i32 4294967295, i32 0, i32 0"   --->   Operation 45 'specinterface' 'specinterface_ln0' <Predicate = true> <Delay = 0.00>
ST_1 : Operation 46 [1/1] (0.00ns)   --->   "%specinterface_ln0 = specinterface void @_ssdm_op_SpecInterface, i32 %input_base, void @empty_11, i32 4294967295, i32 4294967295, void @empty_1, i32 0, i32 0, void @empty_1, void @empty_1, void @empty_1, i32 0, i32 0, i32 0, i32 0, void @empty_1, void @empty_1, i32 4294967295, i32 0, i32 0"   --->   Operation 46 'specinterface' 'specinterface_ln0' <Predicate = true> <Delay = 0.00>
ST_1 : Operation 47 [1/1] (0.00ns)   --->   "%specbitsmap_ln0 = specbitsmap void @_ssdm_op_SpecBitsMap, i32 %prob_base"   --->   Operation 47 'specbitsmap' 'specbitsmap_ln0' <Predicate = true> <Delay = 0.00>
ST_1 : Operation 48 [1/1] (0.00ns)   --->   "%specinterface_ln0 = specinterface void @_ssdm_op_SpecInterface, i32 %prob_base, void @empty_4, i32 4294967295, i32 4294967295, void @empty_5, i32 0, i32 0, void @empty_13, void @empty_8, void @empty_1, i32 0, i32 0, i32 0, i32 0, void @empty_1, void @empty_1, i32 4294967295, i32 0, i32 0"   --->   Operation 48 'specinterface' 'specinterface_ln0' <Predicate = true> <Delay = 0.00>
ST_1 : Operation 49 [1/1] (0.00ns)   --->   "%specinterface_ln0 = specinterface void @_ssdm_op_SpecInterface, i32 %prob_base, void @empty_11, i32 4294967295, i32 4294967295, void @empty_1, i32 0, i32 0, void @empty_1, void @empty_1, void @empty_1, i32 0, i32 0, i32 0, i32 0, void @empty_1, void @empty_1, i32 4294967295, i32 0, i32 0"   --->   Operation 49 'specinterface' 'specinterface_ln0' <Predicate = true> <Delay = 0.00>
ST_1 : Operation 50 [1/1] (0.00ns)   --->   "%specbitsmap_ln0 = specbitsmap void @_ssdm_op_SpecBitsMap, i32 %dbg_base"   --->   Operation 50 'specbitsmap' 'specbitsmap_ln0' <Predicate = true> <Delay = 0.00>
ST_1 : Operation 51 [1/1] (0.00ns)   --->   "%specinterface_ln0 = specinterface void @_ssdm_op_SpecInterface, i32 %dbg_base, void @empty_4, i32 4294967295, i32 4294967295, void @empty_5, i32 0, i32 0, void @empty_13, void @empty_9, void @empty_1, i32 0, i32 0, i32 0, i32 0, void @empty_1, void @empty_1, i32 4294967295, i32 0, i32 0"   --->   Operation 51 'specinterface' 'specinterface_ln0' <Predicate = true> <Delay = 0.00>
ST_1 : Operation 52 [1/1] (0.00ns)   --->   "%specinterface_ln0 = specinterface void @_ssdm_op_SpecInterface, i32 %dbg_base, void @empty_11, i32 4294967295, i32 4294967295, void @empty_1, i32 0, i32 0, void @empty_1, void @empty_1, void @empty_1, i32 0, i32 0, i32 0, i32 0, void @empty_1, void @empty_1, i32 4294967295, i32 0, i32 0"   --->   Operation 52 'specinterface' 'specinterface_ln0' <Predicate = true> <Delay = 0.00>
ST_1 : Operation 53 [1/1] (0.00ns)   --->   "%specbitsmap_ln0 = specbitsmap void @_ssdm_op_SpecBitsMap, i32 %n"   --->   Operation 53 'specbitsmap' 'specbitsmap_ln0' <Predicate = true> <Delay = 0.00>
ST_1 : Operation 54 [1/1] (0.00ns)   --->   "%specinterface_ln0 = specinterface void @_ssdm_op_SpecInterface, i32 %n, void @empty_4, i32 4294967295, i32 4294967295, void @empty_5, i32 0, i32 0, void @empty_13, void @empty_10, void @empty_1, i32 0, i32 0, i32 0, i32 0, void @empty_1, void @empty_1, i32 4294967295, i32 0, i32 0"   --->   Operation 54 'specinterface' 'specinterface_ln0' <Predicate = true> <Delay = 0.00>
ST_1 : Operation 55 [1/1] (0.00ns)   --->   "%specinterface_ln0 = specinterface void @_ssdm_op_SpecInterface, i32 %n, void @empty_11, i32 4294967295, i32 4294967295, void @empty_1, i32 0, i32 0, void @empty_1, void @empty_1, void @empty_1, i32 0, i32 0, i32 0, i32 0, void @empty_1, void @empty_1, i32 4294967295, i32 0, i32 0"   --->   Operation 55 'specinterface' 'specinterface_ln0' <Predicate = true> <Delay = 0.00>
ST_1 : Operation 56 [1/1] (0.00ns)   --->   "%specinterface_ln0 = specinterface void @_ssdm_op_SpecInterface, i32 0, void @empty_4, i32 0, i32 0, void @empty_1, i32 0, i32 0, void @empty_13, void @empty_1, void @empty_1, i32 0, i32 0, i32 0, i32 0, void @empty_1, void @empty_1, i32 4294967295, i32 0, i32 0"   --->   Operation 56 'specinterface' 'specinterface_ln0' <Predicate = true> <Delay = 0.00>
ST_1 : Operation 57 [1/1] (3.25ns)   --->   "%logits_buf = alloca i64 1" [softmax_accel_hls.cc:464]   --->   Operation 57 'alloca' 'logits_buf' <Predicate = true> <Delay = 3.25> <CoreInst = "RAM_2P_BRAM">   --->   Core 90 'RAM_2P_BRAM' <Latency = 1> <II = 1> <Delay = 3.25> <Storage> <Opcode : 'load' 'store'> <Ports = 2> <Width = 32> <Depth = 64> <RAM>
ST_1 : Operation 58 [1/1] (3.25ns)   --->   "%logits_buf_1 = alloca i64 1" [softmax_accel_hls.cc:464]   --->   Operation 58 'alloca' 'logits_buf_1' <Predicate = true> <Delay = 3.25> <CoreInst = "RAM_2P_BRAM">   --->   Core 90 'RAM_2P_BRAM' <Latency = 1> <II = 1> <Delay = 3.25> <Storage> <Opcode : 'load' 'store'> <Ports = 2> <Width = 32> <Depth = 64> <RAM>
ST_1 : Operation 59 [1/1] (3.25ns)   --->   "%logits_buf_2 = alloca i64 1" [softmax_accel_hls.cc:464]   --->   Operation 59 'alloca' 'logits_buf_2' <Predicate = true> <Delay = 3.25> <CoreInst = "RAM_2P_BRAM">   --->   Core 90 'RAM_2P_BRAM' <Latency = 1> <II = 1> <Delay = 3.25> <Storage> <Opcode : 'load' 'store'> <Ports = 2> <Width = 32> <Depth = 64> <RAM>
ST_1 : Operation 60 [1/1] (3.25ns)   --->   "%logits_buf_3 = alloca i64 1" [softmax_accel_hls.cc:464]   --->   Operation 60 'alloca' 'logits_buf_3' <Predicate = true> <Delay = 3.25> <CoreInst = "RAM_2P_BRAM">   --->   Core 90 'RAM_2P_BRAM' <Latency = 1> <II = 1> <Delay = 3.25> <Storage> <Opcode : 'load' 'store'> <Ports = 2> <Width = 32> <Depth = 64> <RAM>
ST_1 : Operation 61 [1/1] (3.25ns)   --->   "%exp_buf = alloca i64 1" [softmax_accel_hls.cc:465]   --->   Operation 61 'alloca' 'exp_buf' <Predicate = true> <Delay = 3.25> <CoreInst = "RAM_2P_BRAM">   --->   Core 90 'RAM_2P_BRAM' <Latency = 1> <II = 1> <Delay = 3.25> <Storage> <Opcode : 'load' 'store'> <Ports = 2> <Width = 32> <Depth = 64> <RAM>
ST_1 : Operation 62 [1/1] (3.25ns)   --->   "%exp_buf_1 = alloca i64 1" [softmax_accel_hls.cc:465]   --->   Operation 62 'alloca' 'exp_buf_1' <Predicate = true> <Delay = 3.25> <CoreInst = "RAM_2P_BRAM">   --->   Core 90 'RAM_2P_BRAM' <Latency = 1> <II = 1> <Delay = 3.25> <Storage> <Opcode : 'load' 'store'> <Ports = 2> <Width = 32> <Depth = 64> <RAM>
ST_1 : Operation 63 [1/1] (3.25ns)   --->   "%exp_buf_2 = alloca i64 1" [softmax_accel_hls.cc:465]   --->   Operation 63 'alloca' 'exp_buf_2' <Predicate = true> <Delay = 3.25> <CoreInst = "RAM_2P_BRAM">   --->   Core 90 'RAM_2P_BRAM' <Latency = 1> <II = 1> <Delay = 3.25> <Storage> <Opcode : 'load' 'store'> <Ports = 2> <Width = 32> <Depth = 64> <RAM>
ST_1 : Operation 64 [1/1] (3.25ns)   --->   "%exp_buf_3 = alloca i64 1" [softmax_accel_hls.cc:465]   --->   Operation 64 'alloca' 'exp_buf_3' <Predicate = true> <Delay = 3.25> <CoreInst = "RAM_2P_BRAM">   --->   Core 90 'RAM_2P_BRAM' <Latency = 1> <II = 1> <Delay = 3.25> <Storage> <Opcode : 'load' 'store'> <Ports = 2> <Width = 32> <Depth = 64> <RAM>
ST_1 : Operation 65 [1/1] (0.00ns)   --->   "%sum64 = alloca i64 1" [softmax_accel_hls.cc:472]   --->   Operation 65 'alloca' 'sum64' <Predicate = true> <Delay = 0.00>
ST_1 : Operation 66 [1/1] (2.55ns)   --->   "%icmp_ln457 = icmp_eq  i32 %n_read, i32 0" [softmax_accel_hls.cc:457]   --->   Operation 66 'icmp' 'icmp_ln457' <Predicate = true> <Delay = 2.55> <CoreInst = "Cmp">   --->   Core 9 'Cmp' <Latency = 0> <II = 1> <Delay = 2.55> <FuncUnit> <Opcode : 'seteq' 'setne' 'setle' 'setge' 'setlt' 'setgt'> <InPorts = 2> <OutPorts = 1>
ST_1 : Operation 67 [1/1] (0.00ns)   --->   "%br_ln457 = br i1 %icmp_ln457, void %if.end, void %return" [softmax_accel_hls.cc:457]   --->   Operation 67 'br' 'br_ln457' <Predicate = true> <Delay = 0.00>
ST_1 : Operation 68 [1/1] (2.55ns)   --->   "%icmp_ln458 = icmp_ugt  i32 %n_read, i32 256" [softmax_accel_hls.cc:458]   --->   Operation 68 'icmp' 'icmp_ln458' <Predicate = (!icmp_ln457)> <Delay = 2.55> <CoreInst = "Cmp">   --->   Core 9 'Cmp' <Latency = 0> <II = 1> <Delay = 2.55> <FuncUnit> <Opcode : 'seteq' 'setne' 'setle' 'setge' 'setlt' 'setgt'> <InPorts = 2> <OutPorts = 1>
ST_1 : Operation 69 [1/1] (0.96ns)   --->   "%select_ln458 = select i1 %icmp_ln458, i9 256, i9 %trunc_ln444" [softmax_accel_hls.cc:458]   --->   Operation 69 'select' 'select_ln458' <Predicate = (!icmp_ln457)> <Delay = 0.96> <CoreInst = "Sel">   --->   Core 73 'Sel' <Latency = 0> <II = 1> <Delay = 0.68> <FuncUnit> <Opcode : 'select'> <InPorts = 3> <OutPorts = 1>
ST_1 : Operation 70 [1/1] (0.00ns)   --->   "%trunc_ln = partselect i28 @_ssdm_op_PartSelect.i28.i32.i32.i32, i32 %input_base_read, i32 4, i32 31" [softmax_accel_hls.cc:460]   --->   Operation 70 'partselect' 'trunc_ln' <Predicate = (!icmp_ln457)> <Delay = 0.00>
ST_1 : Operation 71 [1/1] (0.00ns)   --->   "%trunc_ln3 = partselect i28 @_ssdm_op_PartSelect.i28.i32.i32.i32, i32 %prob_base_read, i32 4, i32 31" [softmax_accel_hls.cc:461]   --->   Operation 71 'partselect' 'trunc_ln3' <Predicate = (!icmp_ln457)> <Delay = 0.00>
ST_1 : Operation 72 [1/1] (0.00ns)   --->   "%store_ln472 = store i40 0, i40 %sum64" [softmax_accel_hls.cc:472]   --->   Operation 72 'store' 'store_ln472' <Predicate = (!icmp_ln457)> <Delay = 0.00>
ST_1 : Operation 73 [2/2] (3.52ns)   --->   "%max_x = call i32 @load_logits_and_find_max, i128 %gmem, i64 %mem_read, i28 %trunc_ln, i9 %select_ln458, i32 %logits_buf, i32 %logits_buf_1, i32 %logits_buf_2, i32 %logits_buf_3" [softmax_accel_hls.cc:474]   --->   Operation 73 'call' 'max_x' <Predicate = (!icmp_ln457)> <Delay = 3.52> <CoreType = "Generic">   --->   Generic Core

State 2 <SV = 1> <Delay = 0.00>
ST_2 : Operation 74 [1/2] (0.00ns)   --->   "%max_x = call i32 @load_logits_and_find_max, i128 %gmem, i64 %mem_read, i28 %trunc_ln, i9 %select_ln458, i32 %logits_buf, i32 %logits_buf_1, i32 %logits_buf_2, i32 %logits_buf_3" [softmax_accel_hls.cc:474]   --->   Operation 74 'call' 'max_x' <Predicate = true> <Delay = 0.00> <CoreType = "Generic">   --->   Generic Core

State 3 <SV = 2> <Delay = 5.28>
ST_3 : Operation 75 [2/2] (5.28ns)   --->   "%call_ln475 = call void @generate_exp_buffer, i32 %logits_buf, i32 %logits_buf_1, i32 %logits_buf_2, i32 %logits_buf_3, i9 %select_ln458, i32 %max_x, i32 %exp_buf, i32 %exp_buf_1, i32 %exp_buf_2, i32 %exp_buf_3, i40 %sum64" [softmax_accel_hls.cc:475]   --->   Operation 75 'call' 'call_ln475' <Predicate = true> <Delay = 5.28> <CoreType = "Generic">   --->   Generic Core

State 4 <SV = 3> <Delay = 0.00>
ST_4 : Operation 76 [1/2] (0.00ns)   --->   "%call_ln475 = call void @generate_exp_buffer, i32 %logits_buf, i32 %logits_buf_1, i32 %logits_buf_2, i32 %logits_buf_3, i9 %select_ln458, i32 %max_x, i32 %exp_buf, i32 %exp_buf_1, i32 %exp_buf_2, i32 %exp_buf_3, i40 %sum64" [softmax_accel_hls.cc:475]   --->   Operation 76 'call' 'call_ln475' <Predicate = true> <Delay = 0.00> <CoreType = "Generic">   --->   Generic Core

State 5 <SV = 4> <Delay = 3.57>
ST_5 : Operation 77 [1/1] (0.00ns)   --->   "%sum64_load = load i40 %sum64" [softmax_accel_hls.cc:477]   --->   Operation 77 'load' 'sum64_load' <Predicate = true> <Delay = 0.00>
ST_5 : Operation 78 [1/1] (2.87ns)   --->   "%icmp_ln477 = icmp_eq  i40 %sum64_load, i40 0" [softmax_accel_hls.cc:477]   --->   Operation 78 'icmp' 'icmp_ln477' <Predicate = true> <Delay = 2.87> <CoreInst = "Cmp">   --->   Core 9 'Cmp' <Latency = 0> <II = 1> <Delay = 2.87> <FuncUnit> <Opcode : 'seteq' 'setne' 'setle' 'setge' 'setlt' 'setgt'> <InPorts = 2> <OutPorts = 1>
ST_5 : Operation 79 [1/1] (0.00ns)   --->   "%sum_q16 = trunc i40 %sum64_load" [softmax_accel_hls.cc:477]   --->   Operation 79 'trunc' 'sum_q16' <Predicate = true> <Delay = 0.00>
ST_5 : Operation 80 [1/1] (0.69ns)   --->   "%sum_q16_2 = select i1 %icmp_ln477, i32 1, i32 %sum_q16" [softmax_accel_hls.cc:477]   --->   Operation 80 'select' 'sum_q16_2' <Predicate = true> <Delay = 0.69> <CoreInst = "Sel">   --->   Core 73 'Sel' <Latency = 0> <II = 1> <Delay = 0.69> <FuncUnit> <Opcode : 'select'> <InPorts = 3> <OutPorts = 1>

State 6 <SV = 5> <Delay = 5.75>
ST_6 : Operation 81 [1/1] (0.00ns)   --->   "%tmp_s = partselect i30 @_ssdm_op_PartSelect.i30.i32.i32.i32, i32 %dbg_base_read, i32 2, i32 31" [softmax_accel_hls.cc:462]   --->   Operation 81 'partselect' 'tmp_s' <Predicate = true> <Delay = 0.00>
ST_6 : Operation 82 [1/1] (0.00ns)   --->   "%zext_ln462 = zext i30 %tmp_s" [softmax_accel_hls.cc:462]   --->   Operation 82 'zext' 'zext_ln462' <Predicate = true> <Delay = 0.00>
ST_6 : Operation 83 [1/1] (0.00ns)   --->   "%specmemcore_ln468 = specmemcore void @_ssdm_op_SpecMemCore, i32 %logits_buf_3, i64 666, i64 22, i64 18446744073709551615" [softmax_accel_hls.cc:468]   --->   Operation 83 'specmemcore' 'specmemcore_ln468' <Predicate = true> <Delay = 0.00>
ST_6 : Operation 84 [1/1] (0.00ns)   --->   "%specmemcore_ln468 = specmemcore void @_ssdm_op_SpecMemCore, i32 %logits_buf_2, i64 666, i64 22, i64 18446744073709551615" [softmax_accel_hls.cc:468]   --->   Operation 84 'specmemcore' 'specmemcore_ln468' <Predicate = true> <Delay = 0.00>
ST_6 : Operation 85 [1/1] (0.00ns)   --->   "%specmemcore_ln468 = specmemcore void @_ssdm_op_SpecMemCore, i32 %logits_buf_1, i64 666, i64 22, i64 18446744073709551615" [softmax_accel_hls.cc:468]   --->   Operation 85 'specmemcore' 'specmemcore_ln468' <Predicate = true> <Delay = 0.00>
ST_6 : Operation 86 [1/1] (0.00ns)   --->   "%specmemcore_ln468 = specmemcore void @_ssdm_op_SpecMemCore, i32 %logits_buf, i64 666, i64 22, i64 18446744073709551615" [softmax_accel_hls.cc:468]   --->   Operation 86 'specmemcore' 'specmemcore_ln468' <Predicate = true> <Delay = 0.00>
ST_6 : Operation 87 [1/1] (0.00ns)   --->   "%specmemcore_ln469 = specmemcore void @_ssdm_op_SpecMemCore, i32 %exp_buf_3, i64 666, i64 22, i64 18446744073709551615" [softmax_accel_hls.cc:469]   --->   Operation 87 'specmemcore' 'specmemcore_ln469' <Predicate = true> <Delay = 0.00>
ST_6 : Operation 88 [1/1] (0.00ns)   --->   "%specmemcore_ln469 = specmemcore void @_ssdm_op_SpecMemCore, i32 %exp_buf_2, i64 666, i64 22, i64 18446744073709551615" [softmax_accel_hls.cc:469]   --->   Operation 88 'specmemcore' 'specmemcore_ln469' <Predicate = true> <Delay = 0.00>
ST_6 : Operation 89 [1/1] (0.00ns)   --->   "%specmemcore_ln469 = specmemcore void @_ssdm_op_SpecMemCore, i32 %exp_buf_1, i64 666, i64 22, i64 18446744073709551615" [softmax_accel_hls.cc:469]   --->   Operation 89 'specmemcore' 'specmemcore_ln469' <Predicate = true> <Delay = 0.00>
ST_6 : Operation 90 [1/1] (0.00ns)   --->   "%specmemcore_ln469 = specmemcore void @_ssdm_op_SpecMemCore, i32 %exp_buf, i64 666, i64 22, i64 18446744073709551615" [softmax_accel_hls.cc:469]   --->   Operation 90 'specmemcore' 'specmemcore_ln469' <Predicate = true> <Delay = 0.00>
ST_6 : Operation 91 [1/1] (2.55ns)   --->   "%icmp_ln95 = icmp_eq  i32 %sum_q16_2, i32 0" [softmax_accel_hls.cc:95->softmax_accel_hls.cc:478]   --->   Operation 91 'icmp' 'icmp_ln95' <Predicate = true> <Delay = 2.55> <CoreInst = "Cmp">   --->   Core 9 'Cmp' <Latency = 0> <II = 1> <Delay = 2.55> <FuncUnit> <Opcode : 'seteq' 'setne' 'setle' 'setge' 'setlt' 'setgt'> <InPorts = 2> <OutPorts = 1>
ST_6 : Operation 92 [1/1] (1.58ns)   --->   "%br_ln95 = br i1 %icmp_ln95, void %for.body.i105, void %_ZL15recip_sum_q2_307ap_uintILi32EE.exit" [softmax_accel_hls.cc:95->softmax_accel_hls.cc:478]   --->   Operation 92 'br' 'br_ln95' <Predicate = true> <Delay = 1.58>
ST_6 : Operation 93 [1/1] (0.00ns)   --->   "%tmp = bitselect i1 @_ssdm_op_BitSelect.i1.i32.i32, i32 %sum_q16_2, i32 31" [softmax_accel_hls.cc:100->softmax_accel_hls.cc:478]   --->   Operation 93 'bitselect' 'tmp' <Predicate = (!icmp_ln95)> <Delay = 0.00>
ST_6 : Operation 94 [1/1] (3.20ns)   --->   "%br_ln100 = br i1 %tmp, void %if.end3.i, void %cleanup.i" [softmax_accel_hls.cc:100->softmax_accel_hls.cc:478]   --->   Operation 94 'br' 'br_ln100' <Predicate = (!icmp_ln95)> <Delay = 3.20>
ST_6 : Operation 95 [1/1] (0.00ns)   --->   "%tmp_4 = bitselect i1 @_ssdm_op_BitSelect.i1.i32.i32, i32 %sum_q16_2, i32 30" [softmax_accel_hls.cc:100->softmax_accel_hls.cc:478]   --->   Operation 95 'bitselect' 'tmp_4' <Predicate = (!icmp_ln95 & !tmp)> <Delay = 0.00>
ST_6 : Operation 96 [1/1] (3.20ns)   --->   "%br_ln100 = br i1 %tmp_4, void %if.end3.i.1, void %cleanup.i" [softmax_accel_hls.cc:100->softmax_accel_hls.cc:478]   --->   Operation 96 'br' 'br_ln100' <Predicate = (!icmp_ln95 & !tmp)> <Delay = 3.20>
ST_6 : Operation 97 [1/1] (0.00ns)   --->   "%tmp_5 = bitselect i1 @_ssdm_op_BitSelect.i1.i32.i32, i32 %sum_q16_2, i32 29" [softmax_accel_hls.cc:100->softmax_accel_hls.cc:478]   --->   Operation 97 'bitselect' 'tmp_5' <Predicate = (!icmp_ln95 & !tmp & !tmp_4)> <Delay = 0.00>
ST_6 : Operation 98 [1/1] (3.20ns)   --->   "%br_ln100 = br i1 %tmp_5, void %if.end3.i.2, void %cleanup.i" [softmax_accel_hls.cc:100->softmax_accel_hls.cc:478]   --->   Operation 98 'br' 'br_ln100' <Predicate = (!icmp_ln95 & !tmp & !tmp_4)> <Delay = 3.20>
ST_6 : Operation 99 [1/1] (0.00ns)   --->   "%tmp_6 = bitselect i1 @_ssdm_op_BitSelect.i1.i32.i32, i32 %sum_q16_2, i32 28" [softmax_accel_hls.cc:100->softmax_accel_hls.cc:478]   --->   Operation 99 'bitselect' 'tmp_6' <Predicate = (!icmp_ln95 & !tmp & !tmp_4 & !tmp_5)> <Delay = 0.00>
ST_6 : Operation 100 [1/1] (3.20ns)   --->   "%br_ln100 = br i1 %tmp_6, void %if.end3.i.3, void %cleanup.i" [softmax_accel_hls.cc:100->softmax_accel_hls.cc:478]   --->   Operation 100 'br' 'br_ln100' <Predicate = (!icmp_ln95 & !tmp & !tmp_4 & !tmp_5)> <Delay = 3.20>
ST_6 : Operation 101 [1/1] (0.00ns)   --->   "%tmp_7 = bitselect i1 @_ssdm_op_BitSelect.i1.i32.i32, i32 %sum_q16_2, i32 27" [softmax_accel_hls.cc:100->softmax_accel_hls.cc:478]   --->   Operation 101 'bitselect' 'tmp_7' <Predicate = (!icmp_ln95 & !tmp & !tmp_4 & !tmp_5 & !tmp_6)> <Delay = 0.00>
ST_6 : Operation 102 [1/1] (3.20ns)   --->   "%br_ln100 = br i1 %tmp_7, void %if.end3.i.4, void %cleanup.i" [softmax_accel_hls.cc:100->softmax_accel_hls.cc:478]   --->   Operation 102 'br' 'br_ln100' <Predicate = (!icmp_ln95 & !tmp & !tmp_4 & !tmp_5 & !tmp_6)> <Delay = 3.20>
ST_6 : Operation 103 [1/1] (0.00ns)   --->   "%tmp_8 = bitselect i1 @_ssdm_op_BitSelect.i1.i32.i32, i32 %sum_q16_2, i32 26" [softmax_accel_hls.cc:100->softmax_accel_hls.cc:478]   --->   Operation 103 'bitselect' 'tmp_8' <Predicate = (!icmp_ln95 & !tmp & !tmp_4 & !tmp_5 & !tmp_6 & !tmp_7)> <Delay = 0.00>
ST_6 : Operation 104 [1/1] (3.20ns)   --->   "%br_ln100 = br i1 %tmp_8, void %if.end3.i.5, void %cleanup.i" [softmax_accel_hls.cc:100->softmax_accel_hls.cc:478]   --->   Operation 104 'br' 'br_ln100' <Predicate = (!icmp_ln95 & !tmp & !tmp_4 & !tmp_5 & !tmp_6 & !tmp_7)> <Delay = 3.20>
ST_6 : Operation 105 [1/1] (0.00ns)   --->   "%tmp_9 = bitselect i1 @_ssdm_op_BitSelect.i1.i32.i32, i32 %sum_q16_2, i32 25" [softmax_accel_hls.cc:100->softmax_accel_hls.cc:478]   --->   Operation 105 'bitselect' 'tmp_9' <Predicate = (!icmp_ln95 & !tmp & !tmp_4 & !tmp_5 & !tmp_6 & !tmp_7 & !tmp_8)> <Delay = 0.00>
ST_6 : Operation 106 [1/1] (3.20ns)   --->   "%br_ln100 = br i1 %tmp_9, void %if.end3.i.6, void %cleanup.i" [softmax_accel_hls.cc:100->softmax_accel_hls.cc:478]   --->   Operation 106 'br' 'br_ln100' <Predicate = (!icmp_ln95 & !tmp & !tmp_4 & !tmp_5 & !tmp_6 & !tmp_7 & !tmp_8)> <Delay = 3.20>
ST_6 : Operation 107 [1/1] (0.00ns)   --->   "%tmp_10 = bitselect i1 @_ssdm_op_BitSelect.i1.i32.i32, i32 %sum_q16_2, i32 24" [softmax_accel_hls.cc:100->softmax_accel_hls.cc:478]   --->   Operation 107 'bitselect' 'tmp_10' <Predicate = (!icmp_ln95 & !tmp & !tmp_4 & !tmp_5 & !tmp_6 & !tmp_7 & !tmp_8 & !tmp_9)> <Delay = 0.00>
ST_6 : Operation 108 [1/1] (3.20ns)   --->   "%br_ln100 = br i1 %tmp_10, void %if.end3.i.7, void %cleanup.i" [softmax_accel_hls.cc:100->softmax_accel_hls.cc:478]   --->   Operation 108 'br' 'br_ln100' <Predicate = (!icmp_ln95 & !tmp & !tmp_4 & !tmp_5 & !tmp_6 & !tmp_7 & !tmp_8 & !tmp_9)> <Delay = 3.20>
ST_6 : Operation 109 [1/1] (0.00ns)   --->   "%tmp_11 = bitselect i1 @_ssdm_op_BitSelect.i1.i32.i32, i32 %sum_q16_2, i32 23" [softmax_accel_hls.cc:100->softmax_accel_hls.cc:478]   --->   Operation 109 'bitselect' 'tmp_11' <Predicate = (!icmp_ln95 & !tmp & !tmp_4 & !tmp_5 & !tmp_6 & !tmp_7 & !tmp_8 & !tmp_9 & !tmp_10)> <Delay = 0.00>
ST_6 : Operation 110 [1/1] (3.20ns)   --->   "%br_ln100 = br i1 %tmp_11, void %if.end3.i.8, void %cleanup.i" [softmax_accel_hls.cc:100->softmax_accel_hls.cc:478]   --->   Operation 110 'br' 'br_ln100' <Predicate = (!icmp_ln95 & !tmp & !tmp_4 & !tmp_5 & !tmp_6 & !tmp_7 & !tmp_8 & !tmp_9 & !tmp_10)> <Delay = 3.20>
ST_6 : Operation 111 [1/1] (0.00ns)   --->   "%tmp_12 = bitselect i1 @_ssdm_op_BitSelect.i1.i32.i32, i32 %sum_q16_2, i32 22" [softmax_accel_hls.cc:100->softmax_accel_hls.cc:478]   --->   Operation 111 'bitselect' 'tmp_12' <Predicate = (!icmp_ln95 & !tmp & !tmp_4 & !tmp_5 & !tmp_6 & !tmp_7 & !tmp_8 & !tmp_9 & !tmp_10 & !tmp_11)> <Delay = 0.00>
ST_6 : Operation 112 [1/1] (3.20ns)   --->   "%br_ln100 = br i1 %tmp_12, void %if.end3.i.9, void %cleanup.i" [softmax_accel_hls.cc:100->softmax_accel_hls.cc:478]   --->   Operation 112 'br' 'br_ln100' <Predicate = (!icmp_ln95 & !tmp & !tmp_4 & !tmp_5 & !tmp_6 & !tmp_7 & !tmp_8 & !tmp_9 & !tmp_10 & !tmp_11)> <Delay = 3.20>
ST_6 : Operation 113 [1/1] (0.00ns)   --->   "%tmp_13 = bitselect i1 @_ssdm_op_BitSelect.i1.i32.i32, i32 %sum_q16_2, i32 21" [softmax_accel_hls.cc:100->softmax_accel_hls.cc:478]   --->   Operation 113 'bitselect' 'tmp_13' <Predicate = (!icmp_ln95 & !tmp & !tmp_4 & !tmp_5 & !tmp_6 & !tmp_7 & !tmp_8 & !tmp_9 & !tmp_10 & !tmp_11 & !tmp_12)> <Delay = 0.00>
ST_6 : Operation 114 [1/1] (3.20ns)   --->   "%br_ln100 = br i1 %tmp_13, void %if.end3.i.10, void %cleanup.i" [softmax_accel_hls.cc:100->softmax_accel_hls.cc:478]   --->   Operation 114 'br' 'br_ln100' <Predicate = (!icmp_ln95 & !tmp & !tmp_4 & !tmp_5 & !tmp_6 & !tmp_7 & !tmp_8 & !tmp_9 & !tmp_10 & !tmp_11 & !tmp_12)> <Delay = 3.20>
ST_6 : Operation 115 [1/1] (0.00ns)   --->   "%tmp_14 = bitselect i1 @_ssdm_op_BitSelect.i1.i32.i32, i32 %sum_q16_2, i32 20" [softmax_accel_hls.cc:100->softmax_accel_hls.cc:478]   --->   Operation 115 'bitselect' 'tmp_14' <Predicate = (!icmp_ln95 & !tmp & !tmp_4 & !tmp_5 & !tmp_6 & !tmp_7 & !tmp_8 & !tmp_9 & !tmp_10 & !tmp_11 & !tmp_12 & !tmp_13)> <Delay = 0.00>
ST_6 : Operation 116 [1/1] (3.20ns)   --->   "%br_ln100 = br i1 %tmp_14, void %if.end3.i.11, void %cleanup.i" [softmax_accel_hls.cc:100->softmax_accel_hls.cc:478]   --->   Operation 116 'br' 'br_ln100' <Predicate = (!icmp_ln95 & !tmp & !tmp_4 & !tmp_5 & !tmp_6 & !tmp_7 & !tmp_8 & !tmp_9 & !tmp_10 & !tmp_11 & !tmp_12 & !tmp_13)> <Delay = 3.20>
ST_6 : Operation 117 [1/1] (0.00ns)   --->   "%tmp_15 = bitselect i1 @_ssdm_op_BitSelect.i1.i32.i32, i32 %sum_q16_2, i32 19" [softmax_accel_hls.cc:100->softmax_accel_hls.cc:478]   --->   Operation 117 'bitselect' 'tmp_15' <Predicate = (!icmp_ln95 & !tmp & !tmp_4 & !tmp_5 & !tmp_6 & !tmp_7 & !tmp_8 & !tmp_9 & !tmp_10 & !tmp_11 & !tmp_12 & !tmp_13 & !tmp_14)> <Delay = 0.00>
ST_6 : Operation 118 [1/1] (3.20ns)   --->   "%br_ln100 = br i1 %tmp_15, void %if.end3.i.12, void %cleanup.i" [softmax_accel_hls.cc:100->softmax_accel_hls.cc:478]   --->   Operation 118 'br' 'br_ln100' <Predicate = (!icmp_ln95 & !tmp & !tmp_4 & !tmp_5 & !tmp_6 & !tmp_7 & !tmp_8 & !tmp_9 & !tmp_10 & !tmp_11 & !tmp_12 & !tmp_13 & !tmp_14)> <Delay = 3.20>
ST_6 : Operation 119 [1/1] (0.00ns)   --->   "%tmp_16 = bitselect i1 @_ssdm_op_BitSelect.i1.i32.i32, i32 %sum_q16_2, i32 18" [softmax_accel_hls.cc:100->softmax_accel_hls.cc:478]   --->   Operation 119 'bitselect' 'tmp_16' <Predicate = (!icmp_ln95 & !tmp & !tmp_4 & !tmp_5 & !tmp_6 & !tmp_7 & !tmp_8 & !tmp_9 & !tmp_10 & !tmp_11 & !tmp_12 & !tmp_13 & !tmp_14 & !tmp_15)> <Delay = 0.00>
ST_6 : Operation 120 [1/1] (3.20ns)   --->   "%br_ln100 = br i1 %tmp_16, void %if.end3.i.13, void %cleanup.i" [softmax_accel_hls.cc:100->softmax_accel_hls.cc:478]   --->   Operation 120 'br' 'br_ln100' <Predicate = (!icmp_ln95 & !tmp & !tmp_4 & !tmp_5 & !tmp_6 & !tmp_7 & !tmp_8 & !tmp_9 & !tmp_10 & !tmp_11 & !tmp_12 & !tmp_13 & !tmp_14 & !tmp_15)> <Delay = 3.20>
ST_6 : Operation 121 [1/1] (0.00ns)   --->   "%tmp_17 = bitselect i1 @_ssdm_op_BitSelect.i1.i32.i32, i32 %sum_q16_2, i32 17" [softmax_accel_hls.cc:100->softmax_accel_hls.cc:478]   --->   Operation 121 'bitselect' 'tmp_17' <Predicate = (!icmp_ln95 & !tmp & !tmp_4 & !tmp_5 & !tmp_6 & !tmp_7 & !tmp_8 & !tmp_9 & !tmp_10 & !tmp_11 & !tmp_12 & !tmp_13 & !tmp_14 & !tmp_15 & !tmp_16)> <Delay = 0.00>
ST_6 : Operation 122 [1/1] (3.20ns)   --->   "%br_ln100 = br i1 %tmp_17, void %if.end3.i.14, void %cleanup.i" [softmax_accel_hls.cc:100->softmax_accel_hls.cc:478]   --->   Operation 122 'br' 'br_ln100' <Predicate = (!icmp_ln95 & !tmp & !tmp_4 & !tmp_5 & !tmp_6 & !tmp_7 & !tmp_8 & !tmp_9 & !tmp_10 & !tmp_11 & !tmp_12 & !tmp_13 & !tmp_14 & !tmp_15 & !tmp_16)> <Delay = 3.20>
ST_6 : Operation 123 [1/1] (0.00ns)   --->   "%tmp_18 = bitselect i1 @_ssdm_op_BitSelect.i1.i32.i32, i32 %sum_q16_2, i32 16" [softmax_accel_hls.cc:100->softmax_accel_hls.cc:478]   --->   Operation 123 'bitselect' 'tmp_18' <Predicate = (!icmp_ln95 & !tmp & !tmp_4 & !tmp_5 & !tmp_6 & !tmp_7 & !tmp_8 & !tmp_9 & !tmp_10 & !tmp_11 & !tmp_12 & !tmp_13 & !tmp_14 & !tmp_15 & !tmp_16 & !tmp_17)> <Delay = 0.00>
ST_6 : Operation 124 [1/1] (3.20ns)   --->   "%br_ln100 = br i1 %tmp_18, void %if.end3.i.15, void %cleanup.i" [softmax_accel_hls.cc:100->softmax_accel_hls.cc:478]   --->   Operation 124 'br' 'br_ln100' <Predicate = (!icmp_ln95 & !tmp & !tmp_4 & !tmp_5 & !tmp_6 & !tmp_7 & !tmp_8 & !tmp_9 & !tmp_10 & !tmp_11 & !tmp_12 & !tmp_13 & !tmp_14 & !tmp_15 & !tmp_16 & !tmp_17)> <Delay = 3.20>
ST_6 : Operation 125 [1/1] (0.00ns)   --->   "%tmp_19 = bitselect i1 @_ssdm_op_BitSelect.i1.i32.i32, i32 %sum_q16_2, i32 15" [softmax_accel_hls.cc:100->softmax_accel_hls.cc:478]   --->   Operation 125 'bitselect' 'tmp_19' <Predicate = (!icmp_ln95 & !tmp & !tmp_4 & !tmp_5 & !tmp_6 & !tmp_7 & !tmp_8 & !tmp_9 & !tmp_10 & !tmp_11 & !tmp_12 & !tmp_13 & !tmp_14 & !tmp_15 & !tmp_16 & !tmp_17 & !tmp_18)> <Delay = 0.00>
ST_6 : Operation 126 [1/1] (3.20ns)   --->   "%br_ln100 = br i1 %tmp_19, void %if.end3.i.16, void %cleanup.i" [softmax_accel_hls.cc:100->softmax_accel_hls.cc:478]   --->   Operation 126 'br' 'br_ln100' <Predicate = (!icmp_ln95 & !tmp & !tmp_4 & !tmp_5 & !tmp_6 & !tmp_7 & !tmp_8 & !tmp_9 & !tmp_10 & !tmp_11 & !tmp_12 & !tmp_13 & !tmp_14 & !tmp_15 & !tmp_16 & !tmp_17 & !tmp_18)> <Delay = 3.20>
ST_6 : Operation 127 [1/1] (0.00ns)   --->   "%tmp_20 = bitselect i1 @_ssdm_op_BitSelect.i1.i32.i32, i32 %sum_q16_2, i32 14" [softmax_accel_hls.cc:100->softmax_accel_hls.cc:478]   --->   Operation 127 'bitselect' 'tmp_20' <Predicate = (!icmp_ln95 & !tmp & !tmp_4 & !tmp_5 & !tmp_6 & !tmp_7 & !tmp_8 & !tmp_9 & !tmp_10 & !tmp_11 & !tmp_12 & !tmp_13 & !tmp_14 & !tmp_15 & !tmp_16 & !tmp_17 & !tmp_18 & !tmp_19)> <Delay = 0.00>
ST_6 : Operation 128 [1/1] (3.20ns)   --->   "%br_ln100 = br i1 %tmp_20, void %if.end3.i.17, void %cleanup.i" [softmax_accel_hls.cc:100->softmax_accel_hls.cc:478]   --->   Operation 128 'br' 'br_ln100' <Predicate = (!icmp_ln95 & !tmp & !tmp_4 & !tmp_5 & !tmp_6 & !tmp_7 & !tmp_8 & !tmp_9 & !tmp_10 & !tmp_11 & !tmp_12 & !tmp_13 & !tmp_14 & !tmp_15 & !tmp_16 & !tmp_17 & !tmp_18 & !tmp_19)> <Delay = 3.20>
ST_6 : Operation 129 [1/1] (0.00ns)   --->   "%tmp_21 = bitselect i1 @_ssdm_op_BitSelect.i1.i32.i32, i32 %sum_q16_2, i32 13" [softmax_accel_hls.cc:100->softmax_accel_hls.cc:478]   --->   Operation 129 'bitselect' 'tmp_21' <Predicate = (!icmp_ln95 & !tmp & !tmp_4 & !tmp_5 & !tmp_6 & !tmp_7 & !tmp_8 & !tmp_9 & !tmp_10 & !tmp_11 & !tmp_12 & !tmp_13 & !tmp_14 & !tmp_15 & !tmp_16 & !tmp_17 & !tmp_18 & !tmp_19 & !tmp_20)> <Delay = 0.00>
ST_6 : Operation 130 [1/1] (3.20ns)   --->   "%br_ln100 = br i1 %tmp_21, void %if.end3.i.18, void %cleanup.i" [softmax_accel_hls.cc:100->softmax_accel_hls.cc:478]   --->   Operation 130 'br' 'br_ln100' <Predicate = (!icmp_ln95 & !tmp & !tmp_4 & !tmp_5 & !tmp_6 & !tmp_7 & !tmp_8 & !tmp_9 & !tmp_10 & !tmp_11 & !tmp_12 & !tmp_13 & !tmp_14 & !tmp_15 & !tmp_16 & !tmp_17 & !tmp_18 & !tmp_19 & !tmp_20)> <Delay = 3.20>
ST_6 : Operation 131 [1/1] (0.00ns)   --->   "%tmp_22 = bitselect i1 @_ssdm_op_BitSelect.i1.i32.i32, i32 %sum_q16_2, i32 12" [softmax_accel_hls.cc:100->softmax_accel_hls.cc:478]   --->   Operation 131 'bitselect' 'tmp_22' <Predicate = (!icmp_ln95 & !tmp & !tmp_4 & !tmp_5 & !tmp_6 & !tmp_7 & !tmp_8 & !tmp_9 & !tmp_10 & !tmp_11 & !tmp_12 & !tmp_13 & !tmp_14 & !tmp_15 & !tmp_16 & !tmp_17 & !tmp_18 & !tmp_19 & !tmp_20 & !tmp_21)> <Delay = 0.00>
ST_6 : Operation 132 [1/1] (3.20ns)   --->   "%br_ln100 = br i1 %tmp_22, void %if.end3.i.19, void %cleanup.i" [softmax_accel_hls.cc:100->softmax_accel_hls.cc:478]   --->   Operation 132 'br' 'br_ln100' <Predicate = (!icmp_ln95 & !tmp & !tmp_4 & !tmp_5 & !tmp_6 & !tmp_7 & !tmp_8 & !tmp_9 & !tmp_10 & !tmp_11 & !tmp_12 & !tmp_13 & !tmp_14 & !tmp_15 & !tmp_16 & !tmp_17 & !tmp_18 & !tmp_19 & !tmp_20 & !tmp_21)> <Delay = 3.20>
ST_6 : Operation 133 [1/1] (0.00ns)   --->   "%tmp_23 = bitselect i1 @_ssdm_op_BitSelect.i1.i32.i32, i32 %sum_q16_2, i32 11" [softmax_accel_hls.cc:100->softmax_accel_hls.cc:478]   --->   Operation 133 'bitselect' 'tmp_23' <Predicate = (!icmp_ln95 & !tmp & !tmp_4 & !tmp_5 & !tmp_6 & !tmp_7 & !tmp_8 & !tmp_9 & !tmp_10 & !tmp_11 & !tmp_12 & !tmp_13 & !tmp_14 & !tmp_15 & !tmp_16 & !tmp_17 & !tmp_18 & !tmp_19 & !tmp_20 & !tmp_21 & !tmp_22)> <Delay = 0.00>
ST_6 : Operation 134 [1/1] (3.20ns)   --->   "%br_ln100 = br i1 %tmp_23, void %if.end3.i.20, void %cleanup.i" [softmax_accel_hls.cc:100->softmax_accel_hls.cc:478]   --->   Operation 134 'br' 'br_ln100' <Predicate = (!icmp_ln95 & !tmp & !tmp_4 & !tmp_5 & !tmp_6 & !tmp_7 & !tmp_8 & !tmp_9 & !tmp_10 & !tmp_11 & !tmp_12 & !tmp_13 & !tmp_14 & !tmp_15 & !tmp_16 & !tmp_17 & !tmp_18 & !tmp_19 & !tmp_20 & !tmp_21 & !tmp_22)> <Delay = 3.20>
ST_6 : Operation 135 [1/1] (0.00ns)   --->   "%tmp_24 = bitselect i1 @_ssdm_op_BitSelect.i1.i32.i32, i32 %sum_q16_2, i32 10" [softmax_accel_hls.cc:100->softmax_accel_hls.cc:478]   --->   Operation 135 'bitselect' 'tmp_24' <Predicate = (!icmp_ln95 & !tmp & !tmp_4 & !tmp_5 & !tmp_6 & !tmp_7 & !tmp_8 & !tmp_9 & !tmp_10 & !tmp_11 & !tmp_12 & !tmp_13 & !tmp_14 & !tmp_15 & !tmp_16 & !tmp_17 & !tmp_18 & !tmp_19 & !tmp_20 & !tmp_21 & !tmp_22 & !tmp_23)> <Delay = 0.00>
ST_6 : Operation 136 [1/1] (3.20ns)   --->   "%br_ln100 = br i1 %tmp_24, void %if.end3.i.21, void %cleanup.i" [softmax_accel_hls.cc:100->softmax_accel_hls.cc:478]   --->   Operation 136 'br' 'br_ln100' <Predicate = (!icmp_ln95 & !tmp & !tmp_4 & !tmp_5 & !tmp_6 & !tmp_7 & !tmp_8 & !tmp_9 & !tmp_10 & !tmp_11 & !tmp_12 & !tmp_13 & !tmp_14 & !tmp_15 & !tmp_16 & !tmp_17 & !tmp_18 & !tmp_19 & !tmp_20 & !tmp_21 & !tmp_22 & !tmp_23)> <Delay = 3.20>
ST_6 : Operation 137 [1/1] (0.00ns)   --->   "%tmp_25 = bitselect i1 @_ssdm_op_BitSelect.i1.i32.i32, i32 %sum_q16_2, i32 9" [softmax_accel_hls.cc:100->softmax_accel_hls.cc:478]   --->   Operation 137 'bitselect' 'tmp_25' <Predicate = (!icmp_ln95 & !tmp & !tmp_4 & !tmp_5 & !tmp_6 & !tmp_7 & !tmp_8 & !tmp_9 & !tmp_10 & !tmp_11 & !tmp_12 & !tmp_13 & !tmp_14 & !tmp_15 & !tmp_16 & !tmp_17 & !tmp_18 & !tmp_19 & !tmp_20 & !tmp_21 & !tmp_22 & !tmp_23 & !tmp_24)> <Delay = 0.00>
ST_6 : Operation 138 [1/1] (3.20ns)   --->   "%br_ln100 = br i1 %tmp_25, void %if.end3.i.22, void %cleanup.i" [softmax_accel_hls.cc:100->softmax_accel_hls.cc:478]   --->   Operation 138 'br' 'br_ln100' <Predicate = (!icmp_ln95 & !tmp & !tmp_4 & !tmp_5 & !tmp_6 & !tmp_7 & !tmp_8 & !tmp_9 & !tmp_10 & !tmp_11 & !tmp_12 & !tmp_13 & !tmp_14 & !tmp_15 & !tmp_16 & !tmp_17 & !tmp_18 & !tmp_19 & !tmp_20 & !tmp_21 & !tmp_22 & !tmp_23 & !tmp_24)> <Delay = 3.20>
ST_6 : Operation 139 [1/1] (0.00ns)   --->   "%tmp_26 = bitselect i1 @_ssdm_op_BitSelect.i1.i32.i32, i32 %sum_q16_2, i32 8" [softmax_accel_hls.cc:100->softmax_accel_hls.cc:478]   --->   Operation 139 'bitselect' 'tmp_26' <Predicate = (!icmp_ln95 & !tmp & !tmp_4 & !tmp_5 & !tmp_6 & !tmp_7 & !tmp_8 & !tmp_9 & !tmp_10 & !tmp_11 & !tmp_12 & !tmp_13 & !tmp_14 & !tmp_15 & !tmp_16 & !tmp_17 & !tmp_18 & !tmp_19 & !tmp_20 & !tmp_21 & !tmp_22 & !tmp_23 & !tmp_24 & !tmp_25)> <Delay = 0.00>
ST_6 : Operation 140 [1/1] (3.20ns)   --->   "%br_ln100 = br i1 %tmp_26, void %if.end3.i.23, void %cleanup.i" [softmax_accel_hls.cc:100->softmax_accel_hls.cc:478]   --->   Operation 140 'br' 'br_ln100' <Predicate = (!icmp_ln95 & !tmp & !tmp_4 & !tmp_5 & !tmp_6 & !tmp_7 & !tmp_8 & !tmp_9 & !tmp_10 & !tmp_11 & !tmp_12 & !tmp_13 & !tmp_14 & !tmp_15 & !tmp_16 & !tmp_17 & !tmp_18 & !tmp_19 & !tmp_20 & !tmp_21 & !tmp_22 & !tmp_23 & !tmp_24 & !tmp_25)> <Delay = 3.20>
ST_6 : Operation 141 [1/1] (0.00ns)   --->   "%tmp_27 = bitselect i1 @_ssdm_op_BitSelect.i1.i32.i32, i32 %sum_q16_2, i32 7" [softmax_accel_hls.cc:100->softmax_accel_hls.cc:478]   --->   Operation 141 'bitselect' 'tmp_27' <Predicate = (!icmp_ln95 & !tmp & !tmp_4 & !tmp_5 & !tmp_6 & !tmp_7 & !tmp_8 & !tmp_9 & !tmp_10 & !tmp_11 & !tmp_12 & !tmp_13 & !tmp_14 & !tmp_15 & !tmp_16 & !tmp_17 & !tmp_18 & !tmp_19 & !tmp_20 & !tmp_21 & !tmp_22 & !tmp_23 & !tmp_24 & !tmp_25 & !tmp_26)> <Delay = 0.00>
ST_6 : Operation 142 [1/1] (3.20ns)   --->   "%br_ln100 = br i1 %tmp_27, void %if.end3.i.24, void %cleanup.i" [softmax_accel_hls.cc:100->softmax_accel_hls.cc:478]   --->   Operation 142 'br' 'br_ln100' <Predicate = (!icmp_ln95 & !tmp & !tmp_4 & !tmp_5 & !tmp_6 & !tmp_7 & !tmp_8 & !tmp_9 & !tmp_10 & !tmp_11 & !tmp_12 & !tmp_13 & !tmp_14 & !tmp_15 & !tmp_16 & !tmp_17 & !tmp_18 & !tmp_19 & !tmp_20 & !tmp_21 & !tmp_22 & !tmp_23 & !tmp_24 & !tmp_25 & !tmp_26)> <Delay = 3.20>
ST_6 : Operation 143 [1/1] (0.00ns)   --->   "%tmp_28 = bitselect i1 @_ssdm_op_BitSelect.i1.i32.i32, i32 %sum_q16_2, i32 6" [softmax_accel_hls.cc:100->softmax_accel_hls.cc:478]   --->   Operation 143 'bitselect' 'tmp_28' <Predicate = (!icmp_ln95 & !tmp & !tmp_4 & !tmp_5 & !tmp_6 & !tmp_7 & !tmp_8 & !tmp_9 & !tmp_10 & !tmp_11 & !tmp_12 & !tmp_13 & !tmp_14 & !tmp_15 & !tmp_16 & !tmp_17 & !tmp_18 & !tmp_19 & !tmp_20 & !tmp_21 & !tmp_22 & !tmp_23 & !tmp_24 & !tmp_25 & !tmp_26 & !tmp_27)> <Delay = 0.00>
ST_6 : Operation 144 [1/1] (3.20ns)   --->   "%br_ln100 = br i1 %tmp_28, void %if.end3.i.25, void %cleanup.i" [softmax_accel_hls.cc:100->softmax_accel_hls.cc:478]   --->   Operation 144 'br' 'br_ln100' <Predicate = (!icmp_ln95 & !tmp & !tmp_4 & !tmp_5 & !tmp_6 & !tmp_7 & !tmp_8 & !tmp_9 & !tmp_10 & !tmp_11 & !tmp_12 & !tmp_13 & !tmp_14 & !tmp_15 & !tmp_16 & !tmp_17 & !tmp_18 & !tmp_19 & !tmp_20 & !tmp_21 & !tmp_22 & !tmp_23 & !tmp_24 & !tmp_25 & !tmp_26 & !tmp_27)> <Delay = 3.20>
ST_6 : Operation 145 [1/1] (0.00ns)   --->   "%tmp_29 = bitselect i1 @_ssdm_op_BitSelect.i1.i32.i32, i32 %sum_q16_2, i32 5" [softmax_accel_hls.cc:100->softmax_accel_hls.cc:478]   --->   Operation 145 'bitselect' 'tmp_29' <Predicate = (!icmp_ln95 & !tmp & !tmp_4 & !tmp_5 & !tmp_6 & !tmp_7 & !tmp_8 & !tmp_9 & !tmp_10 & !tmp_11 & !tmp_12 & !tmp_13 & !tmp_14 & !tmp_15 & !tmp_16 & !tmp_17 & !tmp_18 & !tmp_19 & !tmp_20 & !tmp_21 & !tmp_22 & !tmp_23 & !tmp_24 & !tmp_25 & !tmp_26 & !tmp_27 & !tmp_28)> <Delay = 0.00>
ST_6 : Operation 146 [1/1] (3.20ns)   --->   "%br_ln100 = br i1 %tmp_29, void %if.end3.i.26, void %cleanup.i" [softmax_accel_hls.cc:100->softmax_accel_hls.cc:478]   --->   Operation 146 'br' 'br_ln100' <Predicate = (!icmp_ln95 & !tmp & !tmp_4 & !tmp_5 & !tmp_6 & !tmp_7 & !tmp_8 & !tmp_9 & !tmp_10 & !tmp_11 & !tmp_12 & !tmp_13 & !tmp_14 & !tmp_15 & !tmp_16 & !tmp_17 & !tmp_18 & !tmp_19 & !tmp_20 & !tmp_21 & !tmp_22 & !tmp_23 & !tmp_24 & !tmp_25 & !tmp_26 & !tmp_27 & !tmp_28)> <Delay = 3.20>
ST_6 : Operation 147 [1/1] (0.00ns)   --->   "%tmp_30 = bitselect i1 @_ssdm_op_BitSelect.i1.i32.i32, i32 %sum_q16_2, i32 4" [softmax_accel_hls.cc:100->softmax_accel_hls.cc:478]   --->   Operation 147 'bitselect' 'tmp_30' <Predicate = (!icmp_ln95 & !tmp & !tmp_4 & !tmp_5 & !tmp_6 & !tmp_7 & !tmp_8 & !tmp_9 & !tmp_10 & !tmp_11 & !tmp_12 & !tmp_13 & !tmp_14 & !tmp_15 & !tmp_16 & !tmp_17 & !tmp_18 & !tmp_19 & !tmp_20 & !tmp_21 & !tmp_22 & !tmp_23 & !tmp_24 & !tmp_25 & !tmp_26 & !tmp_27 & !tmp_28 & !tmp_29)> <Delay = 0.00>
ST_6 : Operation 148 [1/1] (3.20ns)   --->   "%br_ln100 = br i1 %tmp_30, void %if.end3.i.27, void %cleanup.i" [softmax_accel_hls.cc:100->softmax_accel_hls.cc:478]   --->   Operation 148 'br' 'br_ln100' <Predicate = (!icmp_ln95 & !tmp & !tmp_4 & !tmp_5 & !tmp_6 & !tmp_7 & !tmp_8 & !tmp_9 & !tmp_10 & !tmp_11 & !tmp_12 & !tmp_13 & !tmp_14 & !tmp_15 & !tmp_16 & !tmp_17 & !tmp_18 & !tmp_19 & !tmp_20 & !tmp_21 & !tmp_22 & !tmp_23 & !tmp_24 & !tmp_25 & !tmp_26 & !tmp_27 & !tmp_28 & !tmp_29)> <Delay = 3.20>
ST_6 : Operation 149 [1/1] (0.00ns)   --->   "%tmp_31 = bitselect i1 @_ssdm_op_BitSelect.i1.i32.i32, i32 %sum_q16_2, i32 3" [softmax_accel_hls.cc:100->softmax_accel_hls.cc:478]   --->   Operation 149 'bitselect' 'tmp_31' <Predicate = (!icmp_ln95 & !tmp & !tmp_4 & !tmp_5 & !tmp_6 & !tmp_7 & !tmp_8 & !tmp_9 & !tmp_10 & !tmp_11 & !tmp_12 & !tmp_13 & !tmp_14 & !tmp_15 & !tmp_16 & !tmp_17 & !tmp_18 & !tmp_19 & !tmp_20 & !tmp_21 & !tmp_22 & !tmp_23 & !tmp_24 & !tmp_25 & !tmp_26 & !tmp_27 & !tmp_28 & !tmp_29 & !tmp_30)> <Delay = 0.00>
ST_6 : Operation 150 [1/1] (3.20ns)   --->   "%br_ln100 = br i1 %tmp_31, void %if.end3.i.28, void %cleanup.i" [softmax_accel_hls.cc:100->softmax_accel_hls.cc:478]   --->   Operation 150 'br' 'br_ln100' <Predicate = (!icmp_ln95 & !tmp & !tmp_4 & !tmp_5 & !tmp_6 & !tmp_7 & !tmp_8 & !tmp_9 & !tmp_10 & !tmp_11 & !tmp_12 & !tmp_13 & !tmp_14 & !tmp_15 & !tmp_16 & !tmp_17 & !tmp_18 & !tmp_19 & !tmp_20 & !tmp_21 & !tmp_22 & !tmp_23 & !tmp_24 & !tmp_25 & !tmp_26 & !tmp_27 & !tmp_28 & !tmp_29 & !tmp_30)> <Delay = 3.20>
ST_6 : Operation 151 [1/1] (0.00ns)   --->   "%tmp_32 = bitselect i1 @_ssdm_op_BitSelect.i1.i32.i32, i32 %sum_q16_2, i32 2" [softmax_accel_hls.cc:100->softmax_accel_hls.cc:478]   --->   Operation 151 'bitselect' 'tmp_32' <Predicate = (!icmp_ln95 & !tmp & !tmp_4 & !tmp_5 & !tmp_6 & !tmp_7 & !tmp_8 & !tmp_9 & !tmp_10 & !tmp_11 & !tmp_12 & !tmp_13 & !tmp_14 & !tmp_15 & !tmp_16 & !tmp_17 & !tmp_18 & !tmp_19 & !tmp_20 & !tmp_21 & !tmp_22 & !tmp_23 & !tmp_24 & !tmp_25 & !tmp_26 & !tmp_27 & !tmp_28 & !tmp_29 & !tmp_30 & !tmp_31)> <Delay = 0.00>
ST_6 : Operation 152 [1/1] (3.20ns)   --->   "%br_ln100 = br i1 %tmp_32, void %if.end3.i.29, void %cleanup.i" [softmax_accel_hls.cc:100->softmax_accel_hls.cc:478]   --->   Operation 152 'br' 'br_ln100' <Predicate = (!icmp_ln95 & !tmp & !tmp_4 & !tmp_5 & !tmp_6 & !tmp_7 & !tmp_8 & !tmp_9 & !tmp_10 & !tmp_11 & !tmp_12 & !tmp_13 & !tmp_14 & !tmp_15 & !tmp_16 & !tmp_17 & !tmp_18 & !tmp_19 & !tmp_20 & !tmp_21 & !tmp_22 & !tmp_23 & !tmp_24 & !tmp_25 & !tmp_26 & !tmp_27 & !tmp_28 & !tmp_29 & !tmp_30 & !tmp_31)> <Delay = 3.20>
ST_6 : Operation 153 [1/1] (0.00ns)   --->   "%tmp_33 = bitselect i1 @_ssdm_op_BitSelect.i1.i32.i32, i32 %sum_q16_2, i32 1" [softmax_accel_hls.cc:100->softmax_accel_hls.cc:478]   --->   Operation 153 'bitselect' 'tmp_33' <Predicate = (!icmp_ln95 & !tmp & !tmp_4 & !tmp_5 & !tmp_6 & !tmp_7 & !tmp_8 & !tmp_9 & !tmp_10 & !tmp_11 & !tmp_12 & !tmp_13 & !tmp_14 & !tmp_15 & !tmp_16 & !tmp_17 & !tmp_18 & !tmp_19 & !tmp_20 & !tmp_21 & !tmp_22 & !tmp_23 & !tmp_24 & !tmp_25 & !tmp_26 & !tmp_27 & !tmp_28 & !tmp_29 & !tmp_30 & !tmp_31 & !tmp_32)> <Delay = 0.00>
ST_6 : Operation 154 [1/1] (3.20ns)   --->   "%br_ln100 = br i1 %tmp_33, void %if.end3.i.30, void %cleanup.i" [softmax_accel_hls.cc:100->softmax_accel_hls.cc:478]   --->   Operation 154 'br' 'br_ln100' <Predicate = (!icmp_ln95 & !tmp & !tmp_4 & !tmp_5 & !tmp_6 & !tmp_7 & !tmp_8 & !tmp_9 & !tmp_10 & !tmp_11 & !tmp_12 & !tmp_13 & !tmp_14 & !tmp_15 & !tmp_16 & !tmp_17 & !tmp_18 & !tmp_19 & !tmp_20 & !tmp_21 & !tmp_22 & !tmp_23 & !tmp_24 & !tmp_25 & !tmp_26 & !tmp_27 & !tmp_28 & !tmp_29 & !tmp_30 & !tmp_31 & !tmp_32)> <Delay = 3.20>
ST_6 : Operation 155 [1/1] (0.00ns) (grouped into LUT with out node select_ln100)   --->   "%trunc_ln100 = trunc i32 %sum_q16_2" [softmax_accel_hls.cc:100->softmax_accel_hls.cc:478]   --->   Operation 155 'trunc' 'trunc_ln100' <Predicate = (!icmp_ln95 & !tmp & !tmp_4 & !tmp_5 & !tmp_6 & !tmp_7 & !tmp_8 & !tmp_9 & !tmp_10 & !tmp_11 & !tmp_12 & !tmp_13 & !tmp_14 & !tmp_15 & !tmp_16 & !tmp_17 & !tmp_18 & !tmp_19 & !tmp_20 & !tmp_21 & !tmp_22 & !tmp_23 & !tmp_24 & !tmp_25 & !tmp_26 & !tmp_27 & !tmp_28 & !tmp_29 & !tmp_30 & !tmp_31 & !tmp_32 & !tmp_33)> <Delay = 0.00>
ST_6 : Operation 156 [1/1] (0.00ns) (grouped into LUT with out node select_ln100)   --->   "%xor_ln100 = xor i1 %trunc_ln100, i1 1" [softmax_accel_hls.cc:100->softmax_accel_hls.cc:478]   --->   Operation 156 'xor' 'xor_ln100' <Predicate = (!icmp_ln95 & !tmp & !tmp_4 & !tmp_5 & !tmp_6 & !tmp_7 & !tmp_8 & !tmp_9 & !tmp_10 & !tmp_11 & !tmp_12 & !tmp_13 & !tmp_14 & !tmp_15 & !tmp_16 & !tmp_17 & !tmp_18 & !tmp_19 & !tmp_20 & !tmp_21 & !tmp_22 & !tmp_23 & !tmp_24 & !tmp_25 & !tmp_26 & !tmp_27 & !tmp_28 & !tmp_29 & !tmp_30 & !tmp_31 & !tmp_32 & !tmp_33)> <Delay = 0.00> <CoreInst = "LogicGate">   --->   Core 74 'LogicGate' <Latency = 0> <II = 1> <Delay = 0.97> <FuncUnit> <Opcode : 'and' 'or' 'xor'> <InPorts = 2> <OutPorts = 1>
ST_6 : Operation 157 [1/1] (0.99ns) (out node of the LUT)   --->   "%select_ln100 = select i1 %xor_ln100, i5 31, i5 0" [softmax_accel_hls.cc:100->softmax_accel_hls.cc:478]   --->   Operation 157 'select' 'select_ln100' <Predicate = (!icmp_ln95 & !tmp & !tmp_4 & !tmp_5 & !tmp_6 & !tmp_7 & !tmp_8 & !tmp_9 & !tmp_10 & !tmp_11 & !tmp_12 & !tmp_13 & !tmp_14 & !tmp_15 & !tmp_16 & !tmp_17 & !tmp_18 & !tmp_19 & !tmp_20 & !tmp_21 & !tmp_22 & !tmp_23 & !tmp_24 & !tmp_25 & !tmp_26 & !tmp_27 & !tmp_28 & !tmp_29 & !tmp_30 & !tmp_31 & !tmp_32 & !tmp_33)> <Delay = 0.99> <CoreInst = "Sel">   --->   Core 73 'Sel' <Latency = 0> <II = 1> <Delay = 0.99> <FuncUnit> <Opcode : 'select'> <InPorts = 3> <OutPorts = 1>
ST_6 : Operation 158 [1/1] (3.20ns)   --->   "%br_ln100 = br void %cleanup.i" [softmax_accel_hls.cc:100->softmax_accel_hls.cc:478]   --->   Operation 158 'br' 'br_ln100' <Predicate = (!icmp_ln95 & !tmp & !tmp_4 & !tmp_5 & !tmp_6 & !tmp_7 & !tmp_8 & !tmp_9 & !tmp_10 & !tmp_11 & !tmp_12 & !tmp_13 & !tmp_14 & !tmp_15 & !tmp_16 & !tmp_17 & !tmp_18 & !tmp_19 & !tmp_20 & !tmp_21 & !tmp_22 & !tmp_23 & !tmp_24 & !tmp_25 & !tmp_26 & !tmp_27 & !tmp_28 & !tmp_29 & !tmp_30 & !tmp_31 & !tmp_32 & !tmp_33)> <Delay = 3.20>

State 7 <SV = 6> <Delay = 8.52>
ST_7 : Operation 159 [1/1] (0.00ns)   --->   "%msb = phi i5 31, void %for.body.i105, i5 30, void %if.end3.i, i5 29, void %if.end3.i.1, i5 28, void %if.end3.i.2, i5 27, void %if.end3.i.3, i5 26, void %if.end3.i.4, i5 25, void %if.end3.i.5, i5 24, void %if.end3.i.6, i5 23, void %if.end3.i.7, i5 22, void %if.end3.i.8, i5 21, void %if.end3.i.9, i5 20, void %if.end3.i.10, i5 19, void %if.end3.i.11, i5 18, void %if.end3.i.12, i5 17, void %if.end3.i.13, i5 16, void %if.end3.i.14, i5 15, void %if.end3.i.15, i5 14, void %if.end3.i.16, i5 13, void %if.end3.i.17, i5 12, void %if.end3.i.18, i5 11, void %if.end3.i.19, i5 10, void %if.end3.i.20, i5 9, void %if.end3.i.21, i5 8, void %if.end3.i.22, i5 7, void %if.end3.i.23, i5 6, void %if.end3.i.24, i5 5, void %if.end3.i.25, i5 4, void %if.end3.i.26, i5 3, void %if.end3.i.27, i5 2, void %if.end3.i.28, i5 1, void %if.end3.i.29, i5 %select_ln100, void %if.end3.i.30" [softmax_accel_hls.cc:100->softmax_accel_hls.cc:478]   --->   Operation 159 'phi' 'msb' <Predicate = true> <Delay = 0.00>
ST_7 : Operation 160 [1/1] (0.00ns)   --->   "%tmp_34 = bitselect i1 @_ssdm_op_BitSelect.i1.i5.i32, i5 %msb, i32 4" [softmax_accel_hls.cc:107->softmax_accel_hls.cc:478]   --->   Operation 160 'bitselect' 'tmp_34' <Predicate = true> <Delay = 0.00>
ST_7 : Operation 161 [1/1] (1.78ns)   --->   "%sub_ln107 = sub i5 15, i5 %msb" [softmax_accel_hls.cc:107->softmax_accel_hls.cc:478]   --->   Operation 161 'sub' 'sub_ln107' <Predicate = true> <Delay = 1.78> <CoreInst = "Adder">   --->   Core 1 'Adder' <Latency = 0> <II = 1> <Delay = 1.78> <FuncUnit> <Opcode : 'add' 'sub'> <InPorts = 2> <OutPorts = 1>
ST_7 : Operation 162 [1/1] (0.00ns)   --->   "%sext_ln107 = sext i5 %sub_ln107" [softmax_accel_hls.cc:107->softmax_accel_hls.cc:478]   --->   Operation 162 'sext' 'sext_ln107' <Predicate = true> <Delay = 0.00>
ST_7 : Operation 163 [1/1] (4.42ns)   --->   "%shl_ln107 = shl i32 %sum_q16_2, i32 %sext_ln107" [softmax_accel_hls.cc:107->softmax_accel_hls.cc:478]   --->   Operation 163 'shl' 'shl_ln107' <Predicate = true> <Delay = 4.42> <CoreInst = "Shifter">   --->   Core 75 'Shifter' <Latency = 0> <II = 1> <Delay = 4.42> <FuncUnit> <Opcode : 'shl' 'lshr' 'ashr'> <InPorts = 2> <OutPorts = 1>
ST_7 : Operation 164 [1/1] (0.00ns)   --->   "%br_ln107 = br i1 %tmp_34, void %if.end8.i, void %if.end8.i.thread" [softmax_accel_hls.cc:107->softmax_accel_hls.cc:478]   --->   Operation 164 'br' 'br_ln107' <Predicate = true> <Delay = 0.00>
ST_7 : Operation 165 [1/1] (0.00ns)   --->   "%x_q1_15 = trunc i32 %shl_ln107" [softmax_accel_hls.cc:107->softmax_accel_hls.cc:478]   --->   Operation 165 'trunc' 'x_q1_15' <Predicate = (!tmp_34)> <Delay = 0.00>
ST_7 : Operation 166 [1/1] (0.00ns)   --->   "%seg = partselect i4 @_ssdm_op_PartSelect.i4.i32.i32.i32, i32 %shl_ln107, i32 11, i32 14" [softmax_accel_hls.cc:111->softmax_accel_hls.cc:478]   --->   Operation 166 'partselect' 'seg' <Predicate = (!tmp_34)> <Delay = 0.00>
ST_7 : Operation 167 [1/1] (0.00ns)   --->   "%zext_ln114 = zext i4 %seg" [softmax_accel_hls.cc:114->softmax_accel_hls.cc:478]   --->   Operation 167 'zext' 'zext_ln114' <Predicate = (!tmp_34)> <Delay = 0.00>
ST_7 : Operation 168 [1/1] (0.00ns)   --->   "%RECIP_M_Q30_addr = getelementptr i31 %RECIP_M_Q30, i64 0, i64 %zext_ln114" [softmax_accel_hls.cc:114->softmax_accel_hls.cc:478]   --->   Operation 168 'getelementptr' 'RECIP_M_Q30_addr' <Predicate = (!tmp_34)> <Delay = 0.00>
ST_7 : Operation 169 [2/2] (2.32ns)   --->   "%m = load i4 %RECIP_M_Q30_addr" [softmax_accel_hls.cc:114->softmax_accel_hls.cc:478]   --->   Operation 169 'load' 'm' <Predicate = (!tmp_34)> <Delay = 2.32> <CoreInst = "ROM">   --->   Core 94 'ROM' <Latency = 1> <II = 1> <Delay = 2.32> <Storage> <Opcode : 'load'> <Ports = 0> <Width = 31> <Depth = 16> <ROM>
ST_7 : Operation 170 [1/1] (0.00ns)   --->   "%RECIP_B_Q30_addr = getelementptr i31 %RECIP_B_Q30, i64 0, i64 %zext_ln114" [softmax_accel_hls.cc:115->softmax_accel_hls.cc:478]   --->   Operation 170 'getelementptr' 'RECIP_B_Q30_addr' <Predicate = (!tmp_34)> <Delay = 0.00>
ST_7 : Operation 171 [2/2] (2.32ns)   --->   "%b = load i4 %RECIP_B_Q30_addr" [softmax_accel_hls.cc:115->softmax_accel_hls.cc:478]   --->   Operation 171 'load' 'b' <Predicate = (!tmp_34)> <Delay = 2.32> <CoreInst = "ROM">   --->   Core 94 'ROM' <Latency = 1> <II = 1> <Delay = 2.32> <Storage> <Opcode : 'load'> <Ports = 0> <Width = 31> <Depth = 16> <ROM>
ST_7 : Operation 172 [1/1] (1.78ns)   --->   "%add_ln108 = add i5 %msb, i5 17" [softmax_accel_hls.cc:108->softmax_accel_hls.cc:478]   --->   Operation 172 'add' 'add_ln108' <Predicate = (tmp_34)> <Delay = 1.78> <CoreInst = "Adder">   --->   Core 1 'Adder' <Latency = 0> <II = 1> <Delay = 1.78> <FuncUnit> <Opcode : 'add' 'sub'> <InPorts = 2> <OutPorts = 1>
ST_7 : Operation 173 [1/1] (0.00ns)   --->   "%zext_ln108 = zext i5 %add_ln108" [softmax_accel_hls.cc:108->softmax_accel_hls.cc:478]   --->   Operation 173 'zext' 'zext_ln108' <Predicate = (tmp_34)> <Delay = 0.00>
ST_7 : Operation 174 [1/1] (4.42ns)   --->   "%lshr_ln108 = lshr i32 %sum_q16_2, i32 %zext_ln108" [softmax_accel_hls.cc:108->softmax_accel_hls.cc:478]   --->   Operation 174 'lshr' 'lshr_ln108' <Predicate = (tmp_34)> <Delay = 4.42> <CoreInst = "Shifter">   --->   Core 75 'Shifter' <Latency = 0> <II = 1> <Delay = 4.42> <FuncUnit> <Opcode : 'shl' 'lshr' 'ashr'> <InPorts = 2> <OutPorts = 1>
ST_7 : Operation 175 [1/1] (0.00ns)   --->   "%trunc_ln108 = trunc i32 %lshr_ln108" [softmax_accel_hls.cc:108->softmax_accel_hls.cc:478]   --->   Operation 175 'trunc' 'trunc_ln108' <Predicate = (tmp_34)> <Delay = 0.00>
ST_7 : Operation 176 [1/1] (0.00ns)   --->   "%lshr_ln = partselect i4 @_ssdm_op_PartSelect.i4.i32.i32.i32, i32 %lshr_ln108, i32 11, i32 14" [softmax_accel_hls.cc:111->softmax_accel_hls.cc:478]   --->   Operation 176 'partselect' 'lshr_ln' <Predicate = (tmp_34)> <Delay = 0.00>
ST_7 : Operation 177 [1/1] (0.00ns)   --->   "%zext_ln114_1 = zext i4 %lshr_ln" [softmax_accel_hls.cc:114->softmax_accel_hls.cc:478]   --->   Operation 177 'zext' 'zext_ln114_1' <Predicate = (tmp_34)> <Delay = 0.00>
ST_7 : Operation 178 [1/1] (0.00ns)   --->   "%RECIP_M_Q30_addr_1 = getelementptr i31 %RECIP_M_Q30, i64 0, i64 %zext_ln114_1" [softmax_accel_hls.cc:114->softmax_accel_hls.cc:478]   --->   Operation 178 'getelementptr' 'RECIP_M_Q30_addr_1' <Predicate = (tmp_34)> <Delay = 0.00>
ST_7 : Operation 179 [2/2] (2.32ns)   --->   "%RECIP_M_Q30_load = load i4 %RECIP_M_Q30_addr_1" [softmax_accel_hls.cc:114->softmax_accel_hls.cc:478]   --->   Operation 179 'load' 'RECIP_M_Q30_load' <Predicate = (tmp_34)> <Delay = 2.32> <CoreInst = "ROM">   --->   Core 94 'ROM' <Latency = 1> <II = 1> <Delay = 2.32> <Storage> <Opcode : 'load'> <Ports = 0> <Width = 31> <Depth = 16> <ROM>
ST_7 : Operation 180 [1/1] (0.00ns)   --->   "%RECIP_B_Q30_addr_1 = getelementptr i31 %RECIP_B_Q30, i64 0, i64 %zext_ln114_1" [softmax_accel_hls.cc:115->softmax_accel_hls.cc:478]   --->   Operation 180 'getelementptr' 'RECIP_B_Q30_addr_1' <Predicate = (tmp_34)> <Delay = 0.00>
ST_7 : Operation 181 [2/2] (2.32ns)   --->   "%RECIP_B_Q30_load = load i4 %RECIP_B_Q30_addr_1" [softmax_accel_hls.cc:115->softmax_accel_hls.cc:478]   --->   Operation 181 'load' 'RECIP_B_Q30_load' <Predicate = (tmp_34)> <Delay = 2.32> <CoreInst = "ROM">   --->   Core 94 'ROM' <Latency = 1> <II = 1> <Delay = 2.32> <Storage> <Opcode : 'load'> <Ports = 0> <Width = 31> <Depth = 16> <ROM>

State 8 <SV = 7> <Delay = 2.32>
ST_8 : Operation 182 [1/2] ( I:2.32ns O:2.32ns )   --->   "%m = load i4 %RECIP_M_Q30_addr" [softmax_accel_hls.cc:114->softmax_accel_hls.cc:478]   --->   Operation 182 'load' 'm' <Predicate = true> <Delay = 2.32> <CoreInst = "ROM">   --->   Core 94 'ROM' <Latency = 1> <II = 1> <Delay = 2.32> <Storage> <Opcode : 'load'> <Ports = 0> <Width = 31> <Depth = 16> <ROM>
ST_8 : Operation 183 [1/2] ( I:2.32ns O:2.32ns )   --->   "%b = load i4 %RECIP_B_Q30_addr" [softmax_accel_hls.cc:115->softmax_accel_hls.cc:478]   --->   Operation 183 'load' 'b' <Predicate = true> <Delay = 2.32> <CoreInst = "ROM">   --->   Core 94 'ROM' <Latency = 1> <II = 1> <Delay = 2.32> <Storage> <Opcode : 'load'> <Ports = 0> <Width = 31> <Depth = 16> <ROM>

State 9 <SV = 8> <Delay = 8.24>
ST_9 : Operation 184 [1/1] (0.00ns)   --->   "%sext_ln117 = sext i31 %m" [softmax_accel_hls.cc:117->softmax_accel_hls.cc:478]   --->   Operation 184 'sext' 'sext_ln117' <Predicate = true> <Delay = 0.00>
ST_9 : Operation 185 [1/1] (0.00ns)   --->   "%zext_ln117 = zext i16 %x_q1_15" [softmax_accel_hls.cc:117->softmax_accel_hls.cc:478]   --->   Operation 185 'zext' 'zext_ln117' <Predicate = true> <Delay = 0.00>
ST_9 : Operation 186 [1/1] (8.24ns)   --->   "%mx = mul i47 %sext_ln117, i47 %zext_ln117" [softmax_accel_hls.cc:117->softmax_accel_hls.cc:478]   --->   Operation 186 'mul' 'mx' <Predicate = true> <Delay = 8.24> <CoreInst = "Multiplier">   --->   Core 3 'Multiplier' <Latency = 0> <II = 1> <Delay = 8.24> <FuncUnit> <Opcode : 'mul'> <InPorts = 2> <OutPorts = 1>
ST_9 : Operation 187 [1/1] (0.00ns)   --->   "%trunc_ln4 = partselect i32 @_ssdm_op_PartSelect.i32.i47.i32.i32, i47 %mx, i32 15, i32 46" [softmax_accel_hls.cc:118->softmax_accel_hls.cc:478]   --->   Operation 187 'partselect' 'trunc_ln4' <Predicate = true> <Delay = 0.00>

State 10 <SV = 9> <Delay = 6.97>
ST_10 : Operation 188 [1/1] (0.00ns)   --->   "%b_cast = zext i31 %b" [softmax_accel_hls.cc:115->softmax_accel_hls.cc:478]   --->   Operation 188 'zext' 'b_cast' <Predicate = true> <Delay = 0.00>
ST_10 : Operation 189 [1/1] (2.55ns)   --->   "%inv_x_q30 = add i32 %trunc_ln4, i32 %b_cast" [softmax_accel_hls.cc:118->softmax_accel_hls.cc:478]   --->   Operation 189 'add' 'inv_x_q30' <Predicate = true> <Delay = 2.55> <CoreInst = "Adder">   --->   Core 1 'Adder' <Latency = 0> <II = 1> <Delay = 2.55> <FuncUnit> <Opcode : 'add' 'sub'> <InPorts = 2> <OutPorts = 1>
ST_10 : Operation 190 [1/1] (0.00ns)   --->   "%sext_ln121 = sext i32 %inv_x_q30" [softmax_accel_hls.cc:121->softmax_accel_hls.cc:478]   --->   Operation 190 'sext' 'sext_ln121' <Predicate = true> <Delay = 0.00>
ST_10 : Operation 191 [1/1] (1.78ns)   --->   "%sub_ln123 = sub i5 16, i5 %msb" [softmax_accel_hls.cc:123->softmax_accel_hls.cc:478]   --->   Operation 191 'sub' 'sub_ln123' <Predicate = true> <Delay = 1.78> <CoreInst = "Adder">   --->   Core 1 'Adder' <Latency = 0> <II = 1> <Delay = 1.82> <FuncUnit> <Opcode : 'add' 'sub'> <InPorts = 2> <OutPorts = 1>
ST_10 : Operation 192 [1/1] (0.00ns)   --->   "%zext_ln123 = zext i5 %sub_ln123" [softmax_accel_hls.cc:123->softmax_accel_hls.cc:478]   --->   Operation 192 'zext' 'zext_ln123' <Predicate = true> <Delay = 0.00>
ST_10 : Operation 193 [1/1] (4.42ns)   --->   "%shl_ln123 = shl i48 %sext_ln121, i48 %zext_ln123" [softmax_accel_hls.cc:123->softmax_accel_hls.cc:478]   --->   Operation 193 'shl' 'shl_ln123' <Predicate = true> <Delay = 4.42> <CoreInst = "Shifter">   --->   Core 75 'Shifter' <Latency = 0> <II = 1> <Delay = 4.62> <FuncUnit> <Opcode : 'shl' 'lshr' 'ashr'> <InPorts = 2> <OutPorts = 1>
ST_10 : Operation 194 [1/1] (1.58ns)   --->   "%br_ln123 = br void %if.end34.i" [softmax_accel_hls.cc:123->softmax_accel_hls.cc:478]   --->   Operation 194 'br' 'br_ln123' <Predicate = true> <Delay = 1.58>

State 11 <SV = 7> <Delay = 2.32>
ST_11 : Operation 195 [1/2] ( I:2.32ns O:2.32ns )   --->   "%RECIP_M_Q30_load = load i4 %RECIP_M_Q30_addr_1" [softmax_accel_hls.cc:114->softmax_accel_hls.cc:478]   --->   Operation 195 'load' 'RECIP_M_Q30_load' <Predicate = true> <Delay = 2.32> <CoreInst = "ROM">   --->   Core 94 'ROM' <Latency = 1> <II = 1> <Delay = 2.32> <Storage> <Opcode : 'load'> <Ports = 0> <Width = 31> <Depth = 16> <ROM>
ST_11 : Operation 196 [1/2] ( I:2.32ns O:2.32ns )   --->   "%RECIP_B_Q30_load = load i4 %RECIP_B_Q30_addr_1" [softmax_accel_hls.cc:115->softmax_accel_hls.cc:478]   --->   Operation 196 'load' 'RECIP_B_Q30_load' <Predicate = true> <Delay = 2.32> <CoreInst = "ROM">   --->   Core 94 'ROM' <Latency = 1> <II = 1> <Delay = 2.32> <Storage> <Opcode : 'load'> <Ports = 0> <Width = 31> <Depth = 16> <ROM>

State 12 <SV = 8> <Delay = 8.24>
ST_12 : Operation 197 [1/1] (0.00ns)   --->   "%sext_ln117_1 = sext i31 %RECIP_M_Q30_load" [softmax_accel_hls.cc:117->softmax_accel_hls.cc:478]   --->   Operation 197 'sext' 'sext_ln117_1' <Predicate = true> <Delay = 0.00>
ST_12 : Operation 198 [1/1] (0.00ns)   --->   "%zext_ln117_1 = zext i16 %trunc_ln108" [softmax_accel_hls.cc:117->softmax_accel_hls.cc:478]   --->   Operation 198 'zext' 'zext_ln117_1' <Predicate = true> <Delay = 0.00>
ST_12 : Operation 199 [1/1] (8.24ns)   --->   "%mul_ln117 = mul i47 %sext_ln117_1, i47 %zext_ln117_1" [softmax_accel_hls.cc:117->softmax_accel_hls.cc:478]   --->   Operation 199 'mul' 'mul_ln117' <Predicate = true> <Delay = 8.24> <CoreInst = "Multiplier">   --->   Core 3 'Multiplier' <Latency = 0> <II = 1> <Delay = 8.24> <FuncUnit> <Opcode : 'mul'> <InPorts = 2> <OutPorts = 1>
ST_12 : Operation 200 [1/1] (0.00ns)   --->   "%trunc_ln118_1 = partselect i32 @_ssdm_op_PartSelect.i32.i47.i32.i32, i47 %mul_ln117, i32 15, i32 46" [softmax_accel_hls.cc:118->softmax_accel_hls.cc:478]   --->   Operation 200 'partselect' 'trunc_ln118_1' <Predicate = true> <Delay = 0.00>

State 13 <SV = 9> <Delay = 6.97>
ST_13 : Operation 201 [1/1] (0.00ns)   --->   "%RECIP_B_Q30_load_cast = zext i31 %RECIP_B_Q30_load" [softmax_accel_hls.cc:115->softmax_accel_hls.cc:478]   --->   Operation 201 'zext' 'RECIP_B_Q30_load_cast' <Predicate = true> <Delay = 0.00>
ST_13 : Operation 202 [1/1] (2.55ns)   --->   "%add_ln118 = add i32 %trunc_ln118_1, i32 %RECIP_B_Q30_load_cast" [softmax_accel_hls.cc:118->softmax_accel_hls.cc:478]   --->   Operation 202 'add' 'add_ln118' <Predicate = true> <Delay = 2.55> <CoreInst = "Adder">   --->   Core 1 'Adder' <Latency = 0> <II = 1> <Delay = 2.55> <FuncUnit> <Opcode : 'add' 'sub'> <InPorts = 2> <OutPorts = 1>
ST_13 : Operation 203 [1/1] (0.00ns)   --->   "%trunc_ln122 = trunc i5 %msb" [softmax_accel_hls.cc:122->softmax_accel_hls.cc:478]   --->   Operation 203 'trunc' 'trunc_ln122' <Predicate = true> <Delay = 0.00>
ST_13 : Operation 204 [1/1] (0.00ns)   --->   "%zext_ln122 = zext i4 %trunc_ln122" [softmax_accel_hls.cc:122->softmax_accel_hls.cc:478]   --->   Operation 204 'zext' 'zext_ln122' <Predicate = true> <Delay = 0.00>
ST_13 : Operation 205 [1/1] (4.42ns)   --->   "%inv_sum_1 = ashr i32 %add_ln118, i32 %zext_ln122" [softmax_accel_hls.cc:122->softmax_accel_hls.cc:478]   --->   Operation 205 'ashr' 'inv_sum_1' <Predicate = true> <Delay = 4.42> <CoreInst = "Shifter">   --->   Core 75 'Shifter' <Latency = 0> <II = 1> <Delay = 4.42> <FuncUnit> <Opcode : 'shl' 'lshr' 'ashr'> <InPorts = 2> <OutPorts = 1>
ST_13 : Operation 206 [1/1] (0.00ns)   --->   "%sext_ln121_1 = sext i32 %inv_sum_1" [softmax_accel_hls.cc:121->softmax_accel_hls.cc:478]   --->   Operation 206 'sext' 'sext_ln121_1' <Predicate = true> <Delay = 0.00>
ST_13 : Operation 207 [1/1] (1.58ns)   --->   "%br_ln122 = br void %if.end34.i" [softmax_accel_hls.cc:122->softmax_accel_hls.cc:478]   --->   Operation 207 'br' 'br_ln122' <Predicate = true> <Delay = 1.58>

State 14 <SV = 10> <Delay = 3.84>
ST_14 : Operation 208 [1/1] (0.00ns)   --->   "%inv_sum_2 = phi i48 %sext_ln121_1, void %if.end8.i.thread, i48 %shl_ln123, void %if.end8.i" [softmax_accel_hls.cc:121->softmax_accel_hls.cc:478]   --->   Operation 208 'phi' 'inv_sum_2' <Predicate = (!icmp_ln95)> <Delay = 0.00>
ST_14 : Operation 209 [1/1] (0.00ns)   --->   "%trunc_ln121 = trunc i48 %inv_sum_2" [softmax_accel_hls.cc:121->softmax_accel_hls.cc:478]   --->   Operation 209 'trunc' 'trunc_ln121' <Predicate = (!icmp_ln95)> <Delay = 0.00>
ST_14 : Operation 210 [1/1] (0.00ns)   --->   "%tmp_35 = bitselect i1 @_ssdm_op_BitSelect.i1.i48.i32, i48 %inv_sum_2, i32 47" [softmax_accel_hls.cc:125->softmax_accel_hls.cc:478]   --->   Operation 210 'bitselect' 'tmp_35' <Predicate = (!icmp_ln95)> <Delay = 0.00>
ST_14 : Operation 211 [1/1] (1.03ns)   --->   "%inv_sum_3 = select i1 %tmp_35, i47 0, i47 %trunc_ln121" [softmax_accel_hls.cc:125->softmax_accel_hls.cc:478]   --->   Operation 211 'select' 'inv_sum_3' <Predicate = (!icmp_ln95)> <Delay = 1.03> <CoreInst = "Sel">   --->   Core 73 'Sel' <Latency = 0> <II = 1> <Delay = 1.03> <FuncUnit> <Opcode : 'select'> <InPorts = 3> <OutPorts = 1>
ST_14 : Operation 212 [1/1] (0.00ns)   --->   "%tmp_36 = partselect i16 @_ssdm_op_PartSelect.i16.i47.i32.i32, i47 %inv_sum_3, i32 31, i32 46" [softmax_accel_hls.cc:126->softmax_accel_hls.cc:478]   --->   Operation 212 'partselect' 'tmp_36' <Predicate = (!icmp_ln95)> <Delay = 0.00>
ST_14 : Operation 213 [1/1] (2.07ns)   --->   "%icmp_ln126 = icmp_ne  i16 %tmp_36, i16 0" [softmax_accel_hls.cc:126->softmax_accel_hls.cc:478]   --->   Operation 213 'icmp' 'icmp_ln126' <Predicate = (!icmp_ln95)> <Delay = 2.07> <CoreInst = "Cmp">   --->   Core 9 'Cmp' <Latency = 0> <II = 1> <Delay = 2.07> <FuncUnit> <Opcode : 'seteq' 'setne' 'setle' 'setge' 'setlt' 'setgt'> <InPorts = 2> <OutPorts = 1>
ST_14 : Operation 214 [1/1] (0.00ns)   --->   "%trunc_ln127 = trunc i47 %inv_sum_3" [softmax_accel_hls.cc:127->softmax_accel_hls.cc:478]   --->   Operation 214 'trunc' 'trunc_ln127' <Predicate = (!icmp_ln95)> <Delay = 0.00>
ST_14 : Operation 215 [1/1] (0.73ns)   --->   "%inv_sum_q30 = select i1 %icmp_ln126, i31 2147483647, i31 %trunc_ln127" [softmax_accel_hls.cc:127->softmax_accel_hls.cc:478]   --->   Operation 215 'select' 'inv_sum_q30' <Predicate = (!icmp_ln95)> <Delay = 0.73> <CoreInst = "Sel">   --->   Core 73 'Sel' <Latency = 0> <II = 1> <Delay = 0.73> <FuncUnit> <Opcode : 'select'> <InPorts = 3> <OutPorts = 1>
ST_14 : Operation 216 [1/1] (1.58ns)   --->   "%br_ln0 = br void %_ZL15recip_sum_q2_307ap_uintILi32EE.exit"   --->   Operation 216 'br' 'br_ln0' <Predicate = (!icmp_ln95)> <Delay = 1.58>
ST_14 : Operation 217 [1/1] (0.00ns)   --->   "%tmp_1 = partselect i28 @_ssdm_op_PartSelect.i28.i32.i32.i32, i32 %dbg_base_read, i32 4, i32 31" [softmax_accel_hls.cc:186->softmax_accel_hls.cc:482]   --->   Operation 217 'partselect' 'tmp_1' <Predicate = true> <Delay = 0.00>
ST_14 : Operation 218 [1/1] (0.00ns)   --->   "%tmp_2 = partselect i2 @_ssdm_op_PartSelect.i2.i32.i32.i32, i32 %dbg_base_read, i32 2, i32 3" [softmax_accel_hls.cc:179->softmax_accel_hls.cc:187->softmax_accel_hls.cc:482]   --->   Operation 218 'partselect' 'tmp_2' <Predicate = true> <Delay = 0.00>

State 15 <SV = 11> <Delay = 5.95>
ST_15 : Operation 219 [1/1] (0.00ns)   --->   "%inv_sum_q30_1 = phi i31 %inv_sum_q30, void %if.end34.i, i31 2147483647, void %if.end"   --->   Operation 219 'phi' 'inv_sum_q30_1' <Predicate = true> <Delay = 0.00>
ST_15 : Operation 220 [2/2] (5.95ns)   --->   "%call_ln480 = call void @normalize_and_store, i128 %gmem, i64 %mem_read, i28 %trunc_ln3, i9 %select_ln458, i32 %exp_buf, i32 %exp_buf_1, i32 %exp_buf_2, i32 %exp_buf_3, i31 %inv_sum_q30_1" [softmax_accel_hls.cc:480]   --->   Operation 220 'call' 'call_ln480' <Predicate = true> <Delay = 5.95> <CoreType = "Generic">   --->   Generic Core

State 16 <SV = 12> <Delay = 3.52>
ST_16 : Operation 221 [1/2] (0.00ns)   --->   "%call_ln480 = call void @normalize_and_store, i128 %gmem, i64 %mem_read, i28 %trunc_ln3, i9 %select_ln458, i32 %exp_buf, i32 %exp_buf_1, i32 %exp_buf_2, i32 %exp_buf_3, i31 %inv_sum_q30_1" [softmax_accel_hls.cc:480]   --->   Operation 221 'call' 'call_ln480' <Predicate = true> <Delay = 0.00> <CoreType = "Generic">   --->   Generic Core
ST_16 : Operation 222 [1/1] (0.00ns)   --->   "%and_ln = bitconcatenate i32 @_ssdm_op_BitConcatenate.i32.i28.i4, i28 %tmp_1, i4 0" [softmax_accel_hls.cc:186->softmax_accel_hls.cc:482]   --->   Operation 222 'bitconcatenate' 'and_ln' <Predicate = true> <Delay = 0.00>
ST_16 : Operation 223 [1/1] (0.00ns)   --->   "%zext_ln186 = zext i32 %and_ln" [softmax_accel_hls.cc:186->softmax_accel_hls.cc:482]   --->   Operation 223 'zext' 'zext_ln186' <Predicate = true> <Delay = 0.00>
ST_16 : Operation 224 [1/1] (3.52ns)   --->   "%add_ln186 = add i64 %zext_ln186, i64 %mem_read" [softmax_accel_hls.cc:186->softmax_accel_hls.cc:482]   --->   Operation 224 'add' 'add_ln186' <Predicate = true> <Delay = 3.52> <CoreInst = "Adder">   --->   Core 1 'Adder' <Latency = 0> <II = 1> <Delay = 3.52> <FuncUnit> <Opcode : 'add' 'sub'> <InPorts = 2> <OutPorts = 1>
ST_16 : Operation 225 [1/1] (0.00ns)   --->   "%trunc_ln9 = partselect i60 @_ssdm_op_PartSelect.i60.i64.i32.i32, i64 %add_ln186, i32 4, i32 63" [softmax_accel_hls.cc:186->softmax_accel_hls.cc:482]   --->   Operation 225 'partselect' 'trunc_ln9' <Predicate = true> <Delay = 0.00>

State 17 <SV = 13> <Delay = 8.61>
ST_17 : Operation 226 [1/1] (0.00ns)   --->   "%sext_ln186 = sext i60 %trunc_ln9" [softmax_accel_hls.cc:186->softmax_accel_hls.cc:482]   --->   Operation 226 'sext' 'sext_ln186' <Predicate = true> <Delay = 0.00>
ST_17 : Operation 227 [1/1] (0.00ns)   --->   "%gmem_addr = getelementptr i128 %gmem, i64 %sext_ln186" [softmax_accel_hls.cc:186->softmax_accel_hls.cc:482]   --->   Operation 227 'getelementptr' 'gmem_addr' <Predicate = true> <Delay = 0.00>
ST_17 : Operation 228 [1/1] (0.00ns)   --->   "%and_ln1 = bitconcatenate i7 @_ssdm_op_BitConcatenate.i7.i2.i5, i2 %tmp_2, i5 0" [softmax_accel_hls.cc:179->softmax_accel_hls.cc:187->softmax_accel_hls.cc:482]   --->   Operation 228 'bitconcatenate' 'and_ln1' <Predicate = true> <Delay = 0.00>
ST_17 : Operation 229 [1/1] (0.00ns)   --->   "%tmp_37 = bitconcatenate i4 @_ssdm_op_BitConcatenate.i4.i2.i2, i2 %tmp_2, i2 0" [softmax_accel_hls.cc:179->softmax_accel_hls.cc:187->softmax_accel_hls.cc:482]   --->   Operation 229 'bitconcatenate' 'tmp_37' <Predicate = true> <Delay = 0.00>
ST_17 : Operation 230 [1/1] (0.00ns)   --->   "%zext_ln179 = zext i4 %tmp_37" [softmax_accel_hls.cc:179->softmax_accel_hls.cc:187->softmax_accel_hls.cc:482]   --->   Operation 230 'zext' 'zext_ln179' <Predicate = true> <Delay = 0.00>
ST_17 : Operation 231 [1/1] (2.66ns)   --->   "%shl_ln179 = shl i16 15, i16 %zext_ln179" [softmax_accel_hls.cc:179->softmax_accel_hls.cc:187->softmax_accel_hls.cc:482]   --->   Operation 231 'shl' 'shl_ln179' <Predicate = true> <Delay = 2.66> <CoreInst = "Shifter">   --->   Core 75 'Shifter' <Latency = 0> <II = 1> <Delay = 3.98> <FuncUnit> <Opcode : 'shl' 'lshr' 'ashr'> <InPorts = 2> <OutPorts = 1>
ST_17 : Operation 232 [1/1] (1.64ns)   --->   "%line = partset i128 @_ssdm_op_PartSet.i128.i128.i32.i7, i128 0, i32 %max_x, i7 %and_ln1" [softmax_accel_hls.cc:179->softmax_accel_hls.cc:187->softmax_accel_hls.cc:482]   --->   Operation 232 'partset' 'line' <Predicate = true> <Delay = 1.64> <CoreInst = "PartSet">   --->   Core 144 'PartSet' <Latency = 0> <II = 1> <Delay = 1.64> <FuncUnit> <Opcode : 'partset'> <InPorts = 3> <OutPorts = 1>
ST_17 : Operation 233 [1/1] (8.61ns)   --->   "%gmem_addr_req = writereq i1 @_ssdm_op_WriteReq.m_axi.i128P1A, i64 %gmem_addr, i64 1" [softmax_accel_hls.cc:188->softmax_accel_hls.cc:482]   --->   Operation 233 'writereq' 'gmem_addr_req' <Predicate = true> <Delay = 8.61> <CoreInst = "m_axi">   --->   Core 111 'm_axi' <Latency = 9> <II = 1> <Delay = 1.00> <Adapter> <Opcode : 'read' 'write' 'readreq' 'writereq' 'writeresp'>
ST_17 : Operation 234 [1/1] (2.49ns)   --->   "%add_ln483 = add i31 %zext_ln462, i31 1" [softmax_accel_hls.cc:483]   --->   Operation 234 'add' 'add_ln483' <Predicate = true> <Delay = 2.49> <CoreInst = "Adder">   --->   Core 1 'Adder' <Latency = 0> <II = 1> <Delay = 2.52> <FuncUnit> <Opcode : 'add' 'sub'> <InPorts = 2> <OutPorts = 1>
ST_17 : Operation 235 [1/1] (0.00ns)   --->   "%tmp_3 = partselect i29 @_ssdm_op_PartSelect.i29.i31.i32.i32, i31 %add_ln483, i32 2, i32 30" [softmax_accel_hls.cc:186->softmax_accel_hls.cc:483]   --->   Operation 235 'partselect' 'tmp_3' <Predicate = true> <Delay = 0.00>
ST_17 : Operation 236 [1/1] (0.00ns)   --->   "%shl_ln = bitconcatenate i33 @_ssdm_op_BitConcatenate.i33.i29.i4, i29 %tmp_3, i4 0" [softmax_accel_hls.cc:186->softmax_accel_hls.cc:483]   --->   Operation 236 'bitconcatenate' 'shl_ln' <Predicate = true> <Delay = 0.00>
ST_17 : Operation 237 [1/1] (0.00ns)   --->   "%zext_ln186_1 = zext i33 %shl_ln" [softmax_accel_hls.cc:186->softmax_accel_hls.cc:483]   --->   Operation 237 'zext' 'zext_ln186_1' <Predicate = true> <Delay = 0.00>
ST_17 : Operation 238 [1/1] (3.52ns)   --->   "%add_ln186_1 = add i64 %zext_ln186_1, i64 %mem_read" [softmax_accel_hls.cc:186->softmax_accel_hls.cc:483]   --->   Operation 238 'add' 'add_ln186_1' <Predicate = true> <Delay = 3.52> <CoreInst = "Adder">   --->   Core 1 'Adder' <Latency = 0> <II = 1> <Delay = 3.52> <FuncUnit> <Opcode : 'add' 'sub'> <InPorts = 2> <OutPorts = 1>
ST_17 : Operation 239 [1/1] (0.00ns)   --->   "%trunc_ln186_1 = partselect i60 @_ssdm_op_PartSelect.i60.i64.i32.i32, i64 %add_ln186_1, i32 4, i32 63" [softmax_accel_hls.cc:186->softmax_accel_hls.cc:483]   --->   Operation 239 'partselect' 'trunc_ln186_1' <Predicate = true> <Delay = 0.00>
ST_17 : Operation 240 [1/1] (0.00ns)   --->   "%trunc_ln179 = trunc i31 %add_ln483" [softmax_accel_hls.cc:179->softmax_accel_hls.cc:187->softmax_accel_hls.cc:483]   --->   Operation 240 'trunc' 'trunc_ln179' <Predicate = true> <Delay = 0.00>

State 18 <SV = 14> <Delay = 8.61>
ST_18 : Operation 241 [1/1] (8.61ns)   --->   "%write_ln188 = write void @_ssdm_op_Write.m_axi.volatile.i128P1A, i64 %gmem_addr, i128 %line, i16 %shl_ln179" [softmax_accel_hls.cc:188->softmax_accel_hls.cc:482]   --->   Operation 241 'write' 'write_ln188' <Predicate = true> <Delay = 8.61> <CoreInst = "m_axi">   --->   Core 111 'm_axi' <Latency = 5> <II = 1> <Delay = 1.00> <Adapter> <Opcode : 'read' 'write' 'readreq' 'writereq' 'writeresp'>
ST_18 : Operation 242 [1/1] (0.00ns)   --->   "%sext_ln186_1 = sext i60 %trunc_ln186_1" [softmax_accel_hls.cc:186->softmax_accel_hls.cc:483]   --->   Operation 242 'sext' 'sext_ln186_1' <Predicate = true> <Delay = 0.00>
ST_18 : Operation 243 [1/1] (0.00ns)   --->   "%gmem_addr_1 = getelementptr i128 %gmem, i64 %sext_ln186_1" [softmax_accel_hls.cc:186->softmax_accel_hls.cc:483]   --->   Operation 243 'getelementptr' 'gmem_addr_1' <Predicate = true> <Delay = 0.00>
ST_18 : Operation 244 [1/1] (0.00ns)   --->   "%shl_ln179_1 = bitconcatenate i7 @_ssdm_op_BitConcatenate.i7.i2.i5, i2 %trunc_ln179, i5 0" [softmax_accel_hls.cc:179->softmax_accel_hls.cc:187->softmax_accel_hls.cc:483]   --->   Operation 244 'bitconcatenate' 'shl_ln179_1' <Predicate = true> <Delay = 0.00>
ST_18 : Operation 245 [1/1] (0.00ns)   --->   "%tmp_38 = bitconcatenate i4 @_ssdm_op_BitConcatenate.i4.i2.i2, i2 %trunc_ln179, i2 0" [softmax_accel_hls.cc:179->softmax_accel_hls.cc:187->softmax_accel_hls.cc:483]   --->   Operation 245 'bitconcatenate' 'tmp_38' <Predicate = true> <Delay = 0.00>
ST_18 : Operation 246 [1/1] (0.00ns)   --->   "%zext_ln179_1 = zext i4 %tmp_38" [softmax_accel_hls.cc:179->softmax_accel_hls.cc:187->softmax_accel_hls.cc:483]   --->   Operation 246 'zext' 'zext_ln179_1' <Predicate = true> <Delay = 0.00>
ST_18 : Operation 247 [1/1] (2.66ns)   --->   "%shl_ln179_3 = shl i16 15, i16 %zext_ln179_1" [softmax_accel_hls.cc:179->softmax_accel_hls.cc:187->softmax_accel_hls.cc:483]   --->   Operation 247 'shl' 'shl_ln179_3' <Predicate = true> <Delay = 2.66> <CoreInst = "Shifter">   --->   Core 75 'Shifter' <Latency = 0> <II = 1> <Delay = 3.98> <FuncUnit> <Opcode : 'shl' 'lshr' 'ashr'> <InPorts = 2> <OutPorts = 1>
ST_18 : Operation 248 [1/1] (1.64ns)   --->   "%line_9 = partset i128 @_ssdm_op_PartSet.i128.i128.i32.i7, i128 0, i32 %sum_q16_2, i7 %shl_ln179_1" [softmax_accel_hls.cc:179->softmax_accel_hls.cc:187->softmax_accel_hls.cc:483]   --->   Operation 248 'partset' 'line_9' <Predicate = true> <Delay = 1.64> <CoreInst = "PartSet">   --->   Core 144 'PartSet' <Latency = 0> <II = 1> <Delay = 1.64> <FuncUnit> <Opcode : 'partset'> <InPorts = 3> <OutPorts = 1>
ST_18 : Operation 249 [1/1] (8.61ns)   --->   "%gmem_addr_2_req = writereq i1 @_ssdm_op_WriteReq.m_axi.i128P1A, i64 %gmem_addr_1, i64 1" [softmax_accel_hls.cc:188->softmax_accel_hls.cc:483]   --->   Operation 249 'writereq' 'gmem_addr_2_req' <Predicate = true> <Delay = 8.61> <CoreInst = "m_axi">   --->   Core 111 'm_axi' <Latency = 9> <II = 1> <Delay = 1.00> <Adapter> <Opcode : 'read' 'write' 'readreq' 'writereq' 'writeresp'>

State 19 <SV = 15> <Delay = 8.61>
ST_19 : Operation 250 [5/5] (8.61ns)   --->   "%gmem_addr_resp = writeresp i1 @_ssdm_op_WriteResp.m_axi.i128P1A, i64 %gmem_addr" [softmax_accel_hls.cc:188->softmax_accel_hls.cc:482]   --->   Operation 250 'writeresp' 'gmem_addr_resp' <Predicate = true> <Delay = 8.61> <CoreInst = "m_axi">   --->   Core 111 'm_axi' <Latency = 3> <II = 1> <Delay = 1.00> <Adapter> <Opcode : 'read' 'write' 'readreq' 'writereq' 'writeresp'>
ST_19 : Operation 251 [1/1] (8.61ns)   --->   "%write_ln188 = write void @_ssdm_op_Write.m_axi.volatile.i128P1A, i64 %gmem_addr_1, i128 %line_9, i16 %shl_ln179_3" [softmax_accel_hls.cc:188->softmax_accel_hls.cc:483]   --->   Operation 251 'write' 'write_ln188' <Predicate = true> <Delay = 8.61> <CoreInst = "m_axi">   --->   Core 111 'm_axi' <Latency = 5> <II = 1> <Delay = 1.00> <Adapter> <Opcode : 'read' 'write' 'readreq' 'writereq' 'writeresp'>

State 20 <SV = 16> <Delay = 8.61>
ST_20 : Operation 252 [4/5] (8.61ns)   --->   "%gmem_addr_resp = writeresp i1 @_ssdm_op_WriteResp.m_axi.i128P1A, i64 %gmem_addr" [softmax_accel_hls.cc:188->softmax_accel_hls.cc:482]   --->   Operation 252 'writeresp' 'gmem_addr_resp' <Predicate = true> <Delay = 8.61> <CoreInst = "m_axi">   --->   Core 111 'm_axi' <Latency = 3> <II = 1> <Delay = 1.00> <Adapter> <Opcode : 'read' 'write' 'readreq' 'writereq' 'writeresp'>
ST_20 : Operation 253 [5/5] (8.61ns)   --->   "%gmem_addr_2_resp = writeresp i1 @_ssdm_op_WriteResp.m_axi.i128P1A, i64 %gmem_addr_1" [softmax_accel_hls.cc:188->softmax_accel_hls.cc:483]   --->   Operation 253 'writeresp' 'gmem_addr_2_resp' <Predicate = true> <Delay = 8.61> <CoreInst = "m_axi">   --->   Core 111 'm_axi' <Latency = 3> <II = 1> <Delay = 1.00> <Adapter> <Opcode : 'read' 'write' 'readreq' 'writereq' 'writeresp'>

State 21 <SV = 17> <Delay = 8.61>
ST_21 : Operation 254 [3/5] (8.61ns)   --->   "%gmem_addr_resp = writeresp i1 @_ssdm_op_WriteResp.m_axi.i128P1A, i64 %gmem_addr" [softmax_accel_hls.cc:188->softmax_accel_hls.cc:482]   --->   Operation 254 'writeresp' 'gmem_addr_resp' <Predicate = true> <Delay = 8.61> <CoreInst = "m_axi">   --->   Core 111 'm_axi' <Latency = 3> <II = 1> <Delay = 1.00> <Adapter> <Opcode : 'read' 'write' 'readreq' 'writereq' 'writeresp'>
ST_21 : Operation 255 [4/5] (8.61ns)   --->   "%gmem_addr_2_resp = writeresp i1 @_ssdm_op_WriteResp.m_axi.i128P1A, i64 %gmem_addr_1" [softmax_accel_hls.cc:188->softmax_accel_hls.cc:483]   --->   Operation 255 'writeresp' 'gmem_addr_2_resp' <Predicate = true> <Delay = 8.61> <CoreInst = "m_axi">   --->   Core 111 'm_axi' <Latency = 3> <II = 1> <Delay = 1.00> <Adapter> <Opcode : 'read' 'write' 'readreq' 'writereq' 'writeresp'>

State 22 <SV = 18> <Delay = 8.61>
ST_22 : Operation 256 [2/5] (8.61ns)   --->   "%gmem_addr_resp = writeresp i1 @_ssdm_op_WriteResp.m_axi.i128P1A, i64 %gmem_addr" [softmax_accel_hls.cc:188->softmax_accel_hls.cc:482]   --->   Operation 256 'writeresp' 'gmem_addr_resp' <Predicate = true> <Delay = 8.61> <CoreInst = "m_axi">   --->   Core 111 'm_axi' <Latency = 3> <II = 1> <Delay = 1.00> <Adapter> <Opcode : 'read' 'write' 'readreq' 'writereq' 'writeresp'>
ST_22 : Operation 257 [3/5] (8.61ns)   --->   "%gmem_addr_2_resp = writeresp i1 @_ssdm_op_WriteResp.m_axi.i128P1A, i64 %gmem_addr_1" [softmax_accel_hls.cc:188->softmax_accel_hls.cc:483]   --->   Operation 257 'writeresp' 'gmem_addr_2_resp' <Predicate = true> <Delay = 8.61> <CoreInst = "m_axi">   --->   Core 111 'm_axi' <Latency = 3> <II = 1> <Delay = 1.00> <Adapter> <Opcode : 'read' 'write' 'readreq' 'writereq' 'writeresp'>

State 23 <SV = 19> <Delay = 8.61>
ST_23 : Operation 258 [1/5] (8.61ns)   --->   "%gmem_addr_resp = writeresp i1 @_ssdm_op_WriteResp.m_axi.i128P1A, i64 %gmem_addr" [softmax_accel_hls.cc:188->softmax_accel_hls.cc:482]   --->   Operation 258 'writeresp' 'gmem_addr_resp' <Predicate = true> <Delay = 8.61> <CoreInst = "m_axi">   --->   Core 111 'm_axi' <Latency = 3> <II = 1> <Delay = 1.00> <Adapter> <Opcode : 'read' 'write' 'readreq' 'writereq' 'writeresp'>
ST_23 : Operation 259 [2/5] (8.61ns)   --->   "%gmem_addr_2_resp = writeresp i1 @_ssdm_op_WriteResp.m_axi.i128P1A, i64 %gmem_addr_1" [softmax_accel_hls.cc:188->softmax_accel_hls.cc:483]   --->   Operation 259 'writeresp' 'gmem_addr_2_resp' <Predicate = true> <Delay = 8.61> <CoreInst = "m_axi">   --->   Core 111 'm_axi' <Latency = 3> <II = 1> <Delay = 1.00> <Adapter> <Opcode : 'read' 'write' 'readreq' 'writereq' 'writeresp'>

State 24 <SV = 20> <Delay = 8.61>
ST_24 : Operation 260 [1/5] (8.61ns)   --->   "%gmem_addr_2_resp = writeresp i1 @_ssdm_op_WriteResp.m_axi.i128P1A, i64 %gmem_addr_1" [softmax_accel_hls.cc:188->softmax_accel_hls.cc:483]   --->   Operation 260 'writeresp' 'gmem_addr_2_resp' <Predicate = true> <Delay = 8.61> <CoreInst = "m_axi">   --->   Core 111 'm_axi' <Latency = 3> <II = 1> <Delay = 1.00> <Adapter> <Opcode : 'read' 'write' 'readreq' 'writereq' 'writeresp'>
ST_24 : Operation 261 [1/1] (2.49ns)   --->   "%add_ln484 = add i31 %zext_ln462, i31 2" [softmax_accel_hls.cc:484]   --->   Operation 261 'add' 'add_ln484' <Predicate = true> <Delay = 2.49> <CoreInst = "Adder">   --->   Core 1 'Adder' <Latency = 0> <II = 1> <Delay = 2.52> <FuncUnit> <Opcode : 'add' 'sub'> <InPorts = 2> <OutPorts = 1>
ST_24 : Operation 262 [1/1] (0.00ns)   --->   "%tmp_39 = bitselect i1 @_ssdm_op_BitSelect.i1.i32.i32, i32 %sum_q16_2, i32 31" [softmax_accel_hls.cc:435->softmax_accel_hls.cc:484]   --->   Operation 262 'bitselect' 'tmp_39' <Predicate = true> <Delay = 0.00>
ST_24 : Operation 263 [1/1] (3.20ns)   --->   "%br_ln435 = br i1 %tmp_39, void %if.end.i, void %_ZL16derive_shift_dbg7ap_uintILi32EE.exit" [softmax_accel_hls.cc:435->softmax_accel_hls.cc:484]   --->   Operation 263 'br' 'br_ln435' <Predicate = true> <Delay = 3.20>
ST_24 : Operation 264 [1/1] (0.00ns)   --->   "%tmp_40 = bitselect i1 @_ssdm_op_BitSelect.i1.i32.i32, i32 %sum_q16_2, i32 30" [softmax_accel_hls.cc:435->softmax_accel_hls.cc:484]   --->   Operation 264 'bitselect' 'tmp_40' <Predicate = (!tmp_39)> <Delay = 0.00>
ST_24 : Operation 265 [1/1] (3.20ns)   --->   "%br_ln435 = br i1 %tmp_40, void %if.end.i.1, void %_ZL16derive_shift_dbg7ap_uintILi32EE.exit" [softmax_accel_hls.cc:435->softmax_accel_hls.cc:484]   --->   Operation 265 'br' 'br_ln435' <Predicate = (!tmp_39)> <Delay = 3.20>
ST_24 : Operation 266 [1/1] (0.00ns)   --->   "%tmp_41 = bitselect i1 @_ssdm_op_BitSelect.i1.i32.i32, i32 %sum_q16_2, i32 29" [softmax_accel_hls.cc:435->softmax_accel_hls.cc:484]   --->   Operation 266 'bitselect' 'tmp_41' <Predicate = (!tmp_39 & !tmp_40)> <Delay = 0.00>
ST_24 : Operation 267 [1/1] (3.20ns)   --->   "%br_ln435 = br i1 %tmp_41, void %if.end.i.2, void %_ZL16derive_shift_dbg7ap_uintILi32EE.exit" [softmax_accel_hls.cc:435->softmax_accel_hls.cc:484]   --->   Operation 267 'br' 'br_ln435' <Predicate = (!tmp_39 & !tmp_40)> <Delay = 3.20>
ST_24 : Operation 268 [1/1] (0.00ns)   --->   "%tmp_42 = bitselect i1 @_ssdm_op_BitSelect.i1.i32.i32, i32 %sum_q16_2, i32 28" [softmax_accel_hls.cc:435->softmax_accel_hls.cc:484]   --->   Operation 268 'bitselect' 'tmp_42' <Predicate = (!tmp_39 & !tmp_40 & !tmp_41)> <Delay = 0.00>
ST_24 : Operation 269 [1/1] (3.20ns)   --->   "%br_ln435 = br i1 %tmp_42, void %if.end.i.3, void %_ZL16derive_shift_dbg7ap_uintILi32EE.exit" [softmax_accel_hls.cc:435->softmax_accel_hls.cc:484]   --->   Operation 269 'br' 'br_ln435' <Predicate = (!tmp_39 & !tmp_40 & !tmp_41)> <Delay = 3.20>
ST_24 : Operation 270 [1/1] (0.00ns)   --->   "%tmp_43 = bitselect i1 @_ssdm_op_BitSelect.i1.i32.i32, i32 %sum_q16_2, i32 27" [softmax_accel_hls.cc:435->softmax_accel_hls.cc:484]   --->   Operation 270 'bitselect' 'tmp_43' <Predicate = (!tmp_39 & !tmp_40 & !tmp_41 & !tmp_42)> <Delay = 0.00>
ST_24 : Operation 271 [1/1] (3.20ns)   --->   "%br_ln435 = br i1 %tmp_43, void %if.end.i.4, void %_ZL16derive_shift_dbg7ap_uintILi32EE.exit" [softmax_accel_hls.cc:435->softmax_accel_hls.cc:484]   --->   Operation 271 'br' 'br_ln435' <Predicate = (!tmp_39 & !tmp_40 & !tmp_41 & !tmp_42)> <Delay = 3.20>
ST_24 : Operation 272 [1/1] (0.00ns)   --->   "%tmp_44 = bitselect i1 @_ssdm_op_BitSelect.i1.i32.i32, i32 %sum_q16_2, i32 26" [softmax_accel_hls.cc:435->softmax_accel_hls.cc:484]   --->   Operation 272 'bitselect' 'tmp_44' <Predicate = (!tmp_39 & !tmp_40 & !tmp_41 & !tmp_42 & !tmp_43)> <Delay = 0.00>
ST_24 : Operation 273 [1/1] (3.20ns)   --->   "%br_ln435 = br i1 %tmp_44, void %if.end.i.5, void %_ZL16derive_shift_dbg7ap_uintILi32EE.exit" [softmax_accel_hls.cc:435->softmax_accel_hls.cc:484]   --->   Operation 273 'br' 'br_ln435' <Predicate = (!tmp_39 & !tmp_40 & !tmp_41 & !tmp_42 & !tmp_43)> <Delay = 3.20>
ST_24 : Operation 274 [1/1] (0.00ns)   --->   "%tmp_45 = bitselect i1 @_ssdm_op_BitSelect.i1.i32.i32, i32 %sum_q16_2, i32 25" [softmax_accel_hls.cc:435->softmax_accel_hls.cc:484]   --->   Operation 274 'bitselect' 'tmp_45' <Predicate = (!tmp_39 & !tmp_40 & !tmp_41 & !tmp_42 & !tmp_43 & !tmp_44)> <Delay = 0.00>
ST_24 : Operation 275 [1/1] (3.20ns)   --->   "%br_ln435 = br i1 %tmp_45, void %if.end.i.6, void %_ZL16derive_shift_dbg7ap_uintILi32EE.exit" [softmax_accel_hls.cc:435->softmax_accel_hls.cc:484]   --->   Operation 275 'br' 'br_ln435' <Predicate = (!tmp_39 & !tmp_40 & !tmp_41 & !tmp_42 & !tmp_43 & !tmp_44)> <Delay = 3.20>
ST_24 : Operation 276 [1/1] (0.00ns)   --->   "%tmp_46 = bitselect i1 @_ssdm_op_BitSelect.i1.i32.i32, i32 %sum_q16_2, i32 24" [softmax_accel_hls.cc:435->softmax_accel_hls.cc:484]   --->   Operation 276 'bitselect' 'tmp_46' <Predicate = (!tmp_39 & !tmp_40 & !tmp_41 & !tmp_42 & !tmp_43 & !tmp_44 & !tmp_45)> <Delay = 0.00>
ST_24 : Operation 277 [1/1] (3.20ns)   --->   "%br_ln435 = br i1 %tmp_46, void %if.end.i.7, void %_ZL16derive_shift_dbg7ap_uintILi32EE.exit" [softmax_accel_hls.cc:435->softmax_accel_hls.cc:484]   --->   Operation 277 'br' 'br_ln435' <Predicate = (!tmp_39 & !tmp_40 & !tmp_41 & !tmp_42 & !tmp_43 & !tmp_44 & !tmp_45)> <Delay = 3.20>
ST_24 : Operation 278 [1/1] (0.00ns)   --->   "%tmp_47 = bitselect i1 @_ssdm_op_BitSelect.i1.i32.i32, i32 %sum_q16_2, i32 23" [softmax_accel_hls.cc:435->softmax_accel_hls.cc:484]   --->   Operation 278 'bitselect' 'tmp_47' <Predicate = (!tmp_39 & !tmp_40 & !tmp_41 & !tmp_42 & !tmp_43 & !tmp_44 & !tmp_45 & !tmp_46)> <Delay = 0.00>
ST_24 : Operation 279 [1/1] (3.20ns)   --->   "%br_ln435 = br i1 %tmp_47, void %if.end.i.8, void %_ZL16derive_shift_dbg7ap_uintILi32EE.exit" [softmax_accel_hls.cc:435->softmax_accel_hls.cc:484]   --->   Operation 279 'br' 'br_ln435' <Predicate = (!tmp_39 & !tmp_40 & !tmp_41 & !tmp_42 & !tmp_43 & !tmp_44 & !tmp_45 & !tmp_46)> <Delay = 3.20>
ST_24 : Operation 280 [1/1] (0.00ns)   --->   "%tmp_48 = bitselect i1 @_ssdm_op_BitSelect.i1.i32.i32, i32 %sum_q16_2, i32 22" [softmax_accel_hls.cc:435->softmax_accel_hls.cc:484]   --->   Operation 280 'bitselect' 'tmp_48' <Predicate = (!tmp_39 & !tmp_40 & !tmp_41 & !tmp_42 & !tmp_43 & !tmp_44 & !tmp_45 & !tmp_46 & !tmp_47)> <Delay = 0.00>
ST_24 : Operation 281 [1/1] (3.20ns)   --->   "%br_ln435 = br i1 %tmp_48, void %if.end.i.9, void %_ZL16derive_shift_dbg7ap_uintILi32EE.exit" [softmax_accel_hls.cc:435->softmax_accel_hls.cc:484]   --->   Operation 281 'br' 'br_ln435' <Predicate = (!tmp_39 & !tmp_40 & !tmp_41 & !tmp_42 & !tmp_43 & !tmp_44 & !tmp_45 & !tmp_46 & !tmp_47)> <Delay = 3.20>
ST_24 : Operation 282 [1/1] (0.00ns)   --->   "%tmp_49 = bitselect i1 @_ssdm_op_BitSelect.i1.i32.i32, i32 %sum_q16_2, i32 21" [softmax_accel_hls.cc:435->softmax_accel_hls.cc:484]   --->   Operation 282 'bitselect' 'tmp_49' <Predicate = (!tmp_39 & !tmp_40 & !tmp_41 & !tmp_42 & !tmp_43 & !tmp_44 & !tmp_45 & !tmp_46 & !tmp_47 & !tmp_48)> <Delay = 0.00>
ST_24 : Operation 283 [1/1] (3.20ns)   --->   "%br_ln435 = br i1 %tmp_49, void %if.end.i.10, void %_ZL16derive_shift_dbg7ap_uintILi32EE.exit" [softmax_accel_hls.cc:435->softmax_accel_hls.cc:484]   --->   Operation 283 'br' 'br_ln435' <Predicate = (!tmp_39 & !tmp_40 & !tmp_41 & !tmp_42 & !tmp_43 & !tmp_44 & !tmp_45 & !tmp_46 & !tmp_47 & !tmp_48)> <Delay = 3.20>
ST_24 : Operation 284 [1/1] (0.00ns)   --->   "%tmp_50 = bitselect i1 @_ssdm_op_BitSelect.i1.i32.i32, i32 %sum_q16_2, i32 20" [softmax_accel_hls.cc:435->softmax_accel_hls.cc:484]   --->   Operation 284 'bitselect' 'tmp_50' <Predicate = (!tmp_39 & !tmp_40 & !tmp_41 & !tmp_42 & !tmp_43 & !tmp_44 & !tmp_45 & !tmp_46 & !tmp_47 & !tmp_48 & !tmp_49)> <Delay = 0.00>
ST_24 : Operation 285 [1/1] (3.20ns)   --->   "%br_ln435 = br i1 %tmp_50, void %if.end.i.11, void %_ZL16derive_shift_dbg7ap_uintILi32EE.exit" [softmax_accel_hls.cc:435->softmax_accel_hls.cc:484]   --->   Operation 285 'br' 'br_ln435' <Predicate = (!tmp_39 & !tmp_40 & !tmp_41 & !tmp_42 & !tmp_43 & !tmp_44 & !tmp_45 & !tmp_46 & !tmp_47 & !tmp_48 & !tmp_49)> <Delay = 3.20>
ST_24 : Operation 286 [1/1] (0.00ns)   --->   "%tmp_51 = bitselect i1 @_ssdm_op_BitSelect.i1.i32.i32, i32 %sum_q16_2, i32 19" [softmax_accel_hls.cc:435->softmax_accel_hls.cc:484]   --->   Operation 286 'bitselect' 'tmp_51' <Predicate = (!tmp_39 & !tmp_40 & !tmp_41 & !tmp_42 & !tmp_43 & !tmp_44 & !tmp_45 & !tmp_46 & !tmp_47 & !tmp_48 & !tmp_49 & !tmp_50)> <Delay = 0.00>
ST_24 : Operation 287 [1/1] (3.20ns)   --->   "%br_ln435 = br i1 %tmp_51, void %if.end.i.12, void %_ZL16derive_shift_dbg7ap_uintILi32EE.exit" [softmax_accel_hls.cc:435->softmax_accel_hls.cc:484]   --->   Operation 287 'br' 'br_ln435' <Predicate = (!tmp_39 & !tmp_40 & !tmp_41 & !tmp_42 & !tmp_43 & !tmp_44 & !tmp_45 & !tmp_46 & !tmp_47 & !tmp_48 & !tmp_49 & !tmp_50)> <Delay = 3.20>
ST_24 : Operation 288 [1/1] (0.00ns)   --->   "%tmp_52 = bitselect i1 @_ssdm_op_BitSelect.i1.i32.i32, i32 %sum_q16_2, i32 18" [softmax_accel_hls.cc:435->softmax_accel_hls.cc:484]   --->   Operation 288 'bitselect' 'tmp_52' <Predicate = (!tmp_39 & !tmp_40 & !tmp_41 & !tmp_42 & !tmp_43 & !tmp_44 & !tmp_45 & !tmp_46 & !tmp_47 & !tmp_48 & !tmp_49 & !tmp_50 & !tmp_51)> <Delay = 0.00>
ST_24 : Operation 289 [1/1] (3.20ns)   --->   "%br_ln435 = br i1 %tmp_52, void %if.end.i.13, void %_ZL16derive_shift_dbg7ap_uintILi32EE.exit" [softmax_accel_hls.cc:435->softmax_accel_hls.cc:484]   --->   Operation 289 'br' 'br_ln435' <Predicate = (!tmp_39 & !tmp_40 & !tmp_41 & !tmp_42 & !tmp_43 & !tmp_44 & !tmp_45 & !tmp_46 & !tmp_47 & !tmp_48 & !tmp_49 & !tmp_50 & !tmp_51)> <Delay = 3.20>
ST_24 : Operation 290 [1/1] (0.00ns)   --->   "%tmp_53 = bitselect i1 @_ssdm_op_BitSelect.i1.i32.i32, i32 %sum_q16_2, i32 17" [softmax_accel_hls.cc:435->softmax_accel_hls.cc:484]   --->   Operation 290 'bitselect' 'tmp_53' <Predicate = (!tmp_39 & !tmp_40 & !tmp_41 & !tmp_42 & !tmp_43 & !tmp_44 & !tmp_45 & !tmp_46 & !tmp_47 & !tmp_48 & !tmp_49 & !tmp_50 & !tmp_51 & !tmp_52)> <Delay = 0.00>
ST_24 : Operation 291 [1/1] (3.20ns)   --->   "%br_ln435 = br i1 %tmp_53, void %if.end.i.14, void %_ZL16derive_shift_dbg7ap_uintILi32EE.exit" [softmax_accel_hls.cc:435->softmax_accel_hls.cc:484]   --->   Operation 291 'br' 'br_ln435' <Predicate = (!tmp_39 & !tmp_40 & !tmp_41 & !tmp_42 & !tmp_43 & !tmp_44 & !tmp_45 & !tmp_46 & !tmp_47 & !tmp_48 & !tmp_49 & !tmp_50 & !tmp_51 & !tmp_52)> <Delay = 3.20>
ST_24 : Operation 292 [1/1] (0.00ns)   --->   "%tmp_54 = bitselect i1 @_ssdm_op_BitSelect.i1.i32.i32, i32 %sum_q16_2, i32 16" [softmax_accel_hls.cc:435->softmax_accel_hls.cc:484]   --->   Operation 292 'bitselect' 'tmp_54' <Predicate = (!tmp_39 & !tmp_40 & !tmp_41 & !tmp_42 & !tmp_43 & !tmp_44 & !tmp_45 & !tmp_46 & !tmp_47 & !tmp_48 & !tmp_49 & !tmp_50 & !tmp_51 & !tmp_52 & !tmp_53)> <Delay = 0.00>
ST_24 : Operation 293 [1/1] (3.20ns)   --->   "%br_ln435 = br i1 %tmp_54, void %if.end.i.15, void %_ZL16derive_shift_dbg7ap_uintILi32EE.exit" [softmax_accel_hls.cc:435->softmax_accel_hls.cc:484]   --->   Operation 293 'br' 'br_ln435' <Predicate = (!tmp_39 & !tmp_40 & !tmp_41 & !tmp_42 & !tmp_43 & !tmp_44 & !tmp_45 & !tmp_46 & !tmp_47 & !tmp_48 & !tmp_49 & !tmp_50 & !tmp_51 & !tmp_52 & !tmp_53)> <Delay = 3.20>
ST_24 : Operation 294 [1/1] (0.00ns)   --->   "%tmp_55 = bitselect i1 @_ssdm_op_BitSelect.i1.i32.i32, i32 %sum_q16_2, i32 15" [softmax_accel_hls.cc:435->softmax_accel_hls.cc:484]   --->   Operation 294 'bitselect' 'tmp_55' <Predicate = (!tmp_39 & !tmp_40 & !tmp_41 & !tmp_42 & !tmp_43 & !tmp_44 & !tmp_45 & !tmp_46 & !tmp_47 & !tmp_48 & !tmp_49 & !tmp_50 & !tmp_51 & !tmp_52 & !tmp_53 & !tmp_54)> <Delay = 0.00>
ST_24 : Operation 295 [1/1] (3.20ns)   --->   "%br_ln435 = br i1 %tmp_55, void %if.end.i.16, void %_ZL16derive_shift_dbg7ap_uintILi32EE.exit" [softmax_accel_hls.cc:435->softmax_accel_hls.cc:484]   --->   Operation 295 'br' 'br_ln435' <Predicate = (!tmp_39 & !tmp_40 & !tmp_41 & !tmp_42 & !tmp_43 & !tmp_44 & !tmp_45 & !tmp_46 & !tmp_47 & !tmp_48 & !tmp_49 & !tmp_50 & !tmp_51 & !tmp_52 & !tmp_53 & !tmp_54)> <Delay = 3.20>
ST_24 : Operation 296 [1/1] (0.00ns)   --->   "%tmp_56 = bitselect i1 @_ssdm_op_BitSelect.i1.i32.i32, i32 %sum_q16_2, i32 14" [softmax_accel_hls.cc:435->softmax_accel_hls.cc:484]   --->   Operation 296 'bitselect' 'tmp_56' <Predicate = (!tmp_39 & !tmp_40 & !tmp_41 & !tmp_42 & !tmp_43 & !tmp_44 & !tmp_45 & !tmp_46 & !tmp_47 & !tmp_48 & !tmp_49 & !tmp_50 & !tmp_51 & !tmp_52 & !tmp_53 & !tmp_54 & !tmp_55)> <Delay = 0.00>
ST_24 : Operation 297 [1/1] (3.20ns)   --->   "%br_ln435 = br i1 %tmp_56, void %if.end.i.17, void %_ZL16derive_shift_dbg7ap_uintILi32EE.exit" [softmax_accel_hls.cc:435->softmax_accel_hls.cc:484]   --->   Operation 297 'br' 'br_ln435' <Predicate = (!tmp_39 & !tmp_40 & !tmp_41 & !tmp_42 & !tmp_43 & !tmp_44 & !tmp_45 & !tmp_46 & !tmp_47 & !tmp_48 & !tmp_49 & !tmp_50 & !tmp_51 & !tmp_52 & !tmp_53 & !tmp_54 & !tmp_55)> <Delay = 3.20>
ST_24 : Operation 298 [1/1] (0.00ns)   --->   "%tmp_57 = bitselect i1 @_ssdm_op_BitSelect.i1.i32.i32, i32 %sum_q16_2, i32 13" [softmax_accel_hls.cc:435->softmax_accel_hls.cc:484]   --->   Operation 298 'bitselect' 'tmp_57' <Predicate = (!tmp_39 & !tmp_40 & !tmp_41 & !tmp_42 & !tmp_43 & !tmp_44 & !tmp_45 & !tmp_46 & !tmp_47 & !tmp_48 & !tmp_49 & !tmp_50 & !tmp_51 & !tmp_52 & !tmp_53 & !tmp_54 & !tmp_55 & !tmp_56)> <Delay = 0.00>
ST_24 : Operation 299 [1/1] (3.20ns)   --->   "%br_ln435 = br i1 %tmp_57, void %if.end.i.18, void %_ZL16derive_shift_dbg7ap_uintILi32EE.exit" [softmax_accel_hls.cc:435->softmax_accel_hls.cc:484]   --->   Operation 299 'br' 'br_ln435' <Predicate = (!tmp_39 & !tmp_40 & !tmp_41 & !tmp_42 & !tmp_43 & !tmp_44 & !tmp_45 & !tmp_46 & !tmp_47 & !tmp_48 & !tmp_49 & !tmp_50 & !tmp_51 & !tmp_52 & !tmp_53 & !tmp_54 & !tmp_55 & !tmp_56)> <Delay = 3.20>
ST_24 : Operation 300 [1/1] (0.00ns)   --->   "%tmp_58 = bitselect i1 @_ssdm_op_BitSelect.i1.i32.i32, i32 %sum_q16_2, i32 12" [softmax_accel_hls.cc:435->softmax_accel_hls.cc:484]   --->   Operation 300 'bitselect' 'tmp_58' <Predicate = (!tmp_39 & !tmp_40 & !tmp_41 & !tmp_42 & !tmp_43 & !tmp_44 & !tmp_45 & !tmp_46 & !tmp_47 & !tmp_48 & !tmp_49 & !tmp_50 & !tmp_51 & !tmp_52 & !tmp_53 & !tmp_54 & !tmp_55 & !tmp_56 & !tmp_57)> <Delay = 0.00>
ST_24 : Operation 301 [1/1] (3.20ns)   --->   "%br_ln435 = br i1 %tmp_58, void %if.end.i.19, void %_ZL16derive_shift_dbg7ap_uintILi32EE.exit" [softmax_accel_hls.cc:435->softmax_accel_hls.cc:484]   --->   Operation 301 'br' 'br_ln435' <Predicate = (!tmp_39 & !tmp_40 & !tmp_41 & !tmp_42 & !tmp_43 & !tmp_44 & !tmp_45 & !tmp_46 & !tmp_47 & !tmp_48 & !tmp_49 & !tmp_50 & !tmp_51 & !tmp_52 & !tmp_53 & !tmp_54 & !tmp_55 & !tmp_56 & !tmp_57)> <Delay = 3.20>
ST_24 : Operation 302 [1/1] (0.00ns)   --->   "%tmp_59 = bitselect i1 @_ssdm_op_BitSelect.i1.i32.i32, i32 %sum_q16_2, i32 11" [softmax_accel_hls.cc:435->softmax_accel_hls.cc:484]   --->   Operation 302 'bitselect' 'tmp_59' <Predicate = (!tmp_39 & !tmp_40 & !tmp_41 & !tmp_42 & !tmp_43 & !tmp_44 & !tmp_45 & !tmp_46 & !tmp_47 & !tmp_48 & !tmp_49 & !tmp_50 & !tmp_51 & !tmp_52 & !tmp_53 & !tmp_54 & !tmp_55 & !tmp_56 & !tmp_57 & !tmp_58)> <Delay = 0.00>
ST_24 : Operation 303 [1/1] (3.20ns)   --->   "%br_ln435 = br i1 %tmp_59, void %if.end.i.20, void %_ZL16derive_shift_dbg7ap_uintILi32EE.exit" [softmax_accel_hls.cc:435->softmax_accel_hls.cc:484]   --->   Operation 303 'br' 'br_ln435' <Predicate = (!tmp_39 & !tmp_40 & !tmp_41 & !tmp_42 & !tmp_43 & !tmp_44 & !tmp_45 & !tmp_46 & !tmp_47 & !tmp_48 & !tmp_49 & !tmp_50 & !tmp_51 & !tmp_52 & !tmp_53 & !tmp_54 & !tmp_55 & !tmp_56 & !tmp_57 & !tmp_58)> <Delay = 3.20>
ST_24 : Operation 304 [1/1] (0.00ns)   --->   "%tmp_60 = bitselect i1 @_ssdm_op_BitSelect.i1.i32.i32, i32 %sum_q16_2, i32 10" [softmax_accel_hls.cc:435->softmax_accel_hls.cc:484]   --->   Operation 304 'bitselect' 'tmp_60' <Predicate = (!tmp_39 & !tmp_40 & !tmp_41 & !tmp_42 & !tmp_43 & !tmp_44 & !tmp_45 & !tmp_46 & !tmp_47 & !tmp_48 & !tmp_49 & !tmp_50 & !tmp_51 & !tmp_52 & !tmp_53 & !tmp_54 & !tmp_55 & !tmp_56 & !tmp_57 & !tmp_58 & !tmp_59)> <Delay = 0.00>
ST_24 : Operation 305 [1/1] (3.20ns)   --->   "%br_ln435 = br i1 %tmp_60, void %if.end.i.21, void %_ZL16derive_shift_dbg7ap_uintILi32EE.exit" [softmax_accel_hls.cc:435->softmax_accel_hls.cc:484]   --->   Operation 305 'br' 'br_ln435' <Predicate = (!tmp_39 & !tmp_40 & !tmp_41 & !tmp_42 & !tmp_43 & !tmp_44 & !tmp_45 & !tmp_46 & !tmp_47 & !tmp_48 & !tmp_49 & !tmp_50 & !tmp_51 & !tmp_52 & !tmp_53 & !tmp_54 & !tmp_55 & !tmp_56 & !tmp_57 & !tmp_58 & !tmp_59)> <Delay = 3.20>
ST_24 : Operation 306 [1/1] (0.00ns)   --->   "%tmp_61 = bitselect i1 @_ssdm_op_BitSelect.i1.i32.i32, i32 %sum_q16_2, i32 9" [softmax_accel_hls.cc:435->softmax_accel_hls.cc:484]   --->   Operation 306 'bitselect' 'tmp_61' <Predicate = (!tmp_39 & !tmp_40 & !tmp_41 & !tmp_42 & !tmp_43 & !tmp_44 & !tmp_45 & !tmp_46 & !tmp_47 & !tmp_48 & !tmp_49 & !tmp_50 & !tmp_51 & !tmp_52 & !tmp_53 & !tmp_54 & !tmp_55 & !tmp_56 & !tmp_57 & !tmp_58 & !tmp_59 & !tmp_60)> <Delay = 0.00>
ST_24 : Operation 307 [1/1] (3.20ns)   --->   "%br_ln435 = br i1 %tmp_61, void %if.end.i.22, void %_ZL16derive_shift_dbg7ap_uintILi32EE.exit" [softmax_accel_hls.cc:435->softmax_accel_hls.cc:484]   --->   Operation 307 'br' 'br_ln435' <Predicate = (!tmp_39 & !tmp_40 & !tmp_41 & !tmp_42 & !tmp_43 & !tmp_44 & !tmp_45 & !tmp_46 & !tmp_47 & !tmp_48 & !tmp_49 & !tmp_50 & !tmp_51 & !tmp_52 & !tmp_53 & !tmp_54 & !tmp_55 & !tmp_56 & !tmp_57 & !tmp_58 & !tmp_59 & !tmp_60)> <Delay = 3.20>
ST_24 : Operation 308 [1/1] (0.00ns)   --->   "%tmp_62 = bitselect i1 @_ssdm_op_BitSelect.i1.i32.i32, i32 %sum_q16_2, i32 8" [softmax_accel_hls.cc:435->softmax_accel_hls.cc:484]   --->   Operation 308 'bitselect' 'tmp_62' <Predicate = (!tmp_39 & !tmp_40 & !tmp_41 & !tmp_42 & !tmp_43 & !tmp_44 & !tmp_45 & !tmp_46 & !tmp_47 & !tmp_48 & !tmp_49 & !tmp_50 & !tmp_51 & !tmp_52 & !tmp_53 & !tmp_54 & !tmp_55 & !tmp_56 & !tmp_57 & !tmp_58 & !tmp_59 & !tmp_60 & !tmp_61)> <Delay = 0.00>
ST_24 : Operation 309 [1/1] (3.20ns)   --->   "%br_ln435 = br i1 %tmp_62, void %if.end.i.23, void %_ZL16derive_shift_dbg7ap_uintILi32EE.exit" [softmax_accel_hls.cc:435->softmax_accel_hls.cc:484]   --->   Operation 309 'br' 'br_ln435' <Predicate = (!tmp_39 & !tmp_40 & !tmp_41 & !tmp_42 & !tmp_43 & !tmp_44 & !tmp_45 & !tmp_46 & !tmp_47 & !tmp_48 & !tmp_49 & !tmp_50 & !tmp_51 & !tmp_52 & !tmp_53 & !tmp_54 & !tmp_55 & !tmp_56 & !tmp_57 & !tmp_58 & !tmp_59 & !tmp_60 & !tmp_61)> <Delay = 3.20>
ST_24 : Operation 310 [1/1] (0.00ns)   --->   "%tmp_63 = bitselect i1 @_ssdm_op_BitSelect.i1.i32.i32, i32 %sum_q16_2, i32 7" [softmax_accel_hls.cc:435->softmax_accel_hls.cc:484]   --->   Operation 310 'bitselect' 'tmp_63' <Predicate = (!tmp_39 & !tmp_40 & !tmp_41 & !tmp_42 & !tmp_43 & !tmp_44 & !tmp_45 & !tmp_46 & !tmp_47 & !tmp_48 & !tmp_49 & !tmp_50 & !tmp_51 & !tmp_52 & !tmp_53 & !tmp_54 & !tmp_55 & !tmp_56 & !tmp_57 & !tmp_58 & !tmp_59 & !tmp_60 & !tmp_61 & !tmp_62)> <Delay = 0.00>
ST_24 : Operation 311 [1/1] (3.20ns)   --->   "%br_ln435 = br i1 %tmp_63, void %if.end.i.24, void %_ZL16derive_shift_dbg7ap_uintILi32EE.exit" [softmax_accel_hls.cc:435->softmax_accel_hls.cc:484]   --->   Operation 311 'br' 'br_ln435' <Predicate = (!tmp_39 & !tmp_40 & !tmp_41 & !tmp_42 & !tmp_43 & !tmp_44 & !tmp_45 & !tmp_46 & !tmp_47 & !tmp_48 & !tmp_49 & !tmp_50 & !tmp_51 & !tmp_52 & !tmp_53 & !tmp_54 & !tmp_55 & !tmp_56 & !tmp_57 & !tmp_58 & !tmp_59 & !tmp_60 & !tmp_61 & !tmp_62)> <Delay = 3.20>
ST_24 : Operation 312 [1/1] (0.00ns)   --->   "%tmp_64 = bitselect i1 @_ssdm_op_BitSelect.i1.i32.i32, i32 %sum_q16_2, i32 6" [softmax_accel_hls.cc:435->softmax_accel_hls.cc:484]   --->   Operation 312 'bitselect' 'tmp_64' <Predicate = (!tmp_39 & !tmp_40 & !tmp_41 & !tmp_42 & !tmp_43 & !tmp_44 & !tmp_45 & !tmp_46 & !tmp_47 & !tmp_48 & !tmp_49 & !tmp_50 & !tmp_51 & !tmp_52 & !tmp_53 & !tmp_54 & !tmp_55 & !tmp_56 & !tmp_57 & !tmp_58 & !tmp_59 & !tmp_60 & !tmp_61 & !tmp_62 & !tmp_63)> <Delay = 0.00>
ST_24 : Operation 313 [1/1] (3.20ns)   --->   "%br_ln435 = br i1 %tmp_64, void %if.end.i.25, void %_ZL16derive_shift_dbg7ap_uintILi32EE.exit" [softmax_accel_hls.cc:435->softmax_accel_hls.cc:484]   --->   Operation 313 'br' 'br_ln435' <Predicate = (!tmp_39 & !tmp_40 & !tmp_41 & !tmp_42 & !tmp_43 & !tmp_44 & !tmp_45 & !tmp_46 & !tmp_47 & !tmp_48 & !tmp_49 & !tmp_50 & !tmp_51 & !tmp_52 & !tmp_53 & !tmp_54 & !tmp_55 & !tmp_56 & !tmp_57 & !tmp_58 & !tmp_59 & !tmp_60 & !tmp_61 & !tmp_62 & !tmp_63)> <Delay = 3.20>
ST_24 : Operation 314 [1/1] (0.00ns)   --->   "%tmp_65 = bitselect i1 @_ssdm_op_BitSelect.i1.i32.i32, i32 %sum_q16_2, i32 5" [softmax_accel_hls.cc:435->softmax_accel_hls.cc:484]   --->   Operation 314 'bitselect' 'tmp_65' <Predicate = (!tmp_39 & !tmp_40 & !tmp_41 & !tmp_42 & !tmp_43 & !tmp_44 & !tmp_45 & !tmp_46 & !tmp_47 & !tmp_48 & !tmp_49 & !tmp_50 & !tmp_51 & !tmp_52 & !tmp_53 & !tmp_54 & !tmp_55 & !tmp_56 & !tmp_57 & !tmp_58 & !tmp_59 & !tmp_60 & !tmp_61 & !tmp_62 & !tmp_63 & !tmp_64)> <Delay = 0.00>
ST_24 : Operation 315 [1/1] (3.20ns)   --->   "%br_ln435 = br i1 %tmp_65, void %if.end.i.26, void %_ZL16derive_shift_dbg7ap_uintILi32EE.exit" [softmax_accel_hls.cc:435->softmax_accel_hls.cc:484]   --->   Operation 315 'br' 'br_ln435' <Predicate = (!tmp_39 & !tmp_40 & !tmp_41 & !tmp_42 & !tmp_43 & !tmp_44 & !tmp_45 & !tmp_46 & !tmp_47 & !tmp_48 & !tmp_49 & !tmp_50 & !tmp_51 & !tmp_52 & !tmp_53 & !tmp_54 & !tmp_55 & !tmp_56 & !tmp_57 & !tmp_58 & !tmp_59 & !tmp_60 & !tmp_61 & !tmp_62 & !tmp_63 & !tmp_64)> <Delay = 3.20>
ST_24 : Operation 316 [1/1] (0.00ns)   --->   "%tmp_66 = bitselect i1 @_ssdm_op_BitSelect.i1.i32.i32, i32 %sum_q16_2, i32 4" [softmax_accel_hls.cc:435->softmax_accel_hls.cc:484]   --->   Operation 316 'bitselect' 'tmp_66' <Predicate = (!tmp_39 & !tmp_40 & !tmp_41 & !tmp_42 & !tmp_43 & !tmp_44 & !tmp_45 & !tmp_46 & !tmp_47 & !tmp_48 & !tmp_49 & !tmp_50 & !tmp_51 & !tmp_52 & !tmp_53 & !tmp_54 & !tmp_55 & !tmp_56 & !tmp_57 & !tmp_58 & !tmp_59 & !tmp_60 & !tmp_61 & !tmp_62 & !tmp_63 & !tmp_64 & !tmp_65)> <Delay = 0.00>
ST_24 : Operation 317 [1/1] (3.20ns)   --->   "%br_ln435 = br i1 %tmp_66, void %if.end.i.27, void %_ZL16derive_shift_dbg7ap_uintILi32EE.exit" [softmax_accel_hls.cc:435->softmax_accel_hls.cc:484]   --->   Operation 317 'br' 'br_ln435' <Predicate = (!tmp_39 & !tmp_40 & !tmp_41 & !tmp_42 & !tmp_43 & !tmp_44 & !tmp_45 & !tmp_46 & !tmp_47 & !tmp_48 & !tmp_49 & !tmp_50 & !tmp_51 & !tmp_52 & !tmp_53 & !tmp_54 & !tmp_55 & !tmp_56 & !tmp_57 & !tmp_58 & !tmp_59 & !tmp_60 & !tmp_61 & !tmp_62 & !tmp_63 & !tmp_64 & !tmp_65)> <Delay = 3.20>
ST_24 : Operation 318 [1/1] (0.00ns)   --->   "%tmp_67 = bitselect i1 @_ssdm_op_BitSelect.i1.i32.i32, i32 %sum_q16_2, i32 3" [softmax_accel_hls.cc:435->softmax_accel_hls.cc:484]   --->   Operation 318 'bitselect' 'tmp_67' <Predicate = (!tmp_39 & !tmp_40 & !tmp_41 & !tmp_42 & !tmp_43 & !tmp_44 & !tmp_45 & !tmp_46 & !tmp_47 & !tmp_48 & !tmp_49 & !tmp_50 & !tmp_51 & !tmp_52 & !tmp_53 & !tmp_54 & !tmp_55 & !tmp_56 & !tmp_57 & !tmp_58 & !tmp_59 & !tmp_60 & !tmp_61 & !tmp_62 & !tmp_63 & !tmp_64 & !tmp_65 & !tmp_66)> <Delay = 0.00>
ST_24 : Operation 319 [1/1] (3.20ns)   --->   "%br_ln435 = br i1 %tmp_67, void %if.end.i.28, void %_ZL16derive_shift_dbg7ap_uintILi32EE.exit" [softmax_accel_hls.cc:435->softmax_accel_hls.cc:484]   --->   Operation 319 'br' 'br_ln435' <Predicate = (!tmp_39 & !tmp_40 & !tmp_41 & !tmp_42 & !tmp_43 & !tmp_44 & !tmp_45 & !tmp_46 & !tmp_47 & !tmp_48 & !tmp_49 & !tmp_50 & !tmp_51 & !tmp_52 & !tmp_53 & !tmp_54 & !tmp_55 & !tmp_56 & !tmp_57 & !tmp_58 & !tmp_59 & !tmp_60 & !tmp_61 & !tmp_62 & !tmp_63 & !tmp_64 & !tmp_65 & !tmp_66)> <Delay = 3.20>
ST_24 : Operation 320 [1/1] (0.00ns)   --->   "%tmp_69 = bitselect i1 @_ssdm_op_BitSelect.i1.i32.i32, i32 %sum_q16_2, i32 2" [softmax_accel_hls.cc:435->softmax_accel_hls.cc:484]   --->   Operation 320 'bitselect' 'tmp_69' <Predicate = (!tmp_39 & !tmp_40 & !tmp_41 & !tmp_42 & !tmp_43 & !tmp_44 & !tmp_45 & !tmp_46 & !tmp_47 & !tmp_48 & !tmp_49 & !tmp_50 & !tmp_51 & !tmp_52 & !tmp_53 & !tmp_54 & !tmp_55 & !tmp_56 & !tmp_57 & !tmp_58 & !tmp_59 & !tmp_60 & !tmp_61 & !tmp_62 & !tmp_63 & !tmp_64 & !tmp_65 & !tmp_66 & !tmp_67)> <Delay = 0.00>
ST_24 : Operation 321 [1/1] (3.20ns)   --->   "%br_ln435 = br i1 %tmp_69, void %if.end.i.29, void %_ZL16derive_shift_dbg7ap_uintILi32EE.exit" [softmax_accel_hls.cc:435->softmax_accel_hls.cc:484]   --->   Operation 321 'br' 'br_ln435' <Predicate = (!tmp_39 & !tmp_40 & !tmp_41 & !tmp_42 & !tmp_43 & !tmp_44 & !tmp_45 & !tmp_46 & !tmp_47 & !tmp_48 & !tmp_49 & !tmp_50 & !tmp_51 & !tmp_52 & !tmp_53 & !tmp_54 & !tmp_55 & !tmp_56 & !tmp_57 & !tmp_58 & !tmp_59 & !tmp_60 & !tmp_61 & !tmp_62 & !tmp_63 & !tmp_64 & !tmp_65 & !tmp_66 & !tmp_67)> <Delay = 3.20>
ST_24 : Operation 322 [1/1] (0.00ns)   --->   "%tmp_70 = bitselect i1 @_ssdm_op_BitSelect.i1.i32.i32, i32 %sum_q16_2, i32 1" [softmax_accel_hls.cc:435->softmax_accel_hls.cc:484]   --->   Operation 322 'bitselect' 'tmp_70' <Predicate = (!tmp_39 & !tmp_40 & !tmp_41 & !tmp_42 & !tmp_43 & !tmp_44 & !tmp_45 & !tmp_46 & !tmp_47 & !tmp_48 & !tmp_49 & !tmp_50 & !tmp_51 & !tmp_52 & !tmp_53 & !tmp_54 & !tmp_55 & !tmp_56 & !tmp_57 & !tmp_58 & !tmp_59 & !tmp_60 & !tmp_61 & !tmp_62 & !tmp_63 & !tmp_64 & !tmp_65 & !tmp_66 & !tmp_67 & !tmp_69)> <Delay = 0.00>
ST_24 : Operation 323 [1/1] (3.20ns)   --->   "%br_ln435 = br i1 %tmp_70, void %if.end.i.30, void %_ZL16derive_shift_dbg7ap_uintILi32EE.exit" [softmax_accel_hls.cc:435->softmax_accel_hls.cc:484]   --->   Operation 323 'br' 'br_ln435' <Predicate = (!tmp_39 & !tmp_40 & !tmp_41 & !tmp_42 & !tmp_43 & !tmp_44 & !tmp_45 & !tmp_46 & !tmp_47 & !tmp_48 & !tmp_49 & !tmp_50 & !tmp_51 & !tmp_52 & !tmp_53 & !tmp_54 & !tmp_55 & !tmp_56 & !tmp_57 & !tmp_58 & !tmp_59 & !tmp_60 & !tmp_61 & !tmp_62 & !tmp_63 & !tmp_64 & !tmp_65 & !tmp_66 & !tmp_67 & !tmp_69)> <Delay = 3.20>
ST_24 : Operation 324 [1/1] (0.00ns)   --->   "%trunc_ln435 = trunc i32 %sum_q16_2" [softmax_accel_hls.cc:435->softmax_accel_hls.cc:484]   --->   Operation 324 'trunc' 'trunc_ln435' <Predicate = (!tmp_39 & !tmp_40 & !tmp_41 & !tmp_42 & !tmp_43 & !tmp_44 & !tmp_45 & !tmp_46 & !tmp_47 & !tmp_48 & !tmp_49 & !tmp_50 & !tmp_51 & !tmp_52 & !tmp_53 & !tmp_54 & !tmp_55 & !tmp_56 & !tmp_57 & !tmp_58 & !tmp_59 & !tmp_60 & !tmp_61 & !tmp_62 & !tmp_63 & !tmp_64 & !tmp_65 & !tmp_66 & !tmp_67 & !tmp_69 & !tmp_70)> <Delay = 0.00>
ST_24 : Operation 325 [1/1] (1.21ns)   --->   "%select_ln435 = select i1 %trunc_ln435, i5 16, i5 15" [softmax_accel_hls.cc:435->softmax_accel_hls.cc:484]   --->   Operation 325 'select' 'select_ln435' <Predicate = (!tmp_39 & !tmp_40 & !tmp_41 & !tmp_42 & !tmp_43 & !tmp_44 & !tmp_45 & !tmp_46 & !tmp_47 & !tmp_48 & !tmp_49 & !tmp_50 & !tmp_51 & !tmp_52 & !tmp_53 & !tmp_54 & !tmp_55 & !tmp_56 & !tmp_57 & !tmp_58 & !tmp_59 & !tmp_60 & !tmp_61 & !tmp_62 & !tmp_63 & !tmp_64 & !tmp_65 & !tmp_66 & !tmp_67 & !tmp_69 & !tmp_70)> <Delay = 1.21> <CoreInst = "Sel">   --->   Core 73 'Sel' <Latency = 0> <II = 1> <Delay = 1.18> <FuncUnit> <Opcode : 'select'> <InPorts = 3> <OutPorts = 1>
ST_24 : Operation 326 [1/1] (3.20ns)   --->   "%br_ln435 = br void %_ZL16derive_shift_dbg7ap_uintILi32EE.exit" [softmax_accel_hls.cc:435->softmax_accel_hls.cc:484]   --->   Operation 326 'br' 'br_ln435' <Predicate = (!tmp_39 & !tmp_40 & !tmp_41 & !tmp_42 & !tmp_43 & !tmp_44 & !tmp_45 & !tmp_46 & !tmp_47 & !tmp_48 & !tmp_49 & !tmp_50 & !tmp_51 & !tmp_52 & !tmp_53 & !tmp_54 & !tmp_55 & !tmp_56 & !tmp_57 & !tmp_58 & !tmp_59 & !tmp_60 & !tmp_61 & !tmp_62 & !tmp_63 & !tmp_64 & !tmp_65 & !tmp_66 & !tmp_67 & !tmp_69 & !tmp_70)> <Delay = 3.20>

State 25 <SV = 21> <Delay = 3.52>
ST_25 : Operation 327 [1/1] (0.00ns)   --->   "%tmp_68 = partselect i29 @_ssdm_op_PartSelect.i29.i31.i32.i32, i31 %add_ln484, i32 2, i32 30" [softmax_accel_hls.cc:186->softmax_accel_hls.cc:484]   --->   Operation 327 'partselect' 'tmp_68' <Predicate = true> <Delay = 0.00>
ST_25 : Operation 328 [1/1] (0.00ns)   --->   "%shl_ln186_1 = bitconcatenate i33 @_ssdm_op_BitConcatenate.i33.i29.i4, i29 %tmp_68, i4 0" [softmax_accel_hls.cc:186->softmax_accel_hls.cc:484]   --->   Operation 328 'bitconcatenate' 'shl_ln186_1' <Predicate = true> <Delay = 0.00>
ST_25 : Operation 329 [1/1] (0.00ns)   --->   "%zext_ln186_2 = zext i33 %shl_ln186_1" [softmax_accel_hls.cc:186->softmax_accel_hls.cc:484]   --->   Operation 329 'zext' 'zext_ln186_2' <Predicate = true> <Delay = 0.00>
ST_25 : Operation 330 [1/1] (3.52ns)   --->   "%add_ln186_2 = add i64 %zext_ln186_2, i64 %mem_read" [softmax_accel_hls.cc:186->softmax_accel_hls.cc:484]   --->   Operation 330 'add' 'add_ln186_2' <Predicate = true> <Delay = 3.52> <CoreInst = "Adder">   --->   Core 1 'Adder' <Latency = 0> <II = 1> <Delay = 3.52> <FuncUnit> <Opcode : 'add' 'sub'> <InPorts = 2> <OutPorts = 1>
ST_25 : Operation 331 [1/1] (0.00ns)   --->   "%trunc_ln186_2 = partselect i60 @_ssdm_op_PartSelect.i60.i64.i32.i32, i64 %add_ln186_2, i32 4, i32 63" [softmax_accel_hls.cc:186->softmax_accel_hls.cc:484]   --->   Operation 331 'partselect' 'trunc_ln186_2' <Predicate = true> <Delay = 0.00>
ST_25 : Operation 332 [1/1] (0.00ns)   --->   "%trunc_ln179_1 = trunc i31 %add_ln484" [softmax_accel_hls.cc:179->softmax_accel_hls.cc:187->softmax_accel_hls.cc:484]   --->   Operation 332 'trunc' 'trunc_ln179_1' <Predicate = true> <Delay = 0.00>

State 26 <SV = 22> <Delay = 8.61>
ST_26 : Operation 333 [1/1] (0.00ns) (grouped into LUT with out node line_10)   --->   "%word_5 = phi i5 15, void %_ZL15recip_sum_q2_307ap_uintILi32EE.exit, i5 14, void %if.end.i, i5 13, void %if.end.i.1, i5 12, void %if.end.i.2, i5 11, void %if.end.i.3, i5 10, void %if.end.i.4, i5 9, void %if.end.i.5, i5 8, void %if.end.i.6, i5 7, void %if.end.i.7, i5 6, void %if.end.i.8, i5 5, void %if.end.i.9, i5 4, void %if.end.i.10, i5 3, void %if.end.i.11, i5 2, void %if.end.i.12, i5 1, void %if.end.i.13, i5 0, void %if.end.i.14, i5 31, void %if.end.i.15, i5 30, void %if.end.i.16, i5 29, void %if.end.i.17, i5 28, void %if.end.i.18, i5 27, void %if.end.i.19, i5 26, void %if.end.i.20, i5 25, void %if.end.i.21, i5 24, void %if.end.i.22, i5 23, void %if.end.i.23, i5 22, void %if.end.i.24, i5 21, void %if.end.i.25, i5 20, void %if.end.i.26, i5 19, void %if.end.i.27, i5 18, void %if.end.i.28, i5 17, void %if.end.i.29, i5 %select_ln435, void %if.end.i.30" [softmax_accel_hls.cc:440->softmax_accel_hls.cc:484]   --->   Operation 333 'phi' 'word_5' <Predicate = true> <Delay = 0.00>
ST_26 : Operation 334 [1/1] (0.00ns) (grouped into LUT with out node line_10)   --->   "%sext_ln182 = sext i5 %word_5" [softmax_accel_hls.cc:182->softmax_accel_hls.cc:484]   --->   Operation 334 'sext' 'sext_ln182' <Predicate = true> <Delay = 0.00>
ST_26 : Operation 335 [1/1] (0.00ns)   --->   "%sext_ln186_2 = sext i60 %trunc_ln186_2" [softmax_accel_hls.cc:186->softmax_accel_hls.cc:484]   --->   Operation 335 'sext' 'sext_ln186_2' <Predicate = true> <Delay = 0.00>
ST_26 : Operation 336 [1/1] (0.00ns)   --->   "%gmem_addr_2 = getelementptr i128 %gmem, i64 %sext_ln186_2" [softmax_accel_hls.cc:186->softmax_accel_hls.cc:484]   --->   Operation 336 'getelementptr' 'gmem_addr_2' <Predicate = true> <Delay = 0.00>
ST_26 : Operation 337 [1/1] (0.00ns) (grouped into LUT with out node line_10)   --->   "%shl_ln179_2 = bitconcatenate i7 @_ssdm_op_BitConcatenate.i7.i2.i5, i2 %trunc_ln179_1, i5 0" [softmax_accel_hls.cc:179->softmax_accel_hls.cc:187->softmax_accel_hls.cc:484]   --->   Operation 337 'bitconcatenate' 'shl_ln179_2' <Predicate = true> <Delay = 0.00>
ST_26 : Operation 338 [1/1] (0.00ns)   --->   "%tmp_71 = bitconcatenate i4 @_ssdm_op_BitConcatenate.i4.i2.i2, i2 %trunc_ln179_1, i2 0" [softmax_accel_hls.cc:179->softmax_accel_hls.cc:187->softmax_accel_hls.cc:484]   --->   Operation 338 'bitconcatenate' 'tmp_71' <Predicate = true> <Delay = 0.00>
ST_26 : Operation 339 [1/1] (0.00ns)   --->   "%zext_ln179_2 = zext i4 %tmp_71" [softmax_accel_hls.cc:179->softmax_accel_hls.cc:187->softmax_accel_hls.cc:484]   --->   Operation 339 'zext' 'zext_ln179_2' <Predicate = true> <Delay = 0.00>
ST_26 : Operation 340 [1/1] (2.66ns)   --->   "%shl_ln179_4 = shl i16 15, i16 %zext_ln179_2" [softmax_accel_hls.cc:179->softmax_accel_hls.cc:187->softmax_accel_hls.cc:484]   --->   Operation 340 'shl' 'shl_ln179_4' <Predicate = true> <Delay = 2.66> <CoreInst = "Shifter">   --->   Core 75 'Shifter' <Latency = 0> <II = 1> <Delay = 3.98> <FuncUnit> <Opcode : 'shl' 'lshr' 'ashr'> <InPorts = 2> <OutPorts = 1>
ST_26 : Operation 341 [1/1] (1.64ns) (out node of the LUT)   --->   "%line_10 = partset i128 @_ssdm_op_PartSet.i128.i128.i32.i7, i128 0, i32 %sext_ln182, i7 %shl_ln179_2" [softmax_accel_hls.cc:179->softmax_accel_hls.cc:187->softmax_accel_hls.cc:484]   --->   Operation 341 'partset' 'line_10' <Predicate = true> <Delay = 1.64> <CoreInst = "PartSet">   --->   Core 144 'PartSet' <Latency = 0> <II = 1> <Delay = 1.64> <FuncUnit> <Opcode : 'partset'> <InPorts = 3> <OutPorts = 1>
ST_26 : Operation 342 [1/1] (8.61ns)   --->   "%gmem_addr_3_req = writereq i1 @_ssdm_op_WriteReq.m_axi.i128P1A, i64 %gmem_addr_2, i64 1" [softmax_accel_hls.cc:188->softmax_accel_hls.cc:484]   --->   Operation 342 'writereq' 'gmem_addr_3_req' <Predicate = true> <Delay = 8.61> <CoreInst = "m_axi">   --->   Core 111 'm_axi' <Latency = 9> <II = 1> <Delay = 1.00> <Adapter> <Opcode : 'read' 'write' 'readreq' 'writereq' 'writeresp'>

State 27 <SV = 23> <Delay = 8.61>
ST_27 : Operation 343 [1/1] (8.61ns)   --->   "%write_ln188 = write void @_ssdm_op_Write.m_axi.volatile.i128P1A, i64 %gmem_addr_2, i128 %line_10, i16 %shl_ln179_4" [softmax_accel_hls.cc:188->softmax_accel_hls.cc:484]   --->   Operation 343 'write' 'write_ln188' <Predicate = true> <Delay = 8.61> <CoreInst = "m_axi">   --->   Core 111 'm_axi' <Latency = 5> <II = 1> <Delay = 1.00> <Adapter> <Opcode : 'read' 'write' 'readreq' 'writereq' 'writeresp'>

State 28 <SV = 24> <Delay = 8.61>
ST_28 : Operation 344 [5/5] (8.61ns)   --->   "%gmem_addr_3_resp = writeresp i1 @_ssdm_op_WriteResp.m_axi.i128P1A, i64 %gmem_addr_2" [softmax_accel_hls.cc:188->softmax_accel_hls.cc:484]   --->   Operation 344 'writeresp' 'gmem_addr_3_resp' <Predicate = true> <Delay = 8.61> <CoreInst = "m_axi">   --->   Core 111 'm_axi' <Latency = 3> <II = 1> <Delay = 1.00> <Adapter> <Opcode : 'read' 'write' 'readreq' 'writereq' 'writeresp'>

State 29 <SV = 25> <Delay = 8.61>
ST_29 : Operation 345 [4/5] (8.61ns)   --->   "%gmem_addr_3_resp = writeresp i1 @_ssdm_op_WriteResp.m_axi.i128P1A, i64 %gmem_addr_2" [softmax_accel_hls.cc:188->softmax_accel_hls.cc:484]   --->   Operation 345 'writeresp' 'gmem_addr_3_resp' <Predicate = true> <Delay = 8.61> <CoreInst = "m_axi">   --->   Core 111 'm_axi' <Latency = 3> <II = 1> <Delay = 1.00> <Adapter> <Opcode : 'read' 'write' 'readreq' 'writereq' 'writeresp'>

State 30 <SV = 26> <Delay = 8.61>
ST_30 : Operation 346 [3/5] (8.61ns)   --->   "%gmem_addr_3_resp = writeresp i1 @_ssdm_op_WriteResp.m_axi.i128P1A, i64 %gmem_addr_2" [softmax_accel_hls.cc:188->softmax_accel_hls.cc:484]   --->   Operation 346 'writeresp' 'gmem_addr_3_resp' <Predicate = true> <Delay = 8.61> <CoreInst = "m_axi">   --->   Core 111 'm_axi' <Latency = 3> <II = 1> <Delay = 1.00> <Adapter> <Opcode : 'read' 'write' 'readreq' 'writereq' 'writeresp'>

State 31 <SV = 27> <Delay = 8.61>
ST_31 : Operation 347 [2/5] (8.61ns)   --->   "%gmem_addr_3_resp = writeresp i1 @_ssdm_op_WriteResp.m_axi.i128P1A, i64 %gmem_addr_2" [softmax_accel_hls.cc:188->softmax_accel_hls.cc:484]   --->   Operation 347 'writeresp' 'gmem_addr_3_resp' <Predicate = true> <Delay = 8.61> <CoreInst = "m_axi">   --->   Core 111 'm_axi' <Latency = 3> <II = 1> <Delay = 1.00> <Adapter> <Opcode : 'read' 'write' 'readreq' 'writereq' 'writeresp'>

State 32 <SV = 28> <Delay = 8.61>
ST_32 : Operation 348 [1/5] (8.61ns)   --->   "%gmem_addr_3_resp = writeresp i1 @_ssdm_op_WriteResp.m_axi.i128P1A, i64 %gmem_addr_2" [softmax_accel_hls.cc:188->softmax_accel_hls.cc:484]   --->   Operation 348 'writeresp' 'gmem_addr_3_resp' <Predicate = (!icmp_ln457)> <Delay = 8.61> <CoreInst = "m_axi">   --->   Core 111 'm_axi' <Latency = 3> <II = 1> <Delay = 1.00> <Adapter> <Opcode : 'read' 'write' 'readreq' 'writereq' 'writeresp'>
ST_32 : Operation 349 [1/1] (0.00ns)   --->   "%br_ln485 = br void %return" [softmax_accel_hls.cc:485]   --->   Operation 349 'br' 'br_ln485' <Predicate = (!icmp_ln457)> <Delay = 0.00>
ST_32 : Operation 350 [1/1] (0.00ns)   --->   "%ret_ln485 = ret" [softmax_accel_hls.cc:485]   --->   Operation 350 'ret' 'ret_ln485' <Predicate = true> <Delay = 0.00>


============================================================
+ Verbose Summary: Binding
============================================================
STG Binding: 
---------------- STG Properties BEGIN ----------------
- Is combinational: 0
- Is one-state seq: 0
- Is datapath-only: 0
- Is pipelined: 0
- Is top level: 1
Port [ Return ] is wired: 1; IO mode=ap_ctrl_hs:ce=0
Port [ gmem]:  wired=1; compound=1; hidden=0; nouse=0; global=0; static=0; extern=0; dir=2; type=4; pingpong=0; private_global=0; IO mode=m_axi:ce=0
Port [ mem]:  wired=1; compound=0; hidden=0; nouse=0; global=0; static=0; extern=0; dir=0; type=0; pingpong=0; private_global=0; IO mode=ap_none:ce=0
Port [ input_base]:  wired=1; compound=0; hidden=0; nouse=0; global=0; static=0; extern=0; dir=0; type=0; pingpong=0; private_global=0; IO mode=ap_none:ce=0
Port [ prob_base]:  wired=1; compound=0; hidden=0; nouse=0; global=0; static=0; extern=0; dir=0; type=0; pingpong=0; private_global=0; IO mode=ap_none:ce=0
Port [ dbg_base]:  wired=1; compound=0; hidden=0; nouse=0; global=0; static=0; extern=0; dir=0; type=0; pingpong=0; private_global=0; IO mode=ap_none:ce=0
Port [ n]:  wired=1; compound=0; hidden=0; nouse=0; global=0; static=0; extern=0; dir=0; type=0; pingpong=0; private_global=0; IO mode=ap_none:ce=0
Port [ RECIP_M_Q30]:  wired=0; compound=1; hidden=1; nouse=0; global=1; static=1; extern=0; dir=0; type=1; pingpong=0; private_global=1; MemPort=[1]; IO mode=ap_memory:ce=0
Port [ RECIP_B_Q30]:  wired=0; compound=1; hidden=1; nouse=0; global=1; static=1; extern=0; dir=0; type=1; pingpong=0; private_global=1; MemPort=[1]; IO mode=ap_memory:ce=0
---------------- STG Properties END ------------------

---------------- Datapath Model BEGIN ----------------

<LifeTime>
<method=bitvector/>
n_read                (read          ) [ 000000000000000000000000000000000]
dbg_base_read         (read          ) [ 001111111111111000000000000000000]
prob_base_read        (read          ) [ 000000000000000000000000000000000]
input_base_read       (read          ) [ 000000000000000000000000000000000]
mem_read              (read          ) [ 001111111111111111111111110000000]
trunc_ln444           (trunc         ) [ 000000000000000000000000000000000]
spectopmodule_ln444   (spectopmodule ) [ 000000000000000000000000000000000]
specinterface_ln0     (specinterface ) [ 000000000000000000000000000000000]
specbitsmap_ln0       (specbitsmap   ) [ 000000000000000000000000000000000]
specinterface_ln0     (specinterface ) [ 000000000000000000000000000000000]
specinterface_ln0     (specinterface ) [ 000000000000000000000000000000000]
specbitsmap_ln0       (specbitsmap   ) [ 000000000000000000000000000000000]
specinterface_ln0     (specinterface ) [ 000000000000000000000000000000000]
specinterface_ln0     (specinterface ) [ 000000000000000000000000000000000]
specbitsmap_ln0       (specbitsmap   ) [ 000000000000000000000000000000000]
specinterface_ln0     (specinterface ) [ 000000000000000000000000000000000]
specinterface_ln0     (specinterface ) [ 000000000000000000000000000000000]
specbitsmap_ln0       (specbitsmap   ) [ 000000000000000000000000000000000]
specinterface_ln0     (specinterface ) [ 000000000000000000000000000000000]
specinterface_ln0     (specinterface ) [ 000000000000000000000000000000000]
specbitsmap_ln0       (specbitsmap   ) [ 000000000000000000000000000000000]
specinterface_ln0     (specinterface ) [ 000000000000000000000000000000000]
specinterface_ln0     (specinterface ) [ 000000000000000000000000000000000]
specinterface_ln0     (specinterface ) [ 000000000000000000000000000000000]
logits_buf            (alloca        ) [ 001111100000000000000000000000000]
logits_buf_1          (alloca        ) [ 001111100000000000000000000000000]
logits_buf_2          (alloca        ) [ 001111100000000000000000000000000]
logits_buf_3          (alloca        ) [ 001111100000000000000000000000000]
exp_buf               (alloca        ) [ 001111111111111110000000000000000]
exp_buf_1             (alloca        ) [ 001111111111111110000000000000000]
exp_buf_2             (alloca        ) [ 001111111111111110000000000000000]
exp_buf_3             (alloca        ) [ 001111111111111110000000000000000]
sum64                 (alloca        ) [ 011111000000000000000000000000000]
icmp_ln457            (icmp          ) [ 011111111111111111111111111111111]
br_ln457              (br            ) [ 000000000000000000000000000000000]
icmp_ln458            (icmp          ) [ 000000000000000000000000000000000]
select_ln458          (select        ) [ 001111111111111110000000000000000]
trunc_ln              (partselect    ) [ 001000000000000000000000000000000]
trunc_ln3             (partselect    ) [ 001111111111111110000000000000000]
store_ln472           (store         ) [ 000000000000000000000000000000000]
max_x                 (call          ) [ 000111111111111111000000000000000]
call_ln475            (call          ) [ 000000000000000000000000000000000]
sum64_load            (load          ) [ 000000000000000000000000000000000]
icmp_ln477            (icmp          ) [ 000000000000000000000000000000000]
sum_q16               (trunc         ) [ 000000000000000000000000000000000]
sum_q16_2             (select        ) [ 000000111111111111111111100000000]
tmp_s                 (partselect    ) [ 000000000000000000000000000000000]
zext_ln462            (zext          ) [ 000000011111111111111111100000000]
specmemcore_ln468     (specmemcore   ) [ 000000000000000000000000000000000]
specmemcore_ln468     (specmemcore   ) [ 000000000000000000000000000000000]
specmemcore_ln468     (specmemcore   ) [ 000000000000000000000000000000000]
specmemcore_ln468     (specmemcore   ) [ 000000000000000000000000000000000]
specmemcore_ln469     (specmemcore   ) [ 000000000000000000000000000000000]
specmemcore_ln469     (specmemcore   ) [ 000000000000000000000000000000000]
specmemcore_ln469     (specmemcore   ) [ 000000000000000000000000000000000]
specmemcore_ln469     (specmemcore   ) [ 000000000000000000000000000000000]
icmp_ln95             (icmp          ) [ 000000111111111000000000000000000]
br_ln95               (br            ) [ 000000111111111100000000000000000]
tmp                   (bitselect     ) [ 000000100000000000000000000000000]
br_ln100              (br            ) [ 000000110000000000000000000000000]
tmp_4                 (bitselect     ) [ 000000100000000000000000000000000]
br_ln100              (br            ) [ 000000110000000000000000000000000]
tmp_5                 (bitselect     ) [ 000000100000000000000000000000000]
br_ln100              (br            ) [ 000000110000000000000000000000000]
tmp_6                 (bitselect     ) [ 000000100000000000000000000000000]
br_ln100              (br            ) [ 000000110000000000000000000000000]
tmp_7                 (bitselect     ) [ 000000100000000000000000000000000]
br_ln100              (br            ) [ 000000110000000000000000000000000]
tmp_8                 (bitselect     ) [ 000000100000000000000000000000000]
br_ln100              (br            ) [ 000000110000000000000000000000000]
tmp_9                 (bitselect     ) [ 000000100000000000000000000000000]
br_ln100              (br            ) [ 000000110000000000000000000000000]
tmp_10                (bitselect     ) [ 000000100000000000000000000000000]
br_ln100              (br            ) [ 000000110000000000000000000000000]
tmp_11                (bitselect     ) [ 000000100000000000000000000000000]
br_ln100              (br            ) [ 000000110000000000000000000000000]
tmp_12                (bitselect     ) [ 000000100000000000000000000000000]
br_ln100              (br            ) [ 000000110000000000000000000000000]
tmp_13                (bitselect     ) [ 000000100000000000000000000000000]
br_ln100              (br            ) [ 000000110000000000000000000000000]
tmp_14                (bitselect     ) [ 000000100000000000000000000000000]
br_ln100              (br            ) [ 000000110000000000000000000000000]
tmp_15                (bitselect     ) [ 000000100000000000000000000000000]
br_ln100              (br            ) [ 000000110000000000000000000000000]
tmp_16                (bitselect     ) [ 000000100000000000000000000000000]
br_ln100              (br            ) [ 000000110000000000000000000000000]
tmp_17                (bitselect     ) [ 000000100000000000000000000000000]
br_ln100              (br            ) [ 000000110000000000000000000000000]
tmp_18                (bitselect     ) [ 000000100000000000000000000000000]
br_ln100              (br            ) [ 000000110000000000000000000000000]
tmp_19                (bitselect     ) [ 000000100000000000000000000000000]
br_ln100              (br            ) [ 000000110000000000000000000000000]
tmp_20                (bitselect     ) [ 000000100000000000000000000000000]
br_ln100              (br            ) [ 000000110000000000000000000000000]
tmp_21                (bitselect     ) [ 000000100000000000000000000000000]
br_ln100              (br            ) [ 000000110000000000000000000000000]
tmp_22                (bitselect     ) [ 000000100000000000000000000000000]
br_ln100              (br            ) [ 000000110000000000000000000000000]
tmp_23                (bitselect     ) [ 000000100000000000000000000000000]
br_ln100              (br            ) [ 000000110000000000000000000000000]
tmp_24                (bitselect     ) [ 000000100000000000000000000000000]
br_ln100              (br            ) [ 000000110000000000000000000000000]
tmp_25                (bitselect     ) [ 000000100000000000000000000000000]
br_ln100              (br            ) [ 000000110000000000000000000000000]
tmp_26                (bitselect     ) [ 000000100000000000000000000000000]
br_ln100              (br            ) [ 000000110000000000000000000000000]
tmp_27                (bitselect     ) [ 000000100000000000000000000000000]
br_ln100              (br            ) [ 000000110000000000000000000000000]
tmp_28                (bitselect     ) [ 000000100000000000000000000000000]
br_ln100              (br            ) [ 000000110000000000000000000000000]
tmp_29                (bitselect     ) [ 000000100000000000000000000000000]
br_ln100              (br            ) [ 000000110000000000000000000000000]
tmp_30                (bitselect     ) [ 000000100000000000000000000000000]
br_ln100              (br            ) [ 000000110000000000000000000000000]
tmp_31                (bitselect     ) [ 000000100000000000000000000000000]
br_ln100              (br            ) [ 000000110000000000000000000000000]
tmp_32                (bitselect     ) [ 000000100000000000000000000000000]
br_ln100              (br            ) [ 000000110000000000000000000000000]
tmp_33                (bitselect     ) [ 000000100000000000000000000000000]
br_ln100              (br            ) [ 000000110000000000000000000000000]
trunc_ln100           (trunc         ) [ 000000000000000000000000000000000]
xor_ln100             (xor           ) [ 000000000000000000000000000000000]
select_ln100          (select        ) [ 000000110000000000000000000000000]
br_ln100              (br            ) [ 000000110000000000000000000000000]
msb                   (phi           ) [ 000000011111110000000000000000000]
tmp_34                (bitselect     ) [ 000000010000000000000000000000000]
sub_ln107             (sub           ) [ 000000000000000000000000000000000]
sext_ln107            (sext          ) [ 000000000000000000000000000000000]
shl_ln107             (shl           ) [ 000000000000000000000000000000000]
br_ln107              (br            ) [ 000000000000000000000000000000000]
x_q1_15               (trunc         ) [ 000000001100000000000000000000000]
seg                   (partselect    ) [ 000000000000000000000000000000000]
zext_ln114            (zext          ) [ 000000000000000000000000000000000]
RECIP_M_Q30_addr      (getelementptr ) [ 000000001000000000000000000000000]
RECIP_B_Q30_addr      (getelementptr ) [ 000000001000000000000000000000000]
add_ln108             (add           ) [ 000000000000000000000000000000000]
zext_ln108            (zext          ) [ 000000000000000000000000000000000]
lshr_ln108            (lshr          ) [ 000000000000000000000000000000000]
trunc_ln108           (trunc         ) [ 000000000001100000000000000000000]
lshr_ln               (partselect    ) [ 000000000000000000000000000000000]
zext_ln114_1          (zext          ) [ 000000000000000000000000000000000]
RECIP_M_Q30_addr_1    (getelementptr ) [ 000000000001000000000000000000000]
RECIP_B_Q30_addr_1    (getelementptr ) [ 000000000001000000000000000000000]
m                     (load          ) [ 000000000100000000000000000000000]
b                     (load          ) [ 000000000110000000000000000000000]
sext_ln117            (sext          ) [ 000000000000000000000000000000000]
zext_ln117            (zext          ) [ 000000000000000000000000000000000]
mx                    (mul           ) [ 000000000000000000000000000000000]
trunc_ln4             (partselect    ) [ 000000000010000000000000000000000]
b_cast                (zext          ) [ 000000000000000000000000000000000]
inv_x_q30             (add           ) [ 000000000000000000000000000000000]
sext_ln121            (sext          ) [ 000000000000000000000000000000000]
sub_ln123             (sub           ) [ 000000000000000000000000000000000]
zext_ln123            (zext          ) [ 000000000000000000000000000000000]
shl_ln123             (shl           ) [ 000000000010011000000000000000000]
br_ln123              (br            ) [ 000000000010011000000000000000000]
RECIP_M_Q30_load      (load          ) [ 000000000000100000000000000000000]
RECIP_B_Q30_load      (load          ) [ 000000000000110000000000000000000]
sext_ln117_1          (sext          ) [ 000000000000000000000000000000000]
zext_ln117_1          (zext          ) [ 000000000000000000000000000000000]
mul_ln117             (mul           ) [ 000000000000000000000000000000000]
trunc_ln118_1         (partselect    ) [ 000000000000010000000000000000000]
RECIP_B_Q30_load_cast (zext          ) [ 000000000000000000000000000000000]
add_ln118             (add           ) [ 000000000000000000000000000000000]
trunc_ln122           (trunc         ) [ 000000000000000000000000000000000]
zext_ln122            (zext          ) [ 000000000000000000000000000000000]
inv_sum_1             (ashr          ) [ 000000000000000000000000000000000]
sext_ln121_1          (sext          ) [ 000000000010011000000000000000000]
br_ln122              (br            ) [ 000000000010011000000000000000000]
inv_sum_2             (phi           ) [ 000000000000001000000000000000000]
trunc_ln121           (trunc         ) [ 000000000000000000000000000000000]
tmp_35                (bitselect     ) [ 000000000000000000000000000000000]
inv_sum_3             (select        ) [ 000000000000000000000000000000000]
tmp_36                (partselect    ) [ 000000000000000000000000000000000]
icmp_ln126            (icmp          ) [ 000000000000000000000000000000000]
trunc_ln127           (trunc         ) [ 000000000000000000000000000000000]
inv_sum_q30           (select        ) [ 000000100000001100000000000000000]
br_ln0                (br            ) [ 000000100000001100000000000000000]
tmp_1                 (partselect    ) [ 000000000000000110000000000000000]
tmp_2                 (partselect    ) [ 000000000000000111000000000000000]
inv_sum_q30_1         (phi           ) [ 000000000000000110000000000000000]
call_ln480            (call          ) [ 000000000000000000000000000000000]
and_ln                (bitconcatenate) [ 000000000000000000000000000000000]
zext_ln186            (zext          ) [ 000000000000000000000000000000000]
add_ln186             (add           ) [ 000000000000000000000000000000000]
trunc_ln9             (partselect    ) [ 000000000000000001000000000000000]
sext_ln186            (sext          ) [ 000000000000000000000000000000000]
gmem_addr             (getelementptr ) [ 000000000000000000111111000000000]
and_ln1               (bitconcatenate) [ 000000000000000000000000000000000]
tmp_37                (bitconcatenate) [ 000000000000000000000000000000000]
zext_ln179            (zext          ) [ 000000000000000000000000000000000]
shl_ln179             (shl           ) [ 000000000000000000100000000000000]
line                  (partset       ) [ 000000000000000000100000000000000]
gmem_addr_req         (writereq      ) [ 000000000000000000000000000000000]
add_ln483             (add           ) [ 000000000000000000000000000000000]
tmp_3                 (partselect    ) [ 000000000000000000000000000000000]
shl_ln                (bitconcatenate) [ 000000000000000000000000000000000]
zext_ln186_1          (zext          ) [ 000000000000000000000000000000000]
add_ln186_1           (add           ) [ 000000000000000000000000000000000]
trunc_ln186_1         (partselect    ) [ 000000000000000000100000000000000]
trunc_ln179           (trunc         ) [ 000000000000000000100000000000000]
write_ln188           (write         ) [ 000000000000000000000000000000000]
sext_ln186_1          (sext          ) [ 000000000000000000000000000000000]
gmem_addr_1           (getelementptr ) [ 000000000000000000011111100000000]
shl_ln179_1           (bitconcatenate) [ 000000000000000000000000000000000]
tmp_38                (bitconcatenate) [ 000000000000000000000000000000000]
zext_ln179_1          (zext          ) [ 000000000000000000000000000000000]
shl_ln179_3           (shl           ) [ 000000000000000000010000000000000]
line_9                (partset       ) [ 000000000000000000010000000000000]
gmem_addr_2_req       (writereq      ) [ 000000000000000000000000000000000]
write_ln188           (write         ) [ 000000000000000000000000000000000]
gmem_addr_resp        (writeresp     ) [ 000000000000000000000000000000000]
gmem_addr_2_resp      (writeresp     ) [ 000000000000000000000000000000000]
add_ln484             (add           ) [ 000000000000000000000000010000000]
tmp_39                (bitselect     ) [ 000000000000000000000000100000000]
br_ln435              (br            ) [ 000000000000000000000000111000000]
tmp_40                (bitselect     ) [ 000000000000000000000000100000000]
br_ln435              (br            ) [ 000000000000000000000000111000000]
tmp_41                (bitselect     ) [ 000000000000000000000000100000000]
br_ln435              (br            ) [ 000000000000000000000000111000000]
tmp_42                (bitselect     ) [ 000000000000000000000000100000000]
br_ln435              (br            ) [ 000000000000000000000000111000000]
tmp_43                (bitselect     ) [ 000000000000000000000000100000000]
br_ln435              (br            ) [ 000000000000000000000000111000000]
tmp_44                (bitselect     ) [ 000000000000000000000000100000000]
br_ln435              (br            ) [ 000000000000000000000000111000000]
tmp_45                (bitselect     ) [ 000000000000000000000000100000000]
br_ln435              (br            ) [ 000000000000000000000000111000000]
tmp_46                (bitselect     ) [ 000000000000000000000000100000000]
br_ln435              (br            ) [ 000000000000000000000000111000000]
tmp_47                (bitselect     ) [ 000000000000000000000000100000000]
br_ln435              (br            ) [ 000000000000000000000000111000000]
tmp_48                (bitselect     ) [ 000000000000000000000000100000000]
br_ln435              (br            ) [ 000000000000000000000000111000000]
tmp_49                (bitselect     ) [ 000000000000000000000000100000000]
br_ln435              (br            ) [ 000000000000000000000000111000000]
tmp_50                (bitselect     ) [ 000000000000000000000000100000000]
br_ln435              (br            ) [ 000000000000000000000000111000000]
tmp_51                (bitselect     ) [ 000000000000000000000000100000000]
br_ln435              (br            ) [ 000000000000000000000000111000000]
tmp_52                (bitselect     ) [ 000000000000000000000000100000000]
br_ln435              (br            ) [ 000000000000000000000000111000000]
tmp_53                (bitselect     ) [ 000000000000000000000000100000000]
br_ln435              (br            ) [ 000000000000000000000000111000000]
tmp_54                (bitselect     ) [ 000000000000000000000000100000000]
br_ln435              (br            ) [ 000000000000000000000000111000000]
tmp_55                (bitselect     ) [ 000000000000000000000000100000000]
br_ln435              (br            ) [ 000000000000000000000000111000000]
tmp_56                (bitselect     ) [ 000000000000000000000000100000000]
br_ln435              (br            ) [ 000000000000000000000000111000000]
tmp_57                (bitselect     ) [ 000000000000000000000000100000000]
br_ln435              (br            ) [ 000000000000000000000000111000000]
tmp_58                (bitselect     ) [ 000000000000000000000000100000000]
br_ln435              (br            ) [ 000000000000000000000000111000000]
tmp_59                (bitselect     ) [ 000000000000000000000000100000000]
br_ln435              (br            ) [ 000000000000000000000000111000000]
tmp_60                (bitselect     ) [ 000000000000000000000000100000000]
br_ln435              (br            ) [ 000000000000000000000000111000000]
tmp_61                (bitselect     ) [ 000000000000000000000000100000000]
br_ln435              (br            ) [ 000000000000000000000000111000000]
tmp_62                (bitselect     ) [ 000000000000000000000000100000000]
br_ln435              (br            ) [ 000000000000000000000000111000000]
tmp_63                (bitselect     ) [ 000000000000000000000000100000000]
br_ln435              (br            ) [ 000000000000000000000000111000000]
tmp_64                (bitselect     ) [ 000000000000000000000000100000000]
br_ln435              (br            ) [ 000000000000000000000000111000000]
tmp_65                (bitselect     ) [ 000000000000000000000000100000000]
br_ln435              (br            ) [ 000000000000000000000000111000000]
tmp_66                (bitselect     ) [ 000000000000000000000000100000000]
br_ln435              (br            ) [ 000000000000000000000000111000000]
tmp_67                (bitselect     ) [ 000000000000000000000000100000000]
br_ln435              (br            ) [ 000000000000000000000000111000000]
tmp_69                (bitselect     ) [ 000000000000000000000000100000000]
br_ln435              (br            ) [ 000000000000000000000000111000000]
tmp_70                (bitselect     ) [ 000000000000000000000000100000000]
br_ln435              (br            ) [ 000000000000000000000000111000000]
trunc_ln435           (trunc         ) [ 000000000000000000000000000000000]
select_ln435          (select        ) [ 000000000000000000000000111000000]
br_ln435              (br            ) [ 000000000000000000000000111000000]
tmp_68                (partselect    ) [ 000000000000000000000000000000000]
shl_ln186_1           (bitconcatenate) [ 000000000000000000000000000000000]
zext_ln186_2          (zext          ) [ 000000000000000000000000000000000]
add_ln186_2           (add           ) [ 000000000000000000000000000000000]
trunc_ln186_2         (partselect    ) [ 000000000000000000000000001000000]
trunc_ln179_1         (trunc         ) [ 000000000000000000000000001000000]
word_5                (phi           ) [ 000000000000000000000000001000000]
sext_ln182            (sext          ) [ 000000000000000000000000000000000]
sext_ln186_2          (sext          ) [ 000000000000000000000000000000000]
gmem_addr_2           (getelementptr ) [ 000000000000000000000000000111111]
shl_ln179_2           (bitconcatenate) [ 000000000000000000000000000000000]
tmp_71                (bitconcatenate) [ 000000000000000000000000000000000]
zext_ln179_2          (zext          ) [ 000000000000000000000000000000000]
shl_ln179_4           (shl           ) [ 000000000000000000000000000100000]
line_10               (partset       ) [ 000000000000000000000000000100000]
gmem_addr_3_req       (writereq      ) [ 000000000000000000000000000000000]
write_ln188           (write         ) [ 000000000000000000000000000000000]
gmem_addr_3_resp      (writeresp     ) [ 000000000000000000000000000000000]
br_ln485              (br            ) [ 000000000000000000000000000000000]
ret_ln485             (ret           ) [ 000000000000000000000000000000000]
</LifeTime>

<model>

<comp_list>
<comp id="0" class="1000" name="gmem">
<pin_list>
<pin id="1" dir="1" index="0" bw="1" slack="0"/>
</pin_list>
<bind>
<StgValue><ssdm name="gmem"/><MemPortTyVec>2 </MemPortTyVec>
</StgValue>
</bind>
</comp>

<comp id="2" class="1000" name="mem">
<pin_list>
<pin id="3" dir="1" index="0" bw="1" slack="0"/>
</pin_list>
<bind>
<StgValue><ssdm name="mem"/></StgValue>
</bind>
</comp>

<comp id="4" class="1000" name="input_base">
<pin_list>
<pin id="5" dir="1" index="0" bw="1" slack="0"/>
</pin_list>
<bind>
<StgValue><ssdm name="input_base"/></StgValue>
</bind>
</comp>

<comp id="6" class="1000" name="prob_base">
<pin_list>
<pin id="7" dir="1" index="0" bw="1" slack="0"/>
</pin_list>
<bind>
<StgValue><ssdm name="prob_base"/></StgValue>
</bind>
</comp>

<comp id="8" class="1000" name="dbg_base">
<pin_list>
<pin id="9" dir="1" index="0" bw="1" slack="0"/>
</pin_list>
<bind>
<StgValue><ssdm name="dbg_base"/></StgValue>
</bind>
</comp>

<comp id="10" class="1000" name="n">
<pin_list>
<pin id="11" dir="1" index="0" bw="1" slack="0"/>
</pin_list>
<bind>
<StgValue><ssdm name="n"/></StgValue>
</bind>
</comp>

<comp id="12" class="1000" name="RECIP_M_Q30">
<pin_list>
<pin id="13" dir="1" index="0" bw="1" slack="0"/>
</pin_list>
<bind>
<StgValue><ssdm name="RECIP_M_Q30"/><MemPortTyVec>1 </MemPortTyVec>
</StgValue>
</bind>
</comp>

<comp id="14" class="1000" name="RECIP_B_Q30">
<pin_list>
<pin id="15" dir="1" index="0" bw="1" slack="0"/>
</pin_list>
<bind>
<StgValue><ssdm name="RECIP_B_Q30"/><MemPortTyVec>1 </MemPortTyVec>
</StgValue>
</bind>
</comp>

<comp id="16" class="1001" name="const_16">
<pin_list>
<pin id="17" dir="1" index="0" bw="1" slack="0"/>
</pin_list>
<bind>
<StgValue><ssdm name="_ssdm_op_Read.s_axilite.i32"/></StgValue>
</bind>
</comp>

<comp id="18" class="1001" name="const_18">
<pin_list>
<pin id="19" dir="1" index="0" bw="1" slack="0"/>
</pin_list>
<bind>
<StgValue><ssdm name="_ssdm_op_Read.s_axilite.i64"/></StgValue>
</bind>
</comp>

<comp id="20" class="1001" name="const_20">
<pin_list>
<pin id="21" dir="1" index="0" bw="1" slack="2147483647"/>
</pin_list>
<bind>
<StgValue><ssdm name="_ssdm_op_SpecTopModule"/></StgValue>
</bind>
</comp>

<comp id="22" class="1001" name="const_22">
<pin_list>
<pin id="23" dir="1" index="0" bw="1" slack="2147483647"/>
</pin_list>
<bind>
<StgValue><ssdm name="empty_12"/></StgValue>
</bind>
</comp>

<comp id="24" class="1001" name="const_24">
<pin_list>
<pin id="25" dir="1" index="0" bw="1" slack="2147483647"/>
</pin_list>
<bind>
<StgValue><ssdm name="_ssdm_op_SpecInterface"/></StgValue>
</bind>
</comp>

<comp id="26" class="1001" name="const_26">
<pin_list>
<pin id="27" dir="1" index="0" bw="1" slack="2147483647"/>
</pin_list>
<bind>
<StgValue><ssdm name="empty_0"/></StgValue>
</bind>
</comp>

<comp id="28" class="1001" name="const_28">
<pin_list>
<pin id="29" dir="1" index="0" bw="1" slack="0"/>
</pin_list>
<bind>
<StgValue><ssdm name=""/></StgValue>
</bind>
</comp>

<comp id="30" class="1001" name="const_30">
<pin_list>
<pin id="31" dir="1" index="0" bw="1" slack="2147483647"/>
</pin_list>
<bind>
<StgValue><ssdm name="empty_1"/></StgValue>
</bind>
</comp>

<comp id="32" class="1001" name="const_32">
<pin_list>
<pin id="33" dir="1" index="0" bw="1" slack="2147483647"/>
</pin_list>
<bind>
<StgValue><ssdm name=""/></StgValue>
</bind>
</comp>

<comp id="34" class="1001" name="const_34">
<pin_list>
<pin id="35" dir="1" index="0" bw="1" slack="2147483647"/>
</pin_list>
<bind>
<StgValue><ssdm name="empty_2"/></StgValue>
</bind>
</comp>

<comp id="36" class="1001" name="const_36">
<pin_list>
<pin id="37" dir="1" index="0" bw="1" slack="2147483647"/>
</pin_list>
<bind>
<StgValue><ssdm name="empty_3"/></StgValue>
</bind>
</comp>

<comp id="38" class="1001" name="const_38">
<pin_list>
<pin id="39" dir="1" index="0" bw="1" slack="0"/>
</pin_list>
<bind>
<StgValue><ssdm name=""/></StgValue>
</bind>
</comp>

<comp id="40" class="1001" name="const_40">
<pin_list>
<pin id="41" dir="1" index="0" bw="1" slack="2147483647"/>
</pin_list>
<bind>
<StgValue><ssdm name=""/></StgValue>
</bind>
</comp>

<comp id="42" class="1001" name="const_42">
<pin_list>
<pin id="43" dir="1" index="0" bw="1" slack="2147483647"/>
</pin_list>
<bind>
<StgValue><ssdm name="_ssdm_op_SpecBitsMap"/></StgValue>
</bind>
</comp>

<comp id="44" class="1001" name="const_44">
<pin_list>
<pin id="45" dir="1" index="0" bw="1" slack="2147483647"/>
</pin_list>
<bind>
<StgValue><ssdm name="empty_4"/></StgValue>
</bind>
</comp>

<comp id="46" class="1001" name="const_46">
<pin_list>
<pin id="47" dir="1" index="0" bw="1" slack="2147483647"/>
</pin_list>
<bind>
<StgValue><ssdm name="empty_5"/></StgValue>
</bind>
</comp>

<comp id="48" class="1001" name="const_48">
<pin_list>
<pin id="49" dir="1" index="0" bw="1" slack="2147483647"/>
</pin_list>
<bind>
<StgValue><ssdm name="empty_13"/></StgValue>
</bind>
</comp>

<comp id="50" class="1001" name="const_50">
<pin_list>
<pin id="51" dir="1" index="0" bw="1" slack="2147483647"/>
</pin_list>
<bind>
<StgValue><ssdm name="empty_6"/></StgValue>
</bind>
</comp>

<comp id="52" class="1001" name="const_52">
<pin_list>
<pin id="53" dir="1" index="0" bw="1" slack="2147483647"/>
</pin_list>
<bind>
<StgValue><ssdm name="empty_14"/></StgValue>
</bind>
</comp>

<comp id="54" class="1001" name="const_54">
<pin_list>
<pin id="55" dir="1" index="0" bw="1" slack="2147483647"/>
</pin_list>
<bind>
<StgValue><ssdm name="empty_11"/></StgValue>
</bind>
</comp>

<comp id="56" class="1001" name="const_56">
<pin_list>
<pin id="57" dir="1" index="0" bw="1" slack="2147483647"/>
</pin_list>
<bind>
<StgValue><ssdm name="empty_7"/></StgValue>
</bind>
</comp>

<comp id="58" class="1001" name="const_58">
<pin_list>
<pin id="59" dir="1" index="0" bw="1" slack="2147483647"/>
</pin_list>
<bind>
<StgValue><ssdm name="empty_8"/></StgValue>
</bind>
</comp>

<comp id="60" class="1001" name="const_60">
<pin_list>
<pin id="61" dir="1" index="0" bw="1" slack="2147483647"/>
</pin_list>
<bind>
<StgValue><ssdm name="empty_9"/></StgValue>
</bind>
</comp>

<comp id="62" class="1001" name="const_62">
<pin_list>
<pin id="63" dir="1" index="0" bw="1" slack="2147483647"/>
</pin_list>
<bind>
<StgValue><ssdm name="empty_10"/></StgValue>
</bind>
</comp>

<comp id="64" class="1001" name="const_64">
<pin_list>
<pin id="65" dir="1" index="0" bw="1" slack="0"/>
</pin_list>
<bind>
<StgValue><ssdm name=""/></StgValue>
</bind>
</comp>

<comp id="66" class="1001" name="const_66">
<pin_list>
<pin id="67" dir="1" index="0" bw="1" slack="0"/>
</pin_list>
<bind>
<StgValue><ssdm name=""/></StgValue>
</bind>
</comp>

<comp id="68" class="1001" name="const_68">
<pin_list>
<pin id="69" dir="1" index="0" bw="1" slack="0"/>
</pin_list>
<bind>
<StgValue><ssdm name=""/></StgValue>
</bind>
</comp>

<comp id="70" class="1001" name="const_70">
<pin_list>
<pin id="71" dir="1" index="0" bw="1" slack="0"/>
</pin_list>
<bind>
<StgValue><ssdm name="_ssdm_op_PartSelect.i28.i32.i32.i32"/></StgValue>
</bind>
</comp>

<comp id="72" class="1001" name="const_72">
<pin_list>
<pin id="73" dir="1" index="0" bw="1" slack="0"/>
</pin_list>
<bind>
<StgValue><ssdm name=""/></StgValue>
</bind>
</comp>

<comp id="74" class="1001" name="const_74">
<pin_list>
<pin id="75" dir="1" index="0" bw="1" slack="0"/>
</pin_list>
<bind>
<StgValue><ssdm name=""/></StgValue>
</bind>
</comp>

<comp id="76" class="1001" name="const_76">
<pin_list>
<pin id="77" dir="1" index="0" bw="1" slack="0"/>
</pin_list>
<bind>
<StgValue><ssdm name=""/></StgValue>
</bind>
</comp>

<comp id="78" class="1001" name="const_78">
<pin_list>
<pin id="79" dir="1" index="0" bw="1" slack="0"/>
</pin_list>
<bind>
<StgValue><ssdm name="load_logits_and_find_max"/></StgValue>
</bind>
</comp>

<comp id="80" class="1001" name="const_80">
<pin_list>
<pin id="81" dir="1" index="0" bw="1" slack="0"/>
</pin_list>
<bind>
<StgValue><ssdm name="generate_exp_buffer"/></StgValue>
</bind>
</comp>

<comp id="82" class="1001" name="const_82">
<pin_list>
<pin id="83" dir="1" index="0" bw="1" slack="0"/>
</pin_list>
<bind>
<StgValue><ssdm name=""/></StgValue>
</bind>
</comp>

<comp id="84" class="1001" name="const_84">
<pin_list>
<pin id="85" dir="1" index="0" bw="1" slack="0"/>
</pin_list>
<bind>
<StgValue><ssdm name="_ssdm_op_PartSelect.i30.i32.i32.i32"/></StgValue>
</bind>
</comp>

<comp id="86" class="1001" name="const_86">
<pin_list>
<pin id="87" dir="1" index="0" bw="1" slack="0"/>
</pin_list>
<bind>
<StgValue><ssdm name=""/></StgValue>
</bind>
</comp>

<comp id="88" class="1001" name="const_88">
<pin_list>
<pin id="89" dir="1" index="0" bw="1" slack="2147483647"/>
</pin_list>
<bind>
<StgValue><ssdm name="_ssdm_op_SpecMemCore"/></StgValue>
</bind>
</comp>

<comp id="90" class="1001" name="const_90">
<pin_list>
<pin id="91" dir="1" index="0" bw="1" slack="2147483647"/>
</pin_list>
<bind>
<StgValue><ssdm name=""/></StgValue>
</bind>
</comp>

<comp id="92" class="1001" name="const_92">
<pin_list>
<pin id="93" dir="1" index="0" bw="1" slack="2147483647"/>
</pin_list>
<bind>
<StgValue><ssdm name=""/></StgValue>
</bind>
</comp>

<comp id="94" class="1001" name="const_94">
<pin_list>
<pin id="95" dir="1" index="0" bw="1" slack="2147483647"/>
</pin_list>
<bind>
<StgValue><ssdm name=""/></StgValue>
</bind>
</comp>

<comp id="96" class="1001" name="const_96">
<pin_list>
<pin id="97" dir="1" index="0" bw="1" slack="0"/>
</pin_list>
<bind>
<StgValue><ssdm name="_ssdm_op_BitSelect.i1.i32.i32"/></StgValue>
</bind>
</comp>

<comp id="98" class="1001" name="const_98">
<pin_list>
<pin id="99" dir="1" index="0" bw="1" slack="0"/>
</pin_list>
<bind>
<StgValue><ssdm name=""/></StgValue>
</bind>
</comp>

<comp id="100" class="1001" name="const_100">
<pin_list>
<pin id="101" dir="1" index="0" bw="1" slack="0"/>
</pin_list>
<bind>
<StgValue><ssdm name=""/></StgValue>
</bind>
</comp>

<comp id="102" class="1001" name="const_102">
<pin_list>
<pin id="103" dir="1" index="0" bw="1" slack="0"/>
</pin_list>
<bind>
<StgValue><ssdm name=""/></StgValue>
</bind>
</comp>

<comp id="104" class="1001" name="const_104">
<pin_list>
<pin id="105" dir="1" index="0" bw="1" slack="0"/>
</pin_list>
<bind>
<StgValue><ssdm name=""/></StgValue>
</bind>
</comp>

<comp id="106" class="1001" name="const_106">
<pin_list>
<pin id="107" dir="1" index="0" bw="1" slack="0"/>
</pin_list>
<bind>
<StgValue><ssdm name=""/></StgValue>
</bind>
</comp>

<comp id="108" class="1001" name="const_108">
<pin_list>
<pin id="109" dir="1" index="0" bw="1" slack="0"/>
</pin_list>
<bind>
<StgValue><ssdm name=""/></StgValue>
</bind>
</comp>

<comp id="110" class="1001" name="const_110">
<pin_list>
<pin id="111" dir="1" index="0" bw="1" slack="0"/>
</pin_list>
<bind>
<StgValue><ssdm name=""/></StgValue>
</bind>
</comp>

<comp id="112" class="1001" name="const_112">
<pin_list>
<pin id="113" dir="1" index="0" bw="1" slack="0"/>
</pin_list>
<bind>
<StgValue><ssdm name=""/></StgValue>
</bind>
</comp>

<comp id="114" class="1001" name="const_114">
<pin_list>
<pin id="115" dir="1" index="0" bw="1" slack="0"/>
</pin_list>
<bind>
<StgValue><ssdm name=""/></StgValue>
</bind>
</comp>

<comp id="116" class="1001" name="const_116">
<pin_list>
<pin id="117" dir="1" index="0" bw="1" slack="0"/>
</pin_list>
<bind>
<StgValue><ssdm name=""/></StgValue>
</bind>
</comp>

<comp id="118" class="1001" name="const_118">
<pin_list>
<pin id="119" dir="1" index="0" bw="1" slack="0"/>
</pin_list>
<bind>
<StgValue><ssdm name=""/></StgValue>
</bind>
</comp>

<comp id="120" class="1001" name="const_120">
<pin_list>
<pin id="121" dir="1" index="0" bw="1" slack="0"/>
</pin_list>
<bind>
<StgValue><ssdm name=""/></StgValue>
</bind>
</comp>

<comp id="122" class="1001" name="const_122">
<pin_list>
<pin id="123" dir="1" index="0" bw="1" slack="0"/>
</pin_list>
<bind>
<StgValue><ssdm name=""/></StgValue>
</bind>
</comp>

<comp id="124" class="1001" name="const_124">
<pin_list>
<pin id="125" dir="1" index="0" bw="1" slack="0"/>
</pin_list>
<bind>
<StgValue><ssdm name=""/></StgValue>
</bind>
</comp>

<comp id="126" class="1001" name="const_126">
<pin_list>
<pin id="127" dir="1" index="0" bw="1" slack="0"/>
</pin_list>
<bind>
<StgValue><ssdm name=""/></StgValue>
</bind>
</comp>

<comp id="128" class="1001" name="const_128">
<pin_list>
<pin id="129" dir="1" index="0" bw="1" slack="0"/>
</pin_list>
<bind>
<StgValue><ssdm name=""/></StgValue>
</bind>
</comp>

<comp id="130" class="1001" name="const_130">
<pin_list>
<pin id="131" dir="1" index="0" bw="1" slack="0"/>
</pin_list>
<bind>
<StgValue><ssdm name=""/></StgValue>
</bind>
</comp>

<comp id="132" class="1001" name="const_132">
<pin_list>
<pin id="133" dir="1" index="0" bw="1" slack="0"/>
</pin_list>
<bind>
<StgValue><ssdm name=""/></StgValue>
</bind>
</comp>

<comp id="134" class="1001" name="const_134">
<pin_list>
<pin id="135" dir="1" index="0" bw="1" slack="0"/>
</pin_list>
<bind>
<StgValue><ssdm name=""/></StgValue>
</bind>
</comp>

<comp id="136" class="1001" name="const_136">
<pin_list>
<pin id="137" dir="1" index="0" bw="1" slack="0"/>
</pin_list>
<bind>
<StgValue><ssdm name=""/></StgValue>
</bind>
</comp>

<comp id="138" class="1001" name="const_138">
<pin_list>
<pin id="139" dir="1" index="0" bw="1" slack="0"/>
</pin_list>
<bind>
<StgValue><ssdm name=""/></StgValue>
</bind>
</comp>

<comp id="140" class="1001" name="const_140">
<pin_list>
<pin id="141" dir="1" index="0" bw="1" slack="0"/>
</pin_list>
<bind>
<StgValue><ssdm name=""/></StgValue>
</bind>
</comp>

<comp id="142" class="1001" name="const_142">
<pin_list>
<pin id="143" dir="1" index="0" bw="1" slack="0"/>
</pin_list>
<bind>
<StgValue><ssdm name=""/></StgValue>
</bind>
</comp>

<comp id="144" class="1001" name="const_144">
<pin_list>
<pin id="145" dir="1" index="0" bw="1" slack="0"/>
</pin_list>
<bind>
<StgValue><ssdm name=""/></StgValue>
</bind>
</comp>

<comp id="146" class="1001" name="const_146">
<pin_list>
<pin id="147" dir="1" index="0" bw="1" slack="0"/>
</pin_list>
<bind>
<StgValue><ssdm name=""/></StgValue>
</bind>
</comp>

<comp id="148" class="1001" name="const_148">
<pin_list>
<pin id="149" dir="1" index="0" bw="1" slack="0"/>
</pin_list>
<bind>
<StgValue><ssdm name=""/></StgValue>
</bind>
</comp>

<comp id="150" class="1001" name="const_150">
<pin_list>
<pin id="151" dir="1" index="0" bw="1" slack="0"/>
</pin_list>
<bind>
<StgValue><ssdm name=""/></StgValue>
</bind>
</comp>

<comp id="152" class="1001" name="const_152">
<pin_list>
<pin id="153" dir="1" index="0" bw="1" slack="0"/>
</pin_list>
<bind>
<StgValue><ssdm name=""/></StgValue>
</bind>
</comp>

<comp id="154" class="1001" name="const_154">
<pin_list>
<pin id="155" dir="1" index="0" bw="1" slack="0"/>
</pin_list>
<bind>
<StgValue><ssdm name=""/></StgValue>
</bind>
</comp>

<comp id="156" class="1001" name="const_156">
<pin_list>
<pin id="157" dir="1" index="0" bw="1" slack="1"/>
</pin_list>
<bind>
<StgValue><ssdm name=""/></StgValue>
</bind>
</comp>

<comp id="158" class="1001" name="const_158">
<pin_list>
<pin id="159" dir="1" index="0" bw="1" slack="1"/>
</pin_list>
<bind>
<StgValue><ssdm name=""/></StgValue>
</bind>
</comp>

<comp id="160" class="1001" name="const_160">
<pin_list>
<pin id="161" dir="1" index="0" bw="1" slack="1"/>
</pin_list>
<bind>
<StgValue><ssdm name=""/></StgValue>
</bind>
</comp>

<comp id="162" class="1001" name="const_162">
<pin_list>
<pin id="163" dir="1" index="0" bw="1" slack="1"/>
</pin_list>
<bind>
<StgValue><ssdm name=""/></StgValue>
</bind>
</comp>

<comp id="164" class="1001" name="const_164">
<pin_list>
<pin id="165" dir="1" index="0" bw="1" slack="1"/>
</pin_list>
<bind>
<StgValue><ssdm name=""/></StgValue>
</bind>
</comp>

<comp id="166" class="1001" name="const_166">
<pin_list>
<pin id="167" dir="1" index="0" bw="1" slack="1"/>
</pin_list>
<bind>
<StgValue><ssdm name=""/></StgValue>
</bind>
</comp>

<comp id="168" class="1001" name="const_168">
<pin_list>
<pin id="169" dir="1" index="0" bw="1" slack="1"/>
</pin_list>
<bind>
<StgValue><ssdm name=""/></StgValue>
</bind>
</comp>

<comp id="170" class="1001" name="const_170">
<pin_list>
<pin id="171" dir="1" index="0" bw="1" slack="1"/>
</pin_list>
<bind>
<StgValue><ssdm name=""/></StgValue>
</bind>
</comp>

<comp id="172" class="1001" name="const_172">
<pin_list>
<pin id="173" dir="1" index="0" bw="1" slack="1"/>
</pin_list>
<bind>
<StgValue><ssdm name=""/></StgValue>
</bind>
</comp>

<comp id="174" class="1001" name="const_174">
<pin_list>
<pin id="175" dir="1" index="0" bw="1" slack="1"/>
</pin_list>
<bind>
<StgValue><ssdm name=""/></StgValue>
</bind>
</comp>

<comp id="176" class="1001" name="const_176">
<pin_list>
<pin id="177" dir="1" index="0" bw="1" slack="1"/>
</pin_list>
<bind>
<StgValue><ssdm name=""/></StgValue>
</bind>
</comp>

<comp id="178" class="1001" name="const_178">
<pin_list>
<pin id="179" dir="1" index="0" bw="1" slack="1"/>
</pin_list>
<bind>
<StgValue><ssdm name=""/></StgValue>
</bind>
</comp>

<comp id="180" class="1001" name="const_180">
<pin_list>
<pin id="181" dir="1" index="0" bw="1" slack="1"/>
</pin_list>
<bind>
<StgValue><ssdm name=""/></StgValue>
</bind>
</comp>

<comp id="182" class="1001" name="const_182">
<pin_list>
<pin id="183" dir="1" index="0" bw="1" slack="0"/>
</pin_list>
<bind>
<StgValue><ssdm name=""/></StgValue>
</bind>
</comp>

<comp id="184" class="1001" name="const_184">
<pin_list>
<pin id="185" dir="1" index="0" bw="1" slack="0"/>
</pin_list>
<bind>
<StgValue><ssdm name=""/></StgValue>
</bind>
</comp>

<comp id="186" class="1001" name="const_186">
<pin_list>
<pin id="187" dir="1" index="0" bw="1" slack="0"/>
</pin_list>
<bind>
<StgValue><ssdm name=""/></StgValue>
</bind>
</comp>

<comp id="188" class="1001" name="const_188">
<pin_list>
<pin id="189" dir="1" index="0" bw="1" slack="1"/>
</pin_list>
<bind>
<StgValue><ssdm name=""/></StgValue>
</bind>
</comp>

<comp id="190" class="1001" name="const_190">
<pin_list>
<pin id="191" dir="1" index="0" bw="1" slack="1"/>
</pin_list>
<bind>
<StgValue><ssdm name=""/></StgValue>
</bind>
</comp>

<comp id="192" class="1001" name="const_192">
<pin_list>
<pin id="193" dir="1" index="0" bw="1" slack="1"/>
</pin_list>
<bind>
<StgValue><ssdm name=""/></StgValue>
</bind>
</comp>

<comp id="194" class="1001" name="const_194">
<pin_list>
<pin id="195" dir="1" index="0" bw="1" slack="1"/>
</pin_list>
<bind>
<StgValue><ssdm name=""/></StgValue>
</bind>
</comp>

<comp id="196" class="1001" name="const_196">
<pin_list>
<pin id="197" dir="1" index="0" bw="1" slack="1"/>
</pin_list>
<bind>
<StgValue><ssdm name=""/></StgValue>
</bind>
</comp>

<comp id="198" class="1001" name="const_198">
<pin_list>
<pin id="199" dir="1" index="0" bw="1" slack="1"/>
</pin_list>
<bind>
<StgValue><ssdm name=""/></StgValue>
</bind>
</comp>

<comp id="200" class="1001" name="const_200">
<pin_list>
<pin id="201" dir="1" index="0" bw="1" slack="1"/>
</pin_list>
<bind>
<StgValue><ssdm name=""/></StgValue>
</bind>
</comp>

<comp id="202" class="1001" name="const_202">
<pin_list>
<pin id="203" dir="1" index="0" bw="1" slack="1"/>
</pin_list>
<bind>
<StgValue><ssdm name=""/></StgValue>
</bind>
</comp>

<comp id="204" class="1001" name="const_204">
<pin_list>
<pin id="205" dir="1" index="0" bw="1" slack="1"/>
</pin_list>
<bind>
<StgValue><ssdm name=""/></StgValue>
</bind>
</comp>

<comp id="206" class="1001" name="const_206">
<pin_list>
<pin id="207" dir="1" index="0" bw="1" slack="1"/>
</pin_list>
<bind>
<StgValue><ssdm name=""/></StgValue>
</bind>
</comp>

<comp id="208" class="1001" name="const_208">
<pin_list>
<pin id="209" dir="1" index="0" bw="1" slack="1"/>
</pin_list>
<bind>
<StgValue><ssdm name=""/></StgValue>
</bind>
</comp>

<comp id="210" class="1001" name="const_210">
<pin_list>
<pin id="211" dir="1" index="0" bw="1" slack="1"/>
</pin_list>
<bind>
<StgValue><ssdm name=""/></StgValue>
</bind>
</comp>

<comp id="212" class="1001" name="const_212">
<pin_list>
<pin id="213" dir="1" index="0" bw="1" slack="1"/>
</pin_list>
<bind>
<StgValue><ssdm name=""/></StgValue>
</bind>
</comp>

<comp id="214" class="1001" name="const_214">
<pin_list>
<pin id="215" dir="1" index="0" bw="1" slack="1"/>
</pin_list>
<bind>
<StgValue><ssdm name=""/></StgValue>
</bind>
</comp>

<comp id="216" class="1001" name="const_216">
<pin_list>
<pin id="217" dir="1" index="0" bw="1" slack="0"/>
</pin_list>
<bind>
<StgValue><ssdm name="_ssdm_op_BitSelect.i1.i5.i32"/></StgValue>
</bind>
</comp>

<comp id="218" class="1001" name="const_218">
<pin_list>
<pin id="219" dir="1" index="0" bw="1" slack="0"/>
</pin_list>
<bind>
<StgValue><ssdm name="_ssdm_op_PartSelect.i4.i32.i32.i32"/></StgValue>
</bind>
</comp>

<comp id="220" class="1001" name="const_220">
<pin_list>
<pin id="221" dir="1" index="0" bw="1" slack="0"/>
</pin_list>
<bind>
<StgValue><ssdm name=""/></StgValue>
</bind>
</comp>

<comp id="222" class="1001" name="const_222">
<pin_list>
<pin id="223" dir="1" index="0" bw="1" slack="0"/>
</pin_list>
<bind>
<StgValue><ssdm name="_ssdm_op_PartSelect.i32.i47.i32.i32"/></StgValue>
</bind>
</comp>

<comp id="224" class="1001" name="const_224">
<pin_list>
<pin id="225" dir="1" index="0" bw="1" slack="0"/>
</pin_list>
<bind>
<StgValue><ssdm name=""/></StgValue>
</bind>
</comp>

<comp id="226" class="1001" name="const_226">
<pin_list>
<pin id="227" dir="1" index="0" bw="1" slack="0"/>
</pin_list>
<bind>
<StgValue><ssdm name="_ssdm_op_BitSelect.i1.i48.i32"/></StgValue>
</bind>
</comp>

<comp id="228" class="1001" name="const_228">
<pin_list>
<pin id="229" dir="1" index="0" bw="1" slack="0"/>
</pin_list>
<bind>
<StgValue><ssdm name=""/></StgValue>
</bind>
</comp>

<comp id="230" class="1001" name="const_230">
<pin_list>
<pin id="231" dir="1" index="0" bw="1" slack="0"/>
</pin_list>
<bind>
<StgValue><ssdm name=""/></StgValue>
</bind>
</comp>

<comp id="232" class="1001" name="const_232">
<pin_list>
<pin id="233" dir="1" index="0" bw="1" slack="0"/>
</pin_list>
<bind>
<StgValue><ssdm name="_ssdm_op_PartSelect.i16.i47.i32.i32"/></StgValue>
</bind>
</comp>

<comp id="234" class="1001" name="const_234">
<pin_list>
<pin id="235" dir="1" index="0" bw="1" slack="0"/>
</pin_list>
<bind>
<StgValue><ssdm name=""/></StgValue>
</bind>
</comp>

<comp id="236" class="1001" name="const_236">
<pin_list>
<pin id="237" dir="1" index="0" bw="1" slack="0"/>
</pin_list>
<bind>
<StgValue><ssdm name=""/></StgValue>
</bind>
</comp>

<comp id="238" class="1001" name="const_238">
<pin_list>
<pin id="239" dir="1" index="0" bw="1" slack="0"/>
</pin_list>
<bind>
<StgValue><ssdm name="_ssdm_op_PartSelect.i2.i32.i32.i32"/></StgValue>
</bind>
</comp>

<comp id="240" class="1001" name="const_240">
<pin_list>
<pin id="241" dir="1" index="0" bw="1" slack="0"/>
</pin_list>
<bind>
<StgValue><ssdm name="normalize_and_store"/></StgValue>
</bind>
</comp>

<comp id="242" class="1001" name="const_242">
<pin_list>
<pin id="243" dir="1" index="0" bw="1" slack="0"/>
</pin_list>
<bind>
<StgValue><ssdm name="_ssdm_op_BitConcatenate.i32.i28.i4"/></StgValue>
</bind>
</comp>

<comp id="244" class="1001" name="const_244">
<pin_list>
<pin id="245" dir="1" index="0" bw="1" slack="0"/>
</pin_list>
<bind>
<StgValue><ssdm name=""/></StgValue>
</bind>
</comp>

<comp id="246" class="1001" name="const_246">
<pin_list>
<pin id="247" dir="1" index="0" bw="1" slack="0"/>
</pin_list>
<bind>
<StgValue><ssdm name="_ssdm_op_PartSelect.i60.i64.i32.i32"/></StgValue>
</bind>
</comp>

<comp id="248" class="1001" name="const_248">
<pin_list>
<pin id="249" dir="1" index="0" bw="1" slack="0"/>
</pin_list>
<bind>
<StgValue><ssdm name=""/></StgValue>
</bind>
</comp>

<comp id="250" class="1001" name="const_250">
<pin_list>
<pin id="251" dir="1" index="0" bw="1" slack="0"/>
</pin_list>
<bind>
<StgValue><ssdm name="_ssdm_op_BitConcatenate.i7.i2.i5"/></StgValue>
</bind>
</comp>

<comp id="252" class="1001" name="const_252">
<pin_list>
<pin id="253" dir="1" index="0" bw="1" slack="0"/>
</pin_list>
<bind>
<StgValue><ssdm name="_ssdm_op_BitConcatenate.i4.i2.i2"/></StgValue>
</bind>
</comp>

<comp id="254" class="1001" name="const_254">
<pin_list>
<pin id="255" dir="1" index="0" bw="1" slack="0"/>
</pin_list>
<bind>
<StgValue><ssdm name=""/></StgValue>
</bind>
</comp>

<comp id="256" class="1001" name="const_256">
<pin_list>
<pin id="257" dir="1" index="0" bw="1" slack="0"/>
</pin_list>
<bind>
<StgValue><ssdm name=""/></StgValue>
</bind>
</comp>

<comp id="258" class="1001" name="const_258">
<pin_list>
<pin id="259" dir="1" index="0" bw="1" slack="0"/>
</pin_list>
<bind>
<StgValue><ssdm name="_ssdm_op_PartSet.i128.i128.i32.i7"/></StgValue>
</bind>
</comp>

<comp id="260" class="1001" name="const_260">
<pin_list>
<pin id="261" dir="1" index="0" bw="1" slack="0"/>
</pin_list>
<bind>
<StgValue><ssdm name=""/></StgValue>
</bind>
</comp>

<comp id="262" class="1001" name="const_262">
<pin_list>
<pin id="263" dir="1" index="0" bw="1" slack="0"/>
</pin_list>
<bind>
<StgValue><ssdm name="_ssdm_op_WriteReq.m_axi.i128P1A"/></StgValue>
</bind>
</comp>

<comp id="264" class="1001" name="const_264">
<pin_list>
<pin id="265" dir="1" index="0" bw="1" slack="0"/>
</pin_list>
<bind>
<StgValue><ssdm name=""/></StgValue>
</bind>
</comp>

<comp id="266" class="1001" name="const_266">
<pin_list>
<pin id="267" dir="1" index="0" bw="1" slack="0"/>
</pin_list>
<bind>
<StgValue><ssdm name="_ssdm_op_PartSelect.i29.i31.i32.i32"/></StgValue>
</bind>
</comp>

<comp id="268" class="1001" name="const_268">
<pin_list>
<pin id="269" dir="1" index="0" bw="1" slack="0"/>
</pin_list>
<bind>
<StgValue><ssdm name="_ssdm_op_BitConcatenate.i33.i29.i4"/></StgValue>
</bind>
</comp>

<comp id="270" class="1001" name="const_270">
<pin_list>
<pin id="271" dir="1" index="0" bw="1" slack="0"/>
</pin_list>
<bind>
<StgValue><ssdm name="_ssdm_op_Write.m_axi.volatile.i128P1A"/></StgValue>
</bind>
</comp>

<comp id="272" class="1001" name="const_272">
<pin_list>
<pin id="273" dir="1" index="0" bw="1" slack="0"/>
</pin_list>
<bind>
<StgValue><ssdm name="_ssdm_op_WriteResp.m_axi.i128P1A"/></StgValue>
</bind>
</comp>

<comp id="274" class="1001" name="const_274">
<pin_list>
<pin id="275" dir="1" index="0" bw="1" slack="0"/>
</pin_list>
<bind>
<StgValue><ssdm name=""/></StgValue>
</bind>
</comp>

<comp id="276" class="1004" name="logits_buf_alloca_fu_276">
<pin_list>
<pin id="277" dir="0" index="0" bw="1" slack="0"/>
<pin id="278" dir="1" index="1" bw="32" slack="0"/>
</pin_list>
<bind>
<opcode="alloca(26) " fcode="alloca"/>
<opset="logits_buf/1 "/>
</bind>
</comp>

<comp id="280" class="1004" name="logits_buf_1_alloca_fu_280">
<pin_list>
<pin id="281" dir="0" index="0" bw="1" slack="0"/>
<pin id="282" dir="1" index="1" bw="32" slack="0"/>
</pin_list>
<bind>
<opcode="alloca(26) " fcode="alloca"/>
<opset="logits_buf_1/1 "/>
</bind>
</comp>

<comp id="284" class="1004" name="logits_buf_2_alloca_fu_284">
<pin_list>
<pin id="285" dir="0" index="0" bw="1" slack="0"/>
<pin id="286" dir="1" index="1" bw="32" slack="0"/>
</pin_list>
<bind>
<opcode="alloca(26) " fcode="alloca"/>
<opset="logits_buf_2/1 "/>
</bind>
</comp>

<comp id="288" class="1004" name="logits_buf_3_alloca_fu_288">
<pin_list>
<pin id="289" dir="0" index="0" bw="1" slack="0"/>
<pin id="290" dir="1" index="1" bw="32" slack="0"/>
</pin_list>
<bind>
<opcode="alloca(26) " fcode="alloca"/>
<opset="logits_buf_3/1 "/>
</bind>
</comp>

<comp id="292" class="1004" name="exp_buf_alloca_fu_292">
<pin_list>
<pin id="293" dir="0" index="0" bw="1" slack="0"/>
<pin id="294" dir="1" index="1" bw="32" slack="2147483647"/>
</pin_list>
<bind>
<opcode="alloca(26) " fcode="alloca"/>
<opset="exp_buf/1 "/>
</bind>
</comp>

<comp id="296" class="1004" name="exp_buf_1_alloca_fu_296">
<pin_list>
<pin id="297" dir="0" index="0" bw="1" slack="0"/>
<pin id="298" dir="1" index="1" bw="32" slack="2147483647"/>
</pin_list>
<bind>
<opcode="alloca(26) " fcode="alloca"/>
<opset="exp_buf_1/1 "/>
</bind>
</comp>

<comp id="300" class="1004" name="exp_buf_2_alloca_fu_300">
<pin_list>
<pin id="301" dir="0" index="0" bw="1" slack="0"/>
<pin id="302" dir="1" index="1" bw="32" slack="2147483647"/>
</pin_list>
<bind>
<opcode="alloca(26) " fcode="alloca"/>
<opset="exp_buf_2/1 "/>
</bind>
</comp>

<comp id="304" class="1004" name="exp_buf_3_alloca_fu_304">
<pin_list>
<pin id="305" dir="0" index="0" bw="1" slack="0"/>
<pin id="306" dir="1" index="1" bw="32" slack="2147483647"/>
</pin_list>
<bind>
<opcode="alloca(26) " fcode="alloca"/>
<opset="exp_buf_3/1 "/>
</bind>
</comp>

<comp id="308" class="1004" name="sum64_fu_308">
<pin_list>
<pin id="309" dir="0" index="0" bw="1" slack="0"/>
<pin id="310" dir="1" index="1" bw="40" slack="0"/>
</pin_list>
<bind>
<opcode="alloca(26) " fcode="alloca"/>
<opset="sum64/1 "/>
</bind>
</comp>

<comp id="312" class="1004" name="n_read_read_fu_312">
<pin_list>
<pin id="313" dir="0" index="0" bw="32" slack="0"/>
<pin id="314" dir="0" index="1" bw="32" slack="0"/>
<pin id="315" dir="1" index="2" bw="32" slack="0"/>
</pin_list>
<bind>
<opcode="read(1150) " fcode="read"/>
<opset="n_read/1 "/>
</bind>
</comp>

<comp id="318" class="1004" name="dbg_base_read_read_fu_318">
<pin_list>
<pin id="319" dir="0" index="0" bw="32" slack="0"/>
<pin id="320" dir="0" index="1" bw="32" slack="0"/>
<pin id="321" dir="1" index="2" bw="32" slack="5"/>
</pin_list>
<bind>
<opcode="read(1150) " fcode="read"/>
<opset="dbg_base_read/1 "/>
</bind>
</comp>

<comp id="324" class="1004" name="prob_base_read_read_fu_324">
<pin_list>
<pin id="325" dir="0" index="0" bw="32" slack="0"/>
<pin id="326" dir="0" index="1" bw="32" slack="0"/>
<pin id="327" dir="1" index="2" bw="32" slack="0"/>
</pin_list>
<bind>
<opcode="read(1150) " fcode="read"/>
<opset="prob_base_read/1 "/>
</bind>
</comp>

<comp id="330" class="1004" name="input_base_read_read_fu_330">
<pin_list>
<pin id="331" dir="0" index="0" bw="32" slack="0"/>
<pin id="332" dir="0" index="1" bw="32" slack="0"/>
<pin id="333" dir="1" index="2" bw="32" slack="0"/>
</pin_list>
<bind>
<opcode="read(1150) " fcode="read"/>
<opset="input_base_read/1 "/>
</bind>
</comp>

<comp id="336" class="1004" name="mem_read_read_fu_336">
<pin_list>
<pin id="337" dir="0" index="0" bw="64" slack="0"/>
<pin id="338" dir="0" index="1" bw="64" slack="0"/>
<pin id="339" dir="1" index="2" bw="64" slack="0"/>
</pin_list>
<bind>
<opcode="read(1150) " fcode="read"/>
<opset="mem_read/1 "/>
</bind>
</comp>

<comp id="342" class="1004" name="RECIP_M_Q30_addr_gep_fu_342">
<pin_list>
<pin id="343" dir="0" index="0" bw="31" slack="0"/>
<pin id="344" dir="0" index="1" bw="1" slack="0"/>
<pin id="345" dir="0" index="2" bw="4" slack="0"/>
<pin id="346" dir="1" index="3" bw="4" slack="0"/>
</pin_list>
<bind>
<opcode="getelementptr(29) " fcode="getelementptr"/>
<opset="RECIP_M_Q30_addr/7 "/>
</bind>
</comp>

<comp id="349" class="1004" name="grp_access_fu_349">
<pin_list>
<pin id="350" dir="0" index="0" bw="4" slack="0"/>
<pin id="351" dir="0" index="1" bw="31" slack="2147483647"/>
<pin id="352" dir="0" index="2" bw="0" slack="2147483647"/>
<pin id="353" dir="1" index="3" bw="31" slack="1"/>
</pin_list>
<bind>
<opcode="load(27) " fcode="load"/>
<opset="m/7 RECIP_M_Q30_load/7 "/>
</bind>
</comp>

<comp id="355" class="1004" name="RECIP_B_Q30_addr_gep_fu_355">
<pin_list>
<pin id="356" dir="0" index="0" bw="31" slack="0"/>
<pin id="357" dir="0" index="1" bw="1" slack="0"/>
<pin id="358" dir="0" index="2" bw="4" slack="0"/>
<pin id="359" dir="1" index="3" bw="4" slack="0"/>
</pin_list>
<bind>
<opcode="getelementptr(29) " fcode="getelementptr"/>
<opset="RECIP_B_Q30_addr/7 "/>
</bind>
</comp>

<comp id="362" class="1004" name="grp_access_fu_362">
<pin_list>
<pin id="363" dir="0" index="0" bw="4" slack="0"/>
<pin id="364" dir="0" index="1" bw="31" slack="2147483647"/>
<pin id="365" dir="0" index="2" bw="0" slack="2147483647"/>
<pin id="366" dir="1" index="3" bw="31" slack="2"/>
</pin_list>
<bind>
<opcode="load(27) " fcode="load"/>
<opset="b/7 RECIP_B_Q30_load/7 "/>
</bind>
</comp>

<comp id="368" class="1004" name="RECIP_M_Q30_addr_1_gep_fu_368">
<pin_list>
<pin id="369" dir="0" index="0" bw="31" slack="0"/>
<pin id="370" dir="0" index="1" bw="1" slack="0"/>
<pin id="371" dir="0" index="2" bw="4" slack="0"/>
<pin id="372" dir="1" index="3" bw="4" slack="0"/>
</pin_list>
<bind>
<opcode="getelementptr(29) " fcode="getelementptr"/>
<opset="RECIP_M_Q30_addr_1/7 "/>
</bind>
</comp>

<comp id="376" class="1004" name="RECIP_B_Q30_addr_1_gep_fu_376">
<pin_list>
<pin id="377" dir="0" index="0" bw="31" slack="0"/>
<pin id="378" dir="0" index="1" bw="1" slack="0"/>
<pin id="379" dir="0" index="2" bw="4" slack="0"/>
<pin id="380" dir="1" index="3" bw="4" slack="0"/>
</pin_list>
<bind>
<opcode="getelementptr(29) " fcode="getelementptr"/>
<opset="RECIP_B_Q30_addr_1/7 "/>
</bind>
</comp>

<comp id="384" class="1004" name="grp_writereq_fu_384">
<pin_list>
<pin id="385" dir="0" index="0" bw="1" slack="0"/>
<pin id="386" dir="0" index="1" bw="128" slack="0"/>
<pin id="387" dir="0" index="2" bw="1" slack="0"/>
<pin id="388" dir="1" index="3" bw="1" slack="2147483647"/>
</pin_list>
<bind>
<opcode="writereq(1155) " fcode="writereq"/>
<opset="gmem_addr_req/17 gmem_addr_2_req/18 gmem_addr_3_req/26 "/>
</bind>
</comp>

<comp id="391" class="1004" name="grp_write_fu_391">
<pin_list>
<pin id="392" dir="0" index="0" bw="0" slack="0"/>
<pin id="393" dir="0" index="1" bw="128" slack="1"/>
<pin id="394" dir="0" index="2" bw="128" slack="1"/>
<pin id="395" dir="0" index="3" bw="16" slack="1"/>
<pin id="396" dir="1" index="4" bw="0" slack="2147483647"/>
</pin_list>
<bind>
<opcode="write(1151) " fcode="write"/>
<opset="write_ln188/18 write_ln188/19 write_ln188/27 "/>
</bind>
</comp>

<comp id="398" class="1004" name="grp_writeresp_fu_398">
<pin_list>
<pin id="399" dir="0" index="0" bw="1" slack="0"/>
<pin id="400" dir="0" index="1" bw="128" slack="2"/>
<pin id="401" dir="1" index="2" bw="1" slack="2147483647"/>
</pin_list>
<bind>
<opcode="writeresp(1158) " fcode="writeresp"/>
<opset="gmem_addr_resp/19 gmem_addr_2_resp/20 gmem_addr_3_resp/28 "/>
</bind>
</comp>

<comp id="403" class="1005" name="msb_reg_403">
<pin_list>
<pin id="404" dir="0" index="0" bw="5" slack="1"/>
<pin id="405" dir="1" index="1" bw="5" slack="1"/>
</pin_list>
<bind>
<opset="msb (phireg) "/>
</bind>
</comp>

<comp id="437" class="1004" name="msb_phi_fu_437">
<pin_list>
<pin id="438" dir="0" index="0" bw="1" slack="1"/>
<pin id="439" dir="0" index="1" bw="0" slack="2147483647"/>
<pin id="440" dir="0" index="2" bw="2" slack="1"/>
<pin id="441" dir="0" index="3" bw="0" slack="2147483647"/>
<pin id="442" dir="0" index="4" bw="3" slack="1"/>
<pin id="443" dir="0" index="5" bw="0" slack="2147483647"/>
<pin id="444" dir="0" index="6" bw="3" slack="1"/>
<pin id="445" dir="0" index="7" bw="0" slack="2147483647"/>
<pin id="446" dir="0" index="8" bw="4" slack="1"/>
<pin id="447" dir="0" index="9" bw="0" slack="2147483647"/>
<pin id="448" dir="0" index="10" bw="4" slack="1"/>
<pin id="449" dir="0" index="11" bw="0" slack="2147483647"/>
<pin id="450" dir="0" index="12" bw="4" slack="1"/>
<pin id="451" dir="0" index="13" bw="0" slack="2147483647"/>
<pin id="452" dir="0" index="14" bw="4" slack="1"/>
<pin id="453" dir="0" index="15" bw="0" slack="2147483647"/>
<pin id="454" dir="0" index="16" bw="5" slack="1"/>
<pin id="455" dir="0" index="17" bw="0" slack="2147483647"/>
<pin id="456" dir="0" index="18" bw="5" slack="1"/>
<pin id="457" dir="0" index="19" bw="0" slack="2147483647"/>
<pin id="458" dir="0" index="20" bw="5" slack="1"/>
<pin id="459" dir="0" index="21" bw="0" slack="2147483647"/>
<pin id="460" dir="0" index="22" bw="5" slack="1"/>
<pin id="461" dir="0" index="23" bw="0" slack="2147483647"/>
<pin id="462" dir="0" index="24" bw="5" slack="1"/>
<pin id="463" dir="0" index="25" bw="0" slack="2147483647"/>
<pin id="464" dir="0" index="26" bw="5" slack="1"/>
<pin id="465" dir="0" index="27" bw="0" slack="2147483647"/>
<pin id="466" dir="0" index="28" bw="5" slack="1"/>
<pin id="467" dir="0" index="29" bw="0" slack="2147483647"/>
<pin id="468" dir="0" index="30" bw="5" slack="1"/>
<pin id="469" dir="0" index="31" bw="0" slack="2147483647"/>
<pin id="470" dir="0" index="32" bw="5" slack="1"/>
<pin id="471" dir="0" index="33" bw="0" slack="2147483647"/>
<pin id="472" dir="0" index="34" bw="5" slack="1"/>
<pin id="473" dir="0" index="35" bw="0" slack="2147483647"/>
<pin id="474" dir="0" index="36" bw="5" slack="1"/>
<pin id="475" dir="0" index="37" bw="0" slack="2147483647"/>
<pin id="476" dir="0" index="38" bw="5" slack="1"/>
<pin id="477" dir="0" index="39" bw="0" slack="2147483647"/>
<pin id="478" dir="0" index="40" bw="5" slack="1"/>
<pin id="479" dir="0" index="41" bw="0" slack="2147483647"/>
<pin id="480" dir="0" index="42" bw="5" slack="1"/>
<pin id="481" dir="0" index="43" bw="0" slack="2147483647"/>
<pin id="482" dir="0" index="44" bw="5" slack="1"/>
<pin id="483" dir="0" index="45" bw="0" slack="2147483647"/>
<pin id="484" dir="0" index="46" bw="5" slack="1"/>
<pin id="485" dir="0" index="47" bw="0" slack="2147483647"/>
<pin id="486" dir="0" index="48" bw="4" slack="1"/>
<pin id="487" dir="0" index="49" bw="0" slack="2147483647"/>
<pin id="488" dir="0" index="50" bw="4" slack="1"/>
<pin id="489" dir="0" index="51" bw="0" slack="2147483647"/>
<pin id="490" dir="0" index="52" bw="4" slack="1"/>
<pin id="491" dir="0" index="53" bw="0" slack="2147483647"/>
<pin id="492" dir="0" index="54" bw="4" slack="1"/>
<pin id="493" dir="0" index="55" bw="0" slack="2147483647"/>
<pin id="494" dir="0" index="56" bw="3" slack="1"/>
<pin id="495" dir="0" index="57" bw="0" slack="2147483647"/>
<pin id="496" dir="0" index="58" bw="3" slack="1"/>
<pin id="497" dir="0" index="59" bw="0" slack="2147483647"/>
<pin id="498" dir="0" index="60" bw="1" slack="1"/>
<pin id="499" dir="0" index="61" bw="0" slack="2147483647"/>
<pin id="500" dir="0" index="62" bw="5" slack="1"/>
<pin id="501" dir="0" index="63" bw="0" slack="2147483647"/>
<pin id="502" dir="1" index="64" bw="5" slack="0"/>
</pin_list>
<bind>
<opcode="phi(47) " fcode="phi"/>
<opset="msb/7 "/>
</bind>
</comp>

<comp id="535" class="1005" name="inv_sum_2_reg_535">
<pin_list>
<pin id="536" dir="0" index="0" bw="48" slack="2147483647"/>
<pin id="537" dir="1" index="1" bw="48" slack="2147483647"/>
</pin_list>
<bind>
<opset="inv_sum_2 (phireg) "/>
</bind>
</comp>

<comp id="538" class="1004" name="inv_sum_2_phi_fu_538">
<pin_list>
<pin id="539" dir="0" index="0" bw="32" slack="1"/>
<pin id="540" dir="0" index="1" bw="0" slack="2147483647"/>
<pin id="541" dir="0" index="2" bw="48" slack="1"/>
<pin id="542" dir="0" index="3" bw="0" slack="2147483647"/>
<pin id="543" dir="1" index="4" bw="48" slack="0"/>
</pin_list>
<bind>
<opcode="phi(47) " fcode="phi"/>
<opset="inv_sum_2/14 "/>
</bind>
</comp>

<comp id="544" class="1005" name="inv_sum_q30_1_reg_544">
<pin_list>
<pin id="545" dir="0" index="0" bw="31" slack="1"/>
<pin id="546" dir="1" index="1" bw="31" slack="6"/>
</pin_list>
<bind>
<opset="inv_sum_q30_1 (phireg) "/>
</bind>
</comp>

<comp id="548" class="1004" name="inv_sum_q30_1_phi_fu_548">
<pin_list>
<pin id="549" dir="0" index="0" bw="31" slack="1"/>
<pin id="550" dir="0" index="1" bw="0" slack="2147483647"/>
<pin id="551" dir="0" index="2" bw="1" slack="6"/>
<pin id="552" dir="0" index="3" bw="0" slack="2147483647"/>
<pin id="553" dir="1" index="4" bw="31" slack="0"/>
</pin_list>
<bind>
<opcode="phi(47) " fcode="phi"/>
<opset="inv_sum_q30_1/15 "/>
</bind>
</comp>

<comp id="556" class="1005" name="word_5_reg_556">
<pin_list>
<pin id="557" dir="0" index="0" bw="5" slack="2"/>
<pin id="558" dir="1" index="1" bw="5" slack="2"/>
</pin_list>
<bind>
<opset="word_5 (phireg) "/>
</bind>
</comp>

<comp id="590" class="1004" name="word_5_phi_fu_590">
<pin_list>
<pin id="591" dir="0" index="0" bw="5" slack="2"/>
<pin id="592" dir="0" index="1" bw="0" slack="2147483647"/>
<pin id="593" dir="0" index="2" bw="5" slack="2"/>
<pin id="594" dir="0" index="3" bw="0" slack="2147483647"/>
<pin id="595" dir="0" index="4" bw="5" slack="2"/>
<pin id="596" dir="0" index="5" bw="0" slack="2147483647"/>
<pin id="597" dir="0" index="6" bw="5" slack="2"/>
<pin id="598" dir="0" index="7" bw="0" slack="2147483647"/>
<pin id="599" dir="0" index="8" bw="5" slack="2"/>
<pin id="600" dir="0" index="9" bw="0" slack="2147483647"/>
<pin id="601" dir="0" index="10" bw="5" slack="2"/>
<pin id="602" dir="0" index="11" bw="0" slack="2147483647"/>
<pin id="603" dir="0" index="12" bw="5" slack="2"/>
<pin id="604" dir="0" index="13" bw="0" slack="2147483647"/>
<pin id="605" dir="0" index="14" bw="5" slack="2"/>
<pin id="606" dir="0" index="15" bw="0" slack="2147483647"/>
<pin id="607" dir="0" index="16" bw="4" slack="2"/>
<pin id="608" dir="0" index="17" bw="0" slack="2147483647"/>
<pin id="609" dir="0" index="18" bw="4" slack="2"/>
<pin id="610" dir="0" index="19" bw="0" slack="2147483647"/>
<pin id="611" dir="0" index="20" bw="4" slack="2"/>
<pin id="612" dir="0" index="21" bw="0" slack="2147483647"/>
<pin id="613" dir="0" index="22" bw="4" slack="2"/>
<pin id="614" dir="0" index="23" bw="0" slack="2147483647"/>
<pin id="615" dir="0" index="24" bw="3" slack="2"/>
<pin id="616" dir="0" index="25" bw="0" slack="2147483647"/>
<pin id="617" dir="0" index="26" bw="3" slack="2"/>
<pin id="618" dir="0" index="27" bw="0" slack="2147483647"/>
<pin id="619" dir="0" index="28" bw="1" slack="2"/>
<pin id="620" dir="0" index="29" bw="0" slack="2147483647"/>
<pin id="621" dir="0" index="30" bw="1" slack="2"/>
<pin id="622" dir="0" index="31" bw="0" slack="2147483647"/>
<pin id="623" dir="0" index="32" bw="1" slack="2"/>
<pin id="624" dir="0" index="33" bw="0" slack="2147483647"/>
<pin id="625" dir="0" index="34" bw="2" slack="2"/>
<pin id="626" dir="0" index="35" bw="0" slack="2147483647"/>
<pin id="627" dir="0" index="36" bw="3" slack="2"/>
<pin id="628" dir="0" index="37" bw="0" slack="2147483647"/>
<pin id="629" dir="0" index="38" bw="3" slack="2"/>
<pin id="630" dir="0" index="39" bw="0" slack="2147483647"/>
<pin id="631" dir="0" index="40" bw="4" slack="2"/>
<pin id="632" dir="0" index="41" bw="0" slack="2147483647"/>
<pin id="633" dir="0" index="42" bw="4" slack="2"/>
<pin id="634" dir="0" index="43" bw="0" slack="2147483647"/>
<pin id="635" dir="0" index="44" bw="4" slack="2"/>
<pin id="636" dir="0" index="45" bw="0" slack="2147483647"/>
<pin id="637" dir="0" index="46" bw="4" slack="2"/>
<pin id="638" dir="0" index="47" bw="0" slack="2147483647"/>
<pin id="639" dir="0" index="48" bw="5" slack="2"/>
<pin id="640" dir="0" index="49" bw="0" slack="2147483647"/>
<pin id="641" dir="0" index="50" bw="5" slack="2"/>
<pin id="642" dir="0" index="51" bw="0" slack="2147483647"/>
<pin id="643" dir="0" index="52" bw="5" slack="2"/>
<pin id="644" dir="0" index="53" bw="0" slack="2147483647"/>
<pin id="645" dir="0" index="54" bw="5" slack="2"/>
<pin id="646" dir="0" index="55" bw="0" slack="2147483647"/>
<pin id="647" dir="0" index="56" bw="5" slack="2"/>
<pin id="648" dir="0" index="57" bw="0" slack="2147483647"/>
<pin id="649" dir="0" index="58" bw="5" slack="2"/>
<pin id="650" dir="0" index="59" bw="0" slack="2147483647"/>
<pin id="651" dir="0" index="60" bw="5" slack="2"/>
<pin id="652" dir="0" index="61" bw="0" slack="2147483647"/>
<pin id="653" dir="0" index="62" bw="5" slack="2"/>
<pin id="654" dir="0" index="63" bw="0" slack="2147483647"/>
<pin id="655" dir="1" index="64" bw="5" slack="0"/>
</pin_list>
<bind>
<opcode="phi(47) " fcode="phi"/>
<opset="word_5/26 "/>
</bind>
</comp>

<comp id="687" class="1004" name="grp_load_logits_and_find_max_fu_687">
<pin_list>
<pin id="688" dir="0" index="0" bw="32" slack="0"/>
<pin id="689" dir="0" index="1" bw="128" slack="0"/>
<pin id="690" dir="0" index="2" bw="64" slack="0"/>
<pin id="691" dir="0" index="3" bw="28" slack="0"/>
<pin id="692" dir="0" index="4" bw="9" slack="0"/>
<pin id="693" dir="0" index="5" bw="32" slack="0"/>
<pin id="694" dir="0" index="6" bw="32" slack="0"/>
<pin id="695" dir="0" index="7" bw="32" slack="0"/>
<pin id="696" dir="0" index="8" bw="32" slack="0"/>
<pin id="697" dir="1" index="9" bw="32" slack="1"/>
</pin_list>
<bind>
<opcode="call(48) " fcode="call"/>
<opset="max_x/1 "/>
</bind>
</comp>

<comp id="705" class="1004" name="grp_generate_exp_buffer_fu_705">
<pin_list>
<pin id="706" dir="0" index="0" bw="0" slack="0"/>
<pin id="707" dir="0" index="1" bw="32" slack="2147483647"/>
<pin id="708" dir="0" index="2" bw="32" slack="2147483647"/>
<pin id="709" dir="0" index="3" bw="32" slack="2147483647"/>
<pin id="710" dir="0" index="4" bw="32" slack="2147483647"/>
<pin id="711" dir="0" index="5" bw="9" slack="2"/>
<pin id="712" dir="0" index="6" bw="32" slack="1"/>
<pin id="713" dir="0" index="7" bw="32" slack="2147483647"/>
<pin id="714" dir="0" index="8" bw="32" slack="2147483647"/>
<pin id="715" dir="0" index="9" bw="32" slack="2147483647"/>
<pin id="716" dir="0" index="10" bw="32" slack="2147483647"/>
<pin id="717" dir="0" index="11" bw="40" slack="2"/>
<pin id="718" dir="1" index="12" bw="0" slack="2147483647"/>
</pin_list>
<bind>
<opcode="call(48) " fcode="call"/>
<opset="call_ln475/3 "/>
</bind>
</comp>

<comp id="720" class="1004" name="grp_normalize_and_store_fu_720">
<pin_list>
<pin id="721" dir="0" index="0" bw="0" slack="0"/>
<pin id="722" dir="0" index="1" bw="128" slack="0"/>
<pin id="723" dir="0" index="2" bw="64" slack="11"/>
<pin id="724" dir="0" index="3" bw="28" slack="11"/>
<pin id="725" dir="0" index="4" bw="9" slack="11"/>
<pin id="726" dir="0" index="5" bw="32" slack="2147483647"/>
<pin id="727" dir="0" index="6" bw="32" slack="2147483647"/>
<pin id="728" dir="0" index="7" bw="32" slack="2147483647"/>
<pin id="729" dir="0" index="8" bw="32" slack="2147483647"/>
<pin id="730" dir="0" index="9" bw="31" slack="0"/>
<pin id="731" dir="1" index="10" bw="0" slack="2147483647"/>
</pin_list>
<bind>
<opcode="call(48) " fcode="call"/>
<opset="call_ln480/15 "/>
</bind>
</comp>

<comp id="735" class="1004" name="grp_fu_735">
<pin_list>
<pin id="736" dir="0" index="0" bw="31" slack="0"/>
<pin id="737" dir="0" index="1" bw="16" slack="0"/>
<pin id="738" dir="1" index="2" bw="47" slack="0"/>
</pin_list>
<bind>
<opcode="mul(12) " fcode="mul"/>
<opset="mx/9 mul_ln117/12 "/>
</bind>
</comp>

<comp id="739" class="1004" name="grp_fu_739">
<pin_list>
<pin id="740" dir="0" index="0" bw="1" slack="0"/>
<pin id="741" dir="0" index="1" bw="32" slack="1"/>
<pin id="742" dir="0" index="2" bw="6" slack="0"/>
<pin id="743" dir="1" index="3" bw="1" slack="2147483647"/>
</pin_list>
<bind>
<opcode="bitselect(1000) " fcode="bitselect"/>
<opset="tmp/6 tmp_39/24 "/>
</bind>
</comp>

<comp id="746" class="1004" name="grp_fu_746">
<pin_list>
<pin id="747" dir="0" index="0" bw="1" slack="0"/>
<pin id="748" dir="0" index="1" bw="32" slack="1"/>
<pin id="749" dir="0" index="2" bw="6" slack="0"/>
<pin id="750" dir="1" index="3" bw="1" slack="2147483647"/>
</pin_list>
<bind>
<opcode="bitselect(1000) " fcode="bitselect"/>
<opset="tmp_4/6 tmp_40/24 "/>
</bind>
</comp>

<comp id="753" class="1004" name="grp_fu_753">
<pin_list>
<pin id="754" dir="0" index="0" bw="1" slack="0"/>
<pin id="755" dir="0" index="1" bw="32" slack="1"/>
<pin id="756" dir="0" index="2" bw="6" slack="0"/>
<pin id="757" dir="1" index="3" bw="1" slack="2147483647"/>
</pin_list>
<bind>
<opcode="bitselect(1000) " fcode="bitselect"/>
<opset="tmp_5/6 tmp_41/24 "/>
</bind>
</comp>

<comp id="760" class="1004" name="grp_fu_760">
<pin_list>
<pin id="761" dir="0" index="0" bw="1" slack="0"/>
<pin id="762" dir="0" index="1" bw="32" slack="1"/>
<pin id="763" dir="0" index="2" bw="6" slack="0"/>
<pin id="764" dir="1" index="3" bw="1" slack="2147483647"/>
</pin_list>
<bind>
<opcode="bitselect(1000) " fcode="bitselect"/>
<opset="tmp_6/6 tmp_42/24 "/>
</bind>
</comp>

<comp id="767" class="1004" name="grp_fu_767">
<pin_list>
<pin id="768" dir="0" index="0" bw="1" slack="0"/>
<pin id="769" dir="0" index="1" bw="32" slack="1"/>
<pin id="770" dir="0" index="2" bw="6" slack="0"/>
<pin id="771" dir="1" index="3" bw="1" slack="2147483647"/>
</pin_list>
<bind>
<opcode="bitselect(1000) " fcode="bitselect"/>
<opset="tmp_7/6 tmp_43/24 "/>
</bind>
</comp>

<comp id="774" class="1004" name="grp_fu_774">
<pin_list>
<pin id="775" dir="0" index="0" bw="1" slack="0"/>
<pin id="776" dir="0" index="1" bw="32" slack="1"/>
<pin id="777" dir="0" index="2" bw="6" slack="0"/>
<pin id="778" dir="1" index="3" bw="1" slack="2147483647"/>
</pin_list>
<bind>
<opcode="bitselect(1000) " fcode="bitselect"/>
<opset="tmp_8/6 tmp_44/24 "/>
</bind>
</comp>

<comp id="781" class="1004" name="grp_fu_781">
<pin_list>
<pin id="782" dir="0" index="0" bw="1" slack="0"/>
<pin id="783" dir="0" index="1" bw="32" slack="1"/>
<pin id="784" dir="0" index="2" bw="6" slack="0"/>
<pin id="785" dir="1" index="3" bw="1" slack="2147483647"/>
</pin_list>
<bind>
<opcode="bitselect(1000) " fcode="bitselect"/>
<opset="tmp_9/6 tmp_45/24 "/>
</bind>
</comp>

<comp id="788" class="1004" name="grp_fu_788">
<pin_list>
<pin id="789" dir="0" index="0" bw="1" slack="0"/>
<pin id="790" dir="0" index="1" bw="32" slack="1"/>
<pin id="791" dir="0" index="2" bw="6" slack="0"/>
<pin id="792" dir="1" index="3" bw="1" slack="2147483647"/>
</pin_list>
<bind>
<opcode="bitselect(1000) " fcode="bitselect"/>
<opset="tmp_10/6 tmp_46/24 "/>
</bind>
</comp>

<comp id="795" class="1004" name="grp_fu_795">
<pin_list>
<pin id="796" dir="0" index="0" bw="1" slack="0"/>
<pin id="797" dir="0" index="1" bw="32" slack="1"/>
<pin id="798" dir="0" index="2" bw="6" slack="0"/>
<pin id="799" dir="1" index="3" bw="1" slack="2147483647"/>
</pin_list>
<bind>
<opcode="bitselect(1000) " fcode="bitselect"/>
<opset="tmp_11/6 tmp_47/24 "/>
</bind>
</comp>

<comp id="802" class="1004" name="grp_fu_802">
<pin_list>
<pin id="803" dir="0" index="0" bw="1" slack="0"/>
<pin id="804" dir="0" index="1" bw="32" slack="1"/>
<pin id="805" dir="0" index="2" bw="6" slack="0"/>
<pin id="806" dir="1" index="3" bw="1" slack="2147483647"/>
</pin_list>
<bind>
<opcode="bitselect(1000) " fcode="bitselect"/>
<opset="tmp_12/6 tmp_48/24 "/>
</bind>
</comp>

<comp id="809" class="1004" name="grp_fu_809">
<pin_list>
<pin id="810" dir="0" index="0" bw="1" slack="0"/>
<pin id="811" dir="0" index="1" bw="32" slack="1"/>
<pin id="812" dir="0" index="2" bw="6" slack="0"/>
<pin id="813" dir="1" index="3" bw="1" slack="2147483647"/>
</pin_list>
<bind>
<opcode="bitselect(1000) " fcode="bitselect"/>
<opset="tmp_13/6 tmp_49/24 "/>
</bind>
</comp>

<comp id="816" class="1004" name="grp_fu_816">
<pin_list>
<pin id="817" dir="0" index="0" bw="1" slack="0"/>
<pin id="818" dir="0" index="1" bw="32" slack="1"/>
<pin id="819" dir="0" index="2" bw="6" slack="0"/>
<pin id="820" dir="1" index="3" bw="1" slack="2147483647"/>
</pin_list>
<bind>
<opcode="bitselect(1000) " fcode="bitselect"/>
<opset="tmp_14/6 tmp_50/24 "/>
</bind>
</comp>

<comp id="823" class="1004" name="grp_fu_823">
<pin_list>
<pin id="824" dir="0" index="0" bw="1" slack="0"/>
<pin id="825" dir="0" index="1" bw="32" slack="1"/>
<pin id="826" dir="0" index="2" bw="6" slack="0"/>
<pin id="827" dir="1" index="3" bw="1" slack="2147483647"/>
</pin_list>
<bind>
<opcode="bitselect(1000) " fcode="bitselect"/>
<opset="tmp_15/6 tmp_51/24 "/>
</bind>
</comp>

<comp id="830" class="1004" name="grp_fu_830">
<pin_list>
<pin id="831" dir="0" index="0" bw="1" slack="0"/>
<pin id="832" dir="0" index="1" bw="32" slack="1"/>
<pin id="833" dir="0" index="2" bw="6" slack="0"/>
<pin id="834" dir="1" index="3" bw="1" slack="2147483647"/>
</pin_list>
<bind>
<opcode="bitselect(1000) " fcode="bitselect"/>
<opset="tmp_16/6 tmp_52/24 "/>
</bind>
</comp>

<comp id="837" class="1004" name="grp_fu_837">
<pin_list>
<pin id="838" dir="0" index="0" bw="1" slack="0"/>
<pin id="839" dir="0" index="1" bw="32" slack="1"/>
<pin id="840" dir="0" index="2" bw="6" slack="0"/>
<pin id="841" dir="1" index="3" bw="1" slack="2147483647"/>
</pin_list>
<bind>
<opcode="bitselect(1000) " fcode="bitselect"/>
<opset="tmp_17/6 tmp_53/24 "/>
</bind>
</comp>

<comp id="844" class="1004" name="grp_fu_844">
<pin_list>
<pin id="845" dir="0" index="0" bw="1" slack="0"/>
<pin id="846" dir="0" index="1" bw="32" slack="1"/>
<pin id="847" dir="0" index="2" bw="6" slack="0"/>
<pin id="848" dir="1" index="3" bw="1" slack="2147483647"/>
</pin_list>
<bind>
<opcode="bitselect(1000) " fcode="bitselect"/>
<opset="tmp_18/6 tmp_54/24 "/>
</bind>
</comp>

<comp id="851" class="1004" name="grp_fu_851">
<pin_list>
<pin id="852" dir="0" index="0" bw="1" slack="0"/>
<pin id="853" dir="0" index="1" bw="32" slack="1"/>
<pin id="854" dir="0" index="2" bw="5" slack="0"/>
<pin id="855" dir="1" index="3" bw="1" slack="2147483647"/>
</pin_list>
<bind>
<opcode="bitselect(1000) " fcode="bitselect"/>
<opset="tmp_19/6 tmp_55/24 "/>
</bind>
</comp>

<comp id="858" class="1004" name="grp_fu_858">
<pin_list>
<pin id="859" dir="0" index="0" bw="1" slack="0"/>
<pin id="860" dir="0" index="1" bw="32" slack="1"/>
<pin id="861" dir="0" index="2" bw="5" slack="0"/>
<pin id="862" dir="1" index="3" bw="1" slack="2147483647"/>
</pin_list>
<bind>
<opcode="bitselect(1000) " fcode="bitselect"/>
<opset="tmp_20/6 tmp_56/24 "/>
</bind>
</comp>

<comp id="865" class="1004" name="grp_fu_865">
<pin_list>
<pin id="866" dir="0" index="0" bw="1" slack="0"/>
<pin id="867" dir="0" index="1" bw="32" slack="1"/>
<pin id="868" dir="0" index="2" bw="5" slack="0"/>
<pin id="869" dir="1" index="3" bw="1" slack="2147483647"/>
</pin_list>
<bind>
<opcode="bitselect(1000) " fcode="bitselect"/>
<opset="tmp_21/6 tmp_57/24 "/>
</bind>
</comp>

<comp id="872" class="1004" name="grp_fu_872">
<pin_list>
<pin id="873" dir="0" index="0" bw="1" slack="0"/>
<pin id="874" dir="0" index="1" bw="32" slack="1"/>
<pin id="875" dir="0" index="2" bw="5" slack="0"/>
<pin id="876" dir="1" index="3" bw="1" slack="2147483647"/>
</pin_list>
<bind>
<opcode="bitselect(1000) " fcode="bitselect"/>
<opset="tmp_22/6 tmp_58/24 "/>
</bind>
</comp>

<comp id="879" class="1004" name="grp_fu_879">
<pin_list>
<pin id="880" dir="0" index="0" bw="1" slack="0"/>
<pin id="881" dir="0" index="1" bw="32" slack="1"/>
<pin id="882" dir="0" index="2" bw="5" slack="0"/>
<pin id="883" dir="1" index="3" bw="1" slack="2147483647"/>
</pin_list>
<bind>
<opcode="bitselect(1000) " fcode="bitselect"/>
<opset="tmp_23/6 tmp_59/24 "/>
</bind>
</comp>

<comp id="886" class="1004" name="grp_fu_886">
<pin_list>
<pin id="887" dir="0" index="0" bw="1" slack="0"/>
<pin id="888" dir="0" index="1" bw="32" slack="1"/>
<pin id="889" dir="0" index="2" bw="5" slack="0"/>
<pin id="890" dir="1" index="3" bw="1" slack="2147483647"/>
</pin_list>
<bind>
<opcode="bitselect(1000) " fcode="bitselect"/>
<opset="tmp_24/6 tmp_60/24 "/>
</bind>
</comp>

<comp id="893" class="1004" name="grp_fu_893">
<pin_list>
<pin id="894" dir="0" index="0" bw="1" slack="0"/>
<pin id="895" dir="0" index="1" bw="32" slack="1"/>
<pin id="896" dir="0" index="2" bw="5" slack="0"/>
<pin id="897" dir="1" index="3" bw="1" slack="2147483647"/>
</pin_list>
<bind>
<opcode="bitselect(1000) " fcode="bitselect"/>
<opset="tmp_25/6 tmp_61/24 "/>
</bind>
</comp>

<comp id="900" class="1004" name="grp_fu_900">
<pin_list>
<pin id="901" dir="0" index="0" bw="1" slack="0"/>
<pin id="902" dir="0" index="1" bw="32" slack="1"/>
<pin id="903" dir="0" index="2" bw="5" slack="0"/>
<pin id="904" dir="1" index="3" bw="1" slack="2147483647"/>
</pin_list>
<bind>
<opcode="bitselect(1000) " fcode="bitselect"/>
<opset="tmp_26/6 tmp_62/24 "/>
</bind>
</comp>

<comp id="907" class="1004" name="grp_fu_907">
<pin_list>
<pin id="908" dir="0" index="0" bw="1" slack="0"/>
<pin id="909" dir="0" index="1" bw="32" slack="1"/>
<pin id="910" dir="0" index="2" bw="4" slack="0"/>
<pin id="911" dir="1" index="3" bw="1" slack="2147483647"/>
</pin_list>
<bind>
<opcode="bitselect(1000) " fcode="bitselect"/>
<opset="tmp_27/6 tmp_63/24 "/>
</bind>
</comp>

<comp id="914" class="1004" name="grp_fu_914">
<pin_list>
<pin id="915" dir="0" index="0" bw="1" slack="0"/>
<pin id="916" dir="0" index="1" bw="32" slack="1"/>
<pin id="917" dir="0" index="2" bw="4" slack="0"/>
<pin id="918" dir="1" index="3" bw="1" slack="2147483647"/>
</pin_list>
<bind>
<opcode="bitselect(1000) " fcode="bitselect"/>
<opset="tmp_28/6 tmp_64/24 "/>
</bind>
</comp>

<comp id="921" class="1004" name="grp_fu_921">
<pin_list>
<pin id="922" dir="0" index="0" bw="1" slack="0"/>
<pin id="923" dir="0" index="1" bw="32" slack="1"/>
<pin id="924" dir="0" index="2" bw="4" slack="0"/>
<pin id="925" dir="1" index="3" bw="1" slack="2147483647"/>
</pin_list>
<bind>
<opcode="bitselect(1000) " fcode="bitselect"/>
<opset="tmp_29/6 tmp_65/24 "/>
</bind>
</comp>

<comp id="928" class="1004" name="grp_fu_928">
<pin_list>
<pin id="929" dir="0" index="0" bw="1" slack="0"/>
<pin id="930" dir="0" index="1" bw="32" slack="1"/>
<pin id="931" dir="0" index="2" bw="4" slack="0"/>
<pin id="932" dir="1" index="3" bw="1" slack="2147483647"/>
</pin_list>
<bind>
<opcode="bitselect(1000) " fcode="bitselect"/>
<opset="tmp_30/6 tmp_66/24 "/>
</bind>
</comp>

<comp id="935" class="1004" name="grp_fu_935">
<pin_list>
<pin id="936" dir="0" index="0" bw="1" slack="0"/>
<pin id="937" dir="0" index="1" bw="32" slack="1"/>
<pin id="938" dir="0" index="2" bw="3" slack="0"/>
<pin id="939" dir="1" index="3" bw="1" slack="2147483647"/>
</pin_list>
<bind>
<opcode="bitselect(1000) " fcode="bitselect"/>
<opset="tmp_31/6 tmp_67/24 "/>
</bind>
</comp>

<comp id="942" class="1004" name="grp_fu_942">
<pin_list>
<pin id="943" dir="0" index="0" bw="1" slack="0"/>
<pin id="944" dir="0" index="1" bw="32" slack="1"/>
<pin id="945" dir="0" index="2" bw="3" slack="0"/>
<pin id="946" dir="1" index="3" bw="1" slack="2147483647"/>
</pin_list>
<bind>
<opcode="bitselect(1000) " fcode="bitselect"/>
<opset="tmp_32/6 tmp_69/24 "/>
</bind>
</comp>

<comp id="949" class="1004" name="grp_fu_949">
<pin_list>
<pin id="950" dir="0" index="0" bw="1" slack="0"/>
<pin id="951" dir="0" index="1" bw="32" slack="1"/>
<pin id="952" dir="0" index="2" bw="1" slack="0"/>
<pin id="953" dir="1" index="3" bw="1" slack="2147483647"/>
</pin_list>
<bind>
<opcode="bitselect(1000) " fcode="bitselect"/>
<opset="tmp_33/6 tmp_70/24 "/>
</bind>
</comp>

<comp id="956" class="1004" name="grp_fu_956">
<pin_list>
<pin id="957" dir="0" index="0" bw="32" slack="0"/>
<pin id="958" dir="0" index="1" bw="47" slack="0"/>
<pin id="959" dir="0" index="2" bw="5" slack="0"/>
<pin id="960" dir="0" index="3" bw="7" slack="0"/>
<pin id="961" dir="1" index="4" bw="32" slack="1"/>
</pin_list>
<bind>
<opcode="partselect(1002) " fcode="partselect"/>
<opset="trunc_ln4/9 trunc_ln118_1/12 "/>
</bind>
</comp>

<comp id="966" class="1005" name="reg_966">
<pin_list>
<pin id="967" dir="0" index="0" bw="31" slack="1"/>
<pin id="968" dir="1" index="1" bw="31" slack="1"/>
</pin_list>
<bind>
<opset="m RECIP_M_Q30_load "/>
</bind>
</comp>

<comp id="970" class="1005" name="reg_970">
<pin_list>
<pin id="971" dir="0" index="0" bw="31" slack="2"/>
<pin id="972" dir="1" index="1" bw="31" slack="2"/>
</pin_list>
<bind>
<opset="b RECIP_B_Q30_load "/>
</bind>
</comp>

<comp id="974" class="1005" name="reg_974">
<pin_list>
<pin id="975" dir="0" index="0" bw="32" slack="1"/>
<pin id="976" dir="1" index="1" bw="32" slack="1"/>
</pin_list>
<bind>
<opset="trunc_ln4 trunc_ln118_1 "/>
</bind>
</comp>

<comp id="978" class="1004" name="trunc_ln444_fu_978">
<pin_list>
<pin id="979" dir="0" index="0" bw="32" slack="0"/>
<pin id="980" dir="1" index="1" bw="9" slack="0"/>
</pin_list>
<bind>
<opcode="trunc(33) " fcode="trunc"/>
<opset="trunc_ln444/1 "/>
</bind>
</comp>

<comp id="982" class="1004" name="icmp_ln457_fu_982">
<pin_list>
<pin id="983" dir="0" index="0" bw="32" slack="0"/>
<pin id="984" dir="0" index="1" bw="32" slack="0"/>
<pin id="985" dir="1" index="2" bw="1" slack="28"/>
</pin_list>
<bind>
<opcode="icmp(45) " fcode="icmp"/>
<opset="icmp_ln457/1 "/>
</bind>
</comp>

<comp id="988" class="1004" name="icmp_ln458_fu_988">
<pin_list>
<pin id="989" dir="0" index="0" bw="32" slack="0"/>
<pin id="990" dir="0" index="1" bw="32" slack="0"/>
<pin id="991" dir="1" index="2" bw="1" slack="0"/>
</pin_list>
<bind>
<opcode="icmp(45) " fcode="icmp"/>
<opset="icmp_ln458/1 "/>
</bind>
</comp>

<comp id="994" class="1004" name="select_ln458_fu_994">
<pin_list>
<pin id="995" dir="0" index="0" bw="1" slack="0"/>
<pin id="996" dir="0" index="1" bw="9" slack="0"/>
<pin id="997" dir="0" index="2" bw="9" slack="0"/>
<pin id="998" dir="1" index="3" bw="9" slack="0"/>
</pin_list>
<bind>
<opcode="select(49) " fcode="select"/>
<opset="select_ln458/1 "/>
</bind>
</comp>

<comp id="1003" class="1004" name="trunc_ln_fu_1003">
<pin_list>
<pin id="1004" dir="0" index="0" bw="28" slack="0"/>
<pin id="1005" dir="0" index="1" bw="32" slack="0"/>
<pin id="1006" dir="0" index="2" bw="4" slack="0"/>
<pin id="1007" dir="0" index="3" bw="6" slack="0"/>
<pin id="1008" dir="1" index="4" bw="28" slack="0"/>
</pin_list>
<bind>
<opcode="partselect(1002) " fcode="partselect"/>
<opset="trunc_ln/1 "/>
</bind>
</comp>

<comp id="1014" class="1004" name="trunc_ln3_fu_1014">
<pin_list>
<pin id="1015" dir="0" index="0" bw="28" slack="0"/>
<pin id="1016" dir="0" index="1" bw="32" slack="0"/>
<pin id="1017" dir="0" index="2" bw="4" slack="0"/>
<pin id="1018" dir="0" index="3" bw="6" slack="0"/>
<pin id="1019" dir="1" index="4" bw="28" slack="11"/>
</pin_list>
<bind>
<opcode="partselect(1002) " fcode="partselect"/>
<opset="trunc_ln3/1 "/>
</bind>
</comp>

<comp id="1024" class="1004" name="store_ln472_store_fu_1024">
<pin_list>
<pin id="1025" dir="0" index="0" bw="1" slack="0"/>
<pin id="1026" dir="0" index="1" bw="40" slack="0"/>
<pin id="1027" dir="1" index="2" bw="0" slack="2147483647"/>
</pin_list>
<bind>
<opcode="store(28) " fcode="store"/>
<opset="store_ln472/1 "/>
</bind>
</comp>

<comp id="1029" class="1004" name="sum64_load_load_fu_1029">
<pin_list>
<pin id="1030" dir="0" index="0" bw="40" slack="4"/>
<pin id="1031" dir="1" index="1" bw="40" slack="0"/>
</pin_list>
<bind>
<opcode="load(27) " fcode="load"/>
<opset="sum64_load/5 "/>
</bind>
</comp>

<comp id="1032" class="1004" name="icmp_ln477_fu_1032">
<pin_list>
<pin id="1033" dir="0" index="0" bw="40" slack="0"/>
<pin id="1034" dir="0" index="1" bw="40" slack="0"/>
<pin id="1035" dir="1" index="2" bw="1" slack="0"/>
</pin_list>
<bind>
<opcode="icmp(45) " fcode="icmp"/>
<opset="icmp_ln477/5 "/>
</bind>
</comp>

<comp id="1038" class="1004" name="sum_q16_fu_1038">
<pin_list>
<pin id="1039" dir="0" index="0" bw="40" slack="0"/>
<pin id="1040" dir="1" index="1" bw="32" slack="0"/>
</pin_list>
<bind>
<opcode="trunc(33) " fcode="trunc"/>
<opset="sum_q16/5 "/>
</bind>
</comp>

<comp id="1042" class="1004" name="sum_q16_2_fu_1042">
<pin_list>
<pin id="1043" dir="0" index="0" bw="1" slack="0"/>
<pin id="1044" dir="0" index="1" bw="32" slack="0"/>
<pin id="1045" dir="0" index="2" bw="32" slack="0"/>
<pin id="1046" dir="1" index="3" bw="32" slack="1"/>
</pin_list>
<bind>
<opcode="select(49) " fcode="select"/>
<opset="sum_q16_2/5 "/>
</bind>
</comp>

<comp id="1050" class="1004" name="tmp_s_fu_1050">
<pin_list>
<pin id="1051" dir="0" index="0" bw="30" slack="0"/>
<pin id="1052" dir="0" index="1" bw="32" slack="5"/>
<pin id="1053" dir="0" index="2" bw="3" slack="0"/>
<pin id="1054" dir="0" index="3" bw="6" slack="0"/>
<pin id="1055" dir="1" index="4" bw="30" slack="0"/>
</pin_list>
<bind>
<opcode="partselect(1002) " fcode="partselect"/>
<opset="tmp_s/6 "/>
</bind>
</comp>

<comp id="1059" class="1004" name="zext_ln462_fu_1059">
<pin_list>
<pin id="1060" dir="0" index="0" bw="30" slack="0"/>
<pin id="1061" dir="1" index="1" bw="31" slack="8"/>
</pin_list>
<bind>
<opcode="zext(34) " fcode="zext"/>
<opset="zext_ln462/6 "/>
</bind>
</comp>

<comp id="1063" class="1004" name="icmp_ln95_fu_1063">
<pin_list>
<pin id="1064" dir="0" index="0" bw="32" slack="1"/>
<pin id="1065" dir="0" index="1" bw="32" slack="0"/>
<pin id="1066" dir="1" index="2" bw="1" slack="5"/>
</pin_list>
<bind>
<opcode="icmp(45) " fcode="icmp"/>
<opset="icmp_ln95/6 "/>
</bind>
</comp>

<comp id="1068" class="1004" name="trunc_ln100_fu_1068">
<pin_list>
<pin id="1069" dir="0" index="0" bw="32" slack="1"/>
<pin id="1070" dir="1" index="1" bw="1" slack="0"/>
</pin_list>
<bind>
<opcode="trunc(33) " fcode="trunc"/>
<opset="trunc_ln100/6 "/>
</bind>
</comp>

<comp id="1071" class="1004" name="xor_ln100_fu_1071">
<pin_list>
<pin id="1072" dir="0" index="0" bw="1" slack="0"/>
<pin id="1073" dir="0" index="1" bw="1" slack="0"/>
<pin id="1074" dir="1" index="2" bw="1" slack="0"/>
</pin_list>
<bind>
<opcode="xor(25) " fcode="xor"/>
<opset="xor_ln100/6 "/>
</bind>
</comp>

<comp id="1077" class="1004" name="select_ln100_fu_1077">
<pin_list>
<pin id="1078" dir="0" index="0" bw="1" slack="0"/>
<pin id="1079" dir="0" index="1" bw="5" slack="0"/>
<pin id="1080" dir="0" index="2" bw="5" slack="0"/>
<pin id="1081" dir="1" index="3" bw="5" slack="1"/>
</pin_list>
<bind>
<opcode="select(49) " fcode="select"/>
<opset="select_ln100/6 "/>
</bind>
</comp>

<comp id="1085" class="1004" name="tmp_34_fu_1085">
<pin_list>
<pin id="1086" dir="0" index="0" bw="1" slack="0"/>
<pin id="1087" dir="0" index="1" bw="5" slack="0"/>
<pin id="1088" dir="0" index="2" bw="4" slack="0"/>
<pin id="1089" dir="1" index="3" bw="1" slack="2147483647"/>
</pin_list>
<bind>
<opcode="bitselect(1000) " fcode="bitselect"/>
<opset="tmp_34/7 "/>
</bind>
</comp>

<comp id="1093" class="1004" name="sub_ln107_fu_1093">
<pin_list>
<pin id="1094" dir="0" index="0" bw="5" slack="0"/>
<pin id="1095" dir="0" index="1" bw="5" slack="0"/>
<pin id="1096" dir="1" index="2" bw="5" slack="0"/>
</pin_list>
<bind>
<opcode="sub(10) " fcode="sub"/>
<opset="sub_ln107/7 "/>
</bind>
</comp>

<comp id="1099" class="1004" name="sext_ln107_fu_1099">
<pin_list>
<pin id="1100" dir="0" index="0" bw="5" slack="0"/>
<pin id="1101" dir="1" index="1" bw="32" slack="0"/>
</pin_list>
<bind>
<opcode="sext(35) " fcode="sext"/>
<opset="sext_ln107/7 "/>
</bind>
</comp>

<comp id="1103" class="1004" name="shl_ln107_fu_1103">
<pin_list>
<pin id="1104" dir="0" index="0" bw="32" slack="2"/>
<pin id="1105" dir="0" index="1" bw="5" slack="0"/>
<pin id="1106" dir="1" index="2" bw="32" slack="0"/>
</pin_list>
<bind>
<opcode="shl(20) " fcode="shl"/>
<opset="shl_ln107/7 "/>
</bind>
</comp>

<comp id="1108" class="1004" name="x_q1_15_fu_1108">
<pin_list>
<pin id="1109" dir="0" index="0" bw="32" slack="0"/>
<pin id="1110" dir="1" index="1" bw="16" slack="2"/>
</pin_list>
<bind>
<opcode="trunc(33) " fcode="trunc"/>
<opset="x_q1_15/7 "/>
</bind>
</comp>

<comp id="1112" class="1004" name="seg_fu_1112">
<pin_list>
<pin id="1113" dir="0" index="0" bw="4" slack="0"/>
<pin id="1114" dir="0" index="1" bw="32" slack="0"/>
<pin id="1115" dir="0" index="2" bw="5" slack="0"/>
<pin id="1116" dir="0" index="3" bw="5" slack="0"/>
<pin id="1117" dir="1" index="4" bw="4" slack="0"/>
</pin_list>
<bind>
<opcode="partselect(1002) " fcode="partselect"/>
<opset="seg/7 "/>
</bind>
</comp>

<comp id="1122" class="1004" name="zext_ln114_fu_1122">
<pin_list>
<pin id="1123" dir="0" index="0" bw="4" slack="0"/>
<pin id="1124" dir="1" index="1" bw="64" slack="0"/>
</pin_list>
<bind>
<opcode="zext(34) " fcode="zext"/>
<opset="zext_ln114/7 "/>
</bind>
</comp>

<comp id="1128" class="1004" name="add_ln108_fu_1128">
<pin_list>
<pin id="1129" dir="0" index="0" bw="5" slack="0"/>
<pin id="1130" dir="0" index="1" bw="5" slack="0"/>
<pin id="1131" dir="1" index="2" bw="5" slack="0"/>
</pin_list>
<bind>
<opcode="add(8) " fcode="add"/>
<opset="add_ln108/7 "/>
</bind>
</comp>

<comp id="1134" class="1004" name="zext_ln108_fu_1134">
<pin_list>
<pin id="1135" dir="0" index="0" bw="5" slack="0"/>
<pin id="1136" dir="1" index="1" bw="32" slack="0"/>
</pin_list>
<bind>
<opcode="zext(34) " fcode="zext"/>
<opset="zext_ln108/7 "/>
</bind>
</comp>

<comp id="1138" class="1004" name="lshr_ln108_fu_1138">
<pin_list>
<pin id="1139" dir="0" index="0" bw="32" slack="2"/>
<pin id="1140" dir="0" index="1" bw="5" slack="0"/>
<pin id="1141" dir="1" index="2" bw="32" slack="0"/>
</pin_list>
<bind>
<opcode="lshr(21) " fcode="lshr"/>
<opset="lshr_ln108/7 "/>
</bind>
</comp>

<comp id="1143" class="1004" name="trunc_ln108_fu_1143">
<pin_list>
<pin id="1144" dir="0" index="0" bw="32" slack="0"/>
<pin id="1145" dir="1" index="1" bw="16" slack="2"/>
</pin_list>
<bind>
<opcode="trunc(33) " fcode="trunc"/>
<opset="trunc_ln108/7 "/>
</bind>
</comp>

<comp id="1147" class="1004" name="lshr_ln_fu_1147">
<pin_list>
<pin id="1148" dir="0" index="0" bw="4" slack="0"/>
<pin id="1149" dir="0" index="1" bw="32" slack="0"/>
<pin id="1150" dir="0" index="2" bw="5" slack="0"/>
<pin id="1151" dir="0" index="3" bw="5" slack="0"/>
<pin id="1152" dir="1" index="4" bw="4" slack="0"/>
</pin_list>
<bind>
<opcode="partselect(1002) " fcode="partselect"/>
<opset="lshr_ln/7 "/>
</bind>
</comp>

<comp id="1157" class="1004" name="zext_ln114_1_fu_1157">
<pin_list>
<pin id="1158" dir="0" index="0" bw="4" slack="0"/>
<pin id="1159" dir="1" index="1" bw="64" slack="0"/>
</pin_list>
<bind>
<opcode="zext(34) " fcode="zext"/>
<opset="zext_ln114_1/7 "/>
</bind>
</comp>

<comp id="1163" class="1004" name="sext_ln117_fu_1163">
<pin_list>
<pin id="1164" dir="0" index="0" bw="31" slack="1"/>
<pin id="1165" dir="1" index="1" bw="47" slack="0"/>
</pin_list>
<bind>
<opcode="sext(35) " fcode="sext"/>
<opset="sext_ln117/9 "/>
</bind>
</comp>

<comp id="1168" class="1004" name="zext_ln117_fu_1168">
<pin_list>
<pin id="1169" dir="0" index="0" bw="16" slack="2"/>
<pin id="1170" dir="1" index="1" bw="47" slack="0"/>
</pin_list>
<bind>
<opcode="zext(34) " fcode="zext"/>
<opset="zext_ln117/9 "/>
</bind>
</comp>

<comp id="1172" class="1004" name="b_cast_fu_1172">
<pin_list>
<pin id="1173" dir="0" index="0" bw="31" slack="2"/>
<pin id="1174" dir="1" index="1" bw="32" slack="0"/>
</pin_list>
<bind>
<opcode="zext(34) " fcode="zext"/>
<opset="b_cast/10 "/>
</bind>
</comp>

<comp id="1176" class="1004" name="inv_x_q30_fu_1176">
<pin_list>
<pin id="1177" dir="0" index="0" bw="32" slack="1"/>
<pin id="1178" dir="0" index="1" bw="31" slack="0"/>
<pin id="1179" dir="1" index="2" bw="32" slack="0"/>
</pin_list>
<bind>
<opcode="add(8) " fcode="add"/>
<opset="inv_x_q30/10 "/>
</bind>
</comp>

<comp id="1182" class="1004" name="sext_ln121_fu_1182">
<pin_list>
<pin id="1183" dir="0" index="0" bw="32" slack="0"/>
<pin id="1184" dir="1" index="1" bw="48" slack="0"/>
</pin_list>
<bind>
<opcode="sext(35) " fcode="sext"/>
<opset="sext_ln121/10 "/>
</bind>
</comp>

<comp id="1186" class="1004" name="sub_ln123_fu_1186">
<pin_list>
<pin id="1187" dir="0" index="0" bw="5" slack="0"/>
<pin id="1188" dir="0" index="1" bw="5" slack="3"/>
<pin id="1189" dir="1" index="2" bw="5" slack="0"/>
</pin_list>
<bind>
<opcode="sub(10) " fcode="sub"/>
<opset="sub_ln123/10 "/>
</bind>
</comp>

<comp id="1192" class="1004" name="zext_ln123_fu_1192">
<pin_list>
<pin id="1193" dir="0" index="0" bw="5" slack="0"/>
<pin id="1194" dir="1" index="1" bw="48" slack="0"/>
</pin_list>
<bind>
<opcode="zext(34) " fcode="zext"/>
<opset="zext_ln123/10 "/>
</bind>
</comp>

<comp id="1196" class="1004" name="shl_ln123_fu_1196">
<pin_list>
<pin id="1197" dir="0" index="0" bw="32" slack="0"/>
<pin id="1198" dir="0" index="1" bw="5" slack="0"/>
<pin id="1199" dir="1" index="2" bw="48" slack="1"/>
</pin_list>
<bind>
<opcode="shl(20) " fcode="shl"/>
<opset="shl_ln123/10 "/>
</bind>
</comp>

<comp id="1202" class="1004" name="sext_ln117_1_fu_1202">
<pin_list>
<pin id="1203" dir="0" index="0" bw="31" slack="1"/>
<pin id="1204" dir="1" index="1" bw="47" slack="0"/>
</pin_list>
<bind>
<opcode="sext(35) " fcode="sext"/>
<opset="sext_ln117_1/12 "/>
</bind>
</comp>

<comp id="1207" class="1004" name="zext_ln117_1_fu_1207">
<pin_list>
<pin id="1208" dir="0" index="0" bw="16" slack="2"/>
<pin id="1209" dir="1" index="1" bw="47" slack="0"/>
</pin_list>
<bind>
<opcode="zext(34) " fcode="zext"/>
<opset="zext_ln117_1/12 "/>
</bind>
</comp>

<comp id="1211" class="1004" name="RECIP_B_Q30_load_cast_fu_1211">
<pin_list>
<pin id="1212" dir="0" index="0" bw="31" slack="2"/>
<pin id="1213" dir="1" index="1" bw="32" slack="0"/>
</pin_list>
<bind>
<opcode="zext(34) " fcode="zext"/>
<opset="RECIP_B_Q30_load_cast/13 "/>
</bind>
</comp>

<comp id="1215" class="1004" name="add_ln118_fu_1215">
<pin_list>
<pin id="1216" dir="0" index="0" bw="32" slack="1"/>
<pin id="1217" dir="0" index="1" bw="31" slack="0"/>
<pin id="1218" dir="1" index="2" bw="32" slack="0"/>
</pin_list>
<bind>
<opcode="add(8) " fcode="add"/>
<opset="add_ln118/13 "/>
</bind>
</comp>

<comp id="1221" class="1004" name="trunc_ln122_fu_1221">
<pin_list>
<pin id="1222" dir="0" index="0" bw="5" slack="3"/>
<pin id="1223" dir="1" index="1" bw="4" slack="0"/>
</pin_list>
<bind>
<opcode="trunc(33) " fcode="trunc"/>
<opset="trunc_ln122/13 "/>
</bind>
</comp>

<comp id="1225" class="1004" name="zext_ln122_fu_1225">
<pin_list>
<pin id="1226" dir="0" index="0" bw="4" slack="0"/>
<pin id="1227" dir="1" index="1" bw="32" slack="0"/>
</pin_list>
<bind>
<opcode="zext(34) " fcode="zext"/>
<opset="zext_ln122/13 "/>
</bind>
</comp>

<comp id="1229" class="1004" name="inv_sum_1_fu_1229">
<pin_list>
<pin id="1230" dir="0" index="0" bw="32" slack="0"/>
<pin id="1231" dir="0" index="1" bw="4" slack="0"/>
<pin id="1232" dir="1" index="2" bw="32" slack="0"/>
</pin_list>
<bind>
<opcode="ashr(22) " fcode="ashr"/>
<opset="inv_sum_1/13 "/>
</bind>
</comp>

<comp id="1235" class="1004" name="sext_ln121_1_fu_1235">
<pin_list>
<pin id="1236" dir="0" index="0" bw="32" slack="0"/>
<pin id="1237" dir="1" index="1" bw="48" slack="1"/>
</pin_list>
<bind>
<opcode="sext(35) " fcode="sext"/>
<opset="sext_ln121_1/13 "/>
</bind>
</comp>

<comp id="1239" class="1004" name="trunc_ln121_fu_1239">
<pin_list>
<pin id="1240" dir="0" index="0" bw="48" slack="0"/>
<pin id="1241" dir="1" index="1" bw="47" slack="0"/>
</pin_list>
<bind>
<opcode="trunc(33) " fcode="trunc"/>
<opset="trunc_ln121/14 "/>
</bind>
</comp>

<comp id="1243" class="1004" name="tmp_35_fu_1243">
<pin_list>
<pin id="1244" dir="0" index="0" bw="1" slack="0"/>
<pin id="1245" dir="0" index="1" bw="48" slack="0"/>
<pin id="1246" dir="0" index="2" bw="7" slack="0"/>
<pin id="1247" dir="1" index="3" bw="1" slack="0"/>
</pin_list>
<bind>
<opcode="bitselect(1000) " fcode="bitselect"/>
<opset="tmp_35/14 "/>
</bind>
</comp>

<comp id="1251" class="1004" name="inv_sum_3_fu_1251">
<pin_list>
<pin id="1252" dir="0" index="0" bw="1" slack="0"/>
<pin id="1253" dir="0" index="1" bw="47" slack="0"/>
<pin id="1254" dir="0" index="2" bw="47" slack="0"/>
<pin id="1255" dir="1" index="3" bw="47" slack="0"/>
</pin_list>
<bind>
<opcode="select(49) " fcode="select"/>
<opset="inv_sum_3/14 "/>
</bind>
</comp>

<comp id="1259" class="1004" name="tmp_36_fu_1259">
<pin_list>
<pin id="1260" dir="0" index="0" bw="16" slack="0"/>
<pin id="1261" dir="0" index="1" bw="47" slack="0"/>
<pin id="1262" dir="0" index="2" bw="6" slack="0"/>
<pin id="1263" dir="0" index="3" bw="7" slack="0"/>
<pin id="1264" dir="1" index="4" bw="16" slack="0"/>
</pin_list>
<bind>
<opcode="partselect(1002) " fcode="partselect"/>
<opset="tmp_36/14 "/>
</bind>
</comp>

<comp id="1269" class="1004" name="icmp_ln126_fu_1269">
<pin_list>
<pin id="1270" dir="0" index="0" bw="16" slack="0"/>
<pin id="1271" dir="0" index="1" bw="16" slack="0"/>
<pin id="1272" dir="1" index="2" bw="1" slack="0"/>
</pin_list>
<bind>
<opcode="icmp(45) " fcode="icmp"/>
<opset="icmp_ln126/14 "/>
</bind>
</comp>

<comp id="1275" class="1004" name="trunc_ln127_fu_1275">
<pin_list>
<pin id="1276" dir="0" index="0" bw="47" slack="0"/>
<pin id="1277" dir="1" index="1" bw="31" slack="0"/>
</pin_list>
<bind>
<opcode="trunc(33) " fcode="trunc"/>
<opset="trunc_ln127/14 "/>
</bind>
</comp>

<comp id="1279" class="1004" name="inv_sum_q30_fu_1279">
<pin_list>
<pin id="1280" dir="0" index="0" bw="1" slack="0"/>
<pin id="1281" dir="0" index="1" bw="31" slack="0"/>
<pin id="1282" dir="0" index="2" bw="31" slack="0"/>
<pin id="1283" dir="1" index="3" bw="31" slack="1"/>
</pin_list>
<bind>
<opcode="select(49) " fcode="select"/>
<opset="inv_sum_q30/14 "/>
</bind>
</comp>

<comp id="1287" class="1004" name="tmp_1_fu_1287">
<pin_list>
<pin id="1288" dir="0" index="0" bw="28" slack="0"/>
<pin id="1289" dir="0" index="1" bw="32" slack="10"/>
<pin id="1290" dir="0" index="2" bw="4" slack="0"/>
<pin id="1291" dir="0" index="3" bw="6" slack="0"/>
<pin id="1292" dir="1" index="4" bw="28" slack="2"/>
</pin_list>
<bind>
<opcode="partselect(1002) " fcode="partselect"/>
<opset="tmp_1/14 "/>
</bind>
</comp>

<comp id="1296" class="1004" name="tmp_2_fu_1296">
<pin_list>
<pin id="1297" dir="0" index="0" bw="2" slack="0"/>
<pin id="1298" dir="0" index="1" bw="32" slack="10"/>
<pin id="1299" dir="0" index="2" bw="3" slack="0"/>
<pin id="1300" dir="0" index="3" bw="3" slack="0"/>
<pin id="1301" dir="1" index="4" bw="2" slack="3"/>
</pin_list>
<bind>
<opcode="partselect(1002) " fcode="partselect"/>
<opset="tmp_2/14 "/>
</bind>
</comp>

<comp id="1305" class="1004" name="and_ln_fu_1305">
<pin_list>
<pin id="1306" dir="0" index="0" bw="32" slack="0"/>
<pin id="1307" dir="0" index="1" bw="28" slack="2"/>
<pin id="1308" dir="0" index="2" bw="1" slack="0"/>
<pin id="1309" dir="1" index="3" bw="32" slack="0"/>
</pin_list>
<bind>
<opcode="bitconcatenate(1004) " fcode="bitconcatenate"/>
<opset="and_ln/16 "/>
</bind>
</comp>

<comp id="1312" class="1004" name="zext_ln186_fu_1312">
<pin_list>
<pin id="1313" dir="0" index="0" bw="32" slack="0"/>
<pin id="1314" dir="1" index="1" bw="64" slack="0"/>
</pin_list>
<bind>
<opcode="zext(34) " fcode="zext"/>
<opset="zext_ln186/16 "/>
</bind>
</comp>

<comp id="1316" class="1004" name="add_ln186_fu_1316">
<pin_list>
<pin id="1317" dir="0" index="0" bw="32" slack="0"/>
<pin id="1318" dir="0" index="1" bw="64" slack="12"/>
<pin id="1319" dir="1" index="2" bw="64" slack="0"/>
</pin_list>
<bind>
<opcode="add(8) " fcode="add"/>
<opset="add_ln186/16 "/>
</bind>
</comp>

<comp id="1321" class="1004" name="trunc_ln9_fu_1321">
<pin_list>
<pin id="1322" dir="0" index="0" bw="60" slack="0"/>
<pin id="1323" dir="0" index="1" bw="64" slack="0"/>
<pin id="1324" dir="0" index="2" bw="4" slack="0"/>
<pin id="1325" dir="0" index="3" bw="7" slack="0"/>
<pin id="1326" dir="1" index="4" bw="60" slack="1"/>
</pin_list>
<bind>
<opcode="partselect(1002) " fcode="partselect"/>
<opset="trunc_ln9/16 "/>
</bind>
</comp>

<comp id="1331" class="1004" name="sext_ln186_fu_1331">
<pin_list>
<pin id="1332" dir="0" index="0" bw="60" slack="1"/>
<pin id="1333" dir="1" index="1" bw="64" slack="0"/>
</pin_list>
<bind>
<opcode="sext(35) " fcode="sext"/>
<opset="sext_ln186/17 "/>
</bind>
</comp>

<comp id="1334" class="1004" name="gmem_addr_fu_1334">
<pin_list>
<pin id="1335" dir="0" index="0" bw="64" slack="0"/>
<pin id="1336" dir="0" index="1" bw="64" slack="0"/>
<pin id="1337" dir="1" index="2" bw="64" slack="0"/>
</pin_list>
<bind>
<opcode="getelementptr(29) " fcode="getelementptr"/>
<opset="gmem_addr/17 "/>
</bind>
</comp>

<comp id="1341" class="1004" name="and_ln1_fu_1341">
<pin_list>
<pin id="1342" dir="0" index="0" bw="7" slack="0"/>
<pin id="1343" dir="0" index="1" bw="2" slack="3"/>
<pin id="1344" dir="0" index="2" bw="1" slack="0"/>
<pin id="1345" dir="1" index="3" bw="7" slack="0"/>
</pin_list>
<bind>
<opcode="bitconcatenate(1004) " fcode="bitconcatenate"/>
<opset="and_ln1/17 "/>
</bind>
</comp>

<comp id="1348" class="1004" name="tmp_37_fu_1348">
<pin_list>
<pin id="1349" dir="0" index="0" bw="4" slack="0"/>
<pin id="1350" dir="0" index="1" bw="2" slack="3"/>
<pin id="1351" dir="0" index="2" bw="1" slack="0"/>
<pin id="1352" dir="1" index="3" bw="4" slack="0"/>
</pin_list>
<bind>
<opcode="bitconcatenate(1004) " fcode="bitconcatenate"/>
<opset="tmp_37/17 "/>
</bind>
</comp>

<comp id="1355" class="1004" name="zext_ln179_fu_1355">
<pin_list>
<pin id="1356" dir="0" index="0" bw="4" slack="0"/>
<pin id="1357" dir="1" index="1" bw="16" slack="0"/>
</pin_list>
<bind>
<opcode="zext(34) " fcode="zext"/>
<opset="zext_ln179/17 "/>
</bind>
</comp>

<comp id="1359" class="1004" name="shl_ln179_fu_1359">
<pin_list>
<pin id="1360" dir="0" index="0" bw="5" slack="0"/>
<pin id="1361" dir="0" index="1" bw="4" slack="0"/>
<pin id="1362" dir="1" index="2" bw="16" slack="1"/>
</pin_list>
<bind>
<opcode="shl(20) " fcode="shl"/>
<opset="shl_ln179/17 "/>
</bind>
</comp>

<comp id="1365" class="1004" name="line_fu_1365">
<pin_list>
<pin id="1366" dir="0" index="0" bw="128" slack="0"/>
<pin id="1367" dir="0" index="1" bw="1" slack="0"/>
<pin id="1368" dir="0" index="2" bw="32" slack="12"/>
<pin id="1369" dir="0" index="3" bw="7" slack="0"/>
<pin id="1370" dir="1" index="4" bw="128" slack="1"/>
</pin_list>
<bind>
<opcode="partset(1003) " fcode="partset"/>
<opset="line/17 "/>
</bind>
</comp>

<comp id="1374" class="1004" name="add_ln483_fu_1374">
<pin_list>
<pin id="1375" dir="0" index="0" bw="30" slack="8"/>
<pin id="1376" dir="0" index="1" bw="1" slack="0"/>
<pin id="1377" dir="1" index="2" bw="31" slack="0"/>
</pin_list>
<bind>
<opcode="add(8) " fcode="add"/>
<opset="add_ln483/17 "/>
</bind>
</comp>

<comp id="1379" class="1004" name="tmp_3_fu_1379">
<pin_list>
<pin id="1380" dir="0" index="0" bw="29" slack="0"/>
<pin id="1381" dir="0" index="1" bw="31" slack="0"/>
<pin id="1382" dir="0" index="2" bw="3" slack="0"/>
<pin id="1383" dir="0" index="3" bw="6" slack="0"/>
<pin id="1384" dir="1" index="4" bw="29" slack="0"/>
</pin_list>
<bind>
<opcode="partselect(1002) " fcode="partselect"/>
<opset="tmp_3/17 "/>
</bind>
</comp>

<comp id="1389" class="1004" name="shl_ln_fu_1389">
<pin_list>
<pin id="1390" dir="0" index="0" bw="33" slack="0"/>
<pin id="1391" dir="0" index="1" bw="29" slack="0"/>
<pin id="1392" dir="0" index="2" bw="1" slack="0"/>
<pin id="1393" dir="1" index="3" bw="33" slack="0"/>
</pin_list>
<bind>
<opcode="bitconcatenate(1004) " fcode="bitconcatenate"/>
<opset="shl_ln/17 "/>
</bind>
</comp>

<comp id="1397" class="1004" name="zext_ln186_1_fu_1397">
<pin_list>
<pin id="1398" dir="0" index="0" bw="33" slack="0"/>
<pin id="1399" dir="1" index="1" bw="64" slack="0"/>
</pin_list>
<bind>
<opcode="zext(34) " fcode="zext"/>
<opset="zext_ln186_1/17 "/>
</bind>
</comp>

<comp id="1401" class="1004" name="add_ln186_1_fu_1401">
<pin_list>
<pin id="1402" dir="0" index="0" bw="33" slack="0"/>
<pin id="1403" dir="0" index="1" bw="64" slack="13"/>
<pin id="1404" dir="1" index="2" bw="64" slack="0"/>
</pin_list>
<bind>
<opcode="add(8) " fcode="add"/>
<opset="add_ln186_1/17 "/>
</bind>
</comp>

<comp id="1406" class="1004" name="trunc_ln186_1_fu_1406">
<pin_list>
<pin id="1407" dir="0" index="0" bw="60" slack="0"/>
<pin id="1408" dir="0" index="1" bw="64" slack="0"/>
<pin id="1409" dir="0" index="2" bw="4" slack="0"/>
<pin id="1410" dir="0" index="3" bw="7" slack="0"/>
<pin id="1411" dir="1" index="4" bw="60" slack="1"/>
</pin_list>
<bind>
<opcode="partselect(1002) " fcode="partselect"/>
<opset="trunc_ln186_1/17 "/>
</bind>
</comp>

<comp id="1416" class="1004" name="trunc_ln179_fu_1416">
<pin_list>
<pin id="1417" dir="0" index="0" bw="31" slack="0"/>
<pin id="1418" dir="1" index="1" bw="2" slack="1"/>
</pin_list>
<bind>
<opcode="trunc(33) " fcode="trunc"/>
<opset="trunc_ln179/17 "/>
</bind>
</comp>

<comp id="1420" class="1004" name="sext_ln186_1_fu_1420">
<pin_list>
<pin id="1421" dir="0" index="0" bw="60" slack="1"/>
<pin id="1422" dir="1" index="1" bw="64" slack="0"/>
</pin_list>
<bind>
<opcode="sext(35) " fcode="sext"/>
<opset="sext_ln186_1/18 "/>
</bind>
</comp>

<comp id="1423" class="1004" name="gmem_addr_1_fu_1423">
<pin_list>
<pin id="1424" dir="0" index="0" bw="64" slack="0"/>
<pin id="1425" dir="0" index="1" bw="64" slack="0"/>
<pin id="1426" dir="1" index="2" bw="64" slack="0"/>
</pin_list>
<bind>
<opcode="getelementptr(29) " fcode="getelementptr"/>
<opset="gmem_addr_1/18 "/>
</bind>
</comp>

<comp id="1430" class="1004" name="shl_ln179_1_fu_1430">
<pin_list>
<pin id="1431" dir="0" index="0" bw="7" slack="0"/>
<pin id="1432" dir="0" index="1" bw="2" slack="1"/>
<pin id="1433" dir="0" index="2" bw="1" slack="0"/>
<pin id="1434" dir="1" index="3" bw="7" slack="0"/>
</pin_list>
<bind>
<opcode="bitconcatenate(1004) " fcode="bitconcatenate"/>
<opset="shl_ln179_1/18 "/>
</bind>
</comp>

<comp id="1437" class="1004" name="tmp_38_fu_1437">
<pin_list>
<pin id="1438" dir="0" index="0" bw="4" slack="0"/>
<pin id="1439" dir="0" index="1" bw="2" slack="1"/>
<pin id="1440" dir="0" index="2" bw="1" slack="0"/>
<pin id="1441" dir="1" index="3" bw="4" slack="0"/>
</pin_list>
<bind>
<opcode="bitconcatenate(1004) " fcode="bitconcatenate"/>
<opset="tmp_38/18 "/>
</bind>
</comp>

<comp id="1444" class="1004" name="zext_ln179_1_fu_1444">
<pin_list>
<pin id="1445" dir="0" index="0" bw="4" slack="0"/>
<pin id="1446" dir="1" index="1" bw="16" slack="0"/>
</pin_list>
<bind>
<opcode="zext(34) " fcode="zext"/>
<opset="zext_ln179_1/18 "/>
</bind>
</comp>

<comp id="1448" class="1004" name="shl_ln179_3_fu_1448">
<pin_list>
<pin id="1449" dir="0" index="0" bw="5" slack="0"/>
<pin id="1450" dir="0" index="1" bw="4" slack="0"/>
<pin id="1451" dir="1" index="2" bw="16" slack="1"/>
</pin_list>
<bind>
<opcode="shl(20) " fcode="shl"/>
<opset="shl_ln179_3/18 "/>
</bind>
</comp>

<comp id="1454" class="1004" name="line_9_fu_1454">
<pin_list>
<pin id="1455" dir="0" index="0" bw="128" slack="0"/>
<pin id="1456" dir="0" index="1" bw="1" slack="0"/>
<pin id="1457" dir="0" index="2" bw="32" slack="10"/>
<pin id="1458" dir="0" index="3" bw="7" slack="0"/>
<pin id="1459" dir="1" index="4" bw="128" slack="1"/>
</pin_list>
<bind>
<opcode="partset(1003) " fcode="partset"/>
<opset="line_9/18 "/>
</bind>
</comp>

<comp id="1463" class="1004" name="add_ln484_fu_1463">
<pin_list>
<pin id="1464" dir="0" index="0" bw="30" slack="15"/>
<pin id="1465" dir="0" index="1" bw="3" slack="0"/>
<pin id="1466" dir="1" index="2" bw="31" slack="1"/>
</pin_list>
<bind>
<opcode="add(8) " fcode="add"/>
<opset="add_ln484/24 "/>
</bind>
</comp>

<comp id="1468" class="1004" name="trunc_ln435_fu_1468">
<pin_list>
<pin id="1469" dir="0" index="0" bw="32" slack="16"/>
<pin id="1470" dir="1" index="1" bw="1" slack="0"/>
</pin_list>
<bind>
<opcode="trunc(33) " fcode="trunc"/>
<opset="trunc_ln435/24 "/>
</bind>
</comp>

<comp id="1471" class="1004" name="select_ln435_fu_1471">
<pin_list>
<pin id="1472" dir="0" index="0" bw="1" slack="0"/>
<pin id="1473" dir="0" index="1" bw="5" slack="0"/>
<pin id="1474" dir="0" index="2" bw="5" slack="0"/>
<pin id="1475" dir="1" index="3" bw="5" slack="2"/>
</pin_list>
<bind>
<opcode="select(49) " fcode="select"/>
<opset="select_ln435/24 "/>
</bind>
</comp>

<comp id="1479" class="1004" name="tmp_68_fu_1479">
<pin_list>
<pin id="1480" dir="0" index="0" bw="29" slack="0"/>
<pin id="1481" dir="0" index="1" bw="31" slack="1"/>
<pin id="1482" dir="0" index="2" bw="3" slack="0"/>
<pin id="1483" dir="0" index="3" bw="6" slack="0"/>
<pin id="1484" dir="1" index="4" bw="29" slack="0"/>
</pin_list>
<bind>
<opcode="partselect(1002) " fcode="partselect"/>
<opset="tmp_68/25 "/>
</bind>
</comp>

<comp id="1488" class="1004" name="shl_ln186_1_fu_1488">
<pin_list>
<pin id="1489" dir="0" index="0" bw="33" slack="0"/>
<pin id="1490" dir="0" index="1" bw="29" slack="0"/>
<pin id="1491" dir="0" index="2" bw="1" slack="0"/>
<pin id="1492" dir="1" index="3" bw="33" slack="0"/>
</pin_list>
<bind>
<opcode="bitconcatenate(1004) " fcode="bitconcatenate"/>
<opset="shl_ln186_1/25 "/>
</bind>
</comp>

<comp id="1496" class="1004" name="zext_ln186_2_fu_1496">
<pin_list>
<pin id="1497" dir="0" index="0" bw="33" slack="0"/>
<pin id="1498" dir="1" index="1" bw="64" slack="0"/>
</pin_list>
<bind>
<opcode="zext(34) " fcode="zext"/>
<opset="zext_ln186_2/25 "/>
</bind>
</comp>

<comp id="1500" class="1004" name="add_ln186_2_fu_1500">
<pin_list>
<pin id="1501" dir="0" index="0" bw="33" slack="0"/>
<pin id="1502" dir="0" index="1" bw="64" slack="21"/>
<pin id="1503" dir="1" index="2" bw="64" slack="0"/>
</pin_list>
<bind>
<opcode="add(8) " fcode="add"/>
<opset="add_ln186_2/25 "/>
</bind>
</comp>

<comp id="1505" class="1004" name="trunc_ln186_2_fu_1505">
<pin_list>
<pin id="1506" dir="0" index="0" bw="60" slack="0"/>
<pin id="1507" dir="0" index="1" bw="64" slack="0"/>
<pin id="1508" dir="0" index="2" bw="4" slack="0"/>
<pin id="1509" dir="0" index="3" bw="7" slack="0"/>
<pin id="1510" dir="1" index="4" bw="60" slack="1"/>
</pin_list>
<bind>
<opcode="partselect(1002) " fcode="partselect"/>
<opset="trunc_ln186_2/25 "/>
</bind>
</comp>

<comp id="1515" class="1004" name="trunc_ln179_1_fu_1515">
<pin_list>
<pin id="1516" dir="0" index="0" bw="31" slack="1"/>
<pin id="1517" dir="1" index="1" bw="2" slack="1"/>
</pin_list>
<bind>
<opcode="trunc(33) " fcode="trunc"/>
<opset="trunc_ln179_1/25 "/>
</bind>
</comp>

<comp id="1518" class="1004" name="sext_ln182_fu_1518">
<pin_list>
<pin id="1519" dir="0" index="0" bw="5" slack="0"/>
<pin id="1520" dir="1" index="1" bw="32" slack="0"/>
</pin_list>
<bind>
<opcode="sext(35) " fcode="sext"/>
<opset="sext_ln182/26 "/>
</bind>
</comp>

<comp id="1522" class="1004" name="sext_ln186_2_fu_1522">
<pin_list>
<pin id="1523" dir="0" index="0" bw="60" slack="1"/>
<pin id="1524" dir="1" index="1" bw="64" slack="0"/>
</pin_list>
<bind>
<opcode="sext(35) " fcode="sext"/>
<opset="sext_ln186_2/26 "/>
</bind>
</comp>

<comp id="1525" class="1004" name="gmem_addr_2_fu_1525">
<pin_list>
<pin id="1526" dir="0" index="0" bw="64" slack="0"/>
<pin id="1527" dir="0" index="1" bw="64" slack="0"/>
<pin id="1528" dir="1" index="2" bw="64" slack="0"/>
</pin_list>
<bind>
<opcode="getelementptr(29) " fcode="getelementptr"/>
<opset="gmem_addr_2/26 "/>
</bind>
</comp>

<comp id="1532" class="1004" name="shl_ln179_2_fu_1532">
<pin_list>
<pin id="1533" dir="0" index="0" bw="7" slack="0"/>
<pin id="1534" dir="0" index="1" bw="2" slack="1"/>
<pin id="1535" dir="0" index="2" bw="1" slack="0"/>
<pin id="1536" dir="1" index="3" bw="7" slack="0"/>
</pin_list>
<bind>
<opcode="bitconcatenate(1004) " fcode="bitconcatenate"/>
<opset="shl_ln179_2/26 "/>
</bind>
</comp>

<comp id="1539" class="1004" name="tmp_71_fu_1539">
<pin_list>
<pin id="1540" dir="0" index="0" bw="4" slack="0"/>
<pin id="1541" dir="0" index="1" bw="2" slack="1"/>
<pin id="1542" dir="0" index="2" bw="1" slack="0"/>
<pin id="1543" dir="1" index="3" bw="4" slack="0"/>
</pin_list>
<bind>
<opcode="bitconcatenate(1004) " fcode="bitconcatenate"/>
<opset="tmp_71/26 "/>
</bind>
</comp>

<comp id="1546" class="1004" name="zext_ln179_2_fu_1546">
<pin_list>
<pin id="1547" dir="0" index="0" bw="4" slack="0"/>
<pin id="1548" dir="1" index="1" bw="16" slack="0"/>
</pin_list>
<bind>
<opcode="zext(34) " fcode="zext"/>
<opset="zext_ln179_2/26 "/>
</bind>
</comp>

<comp id="1550" class="1004" name="shl_ln179_4_fu_1550">
<pin_list>
<pin id="1551" dir="0" index="0" bw="5" slack="0"/>
<pin id="1552" dir="0" index="1" bw="4" slack="0"/>
<pin id="1553" dir="1" index="2" bw="16" slack="1"/>
</pin_list>
<bind>
<opcode="shl(20) " fcode="shl"/>
<opset="shl_ln179_4/26 "/>
</bind>
</comp>

<comp id="1556" class="1004" name="line_10_fu_1556">
<pin_list>
<pin id="1557" dir="0" index="0" bw="128" slack="0"/>
<pin id="1558" dir="0" index="1" bw="1" slack="0"/>
<pin id="1559" dir="0" index="2" bw="5" slack="0"/>
<pin id="1560" dir="0" index="3" bw="7" slack="0"/>
<pin id="1561" dir="1" index="4" bw="128" slack="1"/>
</pin_list>
<bind>
<opcode="partset(1003) " fcode="partset"/>
<opset="line_10/26 "/>
</bind>
</comp>

<comp id="1566" class="1005" name="dbg_base_read_reg_1566">
<pin_list>
<pin id="1567" dir="0" index="0" bw="32" slack="5"/>
<pin id="1568" dir="1" index="1" bw="32" slack="5"/>
</pin_list>
<bind>
<opset="dbg_base_read "/>
</bind>
</comp>

<comp id="1573" class="1005" name="mem_read_reg_1573">
<pin_list>
<pin id="1574" dir="0" index="0" bw="64" slack="1"/>
<pin id="1575" dir="1" index="1" bw="64" slack="1"/>
</pin_list>
<bind>
<opset="mem_read "/>
</bind>
</comp>

<comp id="1582" class="1005" name="sum64_reg_1582">
<pin_list>
<pin id="1583" dir="0" index="0" bw="40" slack="0"/>
<pin id="1584" dir="1" index="1" bw="40" slack="0"/>
</pin_list>
<bind>
<opset="sum64 "/>
</bind>
</comp>

<comp id="1589" class="1005" name="icmp_ln457_reg_1589">
<pin_list>
<pin id="1590" dir="0" index="0" bw="1" slack="28"/>
<pin id="1591" dir="1" index="1" bw="1" slack="2147483647"/>
</pin_list>
<bind>
<opset="icmp_ln457 "/>
</bind>
</comp>

<comp id="1593" class="1005" name="select_ln458_reg_1593">
<pin_list>
<pin id="1594" dir="0" index="0" bw="9" slack="1"/>
<pin id="1595" dir="1" index="1" bw="9" slack="1"/>
</pin_list>
<bind>
<opset="select_ln458 "/>
</bind>
</comp>

<comp id="1600" class="1005" name="trunc_ln_reg_1600">
<pin_list>
<pin id="1601" dir="0" index="0" bw="28" slack="1"/>
<pin id="1602" dir="1" index="1" bw="28" slack="1"/>
</pin_list>
<bind>
<opset="trunc_ln "/>
</bind>
</comp>

<comp id="1605" class="1005" name="trunc_ln3_reg_1605">
<pin_list>
<pin id="1606" dir="0" index="0" bw="28" slack="11"/>
<pin id="1607" dir="1" index="1" bw="28" slack="11"/>
</pin_list>
<bind>
<opset="trunc_ln3 "/>
</bind>
</comp>

<comp id="1610" class="1005" name="max_x_reg_1610">
<pin_list>
<pin id="1611" dir="0" index="0" bw="32" slack="1"/>
<pin id="1612" dir="1" index="1" bw="32" slack="1"/>
</pin_list>
<bind>
<opset="max_x "/>
</bind>
</comp>

<comp id="1616" class="1005" name="sum_q16_2_reg_1616">
<pin_list>
<pin id="1617" dir="0" index="0" bw="32" slack="1"/>
<pin id="1618" dir="1" index="1" bw="32" slack="1"/>
</pin_list>
<bind>
<opset="sum_q16_2 "/>
</bind>
</comp>

<comp id="1657" class="1005" name="zext_ln462_reg_1657">
<pin_list>
<pin id="1658" dir="0" index="0" bw="31" slack="8"/>
<pin id="1659" dir="1" index="1" bw="31" slack="8"/>
</pin_list>
<bind>
<opset="zext_ln462 "/>
</bind>
</comp>

<comp id="1663" class="1005" name="icmp_ln95_reg_1663">
<pin_list>
<pin id="1664" dir="0" index="0" bw="1" slack="5"/>
<pin id="1665" dir="1" index="1" bw="1" slack="2147483647"/>
</pin_list>
<bind>
<opset="icmp_ln95 "/>
</bind>
</comp>

<comp id="1760" class="1005" name="select_ln100_reg_1760">
<pin_list>
<pin id="1761" dir="0" index="0" bw="5" slack="1"/>
<pin id="1762" dir="1" index="1" bw="5" slack="1"/>
</pin_list>
<bind>
<opset="select_ln100 "/>
</bind>
</comp>

<comp id="1768" class="1005" name="x_q1_15_reg_1768">
<pin_list>
<pin id="1769" dir="0" index="0" bw="16" slack="2"/>
<pin id="1770" dir="1" index="1" bw="16" slack="2"/>
</pin_list>
<bind>
<opset="x_q1_15 "/>
</bind>
</comp>

<comp id="1773" class="1005" name="RECIP_M_Q30_addr_reg_1773">
<pin_list>
<pin id="1774" dir="0" index="0" bw="4" slack="1"/>
<pin id="1775" dir="1" index="1" bw="4" slack="1"/>
</pin_list>
<bind>
<opset="RECIP_M_Q30_addr "/>
</bind>
</comp>

<comp id="1778" class="1005" name="RECIP_B_Q30_addr_reg_1778">
<pin_list>
<pin id="1779" dir="0" index="0" bw="4" slack="1"/>
<pin id="1780" dir="1" index="1" bw="4" slack="1"/>
</pin_list>
<bind>
<opset="RECIP_B_Q30_addr "/>
</bind>
</comp>

<comp id="1783" class="1005" name="trunc_ln108_reg_1783">
<pin_list>
<pin id="1784" dir="0" index="0" bw="16" slack="2"/>
<pin id="1785" dir="1" index="1" bw="16" slack="2"/>
</pin_list>
<bind>
<opset="trunc_ln108 "/>
</bind>
</comp>

<comp id="1788" class="1005" name="RECIP_M_Q30_addr_1_reg_1788">
<pin_list>
<pin id="1789" dir="0" index="0" bw="4" slack="1"/>
<pin id="1790" dir="1" index="1" bw="4" slack="1"/>
</pin_list>
<bind>
<opset="RECIP_M_Q30_addr_1 "/>
</bind>
</comp>

<comp id="1793" class="1005" name="RECIP_B_Q30_addr_1_reg_1793">
<pin_list>
<pin id="1794" dir="0" index="0" bw="4" slack="1"/>
<pin id="1795" dir="1" index="1" bw="4" slack="1"/>
</pin_list>
<bind>
<opset="RECIP_B_Q30_addr_1 "/>
</bind>
</comp>

<comp id="1798" class="1005" name="shl_ln123_reg_1798">
<pin_list>
<pin id="1799" dir="0" index="0" bw="48" slack="1"/>
<pin id="1800" dir="1" index="1" bw="48" slack="1"/>
</pin_list>
<bind>
<opset="shl_ln123 "/>
</bind>
</comp>

<comp id="1803" class="1005" name="sext_ln121_1_reg_1803">
<pin_list>
<pin id="1804" dir="0" index="0" bw="48" slack="1"/>
<pin id="1805" dir="1" index="1" bw="48" slack="1"/>
</pin_list>
<bind>
<opset="sext_ln121_1 "/>
</bind>
</comp>

<comp id="1808" class="1005" name="inv_sum_q30_reg_1808">
<pin_list>
<pin id="1809" dir="0" index="0" bw="31" slack="1"/>
<pin id="1810" dir="1" index="1" bw="31" slack="1"/>
</pin_list>
<bind>
<opset="inv_sum_q30 "/>
</bind>
</comp>

<comp id="1813" class="1005" name="tmp_1_reg_1813">
<pin_list>
<pin id="1814" dir="0" index="0" bw="28" slack="2"/>
<pin id="1815" dir="1" index="1" bw="28" slack="2"/>
</pin_list>
<bind>
<opset="tmp_1 "/>
</bind>
</comp>

<comp id="1818" class="1005" name="tmp_2_reg_1818">
<pin_list>
<pin id="1819" dir="0" index="0" bw="2" slack="3"/>
<pin id="1820" dir="1" index="1" bw="2" slack="3"/>
</pin_list>
<bind>
<opset="tmp_2 "/>
</bind>
</comp>

<comp id="1824" class="1005" name="trunc_ln9_reg_1824">
<pin_list>
<pin id="1825" dir="0" index="0" bw="60" slack="1"/>
<pin id="1826" dir="1" index="1" bw="60" slack="1"/>
</pin_list>
<bind>
<opset="trunc_ln9 "/>
</bind>
</comp>

<comp id="1829" class="1005" name="gmem_addr_reg_1829">
<pin_list>
<pin id="1830" dir="0" index="0" bw="128" slack="1"/>
<pin id="1831" dir="1" index="1" bw="128" slack="1"/>
</pin_list>
<bind>
<opset="gmem_addr "/>
</bind>
</comp>

<comp id="1835" class="1005" name="shl_ln179_reg_1835">
<pin_list>
<pin id="1836" dir="0" index="0" bw="16" slack="1"/>
<pin id="1837" dir="1" index="1" bw="16" slack="1"/>
</pin_list>
<bind>
<opset="shl_ln179 "/>
</bind>
</comp>

<comp id="1840" class="1005" name="line_reg_1840">
<pin_list>
<pin id="1841" dir="0" index="0" bw="128" slack="1"/>
<pin id="1842" dir="1" index="1" bw="128" slack="1"/>
</pin_list>
<bind>
<opset="line "/>
</bind>
</comp>

<comp id="1845" class="1005" name="trunc_ln186_1_reg_1845">
<pin_list>
<pin id="1846" dir="0" index="0" bw="60" slack="1"/>
<pin id="1847" dir="1" index="1" bw="60" slack="1"/>
</pin_list>
<bind>
<opset="trunc_ln186_1 "/>
</bind>
</comp>

<comp id="1850" class="1005" name="trunc_ln179_reg_1850">
<pin_list>
<pin id="1851" dir="0" index="0" bw="2" slack="1"/>
<pin id="1852" dir="1" index="1" bw="2" slack="1"/>
</pin_list>
<bind>
<opset="trunc_ln179 "/>
</bind>
</comp>

<comp id="1856" class="1005" name="gmem_addr_1_reg_1856">
<pin_list>
<pin id="1857" dir="0" index="0" bw="128" slack="1"/>
<pin id="1858" dir="1" index="1" bw="128" slack="1"/>
</pin_list>
<bind>
<opset="gmem_addr_1 "/>
</bind>
</comp>

<comp id="1862" class="1005" name="shl_ln179_3_reg_1862">
<pin_list>
<pin id="1863" dir="0" index="0" bw="16" slack="1"/>
<pin id="1864" dir="1" index="1" bw="16" slack="1"/>
</pin_list>
<bind>
<opset="shl_ln179_3 "/>
</bind>
</comp>

<comp id="1867" class="1005" name="line_9_reg_1867">
<pin_list>
<pin id="1868" dir="0" index="0" bw="128" slack="1"/>
<pin id="1869" dir="1" index="1" bw="128" slack="1"/>
</pin_list>
<bind>
<opset="line_9 "/>
</bind>
</comp>

<comp id="1872" class="1005" name="add_ln484_reg_1872">
<pin_list>
<pin id="1873" dir="0" index="0" bw="31" slack="1"/>
<pin id="1874" dir="1" index="1" bw="31" slack="1"/>
</pin_list>
<bind>
<opset="add_ln484 "/>
</bind>
</comp>

<comp id="1971" class="1005" name="select_ln435_reg_1971">
<pin_list>
<pin id="1972" dir="0" index="0" bw="5" slack="2"/>
<pin id="1973" dir="1" index="1" bw="5" slack="2"/>
</pin_list>
<bind>
<opset="select_ln435 "/>
</bind>
</comp>

<comp id="1976" class="1005" name="trunc_ln186_2_reg_1976">
<pin_list>
<pin id="1977" dir="0" index="0" bw="60" slack="1"/>
<pin id="1978" dir="1" index="1" bw="60" slack="1"/>
</pin_list>
<bind>
<opset="trunc_ln186_2 "/>
</bind>
</comp>

<comp id="1981" class="1005" name="trunc_ln179_1_reg_1981">
<pin_list>
<pin id="1982" dir="0" index="0" bw="2" slack="1"/>
<pin id="1983" dir="1" index="1" bw="2" slack="1"/>
</pin_list>
<bind>
<opset="trunc_ln179_1 "/>
</bind>
</comp>

<comp id="1987" class="1005" name="gmem_addr_2_reg_1987">
<pin_list>
<pin id="1988" dir="0" index="0" bw="128" slack="1"/>
<pin id="1989" dir="1" index="1" bw="128" slack="1"/>
</pin_list>
<bind>
<opset="gmem_addr_2 "/>
</bind>
</comp>

<comp id="1993" class="1005" name="shl_ln179_4_reg_1993">
<pin_list>
<pin id="1994" dir="0" index="0" bw="16" slack="1"/>
<pin id="1995" dir="1" index="1" bw="16" slack="1"/>
</pin_list>
<bind>
<opset="shl_ln179_4 "/>
</bind>
</comp>

<comp id="1998" class="1005" name="line_10_reg_1998">
<pin_list>
<pin id="1999" dir="0" index="0" bw="128" slack="1"/>
<pin id="2000" dir="1" index="1" bw="128" slack="1"/>
</pin_list>
<bind>
<opset="line_10 "/>
</bind>
</comp>

</comp_list>

<net_list>
<net id="279"><net_src comp="64" pin="0"/><net_sink comp="276" pin=0"/></net>

<net id="283"><net_src comp="64" pin="0"/><net_sink comp="280" pin=0"/></net>

<net id="287"><net_src comp="64" pin="0"/><net_sink comp="284" pin=0"/></net>

<net id="291"><net_src comp="64" pin="0"/><net_sink comp="288" pin=0"/></net>

<net id="295"><net_src comp="64" pin="0"/><net_sink comp="292" pin=0"/></net>

<net id="299"><net_src comp="64" pin="0"/><net_sink comp="296" pin=0"/></net>

<net id="303"><net_src comp="64" pin="0"/><net_sink comp="300" pin=0"/></net>

<net id="307"><net_src comp="64" pin="0"/><net_sink comp="304" pin=0"/></net>

<net id="311"><net_src comp="64" pin="0"/><net_sink comp="308" pin=0"/></net>

<net id="316"><net_src comp="16" pin="0"/><net_sink comp="312" pin=0"/></net>

<net id="317"><net_src comp="10" pin="0"/><net_sink comp="312" pin=1"/></net>

<net id="322"><net_src comp="16" pin="0"/><net_sink comp="318" pin=0"/></net>

<net id="323"><net_src comp="8" pin="0"/><net_sink comp="318" pin=1"/></net>

<net id="328"><net_src comp="16" pin="0"/><net_sink comp="324" pin=0"/></net>

<net id="329"><net_src comp="6" pin="0"/><net_sink comp="324" pin=1"/></net>

<net id="334"><net_src comp="16" pin="0"/><net_sink comp="330" pin=0"/></net>

<net id="335"><net_src comp="4" pin="0"/><net_sink comp="330" pin=1"/></net>

<net id="340"><net_src comp="18" pin="0"/><net_sink comp="336" pin=0"/></net>

<net id="341"><net_src comp="2" pin="0"/><net_sink comp="336" pin=1"/></net>

<net id="347"><net_src comp="12" pin="0"/><net_sink comp="342" pin=0"/></net>

<net id="348"><net_src comp="220" pin="0"/><net_sink comp="342" pin=1"/></net>

<net id="354"><net_src comp="342" pin="3"/><net_sink comp="349" pin=0"/></net>

<net id="360"><net_src comp="14" pin="0"/><net_sink comp="355" pin=0"/></net>

<net id="361"><net_src comp="220" pin="0"/><net_sink comp="355" pin=1"/></net>

<net id="367"><net_src comp="355" pin="3"/><net_sink comp="362" pin=0"/></net>

<net id="373"><net_src comp="12" pin="0"/><net_sink comp="368" pin=0"/></net>

<net id="374"><net_src comp="220" pin="0"/><net_sink comp="368" pin=1"/></net>

<net id="375"><net_src comp="368" pin="3"/><net_sink comp="349" pin=0"/></net>

<net id="381"><net_src comp="14" pin="0"/><net_sink comp="376" pin=0"/></net>

<net id="382"><net_src comp="220" pin="0"/><net_sink comp="376" pin=1"/></net>

<net id="383"><net_src comp="376" pin="3"/><net_sink comp="362" pin=0"/></net>

<net id="389"><net_src comp="262" pin="0"/><net_sink comp="384" pin=0"/></net>

<net id="390"><net_src comp="64" pin="0"/><net_sink comp="384" pin=2"/></net>

<net id="397"><net_src comp="270" pin="0"/><net_sink comp="391" pin=0"/></net>

<net id="402"><net_src comp="272" pin="0"/><net_sink comp="398" pin=0"/></net>

<net id="406"><net_src comp="152" pin="0"/><net_sink comp="403" pin=0"/></net>

<net id="407"><net_src comp="156" pin="0"/><net_sink comp="403" pin=0"/></net>

<net id="408"><net_src comp="158" pin="0"/><net_sink comp="403" pin=0"/></net>

<net id="409"><net_src comp="160" pin="0"/><net_sink comp="403" pin=0"/></net>

<net id="410"><net_src comp="162" pin="0"/><net_sink comp="403" pin=0"/></net>

<net id="411"><net_src comp="164" pin="0"/><net_sink comp="403" pin=0"/></net>

<net id="412"><net_src comp="166" pin="0"/><net_sink comp="403" pin=0"/></net>

<net id="413"><net_src comp="168" pin="0"/><net_sink comp="403" pin=0"/></net>

<net id="414"><net_src comp="170" pin="0"/><net_sink comp="403" pin=0"/></net>

<net id="415"><net_src comp="172" pin="0"/><net_sink comp="403" pin=0"/></net>

<net id="416"><net_src comp="174" pin="0"/><net_sink comp="403" pin=0"/></net>

<net id="417"><net_src comp="176" pin="0"/><net_sink comp="403" pin=0"/></net>

<net id="418"><net_src comp="178" pin="0"/><net_sink comp="403" pin=0"/></net>

<net id="419"><net_src comp="180" pin="0"/><net_sink comp="403" pin=0"/></net>

<net id="420"><net_src comp="182" pin="0"/><net_sink comp="403" pin=0"/></net>

<net id="421"><net_src comp="184" pin="0"/><net_sink comp="403" pin=0"/></net>

<net id="422"><net_src comp="186" pin="0"/><net_sink comp="403" pin=0"/></net>

<net id="423"><net_src comp="188" pin="0"/><net_sink comp="403" pin=0"/></net>

<net id="424"><net_src comp="190" pin="0"/><net_sink comp="403" pin=0"/></net>

<net id="425"><net_src comp="192" pin="0"/><net_sink comp="403" pin=0"/></net>

<net id="426"><net_src comp="194" pin="0"/><net_sink comp="403" pin=0"/></net>

<net id="427"><net_src comp="196" pin="0"/><net_sink comp="403" pin=0"/></net>

<net id="428"><net_src comp="198" pin="0"/><net_sink comp="403" pin=0"/></net>

<net id="429"><net_src comp="200" pin="0"/><net_sink comp="403" pin=0"/></net>

<net id="430"><net_src comp="202" pin="0"/><net_sink comp="403" pin=0"/></net>

<net id="431"><net_src comp="204" pin="0"/><net_sink comp="403" pin=0"/></net>

<net id="432"><net_src comp="206" pin="0"/><net_sink comp="403" pin=0"/></net>

<net id="433"><net_src comp="208" pin="0"/><net_sink comp="403" pin=0"/></net>

<net id="434"><net_src comp="210" pin="0"/><net_sink comp="403" pin=0"/></net>

<net id="435"><net_src comp="212" pin="0"/><net_sink comp="403" pin=0"/></net>

<net id="436"><net_src comp="214" pin="0"/><net_sink comp="403" pin=0"/></net>

<net id="503"><net_src comp="403" pin="1"/><net_sink comp="437" pin=0"/></net>

<net id="504"><net_src comp="403" pin="1"/><net_sink comp="437" pin=2"/></net>

<net id="505"><net_src comp="403" pin="1"/><net_sink comp="437" pin=4"/></net>

<net id="506"><net_src comp="403" pin="1"/><net_sink comp="437" pin=6"/></net>

<net id="507"><net_src comp="403" pin="1"/><net_sink comp="437" pin=8"/></net>

<net id="508"><net_src comp="403" pin="1"/><net_sink comp="437" pin=10"/></net>

<net id="509"><net_src comp="403" pin="1"/><net_sink comp="437" pin=12"/></net>

<net id="510"><net_src comp="403" pin="1"/><net_sink comp="437" pin=14"/></net>

<net id="511"><net_src comp="403" pin="1"/><net_sink comp="437" pin=16"/></net>

<net id="512"><net_src comp="403" pin="1"/><net_sink comp="437" pin=18"/></net>

<net id="513"><net_src comp="403" pin="1"/><net_sink comp="437" pin=20"/></net>

<net id="514"><net_src comp="403" pin="1"/><net_sink comp="437" pin=22"/></net>

<net id="515"><net_src comp="403" pin="1"/><net_sink comp="437" pin=24"/></net>

<net id="516"><net_src comp="403" pin="1"/><net_sink comp="437" pin=26"/></net>

<net id="517"><net_src comp="403" pin="1"/><net_sink comp="437" pin=28"/></net>

<net id="518"><net_src comp="403" pin="1"/><net_sink comp="437" pin=30"/></net>

<net id="519"><net_src comp="403" pin="1"/><net_sink comp="437" pin=32"/></net>

<net id="520"><net_src comp="403" pin="1"/><net_sink comp="437" pin=34"/></net>

<net id="521"><net_src comp="403" pin="1"/><net_sink comp="437" pin=36"/></net>

<net id="522"><net_src comp="403" pin="1"/><net_sink comp="437" pin=38"/></net>

<net id="523"><net_src comp="403" pin="1"/><net_sink comp="437" pin=40"/></net>

<net id="524"><net_src comp="403" pin="1"/><net_sink comp="437" pin=42"/></net>

<net id="525"><net_src comp="403" pin="1"/><net_sink comp="437" pin=44"/></net>

<net id="526"><net_src comp="403" pin="1"/><net_sink comp="437" pin=46"/></net>

<net id="527"><net_src comp="403" pin="1"/><net_sink comp="437" pin=48"/></net>

<net id="528"><net_src comp="403" pin="1"/><net_sink comp="437" pin=50"/></net>

<net id="529"><net_src comp="403" pin="1"/><net_sink comp="437" pin=52"/></net>

<net id="530"><net_src comp="403" pin="1"/><net_sink comp="437" pin=54"/></net>

<net id="531"><net_src comp="403" pin="1"/><net_sink comp="437" pin=56"/></net>

<net id="532"><net_src comp="403" pin="1"/><net_sink comp="437" pin=58"/></net>

<net id="533"><net_src comp="403" pin="1"/><net_sink comp="437" pin=60"/></net>

<net id="534"><net_src comp="437" pin="64"/><net_sink comp="403" pin=0"/></net>

<net id="547"><net_src comp="236" pin="0"/><net_sink comp="544" pin=0"/></net>

<net id="554"><net_src comp="544" pin="1"/><net_sink comp="548" pin=2"/></net>

<net id="555"><net_src comp="548" pin="4"/><net_sink comp="544" pin=0"/></net>

<net id="559"><net_src comp="186" pin="0"/><net_sink comp="556" pin=0"/></net>

<net id="560"><net_src comp="188" pin="0"/><net_sink comp="556" pin=0"/></net>

<net id="561"><net_src comp="190" pin="0"/><net_sink comp="556" pin=0"/></net>

<net id="562"><net_src comp="192" pin="0"/><net_sink comp="556" pin=0"/></net>

<net id="563"><net_src comp="194" pin="0"/><net_sink comp="556" pin=0"/></net>

<net id="564"><net_src comp="196" pin="0"/><net_sink comp="556" pin=0"/></net>

<net id="565"><net_src comp="198" pin="0"/><net_sink comp="556" pin=0"/></net>

<net id="566"><net_src comp="200" pin="0"/><net_sink comp="556" pin=0"/></net>

<net id="567"><net_src comp="202" pin="0"/><net_sink comp="556" pin=0"/></net>

<net id="568"><net_src comp="204" pin="0"/><net_sink comp="556" pin=0"/></net>

<net id="569"><net_src comp="206" pin="0"/><net_sink comp="556" pin=0"/></net>

<net id="570"><net_src comp="208" pin="0"/><net_sink comp="556" pin=0"/></net>

<net id="571"><net_src comp="210" pin="0"/><net_sink comp="556" pin=0"/></net>

<net id="572"><net_src comp="212" pin="0"/><net_sink comp="556" pin=0"/></net>

<net id="573"><net_src comp="214" pin="0"/><net_sink comp="556" pin=0"/></net>

<net id="574"><net_src comp="154" pin="0"/><net_sink comp="556" pin=0"/></net>

<net id="575"><net_src comp="152" pin="0"/><net_sink comp="556" pin=0"/></net>

<net id="576"><net_src comp="156" pin="0"/><net_sink comp="556" pin=0"/></net>

<net id="577"><net_src comp="158" pin="0"/><net_sink comp="556" pin=0"/></net>

<net id="578"><net_src comp="160" pin="0"/><net_sink comp="556" pin=0"/></net>

<net id="579"><net_src comp="162" pin="0"/><net_sink comp="556" pin=0"/></net>

<net id="580"><net_src comp="164" pin="0"/><net_sink comp="556" pin=0"/></net>

<net id="581"><net_src comp="166" pin="0"/><net_sink comp="556" pin=0"/></net>

<net id="582"><net_src comp="168" pin="0"/><net_sink comp="556" pin=0"/></net>

<net id="583"><net_src comp="170" pin="0"/><net_sink comp="556" pin=0"/></net>

<net id="584"><net_src comp="172" pin="0"/><net_sink comp="556" pin=0"/></net>

<net id="585"><net_src comp="174" pin="0"/><net_sink comp="556" pin=0"/></net>

<net id="586"><net_src comp="176" pin="0"/><net_sink comp="556" pin=0"/></net>

<net id="587"><net_src comp="178" pin="0"/><net_sink comp="556" pin=0"/></net>

<net id="588"><net_src comp="180" pin="0"/><net_sink comp="556" pin=0"/></net>

<net id="589"><net_src comp="182" pin="0"/><net_sink comp="556" pin=0"/></net>

<net id="656"><net_src comp="556" pin="1"/><net_sink comp="590" pin=0"/></net>

<net id="657"><net_src comp="556" pin="1"/><net_sink comp="590" pin=2"/></net>

<net id="658"><net_src comp="556" pin="1"/><net_sink comp="590" pin=4"/></net>

<net id="659"><net_src comp="556" pin="1"/><net_sink comp="590" pin=6"/></net>

<net id="660"><net_src comp="556" pin="1"/><net_sink comp="590" pin=8"/></net>

<net id="661"><net_src comp="556" pin="1"/><net_sink comp="590" pin=10"/></net>

<net id="662"><net_src comp="556" pin="1"/><net_sink comp="590" pin=12"/></net>

<net id="663"><net_src comp="556" pin="1"/><net_sink comp="590" pin=14"/></net>

<net id="664"><net_src comp="556" pin="1"/><net_sink comp="590" pin=16"/></net>

<net id="665"><net_src comp="556" pin="1"/><net_sink comp="590" pin=18"/></net>

<net id="666"><net_src comp="556" pin="1"/><net_sink comp="590" pin=20"/></net>

<net id="667"><net_src comp="556" pin="1"/><net_sink comp="590" pin=22"/></net>

<net id="668"><net_src comp="556" pin="1"/><net_sink comp="590" pin=24"/></net>

<net id="669"><net_src comp="556" pin="1"/><net_sink comp="590" pin=26"/></net>

<net id="670"><net_src comp="556" pin="1"/><net_sink comp="590" pin=28"/></net>

<net id="671"><net_src comp="556" pin="1"/><net_sink comp="590" pin=30"/></net>

<net id="672"><net_src comp="556" pin="1"/><net_sink comp="590" pin=32"/></net>

<net id="673"><net_src comp="556" pin="1"/><net_sink comp="590" pin=34"/></net>

<net id="674"><net_src comp="556" pin="1"/><net_sink comp="590" pin=36"/></net>

<net id="675"><net_src comp="556" pin="1"/><net_sink comp="590" pin=38"/></net>

<net id="676"><net_src comp="556" pin="1"/><net_sink comp="590" pin=40"/></net>

<net id="677"><net_src comp="556" pin="1"/><net_sink comp="590" pin=42"/></net>

<net id="678"><net_src comp="556" pin="1"/><net_sink comp="590" pin=44"/></net>

<net id="679"><net_src comp="556" pin="1"/><net_sink comp="590" pin=46"/></net>

<net id="680"><net_src comp="556" pin="1"/><net_sink comp="590" pin=48"/></net>

<net id="681"><net_src comp="556" pin="1"/><net_sink comp="590" pin=50"/></net>

<net id="682"><net_src comp="556" pin="1"/><net_sink comp="590" pin=52"/></net>

<net id="683"><net_src comp="556" pin="1"/><net_sink comp="590" pin=54"/></net>

<net id="684"><net_src comp="556" pin="1"/><net_sink comp="590" pin=56"/></net>

<net id="685"><net_src comp="556" pin="1"/><net_sink comp="590" pin=58"/></net>

<net id="686"><net_src comp="556" pin="1"/><net_sink comp="590" pin=60"/></net>

<net id="698"><net_src comp="78" pin="0"/><net_sink comp="687" pin=0"/></net>

<net id="699"><net_src comp="0" pin="0"/><net_sink comp="687" pin=1"/></net>

<net id="700"><net_src comp="336" pin="2"/><net_sink comp="687" pin=2"/></net>

<net id="701"><net_src comp="276" pin="1"/><net_sink comp="687" pin=5"/></net>

<net id="702"><net_src comp="280" pin="1"/><net_sink comp="687" pin=6"/></net>

<net id="703"><net_src comp="284" pin="1"/><net_sink comp="687" pin=7"/></net>

<net id="704"><net_src comp="288" pin="1"/><net_sink comp="687" pin=8"/></net>

<net id="719"><net_src comp="80" pin="0"/><net_sink comp="705" pin=0"/></net>

<net id="732"><net_src comp="240" pin="0"/><net_sink comp="720" pin=0"/></net>

<net id="733"><net_src comp="0" pin="0"/><net_sink comp="720" pin=1"/></net>

<net id="734"><net_src comp="548" pin="4"/><net_sink comp="720" pin=9"/></net>

<net id="744"><net_src comp="96" pin="0"/><net_sink comp="739" pin=0"/></net>

<net id="745"><net_src comp="74" pin="0"/><net_sink comp="739" pin=2"/></net>

<net id="751"><net_src comp="96" pin="0"/><net_sink comp="746" pin=0"/></net>

<net id="752"><net_src comp="98" pin="0"/><net_sink comp="746" pin=2"/></net>

<net id="758"><net_src comp="96" pin="0"/><net_sink comp="753" pin=0"/></net>

<net id="759"><net_src comp="100" pin="0"/><net_sink comp="753" pin=2"/></net>

<net id="765"><net_src comp="96" pin="0"/><net_sink comp="760" pin=0"/></net>

<net id="766"><net_src comp="102" pin="0"/><net_sink comp="760" pin=2"/></net>

<net id="772"><net_src comp="96" pin="0"/><net_sink comp="767" pin=0"/></net>

<net id="773"><net_src comp="104" pin="0"/><net_sink comp="767" pin=2"/></net>

<net id="779"><net_src comp="96" pin="0"/><net_sink comp="774" pin=0"/></net>

<net id="780"><net_src comp="106" pin="0"/><net_sink comp="774" pin=2"/></net>

<net id="786"><net_src comp="96" pin="0"/><net_sink comp="781" pin=0"/></net>

<net id="787"><net_src comp="108" pin="0"/><net_sink comp="781" pin=2"/></net>

<net id="793"><net_src comp="96" pin="0"/><net_sink comp="788" pin=0"/></net>

<net id="794"><net_src comp="110" pin="0"/><net_sink comp="788" pin=2"/></net>

<net id="800"><net_src comp="96" pin="0"/><net_sink comp="795" pin=0"/></net>

<net id="801"><net_src comp="112" pin="0"/><net_sink comp="795" pin=2"/></net>

<net id="807"><net_src comp="96" pin="0"/><net_sink comp="802" pin=0"/></net>

<net id="808"><net_src comp="114" pin="0"/><net_sink comp="802" pin=2"/></net>

<net id="814"><net_src comp="96" pin="0"/><net_sink comp="809" pin=0"/></net>

<net id="815"><net_src comp="116" pin="0"/><net_sink comp="809" pin=2"/></net>

<net id="821"><net_src comp="96" pin="0"/><net_sink comp="816" pin=0"/></net>

<net id="822"><net_src comp="118" pin="0"/><net_sink comp="816" pin=2"/></net>

<net id="828"><net_src comp="96" pin="0"/><net_sink comp="823" pin=0"/></net>

<net id="829"><net_src comp="120" pin="0"/><net_sink comp="823" pin=2"/></net>

<net id="835"><net_src comp="96" pin="0"/><net_sink comp="830" pin=0"/></net>

<net id="836"><net_src comp="122" pin="0"/><net_sink comp="830" pin=2"/></net>

<net id="842"><net_src comp="96" pin="0"/><net_sink comp="837" pin=0"/></net>

<net id="843"><net_src comp="124" pin="0"/><net_sink comp="837" pin=2"/></net>

<net id="849"><net_src comp="96" pin="0"/><net_sink comp="844" pin=0"/></net>

<net id="850"><net_src comp="38" pin="0"/><net_sink comp="844" pin=2"/></net>

<net id="856"><net_src comp="96" pin="0"/><net_sink comp="851" pin=0"/></net>

<net id="857"><net_src comp="126" pin="0"/><net_sink comp="851" pin=2"/></net>

<net id="863"><net_src comp="96" pin="0"/><net_sink comp="858" pin=0"/></net>

<net id="864"><net_src comp="128" pin="0"/><net_sink comp="858" pin=2"/></net>

<net id="870"><net_src comp="96" pin="0"/><net_sink comp="865" pin=0"/></net>

<net id="871"><net_src comp="130" pin="0"/><net_sink comp="865" pin=2"/></net>

<net id="877"><net_src comp="96" pin="0"/><net_sink comp="872" pin=0"/></net>

<net id="878"><net_src comp="132" pin="0"/><net_sink comp="872" pin=2"/></net>

<net id="884"><net_src comp="96" pin="0"/><net_sink comp="879" pin=0"/></net>

<net id="885"><net_src comp="134" pin="0"/><net_sink comp="879" pin=2"/></net>

<net id="891"><net_src comp="96" pin="0"/><net_sink comp="886" pin=0"/></net>

<net id="892"><net_src comp="136" pin="0"/><net_sink comp="886" pin=2"/></net>

<net id="898"><net_src comp="96" pin="0"/><net_sink comp="893" pin=0"/></net>

<net id="899"><net_src comp="138" pin="0"/><net_sink comp="893" pin=2"/></net>

<net id="905"><net_src comp="96" pin="0"/><net_sink comp="900" pin=0"/></net>

<net id="906"><net_src comp="140" pin="0"/><net_sink comp="900" pin=2"/></net>

<net id="912"><net_src comp="96" pin="0"/><net_sink comp="907" pin=0"/></net>

<net id="913"><net_src comp="142" pin="0"/><net_sink comp="907" pin=2"/></net>

<net id="919"><net_src comp="96" pin="0"/><net_sink comp="914" pin=0"/></net>

<net id="920"><net_src comp="144" pin="0"/><net_sink comp="914" pin=2"/></net>

<net id="926"><net_src comp="96" pin="0"/><net_sink comp="921" pin=0"/></net>

<net id="927"><net_src comp="146" pin="0"/><net_sink comp="921" pin=2"/></net>

<net id="933"><net_src comp="96" pin="0"/><net_sink comp="928" pin=0"/></net>

<net id="934"><net_src comp="72" pin="0"/><net_sink comp="928" pin=2"/></net>

<net id="940"><net_src comp="96" pin="0"/><net_sink comp="935" pin=0"/></net>

<net id="941"><net_src comp="148" pin="0"/><net_sink comp="935" pin=2"/></net>

<net id="947"><net_src comp="96" pin="0"/><net_sink comp="942" pin=0"/></net>

<net id="948"><net_src comp="86" pin="0"/><net_sink comp="942" pin=2"/></net>

<net id="954"><net_src comp="96" pin="0"/><net_sink comp="949" pin=0"/></net>

<net id="955"><net_src comp="82" pin="0"/><net_sink comp="949" pin=2"/></net>

<net id="962"><net_src comp="222" pin="0"/><net_sink comp="956" pin=0"/></net>

<net id="963"><net_src comp="735" pin="2"/><net_sink comp="956" pin=1"/></net>

<net id="964"><net_src comp="126" pin="0"/><net_sink comp="956" pin=2"/></net>

<net id="965"><net_src comp="224" pin="0"/><net_sink comp="956" pin=3"/></net>

<net id="969"><net_src comp="349" pin="3"/><net_sink comp="966" pin=0"/></net>

<net id="973"><net_src comp="362" pin="3"/><net_sink comp="970" pin=0"/></net>

<net id="977"><net_src comp="956" pin="4"/><net_sink comp="974" pin=0"/></net>

<net id="981"><net_src comp="312" pin="2"/><net_sink comp="978" pin=0"/></net>

<net id="986"><net_src comp="312" pin="2"/><net_sink comp="982" pin=0"/></net>

<net id="987"><net_src comp="28" pin="0"/><net_sink comp="982" pin=1"/></net>

<net id="992"><net_src comp="312" pin="2"/><net_sink comp="988" pin=0"/></net>

<net id="993"><net_src comp="66" pin="0"/><net_sink comp="988" pin=1"/></net>

<net id="999"><net_src comp="988" pin="2"/><net_sink comp="994" pin=0"/></net>

<net id="1000"><net_src comp="68" pin="0"/><net_sink comp="994" pin=1"/></net>

<net id="1001"><net_src comp="978" pin="1"/><net_sink comp="994" pin=2"/></net>

<net id="1002"><net_src comp="994" pin="3"/><net_sink comp="687" pin=4"/></net>

<net id="1009"><net_src comp="70" pin="0"/><net_sink comp="1003" pin=0"/></net>

<net id="1010"><net_src comp="330" pin="2"/><net_sink comp="1003" pin=1"/></net>

<net id="1011"><net_src comp="72" pin="0"/><net_sink comp="1003" pin=2"/></net>

<net id="1012"><net_src comp="74" pin="0"/><net_sink comp="1003" pin=3"/></net>

<net id="1013"><net_src comp="1003" pin="4"/><net_sink comp="687" pin=3"/></net>

<net id="1020"><net_src comp="70" pin="0"/><net_sink comp="1014" pin=0"/></net>

<net id="1021"><net_src comp="324" pin="2"/><net_sink comp="1014" pin=1"/></net>

<net id="1022"><net_src comp="72" pin="0"/><net_sink comp="1014" pin=2"/></net>

<net id="1023"><net_src comp="74" pin="0"/><net_sink comp="1014" pin=3"/></net>

<net id="1028"><net_src comp="76" pin="0"/><net_sink comp="1024" pin=0"/></net>

<net id="1036"><net_src comp="1029" pin="1"/><net_sink comp="1032" pin=0"/></net>

<net id="1037"><net_src comp="76" pin="0"/><net_sink comp="1032" pin=1"/></net>

<net id="1041"><net_src comp="1029" pin="1"/><net_sink comp="1038" pin=0"/></net>

<net id="1047"><net_src comp="1032" pin="2"/><net_sink comp="1042" pin=0"/></net>

<net id="1048"><net_src comp="82" pin="0"/><net_sink comp="1042" pin=1"/></net>

<net id="1049"><net_src comp="1038" pin="1"/><net_sink comp="1042" pin=2"/></net>

<net id="1056"><net_src comp="84" pin="0"/><net_sink comp="1050" pin=0"/></net>

<net id="1057"><net_src comp="86" pin="0"/><net_sink comp="1050" pin=2"/></net>

<net id="1058"><net_src comp="74" pin="0"/><net_sink comp="1050" pin=3"/></net>

<net id="1062"><net_src comp="1050" pin="4"/><net_sink comp="1059" pin=0"/></net>

<net id="1067"><net_src comp="28" pin="0"/><net_sink comp="1063" pin=1"/></net>

<net id="1075"><net_src comp="1068" pin="1"/><net_sink comp="1071" pin=0"/></net>

<net id="1076"><net_src comp="150" pin="0"/><net_sink comp="1071" pin=1"/></net>

<net id="1082"><net_src comp="1071" pin="2"/><net_sink comp="1077" pin=0"/></net>

<net id="1083"><net_src comp="152" pin="0"/><net_sink comp="1077" pin=1"/></net>

<net id="1084"><net_src comp="154" pin="0"/><net_sink comp="1077" pin=2"/></net>

<net id="1090"><net_src comp="216" pin="0"/><net_sink comp="1085" pin=0"/></net>

<net id="1091"><net_src comp="437" pin="64"/><net_sink comp="1085" pin=1"/></net>

<net id="1092"><net_src comp="72" pin="0"/><net_sink comp="1085" pin=2"/></net>

<net id="1097"><net_src comp="186" pin="0"/><net_sink comp="1093" pin=0"/></net>

<net id="1098"><net_src comp="437" pin="64"/><net_sink comp="1093" pin=1"/></net>

<net id="1102"><net_src comp="1093" pin="2"/><net_sink comp="1099" pin=0"/></net>

<net id="1107"><net_src comp="1099" pin="1"/><net_sink comp="1103" pin=1"/></net>

<net id="1111"><net_src comp="1103" pin="2"/><net_sink comp="1108" pin=0"/></net>

<net id="1118"><net_src comp="218" pin="0"/><net_sink comp="1112" pin=0"/></net>

<net id="1119"><net_src comp="1103" pin="2"/><net_sink comp="1112" pin=1"/></net>

<net id="1120"><net_src comp="134" pin="0"/><net_sink comp="1112" pin=2"/></net>

<net id="1121"><net_src comp="128" pin="0"/><net_sink comp="1112" pin=3"/></net>

<net id="1125"><net_src comp="1112" pin="4"/><net_sink comp="1122" pin=0"/></net>

<net id="1126"><net_src comp="1122" pin="1"/><net_sink comp="342" pin=2"/></net>

<net id="1127"><net_src comp="1122" pin="1"/><net_sink comp="355" pin=2"/></net>

<net id="1132"><net_src comp="437" pin="64"/><net_sink comp="1128" pin=0"/></net>

<net id="1133"><net_src comp="182" pin="0"/><net_sink comp="1128" pin=1"/></net>

<net id="1137"><net_src comp="1128" pin="2"/><net_sink comp="1134" pin=0"/></net>

<net id="1142"><net_src comp="1134" pin="1"/><net_sink comp="1138" pin=1"/></net>

<net id="1146"><net_src comp="1138" pin="2"/><net_sink comp="1143" pin=0"/></net>

<net id="1153"><net_src comp="218" pin="0"/><net_sink comp="1147" pin=0"/></net>

<net id="1154"><net_src comp="1138" pin="2"/><net_sink comp="1147" pin=1"/></net>

<net id="1155"><net_src comp="134" pin="0"/><net_sink comp="1147" pin=2"/></net>

<net id="1156"><net_src comp="128" pin="0"/><net_sink comp="1147" pin=3"/></net>

<net id="1160"><net_src comp="1147" pin="4"/><net_sink comp="1157" pin=0"/></net>

<net id="1161"><net_src comp="1157" pin="1"/><net_sink comp="368" pin=2"/></net>

<net id="1162"><net_src comp="1157" pin="1"/><net_sink comp="376" pin=2"/></net>

<net id="1166"><net_src comp="966" pin="1"/><net_sink comp="1163" pin=0"/></net>

<net id="1167"><net_src comp="1163" pin="1"/><net_sink comp="735" pin=0"/></net>

<net id="1171"><net_src comp="1168" pin="1"/><net_sink comp="735" pin=1"/></net>

<net id="1175"><net_src comp="970" pin="1"/><net_sink comp="1172" pin=0"/></net>

<net id="1180"><net_src comp="974" pin="1"/><net_sink comp="1176" pin=0"/></net>

<net id="1181"><net_src comp="1172" pin="1"/><net_sink comp="1176" pin=1"/></net>

<net id="1185"><net_src comp="1176" pin="2"/><net_sink comp="1182" pin=0"/></net>

<net id="1190"><net_src comp="184" pin="0"/><net_sink comp="1186" pin=0"/></net>

<net id="1191"><net_src comp="403" pin="1"/><net_sink comp="1186" pin=1"/></net>

<net id="1195"><net_src comp="1186" pin="2"/><net_sink comp="1192" pin=0"/></net>

<net id="1200"><net_src comp="1182" pin="1"/><net_sink comp="1196" pin=0"/></net>

<net id="1201"><net_src comp="1192" pin="1"/><net_sink comp="1196" pin=1"/></net>

<net id="1205"><net_src comp="966" pin="1"/><net_sink comp="1202" pin=0"/></net>

<net id="1206"><net_src comp="1202" pin="1"/><net_sink comp="735" pin=0"/></net>

<net id="1210"><net_src comp="1207" pin="1"/><net_sink comp="735" pin=1"/></net>

<net id="1214"><net_src comp="970" pin="1"/><net_sink comp="1211" pin=0"/></net>

<net id="1219"><net_src comp="974" pin="1"/><net_sink comp="1215" pin=0"/></net>

<net id="1220"><net_src comp="1211" pin="1"/><net_sink comp="1215" pin=1"/></net>

<net id="1224"><net_src comp="403" pin="1"/><net_sink comp="1221" pin=0"/></net>

<net id="1228"><net_src comp="1221" pin="1"/><net_sink comp="1225" pin=0"/></net>

<net id="1233"><net_src comp="1215" pin="2"/><net_sink comp="1229" pin=0"/></net>

<net id="1234"><net_src comp="1225" pin="1"/><net_sink comp="1229" pin=1"/></net>

<net id="1238"><net_src comp="1229" pin="2"/><net_sink comp="1235" pin=0"/></net>

<net id="1242"><net_src comp="538" pin="4"/><net_sink comp="1239" pin=0"/></net>

<net id="1248"><net_src comp="226" pin="0"/><net_sink comp="1243" pin=0"/></net>

<net id="1249"><net_src comp="538" pin="4"/><net_sink comp="1243" pin=1"/></net>

<net id="1250"><net_src comp="228" pin="0"/><net_sink comp="1243" pin=2"/></net>

<net id="1256"><net_src comp="1243" pin="3"/><net_sink comp="1251" pin=0"/></net>

<net id="1257"><net_src comp="230" pin="0"/><net_sink comp="1251" pin=1"/></net>

<net id="1258"><net_src comp="1239" pin="1"/><net_sink comp="1251" pin=2"/></net>

<net id="1265"><net_src comp="232" pin="0"/><net_sink comp="1259" pin=0"/></net>

<net id="1266"><net_src comp="1251" pin="3"/><net_sink comp="1259" pin=1"/></net>

<net id="1267"><net_src comp="74" pin="0"/><net_sink comp="1259" pin=2"/></net>

<net id="1268"><net_src comp="224" pin="0"/><net_sink comp="1259" pin=3"/></net>

<net id="1273"><net_src comp="1259" pin="4"/><net_sink comp="1269" pin=0"/></net>

<net id="1274"><net_src comp="234" pin="0"/><net_sink comp="1269" pin=1"/></net>

<net id="1278"><net_src comp="1251" pin="3"/><net_sink comp="1275" pin=0"/></net>

<net id="1284"><net_src comp="1269" pin="2"/><net_sink comp="1279" pin=0"/></net>

<net id="1285"><net_src comp="236" pin="0"/><net_sink comp="1279" pin=1"/></net>

<net id="1286"><net_src comp="1275" pin="1"/><net_sink comp="1279" pin=2"/></net>

<net id="1293"><net_src comp="70" pin="0"/><net_sink comp="1287" pin=0"/></net>

<net id="1294"><net_src comp="72" pin="0"/><net_sink comp="1287" pin=2"/></net>

<net id="1295"><net_src comp="74" pin="0"/><net_sink comp="1287" pin=3"/></net>

<net id="1302"><net_src comp="238" pin="0"/><net_sink comp="1296" pin=0"/></net>

<net id="1303"><net_src comp="86" pin="0"/><net_sink comp="1296" pin=2"/></net>

<net id="1304"><net_src comp="148" pin="0"/><net_sink comp="1296" pin=3"/></net>

<net id="1310"><net_src comp="242" pin="0"/><net_sink comp="1305" pin=0"/></net>

<net id="1311"><net_src comp="244" pin="0"/><net_sink comp="1305" pin=2"/></net>

<net id="1315"><net_src comp="1305" pin="3"/><net_sink comp="1312" pin=0"/></net>

<net id="1320"><net_src comp="1312" pin="1"/><net_sink comp="1316" pin=0"/></net>

<net id="1327"><net_src comp="246" pin="0"/><net_sink comp="1321" pin=0"/></net>

<net id="1328"><net_src comp="1316" pin="2"/><net_sink comp="1321" pin=1"/></net>

<net id="1329"><net_src comp="72" pin="0"/><net_sink comp="1321" pin=2"/></net>

<net id="1330"><net_src comp="248" pin="0"/><net_sink comp="1321" pin=3"/></net>

<net id="1338"><net_src comp="0" pin="0"/><net_sink comp="1334" pin=0"/></net>

<net id="1339"><net_src comp="1331" pin="1"/><net_sink comp="1334" pin=1"/></net>

<net id="1340"><net_src comp="1334" pin="2"/><net_sink comp="384" pin=1"/></net>

<net id="1346"><net_src comp="250" pin="0"/><net_sink comp="1341" pin=0"/></net>

<net id="1347"><net_src comp="154" pin="0"/><net_sink comp="1341" pin=2"/></net>

<net id="1353"><net_src comp="252" pin="0"/><net_sink comp="1348" pin=0"/></net>

<net id="1354"><net_src comp="254" pin="0"/><net_sink comp="1348" pin=2"/></net>

<net id="1358"><net_src comp="1348" pin="3"/><net_sink comp="1355" pin=0"/></net>

<net id="1363"><net_src comp="256" pin="0"/><net_sink comp="1359" pin=0"/></net>

<net id="1364"><net_src comp="1355" pin="1"/><net_sink comp="1359" pin=1"/></net>

<net id="1371"><net_src comp="258" pin="0"/><net_sink comp="1365" pin=0"/></net>

<net id="1372"><net_src comp="260" pin="0"/><net_sink comp="1365" pin=1"/></net>

<net id="1373"><net_src comp="1341" pin="3"/><net_sink comp="1365" pin=3"/></net>

<net id="1378"><net_src comp="264" pin="0"/><net_sink comp="1374" pin=1"/></net>

<net id="1385"><net_src comp="266" pin="0"/><net_sink comp="1379" pin=0"/></net>

<net id="1386"><net_src comp="1374" pin="2"/><net_sink comp="1379" pin=1"/></net>

<net id="1387"><net_src comp="86" pin="0"/><net_sink comp="1379" pin=2"/></net>

<net id="1388"><net_src comp="98" pin="0"/><net_sink comp="1379" pin=3"/></net>

<net id="1394"><net_src comp="268" pin="0"/><net_sink comp="1389" pin=0"/></net>

<net id="1395"><net_src comp="1379" pin="4"/><net_sink comp="1389" pin=1"/></net>

<net id="1396"><net_src comp="244" pin="0"/><net_sink comp="1389" pin=2"/></net>

<net id="1400"><net_src comp="1389" pin="3"/><net_sink comp="1397" pin=0"/></net>

<net id="1405"><net_src comp="1397" pin="1"/><net_sink comp="1401" pin=0"/></net>

<net id="1412"><net_src comp="246" pin="0"/><net_sink comp="1406" pin=0"/></net>

<net id="1413"><net_src comp="1401" pin="2"/><net_sink comp="1406" pin=1"/></net>

<net id="1414"><net_src comp="72" pin="0"/><net_sink comp="1406" pin=2"/></net>

<net id="1415"><net_src comp="248" pin="0"/><net_sink comp="1406" pin=3"/></net>

<net id="1419"><net_src comp="1374" pin="2"/><net_sink comp="1416" pin=0"/></net>

<net id="1427"><net_src comp="0" pin="0"/><net_sink comp="1423" pin=0"/></net>

<net id="1428"><net_src comp="1420" pin="1"/><net_sink comp="1423" pin=1"/></net>

<net id="1429"><net_src comp="1423" pin="2"/><net_sink comp="384" pin=1"/></net>

<net id="1435"><net_src comp="250" pin="0"/><net_sink comp="1430" pin=0"/></net>

<net id="1436"><net_src comp="154" pin="0"/><net_sink comp="1430" pin=2"/></net>

<net id="1442"><net_src comp="252" pin="0"/><net_sink comp="1437" pin=0"/></net>

<net id="1443"><net_src comp="254" pin="0"/><net_sink comp="1437" pin=2"/></net>

<net id="1447"><net_src comp="1437" pin="3"/><net_sink comp="1444" pin=0"/></net>

<net id="1452"><net_src comp="256" pin="0"/><net_sink comp="1448" pin=0"/></net>

<net id="1453"><net_src comp="1444" pin="1"/><net_sink comp="1448" pin=1"/></net>

<net id="1460"><net_src comp="258" pin="0"/><net_sink comp="1454" pin=0"/></net>

<net id="1461"><net_src comp="260" pin="0"/><net_sink comp="1454" pin=1"/></net>

<net id="1462"><net_src comp="1430" pin="3"/><net_sink comp="1454" pin=3"/></net>

<net id="1467"><net_src comp="274" pin="0"/><net_sink comp="1463" pin=1"/></net>

<net id="1476"><net_src comp="1468" pin="1"/><net_sink comp="1471" pin=0"/></net>

<net id="1477"><net_src comp="184" pin="0"/><net_sink comp="1471" pin=1"/></net>

<net id="1478"><net_src comp="186" pin="0"/><net_sink comp="1471" pin=2"/></net>

<net id="1485"><net_src comp="266" pin="0"/><net_sink comp="1479" pin=0"/></net>

<net id="1486"><net_src comp="86" pin="0"/><net_sink comp="1479" pin=2"/></net>

<net id="1487"><net_src comp="98" pin="0"/><net_sink comp="1479" pin=3"/></net>

<net id="1493"><net_src comp="268" pin="0"/><net_sink comp="1488" pin=0"/></net>

<net id="1494"><net_src comp="1479" pin="4"/><net_sink comp="1488" pin=1"/></net>

<net id="1495"><net_src comp="244" pin="0"/><net_sink comp="1488" pin=2"/></net>

<net id="1499"><net_src comp="1488" pin="3"/><net_sink comp="1496" pin=0"/></net>

<net id="1504"><net_src comp="1496" pin="1"/><net_sink comp="1500" pin=0"/></net>

<net id="1511"><net_src comp="246" pin="0"/><net_sink comp="1505" pin=0"/></net>

<net id="1512"><net_src comp="1500" pin="2"/><net_sink comp="1505" pin=1"/></net>

<net id="1513"><net_src comp="72" pin="0"/><net_sink comp="1505" pin=2"/></net>

<net id="1514"><net_src comp="248" pin="0"/><net_sink comp="1505" pin=3"/></net>

<net id="1521"><net_src comp="590" pin="64"/><net_sink comp="1518" pin=0"/></net>

<net id="1529"><net_src comp="0" pin="0"/><net_sink comp="1525" pin=0"/></net>

<net id="1530"><net_src comp="1522" pin="1"/><net_sink comp="1525" pin=1"/></net>

<net id="1531"><net_src comp="1525" pin="2"/><net_sink comp="384" pin=1"/></net>

<net id="1537"><net_src comp="250" pin="0"/><net_sink comp="1532" pin=0"/></net>

<net id="1538"><net_src comp="154" pin="0"/><net_sink comp="1532" pin=2"/></net>

<net id="1544"><net_src comp="252" pin="0"/><net_sink comp="1539" pin=0"/></net>

<net id="1545"><net_src comp="254" pin="0"/><net_sink comp="1539" pin=2"/></net>

<net id="1549"><net_src comp="1539" pin="3"/><net_sink comp="1546" pin=0"/></net>

<net id="1554"><net_src comp="256" pin="0"/><net_sink comp="1550" pin=0"/></net>

<net id="1555"><net_src comp="1546" pin="1"/><net_sink comp="1550" pin=1"/></net>

<net id="1562"><net_src comp="258" pin="0"/><net_sink comp="1556" pin=0"/></net>

<net id="1563"><net_src comp="260" pin="0"/><net_sink comp="1556" pin=1"/></net>

<net id="1564"><net_src comp="1518" pin="1"/><net_sink comp="1556" pin=2"/></net>

<net id="1565"><net_src comp="1532" pin="3"/><net_sink comp="1556" pin=3"/></net>

<net id="1569"><net_src comp="318" pin="2"/><net_sink comp="1566" pin=0"/></net>

<net id="1570"><net_src comp="1566" pin="1"/><net_sink comp="1050" pin=1"/></net>

<net id="1571"><net_src comp="1566" pin="1"/><net_sink comp="1287" pin=1"/></net>

<net id="1572"><net_src comp="1566" pin="1"/><net_sink comp="1296" pin=1"/></net>

<net id="1576"><net_src comp="336" pin="2"/><net_sink comp="1573" pin=0"/></net>

<net id="1577"><net_src comp="1573" pin="1"/><net_sink comp="687" pin=2"/></net>

<net id="1578"><net_src comp="1573" pin="1"/><net_sink comp="720" pin=2"/></net>

<net id="1579"><net_src comp="1573" pin="1"/><net_sink comp="1316" pin=1"/></net>

<net id="1580"><net_src comp="1573" pin="1"/><net_sink comp="1401" pin=1"/></net>

<net id="1581"><net_src comp="1573" pin="1"/><net_sink comp="1500" pin=1"/></net>

<net id="1585"><net_src comp="308" pin="1"/><net_sink comp="1582" pin=0"/></net>

<net id="1586"><net_src comp="1582" pin="1"/><net_sink comp="1024" pin=1"/></net>

<net id="1587"><net_src comp="1582" pin="1"/><net_sink comp="705" pin=11"/></net>

<net id="1588"><net_src comp="1582" pin="1"/><net_sink comp="1029" pin=0"/></net>

<net id="1592"><net_src comp="982" pin="2"/><net_sink comp="1589" pin=0"/></net>

<net id="1596"><net_src comp="994" pin="3"/><net_sink comp="1593" pin=0"/></net>

<net id="1597"><net_src comp="1593" pin="1"/><net_sink comp="687" pin=4"/></net>

<net id="1598"><net_src comp="1593" pin="1"/><net_sink comp="705" pin=5"/></net>

<net id="1599"><net_src comp="1593" pin="1"/><net_sink comp="720" pin=4"/></net>

<net id="1603"><net_src comp="1003" pin="4"/><net_sink comp="1600" pin=0"/></net>

<net id="1604"><net_src comp="1600" pin="1"/><net_sink comp="687" pin=3"/></net>

<net id="1608"><net_src comp="1014" pin="4"/><net_sink comp="1605" pin=0"/></net>

<net id="1609"><net_src comp="1605" pin="1"/><net_sink comp="720" pin=3"/></net>

<net id="1613"><net_src comp="687" pin="9"/><net_sink comp="1610" pin=0"/></net>

<net id="1614"><net_src comp="1610" pin="1"/><net_sink comp="705" pin=6"/></net>

<net id="1615"><net_src comp="1610" pin="1"/><net_sink comp="1365" pin=2"/></net>

<net id="1619"><net_src comp="1042" pin="3"/><net_sink comp="1616" pin=0"/></net>

<net id="1620"><net_src comp="1616" pin="1"/><net_sink comp="1063" pin=0"/></net>

<net id="1621"><net_src comp="1616" pin="1"/><net_sink comp="739" pin=1"/></net>

<net id="1622"><net_src comp="1616" pin="1"/><net_sink comp="746" pin=1"/></net>

<net id="1623"><net_src comp="1616" pin="1"/><net_sink comp="753" pin=1"/></net>

<net id="1624"><net_src comp="1616" pin="1"/><net_sink comp="760" pin=1"/></net>

<net id="1625"><net_src comp="1616" pin="1"/><net_sink comp="767" pin=1"/></net>

<net id="1626"><net_src comp="1616" pin="1"/><net_sink comp="774" pin=1"/></net>

<net id="1627"><net_src comp="1616" pin="1"/><net_sink comp="781" pin=1"/></net>

<net id="1628"><net_src comp="1616" pin="1"/><net_sink comp="788" pin=1"/></net>

<net id="1629"><net_src comp="1616" pin="1"/><net_sink comp="795" pin=1"/></net>

<net id="1630"><net_src comp="1616" pin="1"/><net_sink comp="802" pin=1"/></net>

<net id="1631"><net_src comp="1616" pin="1"/><net_sink comp="809" pin=1"/></net>

<net id="1632"><net_src comp="1616" pin="1"/><net_sink comp="816" pin=1"/></net>

<net id="1633"><net_src comp="1616" pin="1"/><net_sink comp="823" pin=1"/></net>

<net id="1634"><net_src comp="1616" pin="1"/><net_sink comp="830" pin=1"/></net>

<net id="1635"><net_src comp="1616" pin="1"/><net_sink comp="837" pin=1"/></net>

<net id="1636"><net_src comp="1616" pin="1"/><net_sink comp="844" pin=1"/></net>

<net id="1637"><net_src comp="1616" pin="1"/><net_sink comp="851" pin=1"/></net>

<net id="1638"><net_src comp="1616" pin="1"/><net_sink comp="858" pin=1"/></net>

<net id="1639"><net_src comp="1616" pin="1"/><net_sink comp="865" pin=1"/></net>

<net id="1640"><net_src comp="1616" pin="1"/><net_sink comp="872" pin=1"/></net>

<net id="1641"><net_src comp="1616" pin="1"/><net_sink comp="879" pin=1"/></net>

<net id="1642"><net_src comp="1616" pin="1"/><net_sink comp="886" pin=1"/></net>

<net id="1643"><net_src comp="1616" pin="1"/><net_sink comp="893" pin=1"/></net>

<net id="1644"><net_src comp="1616" pin="1"/><net_sink comp="900" pin=1"/></net>

<net id="1645"><net_src comp="1616" pin="1"/><net_sink comp="907" pin=1"/></net>

<net id="1646"><net_src comp="1616" pin="1"/><net_sink comp="914" pin=1"/></net>

<net id="1647"><net_src comp="1616" pin="1"/><net_sink comp="921" pin=1"/></net>

<net id="1648"><net_src comp="1616" pin="1"/><net_sink comp="928" pin=1"/></net>

<net id="1649"><net_src comp="1616" pin="1"/><net_sink comp="935" pin=1"/></net>

<net id="1650"><net_src comp="1616" pin="1"/><net_sink comp="942" pin=1"/></net>

<net id="1651"><net_src comp="1616" pin="1"/><net_sink comp="949" pin=1"/></net>

<net id="1652"><net_src comp="1616" pin="1"/><net_sink comp="1068" pin=0"/></net>

<net id="1653"><net_src comp="1616" pin="1"/><net_sink comp="1103" pin=0"/></net>

<net id="1654"><net_src comp="1616" pin="1"/><net_sink comp="1138" pin=0"/></net>

<net id="1655"><net_src comp="1616" pin="1"/><net_sink comp="1454" pin=2"/></net>

<net id="1656"><net_src comp="1616" pin="1"/><net_sink comp="1468" pin=0"/></net>

<net id="1660"><net_src comp="1059" pin="1"/><net_sink comp="1657" pin=0"/></net>

<net id="1661"><net_src comp="1657" pin="1"/><net_sink comp="1374" pin=0"/></net>

<net id="1662"><net_src comp="1657" pin="1"/><net_sink comp="1463" pin=0"/></net>

<net id="1666"><net_src comp="1063" pin="2"/><net_sink comp="1663" pin=0"/></net>

<net id="1763"><net_src comp="1077" pin="3"/><net_sink comp="1760" pin=0"/></net>

<net id="1764"><net_src comp="1760" pin="1"/><net_sink comp="437" pin=62"/></net>

<net id="1771"><net_src comp="1108" pin="1"/><net_sink comp="1768" pin=0"/></net>

<net id="1772"><net_src comp="1768" pin="1"/><net_sink comp="1168" pin=0"/></net>

<net id="1776"><net_src comp="342" pin="3"/><net_sink comp="1773" pin=0"/></net>

<net id="1777"><net_src comp="1773" pin="1"/><net_sink comp="349" pin=0"/></net>

<net id="1781"><net_src comp="355" pin="3"/><net_sink comp="1778" pin=0"/></net>

<net id="1782"><net_src comp="1778" pin="1"/><net_sink comp="362" pin=0"/></net>

<net id="1786"><net_src comp="1143" pin="1"/><net_sink comp="1783" pin=0"/></net>

<net id="1787"><net_src comp="1783" pin="1"/><net_sink comp="1207" pin=0"/></net>

<net id="1791"><net_src comp="368" pin="3"/><net_sink comp="1788" pin=0"/></net>

<net id="1792"><net_src comp="1788" pin="1"/><net_sink comp="349" pin=0"/></net>

<net id="1796"><net_src comp="376" pin="3"/><net_sink comp="1793" pin=0"/></net>

<net id="1797"><net_src comp="1793" pin="1"/><net_sink comp="362" pin=0"/></net>

<net id="1801"><net_src comp="1196" pin="2"/><net_sink comp="1798" pin=0"/></net>

<net id="1802"><net_src comp="1798" pin="1"/><net_sink comp="538" pin=2"/></net>

<net id="1806"><net_src comp="1235" pin="1"/><net_sink comp="1803" pin=0"/></net>

<net id="1807"><net_src comp="1803" pin="1"/><net_sink comp="538" pin=0"/></net>

<net id="1811"><net_src comp="1279" pin="3"/><net_sink comp="1808" pin=0"/></net>

<net id="1812"><net_src comp="1808" pin="1"/><net_sink comp="548" pin=0"/></net>

<net id="1816"><net_src comp="1287" pin="4"/><net_sink comp="1813" pin=0"/></net>

<net id="1817"><net_src comp="1813" pin="1"/><net_sink comp="1305" pin=1"/></net>

<net id="1821"><net_src comp="1296" pin="4"/><net_sink comp="1818" pin=0"/></net>

<net id="1822"><net_src comp="1818" pin="1"/><net_sink comp="1341" pin=1"/></net>

<net id="1823"><net_src comp="1818" pin="1"/><net_sink comp="1348" pin=1"/></net>

<net id="1827"><net_src comp="1321" pin="4"/><net_sink comp="1824" pin=0"/></net>

<net id="1828"><net_src comp="1824" pin="1"/><net_sink comp="1331" pin=0"/></net>

<net id="1832"><net_src comp="1334" pin="2"/><net_sink comp="1829" pin=0"/></net>

<net id="1833"><net_src comp="1829" pin="1"/><net_sink comp="391" pin=1"/></net>

<net id="1834"><net_src comp="1829" pin="1"/><net_sink comp="398" pin=1"/></net>

<net id="1838"><net_src comp="1359" pin="2"/><net_sink comp="1835" pin=0"/></net>

<net id="1839"><net_src comp="1835" pin="1"/><net_sink comp="391" pin=3"/></net>

<net id="1843"><net_src comp="1365" pin="4"/><net_sink comp="1840" pin=0"/></net>

<net id="1844"><net_src comp="1840" pin="1"/><net_sink comp="391" pin=2"/></net>

<net id="1848"><net_src comp="1406" pin="4"/><net_sink comp="1845" pin=0"/></net>

<net id="1849"><net_src comp="1845" pin="1"/><net_sink comp="1420" pin=0"/></net>

<net id="1853"><net_src comp="1416" pin="1"/><net_sink comp="1850" pin=0"/></net>

<net id="1854"><net_src comp="1850" pin="1"/><net_sink comp="1430" pin=1"/></net>

<net id="1855"><net_src comp="1850" pin="1"/><net_sink comp="1437" pin=1"/></net>

<net id="1859"><net_src comp="1423" pin="2"/><net_sink comp="1856" pin=0"/></net>

<net id="1860"><net_src comp="1856" pin="1"/><net_sink comp="391" pin=1"/></net>

<net id="1861"><net_src comp="1856" pin="1"/><net_sink comp="398" pin=1"/></net>

<net id="1865"><net_src comp="1448" pin="2"/><net_sink comp="1862" pin=0"/></net>

<net id="1866"><net_src comp="1862" pin="1"/><net_sink comp="391" pin=3"/></net>

<net id="1870"><net_src comp="1454" pin="4"/><net_sink comp="1867" pin=0"/></net>

<net id="1871"><net_src comp="1867" pin="1"/><net_sink comp="391" pin=2"/></net>

<net id="1875"><net_src comp="1463" pin="2"/><net_sink comp="1872" pin=0"/></net>

<net id="1876"><net_src comp="1872" pin="1"/><net_sink comp="1479" pin=1"/></net>

<net id="1877"><net_src comp="1872" pin="1"/><net_sink comp="1515" pin=0"/></net>

<net id="1974"><net_src comp="1471" pin="3"/><net_sink comp="1971" pin=0"/></net>

<net id="1975"><net_src comp="1971" pin="1"/><net_sink comp="590" pin=62"/></net>

<net id="1979"><net_src comp="1505" pin="4"/><net_sink comp="1976" pin=0"/></net>

<net id="1980"><net_src comp="1976" pin="1"/><net_sink comp="1522" pin=0"/></net>

<net id="1984"><net_src comp="1515" pin="1"/><net_sink comp="1981" pin=0"/></net>

<net id="1985"><net_src comp="1981" pin="1"/><net_sink comp="1532" pin=1"/></net>

<net id="1986"><net_src comp="1981" pin="1"/><net_sink comp="1539" pin=1"/></net>

<net id="1990"><net_src comp="1525" pin="2"/><net_sink comp="1987" pin=0"/></net>

<net id="1991"><net_src comp="1987" pin="1"/><net_sink comp="391" pin=1"/></net>

<net id="1992"><net_src comp="1987" pin="1"/><net_sink comp="398" pin=1"/></net>

<net id="1996"><net_src comp="1550" pin="2"/><net_sink comp="1993" pin=0"/></net>

<net id="1997"><net_src comp="1993" pin="1"/><net_sink comp="391" pin=3"/></net>

<net id="2001"><net_src comp="1556" pin="4"/><net_sink comp="1998" pin=0"/></net>

<net id="2002"><net_src comp="1998" pin="1"/><net_sink comp="391" pin=2"/></net>

</net_list>

</model> 
---------------- Datapath Model END ------------------

* FSMD analyzer results:
  - Output states:
	Port: gmem | {15 16 17 18 19 20 21 22 23 24 26 27 28 29 30 31 32 }
 - Input state : 
	Port: softmax_accel : gmem | {1 2 15 16 }
	Port: softmax_accel : mem | {1 }
	Port: softmax_accel : input_base | {1 }
	Port: softmax_accel : prob_base | {1 }
	Port: softmax_accel : dbg_base | {1 }
	Port: softmax_accel : n | {1 }
	Port: softmax_accel : RECIP_M_Q30 | {7 8 11 }
	Port: softmax_accel : RECIP_B_Q30 | {7 8 11 }
  - Chain level:
	State 1
		br_ln457 : 1
		select_ln458 : 1
		store_ln472 : 1
		max_x : 2
	State 2
	State 3
	State 4
	State 5
		icmp_ln477 : 1
		sum_q16 : 1
		sum_q16_2 : 2
	State 6
		zext_ln462 : 1
		br_ln95 : 1
		br_ln100 : 1
		br_ln100 : 1
		br_ln100 : 1
		br_ln100 : 1
		br_ln100 : 1
		br_ln100 : 1
		br_ln100 : 1
		br_ln100 : 1
		br_ln100 : 1
		br_ln100 : 1
		br_ln100 : 1
		br_ln100 : 1
		br_ln100 : 1
		br_ln100 : 1
		br_ln100 : 1
		br_ln100 : 1
		br_ln100 : 1
		br_ln100 : 1
		br_ln100 : 1
		br_ln100 : 1
		br_ln100 : 1
		br_ln100 : 1
		br_ln100 : 1
		br_ln100 : 1
		br_ln100 : 1
		br_ln100 : 1
		br_ln100 : 1
		br_ln100 : 1
		br_ln100 : 1
		br_ln100 : 1
		br_ln100 : 1
		xor_ln100 : 1
		select_ln100 : 1
	State 7
		tmp_34 : 1
		sub_ln107 : 1
		sext_ln107 : 2
		shl_ln107 : 3
		br_ln107 : 2
		x_q1_15 : 4
		seg : 4
		zext_ln114 : 5
		RECIP_M_Q30_addr : 6
		m : 7
		RECIP_B_Q30_addr : 6
		b : 7
		add_ln108 : 1
		zext_ln108 : 2
		lshr_ln108 : 3
		trunc_ln108 : 4
		lshr_ln : 4
		zext_ln114_1 : 5
		RECIP_M_Q30_addr_1 : 6
		RECIP_M_Q30_load : 7
		RECIP_B_Q30_addr_1 : 6
		RECIP_B_Q30_load : 7
	State 8
	State 9
		mx : 1
		trunc_ln4 : 2
	State 10
		inv_x_q30 : 1
		sext_ln121 : 2
		zext_ln123 : 1
		shl_ln123 : 3
	State 11
	State 12
		mul_ln117 : 1
		trunc_ln118_1 : 2
	State 13
		add_ln118 : 1
		zext_ln122 : 1
		inv_sum_1 : 2
		sext_ln121_1 : 3
	State 14
		trunc_ln121 : 1
		tmp_35 : 1
		inv_sum_3 : 2
		tmp_36 : 3
		icmp_ln126 : 4
		trunc_ln127 : 3
		inv_sum_q30 : 5
	State 15
		call_ln480 : 1
	State 16
		zext_ln186 : 1
		add_ln186 : 2
		trunc_ln9 : 3
	State 17
		gmem_addr : 1
		zext_ln179 : 1
		shl_ln179 : 2
		line : 1
		gmem_addr_req : 2
		tmp_3 : 1
		shl_ln : 2
		zext_ln186_1 : 3
		add_ln186_1 : 4
		trunc_ln186_1 : 5
		trunc_ln179 : 1
	State 18
		gmem_addr_1 : 1
		zext_ln179_1 : 1
		shl_ln179_3 : 2
		line_9 : 1
		gmem_addr_2_req : 2
	State 19
	State 20
	State 21
	State 22
	State 23
	State 24
		br_ln435 : 1
		br_ln435 : 1
		br_ln435 : 1
		br_ln435 : 1
		br_ln435 : 1
		br_ln435 : 1
		br_ln435 : 1
		br_ln435 : 1
		br_ln435 : 1
		br_ln435 : 1
		br_ln435 : 1
		br_ln435 : 1
		br_ln435 : 1
		br_ln435 : 1
		br_ln435 : 1
		br_ln435 : 1
		br_ln435 : 1
		br_ln435 : 1
		br_ln435 : 1
		br_ln435 : 1
		br_ln435 : 1
		br_ln435 : 1
		br_ln435 : 1
		br_ln435 : 1
		br_ln435 : 1
		br_ln435 : 1
		br_ln435 : 1
		br_ln435 : 1
		br_ln435 : 1
		br_ln435 : 1
		br_ln435 : 1
		select_ln435 : 1
	State 25
		shl_ln186_1 : 1
		zext_ln186_2 : 2
		add_ln186_2 : 3
		trunc_ln186_2 : 4
	State 26
		sext_ln182 : 1
		gmem_addr_2 : 1
		zext_ln179_2 : 1
		shl_ln179_4 : 2
		line_10 : 2
		gmem_addr_3_req : 2
	State 27
	State 28
	State 29
	State 30
	State 31
	State 32


============================================================
+ Verbose Summary: Datapath Resource usage 
============================================================

* Functional unit list:
|----------|-------------------------------------|---------|---------|---------|---------|
| Operation|           Functional Unit           |   DSP   |  Delay  |    FF   |   LUT   |
|----------|-------------------------------------|---------|---------|---------|---------|
|          | grp_load_logits_and_find_max_fu_687 |    0    |  4.764  |   842   |   615   |
|   call   |    grp_generate_exp_buffer_fu_705   |    4    |  15.88  |   1717  |   3644  |
|          |    grp_normalize_and_store_fu_720   |    16   |  23.82  |   1665  |   1212  |
|----------|-------------------------------------|---------|---------|---------|---------|
|          |             line_fu_1365            |    0    |    0    |    0    |   143   |
|  partset |            line_9_fu_1454           |    0    |    0    |    0    |   143   |
|          |           line_10_fu_1556           |    0    |    0    |    0    |   143   |
|----------|-------------------------------------|---------|---------|---------|---------|
|          |          add_ln108_fu_1128          |    0    |    0    |    0    |    13   |
|          |          inv_x_q30_fu_1176          |    0    |    0    |    0    |    39   |
|          |          add_ln118_fu_1215          |    0    |    0    |    0    |    39   |
|    add   |          add_ln186_fu_1316          |    0    |    0    |    0    |    71   |
|          |          add_ln483_fu_1374          |    0    |    0    |    0    |    37   |
|          |         add_ln186_1_fu_1401         |    0    |    0    |    0    |    71   |
|          |          add_ln484_fu_1463          |    0    |    0    |    0    |    37   |
|          |         add_ln186_2_fu_1500         |    0    |    0    |    0    |    71   |
|----------|-------------------------------------|---------|---------|---------|---------|
|          |          shl_ln107_fu_1103          |    0    |    0    |    0    |   100   |
|          |          shl_ln123_fu_1196          |    0    |    0    |    0    |   100   |
|    shl   |          shl_ln179_fu_1359          |    0    |    0    |    0    |    11   |
|          |         shl_ln179_3_fu_1448         |    0    |    0    |    0    |    11   |
|          |         shl_ln179_4_fu_1550         |    0    |    0    |    0    |    11   |
|----------|-------------------------------------|---------|---------|---------|---------|
|          |          icmp_ln457_fu_982          |    0    |    0    |    0    |    39   |
|          |          icmp_ln458_fu_988          |    0    |    0    |    0    |    39   |
|   icmp   |          icmp_ln477_fu_1032         |    0    |    0    |    0    |    47   |
|          |          icmp_ln95_fu_1063          |    0    |    0    |    0    |    39   |
|          |          icmp_ln126_fu_1269         |    0    |    0    |    0    |    23   |
|----------|-------------------------------------|---------|---------|---------|---------|
|          |         select_ln458_fu_994         |    0    |    0    |    0    |    9    |
|          |          sum_q16_2_fu_1042          |    0    |    0    |    0    |    32   |
|  select  |         select_ln100_fu_1077        |    0    |    0    |    0    |    5    |
|          |          inv_sum_3_fu_1251          |    0    |    0    |    0    |    47   |
|          |         inv_sum_q30_fu_1279         |    0    |    0    |    0    |    31   |
|          |         select_ln435_fu_1471        |    0    |    0    |    0    |    5    |
|----------|-------------------------------------|---------|---------|---------|---------|
|   lshr   |          lshr_ln108_fu_1138         |    0    |    0    |    0    |   100   |
|----------|-------------------------------------|---------|---------|---------|---------|
|   ashr   |          inv_sum_1_fu_1229          |    0    |    0    |    0    |   100   |
|----------|-------------------------------------|---------|---------|---------|---------|
|    sub   |          sub_ln107_fu_1093          |    0    |    0    |    0    |    13   |
|          |          sub_ln123_fu_1186          |    0    |    0    |    0    |    13   |
|----------|-------------------------------------|---------|---------|---------|---------|
|    mul   |              grp_fu_735             |    2    |    0    |    0    |    23   |
|----------|-------------------------------------|---------|---------|---------|---------|
|    xor   |          xor_ln100_fu_1071          |    0    |    0    |    0    |    2    |
|----------|-------------------------------------|---------|---------|---------|---------|
|          |          n_read_read_fu_312         |    0    |    0    |    0    |    0    |
|          |      dbg_base_read_read_fu_318      |    0    |    0    |    0    |    0    |
|   read   |      prob_base_read_read_fu_324     |    0    |    0    |    0    |    0    |
|          |     input_base_read_read_fu_330     |    0    |    0    |    0    |    0    |
|          |         mem_read_read_fu_336        |    0    |    0    |    0    |    0    |
|----------|-------------------------------------|---------|---------|---------|---------|
| writereq |         grp_writereq_fu_384         |    0    |    0    |    0    |    0    |
|----------|-------------------------------------|---------|---------|---------|---------|
|   write  |           grp_write_fu_391          |    0    |    0    |    0    |    0    |
|----------|-------------------------------------|---------|---------|---------|---------|
| writeresp|         grp_writeresp_fu_398        |    0    |    0    |    0    |    0    |
|----------|-------------------------------------|---------|---------|---------|---------|
|          |              grp_fu_739             |    0    |    0    |    0    |    0    |
|          |              grp_fu_746             |    0    |    0    |    0    |    0    |
|          |              grp_fu_753             |    0    |    0    |    0    |    0    |
|          |              grp_fu_760             |    0    |    0    |    0    |    0    |
|          |              grp_fu_767             |    0    |    0    |    0    |    0    |
|          |              grp_fu_774             |    0    |    0    |    0    |    0    |
|          |              grp_fu_781             |    0    |    0    |    0    |    0    |
|          |              grp_fu_788             |    0    |    0    |    0    |    0    |
|          |              grp_fu_795             |    0    |    0    |    0    |    0    |
|          |              grp_fu_802             |    0    |    0    |    0    |    0    |
|          |              grp_fu_809             |    0    |    0    |    0    |    0    |
|          |              grp_fu_816             |    0    |    0    |    0    |    0    |
|          |              grp_fu_823             |    0    |    0    |    0    |    0    |
|          |              grp_fu_830             |    0    |    0    |    0    |    0    |
|          |              grp_fu_837             |    0    |    0    |    0    |    0    |
|          |              grp_fu_844             |    0    |    0    |    0    |    0    |
| bitselect|              grp_fu_851             |    0    |    0    |    0    |    0    |
|          |              grp_fu_858             |    0    |    0    |    0    |    0    |
|          |              grp_fu_865             |    0    |    0    |    0    |    0    |
|          |              grp_fu_872             |    0    |    0    |    0    |    0    |
|          |              grp_fu_879             |    0    |    0    |    0    |    0    |
|          |              grp_fu_886             |    0    |    0    |    0    |    0    |
|          |              grp_fu_893             |    0    |    0    |    0    |    0    |
|          |              grp_fu_900             |    0    |    0    |    0    |    0    |
|          |              grp_fu_907             |    0    |    0    |    0    |    0    |
|          |              grp_fu_914             |    0    |    0    |    0    |    0    |
|          |              grp_fu_921             |    0    |    0    |    0    |    0    |
|          |              grp_fu_928             |    0    |    0    |    0    |    0    |
|          |              grp_fu_935             |    0    |    0    |    0    |    0    |
|          |              grp_fu_942             |    0    |    0    |    0    |    0    |
|          |              grp_fu_949             |    0    |    0    |    0    |    0    |
|          |            tmp_34_fu_1085           |    0    |    0    |    0    |    0    |
|          |            tmp_35_fu_1243           |    0    |    0    |    0    |    0    |
|----------|-------------------------------------|---------|---------|---------|---------|
|          |              grp_fu_956             |    0    |    0    |    0    |    0    |
|          |           trunc_ln_fu_1003          |    0    |    0    |    0    |    0    |
|          |          trunc_ln3_fu_1014          |    0    |    0    |    0    |    0    |
|          |            tmp_s_fu_1050            |    0    |    0    |    0    |    0    |
|          |             seg_fu_1112             |    0    |    0    |    0    |    0    |
|          |           lshr_ln_fu_1147           |    0    |    0    |    0    |    0    |
|partselect|            tmp_36_fu_1259           |    0    |    0    |    0    |    0    |
|          |            tmp_1_fu_1287            |    0    |    0    |    0    |    0    |
|          |            tmp_2_fu_1296            |    0    |    0    |    0    |    0    |
|          |          trunc_ln9_fu_1321          |    0    |    0    |    0    |    0    |
|          |            tmp_3_fu_1379            |    0    |    0    |    0    |    0    |
|          |        trunc_ln186_1_fu_1406        |    0    |    0    |    0    |    0    |
|          |            tmp_68_fu_1479           |    0    |    0    |    0    |    0    |
|          |        trunc_ln186_2_fu_1505        |    0    |    0    |    0    |    0    |
|----------|-------------------------------------|---------|---------|---------|---------|
|          |          trunc_ln444_fu_978         |    0    |    0    |    0    |    0    |
|          |           sum_q16_fu_1038           |    0    |    0    |    0    |    0    |
|          |         trunc_ln100_fu_1068         |    0    |    0    |    0    |    0    |
|          |           x_q1_15_fu_1108           |    0    |    0    |    0    |    0    |
|          |         trunc_ln108_fu_1143         |    0    |    0    |    0    |    0    |
|   trunc  |         trunc_ln122_fu_1221         |    0    |    0    |    0    |    0    |
|          |         trunc_ln121_fu_1239         |    0    |    0    |    0    |    0    |
|          |         trunc_ln127_fu_1275         |    0    |    0    |    0    |    0    |
|          |         trunc_ln179_fu_1416         |    0    |    0    |    0    |    0    |
|          |         trunc_ln435_fu_1468         |    0    |    0    |    0    |    0    |
|          |        trunc_ln179_1_fu_1515        |    0    |    0    |    0    |    0    |
|----------|-------------------------------------|---------|---------|---------|---------|
|          |          zext_ln462_fu_1059         |    0    |    0    |    0    |    0    |
|          |          zext_ln114_fu_1122         |    0    |    0    |    0    |    0    |
|          |          zext_ln108_fu_1134         |    0    |    0    |    0    |    0    |
|          |         zext_ln114_1_fu_1157        |    0    |    0    |    0    |    0    |
|          |          zext_ln117_fu_1168         |    0    |    0    |    0    |    0    |
|          |            b_cast_fu_1172           |    0    |    0    |    0    |    0    |
|          |          zext_ln123_fu_1192         |    0    |    0    |    0    |    0    |
|   zext   |         zext_ln117_1_fu_1207        |    0    |    0    |    0    |    0    |
|          |    RECIP_B_Q30_load_cast_fu_1211    |    0    |    0    |    0    |    0    |
|          |          zext_ln122_fu_1225         |    0    |    0    |    0    |    0    |
|          |          zext_ln186_fu_1312         |    0    |    0    |    0    |    0    |
|          |          zext_ln179_fu_1355         |    0    |    0    |    0    |    0    |
|          |         zext_ln186_1_fu_1397        |    0    |    0    |    0    |    0    |
|          |         zext_ln179_1_fu_1444        |    0    |    0    |    0    |    0    |
|          |         zext_ln186_2_fu_1496        |    0    |    0    |    0    |    0    |
|          |         zext_ln179_2_fu_1546        |    0    |    0    |    0    |    0    |
|----------|-------------------------------------|---------|---------|---------|---------|
|          |          sext_ln107_fu_1099         |    0    |    0    |    0    |    0    |
|          |          sext_ln117_fu_1163         |    0    |    0    |    0    |    0    |
|          |          sext_ln121_fu_1182         |    0    |    0    |    0    |    0    |
|          |         sext_ln117_1_fu_1202        |    0    |    0    |    0    |    0    |
|   sext   |         sext_ln121_1_fu_1235        |    0    |    0    |    0    |    0    |
|          |          sext_ln186_fu_1331         |    0    |    0    |    0    |    0    |
|          |         sext_ln186_1_fu_1420        |    0    |    0    |    0    |    0    |
|          |          sext_ln182_fu_1518         |    0    |    0    |    0    |    0    |
|          |         sext_ln186_2_fu_1522        |    0    |    0    |    0    |    0    |
|----------|-------------------------------------|---------|---------|---------|---------|
|          |            and_ln_fu_1305           |    0    |    0    |    0    |    0    |
|          |           and_ln1_fu_1341           |    0    |    0    |    0    |    0    |
|          |            tmp_37_fu_1348           |    0    |    0    |    0    |    0    |
|          |            shl_ln_fu_1389           |    0    |    0    |    0    |    0    |
|bitconcatenate|         shl_ln179_1_fu_1430         |    0    |    0    |    0    |    0    |
|          |            tmp_38_fu_1437           |    0    |    0    |    0    |    0    |
|          |         shl_ln186_1_fu_1488         |    0    |    0    |    0    |    0    |
|          |         shl_ln179_2_fu_1532         |    0    |    0    |    0    |    0    |
|          |            tmp_71_fu_1539           |    0    |    0    |    0    |    0    |
|----------|-------------------------------------|---------|---------|---------|---------|
|   Total  |                                     |    22   |  44.464 |   4224  |   7078  |
|----------|-------------------------------------|---------|---------|---------|---------|

Memories:
+------------+--------+--------+--------+
|            |  BRAM  |   FF   |   LUT  |
+------------+--------+--------+--------+
| RECIP_B_Q30|    0   |   31   |    8   |
| RECIP_M_Q30|    0   |   31   |    8   |
|   exp_buf  |    1   |    0   |    0   |
|  exp_buf_1 |    1   |    0   |    0   |
|  exp_buf_2 |    1   |    0   |    0   |
|  exp_buf_3 |    1   |    0   |    0   |
| logits_buf |    1   |    0   |    0   |
|logits_buf_1|    1   |    0   |    0   |
|logits_buf_2|    1   |    0   |    0   |
|logits_buf_3|    1   |    0   |    0   |
+------------+--------+--------+--------+
|    Total   |    8   |   62   |   16   |
+------------+--------+--------+--------+

* Register list:
+---------------------------+--------+
|                           |   FF   |
+---------------------------+--------+
|RECIP_B_Q30_addr_1_reg_1793|    4   |
| RECIP_B_Q30_addr_reg_1778 |    4   |
|RECIP_M_Q30_addr_1_reg_1788|    4   |
| RECIP_M_Q30_addr_reg_1773 |    4   |
|     add_ln484_reg_1872    |   31   |
|   dbg_base_read_reg_1566  |   32   |
|    gmem_addr_1_reg_1856   |   128  |
|    gmem_addr_2_reg_1987   |   128  |
|     gmem_addr_reg_1829    |   128  |
|    icmp_ln457_reg_1589    |    1   |
|     icmp_ln95_reg_1663    |    1   |
|     inv_sum_2_reg_535     |   48   |
|   inv_sum_q30_1_reg_544   |   31   |
|    inv_sum_q30_reg_1808   |   31   |
|      line_10_reg_1998     |   128  |
|      line_9_reg_1867      |   128  |
|       line_reg_1840       |   128  |
|       max_x_reg_1610      |   32   |
|     mem_read_reg_1573     |   64   |
|        msb_reg_403        |    5   |
|          reg_966          |   31   |
|          reg_970          |   31   |
|          reg_974          |   32   |
|   select_ln100_reg_1760   |    5   |
|   select_ln435_reg_1971   |    5   |
|   select_ln458_reg_1593   |    9   |
|   sext_ln121_1_reg_1803   |   48   |
|     shl_ln123_reg_1798    |   48   |
|    shl_ln179_3_reg_1862   |   16   |
|    shl_ln179_4_reg_1993   |   16   |
|     shl_ln179_reg_1835    |   16   |
|       sum64_reg_1582      |   40   |
|     sum_q16_2_reg_1616    |   32   |
|       tmp_1_reg_1813      |   28   |
|       tmp_2_reg_1818      |    2   |
|    trunc_ln108_reg_1783   |   16   |
|   trunc_ln179_1_reg_1981  |    2   |
|    trunc_ln179_reg_1850   |    2   |
|   trunc_ln186_1_reg_1845  |   60   |
|   trunc_ln186_2_reg_1976  |   60   |
|     trunc_ln3_reg_1605    |   28   |
|     trunc_ln9_reg_1824    |   60   |
|     trunc_ln_reg_1600     |   28   |
|       word_5_reg_556      |    5   |
|      x_q1_15_reg_1768     |   16   |
|    zext_ln462_reg_1657    |   31   |
+---------------------------+--------+
|           Total           |  1727  |
+---------------------------+--------+

* Multiplexer (MUX) list: 
|-------------------------------------|------|------|------|--------||---------||---------||---------|
|                 Comp                |  Pin | Size |  BW  | S x BW ||  Delay  ||    FF   ||   LUT   |
|-------------------------------------|------|------|------|--------||---------||---------||---------|
|          grp_access_fu_349          |  p0  |   4  |   4  |   16   ||    0    ||    20   |
|          grp_access_fu_362          |  p0  |   4  |   4  |   16   ||    0    ||    20   |
|         grp_writereq_fu_384         |  p1  |   3  |  128 |   384  ||    0    ||    14   |
|           grp_write_fu_391          |  p1  |   3  |  128 |   384  ||    0    ||    14   |
|           grp_write_fu_391          |  p2  |   3  |  128 |   384  ||    0    ||    14   |
|           grp_write_fu_391          |  p3  |   3  |  16  |   48   ||    0    ||    14   |
|         grp_writeresp_fu_398        |  p1  |   3  |  128 |   384  ||    0    ||    14   |
|             msb_reg_403             |  p0  |  32  |   5  |   160  ||    0    ||    65   |
|        inv_sum_q30_1_reg_544        |  p0  |   2  |  31  |   62   ||    0    ||    9    |
|            word_5_reg_556           |  p0  |  31  |   5  |   155  ||    0    ||    59   |
| grp_load_logits_and_find_max_fu_687 |  p2  |   2  |  64  |   128  ||    0    ||    9    |
| grp_load_logits_and_find_max_fu_687 |  p3  |   2  |  28  |   56   ||    0    ||    9    |
| grp_load_logits_and_find_max_fu_687 |  p4  |   2  |   9  |   18   ||    0    ||    9    |
|              grp_fu_735             |  p0  |   2  |  31  |   62   ||    0    ||    9    |
|              grp_fu_735             |  p1  |   2  |  16  |   32   ||    0    ||    9    |
|-------------------------------------|------|------|------|--------||---------||---------||---------|
|                Total                |      |      |      |  2289  || 28.1277 ||    0    ||   288   |
|-------------------------------------|------|------|------|--------||---------||---------||---------|



* Summary:
+-----------+--------+--------+--------+--------+--------+
|           |  BRAM  |   DSP  |  Delay |   FF   |   LUT  |
+-----------+--------+--------+--------+--------+--------+
|  Function |    -   |   22   |   44   |  4224  |  7078  |
|   Memory  |    8   |    -   |    -   |   62   |   16   |
|Multiplexer|    -   |    -   |   28   |    0   |   288  |
|  Register |    -   |    -   |    -   |  1727  |    -   |
+-----------+--------+--------+--------+--------+--------+
|   Total   |    8   |   22   |   72   |  6013  |  7382  |
+-----------+--------+--------+--------+--------+--------+
