Copyright 1986-2022 Xilinx, Inc. All Rights Reserved. Copyright 2022-2025 Advanced Micro Devices, Inc. All Rights Reserved.
------------------------------------------------------------------------------------------------------------------------------------------------------------------------------------------------------------------------------------------------
| Tool Version : Vivado v.2025.1 (lin64) Build 6140274 Wed May 21 22:58:25 MDT 2025
| Date         : Wed Feb 25 17:33:49 2026
| Host         : gondor running 64-bit Ubuntu 24.04.3 LTS
| Command      : report_timing_summary -max_paths 10 -routable_nets -report_unconstrained -file bd_0_wrapper_timing_summary_routed.rpt -pb bd_0_wrapper_timing_summary_routed.pb -rpx bd_0_wrapper_timing_summary_routed.rpx -warn_on_violation
| Design       : bd_0_wrapper
| Device       : 7z020-clg400
| Speed File   : -1  PRODUCTION 1.12 2019-11-22
| Design State : Routed
------------------------------------------------------------------------------------------------------------------------------------------------------------------------------------------------------------------------------------------------

Timing Summary Report

------------------------------------------------------------------------------------------------
| Timer Settings
| --------------
------------------------------------------------------------------------------------------------

  Enable Multi Corner Analysis               :  Yes
  Enable Pessimism Removal                   :  Yes
  Pessimism Removal Resolution               :  Nearest Common Node
  Enable Input Delay Default Clock           :  No
  Enable Preset / Clear Arcs                 :  No
  Disable Flight Delays                      :  No
  Ignore I/O Paths                           :  No
  Timing Early Launch at Borrowing Latches   :  No
  Borrow Time for Max Delay Exceptions       :  Yes
  Merge Timing Exceptions                    :  Yes
  Inter-SLR Compensation                     :  Conservative

  Corner  Analyze    Analyze    
  Name    Max Paths  Min Paths  
  ------  ---------  ---------  
  Slow    Yes        Yes        
  Fast    Yes        Yes        


------------------------------------------------------------------------------------------------
| Report Methodology
| ------------------
------------------------------------------------------------------------------------------------

Rule       Severity  Description                    Violations  
---------  --------  -----------------------------  ----------  
TIMING-18  Warning   Missing input or output delay  87          

Note: This report is based on the most recent report_methodology run and may not be up-to-date. Run report_methodology on the current design for the latest report.



check_timing report

Table of Contents
-----------------
1. checking no_clock (0)
2. checking constant_clock (0)
3. checking pulse_width_clock (0)
4. checking unconstrained_internal_endpoints (0)
5. checking no_input_delay (34)
6. checking no_output_delay (53)
7. checking multiple_clock (0)
8. checking generated_clocks (0)
9. checking loops (0)
10. checking partial_input_delay (0)
11. checking partial_output_delay (0)
12. checking latch_loops (0)

1. checking no_clock (0)
------------------------
 There are 0 register/latch pins with no clock.


2. checking constant_clock (0)
------------------------------
 There are 0 register/latch pins with constant_clock.


3. checking pulse_width_clock (0)
---------------------------------
 There are 0 register/latch pins which need pulse_width check


4. checking unconstrained_internal_endpoints (0)
------------------------------------------------
 There are 0 pins that are not constrained for maximum delay.

 There are 0 pins that are not constrained for maximum delay due to constant clock.


5. checking no_input_delay (34)
-------------------------------
 There are 34 input ports with no input delay specified. (HIGH)

 There are 0 input ports with no input delay but user has a false path constraint.


6. checking no_output_delay (53)
--------------------------------
 There are 53 ports with no output delay specified. (HIGH)

 There are 0 ports with no output delay but user has a false path constraint

 There are 0 ports with no output delay but with a timing clock defined on it or propagating through it


7. checking multiple_clock (0)
------------------------------
 There are 0 register/latch pins with multiple clocks.


8. checking generated_clocks (0)
--------------------------------
 There are 0 generated clocks that are not connected to a clock source.


9. checking loops (0)
---------------------
 There are 0 combinational loops in the design.


10. checking partial_input_delay (0)
------------------------------------
 There are 0 input ports with partial input delay specified.


11. checking partial_output_delay (0)
-------------------------------------
 There are 0 ports with partial output delay specified.


12. checking latch_loops (0)
----------------------------
 There are 0 combinational latch loops in the design through latch input



------------------------------------------------------------------------------------------------
| Design Timing Summary
| ---------------------
------------------------------------------------------------------------------------------------

    WNS(ns)      TNS(ns)  TNS Failing Endpoints  TNS Total Endpoints      WHS(ns)      THS(ns)  THS Failing Endpoints  THS Total Endpoints     WPWS(ns)     TPWS(ns)  TPWS Failing Endpoints  TPWS Total Endpoints  
    -------      -------  ---------------------  -------------------      -------      -------  ---------------------  -------------------     --------     --------  ----------------------  --------------------  
     -0.866     -147.825                    294                 4486        0.109        0.000                      0                 4486        4.500        0.000                       0                  1515  


Timing constraints are not met.


------------------------------------------------------------------------------------------------
| Clock Summary
| -------------
------------------------------------------------------------------------------------------------

Clock   Waveform(ns)       Period(ns)      Frequency(MHz)
-----   ------------       ----------      --------------
ap_clk  {0.000 5.000}      10.000          100.000         


------------------------------------------------------------------------------------------------
| Intra Clock Table
| -----------------
------------------------------------------------------------------------------------------------

Clock             WNS(ns)      TNS(ns)  TNS Failing Endpoints  TNS Total Endpoints      WHS(ns)      THS(ns)  THS Failing Endpoints  THS Total Endpoints     WPWS(ns)     TPWS(ns)  TPWS Failing Endpoints  TPWS Total Endpoints  
-----             -------      -------  ---------------------  -------------------      -------      -------  ---------------------  -------------------     --------     --------  ----------------------  --------------------  
ap_clk             -0.866     -147.825                    294                 4486        0.109        0.000                      0                 4486        4.500        0.000                       0                  1515  


------------------------------------------------------------------------------------------------
| Inter Clock Table
| -----------------
------------------------------------------------------------------------------------------------

From Clock    To Clock          WNS(ns)      TNS(ns)  TNS Failing Endpoints  TNS Total Endpoints      WHS(ns)      THS(ns)  THS Failing Endpoints  THS Total Endpoints  
----------    --------          -------      -------  ---------------------  -------------------      -------      -------  ---------------------  -------------------  


------------------------------------------------------------------------------------------------
| Other Path Groups Table
| -----------------------
------------------------------------------------------------------------------------------------

Path Group    From Clock    To Clock          WNS(ns)      TNS(ns)  TNS Failing Endpoints  TNS Total Endpoints      WHS(ns)      THS(ns)  THS Failing Endpoints  THS Total Endpoints  
----------    ----------    --------          -------      -------  ---------------------  -------------------      -------      -------  ---------------------  -------------------  


------------------------------------------------------------------------------------------------
| User Ignored Path Table
| -----------------------
------------------------------------------------------------------------------------------------

Path Group    From Clock    To Clock    
----------    ----------    --------    


------------------------------------------------------------------------------------------------
| Unconstrained Path Table
| ------------------------
------------------------------------------------------------------------------------------------

Path Group    From Clock    To Clock    
----------    ----------    --------    
(none)                                    
(none)        ap_clk                      
(none)                      ap_clk        


------------------------------------------------------------------------------------------------
| Timing Details
| --------------
------------------------------------------------------------------------------------------------


---------------------------------------------------------------------------------------------------
From Clock:  ap_clk
  To Clock:  ap_clk

Setup :          294  Failing Endpoints,  Worst Slack       -0.866ns,  Total Violation     -147.825ns
Hold  :            0  Failing Endpoints,  Worst Slack        0.109ns,  Total Violation        0.000ns
PW    :            0  Failing Endpoints,  Worst Slack        4.500ns,  Total Violation        0.000ns
---------------------------------------------------------------------------------------------------


Max Delay Paths
--------------------------------------------------------------------------------------
Slack (VIOLATED) :        -0.866ns  (required time - arrival time)
  Source:                 bd_0_i/hls_inst/inst/grp_cpu_Pipeline_PROGRAM_LOOP_fu_187/reg_file_46_reg_633_reg[14]/C
                            (rising edge-triggered cell FDRE clocked by ap_clk  {rise@0.000ns fall@5.000ns period=10.000ns})
  Destination:            bd_0_i/hls_inst/inst/grp_cpu_Pipeline_PROGRAM_LOOP_fu_187/mul_32ns_32s_64_2_1_U33/buff0_reg__0/C[36]
                            (rising edge-triggered cell DSP48E1 clocked by ap_clk  {rise@0.000ns fall@5.000ns period=10.000ns})
  Path Group:             ap_clk
  Path Type:              Setup (Max at Slow Process Corner)
  Requirement:            10.000ns  (ap_clk rise@10.000ns - ap_clk rise@0.000ns)
  Data Path Delay:        9.081ns  (logic 4.994ns (54.996%)  route 4.087ns (45.004%))
  Logic Levels:           4  (DSP48E1=1 LUT6=2 MUXF7=1)
  Clock Path Skew:        -0.049ns (DCD - SCD + CPR)
    Destination Clock Delay (DCD):    0.924ns = ( 10.924 - 10.000 ) 
    Source Clock Delay      (SCD):    0.973ns
    Clock Pessimism Removal (CPR):    0.000ns
  Clock Uncertainty:      0.035ns  ((TSJ^2 + TIJ^2)^1/2 + DJ) / 2 + PE
    Total System Jitter     (TSJ):    0.071ns
    Total Input Jitter      (TIJ):    0.000ns
    Discrete Jitter          (DJ):    0.000ns
    Phase Error              (PE):    0.000ns

    Location             Delay type                Incr(ns)  Path(ns)    Netlist Resource(s)
  -------------------------------------------------------------------    -------------------
                         (clock ap_clk rise edge)     0.000     0.000 r  
                                                      0.000     0.000 r  ap_clk (IN)
                         net (fo=1514, unset)         0.973     0.973    bd_0_i/hls_inst/inst/grp_cpu_Pipeline_PROGRAM_LOOP_fu_187/ap_clk
    SLICE_X32Y34         FDRE                                         r  bd_0_i/hls_inst/inst/grp_cpu_Pipeline_PROGRAM_LOOP_fu_187/reg_file_46_reg_633_reg[14]/C
  -------------------------------------------------------------------    -------------------
    SLICE_X32Y34         FDRE (Prop_fdre_C_Q)         0.518     1.491 r  bd_0_i/hls_inst/inst/grp_cpu_Pipeline_PROGRAM_LOOP_fu_187/reg_file_46_reg_633_reg[14]/Q
                         net (fo=2, routed)           1.199     2.690    bd_0_i/hls_inst/inst/grp_cpu_Pipeline_PROGRAM_LOOP_fu_187/mul_32ns_32ns_64_2_1_U32/reg_file_46_reg_633__0[14]
    SLICE_X31Y35         LUT6 (Prop_lut6_I3_O)        0.124     2.814 r  bd_0_i/hls_inst/inst/grp_cpu_Pipeline_PROGRAM_LOOP_fu_187/mul_32ns_32ns_64_2_1_U32/mem_d0[14]_INST_0_i_7/O
                         net (fo=1, routed)           0.000     2.814    bd_0_i/hls_inst/inst/grp_cpu_Pipeline_PROGRAM_LOOP_fu_187/mul_32ns_32ns_64_2_1_U32/mem_d0[14]_INST_0_i_7_n_0
    SLICE_X31Y35         MUXF7 (Prop_muxf7_I0_O)      0.212     3.026 r  bd_0_i/hls_inst/inst/grp_cpu_Pipeline_PROGRAM_LOOP_fu_187/mul_32ns_32ns_64_2_1_U32/mem_d0[14]_INST_0_i_2/O
                         net (fo=1, routed)           1.359     4.385    bd_0_i/hls_inst/inst/grp_cpu_Pipeline_PROGRAM_LOOP_fu_187/mul_32ns_32ns_64_2_1_U32/mem_d0[14]_INST_0_i_2_n_0
    SLICE_X23Y38         LUT6 (Prop_lut6_I1_O)        0.299     4.684 r  bd_0_i/hls_inst/inst/grp_cpu_Pipeline_PROGRAM_LOOP_fu_187/mul_32ns_32ns_64_2_1_U32/mem_d0[14]_INST_0/O
                         net (fo=10, routed)          0.437     5.121    bd_0_i/hls_inst/inst/grp_cpu_Pipeline_PROGRAM_LOOP_fu_187/mul_32ns_32ns_64_2_1_U32/mem_q0[24]_0[14]
    DSP48_X1Y14          DSP48E1 (Prop_dsp48e1_A[14]_P[47])
                                                      3.841     8.962 r  bd_0_i/hls_inst/inst/grp_cpu_Pipeline_PROGRAM_LOOP_fu_187/mul_32ns_32ns_64_2_1_U32/tmp_product__0/P[47]
                         net (fo=36, routed)          1.091    10.054    bd_0_i/hls_inst/inst/grp_cpu_Pipeline_PROGRAM_LOOP_fu_187/mul_32ns_32s_64_2_1_U33/buff0_reg__0_7[30]
    DSP48_X1Y17          DSP48E1                                      r  bd_0_i/hls_inst/inst/grp_cpu_Pipeline_PROGRAM_LOOP_fu_187/mul_32ns_32s_64_2_1_U33/buff0_reg__0/C[36]
  -------------------------------------------------------------------    -------------------

                         (clock ap_clk rise edge)    10.000    10.000 r  
                                                      0.000    10.000 r  ap_clk (IN)
                         net (fo=1514, unset)         0.924    10.924    bd_0_i/hls_inst/inst/grp_cpu_Pipeline_PROGRAM_LOOP_fu_187/mul_32ns_32s_64_2_1_U33/ap_clk
    DSP48_X1Y17          DSP48E1                                      r  bd_0_i/hls_inst/inst/grp_cpu_Pipeline_PROGRAM_LOOP_fu_187/mul_32ns_32s_64_2_1_U33/buff0_reg__0/CLK
                         clock pessimism              0.000    10.924    
                         clock uncertainty           -0.035    10.889    
    DSP48_X1Y17          DSP48E1 (Setup_dsp48e1_CLK_C[36])
                                                     -1.701     9.188    bd_0_i/hls_inst/inst/grp_cpu_Pipeline_PROGRAM_LOOP_fu_187/mul_32ns_32s_64_2_1_U33/buff0_reg__0
  -------------------------------------------------------------------
                         required time                          9.188    
                         arrival time                         -10.054    
  -------------------------------------------------------------------
                         slack                                 -0.866    

Slack (VIOLATED) :        -0.866ns  (required time - arrival time)
  Source:                 bd_0_i/hls_inst/inst/grp_cpu_Pipeline_PROGRAM_LOOP_fu_187/reg_file_46_reg_633_reg[14]/C
                            (rising edge-triggered cell FDRE clocked by ap_clk  {rise@0.000ns fall@5.000ns period=10.000ns})
  Destination:            bd_0_i/hls_inst/inst/grp_cpu_Pipeline_PROGRAM_LOOP_fu_187/mul_32ns_32s_64_2_1_U33/buff0_reg__0/C[38]
                            (rising edge-triggered cell DSP48E1 clocked by ap_clk  {rise@0.000ns fall@5.000ns period=10.000ns})
  Path Group:             ap_clk
  Path Type:              Setup (Max at Slow Process Corner)
  Requirement:            10.000ns  (ap_clk rise@10.000ns - ap_clk rise@0.000ns)
  Data Path Delay:        9.081ns  (logic 4.994ns (54.996%)  route 4.087ns (45.004%))
  Logic Levels:           4  (DSP48E1=1 LUT6=2 MUXF7=1)
  Clock Path Skew:        -0.049ns (DCD - SCD + CPR)
    Destination Clock Delay (DCD):    0.924ns = ( 10.924 - 10.000 ) 
    Source Clock Delay      (SCD):    0.973ns
    Clock Pessimism Removal (CPR):    0.000ns
  Clock Uncertainty:      0.035ns  ((TSJ^2 + TIJ^2)^1/2 + DJ) / 2 + PE
    Total System Jitter     (TSJ):    0.071ns
    Total Input Jitter      (TIJ):    0.000ns
    Discrete Jitter          (DJ):    0.000ns
    Phase Error              (PE):    0.000ns

    Location             Delay type                Incr(ns)  Path(ns)    Netlist Resource(s)
  -------------------------------------------------------------------    -------------------
                         (clock ap_clk rise edge)     0.000     0.000 r  
                                                      0.000     0.000 r  ap_clk (IN)
                         net (fo=1514, unset)         0.973     0.973    bd_0_i/hls_inst/inst/grp_cpu_Pipeline_PROGRAM_LOOP_fu_187/ap_clk
    SLICE_X32Y34         FDRE                                         r  bd_0_i/hls_inst/inst/grp_cpu_Pipeline_PROGRAM_LOOP_fu_187/reg_file_46_reg_633_reg[14]/C
  -------------------------------------------------------------------    -------------------
    SLICE_X32Y34         FDRE (Prop_fdre_C_Q)         0.518     1.491 r  bd_0_i/hls_inst/inst/grp_cpu_Pipeline_PROGRAM_LOOP_fu_187/reg_file_46_reg_633_reg[14]/Q
                         net (fo=2, routed)           1.199     2.690    bd_0_i/hls_inst/inst/grp_cpu_Pipeline_PROGRAM_LOOP_fu_187/mul_32ns_32ns_64_2_1_U32/reg_file_46_reg_633__0[14]
    SLICE_X31Y35         LUT6 (Prop_lut6_I3_O)        0.124     2.814 r  bd_0_i/hls_inst/inst/grp_cpu_Pipeline_PROGRAM_LOOP_fu_187/mul_32ns_32ns_64_2_1_U32/mem_d0[14]_INST_0_i_7/O
                         net (fo=1, routed)           0.000     2.814    bd_0_i/hls_inst/inst/grp_cpu_Pipeline_PROGRAM_LOOP_fu_187/mul_32ns_32ns_64_2_1_U32/mem_d0[14]_INST_0_i_7_n_0
    SLICE_X31Y35         MUXF7 (Prop_muxf7_I0_O)      0.212     3.026 r  bd_0_i/hls_inst/inst/grp_cpu_Pipeline_PROGRAM_LOOP_fu_187/mul_32ns_32ns_64_2_1_U32/mem_d0[14]_INST_0_i_2/O
                         net (fo=1, routed)           1.359     4.385    bd_0_i/hls_inst/inst/grp_cpu_Pipeline_PROGRAM_LOOP_fu_187/mul_32ns_32ns_64_2_1_U32/mem_d0[14]_INST_0_i_2_n_0
    SLICE_X23Y38         LUT6 (Prop_lut6_I1_O)        0.299     4.684 r  bd_0_i/hls_inst/inst/grp_cpu_Pipeline_PROGRAM_LOOP_fu_187/mul_32ns_32ns_64_2_1_U32/mem_d0[14]_INST_0/O
                         net (fo=10, routed)          0.437     5.121    bd_0_i/hls_inst/inst/grp_cpu_Pipeline_PROGRAM_LOOP_fu_187/mul_32ns_32ns_64_2_1_U32/mem_q0[24]_0[14]
    DSP48_X1Y14          DSP48E1 (Prop_dsp48e1_A[14]_P[47])
                                                      3.841     8.962 r  bd_0_i/hls_inst/inst/grp_cpu_Pipeline_PROGRAM_LOOP_fu_187/mul_32ns_32ns_64_2_1_U32/tmp_product__0/P[47]
                         net (fo=36, routed)          1.091    10.054    bd_0_i/hls_inst/inst/grp_cpu_Pipeline_PROGRAM_LOOP_fu_187/mul_32ns_32s_64_2_1_U33/buff0_reg__0_7[30]
    DSP48_X1Y17          DSP48E1                                      r  bd_0_i/hls_inst/inst/grp_cpu_Pipeline_PROGRAM_LOOP_fu_187/mul_32ns_32s_64_2_1_U33/buff0_reg__0/C[38]
  -------------------------------------------------------------------    -------------------

                         (clock ap_clk rise edge)    10.000    10.000 r  
                                                      0.000    10.000 r  ap_clk (IN)
                         net (fo=1514, unset)         0.924    10.924    bd_0_i/hls_inst/inst/grp_cpu_Pipeline_PROGRAM_LOOP_fu_187/mul_32ns_32s_64_2_1_U33/ap_clk
    DSP48_X1Y17          DSP48E1                                      r  bd_0_i/hls_inst/inst/grp_cpu_Pipeline_PROGRAM_LOOP_fu_187/mul_32ns_32s_64_2_1_U33/buff0_reg__0/CLK
                         clock pessimism              0.000    10.924    
                         clock uncertainty           -0.035    10.889    
    DSP48_X1Y17          DSP48E1 (Setup_dsp48e1_CLK_C[38])
                                                     -1.701     9.188    bd_0_i/hls_inst/inst/grp_cpu_Pipeline_PROGRAM_LOOP_fu_187/mul_32ns_32s_64_2_1_U33/buff0_reg__0
  -------------------------------------------------------------------
                         required time                          9.188    
                         arrival time                         -10.054    
  -------------------------------------------------------------------
                         slack                                 -0.866    

Slack (VIOLATED) :        -0.866ns  (required time - arrival time)
  Source:                 bd_0_i/hls_inst/inst/grp_cpu_Pipeline_PROGRAM_LOOP_fu_187/reg_file_46_reg_633_reg[14]/C
                            (rising edge-triggered cell FDRE clocked by ap_clk  {rise@0.000ns fall@5.000ns period=10.000ns})
  Destination:            bd_0_i/hls_inst/inst/grp_cpu_Pipeline_PROGRAM_LOOP_fu_187/mul_32ns_32s_64_2_1_U33/buff0_reg__0/C[45]
                            (rising edge-triggered cell DSP48E1 clocked by ap_clk  {rise@0.000ns fall@5.000ns period=10.000ns})
  Path Group:             ap_clk
  Path Type:              Setup (Max at Slow Process Corner)
  Requirement:            10.000ns  (ap_clk rise@10.000ns - ap_clk rise@0.000ns)
  Data Path Delay:        9.081ns  (logic 4.994ns (54.996%)  route 4.087ns (45.004%))
  Logic Levels:           4  (DSP48E1=1 LUT6=2 MUXF7=1)
  Clock Path Skew:        -0.049ns (DCD - SCD + CPR)
    Destination Clock Delay (DCD):    0.924ns = ( 10.924 - 10.000 ) 
    Source Clock Delay      (SCD):    0.973ns
    Clock Pessimism Removal (CPR):    0.000ns
  Clock Uncertainty:      0.035ns  ((TSJ^2 + TIJ^2)^1/2 + DJ) / 2 + PE
    Total System Jitter     (TSJ):    0.071ns
    Total Input Jitter      (TIJ):    0.000ns
    Discrete Jitter          (DJ):    0.000ns
    Phase Error              (PE):    0.000ns

    Location             Delay type                Incr(ns)  Path(ns)    Netlist Resource(s)
  -------------------------------------------------------------------    -------------------
                         (clock ap_clk rise edge)     0.000     0.000 r  
                                                      0.000     0.000 r  ap_clk (IN)
                         net (fo=1514, unset)         0.973     0.973    bd_0_i/hls_inst/inst/grp_cpu_Pipeline_PROGRAM_LOOP_fu_187/ap_clk
    SLICE_X32Y34         FDRE                                         r  bd_0_i/hls_inst/inst/grp_cpu_Pipeline_PROGRAM_LOOP_fu_187/reg_file_46_reg_633_reg[14]/C
  -------------------------------------------------------------------    -------------------
    SLICE_X32Y34         FDRE (Prop_fdre_C_Q)         0.518     1.491 r  bd_0_i/hls_inst/inst/grp_cpu_Pipeline_PROGRAM_LOOP_fu_187/reg_file_46_reg_633_reg[14]/Q
                         net (fo=2, routed)           1.199     2.690    bd_0_i/hls_inst/inst/grp_cpu_Pipeline_PROGRAM_LOOP_fu_187/mul_32ns_32ns_64_2_1_U32/reg_file_46_reg_633__0[14]
    SLICE_X31Y35         LUT6 (Prop_lut6_I3_O)        0.124     2.814 r  bd_0_i/hls_inst/inst/grp_cpu_Pipeline_PROGRAM_LOOP_fu_187/mul_32ns_32ns_64_2_1_U32/mem_d0[14]_INST_0_i_7/O
                         net (fo=1, routed)           0.000     2.814    bd_0_i/hls_inst/inst/grp_cpu_Pipeline_PROGRAM_LOOP_fu_187/mul_32ns_32ns_64_2_1_U32/mem_d0[14]_INST_0_i_7_n_0
    SLICE_X31Y35         MUXF7 (Prop_muxf7_I0_O)      0.212     3.026 r  bd_0_i/hls_inst/inst/grp_cpu_Pipeline_PROGRAM_LOOP_fu_187/mul_32ns_32ns_64_2_1_U32/mem_d0[14]_INST_0_i_2/O
                         net (fo=1, routed)           1.359     4.385    bd_0_i/hls_inst/inst/grp_cpu_Pipeline_PROGRAM_LOOP_fu_187/mul_32ns_32ns_64_2_1_U32/mem_d0[14]_INST_0_i_2_n_0
    SLICE_X23Y38         LUT6 (Prop_lut6_I1_O)        0.299     4.684 r  bd_0_i/hls_inst/inst/grp_cpu_Pipeline_PROGRAM_LOOP_fu_187/mul_32ns_32ns_64_2_1_U32/mem_d0[14]_INST_0/O
                         net (fo=10, routed)          0.437     5.121    bd_0_i/hls_inst/inst/grp_cpu_Pipeline_PROGRAM_LOOP_fu_187/mul_32ns_32ns_64_2_1_U32/mem_q0[24]_0[14]
    DSP48_X1Y14          DSP48E1 (Prop_dsp48e1_A[14]_P[47])
                                                      3.841     8.962 r  bd_0_i/hls_inst/inst/grp_cpu_Pipeline_PROGRAM_LOOP_fu_187/mul_32ns_32ns_64_2_1_U32/tmp_product__0/P[47]
                         net (fo=36, routed)          1.091    10.054    bd_0_i/hls_inst/inst/grp_cpu_Pipeline_PROGRAM_LOOP_fu_187/mul_32ns_32s_64_2_1_U33/buff0_reg__0_7[30]
    DSP48_X1Y17          DSP48E1                                      r  bd_0_i/hls_inst/inst/grp_cpu_Pipeline_PROGRAM_LOOP_fu_187/mul_32ns_32s_64_2_1_U33/buff0_reg__0/C[45]
  -------------------------------------------------------------------    -------------------

                         (clock ap_clk rise edge)    10.000    10.000 r  
                                                      0.000    10.000 r  ap_clk (IN)
                         net (fo=1514, unset)         0.924    10.924    bd_0_i/hls_inst/inst/grp_cpu_Pipeline_PROGRAM_LOOP_fu_187/mul_32ns_32s_64_2_1_U33/ap_clk
    DSP48_X1Y17          DSP48E1                                      r  bd_0_i/hls_inst/inst/grp_cpu_Pipeline_PROGRAM_LOOP_fu_187/mul_32ns_32s_64_2_1_U33/buff0_reg__0/CLK
                         clock pessimism              0.000    10.924    
                         clock uncertainty           -0.035    10.889    
    DSP48_X1Y17          DSP48E1 (Setup_dsp48e1_CLK_C[45])
                                                     -1.701     9.188    bd_0_i/hls_inst/inst/grp_cpu_Pipeline_PROGRAM_LOOP_fu_187/mul_32ns_32s_64_2_1_U33/buff0_reg__0
  -------------------------------------------------------------------
                         required time                          9.188    
                         arrival time                         -10.054    
  -------------------------------------------------------------------
                         slack                                 -0.866    

Slack (VIOLATED) :        -0.866ns  (required time - arrival time)
  Source:                 bd_0_i/hls_inst/inst/grp_cpu_Pipeline_PROGRAM_LOOP_fu_187/reg_file_46_reg_633_reg[14]/C
                            (rising edge-triggered cell FDRE clocked by ap_clk  {rise@0.000ns fall@5.000ns period=10.000ns})
  Destination:            bd_0_i/hls_inst/inst/grp_cpu_Pipeline_PROGRAM_LOOP_fu_187/mul_32ns_32s_64_2_1_U33/buff0_reg__0/C[46]
                            (rising edge-triggered cell DSP48E1 clocked by ap_clk  {rise@0.000ns fall@5.000ns period=10.000ns})
  Path Group:             ap_clk
  Path Type:              Setup (Max at Slow Process Corner)
  Requirement:            10.000ns  (ap_clk rise@10.000ns - ap_clk rise@0.000ns)
  Data Path Delay:        9.081ns  (logic 4.994ns (54.996%)  route 4.087ns (45.004%))
  Logic Levels:           4  (DSP48E1=1 LUT6=2 MUXF7=1)
  Clock Path Skew:        -0.049ns (DCD - SCD + CPR)
    Destination Clock Delay (DCD):    0.924ns = ( 10.924 - 10.000 ) 
    Source Clock Delay      (SCD):    0.973ns
    Clock Pessimism Removal (CPR):    0.000ns
  Clock Uncertainty:      0.035ns  ((TSJ^2 + TIJ^2)^1/2 + DJ) / 2 + PE
    Total System Jitter     (TSJ):    0.071ns
    Total Input Jitter      (TIJ):    0.000ns
    Discrete Jitter          (DJ):    0.000ns
    Phase Error              (PE):    0.000ns

    Location             Delay type                Incr(ns)  Path(ns)    Netlist Resource(s)
  -------------------------------------------------------------------    -------------------
                         (clock ap_clk rise edge)     0.000     0.000 r  
                                                      0.000     0.000 r  ap_clk (IN)
                         net (fo=1514, unset)         0.973     0.973    bd_0_i/hls_inst/inst/grp_cpu_Pipeline_PROGRAM_LOOP_fu_187/ap_clk
    SLICE_X32Y34         FDRE                                         r  bd_0_i/hls_inst/inst/grp_cpu_Pipeline_PROGRAM_LOOP_fu_187/reg_file_46_reg_633_reg[14]/C
  -------------------------------------------------------------------    -------------------
    SLICE_X32Y34         FDRE (Prop_fdre_C_Q)         0.518     1.491 r  bd_0_i/hls_inst/inst/grp_cpu_Pipeline_PROGRAM_LOOP_fu_187/reg_file_46_reg_633_reg[14]/Q
                         net (fo=2, routed)           1.199     2.690    bd_0_i/hls_inst/inst/grp_cpu_Pipeline_PROGRAM_LOOP_fu_187/mul_32ns_32ns_64_2_1_U32/reg_file_46_reg_633__0[14]
    SLICE_X31Y35         LUT6 (Prop_lut6_I3_O)        0.124     2.814 r  bd_0_i/hls_inst/inst/grp_cpu_Pipeline_PROGRAM_LOOP_fu_187/mul_32ns_32ns_64_2_1_U32/mem_d0[14]_INST_0_i_7/O
                         net (fo=1, routed)           0.000     2.814    bd_0_i/hls_inst/inst/grp_cpu_Pipeline_PROGRAM_LOOP_fu_187/mul_32ns_32ns_64_2_1_U32/mem_d0[14]_INST_0_i_7_n_0
    SLICE_X31Y35         MUXF7 (Prop_muxf7_I0_O)      0.212     3.026 r  bd_0_i/hls_inst/inst/grp_cpu_Pipeline_PROGRAM_LOOP_fu_187/mul_32ns_32ns_64_2_1_U32/mem_d0[14]_INST_0_i_2/O
                         net (fo=1, routed)           1.359     4.385    bd_0_i/hls_inst/inst/grp_cpu_Pipeline_PROGRAM_LOOP_fu_187/mul_32ns_32ns_64_2_1_U32/mem_d0[14]_INST_0_i_2_n_0
    SLICE_X23Y38         LUT6 (Prop_lut6_I1_O)        0.299     4.684 r  bd_0_i/hls_inst/inst/grp_cpu_Pipeline_PROGRAM_LOOP_fu_187/mul_32ns_32ns_64_2_1_U32/mem_d0[14]_INST_0/O
                         net (fo=10, routed)          0.437     5.121    bd_0_i/hls_inst/inst/grp_cpu_Pipeline_PROGRAM_LOOP_fu_187/mul_32ns_32ns_64_2_1_U32/mem_q0[24]_0[14]
    DSP48_X1Y14          DSP48E1 (Prop_dsp48e1_A[14]_P[47])
                                                      3.841     8.962 r  bd_0_i/hls_inst/inst/grp_cpu_Pipeline_PROGRAM_LOOP_fu_187/mul_32ns_32ns_64_2_1_U32/tmp_product__0/P[47]
                         net (fo=36, routed)          1.091    10.054    bd_0_i/hls_inst/inst/grp_cpu_Pipeline_PROGRAM_LOOP_fu_187/mul_32ns_32s_64_2_1_U33/buff0_reg__0_7[30]
    DSP48_X1Y17          DSP48E1                                      r  bd_0_i/hls_inst/inst/grp_cpu_Pipeline_PROGRAM_LOOP_fu_187/mul_32ns_32s_64_2_1_U33/buff0_reg__0/C[46]
  -------------------------------------------------------------------    -------------------

                         (clock ap_clk rise edge)    10.000    10.000 r  
                                                      0.000    10.000 r  ap_clk (IN)
                         net (fo=1514, unset)         0.924    10.924    bd_0_i/hls_inst/inst/grp_cpu_Pipeline_PROGRAM_LOOP_fu_187/mul_32ns_32s_64_2_1_U33/ap_clk
    DSP48_X1Y17          DSP48E1                                      r  bd_0_i/hls_inst/inst/grp_cpu_Pipeline_PROGRAM_LOOP_fu_187/mul_32ns_32s_64_2_1_U33/buff0_reg__0/CLK
                         clock pessimism              0.000    10.924    
                         clock uncertainty           -0.035    10.889    
    DSP48_X1Y17          DSP48E1 (Setup_dsp48e1_CLK_C[46])
                                                     -1.701     9.188    bd_0_i/hls_inst/inst/grp_cpu_Pipeline_PROGRAM_LOOP_fu_187/mul_32ns_32s_64_2_1_U33/buff0_reg__0
  -------------------------------------------------------------------
                         required time                          9.188    
                         arrival time                         -10.054    
  -------------------------------------------------------------------
                         slack                                 -0.866    

Slack (VIOLATED) :        -0.839ns  (required time - arrival time)
  Source:                 bd_0_i/hls_inst/inst/grp_cpu_Pipeline_PROGRAM_LOOP_fu_187/reg_file_46_reg_633_reg[14]/C
                            (rising edge-triggered cell FDRE clocked by ap_clk  {rise@0.000ns fall@5.000ns period=10.000ns})
  Destination:            bd_0_i/hls_inst/inst/grp_cpu_Pipeline_PROGRAM_LOOP_fu_187/mul_32ns_32s_64_2_1_U33/buff0_reg__0/C[26]
                            (rising edge-triggered cell DSP48E1 clocked by ap_clk  {rise@0.000ns fall@5.000ns period=10.000ns})
  Path Group:             ap_clk
  Path Type:              Setup (Max at Slow Process Corner)
  Requirement:            10.000ns  (ap_clk rise@10.000ns - ap_clk rise@0.000ns)
  Data Path Delay:        9.054ns  (logic 4.994ns (55.159%)  route 4.060ns (44.841%))
  Logic Levels:           4  (DSP48E1=1 LUT6=2 MUXF7=1)
  Clock Path Skew:        -0.049ns (DCD - SCD + CPR)
    Destination Clock Delay (DCD):    0.924ns = ( 10.924 - 10.000 ) 
    Source Clock Delay      (SCD):    0.973ns
    Clock Pessimism Removal (CPR):    0.000ns
  Clock Uncertainty:      0.035ns  ((TSJ^2 + TIJ^2)^1/2 + DJ) / 2 + PE
    Total System Jitter     (TSJ):    0.071ns
    Total Input Jitter      (TIJ):    0.000ns
    Discrete Jitter          (DJ):    0.000ns
    Phase Error              (PE):    0.000ns

    Location             Delay type                Incr(ns)  Path(ns)    Netlist Resource(s)
  -------------------------------------------------------------------    -------------------
                         (clock ap_clk rise edge)     0.000     0.000 r  
                                                      0.000     0.000 r  ap_clk (IN)
                         net (fo=1514, unset)         0.973     0.973    bd_0_i/hls_inst/inst/grp_cpu_Pipeline_PROGRAM_LOOP_fu_187/ap_clk
    SLICE_X32Y34         FDRE                                         r  bd_0_i/hls_inst/inst/grp_cpu_Pipeline_PROGRAM_LOOP_fu_187/reg_file_46_reg_633_reg[14]/C
  -------------------------------------------------------------------    -------------------
    SLICE_X32Y34         FDRE (Prop_fdre_C_Q)         0.518     1.491 r  bd_0_i/hls_inst/inst/grp_cpu_Pipeline_PROGRAM_LOOP_fu_187/reg_file_46_reg_633_reg[14]/Q
                         net (fo=2, routed)           1.199     2.690    bd_0_i/hls_inst/inst/grp_cpu_Pipeline_PROGRAM_LOOP_fu_187/mul_32ns_32ns_64_2_1_U32/reg_file_46_reg_633__0[14]
    SLICE_X31Y35         LUT6 (Prop_lut6_I3_O)        0.124     2.814 r  bd_0_i/hls_inst/inst/grp_cpu_Pipeline_PROGRAM_LOOP_fu_187/mul_32ns_32ns_64_2_1_U32/mem_d0[14]_INST_0_i_7/O
                         net (fo=1, routed)           0.000     2.814    bd_0_i/hls_inst/inst/grp_cpu_Pipeline_PROGRAM_LOOP_fu_187/mul_32ns_32ns_64_2_1_U32/mem_d0[14]_INST_0_i_7_n_0
    SLICE_X31Y35         MUXF7 (Prop_muxf7_I0_O)      0.212     3.026 r  bd_0_i/hls_inst/inst/grp_cpu_Pipeline_PROGRAM_LOOP_fu_187/mul_32ns_32ns_64_2_1_U32/mem_d0[14]_INST_0_i_2/O
                         net (fo=1, routed)           1.359     4.385    bd_0_i/hls_inst/inst/grp_cpu_Pipeline_PROGRAM_LOOP_fu_187/mul_32ns_32ns_64_2_1_U32/mem_d0[14]_INST_0_i_2_n_0
    SLICE_X23Y38         LUT6 (Prop_lut6_I1_O)        0.299     4.684 r  bd_0_i/hls_inst/inst/grp_cpu_Pipeline_PROGRAM_LOOP_fu_187/mul_32ns_32ns_64_2_1_U32/mem_d0[14]_INST_0/O
                         net (fo=10, routed)          0.437     5.121    bd_0_i/hls_inst/inst/grp_cpu_Pipeline_PROGRAM_LOOP_fu_187/mul_32ns_32ns_64_2_1_U32/mem_q0[24]_0[14]
    DSP48_X1Y14          DSP48E1 (Prop_dsp48e1_A[14]_P[43])
                                                      3.841     8.962 r  bd_0_i/hls_inst/inst/grp_cpu_Pipeline_PROGRAM_LOOP_fu_187/mul_32ns_32ns_64_2_1_U32/tmp_product__0/P[43]
                         net (fo=2, routed)           1.064    10.027    bd_0_i/hls_inst/inst/grp_cpu_Pipeline_PROGRAM_LOOP_fu_187/mul_32ns_32s_64_2_1_U33/buff0_reg__0_7[26]
    DSP48_X1Y17          DSP48E1                                      r  bd_0_i/hls_inst/inst/grp_cpu_Pipeline_PROGRAM_LOOP_fu_187/mul_32ns_32s_64_2_1_U33/buff0_reg__0/C[26]
  -------------------------------------------------------------------    -------------------

                         (clock ap_clk rise edge)    10.000    10.000 r  
                                                      0.000    10.000 r  ap_clk (IN)
                         net (fo=1514, unset)         0.924    10.924    bd_0_i/hls_inst/inst/grp_cpu_Pipeline_PROGRAM_LOOP_fu_187/mul_32ns_32s_64_2_1_U33/ap_clk
    DSP48_X1Y17          DSP48E1                                      r  bd_0_i/hls_inst/inst/grp_cpu_Pipeline_PROGRAM_LOOP_fu_187/mul_32ns_32s_64_2_1_U33/buff0_reg__0/CLK
                         clock pessimism              0.000    10.924    
                         clock uncertainty           -0.035    10.889    
    DSP48_X1Y17          DSP48E1 (Setup_dsp48e1_CLK_C[26])
                                                     -1.701     9.188    bd_0_i/hls_inst/inst/grp_cpu_Pipeline_PROGRAM_LOOP_fu_187/mul_32ns_32s_64_2_1_U33/buff0_reg__0
  -------------------------------------------------------------------
                         required time                          9.188    
                         arrival time                         -10.027    
  -------------------------------------------------------------------
                         slack                                 -0.839    

Slack (VIOLATED) :        -0.817ns  (required time - arrival time)
  Source:                 bd_0_i/hls_inst/inst/grp_cpu_Pipeline_PROGRAM_LOOP_fu_187/reg_file_46_reg_633_reg[14]/C
                            (rising edge-triggered cell FDRE clocked by ap_clk  {rise@0.000ns fall@5.000ns period=10.000ns})
  Destination:            bd_0_i/hls_inst/inst/grp_cpu_Pipeline_PROGRAM_LOOP_fu_187/mul_32ns_32s_64_2_1_U33/buff0_reg__0/C[33]
                            (rising edge-triggered cell DSP48E1 clocked by ap_clk  {rise@0.000ns fall@5.000ns period=10.000ns})
  Path Group:             ap_clk
  Path Type:              Setup (Max at Slow Process Corner)
  Requirement:            10.000ns  (ap_clk rise@10.000ns - ap_clk rise@0.000ns)
  Data Path Delay:        9.032ns  (logic 4.994ns (55.293%)  route 4.038ns (44.707%))
  Logic Levels:           4  (DSP48E1=1 LUT6=2 MUXF7=1)
  Clock Path Skew:        -0.049ns (DCD - SCD + CPR)
    Destination Clock Delay (DCD):    0.924ns = ( 10.924 - 10.000 ) 
    Source Clock Delay      (SCD):    0.973ns
    Clock Pessimism Removal (CPR):    0.000ns
  Clock Uncertainty:      0.035ns  ((TSJ^2 + TIJ^2)^1/2 + DJ) / 2 + PE
    Total System Jitter     (TSJ):    0.071ns
    Total Input Jitter      (TIJ):    0.000ns
    Discrete Jitter          (DJ):    0.000ns
    Phase Error              (PE):    0.000ns

    Location             Delay type                Incr(ns)  Path(ns)    Netlist Resource(s)
  -------------------------------------------------------------------    -------------------
                         (clock ap_clk rise edge)     0.000     0.000 r  
                                                      0.000     0.000 r  ap_clk (IN)
                         net (fo=1514, unset)         0.973     0.973    bd_0_i/hls_inst/inst/grp_cpu_Pipeline_PROGRAM_LOOP_fu_187/ap_clk
    SLICE_X32Y34         FDRE                                         r  bd_0_i/hls_inst/inst/grp_cpu_Pipeline_PROGRAM_LOOP_fu_187/reg_file_46_reg_633_reg[14]/C
  -------------------------------------------------------------------    -------------------
    SLICE_X32Y34         FDRE (Prop_fdre_C_Q)         0.518     1.491 r  bd_0_i/hls_inst/inst/grp_cpu_Pipeline_PROGRAM_LOOP_fu_187/reg_file_46_reg_633_reg[14]/Q
                         net (fo=2, routed)           1.199     2.690    bd_0_i/hls_inst/inst/grp_cpu_Pipeline_PROGRAM_LOOP_fu_187/mul_32ns_32ns_64_2_1_U32/reg_file_46_reg_633__0[14]
    SLICE_X31Y35         LUT6 (Prop_lut6_I3_O)        0.124     2.814 r  bd_0_i/hls_inst/inst/grp_cpu_Pipeline_PROGRAM_LOOP_fu_187/mul_32ns_32ns_64_2_1_U32/mem_d0[14]_INST_0_i_7/O
                         net (fo=1, routed)           0.000     2.814    bd_0_i/hls_inst/inst/grp_cpu_Pipeline_PROGRAM_LOOP_fu_187/mul_32ns_32ns_64_2_1_U32/mem_d0[14]_INST_0_i_7_n_0
    SLICE_X31Y35         MUXF7 (Prop_muxf7_I0_O)      0.212     3.026 r  bd_0_i/hls_inst/inst/grp_cpu_Pipeline_PROGRAM_LOOP_fu_187/mul_32ns_32ns_64_2_1_U32/mem_d0[14]_INST_0_i_2/O
                         net (fo=1, routed)           1.359     4.385    bd_0_i/hls_inst/inst/grp_cpu_Pipeline_PROGRAM_LOOP_fu_187/mul_32ns_32ns_64_2_1_U32/mem_d0[14]_INST_0_i_2_n_0
    SLICE_X23Y38         LUT6 (Prop_lut6_I1_O)        0.299     4.684 r  bd_0_i/hls_inst/inst/grp_cpu_Pipeline_PROGRAM_LOOP_fu_187/mul_32ns_32ns_64_2_1_U32/mem_d0[14]_INST_0/O
                         net (fo=10, routed)          0.437     5.121    bd_0_i/hls_inst/inst/grp_cpu_Pipeline_PROGRAM_LOOP_fu_187/mul_32ns_32ns_64_2_1_U32/mem_q0[24]_0[14]
    DSP48_X1Y14          DSP48E1 (Prop_dsp48e1_A[14]_P[47])
                                                      3.841     8.962 r  bd_0_i/hls_inst/inst/grp_cpu_Pipeline_PROGRAM_LOOP_fu_187/mul_32ns_32ns_64_2_1_U32/tmp_product__0/P[47]
                         net (fo=36, routed)          1.043    10.005    bd_0_i/hls_inst/inst/grp_cpu_Pipeline_PROGRAM_LOOP_fu_187/mul_32ns_32s_64_2_1_U33/buff0_reg__0_7[30]
    DSP48_X1Y17          DSP48E1                                      r  bd_0_i/hls_inst/inst/grp_cpu_Pipeline_PROGRAM_LOOP_fu_187/mul_32ns_32s_64_2_1_U33/buff0_reg__0/C[33]
  -------------------------------------------------------------------    -------------------

                         (clock ap_clk rise edge)    10.000    10.000 r  
                                                      0.000    10.000 r  ap_clk (IN)
                         net (fo=1514, unset)         0.924    10.924    bd_0_i/hls_inst/inst/grp_cpu_Pipeline_PROGRAM_LOOP_fu_187/mul_32ns_32s_64_2_1_U33/ap_clk
    DSP48_X1Y17          DSP48E1                                      r  bd_0_i/hls_inst/inst/grp_cpu_Pipeline_PROGRAM_LOOP_fu_187/mul_32ns_32s_64_2_1_U33/buff0_reg__0/CLK
                         clock pessimism              0.000    10.924    
                         clock uncertainty           -0.035    10.889    
    DSP48_X1Y17          DSP48E1 (Setup_dsp48e1_CLK_C[33])
                                                     -1.701     9.188    bd_0_i/hls_inst/inst/grp_cpu_Pipeline_PROGRAM_LOOP_fu_187/mul_32ns_32s_64_2_1_U33/buff0_reg__0
  -------------------------------------------------------------------
                         required time                          9.188    
                         arrival time                         -10.005    
  -------------------------------------------------------------------
                         slack                                 -0.817    

Slack (VIOLATED) :        -0.817ns  (required time - arrival time)
  Source:                 bd_0_i/hls_inst/inst/grp_cpu_Pipeline_PROGRAM_LOOP_fu_187/reg_file_46_reg_633_reg[14]/C
                            (rising edge-triggered cell FDRE clocked by ap_clk  {rise@0.000ns fall@5.000ns period=10.000ns})
  Destination:            bd_0_i/hls_inst/inst/grp_cpu_Pipeline_PROGRAM_LOOP_fu_187/mul_32ns_32s_64_2_1_U33/buff0_reg__0/C[34]
                            (rising edge-triggered cell DSP48E1 clocked by ap_clk  {rise@0.000ns fall@5.000ns period=10.000ns})
  Path Group:             ap_clk
  Path Type:              Setup (Max at Slow Process Corner)
  Requirement:            10.000ns  (ap_clk rise@10.000ns - ap_clk rise@0.000ns)
  Data Path Delay:        9.032ns  (logic 4.994ns (55.293%)  route 4.038ns (44.707%))
  Logic Levels:           4  (DSP48E1=1 LUT6=2 MUXF7=1)
  Clock Path Skew:        -0.049ns (DCD - SCD + CPR)
    Destination Clock Delay (DCD):    0.924ns = ( 10.924 - 10.000 ) 
    Source Clock Delay      (SCD):    0.973ns
    Clock Pessimism Removal (CPR):    0.000ns
  Clock Uncertainty:      0.035ns  ((TSJ^2 + TIJ^2)^1/2 + DJ) / 2 + PE
    Total System Jitter     (TSJ):    0.071ns
    Total Input Jitter      (TIJ):    0.000ns
    Discrete Jitter          (DJ):    0.000ns
    Phase Error              (PE):    0.000ns

    Location             Delay type                Incr(ns)  Path(ns)    Netlist Resource(s)
  -------------------------------------------------------------------    -------------------
                         (clock ap_clk rise edge)     0.000     0.000 r  
                                                      0.000     0.000 r  ap_clk (IN)
                         net (fo=1514, unset)         0.973     0.973    bd_0_i/hls_inst/inst/grp_cpu_Pipeline_PROGRAM_LOOP_fu_187/ap_clk
    SLICE_X32Y34         FDRE                                         r  bd_0_i/hls_inst/inst/grp_cpu_Pipeline_PROGRAM_LOOP_fu_187/reg_file_46_reg_633_reg[14]/C
  -------------------------------------------------------------------    -------------------
    SLICE_X32Y34         FDRE (Prop_fdre_C_Q)         0.518     1.491 r  bd_0_i/hls_inst/inst/grp_cpu_Pipeline_PROGRAM_LOOP_fu_187/reg_file_46_reg_633_reg[14]/Q
                         net (fo=2, routed)           1.199     2.690    bd_0_i/hls_inst/inst/grp_cpu_Pipeline_PROGRAM_LOOP_fu_187/mul_32ns_32ns_64_2_1_U32/reg_file_46_reg_633__0[14]
    SLICE_X31Y35         LUT6 (Prop_lut6_I3_O)        0.124     2.814 r  bd_0_i/hls_inst/inst/grp_cpu_Pipeline_PROGRAM_LOOP_fu_187/mul_32ns_32ns_64_2_1_U32/mem_d0[14]_INST_0_i_7/O
                         net (fo=1, routed)           0.000     2.814    bd_0_i/hls_inst/inst/grp_cpu_Pipeline_PROGRAM_LOOP_fu_187/mul_32ns_32ns_64_2_1_U32/mem_d0[14]_INST_0_i_7_n_0
    SLICE_X31Y35         MUXF7 (Prop_muxf7_I0_O)      0.212     3.026 r  bd_0_i/hls_inst/inst/grp_cpu_Pipeline_PROGRAM_LOOP_fu_187/mul_32ns_32ns_64_2_1_U32/mem_d0[14]_INST_0_i_2/O
                         net (fo=1, routed)           1.359     4.385    bd_0_i/hls_inst/inst/grp_cpu_Pipeline_PROGRAM_LOOP_fu_187/mul_32ns_32ns_64_2_1_U32/mem_d0[14]_INST_0_i_2_n_0
    SLICE_X23Y38         LUT6 (Prop_lut6_I1_O)        0.299     4.684 r  bd_0_i/hls_inst/inst/grp_cpu_Pipeline_PROGRAM_LOOP_fu_187/mul_32ns_32ns_64_2_1_U32/mem_d0[14]_INST_0/O
                         net (fo=10, routed)          0.437     5.121    bd_0_i/hls_inst/inst/grp_cpu_Pipeline_PROGRAM_LOOP_fu_187/mul_32ns_32ns_64_2_1_U32/mem_q0[24]_0[14]
    DSP48_X1Y14          DSP48E1 (Prop_dsp48e1_A[14]_P[47])
                                                      3.841     8.962 r  bd_0_i/hls_inst/inst/grp_cpu_Pipeline_PROGRAM_LOOP_fu_187/mul_32ns_32ns_64_2_1_U32/tmp_product__0/P[47]
                         net (fo=36, routed)          1.043    10.005    bd_0_i/hls_inst/inst/grp_cpu_Pipeline_PROGRAM_LOOP_fu_187/mul_32ns_32s_64_2_1_U33/buff0_reg__0_7[30]
    DSP48_X1Y17          DSP48E1                                      r  bd_0_i/hls_inst/inst/grp_cpu_Pipeline_PROGRAM_LOOP_fu_187/mul_32ns_32s_64_2_1_U33/buff0_reg__0/C[34]
  -------------------------------------------------------------------    -------------------

                         (clock ap_clk rise edge)    10.000    10.000 r  
                                                      0.000    10.000 r  ap_clk (IN)
                         net (fo=1514, unset)         0.924    10.924    bd_0_i/hls_inst/inst/grp_cpu_Pipeline_PROGRAM_LOOP_fu_187/mul_32ns_32s_64_2_1_U33/ap_clk
    DSP48_X1Y17          DSP48E1                                      r  bd_0_i/hls_inst/inst/grp_cpu_Pipeline_PROGRAM_LOOP_fu_187/mul_32ns_32s_64_2_1_U33/buff0_reg__0/CLK
                         clock pessimism              0.000    10.924    
                         clock uncertainty           -0.035    10.889    
    DSP48_X1Y17          DSP48E1 (Setup_dsp48e1_CLK_C[34])
                                                     -1.701     9.188    bd_0_i/hls_inst/inst/grp_cpu_Pipeline_PROGRAM_LOOP_fu_187/mul_32ns_32s_64_2_1_U33/buff0_reg__0
  -------------------------------------------------------------------
                         required time                          9.188    
                         arrival time                         -10.005    
  -------------------------------------------------------------------
                         slack                                 -0.817    

Slack (VIOLATED) :        -0.804ns  (required time - arrival time)
  Source:                 bd_0_i/hls_inst/inst/grp_cpu_Pipeline_PROGRAM_LOOP_fu_187/reg_file_54_reg_553_reg[6]/C
                            (rising edge-triggered cell FDRE clocked by ap_clk  {rise@0.000ns fall@5.000ns period=10.000ns})
  Destination:            bd_0_i/hls_inst/inst/grp_cpu_Pipeline_PROGRAM_LOOP_fu_187/mul_32ns_32ns_64_2_1_U32/buff0_reg/C[26]
                            (rising edge-triggered cell DSP48E1 clocked by ap_clk  {rise@0.000ns fall@5.000ns period=10.000ns})
  Path Group:             ap_clk
  Path Type:              Setup (Max at Slow Process Corner)
  Requirement:            10.000ns  (ap_clk rise@10.000ns - ap_clk rise@0.000ns)
  Data Path Delay:        9.019ns  (logic 5.068ns (56.194%)  route 3.951ns (43.806%))
  Logic Levels:           4  (DSP48E1=1 LUT6=2 MUXF7=1)
  Clock Path Skew:        -0.049ns (DCD - SCD + CPR)
    Destination Clock Delay (DCD):    0.924ns = ( 10.924 - 10.000 ) 
    Source Clock Delay      (SCD):    0.973ns
    Clock Pessimism Removal (CPR):    0.000ns
  Clock Uncertainty:      0.035ns  ((TSJ^2 + TIJ^2)^1/2 + DJ) / 2 + PE
    Total System Jitter     (TSJ):    0.071ns
    Total Input Jitter      (TIJ):    0.000ns
    Discrete Jitter          (DJ):    0.000ns
    Phase Error              (PE):    0.000ns

    Location             Delay type                Incr(ns)  Path(ns)    Netlist Resource(s)
  -------------------------------------------------------------------    -------------------
                         (clock ap_clk rise edge)     0.000     0.000 r  
                                                      0.000     0.000 r  ap_clk (IN)
                         net (fo=1514, unset)         0.973     0.973    bd_0_i/hls_inst/inst/grp_cpu_Pipeline_PROGRAM_LOOP_fu_187/ap_clk
    SLICE_X29Y33         FDRE                                         r  bd_0_i/hls_inst/inst/grp_cpu_Pipeline_PROGRAM_LOOP_fu_187/reg_file_54_reg_553_reg[6]/C
  -------------------------------------------------------------------    -------------------
    SLICE_X29Y33         FDRE (Prop_fdre_C_Q)         0.419     1.392 r  bd_0_i/hls_inst/inst/grp_cpu_Pipeline_PROGRAM_LOOP_fu_187/reg_file_54_reg_553_reg[6]/Q
                         net (fo=2, routed)           1.004     2.396    bd_0_i/hls_inst/inst/grp_cpu_Pipeline_PROGRAM_LOOP_fu_187/mul_32ns_32ns_64_2_1_U32/reg_file_54_reg_553__0[6]
    SLICE_X29Y33         LUT6 (Prop_lut6_I3_O)        0.297     2.693 r  bd_0_i/hls_inst/inst/grp_cpu_Pipeline_PROGRAM_LOOP_fu_187/mul_32ns_32ns_64_2_1_U32/tmp_product_i_166/O
                         net (fo=1, routed)           0.000     2.693    bd_0_i/hls_inst/inst/grp_cpu_Pipeline_PROGRAM_LOOP_fu_187/mul_32ns_32ns_64_2_1_U32/tmp_product_i_166_n_0
    SLICE_X29Y33         MUXF7 (Prop_muxf7_I0_O)      0.212     2.905 r  bd_0_i/hls_inst/inst/grp_cpu_Pipeline_PROGRAM_LOOP_fu_187/mul_32ns_32ns_64_2_1_U32/tmp_product_i_58/O
                         net (fo=1, routed)           1.148     4.054    bd_0_i/hls_inst/inst/grp_cpu_Pipeline_PROGRAM_LOOP_fu_187/mul_32ns_32ns_64_2_1_U32/tmp_product_i_58_n_0
    SLICE_X29Y36         LUT6 (Prop_lut6_I0_O)        0.299     4.353 r  bd_0_i/hls_inst/inst/grp_cpu_Pipeline_PROGRAM_LOOP_fu_187/mul_32ns_32ns_64_2_1_U32/tmp_product_i_11/O
                         net (fo=24, routed)          0.685     5.038    bd_0_i/hls_inst/inst/grp_cpu_Pipeline_PROGRAM_LOOP_fu_187/mul_32ns_32ns_64_2_1_U32/D[6]
    DSP48_X2Y14          DSP48E1 (Prop_dsp48e1_A[6]_P[43])
                                                      3.841     8.879 r  bd_0_i/hls_inst/inst/grp_cpu_Pipeline_PROGRAM_LOOP_fu_187/mul_32ns_32ns_64_2_1_U32/tmp_product/P[43]
                         net (fo=2, routed)           1.113     9.992    bd_0_i/hls_inst/inst/grp_cpu_Pipeline_PROGRAM_LOOP_fu_187/mul_32ns_32ns_64_2_1_U32/P[26]
    DSP48_X2Y16          DSP48E1                                      r  bd_0_i/hls_inst/inst/grp_cpu_Pipeline_PROGRAM_LOOP_fu_187/mul_32ns_32ns_64_2_1_U32/buff0_reg/C[26]
  -------------------------------------------------------------------    -------------------

                         (clock ap_clk rise edge)    10.000    10.000 r  
                                                      0.000    10.000 r  ap_clk (IN)
                         net (fo=1514, unset)         0.924    10.924    bd_0_i/hls_inst/inst/grp_cpu_Pipeline_PROGRAM_LOOP_fu_187/mul_32ns_32ns_64_2_1_U32/ap_clk
    DSP48_X2Y16          DSP48E1                                      r  bd_0_i/hls_inst/inst/grp_cpu_Pipeline_PROGRAM_LOOP_fu_187/mul_32ns_32ns_64_2_1_U32/buff0_reg/CLK
                         clock pessimism              0.000    10.924    
                         clock uncertainty           -0.035    10.889    
    DSP48_X2Y16          DSP48E1 (Setup_dsp48e1_CLK_C[26])
                                                     -1.701     9.188    bd_0_i/hls_inst/inst/grp_cpu_Pipeline_PROGRAM_LOOP_fu_187/mul_32ns_32ns_64_2_1_U32/buff0_reg
  -------------------------------------------------------------------
                         required time                          9.188    
                         arrival time                          -9.992    
  -------------------------------------------------------------------
                         slack                                 -0.804    

Slack (VIOLATED) :        -0.792ns  (required time - arrival time)
  Source:                 bd_0_i/hls_inst/inst/grp_cpu_Pipeline_PROGRAM_LOOP_fu_187/reg_file_54_reg_553_reg[6]/C
                            (rising edge-triggered cell FDRE clocked by ap_clk  {rise@0.000ns fall@5.000ns period=10.000ns})
  Destination:            bd_0_i/hls_inst/inst/grp_cpu_Pipeline_PROGRAM_LOOP_fu_187/mul_32ns_32ns_64_2_1_U32/buff0_reg/C[36]
                            (rising edge-triggered cell DSP48E1 clocked by ap_clk  {rise@0.000ns fall@5.000ns period=10.000ns})
  Path Group:             ap_clk
  Path Type:              Setup (Max at Slow Process Corner)
  Requirement:            10.000ns  (ap_clk rise@10.000ns - ap_clk rise@0.000ns)
  Data Path Delay:        9.007ns  (logic 5.068ns (56.270%)  route 3.939ns (43.730%))
  Logic Levels:           4  (DSP48E1=1 LUT6=2 MUXF7=1)
  Clock Path Skew:        -0.049ns (DCD - SCD + CPR)
    Destination Clock Delay (DCD):    0.924ns = ( 10.924 - 10.000 ) 
    Source Clock Delay      (SCD):    0.973ns
    Clock Pessimism Removal (CPR):    0.000ns
  Clock Uncertainty:      0.035ns  ((TSJ^2 + TIJ^2)^1/2 + DJ) / 2 + PE
    Total System Jitter     (TSJ):    0.071ns
    Total Input Jitter      (TIJ):    0.000ns
    Discrete Jitter          (DJ):    0.000ns
    Phase Error              (PE):    0.000ns

    Location             Delay type                Incr(ns)  Path(ns)    Netlist Resource(s)
  -------------------------------------------------------------------    -------------------
                         (clock ap_clk rise edge)     0.000     0.000 r  
                                                      0.000     0.000 r  ap_clk (IN)
                         net (fo=1514, unset)         0.973     0.973    bd_0_i/hls_inst/inst/grp_cpu_Pipeline_PROGRAM_LOOP_fu_187/ap_clk
    SLICE_X29Y33         FDRE                                         r  bd_0_i/hls_inst/inst/grp_cpu_Pipeline_PROGRAM_LOOP_fu_187/reg_file_54_reg_553_reg[6]/C
  -------------------------------------------------------------------    -------------------
    SLICE_X29Y33         FDRE (Prop_fdre_C_Q)         0.419     1.392 r  bd_0_i/hls_inst/inst/grp_cpu_Pipeline_PROGRAM_LOOP_fu_187/reg_file_54_reg_553_reg[6]/Q
                         net (fo=2, routed)           1.004     2.396    bd_0_i/hls_inst/inst/grp_cpu_Pipeline_PROGRAM_LOOP_fu_187/mul_32ns_32ns_64_2_1_U32/reg_file_54_reg_553__0[6]
    SLICE_X29Y33         LUT6 (Prop_lut6_I3_O)        0.297     2.693 r  bd_0_i/hls_inst/inst/grp_cpu_Pipeline_PROGRAM_LOOP_fu_187/mul_32ns_32ns_64_2_1_U32/tmp_product_i_166/O
                         net (fo=1, routed)           0.000     2.693    bd_0_i/hls_inst/inst/grp_cpu_Pipeline_PROGRAM_LOOP_fu_187/mul_32ns_32ns_64_2_1_U32/tmp_product_i_166_n_0
    SLICE_X29Y33         MUXF7 (Prop_muxf7_I0_O)      0.212     2.905 r  bd_0_i/hls_inst/inst/grp_cpu_Pipeline_PROGRAM_LOOP_fu_187/mul_32ns_32ns_64_2_1_U32/tmp_product_i_58/O
                         net (fo=1, routed)           1.148     4.054    bd_0_i/hls_inst/inst/grp_cpu_Pipeline_PROGRAM_LOOP_fu_187/mul_32ns_32ns_64_2_1_U32/tmp_product_i_58_n_0
    SLICE_X29Y36         LUT6 (Prop_lut6_I0_O)        0.299     4.353 r  bd_0_i/hls_inst/inst/grp_cpu_Pipeline_PROGRAM_LOOP_fu_187/mul_32ns_32ns_64_2_1_U32/tmp_product_i_11/O
                         net (fo=24, routed)          0.685     5.038    bd_0_i/hls_inst/inst/grp_cpu_Pipeline_PROGRAM_LOOP_fu_187/mul_32ns_32ns_64_2_1_U32/D[6]
    DSP48_X2Y14          DSP48E1 (Prop_dsp48e1_A[6]_P[47])
                                                      3.841     8.879 r  bd_0_i/hls_inst/inst/grp_cpu_Pipeline_PROGRAM_LOOP_fu_187/mul_32ns_32ns_64_2_1_U32/tmp_product/P[47]
                         net (fo=36, routed)          1.101     9.980    bd_0_i/hls_inst/inst/grp_cpu_Pipeline_PROGRAM_LOOP_fu_187/mul_32ns_32ns_64_2_1_U32/P[30]
    DSP48_X2Y16          DSP48E1                                      r  bd_0_i/hls_inst/inst/grp_cpu_Pipeline_PROGRAM_LOOP_fu_187/mul_32ns_32ns_64_2_1_U32/buff0_reg/C[36]
  -------------------------------------------------------------------    -------------------

                         (clock ap_clk rise edge)    10.000    10.000 r  
                                                      0.000    10.000 r  ap_clk (IN)
                         net (fo=1514, unset)         0.924    10.924    bd_0_i/hls_inst/inst/grp_cpu_Pipeline_PROGRAM_LOOP_fu_187/mul_32ns_32ns_64_2_1_U32/ap_clk
    DSP48_X2Y16          DSP48E1                                      r  bd_0_i/hls_inst/inst/grp_cpu_Pipeline_PROGRAM_LOOP_fu_187/mul_32ns_32ns_64_2_1_U32/buff0_reg/CLK
                         clock pessimism              0.000    10.924    
                         clock uncertainty           -0.035    10.889    
    DSP48_X2Y16          DSP48E1 (Setup_dsp48e1_CLK_C[36])
                                                     -1.701     9.188    bd_0_i/hls_inst/inst/grp_cpu_Pipeline_PROGRAM_LOOP_fu_187/mul_32ns_32ns_64_2_1_U32/buff0_reg
  -------------------------------------------------------------------
                         required time                          9.188    
                         arrival time                          -9.980    
  -------------------------------------------------------------------
                         slack                                 -0.792    

Slack (VIOLATED) :        -0.792ns  (required time - arrival time)
  Source:                 bd_0_i/hls_inst/inst/grp_cpu_Pipeline_PROGRAM_LOOP_fu_187/reg_file_54_reg_553_reg[6]/C
                            (rising edge-triggered cell FDRE clocked by ap_clk  {rise@0.000ns fall@5.000ns period=10.000ns})
  Destination:            bd_0_i/hls_inst/inst/grp_cpu_Pipeline_PROGRAM_LOOP_fu_187/mul_32ns_32ns_64_2_1_U32/buff0_reg/C[38]
                            (rising edge-triggered cell DSP48E1 clocked by ap_clk  {rise@0.000ns fall@5.000ns period=10.000ns})
  Path Group:             ap_clk
  Path Type:              Setup (Max at Slow Process Corner)
  Requirement:            10.000ns  (ap_clk rise@10.000ns - ap_clk rise@0.000ns)
  Data Path Delay:        9.007ns  (logic 5.068ns (56.270%)  route 3.939ns (43.730%))
  Logic Levels:           4  (DSP48E1=1 LUT6=2 MUXF7=1)
  Clock Path Skew:        -0.049ns (DCD - SCD + CPR)
    Destination Clock Delay (DCD):    0.924ns = ( 10.924 - 10.000 ) 
    Source Clock Delay      (SCD):    0.973ns
    Clock Pessimism Removal (CPR):    0.000ns
  Clock Uncertainty:      0.035ns  ((TSJ^2 + TIJ^2)^1/2 + DJ) / 2 + PE
    Total System Jitter     (TSJ):    0.071ns
    Total Input Jitter      (TIJ):    0.000ns
    Discrete Jitter          (DJ):    0.000ns
    Phase Error              (PE):    0.000ns

    Location             Delay type                Incr(ns)  Path(ns)    Netlist Resource(s)
  -------------------------------------------------------------------    -------------------
                         (clock ap_clk rise edge)     0.000     0.000 r  
                                                      0.000     0.000 r  ap_clk (IN)
                         net (fo=1514, unset)         0.973     0.973    bd_0_i/hls_inst/inst/grp_cpu_Pipeline_PROGRAM_LOOP_fu_187/ap_clk
    SLICE_X29Y33         FDRE                                         r  bd_0_i/hls_inst/inst/grp_cpu_Pipeline_PROGRAM_LOOP_fu_187/reg_file_54_reg_553_reg[6]/C
  -------------------------------------------------------------------    -------------------
    SLICE_X29Y33         FDRE (Prop_fdre_C_Q)         0.419     1.392 r  bd_0_i/hls_inst/inst/grp_cpu_Pipeline_PROGRAM_LOOP_fu_187/reg_file_54_reg_553_reg[6]/Q
                         net (fo=2, routed)           1.004     2.396    bd_0_i/hls_inst/inst/grp_cpu_Pipeline_PROGRAM_LOOP_fu_187/mul_32ns_32ns_64_2_1_U32/reg_file_54_reg_553__0[6]
    SLICE_X29Y33         LUT6 (Prop_lut6_I3_O)        0.297     2.693 r  bd_0_i/hls_inst/inst/grp_cpu_Pipeline_PROGRAM_LOOP_fu_187/mul_32ns_32ns_64_2_1_U32/tmp_product_i_166/O
                         net (fo=1, routed)           0.000     2.693    bd_0_i/hls_inst/inst/grp_cpu_Pipeline_PROGRAM_LOOP_fu_187/mul_32ns_32ns_64_2_1_U32/tmp_product_i_166_n_0
    SLICE_X29Y33         MUXF7 (Prop_muxf7_I0_O)      0.212     2.905 r  bd_0_i/hls_inst/inst/grp_cpu_Pipeline_PROGRAM_LOOP_fu_187/mul_32ns_32ns_64_2_1_U32/tmp_product_i_58/O
                         net (fo=1, routed)           1.148     4.054    bd_0_i/hls_inst/inst/grp_cpu_Pipeline_PROGRAM_LOOP_fu_187/mul_32ns_32ns_64_2_1_U32/tmp_product_i_58_n_0
    SLICE_X29Y36         LUT6 (Prop_lut6_I0_O)        0.299     4.353 r  bd_0_i/hls_inst/inst/grp_cpu_Pipeline_PROGRAM_LOOP_fu_187/mul_32ns_32ns_64_2_1_U32/tmp_product_i_11/O
                         net (fo=24, routed)          0.685     5.038    bd_0_i/hls_inst/inst/grp_cpu_Pipeline_PROGRAM_LOOP_fu_187/mul_32ns_32ns_64_2_1_U32/D[6]
    DSP48_X2Y14          DSP48E1 (Prop_dsp48e1_A[6]_P[47])
                                                      3.841     8.879 r  bd_0_i/hls_inst/inst/grp_cpu_Pipeline_PROGRAM_LOOP_fu_187/mul_32ns_32ns_64_2_1_U32/tmp_product/P[47]
                         net (fo=36, routed)          1.101     9.980    bd_0_i/hls_inst/inst/grp_cpu_Pipeline_PROGRAM_LOOP_fu_187/mul_32ns_32ns_64_2_1_U32/P[30]
    DSP48_X2Y16          DSP48E1                                      r  bd_0_i/hls_inst/inst/grp_cpu_Pipeline_PROGRAM_LOOP_fu_187/mul_32ns_32ns_64_2_1_U32/buff0_reg/C[38]
  -------------------------------------------------------------------    -------------------

                         (clock ap_clk rise edge)    10.000    10.000 r  
                                                      0.000    10.000 r  ap_clk (IN)
                         net (fo=1514, unset)         0.924    10.924    bd_0_i/hls_inst/inst/grp_cpu_Pipeline_PROGRAM_LOOP_fu_187/mul_32ns_32ns_64_2_1_U32/ap_clk
    DSP48_X2Y16          DSP48E1                                      r  bd_0_i/hls_inst/inst/grp_cpu_Pipeline_PROGRAM_LOOP_fu_187/mul_32ns_32ns_64_2_1_U32/buff0_reg/CLK
                         clock pessimism              0.000    10.924    
                         clock uncertainty           -0.035    10.889    
    DSP48_X2Y16          DSP48E1 (Setup_dsp48e1_CLK_C[38])
                                                     -1.701     9.188    bd_0_i/hls_inst/inst/grp_cpu_Pipeline_PROGRAM_LOOP_fu_187/mul_32ns_32ns_64_2_1_U32/buff0_reg
  -------------------------------------------------------------------
                         required time                          9.188    
                         arrival time                          -9.980    
  -------------------------------------------------------------------
                         slack                                 -0.792    





Min Delay Paths
--------------------------------------------------------------------------------------
Slack (MET) :             0.109ns  (arrival time - required time)
  Source:                 bd_0_i/hls_inst/inst/grp_cpu_Pipeline_PROGRAM_LOOP_fu_187/pc_fu_274_reg[21]/C
                            (rising edge-triggered cell FDRE clocked by ap_clk  {rise@0.000ns fall@5.000ns period=10.000ns})
  Destination:            bd_0_i/hls_inst/inst/grp_cpu_Pipeline_PROGRAM_LOOP_fu_187/pc_1_reg_5589_reg[21]/D
                            (rising edge-triggered cell FDRE clocked by ap_clk  {rise@0.000ns fall@5.000ns period=10.000ns})
  Path Group:             ap_clk
  Path Type:              Hold (Min at Fast Process Corner)
  Requirement:            0.000ns  (ap_clk rise@0.000ns - ap_clk rise@0.000ns)
  Data Path Delay:        0.206ns  (logic 0.141ns (68.378%)  route 0.065ns (31.622%))
  Logic Levels:           0  
  Clock Path Skew:        0.022ns (DCD - SCD - CPR)
    Destination Clock Delay (DCD):    0.432ns
    Source Clock Delay      (SCD):    0.410ns
    Clock Pessimism Removal (CPR):    -0.000ns

    Location             Delay type                Incr(ns)  Path(ns)    Netlist Resource(s)
  -------------------------------------------------------------------    -------------------
                         (clock ap_clk rise edge)     0.000     0.000 r  
                                                      0.000     0.000 r  ap_clk (IN)
                         net (fo=1514, unset)         0.410     0.410    bd_0_i/hls_inst/inst/grp_cpu_Pipeline_PROGRAM_LOOP_fu_187/ap_clk
    SLICE_X47Y57         FDRE                                         r  bd_0_i/hls_inst/inst/grp_cpu_Pipeline_PROGRAM_LOOP_fu_187/pc_fu_274_reg[21]/C
  -------------------------------------------------------------------    -------------------
    SLICE_X47Y57         FDRE (Prop_fdre_C_Q)         0.141     0.551 r  bd_0_i/hls_inst/inst/grp_cpu_Pipeline_PROGRAM_LOOP_fu_187/pc_fu_274_reg[21]/Q
                         net (fo=2, routed)           0.065     0.616    bd_0_i/hls_inst/inst/grp_cpu_Pipeline_PROGRAM_LOOP_fu_187/pc_fu_274[21]
    SLICE_X46Y57         FDRE                                         r  bd_0_i/hls_inst/inst/grp_cpu_Pipeline_PROGRAM_LOOP_fu_187/pc_1_reg_5589_reg[21]/D
  -------------------------------------------------------------------    -------------------

                         (clock ap_clk rise edge)     0.000     0.000 r  
                                                      0.000     0.000 r  ap_clk (IN)
                         net (fo=1514, unset)         0.432     0.432    bd_0_i/hls_inst/inst/grp_cpu_Pipeline_PROGRAM_LOOP_fu_187/ap_clk
    SLICE_X46Y57         FDRE                                         r  bd_0_i/hls_inst/inst/grp_cpu_Pipeline_PROGRAM_LOOP_fu_187/pc_1_reg_5589_reg[21]/C
                         clock pessimism              0.000     0.432    
    SLICE_X46Y57         FDRE (Hold_fdre_C_D)         0.076     0.508    bd_0_i/hls_inst/inst/grp_cpu_Pipeline_PROGRAM_LOOP_fu_187/pc_1_reg_5589_reg[21]
  -------------------------------------------------------------------
                         required time                         -0.508    
                         arrival time                           0.616    
  -------------------------------------------------------------------
                         slack                                  0.109    

Slack (MET) :             0.169ns  (arrival time - required time)
  Source:                 bd_0_i/hls_inst/inst/grp_cpu_Pipeline_PROGRAM_LOOP_fu_187/pc_fu_274_reg[22]/C
                            (rising edge-triggered cell FDRE clocked by ap_clk  {rise@0.000ns fall@5.000ns period=10.000ns})
  Destination:            bd_0_i/hls_inst/inst/grp_cpu_Pipeline_PROGRAM_LOOP_fu_187/pc_1_reg_5589_reg[22]/D
                            (rising edge-triggered cell FDRE clocked by ap_clk  {rise@0.000ns fall@5.000ns period=10.000ns})
  Path Group:             ap_clk
  Path Type:              Hold (Min at Fast Process Corner)
  Requirement:            0.000ns  (ap_clk rise@0.000ns - ap_clk rise@0.000ns)
  Data Path Delay:        0.267ns  (logic 0.141ns (52.836%)  route 0.126ns (47.164%))
  Logic Levels:           0  
  Clock Path Skew:        0.022ns (DCD - SCD - CPR)
    Destination Clock Delay (DCD):    0.432ns
    Source Clock Delay      (SCD):    0.410ns
    Clock Pessimism Removal (CPR):    -0.000ns

    Location             Delay type                Incr(ns)  Path(ns)    Netlist Resource(s)
  -------------------------------------------------------------------    -------------------
                         (clock ap_clk rise edge)     0.000     0.000 r  
                                                      0.000     0.000 r  ap_clk (IN)
                         net (fo=1514, unset)         0.410     0.410    bd_0_i/hls_inst/inst/grp_cpu_Pipeline_PROGRAM_LOOP_fu_187/ap_clk
    SLICE_X47Y57         FDRE                                         r  bd_0_i/hls_inst/inst/grp_cpu_Pipeline_PROGRAM_LOOP_fu_187/pc_fu_274_reg[22]/C
  -------------------------------------------------------------------    -------------------
    SLICE_X47Y57         FDRE (Prop_fdre_C_Q)         0.141     0.551 r  bd_0_i/hls_inst/inst/grp_cpu_Pipeline_PROGRAM_LOOP_fu_187/pc_fu_274_reg[22]/Q
                         net (fo=2, routed)           0.126     0.677    bd_0_i/hls_inst/inst/grp_cpu_Pipeline_PROGRAM_LOOP_fu_187/pc_fu_274[22]
    SLICE_X46Y57         FDRE                                         r  bd_0_i/hls_inst/inst/grp_cpu_Pipeline_PROGRAM_LOOP_fu_187/pc_1_reg_5589_reg[22]/D
  -------------------------------------------------------------------    -------------------

                         (clock ap_clk rise edge)     0.000     0.000 r  
                                                      0.000     0.000 r  ap_clk (IN)
                         net (fo=1514, unset)         0.432     0.432    bd_0_i/hls_inst/inst/grp_cpu_Pipeline_PROGRAM_LOOP_fu_187/ap_clk
    SLICE_X46Y57         FDRE                                         r  bd_0_i/hls_inst/inst/grp_cpu_Pipeline_PROGRAM_LOOP_fu_187/pc_1_reg_5589_reg[22]/C
                         clock pessimism              0.000     0.432    
    SLICE_X46Y57         FDRE (Hold_fdre_C_D)         0.076     0.508    bd_0_i/hls_inst/inst/grp_cpu_Pipeline_PROGRAM_LOOP_fu_187/pc_1_reg_5589_reg[22]
  -------------------------------------------------------------------
                         required time                         -0.508    
                         arrival time                           0.677    
  -------------------------------------------------------------------
                         slack                                  0.169    

Slack (MET) :             0.172ns  (arrival time - required time)
  Source:                 bd_0_i/hls_inst/inst/grp_cpu_Pipeline_PROGRAM_LOOP_fu_187/pc_fu_274_reg[20]/C
                            (rising edge-triggered cell FDRE clocked by ap_clk  {rise@0.000ns fall@5.000ns period=10.000ns})
  Destination:            bd_0_i/hls_inst/inst/grp_cpu_Pipeline_PROGRAM_LOOP_fu_187/pc_1_reg_5589_reg[20]/D
                            (rising edge-triggered cell FDRE clocked by ap_clk  {rise@0.000ns fall@5.000ns period=10.000ns})
  Path Group:             ap_clk
  Path Type:              Hold (Min at Fast Process Corner)
  Requirement:            0.000ns  (ap_clk rise@0.000ns - ap_clk rise@0.000ns)
  Data Path Delay:        0.268ns  (logic 0.141ns (52.517%)  route 0.127ns (47.483%))
  Logic Levels:           0  
  Clock Path Skew:        0.022ns (DCD - SCD - CPR)
    Destination Clock Delay (DCD):    0.432ns
    Source Clock Delay      (SCD):    0.410ns
    Clock Pessimism Removal (CPR):    -0.000ns

    Location             Delay type                Incr(ns)  Path(ns)    Netlist Resource(s)
  -------------------------------------------------------------------    -------------------
                         (clock ap_clk rise edge)     0.000     0.000 r  
                                                      0.000     0.000 r  ap_clk (IN)
                         net (fo=1514, unset)         0.410     0.410    bd_0_i/hls_inst/inst/grp_cpu_Pipeline_PROGRAM_LOOP_fu_187/ap_clk
    SLICE_X47Y57         FDRE                                         r  bd_0_i/hls_inst/inst/grp_cpu_Pipeline_PROGRAM_LOOP_fu_187/pc_fu_274_reg[20]/C
  -------------------------------------------------------------------    -------------------
    SLICE_X47Y57         FDRE (Prop_fdre_C_Q)         0.141     0.551 r  bd_0_i/hls_inst/inst/grp_cpu_Pipeline_PROGRAM_LOOP_fu_187/pc_fu_274_reg[20]/Q
                         net (fo=2, routed)           0.127     0.679    bd_0_i/hls_inst/inst/grp_cpu_Pipeline_PROGRAM_LOOP_fu_187/pc_fu_274[20]
    SLICE_X46Y57         FDRE                                         r  bd_0_i/hls_inst/inst/grp_cpu_Pipeline_PROGRAM_LOOP_fu_187/pc_1_reg_5589_reg[20]/D
  -------------------------------------------------------------------    -------------------

                         (clock ap_clk rise edge)     0.000     0.000 r  
                                                      0.000     0.000 r  ap_clk (IN)
                         net (fo=1514, unset)         0.432     0.432    bd_0_i/hls_inst/inst/grp_cpu_Pipeline_PROGRAM_LOOP_fu_187/ap_clk
    SLICE_X46Y57         FDRE                                         r  bd_0_i/hls_inst/inst/grp_cpu_Pipeline_PROGRAM_LOOP_fu_187/pc_1_reg_5589_reg[20]/C
                         clock pessimism              0.000     0.432    
    SLICE_X46Y57         FDRE (Hold_fdre_C_D)         0.075     0.507    bd_0_i/hls_inst/inst/grp_cpu_Pipeline_PROGRAM_LOOP_fu_187/pc_1_reg_5589_reg[20]
  -------------------------------------------------------------------
                         required time                         -0.507    
                         arrival time                           0.679    
  -------------------------------------------------------------------
                         slack                                  0.172    

Slack (MET) :             0.175ns  (arrival time - required time)
  Source:                 bd_0_i/hls_inst/inst/grp_cpu_Pipeline_PROGRAM_LOOP_fu_187/ap_CS_fsm_reg[4]/C
                            (rising edge-triggered cell FDRE clocked by ap_clk  {rise@0.000ns fall@5.000ns period=10.000ns})
  Destination:            bd_0_i/hls_inst/inst/grp_cpu_Pipeline_PROGRAM_LOOP_fu_187/ap_CS_fsm_reg[1]/D
                            (rising edge-triggered cell FDRE clocked by ap_clk  {rise@0.000ns fall@5.000ns period=10.000ns})
  Path Group:             ap_clk
  Path Type:              Hold (Min at Fast Process Corner)
  Requirement:            0.000ns  (ap_clk rise@0.000ns - ap_clk rise@0.000ns)
  Data Path Delay:        0.317ns  (logic 0.246ns (77.542%)  route 0.071ns (22.458%))
  Logic Levels:           1  (LUT5=1)
  Clock Path Skew:        0.022ns (DCD - SCD - CPR)
    Destination Clock Delay (DCD):    0.432ns
    Source Clock Delay      (SCD):    0.410ns
    Clock Pessimism Removal (CPR):    -0.000ns

    Location             Delay type                Incr(ns)  Path(ns)    Netlist Resource(s)
  -------------------------------------------------------------------    -------------------
                         (clock ap_clk rise edge)     0.000     0.000 r  
                                                      0.000     0.000 r  ap_clk (IN)
                         net (fo=1514, unset)         0.410     0.410    bd_0_i/hls_inst/inst/grp_cpu_Pipeline_PROGRAM_LOOP_fu_187/ap_clk
    SLICE_X46Y61         FDRE                                         r  bd_0_i/hls_inst/inst/grp_cpu_Pipeline_PROGRAM_LOOP_fu_187/ap_CS_fsm_reg[4]/C
  -------------------------------------------------------------------    -------------------
    SLICE_X46Y61         FDRE (Prop_fdre_C_Q)         0.148     0.558 f  bd_0_i/hls_inst/inst/grp_cpu_Pipeline_PROGRAM_LOOP_fu_187/ap_CS_fsm_reg[4]/Q
                         net (fo=2, routed)           0.071     0.629    bd_0_i/hls_inst/inst/grp_cpu_Pipeline_PROGRAM_LOOP_fu_187/ap_CS_fsm_reg_n_0_[4]
    SLICE_X46Y61         LUT5 (Prop_lut5_I4_O)        0.098     0.727 r  bd_0_i/hls_inst/inst/grp_cpu_Pipeline_PROGRAM_LOOP_fu_187/ap_CS_fsm[1]_i_1/O
                         net (fo=1, routed)           0.000     0.727    bd_0_i/hls_inst/inst/grp_cpu_Pipeline_PROGRAM_LOOP_fu_187/ap_NS_fsm[1]
    SLICE_X46Y61         FDRE                                         r  bd_0_i/hls_inst/inst/grp_cpu_Pipeline_PROGRAM_LOOP_fu_187/ap_CS_fsm_reg[1]/D
  -------------------------------------------------------------------    -------------------

                         (clock ap_clk rise edge)     0.000     0.000 r  
                                                      0.000     0.000 r  ap_clk (IN)
                         net (fo=1514, unset)         0.432     0.432    bd_0_i/hls_inst/inst/grp_cpu_Pipeline_PROGRAM_LOOP_fu_187/ap_clk
    SLICE_X46Y61         FDRE                                         r  bd_0_i/hls_inst/inst/grp_cpu_Pipeline_PROGRAM_LOOP_fu_187/ap_CS_fsm_reg[1]/C
                         clock pessimism              0.000     0.432    
    SLICE_X46Y61         FDRE (Hold_fdre_C_D)         0.121     0.553    bd_0_i/hls_inst/inst/grp_cpu_Pipeline_PROGRAM_LOOP_fu_187/ap_CS_fsm_reg[1]
  -------------------------------------------------------------------
                         required time                         -0.553    
                         arrival time                           0.727    
  -------------------------------------------------------------------
                         slack                                  0.175    

Slack (MET) :             0.181ns  (arrival time - required time)
  Source:                 bd_0_i/hls_inst/inst/grp_cpu_Pipeline_PROGRAM_LOOP_fu_187/pc_fu_274_reg[4]/C
                            (rising edge-triggered cell FDRE clocked by ap_clk  {rise@0.000ns fall@5.000ns period=10.000ns})
  Destination:            bd_0_i/hls_inst/inst/grp_cpu_Pipeline_PROGRAM_LOOP_fu_187/pc_1_reg_5589_reg[4]/D
                            (rising edge-triggered cell FDRE clocked by ap_clk  {rise@0.000ns fall@5.000ns period=10.000ns})
  Path Group:             ap_clk
  Path Type:              Hold (Min at Fast Process Corner)
  Requirement:            0.000ns  (ap_clk rise@0.000ns - ap_clk rise@0.000ns)
  Data Path Delay:        0.273ns  (logic 0.141ns (51.696%)  route 0.132ns (48.304%))
  Logic Levels:           0  
  Clock Path Skew:        0.022ns (DCD - SCD - CPR)
    Destination Clock Delay (DCD):    0.432ns
    Source Clock Delay      (SCD):    0.410ns
    Clock Pessimism Removal (CPR):    -0.000ns

    Location             Delay type                Incr(ns)  Path(ns)    Netlist Resource(s)
  -------------------------------------------------------------------    -------------------
                         (clock ap_clk rise edge)     0.000     0.000 r  
                                                      0.000     0.000 r  ap_clk (IN)
                         net (fo=1514, unset)         0.410     0.410    bd_0_i/hls_inst/inst/grp_cpu_Pipeline_PROGRAM_LOOP_fu_187/ap_clk
    SLICE_X47Y53         FDRE                                         r  bd_0_i/hls_inst/inst/grp_cpu_Pipeline_PROGRAM_LOOP_fu_187/pc_fu_274_reg[4]/C
  -------------------------------------------------------------------    -------------------
    SLICE_X47Y53         FDRE (Prop_fdre_C_Q)         0.141     0.551 r  bd_0_i/hls_inst/inst/grp_cpu_Pipeline_PROGRAM_LOOP_fu_187/pc_fu_274_reg[4]/Q
                         net (fo=2, routed)           0.132     0.683    bd_0_i/hls_inst/inst/grp_cpu_Pipeline_PROGRAM_LOOP_fu_187/pc_fu_274[4]
    SLICE_X48Y53         FDRE                                         r  bd_0_i/hls_inst/inst/grp_cpu_Pipeline_PROGRAM_LOOP_fu_187/pc_1_reg_5589_reg[4]/D
  -------------------------------------------------------------------    -------------------

                         (clock ap_clk rise edge)     0.000     0.000 r  
                                                      0.000     0.000 r  ap_clk (IN)
                         net (fo=1514, unset)         0.432     0.432    bd_0_i/hls_inst/inst/grp_cpu_Pipeline_PROGRAM_LOOP_fu_187/ap_clk
    SLICE_X48Y53         FDRE                                         r  bd_0_i/hls_inst/inst/grp_cpu_Pipeline_PROGRAM_LOOP_fu_187/pc_1_reg_5589_reg[4]/C
                         clock pessimism              0.000     0.432    
    SLICE_X48Y53         FDRE (Hold_fdre_C_D)         0.070     0.502    bd_0_i/hls_inst/inst/grp_cpu_Pipeline_PROGRAM_LOOP_fu_187/pc_1_reg_5589_reg[4]
  -------------------------------------------------------------------
                         required time                         -0.502    
                         arrival time                           0.683    
  -------------------------------------------------------------------
                         slack                                  0.181    

Slack (MET) :             0.186ns  (arrival time - required time)
  Source:                 bd_0_i/hls_inst/inst/grp_cpu_Pipeline_PROGRAM_LOOP_fu_187/pc_fu_274_reg[3]/C
                            (rising edge-triggered cell FDRE clocked by ap_clk  {rise@0.000ns fall@5.000ns period=10.000ns})
  Destination:            bd_0_i/hls_inst/inst/grp_cpu_Pipeline_PROGRAM_LOOP_fu_187/pc_1_reg_5589_reg[3]/D
                            (rising edge-triggered cell FDRE clocked by ap_clk  {rise@0.000ns fall@5.000ns period=10.000ns})
  Path Group:             ap_clk
  Path Type:              Hold (Min at Fast Process Corner)
  Requirement:            0.000ns  (ap_clk rise@0.000ns - ap_clk rise@0.000ns)
  Data Path Delay:        0.274ns  (logic 0.164ns (59.853%)  route 0.110ns (40.147%))
  Logic Levels:           0  
  Clock Path Skew:        0.022ns (DCD - SCD - CPR)
    Destination Clock Delay (DCD):    0.432ns
    Source Clock Delay      (SCD):    0.410ns
    Clock Pessimism Removal (CPR):    -0.000ns

    Location             Delay type                Incr(ns)  Path(ns)    Netlist Resource(s)
  -------------------------------------------------------------------    -------------------
                         (clock ap_clk rise edge)     0.000     0.000 r  
                                                      0.000     0.000 r  ap_clk (IN)
                         net (fo=1514, unset)         0.410     0.410    bd_0_i/hls_inst/inst/grp_cpu_Pipeline_PROGRAM_LOOP_fu_187/ap_clk
    SLICE_X42Y53         FDRE                                         r  bd_0_i/hls_inst/inst/grp_cpu_Pipeline_PROGRAM_LOOP_fu_187/pc_fu_274_reg[3]/C
  -------------------------------------------------------------------    -------------------
    SLICE_X42Y53         FDRE (Prop_fdre_C_Q)         0.164     0.574 r  bd_0_i/hls_inst/inst/grp_cpu_Pipeline_PROGRAM_LOOP_fu_187/pc_fu_274_reg[3]/Q
                         net (fo=2, routed)           0.110     0.684    bd_0_i/hls_inst/inst/grp_cpu_Pipeline_PROGRAM_LOOP_fu_187/pc_fu_274[3]
    SLICE_X43Y52         FDRE                                         r  bd_0_i/hls_inst/inst/grp_cpu_Pipeline_PROGRAM_LOOP_fu_187/pc_1_reg_5589_reg[3]/D
  -------------------------------------------------------------------    -------------------

                         (clock ap_clk rise edge)     0.000     0.000 r  
                                                      0.000     0.000 r  ap_clk (IN)
                         net (fo=1514, unset)         0.432     0.432    bd_0_i/hls_inst/inst/grp_cpu_Pipeline_PROGRAM_LOOP_fu_187/ap_clk
    SLICE_X43Y52         FDRE                                         r  bd_0_i/hls_inst/inst/grp_cpu_Pipeline_PROGRAM_LOOP_fu_187/pc_1_reg_5589_reg[3]/C
                         clock pessimism              0.000     0.432    
    SLICE_X43Y52         FDRE (Hold_fdre_C_D)         0.066     0.498    bd_0_i/hls_inst/inst/grp_cpu_Pipeline_PROGRAM_LOOP_fu_187/pc_1_reg_5589_reg[3]
  -------------------------------------------------------------------
                         required time                         -0.498    
                         arrival time                           0.684    
  -------------------------------------------------------------------
                         slack                                  0.186    

Slack (MET) :             0.204ns  (arrival time - required time)
  Source:                 bd_0_i/hls_inst/inst/grp_cpu_Pipeline_PROGRAM_LOOP_fu_187/pc_fu_274_reg[15]/C
                            (rising edge-triggered cell FDRE clocked by ap_clk  {rise@0.000ns fall@5.000ns period=10.000ns})
  Destination:            bd_0_i/hls_inst/inst/grp_cpu_Pipeline_PROGRAM_LOOP_fu_187/pc_1_reg_5589_reg[15]/D
                            (rising edge-triggered cell FDRE clocked by ap_clk  {rise@0.000ns fall@5.000ns period=10.000ns})
  Path Group:             ap_clk
  Path Type:              Hold (Min at Fast Process Corner)
  Requirement:            0.000ns  (ap_clk rise@0.000ns - ap_clk rise@0.000ns)
  Data Path Delay:        0.291ns  (logic 0.164ns (56.305%)  route 0.127ns (43.695%))
  Logic Levels:           0  
  Clock Path Skew:        0.022ns (DCD - SCD - CPR)
    Destination Clock Delay (DCD):    0.432ns
    Source Clock Delay      (SCD):    0.410ns
    Clock Pessimism Removal (CPR):    -0.000ns

    Location             Delay type                Incr(ns)  Path(ns)    Netlist Resource(s)
  -------------------------------------------------------------------    -------------------
                         (clock ap_clk rise edge)     0.000     0.000 r  
                                                      0.000     0.000 r  ap_clk (IN)
                         net (fo=1514, unset)         0.410     0.410    bd_0_i/hls_inst/inst/grp_cpu_Pipeline_PROGRAM_LOOP_fu_187/ap_clk
    SLICE_X46Y55         FDRE                                         r  bd_0_i/hls_inst/inst/grp_cpu_Pipeline_PROGRAM_LOOP_fu_187/pc_fu_274_reg[15]/C
  -------------------------------------------------------------------    -------------------
    SLICE_X46Y55         FDRE (Prop_fdre_C_Q)         0.164     0.574 r  bd_0_i/hls_inst/inst/grp_cpu_Pipeline_PROGRAM_LOOP_fu_187/pc_fu_274_reg[15]/Q
                         net (fo=2, routed)           0.127     0.701    bd_0_i/hls_inst/inst/grp_cpu_Pipeline_PROGRAM_LOOP_fu_187/pc_fu_274[15]
    SLICE_X47Y55         FDRE                                         r  bd_0_i/hls_inst/inst/grp_cpu_Pipeline_PROGRAM_LOOP_fu_187/pc_1_reg_5589_reg[15]/D
  -------------------------------------------------------------------    -------------------

                         (clock ap_clk rise edge)     0.000     0.000 r  
                                                      0.000     0.000 r  ap_clk (IN)
                         net (fo=1514, unset)         0.432     0.432    bd_0_i/hls_inst/inst/grp_cpu_Pipeline_PROGRAM_LOOP_fu_187/ap_clk
    SLICE_X47Y55         FDRE                                         r  bd_0_i/hls_inst/inst/grp_cpu_Pipeline_PROGRAM_LOOP_fu_187/pc_1_reg_5589_reg[15]/C
                         clock pessimism              0.000     0.432    
    SLICE_X47Y55         FDRE (Hold_fdre_C_D)         0.066     0.498    bd_0_i/hls_inst/inst/grp_cpu_Pipeline_PROGRAM_LOOP_fu_187/pc_1_reg_5589_reg[15]
  -------------------------------------------------------------------
                         required time                         -0.498    
                         arrival time                           0.701    
  -------------------------------------------------------------------
                         slack                                  0.204    

Slack (MET) :             0.211ns  (arrival time - required time)
  Source:                 bd_0_i/hls_inst/inst/grp_cpu_Pipeline_PROGRAM_LOOP_fu_187/pc_fu_274_reg[0]/C
                            (rising edge-triggered cell FDRE clocked by ap_clk  {rise@0.000ns fall@5.000ns period=10.000ns})
  Destination:            bd_0_i/hls_inst/inst/grp_cpu_Pipeline_PROGRAM_LOOP_fu_187/pc_1_reg_5589_reg[0]/D
                            (rising edge-triggered cell FDRE clocked by ap_clk  {rise@0.000ns fall@5.000ns period=10.000ns})
  Path Group:             ap_clk
  Path Type:              Hold (Min at Fast Process Corner)
  Requirement:            0.000ns  (ap_clk rise@0.000ns - ap_clk rise@0.000ns)
  Data Path Delay:        0.302ns  (logic 0.164ns (54.237%)  route 0.138ns (45.763%))
  Logic Levels:           0  
  Clock Path Skew:        0.022ns (DCD - SCD - CPR)
    Destination Clock Delay (DCD):    0.432ns
    Source Clock Delay      (SCD):    0.410ns
    Clock Pessimism Removal (CPR):    -0.000ns

    Location             Delay type                Incr(ns)  Path(ns)    Netlist Resource(s)
  -------------------------------------------------------------------    -------------------
                         (clock ap_clk rise edge)     0.000     0.000 r  
                                                      0.000     0.000 r  ap_clk (IN)
                         net (fo=1514, unset)         0.410     0.410    bd_0_i/hls_inst/inst/grp_cpu_Pipeline_PROGRAM_LOOP_fu_187/ap_clk
    SLICE_X42Y56         FDRE                                         r  bd_0_i/hls_inst/inst/grp_cpu_Pipeline_PROGRAM_LOOP_fu_187/pc_fu_274_reg[0]/C
  -------------------------------------------------------------------    -------------------
    SLICE_X42Y56         FDRE (Prop_fdre_C_Q)         0.164     0.574 r  bd_0_i/hls_inst/inst/grp_cpu_Pipeline_PROGRAM_LOOP_fu_187/pc_fu_274_reg[0]/Q
                         net (fo=3, routed)           0.138     0.713    bd_0_i/hls_inst/inst/grp_cpu_Pipeline_PROGRAM_LOOP_fu_187/pc_fu_274[0]
    SLICE_X43Y56         FDRE                                         r  bd_0_i/hls_inst/inst/grp_cpu_Pipeline_PROGRAM_LOOP_fu_187/pc_1_reg_5589_reg[0]/D
  -------------------------------------------------------------------    -------------------

                         (clock ap_clk rise edge)     0.000     0.000 r  
                                                      0.000     0.000 r  ap_clk (IN)
                         net (fo=1514, unset)         0.432     0.432    bd_0_i/hls_inst/inst/grp_cpu_Pipeline_PROGRAM_LOOP_fu_187/ap_clk
    SLICE_X43Y56         FDRE                                         r  bd_0_i/hls_inst/inst/grp_cpu_Pipeline_PROGRAM_LOOP_fu_187/pc_1_reg_5589_reg[0]/C
                         clock pessimism              0.000     0.432    
    SLICE_X43Y56         FDRE (Hold_fdre_C_D)         0.070     0.502    bd_0_i/hls_inst/inst/grp_cpu_Pipeline_PROGRAM_LOOP_fu_187/pc_1_reg_5589_reg[0]
  -------------------------------------------------------------------
                         required time                         -0.502    
                         arrival time                           0.713    
  -------------------------------------------------------------------
                         slack                                  0.211    

Slack (MET) :             0.212ns  (arrival time - required time)
  Source:                 bd_0_i/hls_inst/inst/grp_cpu_Pipeline_VITIS_LOOP_24_1_fu_152_ap_start_reg_reg/C
                            (rising edge-triggered cell FDRE clocked by ap_clk  {rise@0.000ns fall@5.000ns period=10.000ns})
  Destination:            bd_0_i/hls_inst/inst/ap_CS_fsm_reg[1]/D
                            (rising edge-triggered cell FDRE clocked by ap_clk  {rise@0.000ns fall@5.000ns period=10.000ns})
  Path Group:             ap_clk
  Path Type:              Hold (Min at Fast Process Corner)
  Requirement:            0.000ns  (ap_clk rise@0.000ns - ap_clk rise@0.000ns)
  Data Path Delay:        0.324ns  (logic 0.227ns (69.982%)  route 0.097ns (30.018%))
  Logic Levels:           1  (LUT6=1)
  Clock Path Skew:        0.022ns (DCD - SCD - CPR)
    Destination Clock Delay (DCD):    0.432ns
    Source Clock Delay      (SCD):    0.410ns
    Clock Pessimism Removal (CPR):    -0.000ns

    Location             Delay type                Incr(ns)  Path(ns)    Netlist Resource(s)
  -------------------------------------------------------------------    -------------------
                         (clock ap_clk rise edge)     0.000     0.000 r  
                                                      0.000     0.000 r  ap_clk (IN)
                         net (fo=1514, unset)         0.410     0.410    bd_0_i/hls_inst/inst/ap_clk
    SLICE_X45Y71         FDRE                                         r  bd_0_i/hls_inst/inst/grp_cpu_Pipeline_VITIS_LOOP_24_1_fu_152_ap_start_reg_reg/C
  -------------------------------------------------------------------    -------------------
    SLICE_X45Y71         FDRE (Prop_fdre_C_Q)         0.128     0.538 f  bd_0_i/hls_inst/inst/grp_cpu_Pipeline_VITIS_LOOP_24_1_fu_152_ap_start_reg_reg/Q
                         net (fo=7, routed)           0.097     0.636    bd_0_i/hls_inst/inst/grp_cpu_Pipeline_VITIS_LOOP_24_1_fu_152/flow_control_loop_pipe_sequential_init_U/grp_cpu_Pipeline_VITIS_LOOP_24_1_fu_152_ap_start_reg
    SLICE_X45Y71         LUT6 (Prop_lut6_I0_O)        0.099     0.735 r  bd_0_i/hls_inst/inst/grp_cpu_Pipeline_VITIS_LOOP_24_1_fu_152/flow_control_loop_pipe_sequential_init_U/ap_CS_fsm[1]_i_1__0/O
                         net (fo=1, routed)           0.000     0.735    bd_0_i/hls_inst/inst/ap_NS_fsm[1]
    SLICE_X45Y71         FDRE                                         r  bd_0_i/hls_inst/inst/ap_CS_fsm_reg[1]/D
  -------------------------------------------------------------------    -------------------

                         (clock ap_clk rise edge)     0.000     0.000 r  
                                                      0.000     0.000 r  ap_clk (IN)
                         net (fo=1514, unset)         0.432     0.432    bd_0_i/hls_inst/inst/ap_clk
    SLICE_X45Y71         FDRE                                         r  bd_0_i/hls_inst/inst/ap_CS_fsm_reg[1]/C
                         clock pessimism              0.000     0.432    
    SLICE_X45Y71         FDRE (Hold_fdre_C_D)         0.091     0.523    bd_0_i/hls_inst/inst/ap_CS_fsm_reg[1]
  -------------------------------------------------------------------
                         required time                         -0.523    
                         arrival time                           0.735    
  -------------------------------------------------------------------
                         slack                                  0.212    

Slack (MET) :             0.214ns  (arrival time - required time)
  Source:                 bd_0_i/hls_inst/inst/grp_cpu_Pipeline_PROGRAM_LOOP_fu_187/ap_enable_reg_pp0_iter1_reg/C
                            (rising edge-triggered cell FDRE clocked by ap_clk  {rise@0.000ns fall@5.000ns period=10.000ns})
  Destination:            bd_0_i/hls_inst/inst/grp_cpu_Pipeline_PROGRAM_LOOP_fu_187/ap_CS_fsm_reg[4]/D
                            (rising edge-triggered cell FDRE clocked by ap_clk  {rise@0.000ns fall@5.000ns period=10.000ns})
  Path Group:             ap_clk
  Path Type:              Hold (Min at Fast Process Corner)
  Requirement:            0.000ns  (ap_clk rise@0.000ns - ap_clk rise@0.000ns)
  Data Path Delay:        0.366ns  (logic 0.189ns (51.596%)  route 0.177ns (48.404%))
  Logic Levels:           1  (LUT4=1)
  Clock Path Skew:        0.022ns (DCD - SCD - CPR)
    Destination Clock Delay (DCD):    0.432ns
    Source Clock Delay      (SCD):    0.410ns
    Clock Pessimism Removal (CPR):    -0.000ns

    Location             Delay type                Incr(ns)  Path(ns)    Netlist Resource(s)
  -------------------------------------------------------------------    -------------------
                         (clock ap_clk rise edge)     0.000     0.000 r  
                                                      0.000     0.000 r  ap_clk (IN)
                         net (fo=1514, unset)         0.410     0.410    bd_0_i/hls_inst/inst/grp_cpu_Pipeline_PROGRAM_LOOP_fu_187/ap_clk
    SLICE_X47Y60         FDRE                                         r  bd_0_i/hls_inst/inst/grp_cpu_Pipeline_PROGRAM_LOOP_fu_187/ap_enable_reg_pp0_iter1_reg/C
  -------------------------------------------------------------------    -------------------
    SLICE_X47Y60         FDRE (Prop_fdre_C_Q)         0.141     0.551 r  bd_0_i/hls_inst/inst/grp_cpu_Pipeline_PROGRAM_LOOP_fu_187/ap_enable_reg_pp0_iter1_reg/Q
                         net (fo=5, routed)           0.177     0.728    bd_0_i/hls_inst/inst/grp_cpu_Pipeline_PROGRAM_LOOP_fu_187/ap_enable_reg_pp0_iter1_reg_n_0
    SLICE_X46Y61         LUT4 (Prop_lut4_I3_O)        0.048     0.776 r  bd_0_i/hls_inst/inst/grp_cpu_Pipeline_PROGRAM_LOOP_fu_187/ap_CS_fsm[4]_i_1/O
                         net (fo=1, routed)           0.000     0.776    bd_0_i/hls_inst/inst/grp_cpu_Pipeline_PROGRAM_LOOP_fu_187/ap_NS_fsm[4]
    SLICE_X46Y61         FDRE                                         r  bd_0_i/hls_inst/inst/grp_cpu_Pipeline_PROGRAM_LOOP_fu_187/ap_CS_fsm_reg[4]/D
  -------------------------------------------------------------------    -------------------

                         (clock ap_clk rise edge)     0.000     0.000 r  
                                                      0.000     0.000 r  ap_clk (IN)
                         net (fo=1514, unset)         0.432     0.432    bd_0_i/hls_inst/inst/grp_cpu_Pipeline_PROGRAM_LOOP_fu_187/ap_clk
    SLICE_X46Y61         FDRE                                         r  bd_0_i/hls_inst/inst/grp_cpu_Pipeline_PROGRAM_LOOP_fu_187/ap_CS_fsm_reg[4]/C
                         clock pessimism              0.000     0.432    
    SLICE_X46Y61         FDRE (Hold_fdre_C_D)         0.131     0.563    bd_0_i/hls_inst/inst/grp_cpu_Pipeline_PROGRAM_LOOP_fu_187/ap_CS_fsm_reg[4]
  -------------------------------------------------------------------
                         required time                         -0.563    
                         arrival time                           0.776    
  -------------------------------------------------------------------
                         slack                                  0.214    





Pulse Width Checks
--------------------------------------------------------------------------------------
Clock Name:         ap_clk
Waveform(ns):       { 0.000 5.000 }
Period(ns):         10.000
Sources:            { ap_clk }

Check Type        Corner  Lib Pin      Reference Pin  Required(ns)  Actual(ns)  Slack(ns)  Location      Pin
Min Period        n/a     DSP48E1/CLK  n/a            2.154         10.000      7.846      DSP48_X2Y16   bd_0_i/hls_inst/inst/grp_cpu_Pipeline_PROGRAM_LOOP_fu_187/mul_32ns_32ns_64_2_1_U32/buff0_reg/CLK
Min Period        n/a     DSP48E1/CLK  n/a            2.154         10.000      7.846      DSP48_X1Y15   bd_0_i/hls_inst/inst/grp_cpu_Pipeline_PROGRAM_LOOP_fu_187/mul_32ns_32ns_64_2_1_U32/buff0_reg__0/CLK
Min Period        n/a     DSP48E1/CLK  n/a            2.154         10.000      7.846      DSP48_X2Y15   bd_0_i/hls_inst/inst/grp_cpu_Pipeline_PROGRAM_LOOP_fu_187/mul_32ns_32s_64_2_1_U33/buff0_reg/CLK
Min Period        n/a     DSP48E1/CLK  n/a            2.154         10.000      7.846      DSP48_X1Y17   bd_0_i/hls_inst/inst/grp_cpu_Pipeline_PROGRAM_LOOP_fu_187/mul_32ns_32s_64_2_1_U33/buff0_reg__0/CLK
Min Period        n/a     DSP48E1/CLK  n/a            2.154         10.000      7.846      DSP48_X2Y11   bd_0_i/hls_inst/inst/grp_cpu_Pipeline_PROGRAM_LOOP_fu_187/mul_32s_32s_64_2_1_U34/buff0_reg/CLK
Min Period        n/a     DSP48E1/CLK  n/a            2.154         10.000      7.846      DSP48_X2Y13   bd_0_i/hls_inst/inst/grp_cpu_Pipeline_PROGRAM_LOOP_fu_187/mul_32s_32s_64_2_1_U34/buff0_reg__0/CLK
Min Period        n/a     FDSE/C       n/a            1.000         10.000      9.000      SLICE_X45Y62  bd_0_i/hls_inst/inst/ap_CS_fsm_reg[0]/C
Min Period        n/a     FDRE/C       n/a            1.000         10.000      9.000      SLICE_X45Y71  bd_0_i/hls_inst/inst/ap_CS_fsm_reg[1]/C
Min Period        n/a     FDRE/C       n/a            1.000         10.000      9.000      SLICE_X45Y71  bd_0_i/hls_inst/inst/ap_CS_fsm_reg[2]/C
Min Period        n/a     FDRE/C       n/a            1.000         10.000      9.000      SLICE_X45Y62  bd_0_i/hls_inst/inst/ap_CS_fsm_reg[3]/C
Low Pulse Width   Slow    FDSE/C       n/a            0.500         5.000       4.500      SLICE_X45Y62  bd_0_i/hls_inst/inst/ap_CS_fsm_reg[0]/C
Low Pulse Width   Fast    FDSE/C       n/a            0.500         5.000       4.500      SLICE_X45Y62  bd_0_i/hls_inst/inst/ap_CS_fsm_reg[0]/C
Low Pulse Width   Slow    FDRE/C       n/a            0.500         5.000       4.500      SLICE_X45Y71  bd_0_i/hls_inst/inst/ap_CS_fsm_reg[1]/C
Low Pulse Width   Fast    FDRE/C       n/a            0.500         5.000       4.500      SLICE_X45Y71  bd_0_i/hls_inst/inst/ap_CS_fsm_reg[1]/C
Low Pulse Width   Slow    FDRE/C       n/a            0.500         5.000       4.500      SLICE_X45Y71  bd_0_i/hls_inst/inst/ap_CS_fsm_reg[2]/C
Low Pulse Width   Fast    FDRE/C       n/a            0.500         5.000       4.500      SLICE_X45Y71  bd_0_i/hls_inst/inst/ap_CS_fsm_reg[2]/C
Low Pulse Width   Slow    FDRE/C       n/a            0.500         5.000       4.500      SLICE_X45Y62  bd_0_i/hls_inst/inst/ap_CS_fsm_reg[3]/C
Low Pulse Width   Fast    FDRE/C       n/a            0.500         5.000       4.500      SLICE_X45Y62  bd_0_i/hls_inst/inst/ap_CS_fsm_reg[3]/C
Low Pulse Width   Slow    FDRE/C       n/a            0.500         5.000       4.500      SLICE_X46Y61  bd_0_i/hls_inst/inst/grp_cpu_Pipeline_PROGRAM_LOOP_fu_187_ap_start_reg_reg/C
Low Pulse Width   Fast    FDRE/C       n/a            0.500         5.000       4.500      SLICE_X46Y61  bd_0_i/hls_inst/inst/grp_cpu_Pipeline_PROGRAM_LOOP_fu_187_ap_start_reg_reg/C
High Pulse Width  Slow    FDSE/C       n/a            0.500         5.000       4.500      SLICE_X45Y62  bd_0_i/hls_inst/inst/ap_CS_fsm_reg[0]/C
High Pulse Width  Fast    FDSE/C       n/a            0.500         5.000       4.500      SLICE_X45Y62  bd_0_i/hls_inst/inst/ap_CS_fsm_reg[0]/C
High Pulse Width  Slow    FDRE/C       n/a            0.500         5.000       4.500      SLICE_X45Y71  bd_0_i/hls_inst/inst/ap_CS_fsm_reg[1]/C
High Pulse Width  Fast    FDRE/C       n/a            0.500         5.000       4.500      SLICE_X45Y71  bd_0_i/hls_inst/inst/ap_CS_fsm_reg[1]/C
High Pulse Width  Slow    FDRE/C       n/a            0.500         5.000       4.500      SLICE_X45Y71  bd_0_i/hls_inst/inst/ap_CS_fsm_reg[2]/C
High Pulse Width  Fast    FDRE/C       n/a            0.500         5.000       4.500      SLICE_X45Y71  bd_0_i/hls_inst/inst/ap_CS_fsm_reg[2]/C
High Pulse Width  Slow    FDRE/C       n/a            0.500         5.000       4.500      SLICE_X45Y62  bd_0_i/hls_inst/inst/ap_CS_fsm_reg[3]/C
High Pulse Width  Fast    FDRE/C       n/a            0.500         5.000       4.500      SLICE_X45Y62  bd_0_i/hls_inst/inst/ap_CS_fsm_reg[3]/C
High Pulse Width  Slow    FDRE/C       n/a            0.500         5.000       4.500      SLICE_X46Y61  bd_0_i/hls_inst/inst/grp_cpu_Pipeline_PROGRAM_LOOP_fu_187_ap_start_reg_reg/C
High Pulse Width  Fast    FDRE/C       n/a            0.500         5.000       4.500      SLICE_X46Y61  bd_0_i/hls_inst/inst/grp_cpu_Pipeline_PROGRAM_LOOP_fu_187_ap_start_reg_reg/C



--------------------------------------------------------------------------------------
Path Group:  (none)
From Clock:  
  To Clock:  

Max Delay            51 Endpoints
Min Delay            51 Endpoints
--------------------------------------------------------------------------------------


Max Delay Paths
--------------------------------------------------------------------------------------
Slack:                    inf
  Source:                 mem_q0[0]
                            (input port)
  Destination:            mem_address0[14]
                            (output port)
  Path Group:             (none)
  Path Type:              Max at Slow Process Corner
  Data Path Delay:        11.125ns  (logic 2.617ns (23.524%)  route 8.508ns (76.476%))
  Logic Levels:           13  (CARRY4=4 LUT2=1 LUT3=3 LUT4=1 LUT5=1 LUT6=3)

    Location             Delay type                Incr(ns)  Path(ns)    Netlist Resource(s)
  -------------------------------------------------------------------    -------------------
                                                      0.000     0.000 f  mem_q0[0] (IN)
                         net (fo=8, unset)            0.973     0.973    bd_0_i/hls_inst/inst/grp_cpu_Pipeline_PROGRAM_LOOP_fu_187/mem_q0[0]
    SLICE_X41Y60         LUT2 (Prop_lut2_I1_O)        0.150     1.123 r  bd_0_i/hls_inst/inst/grp_cpu_Pipeline_PROGRAM_LOOP_fu_187/icmp_ln183_reg_5739[0]_i_2/O
                         net (fo=4, routed)           0.982     2.105    bd_0_i/hls_inst/inst/grp_cpu_Pipeline_PROGRAM_LOOP_fu_187/icmp_ln183_reg_5739[0]_i_2_n_0
    SLICE_X42Y60         LUT6 (Prop_lut6_I5_O)        0.326     2.431 r  bd_0_i/hls_inst/inst/grp_cpu_Pipeline_PROGRAM_LOOP_fu_187/mem_address0[15]_INST_0_i_10/O
                         net (fo=5, routed)           0.536     2.967    bd_0_i/hls_inst/inst/grp_cpu_Pipeline_PROGRAM_LOOP_fu_187/mem_address0[15]_INST_0_i_10_n_0
    SLICE_X42Y60         LUT6 (Prop_lut6_I3_O)        0.124     3.091 r  bd_0_i/hls_inst/inst/grp_cpu_Pipeline_PROGRAM_LOOP_fu_187/imm_reg_805[11]_i_2/O
                         net (fo=21, routed)          0.505     3.597    bd_0_i/hls_inst/inst/grp_cpu_Pipeline_PROGRAM_LOOP_fu_187/imm_reg_805[11]_i_2_n_0
    SLICE_X42Y57         LUT3 (Prop_lut3_I0_O)        0.124     3.721 r  bd_0_i/hls_inst/inst/grp_cpu_Pipeline_PROGRAM_LOOP_fu_187/imm_reg_805[10]_i_2/O
                         net (fo=53, routed)          1.001     4.722    bd_0_i/hls_inst/inst/grp_cpu_Pipeline_PROGRAM_LOOP_fu_187/imm_reg_805[10]_i_2_n_0
    SLICE_X41Y52         LUT3 (Prop_lut3_I1_O)        0.124     4.846 r  bd_0_i/hls_inst/inst/grp_cpu_Pipeline_PROGRAM_LOOP_fu_187/mem_address0[5]_INST_0_i_5/O
                         net (fo=1, routed)           0.000     4.846    bd_0_i/hls_inst/inst/grp_cpu_Pipeline_PROGRAM_LOOP_fu_187/mem_address0[5]_INST_0_i_5_n_0
    SLICE_X41Y52         CARRY4 (Prop_carry4_S[1]_CO[3])
                                                      0.550     5.396 r  bd_0_i/hls_inst/inst/grp_cpu_Pipeline_PROGRAM_LOOP_fu_187/mem_address0[5]_INST_0_i_1/CO[3]
                         net (fo=1, routed)           0.000     5.396    bd_0_i/hls_inst/inst/grp_cpu_Pipeline_PROGRAM_LOOP_fu_187/mem_address0[5]_INST_0_i_1_n_0
    SLICE_X41Y53         CARRY4 (Prop_carry4_CI_CO[3])
                                                      0.114     5.510 r  bd_0_i/hls_inst/inst/grp_cpu_Pipeline_PROGRAM_LOOP_fu_187/mem_address0[9]_INST_0_i_1/CO[3]
                         net (fo=1, routed)           0.000     5.510    bd_0_i/hls_inst/inst/grp_cpu_Pipeline_PROGRAM_LOOP_fu_187/mem_address0[9]_INST_0_i_1_n_0
    SLICE_X41Y54         CARRY4 (Prop_carry4_CI_CO[3])
                                                      0.114     5.624 r  bd_0_i/hls_inst/inst/grp_cpu_Pipeline_PROGRAM_LOOP_fu_187/mem_address0[13]_INST_0_i_1/CO[3]
                         net (fo=1, routed)           0.000     5.624    bd_0_i/hls_inst/inst/grp_cpu_Pipeline_PROGRAM_LOOP_fu_187/mem_address0[13]_INST_0_i_1_n_0
    SLICE_X41Y55         CARRY4 (Prop_carry4_CI_O[3])
                                                      0.313     5.937 f  bd_0_i/hls_inst/inst/grp_cpu_Pipeline_PROGRAM_LOOP_fu_187/mem_address0[15]_INST_0_i_1/O[3]
                         net (fo=2, routed)           0.979     6.915    bd_0_i/hls_inst/inst/grp_cpu_Pipeline_PROGRAM_LOOP_fu_187/mem_address0[15]_INST_0_i_1_n_4
    SLICE_X42Y58         LUT4 (Prop_lut4_I3_O)        0.306     7.221 f  bd_0_i/hls_inst/inst/grp_cpu_Pipeline_PROGRAM_LOOP_fu_187/or_ln213_reg_5654[0]_i_2/O
                         net (fo=2, routed)           0.321     7.543    bd_0_i/hls_inst/inst/grp_cpu_Pipeline_PROGRAM_LOOP_fu_187/or_ln213_reg_5654[0]_i_2_n_0
    SLICE_X42Y59         LUT5 (Prop_lut5_I4_O)        0.124     7.667 f  bd_0_i/hls_inst/inst/grp_cpu_Pipeline_PROGRAM_LOOP_fu_187/mem_address0[15]_INST_0_i_8/O
                         net (fo=2, routed)           0.294     7.961    bd_0_i/hls_inst/inst/grp_cpu_Pipeline_PROGRAM_LOOP_fu_187/mem_address0[15]_INST_0_i_8_n_0
    SLICE_X42Y59         LUT6 (Prop_lut6_I2_O)        0.124     8.085 r  bd_0_i/hls_inst/inst/grp_cpu_Pipeline_PROGRAM_LOOP_fu_187/mem_address0[15]_INST_0_i_2/O
                         net (fo=20, routed)          1.943    10.028    bd_0_i/hls_inst/inst/grp_cpu_Pipeline_PROGRAM_LOOP_fu_187/mem_address0[15]_INST_0_i_2_n_0
    SLICE_X43Y55         LUT3 (Prop_lut3_I1_O)        0.124    10.152 r  bd_0_i/hls_inst/inst/grp_cpu_Pipeline_PROGRAM_LOOP_fu_187/mem_address0[14]_INST_0/O
                         net (fo=0)                   0.973    11.125    mem_address0[14]
                                                                      r  mem_address0[14] (OUT)
  -------------------------------------------------------------------    -------------------

Slack:                    inf
  Source:                 mem_q0[0]
                            (input port)
  Destination:            mem_address0[3]
                            (output port)
  Path Group:             (none)
  Path Type:              Max at Slow Process Corner
  Data Path Delay:        10.938ns  (logic 2.617ns (23.925%)  route 8.321ns (76.075%))
  Logic Levels:           13  (CARRY4=4 LUT2=1 LUT3=3 LUT4=1 LUT5=1 LUT6=3)

    Location             Delay type                Incr(ns)  Path(ns)    Netlist Resource(s)
  -------------------------------------------------------------------    -------------------
                                                      0.000     0.000 f  mem_q0[0] (IN)
                         net (fo=8, unset)            0.973     0.973    bd_0_i/hls_inst/inst/grp_cpu_Pipeline_PROGRAM_LOOP_fu_187/mem_q0[0]
    SLICE_X41Y60         LUT2 (Prop_lut2_I1_O)        0.150     1.123 r  bd_0_i/hls_inst/inst/grp_cpu_Pipeline_PROGRAM_LOOP_fu_187/icmp_ln183_reg_5739[0]_i_2/O
                         net (fo=4, routed)           0.982     2.105    bd_0_i/hls_inst/inst/grp_cpu_Pipeline_PROGRAM_LOOP_fu_187/icmp_ln183_reg_5739[0]_i_2_n_0
    SLICE_X42Y60         LUT6 (Prop_lut6_I5_O)        0.326     2.431 r  bd_0_i/hls_inst/inst/grp_cpu_Pipeline_PROGRAM_LOOP_fu_187/mem_address0[15]_INST_0_i_10/O
                         net (fo=5, routed)           0.536     2.967    bd_0_i/hls_inst/inst/grp_cpu_Pipeline_PROGRAM_LOOP_fu_187/mem_address0[15]_INST_0_i_10_n_0
    SLICE_X42Y60         LUT6 (Prop_lut6_I3_O)        0.124     3.091 r  bd_0_i/hls_inst/inst/grp_cpu_Pipeline_PROGRAM_LOOP_fu_187/imm_reg_805[11]_i_2/O
                         net (fo=21, routed)          0.505     3.597    bd_0_i/hls_inst/inst/grp_cpu_Pipeline_PROGRAM_LOOP_fu_187/imm_reg_805[11]_i_2_n_0
    SLICE_X42Y57         LUT3 (Prop_lut3_I0_O)        0.124     3.721 r  bd_0_i/hls_inst/inst/grp_cpu_Pipeline_PROGRAM_LOOP_fu_187/imm_reg_805[10]_i_2/O
                         net (fo=53, routed)          1.001     4.722    bd_0_i/hls_inst/inst/grp_cpu_Pipeline_PROGRAM_LOOP_fu_187/imm_reg_805[10]_i_2_n_0
    SLICE_X41Y52         LUT3 (Prop_lut3_I1_O)        0.124     4.846 r  bd_0_i/hls_inst/inst/grp_cpu_Pipeline_PROGRAM_LOOP_fu_187/mem_address0[5]_INST_0_i_5/O
                         net (fo=1, routed)           0.000     4.846    bd_0_i/hls_inst/inst/grp_cpu_Pipeline_PROGRAM_LOOP_fu_187/mem_address0[5]_INST_0_i_5_n_0
    SLICE_X41Y52         CARRY4 (Prop_carry4_S[1]_CO[3])
                                                      0.550     5.396 r  bd_0_i/hls_inst/inst/grp_cpu_Pipeline_PROGRAM_LOOP_fu_187/mem_address0[5]_INST_0_i_1/CO[3]
                         net (fo=1, routed)           0.000     5.396    bd_0_i/hls_inst/inst/grp_cpu_Pipeline_PROGRAM_LOOP_fu_187/mem_address0[5]_INST_0_i_1_n_0
    SLICE_X41Y53         CARRY4 (Prop_carry4_CI_CO[3])
                                                      0.114     5.510 r  bd_0_i/hls_inst/inst/grp_cpu_Pipeline_PROGRAM_LOOP_fu_187/mem_address0[9]_INST_0_i_1/CO[3]
                         net (fo=1, routed)           0.000     5.510    bd_0_i/hls_inst/inst/grp_cpu_Pipeline_PROGRAM_LOOP_fu_187/mem_address0[9]_INST_0_i_1_n_0
    SLICE_X41Y54         CARRY4 (Prop_carry4_CI_CO[3])
                                                      0.114     5.624 r  bd_0_i/hls_inst/inst/grp_cpu_Pipeline_PROGRAM_LOOP_fu_187/mem_address0[13]_INST_0_i_1/CO[3]
                         net (fo=1, routed)           0.000     5.624    bd_0_i/hls_inst/inst/grp_cpu_Pipeline_PROGRAM_LOOP_fu_187/mem_address0[13]_INST_0_i_1_n_0
    SLICE_X41Y55         CARRY4 (Prop_carry4_CI_O[3])
                                                      0.313     5.937 f  bd_0_i/hls_inst/inst/grp_cpu_Pipeline_PROGRAM_LOOP_fu_187/mem_address0[15]_INST_0_i_1/O[3]
                         net (fo=2, routed)           0.979     6.915    bd_0_i/hls_inst/inst/grp_cpu_Pipeline_PROGRAM_LOOP_fu_187/mem_address0[15]_INST_0_i_1_n_4
    SLICE_X42Y58         LUT4 (Prop_lut4_I3_O)        0.306     7.221 f  bd_0_i/hls_inst/inst/grp_cpu_Pipeline_PROGRAM_LOOP_fu_187/or_ln213_reg_5654[0]_i_2/O
                         net (fo=2, routed)           0.321     7.543    bd_0_i/hls_inst/inst/grp_cpu_Pipeline_PROGRAM_LOOP_fu_187/or_ln213_reg_5654[0]_i_2_n_0
    SLICE_X42Y59         LUT5 (Prop_lut5_I4_O)        0.124     7.667 f  bd_0_i/hls_inst/inst/grp_cpu_Pipeline_PROGRAM_LOOP_fu_187/mem_address0[15]_INST_0_i_8/O
                         net (fo=2, routed)           0.294     7.961    bd_0_i/hls_inst/inst/grp_cpu_Pipeline_PROGRAM_LOOP_fu_187/mem_address0[15]_INST_0_i_8_n_0
    SLICE_X42Y59         LUT6 (Prop_lut6_I2_O)        0.124     8.085 r  bd_0_i/hls_inst/inst/grp_cpu_Pipeline_PROGRAM_LOOP_fu_187/mem_address0[15]_INST_0_i_2/O
                         net (fo=20, routed)          1.757     9.841    bd_0_i/hls_inst/inst/grp_cpu_Pipeline_PROGRAM_LOOP_fu_187/mem_address0[15]_INST_0_i_2_n_0
    SLICE_X42Y53         LUT3 (Prop_lut3_I1_O)        0.124     9.965 r  bd_0_i/hls_inst/inst/grp_cpu_Pipeline_PROGRAM_LOOP_fu_187/mem_address0[3]_INST_0/O
                         net (fo=0)                   0.973    10.938    mem_address0[3]
                                                                      r  mem_address0[3] (OUT)
  -------------------------------------------------------------------    -------------------

Slack:                    inf
  Source:                 mem_q0[0]
                            (input port)
  Destination:            mem_address0[0]
                            (output port)
  Path Group:             (none)
  Path Type:              Max at Slow Process Corner
  Data Path Delay:        10.812ns  (logic 2.617ns (24.204%)  route 8.195ns (75.796%))
  Logic Levels:           13  (CARRY4=4 LUT2=1 LUT3=3 LUT4=1 LUT5=1 LUT6=3)

    Location             Delay type                Incr(ns)  Path(ns)    Netlist Resource(s)
  -------------------------------------------------------------------    -------------------
                                                      0.000     0.000 f  mem_q0[0] (IN)
                         net (fo=8, unset)            0.973     0.973    bd_0_i/hls_inst/inst/grp_cpu_Pipeline_PROGRAM_LOOP_fu_187/mem_q0[0]
    SLICE_X41Y60         LUT2 (Prop_lut2_I1_O)        0.150     1.123 r  bd_0_i/hls_inst/inst/grp_cpu_Pipeline_PROGRAM_LOOP_fu_187/icmp_ln183_reg_5739[0]_i_2/O
                         net (fo=4, routed)           0.982     2.105    bd_0_i/hls_inst/inst/grp_cpu_Pipeline_PROGRAM_LOOP_fu_187/icmp_ln183_reg_5739[0]_i_2_n_0
    SLICE_X42Y60         LUT6 (Prop_lut6_I5_O)        0.326     2.431 r  bd_0_i/hls_inst/inst/grp_cpu_Pipeline_PROGRAM_LOOP_fu_187/mem_address0[15]_INST_0_i_10/O
                         net (fo=5, routed)           0.536     2.967    bd_0_i/hls_inst/inst/grp_cpu_Pipeline_PROGRAM_LOOP_fu_187/mem_address0[15]_INST_0_i_10_n_0
    SLICE_X42Y60         LUT6 (Prop_lut6_I3_O)        0.124     3.091 r  bd_0_i/hls_inst/inst/grp_cpu_Pipeline_PROGRAM_LOOP_fu_187/imm_reg_805[11]_i_2/O
                         net (fo=21, routed)          0.505     3.597    bd_0_i/hls_inst/inst/grp_cpu_Pipeline_PROGRAM_LOOP_fu_187/imm_reg_805[11]_i_2_n_0
    SLICE_X42Y57         LUT3 (Prop_lut3_I0_O)        0.124     3.721 r  bd_0_i/hls_inst/inst/grp_cpu_Pipeline_PROGRAM_LOOP_fu_187/imm_reg_805[10]_i_2/O
                         net (fo=53, routed)          1.001     4.722    bd_0_i/hls_inst/inst/grp_cpu_Pipeline_PROGRAM_LOOP_fu_187/imm_reg_805[10]_i_2_n_0
    SLICE_X41Y52         LUT3 (Prop_lut3_I1_O)        0.124     4.846 r  bd_0_i/hls_inst/inst/grp_cpu_Pipeline_PROGRAM_LOOP_fu_187/mem_address0[5]_INST_0_i_5/O
                         net (fo=1, routed)           0.000     4.846    bd_0_i/hls_inst/inst/grp_cpu_Pipeline_PROGRAM_LOOP_fu_187/mem_address0[5]_INST_0_i_5_n_0
    SLICE_X41Y52         CARRY4 (Prop_carry4_S[1]_CO[3])
                                                      0.550     5.396 r  bd_0_i/hls_inst/inst/grp_cpu_Pipeline_PROGRAM_LOOP_fu_187/mem_address0[5]_INST_0_i_1/CO[3]
                         net (fo=1, routed)           0.000     5.396    bd_0_i/hls_inst/inst/grp_cpu_Pipeline_PROGRAM_LOOP_fu_187/mem_address0[5]_INST_0_i_1_n_0
    SLICE_X41Y53         CARRY4 (Prop_carry4_CI_CO[3])
                                                      0.114     5.510 r  bd_0_i/hls_inst/inst/grp_cpu_Pipeline_PROGRAM_LOOP_fu_187/mem_address0[9]_INST_0_i_1/CO[3]
                         net (fo=1, routed)           0.000     5.510    bd_0_i/hls_inst/inst/grp_cpu_Pipeline_PROGRAM_LOOP_fu_187/mem_address0[9]_INST_0_i_1_n_0
    SLICE_X41Y54         CARRY4 (Prop_carry4_CI_CO[3])
                                                      0.114     5.624 r  bd_0_i/hls_inst/inst/grp_cpu_Pipeline_PROGRAM_LOOP_fu_187/mem_address0[13]_INST_0_i_1/CO[3]
                         net (fo=1, routed)           0.000     5.624    bd_0_i/hls_inst/inst/grp_cpu_Pipeline_PROGRAM_LOOP_fu_187/mem_address0[13]_INST_0_i_1_n_0
    SLICE_X41Y55         CARRY4 (Prop_carry4_CI_O[3])
                                                      0.313     5.937 f  bd_0_i/hls_inst/inst/grp_cpu_Pipeline_PROGRAM_LOOP_fu_187/mem_address0[15]_INST_0_i_1/O[3]
                         net (fo=2, routed)           0.979     6.915    bd_0_i/hls_inst/inst/grp_cpu_Pipeline_PROGRAM_LOOP_fu_187/mem_address0[15]_INST_0_i_1_n_4
    SLICE_X42Y58         LUT4 (Prop_lut4_I3_O)        0.306     7.221 f  bd_0_i/hls_inst/inst/grp_cpu_Pipeline_PROGRAM_LOOP_fu_187/or_ln213_reg_5654[0]_i_2/O
                         net (fo=2, routed)           0.321     7.543    bd_0_i/hls_inst/inst/grp_cpu_Pipeline_PROGRAM_LOOP_fu_187/or_ln213_reg_5654[0]_i_2_n_0
    SLICE_X42Y59         LUT5 (Prop_lut5_I4_O)        0.124     7.667 f  bd_0_i/hls_inst/inst/grp_cpu_Pipeline_PROGRAM_LOOP_fu_187/mem_address0[15]_INST_0_i_8/O
                         net (fo=2, routed)           0.294     7.961    bd_0_i/hls_inst/inst/grp_cpu_Pipeline_PROGRAM_LOOP_fu_187/mem_address0[15]_INST_0_i_8_n_0
    SLICE_X42Y59         LUT6 (Prop_lut6_I2_O)        0.124     8.085 r  bd_0_i/hls_inst/inst/grp_cpu_Pipeline_PROGRAM_LOOP_fu_187/mem_address0[15]_INST_0_i_2/O
                         net (fo=20, routed)          1.631     9.715    bd_0_i/hls_inst/inst/grp_cpu_Pipeline_PROGRAM_LOOP_fu_187/mem_address0[15]_INST_0_i_2_n_0
    SLICE_X43Y52         LUT3 (Prop_lut3_I1_O)        0.124     9.839 r  bd_0_i/hls_inst/inst/grp_cpu_Pipeline_PROGRAM_LOOP_fu_187/mem_address0[0]_INST_0/O
                         net (fo=0)                   0.973    10.812    mem_address0[0]
                                                                      r  mem_address0[0] (OUT)
  -------------------------------------------------------------------    -------------------

Slack:                    inf
  Source:                 mem_q0[0]
                            (input port)
  Destination:            mem_address0[5]
                            (output port)
  Path Group:             (none)
  Path Type:              Max at Slow Process Corner
  Data Path Delay:        10.669ns  (logic 2.617ns (24.528%)  route 8.052ns (75.472%))
  Logic Levels:           13  (CARRY4=4 LUT2=1 LUT3=3 LUT4=1 LUT5=1 LUT6=3)

    Location             Delay type                Incr(ns)  Path(ns)    Netlist Resource(s)
  -------------------------------------------------------------------    -------------------
                                                      0.000     0.000 f  mem_q0[0] (IN)
                         net (fo=8, unset)            0.973     0.973    bd_0_i/hls_inst/inst/grp_cpu_Pipeline_PROGRAM_LOOP_fu_187/mem_q0[0]
    SLICE_X41Y60         LUT2 (Prop_lut2_I1_O)        0.150     1.123 r  bd_0_i/hls_inst/inst/grp_cpu_Pipeline_PROGRAM_LOOP_fu_187/icmp_ln183_reg_5739[0]_i_2/O
                         net (fo=4, routed)           0.982     2.105    bd_0_i/hls_inst/inst/grp_cpu_Pipeline_PROGRAM_LOOP_fu_187/icmp_ln183_reg_5739[0]_i_2_n_0
    SLICE_X42Y60         LUT6 (Prop_lut6_I5_O)        0.326     2.431 r  bd_0_i/hls_inst/inst/grp_cpu_Pipeline_PROGRAM_LOOP_fu_187/mem_address0[15]_INST_0_i_10/O
                         net (fo=5, routed)           0.536     2.967    bd_0_i/hls_inst/inst/grp_cpu_Pipeline_PROGRAM_LOOP_fu_187/mem_address0[15]_INST_0_i_10_n_0
    SLICE_X42Y60         LUT6 (Prop_lut6_I3_O)        0.124     3.091 r  bd_0_i/hls_inst/inst/grp_cpu_Pipeline_PROGRAM_LOOP_fu_187/imm_reg_805[11]_i_2/O
                         net (fo=21, routed)          0.505     3.597    bd_0_i/hls_inst/inst/grp_cpu_Pipeline_PROGRAM_LOOP_fu_187/imm_reg_805[11]_i_2_n_0
    SLICE_X42Y57         LUT3 (Prop_lut3_I0_O)        0.124     3.721 r  bd_0_i/hls_inst/inst/grp_cpu_Pipeline_PROGRAM_LOOP_fu_187/imm_reg_805[10]_i_2/O
                         net (fo=53, routed)          1.001     4.722    bd_0_i/hls_inst/inst/grp_cpu_Pipeline_PROGRAM_LOOP_fu_187/imm_reg_805[10]_i_2_n_0
    SLICE_X41Y52         LUT3 (Prop_lut3_I1_O)        0.124     4.846 r  bd_0_i/hls_inst/inst/grp_cpu_Pipeline_PROGRAM_LOOP_fu_187/mem_address0[5]_INST_0_i_5/O
                         net (fo=1, routed)           0.000     4.846    bd_0_i/hls_inst/inst/grp_cpu_Pipeline_PROGRAM_LOOP_fu_187/mem_address0[5]_INST_0_i_5_n_0
    SLICE_X41Y52         CARRY4 (Prop_carry4_S[1]_CO[3])
                                                      0.550     5.396 r  bd_0_i/hls_inst/inst/grp_cpu_Pipeline_PROGRAM_LOOP_fu_187/mem_address0[5]_INST_0_i_1/CO[3]
                         net (fo=1, routed)           0.000     5.396    bd_0_i/hls_inst/inst/grp_cpu_Pipeline_PROGRAM_LOOP_fu_187/mem_address0[5]_INST_0_i_1_n_0
    SLICE_X41Y53         CARRY4 (Prop_carry4_CI_CO[3])
                                                      0.114     5.510 r  bd_0_i/hls_inst/inst/grp_cpu_Pipeline_PROGRAM_LOOP_fu_187/mem_address0[9]_INST_0_i_1/CO[3]
                         net (fo=1, routed)           0.000     5.510    bd_0_i/hls_inst/inst/grp_cpu_Pipeline_PROGRAM_LOOP_fu_187/mem_address0[9]_INST_0_i_1_n_0
    SLICE_X41Y54         CARRY4 (Prop_carry4_CI_CO[3])
                                                      0.114     5.624 r  bd_0_i/hls_inst/inst/grp_cpu_Pipeline_PROGRAM_LOOP_fu_187/mem_address0[13]_INST_0_i_1/CO[3]
                         net (fo=1, routed)           0.000     5.624    bd_0_i/hls_inst/inst/grp_cpu_Pipeline_PROGRAM_LOOP_fu_187/mem_address0[13]_INST_0_i_1_n_0
    SLICE_X41Y55         CARRY4 (Prop_carry4_CI_O[3])
                                                      0.313     5.937 f  bd_0_i/hls_inst/inst/grp_cpu_Pipeline_PROGRAM_LOOP_fu_187/mem_address0[15]_INST_0_i_1/O[3]
                         net (fo=2, routed)           0.979     6.915    bd_0_i/hls_inst/inst/grp_cpu_Pipeline_PROGRAM_LOOP_fu_187/mem_address0[15]_INST_0_i_1_n_4
    SLICE_X42Y58         LUT4 (Prop_lut4_I3_O)        0.306     7.221 f  bd_0_i/hls_inst/inst/grp_cpu_Pipeline_PROGRAM_LOOP_fu_187/or_ln213_reg_5654[0]_i_2/O
                         net (fo=2, routed)           0.321     7.543    bd_0_i/hls_inst/inst/grp_cpu_Pipeline_PROGRAM_LOOP_fu_187/or_ln213_reg_5654[0]_i_2_n_0
    SLICE_X42Y59         LUT5 (Prop_lut5_I4_O)        0.124     7.667 f  bd_0_i/hls_inst/inst/grp_cpu_Pipeline_PROGRAM_LOOP_fu_187/mem_address0[15]_INST_0_i_8/O
                         net (fo=2, routed)           0.294     7.961    bd_0_i/hls_inst/inst/grp_cpu_Pipeline_PROGRAM_LOOP_fu_187/mem_address0[15]_INST_0_i_8_n_0
    SLICE_X42Y59         LUT6 (Prop_lut6_I2_O)        0.124     8.085 r  bd_0_i/hls_inst/inst/grp_cpu_Pipeline_PROGRAM_LOOP_fu_187/mem_address0[15]_INST_0_i_2/O
                         net (fo=20, routed)          1.488     9.572    bd_0_i/hls_inst/inst/grp_cpu_Pipeline_PROGRAM_LOOP_fu_187/mem_address0[15]_INST_0_i_2_n_0
    SLICE_X46Y53         LUT3 (Prop_lut3_I1_O)        0.124     9.696 r  bd_0_i/hls_inst/inst/grp_cpu_Pipeline_PROGRAM_LOOP_fu_187/mem_address0[5]_INST_0/O
                         net (fo=0)                   0.973    10.669    mem_address0[5]
                                                                      r  mem_address0[5] (OUT)
  -------------------------------------------------------------------    -------------------

Slack:                    inf
  Source:                 mem_q0[0]
                            (input port)
  Destination:            mem_address0[12]
                            (output port)
  Path Group:             (none)
  Path Type:              Max at Slow Process Corner
  Data Path Delay:        10.668ns  (logic 2.617ns (24.531%)  route 8.051ns (75.469%))
  Logic Levels:           13  (CARRY4=4 LUT2=1 LUT3=3 LUT4=1 LUT5=1 LUT6=3)

    Location             Delay type                Incr(ns)  Path(ns)    Netlist Resource(s)
  -------------------------------------------------------------------    -------------------
                                                      0.000     0.000 f  mem_q0[0] (IN)
                         net (fo=8, unset)            0.973     0.973    bd_0_i/hls_inst/inst/grp_cpu_Pipeline_PROGRAM_LOOP_fu_187/mem_q0[0]
    SLICE_X41Y60         LUT2 (Prop_lut2_I1_O)        0.150     1.123 r  bd_0_i/hls_inst/inst/grp_cpu_Pipeline_PROGRAM_LOOP_fu_187/icmp_ln183_reg_5739[0]_i_2/O
                         net (fo=4, routed)           0.982     2.105    bd_0_i/hls_inst/inst/grp_cpu_Pipeline_PROGRAM_LOOP_fu_187/icmp_ln183_reg_5739[0]_i_2_n_0
    SLICE_X42Y60         LUT6 (Prop_lut6_I5_O)        0.326     2.431 r  bd_0_i/hls_inst/inst/grp_cpu_Pipeline_PROGRAM_LOOP_fu_187/mem_address0[15]_INST_0_i_10/O
                         net (fo=5, routed)           0.536     2.967    bd_0_i/hls_inst/inst/grp_cpu_Pipeline_PROGRAM_LOOP_fu_187/mem_address0[15]_INST_0_i_10_n_0
    SLICE_X42Y60         LUT6 (Prop_lut6_I3_O)        0.124     3.091 r  bd_0_i/hls_inst/inst/grp_cpu_Pipeline_PROGRAM_LOOP_fu_187/imm_reg_805[11]_i_2/O
                         net (fo=21, routed)          0.505     3.597    bd_0_i/hls_inst/inst/grp_cpu_Pipeline_PROGRAM_LOOP_fu_187/imm_reg_805[11]_i_2_n_0
    SLICE_X42Y57         LUT3 (Prop_lut3_I0_O)        0.124     3.721 r  bd_0_i/hls_inst/inst/grp_cpu_Pipeline_PROGRAM_LOOP_fu_187/imm_reg_805[10]_i_2/O
                         net (fo=53, routed)          1.001     4.722    bd_0_i/hls_inst/inst/grp_cpu_Pipeline_PROGRAM_LOOP_fu_187/imm_reg_805[10]_i_2_n_0
    SLICE_X41Y52         LUT3 (Prop_lut3_I1_O)        0.124     4.846 r  bd_0_i/hls_inst/inst/grp_cpu_Pipeline_PROGRAM_LOOP_fu_187/mem_address0[5]_INST_0_i_5/O
                         net (fo=1, routed)           0.000     4.846    bd_0_i/hls_inst/inst/grp_cpu_Pipeline_PROGRAM_LOOP_fu_187/mem_address0[5]_INST_0_i_5_n_0
    SLICE_X41Y52         CARRY4 (Prop_carry4_S[1]_CO[3])
                                                      0.550     5.396 r  bd_0_i/hls_inst/inst/grp_cpu_Pipeline_PROGRAM_LOOP_fu_187/mem_address0[5]_INST_0_i_1/CO[3]
                         net (fo=1, routed)           0.000     5.396    bd_0_i/hls_inst/inst/grp_cpu_Pipeline_PROGRAM_LOOP_fu_187/mem_address0[5]_INST_0_i_1_n_0
    SLICE_X41Y53         CARRY4 (Prop_carry4_CI_CO[3])
                                                      0.114     5.510 r  bd_0_i/hls_inst/inst/grp_cpu_Pipeline_PROGRAM_LOOP_fu_187/mem_address0[9]_INST_0_i_1/CO[3]
                         net (fo=1, routed)           0.000     5.510    bd_0_i/hls_inst/inst/grp_cpu_Pipeline_PROGRAM_LOOP_fu_187/mem_address0[9]_INST_0_i_1_n_0
    SLICE_X41Y54         CARRY4 (Prop_carry4_CI_CO[3])
                                                      0.114     5.624 r  bd_0_i/hls_inst/inst/grp_cpu_Pipeline_PROGRAM_LOOP_fu_187/mem_address0[13]_INST_0_i_1/CO[3]
                         net (fo=1, routed)           0.000     5.624    bd_0_i/hls_inst/inst/grp_cpu_Pipeline_PROGRAM_LOOP_fu_187/mem_address0[13]_INST_0_i_1_n_0
    SLICE_X41Y55         CARRY4 (Prop_carry4_CI_O[3])
                                                      0.313     5.937 f  bd_0_i/hls_inst/inst/grp_cpu_Pipeline_PROGRAM_LOOP_fu_187/mem_address0[15]_INST_0_i_1/O[3]
                         net (fo=2, routed)           0.979     6.915    bd_0_i/hls_inst/inst/grp_cpu_Pipeline_PROGRAM_LOOP_fu_187/mem_address0[15]_INST_0_i_1_n_4
    SLICE_X42Y58         LUT4 (Prop_lut4_I3_O)        0.306     7.221 f  bd_0_i/hls_inst/inst/grp_cpu_Pipeline_PROGRAM_LOOP_fu_187/or_ln213_reg_5654[0]_i_2/O
                         net (fo=2, routed)           0.321     7.543    bd_0_i/hls_inst/inst/grp_cpu_Pipeline_PROGRAM_LOOP_fu_187/or_ln213_reg_5654[0]_i_2_n_0
    SLICE_X42Y59         LUT5 (Prop_lut5_I4_O)        0.124     7.667 f  bd_0_i/hls_inst/inst/grp_cpu_Pipeline_PROGRAM_LOOP_fu_187/mem_address0[15]_INST_0_i_8/O
                         net (fo=2, routed)           0.294     7.961    bd_0_i/hls_inst/inst/grp_cpu_Pipeline_PROGRAM_LOOP_fu_187/mem_address0[15]_INST_0_i_8_n_0
    SLICE_X42Y59         LUT6 (Prop_lut6_I2_O)        0.124     8.085 r  bd_0_i/hls_inst/inst/grp_cpu_Pipeline_PROGRAM_LOOP_fu_187/mem_address0[15]_INST_0_i_2/O
                         net (fo=20, routed)          1.486     9.571    bd_0_i/hls_inst/inst/grp_cpu_Pipeline_PROGRAM_LOOP_fu_187/mem_address0[15]_INST_0_i_2_n_0
    SLICE_X43Y54         LUT3 (Prop_lut3_I1_O)        0.124     9.695 r  bd_0_i/hls_inst/inst/grp_cpu_Pipeline_PROGRAM_LOOP_fu_187/mem_address0[12]_INST_0/O
                         net (fo=0)                   0.973    10.668    mem_address0[12]
                                                                      r  mem_address0[12] (OUT)
  -------------------------------------------------------------------    -------------------

Slack:                    inf
  Source:                 mem_q0[0]
                            (input port)
  Destination:            mem_address0[10]
                            (output port)
  Path Group:             (none)
  Path Type:              Max at Slow Process Corner
  Data Path Delay:        10.663ns  (logic 2.617ns (24.543%)  route 8.046ns (75.457%))
  Logic Levels:           13  (CARRY4=4 LUT2=1 LUT3=3 LUT4=1 LUT5=1 LUT6=3)

    Location             Delay type                Incr(ns)  Path(ns)    Netlist Resource(s)
  -------------------------------------------------------------------    -------------------
                                                      0.000     0.000 f  mem_q0[0] (IN)
                         net (fo=8, unset)            0.973     0.973    bd_0_i/hls_inst/inst/grp_cpu_Pipeline_PROGRAM_LOOP_fu_187/mem_q0[0]
    SLICE_X41Y60         LUT2 (Prop_lut2_I1_O)        0.150     1.123 r  bd_0_i/hls_inst/inst/grp_cpu_Pipeline_PROGRAM_LOOP_fu_187/icmp_ln183_reg_5739[0]_i_2/O
                         net (fo=4, routed)           0.982     2.105    bd_0_i/hls_inst/inst/grp_cpu_Pipeline_PROGRAM_LOOP_fu_187/icmp_ln183_reg_5739[0]_i_2_n_0
    SLICE_X42Y60         LUT6 (Prop_lut6_I5_O)        0.326     2.431 r  bd_0_i/hls_inst/inst/grp_cpu_Pipeline_PROGRAM_LOOP_fu_187/mem_address0[15]_INST_0_i_10/O
                         net (fo=5, routed)           0.536     2.967    bd_0_i/hls_inst/inst/grp_cpu_Pipeline_PROGRAM_LOOP_fu_187/mem_address0[15]_INST_0_i_10_n_0
    SLICE_X42Y60         LUT6 (Prop_lut6_I3_O)        0.124     3.091 r  bd_0_i/hls_inst/inst/grp_cpu_Pipeline_PROGRAM_LOOP_fu_187/imm_reg_805[11]_i_2/O
                         net (fo=21, routed)          0.505     3.597    bd_0_i/hls_inst/inst/grp_cpu_Pipeline_PROGRAM_LOOP_fu_187/imm_reg_805[11]_i_2_n_0
    SLICE_X42Y57         LUT3 (Prop_lut3_I0_O)        0.124     3.721 r  bd_0_i/hls_inst/inst/grp_cpu_Pipeline_PROGRAM_LOOP_fu_187/imm_reg_805[10]_i_2/O
                         net (fo=53, routed)          1.001     4.722    bd_0_i/hls_inst/inst/grp_cpu_Pipeline_PROGRAM_LOOP_fu_187/imm_reg_805[10]_i_2_n_0
    SLICE_X41Y52         LUT3 (Prop_lut3_I1_O)        0.124     4.846 r  bd_0_i/hls_inst/inst/grp_cpu_Pipeline_PROGRAM_LOOP_fu_187/mem_address0[5]_INST_0_i_5/O
                         net (fo=1, routed)           0.000     4.846    bd_0_i/hls_inst/inst/grp_cpu_Pipeline_PROGRAM_LOOP_fu_187/mem_address0[5]_INST_0_i_5_n_0
    SLICE_X41Y52         CARRY4 (Prop_carry4_S[1]_CO[3])
                                                      0.550     5.396 r  bd_0_i/hls_inst/inst/grp_cpu_Pipeline_PROGRAM_LOOP_fu_187/mem_address0[5]_INST_0_i_1/CO[3]
                         net (fo=1, routed)           0.000     5.396    bd_0_i/hls_inst/inst/grp_cpu_Pipeline_PROGRAM_LOOP_fu_187/mem_address0[5]_INST_0_i_1_n_0
    SLICE_X41Y53         CARRY4 (Prop_carry4_CI_CO[3])
                                                      0.114     5.510 r  bd_0_i/hls_inst/inst/grp_cpu_Pipeline_PROGRAM_LOOP_fu_187/mem_address0[9]_INST_0_i_1/CO[3]
                         net (fo=1, routed)           0.000     5.510    bd_0_i/hls_inst/inst/grp_cpu_Pipeline_PROGRAM_LOOP_fu_187/mem_address0[9]_INST_0_i_1_n_0
    SLICE_X41Y54         CARRY4 (Prop_carry4_CI_CO[3])
                                                      0.114     5.624 r  bd_0_i/hls_inst/inst/grp_cpu_Pipeline_PROGRAM_LOOP_fu_187/mem_address0[13]_INST_0_i_1/CO[3]
                         net (fo=1, routed)           0.000     5.624    bd_0_i/hls_inst/inst/grp_cpu_Pipeline_PROGRAM_LOOP_fu_187/mem_address0[13]_INST_0_i_1_n_0
    SLICE_X41Y55         CARRY4 (Prop_carry4_CI_O[3])
                                                      0.313     5.937 f  bd_0_i/hls_inst/inst/grp_cpu_Pipeline_PROGRAM_LOOP_fu_187/mem_address0[15]_INST_0_i_1/O[3]
                         net (fo=2, routed)           0.979     6.915    bd_0_i/hls_inst/inst/grp_cpu_Pipeline_PROGRAM_LOOP_fu_187/mem_address0[15]_INST_0_i_1_n_4
    SLICE_X42Y58         LUT4 (Prop_lut4_I3_O)        0.306     7.221 f  bd_0_i/hls_inst/inst/grp_cpu_Pipeline_PROGRAM_LOOP_fu_187/or_ln213_reg_5654[0]_i_2/O
                         net (fo=2, routed)           0.321     7.543    bd_0_i/hls_inst/inst/grp_cpu_Pipeline_PROGRAM_LOOP_fu_187/or_ln213_reg_5654[0]_i_2_n_0
    SLICE_X42Y59         LUT5 (Prop_lut5_I4_O)        0.124     7.667 f  bd_0_i/hls_inst/inst/grp_cpu_Pipeline_PROGRAM_LOOP_fu_187/mem_address0[15]_INST_0_i_8/O
                         net (fo=2, routed)           0.294     7.961    bd_0_i/hls_inst/inst/grp_cpu_Pipeline_PROGRAM_LOOP_fu_187/mem_address0[15]_INST_0_i_8_n_0
    SLICE_X42Y59         LUT6 (Prop_lut6_I2_O)        0.124     8.085 r  bd_0_i/hls_inst/inst/grp_cpu_Pipeline_PROGRAM_LOOP_fu_187/mem_address0[15]_INST_0_i_2/O
                         net (fo=20, routed)          1.481     9.566    bd_0_i/hls_inst/inst/grp_cpu_Pipeline_PROGRAM_LOOP_fu_187/mem_address0[15]_INST_0_i_2_n_0
    SLICE_X43Y54         LUT3 (Prop_lut3_I1_O)        0.124     9.690 r  bd_0_i/hls_inst/inst/grp_cpu_Pipeline_PROGRAM_LOOP_fu_187/mem_address0[10]_INST_0/O
                         net (fo=0)                   0.973    10.663    mem_address0[10]
                                                                      r  mem_address0[10] (OUT)
  -------------------------------------------------------------------    -------------------

Slack:                    inf
  Source:                 mem_q0[0]
                            (input port)
  Destination:            mem_address0[1]
                            (output port)
  Path Group:             (none)
  Path Type:              Max at Slow Process Corner
  Data Path Delay:        10.594ns  (logic 2.617ns (24.702%)  route 7.977ns (75.298%))
  Logic Levels:           13  (CARRY4=4 LUT2=1 LUT3=3 LUT4=1 LUT5=1 LUT6=3)

    Location             Delay type                Incr(ns)  Path(ns)    Netlist Resource(s)
  -------------------------------------------------------------------    -------------------
                                                      0.000     0.000 f  mem_q0[0] (IN)
                         net (fo=8, unset)            0.973     0.973    bd_0_i/hls_inst/inst/grp_cpu_Pipeline_PROGRAM_LOOP_fu_187/mem_q0[0]
    SLICE_X41Y60         LUT2 (Prop_lut2_I1_O)        0.150     1.123 r  bd_0_i/hls_inst/inst/grp_cpu_Pipeline_PROGRAM_LOOP_fu_187/icmp_ln183_reg_5739[0]_i_2/O
                         net (fo=4, routed)           0.982     2.105    bd_0_i/hls_inst/inst/grp_cpu_Pipeline_PROGRAM_LOOP_fu_187/icmp_ln183_reg_5739[0]_i_2_n_0
    SLICE_X42Y60         LUT6 (Prop_lut6_I5_O)        0.326     2.431 r  bd_0_i/hls_inst/inst/grp_cpu_Pipeline_PROGRAM_LOOP_fu_187/mem_address0[15]_INST_0_i_10/O
                         net (fo=5, routed)           0.536     2.967    bd_0_i/hls_inst/inst/grp_cpu_Pipeline_PROGRAM_LOOP_fu_187/mem_address0[15]_INST_0_i_10_n_0
    SLICE_X42Y60         LUT6 (Prop_lut6_I3_O)        0.124     3.091 r  bd_0_i/hls_inst/inst/grp_cpu_Pipeline_PROGRAM_LOOP_fu_187/imm_reg_805[11]_i_2/O
                         net (fo=21, routed)          0.505     3.597    bd_0_i/hls_inst/inst/grp_cpu_Pipeline_PROGRAM_LOOP_fu_187/imm_reg_805[11]_i_2_n_0
    SLICE_X42Y57         LUT3 (Prop_lut3_I0_O)        0.124     3.721 r  bd_0_i/hls_inst/inst/grp_cpu_Pipeline_PROGRAM_LOOP_fu_187/imm_reg_805[10]_i_2/O
                         net (fo=53, routed)          1.001     4.722    bd_0_i/hls_inst/inst/grp_cpu_Pipeline_PROGRAM_LOOP_fu_187/imm_reg_805[10]_i_2_n_0
    SLICE_X41Y52         LUT3 (Prop_lut3_I1_O)        0.124     4.846 r  bd_0_i/hls_inst/inst/grp_cpu_Pipeline_PROGRAM_LOOP_fu_187/mem_address0[5]_INST_0_i_5/O
                         net (fo=1, routed)           0.000     4.846    bd_0_i/hls_inst/inst/grp_cpu_Pipeline_PROGRAM_LOOP_fu_187/mem_address0[5]_INST_0_i_5_n_0
    SLICE_X41Y52         CARRY4 (Prop_carry4_S[1]_CO[3])
                                                      0.550     5.396 r  bd_0_i/hls_inst/inst/grp_cpu_Pipeline_PROGRAM_LOOP_fu_187/mem_address0[5]_INST_0_i_1/CO[3]
                         net (fo=1, routed)           0.000     5.396    bd_0_i/hls_inst/inst/grp_cpu_Pipeline_PROGRAM_LOOP_fu_187/mem_address0[5]_INST_0_i_1_n_0
    SLICE_X41Y53         CARRY4 (Prop_carry4_CI_CO[3])
                                                      0.114     5.510 r  bd_0_i/hls_inst/inst/grp_cpu_Pipeline_PROGRAM_LOOP_fu_187/mem_address0[9]_INST_0_i_1/CO[3]
                         net (fo=1, routed)           0.000     5.510    bd_0_i/hls_inst/inst/grp_cpu_Pipeline_PROGRAM_LOOP_fu_187/mem_address0[9]_INST_0_i_1_n_0
    SLICE_X41Y54         CARRY4 (Prop_carry4_CI_CO[3])
                                                      0.114     5.624 r  bd_0_i/hls_inst/inst/grp_cpu_Pipeline_PROGRAM_LOOP_fu_187/mem_address0[13]_INST_0_i_1/CO[3]
                         net (fo=1, routed)           0.000     5.624    bd_0_i/hls_inst/inst/grp_cpu_Pipeline_PROGRAM_LOOP_fu_187/mem_address0[13]_INST_0_i_1_n_0
    SLICE_X41Y55         CARRY4 (Prop_carry4_CI_O[3])
                                                      0.313     5.937 f  bd_0_i/hls_inst/inst/grp_cpu_Pipeline_PROGRAM_LOOP_fu_187/mem_address0[15]_INST_0_i_1/O[3]
                         net (fo=2, routed)           0.979     6.915    bd_0_i/hls_inst/inst/grp_cpu_Pipeline_PROGRAM_LOOP_fu_187/mem_address0[15]_INST_0_i_1_n_4
    SLICE_X42Y58         LUT4 (Prop_lut4_I3_O)        0.306     7.221 f  bd_0_i/hls_inst/inst/grp_cpu_Pipeline_PROGRAM_LOOP_fu_187/or_ln213_reg_5654[0]_i_2/O
                         net (fo=2, routed)           0.321     7.543    bd_0_i/hls_inst/inst/grp_cpu_Pipeline_PROGRAM_LOOP_fu_187/or_ln213_reg_5654[0]_i_2_n_0
    SLICE_X42Y59         LUT5 (Prop_lut5_I4_O)        0.124     7.667 f  bd_0_i/hls_inst/inst/grp_cpu_Pipeline_PROGRAM_LOOP_fu_187/mem_address0[15]_INST_0_i_8/O
                         net (fo=2, routed)           0.294     7.961    bd_0_i/hls_inst/inst/grp_cpu_Pipeline_PROGRAM_LOOP_fu_187/mem_address0[15]_INST_0_i_8_n_0
    SLICE_X42Y59         LUT6 (Prop_lut6_I2_O)        0.124     8.085 r  bd_0_i/hls_inst/inst/grp_cpu_Pipeline_PROGRAM_LOOP_fu_187/mem_address0[15]_INST_0_i_2/O
                         net (fo=20, routed)          1.413     9.497    bd_0_i/hls_inst/inst/grp_cpu_Pipeline_PROGRAM_LOOP_fu_187/mem_address0[15]_INST_0_i_2_n_0
    SLICE_X42Y52         LUT3 (Prop_lut3_I1_O)        0.124     9.621 r  bd_0_i/hls_inst/inst/grp_cpu_Pipeline_PROGRAM_LOOP_fu_187/mem_address0[1]_INST_0/O
                         net (fo=0)                   0.973    10.594    mem_address0[1]
                                                                      r  mem_address0[1] (OUT)
  -------------------------------------------------------------------    -------------------

Slack:                    inf
  Source:                 mem_q0[0]
                            (input port)
  Destination:            mem_address0[8]
                            (output port)
  Path Group:             (none)
  Path Type:              Max at Slow Process Corner
  Data Path Delay:        10.592ns  (logic 2.617ns (24.707%)  route 7.975ns (75.292%))
  Logic Levels:           13  (CARRY4=4 LUT2=1 LUT3=3 LUT4=1 LUT5=1 LUT6=3)

    Location             Delay type                Incr(ns)  Path(ns)    Netlist Resource(s)
  -------------------------------------------------------------------    -------------------
                                                      0.000     0.000 f  mem_q0[0] (IN)
                         net (fo=8, unset)            0.973     0.973    bd_0_i/hls_inst/inst/grp_cpu_Pipeline_PROGRAM_LOOP_fu_187/mem_q0[0]
    SLICE_X41Y60         LUT2 (Prop_lut2_I1_O)        0.150     1.123 r  bd_0_i/hls_inst/inst/grp_cpu_Pipeline_PROGRAM_LOOP_fu_187/icmp_ln183_reg_5739[0]_i_2/O
                         net (fo=4, routed)           0.982     2.105    bd_0_i/hls_inst/inst/grp_cpu_Pipeline_PROGRAM_LOOP_fu_187/icmp_ln183_reg_5739[0]_i_2_n_0
    SLICE_X42Y60         LUT6 (Prop_lut6_I5_O)        0.326     2.431 r  bd_0_i/hls_inst/inst/grp_cpu_Pipeline_PROGRAM_LOOP_fu_187/mem_address0[15]_INST_0_i_10/O
                         net (fo=5, routed)           0.536     2.967    bd_0_i/hls_inst/inst/grp_cpu_Pipeline_PROGRAM_LOOP_fu_187/mem_address0[15]_INST_0_i_10_n_0
    SLICE_X42Y60         LUT6 (Prop_lut6_I3_O)        0.124     3.091 r  bd_0_i/hls_inst/inst/grp_cpu_Pipeline_PROGRAM_LOOP_fu_187/imm_reg_805[11]_i_2/O
                         net (fo=21, routed)          0.505     3.597    bd_0_i/hls_inst/inst/grp_cpu_Pipeline_PROGRAM_LOOP_fu_187/imm_reg_805[11]_i_2_n_0
    SLICE_X42Y57         LUT3 (Prop_lut3_I0_O)        0.124     3.721 r  bd_0_i/hls_inst/inst/grp_cpu_Pipeline_PROGRAM_LOOP_fu_187/imm_reg_805[10]_i_2/O
                         net (fo=53, routed)          1.001     4.722    bd_0_i/hls_inst/inst/grp_cpu_Pipeline_PROGRAM_LOOP_fu_187/imm_reg_805[10]_i_2_n_0
    SLICE_X41Y52         LUT3 (Prop_lut3_I1_O)        0.124     4.846 r  bd_0_i/hls_inst/inst/grp_cpu_Pipeline_PROGRAM_LOOP_fu_187/mem_address0[5]_INST_0_i_5/O
                         net (fo=1, routed)           0.000     4.846    bd_0_i/hls_inst/inst/grp_cpu_Pipeline_PROGRAM_LOOP_fu_187/mem_address0[5]_INST_0_i_5_n_0
    SLICE_X41Y52         CARRY4 (Prop_carry4_S[1]_CO[3])
                                                      0.550     5.396 r  bd_0_i/hls_inst/inst/grp_cpu_Pipeline_PROGRAM_LOOP_fu_187/mem_address0[5]_INST_0_i_1/CO[3]
                         net (fo=1, routed)           0.000     5.396    bd_0_i/hls_inst/inst/grp_cpu_Pipeline_PROGRAM_LOOP_fu_187/mem_address0[5]_INST_0_i_1_n_0
    SLICE_X41Y53         CARRY4 (Prop_carry4_CI_CO[3])
                                                      0.114     5.510 r  bd_0_i/hls_inst/inst/grp_cpu_Pipeline_PROGRAM_LOOP_fu_187/mem_address0[9]_INST_0_i_1/CO[3]
                         net (fo=1, routed)           0.000     5.510    bd_0_i/hls_inst/inst/grp_cpu_Pipeline_PROGRAM_LOOP_fu_187/mem_address0[9]_INST_0_i_1_n_0
    SLICE_X41Y54         CARRY4 (Prop_carry4_CI_CO[3])
                                                      0.114     5.624 r  bd_0_i/hls_inst/inst/grp_cpu_Pipeline_PROGRAM_LOOP_fu_187/mem_address0[13]_INST_0_i_1/CO[3]
                         net (fo=1, routed)           0.000     5.624    bd_0_i/hls_inst/inst/grp_cpu_Pipeline_PROGRAM_LOOP_fu_187/mem_address0[13]_INST_0_i_1_n_0
    SLICE_X41Y55         CARRY4 (Prop_carry4_CI_O[3])
                                                      0.313     5.937 f  bd_0_i/hls_inst/inst/grp_cpu_Pipeline_PROGRAM_LOOP_fu_187/mem_address0[15]_INST_0_i_1/O[3]
                         net (fo=2, routed)           0.979     6.915    bd_0_i/hls_inst/inst/grp_cpu_Pipeline_PROGRAM_LOOP_fu_187/mem_address0[15]_INST_0_i_1_n_4
    SLICE_X42Y58         LUT4 (Prop_lut4_I3_O)        0.306     7.221 f  bd_0_i/hls_inst/inst/grp_cpu_Pipeline_PROGRAM_LOOP_fu_187/or_ln213_reg_5654[0]_i_2/O
                         net (fo=2, routed)           0.321     7.543    bd_0_i/hls_inst/inst/grp_cpu_Pipeline_PROGRAM_LOOP_fu_187/or_ln213_reg_5654[0]_i_2_n_0
    SLICE_X42Y59         LUT5 (Prop_lut5_I4_O)        0.124     7.667 f  bd_0_i/hls_inst/inst/grp_cpu_Pipeline_PROGRAM_LOOP_fu_187/mem_address0[15]_INST_0_i_8/O
                         net (fo=2, routed)           0.294     7.961    bd_0_i/hls_inst/inst/grp_cpu_Pipeline_PROGRAM_LOOP_fu_187/mem_address0[15]_INST_0_i_8_n_0
    SLICE_X42Y59         LUT6 (Prop_lut6_I2_O)        0.124     8.085 r  bd_0_i/hls_inst/inst/grp_cpu_Pipeline_PROGRAM_LOOP_fu_187/mem_address0[15]_INST_0_i_2/O
                         net (fo=20, routed)          1.410     9.495    bd_0_i/hls_inst/inst/grp_cpu_Pipeline_PROGRAM_LOOP_fu_187/mem_address0[15]_INST_0_i_2_n_0
    SLICE_X43Y54         LUT3 (Prop_lut3_I1_O)        0.124     9.619 r  bd_0_i/hls_inst/inst/grp_cpu_Pipeline_PROGRAM_LOOP_fu_187/mem_address0[8]_INST_0/O
                         net (fo=0)                   0.973    10.592    mem_address0[8]
                                                                      r  mem_address0[8] (OUT)
  -------------------------------------------------------------------    -------------------

Slack:                    inf
  Source:                 mem_q0[0]
                            (input port)
  Destination:            mem_address0[9]
                            (output port)
  Path Group:             (none)
  Path Type:              Max at Slow Process Corner
  Data Path Delay:        10.591ns  (logic 2.617ns (24.710%)  route 7.974ns (75.290%))
  Logic Levels:           13  (CARRY4=4 LUT2=1 LUT3=3 LUT4=1 LUT5=1 LUT6=3)

    Location             Delay type                Incr(ns)  Path(ns)    Netlist Resource(s)
  -------------------------------------------------------------------    -------------------
                                                      0.000     0.000 f  mem_q0[0] (IN)
                         net (fo=8, unset)            0.973     0.973    bd_0_i/hls_inst/inst/grp_cpu_Pipeline_PROGRAM_LOOP_fu_187/mem_q0[0]
    SLICE_X41Y60         LUT2 (Prop_lut2_I1_O)        0.150     1.123 r  bd_0_i/hls_inst/inst/grp_cpu_Pipeline_PROGRAM_LOOP_fu_187/icmp_ln183_reg_5739[0]_i_2/O
                         net (fo=4, routed)           0.982     2.105    bd_0_i/hls_inst/inst/grp_cpu_Pipeline_PROGRAM_LOOP_fu_187/icmp_ln183_reg_5739[0]_i_2_n_0
    SLICE_X42Y60         LUT6 (Prop_lut6_I5_O)        0.326     2.431 r  bd_0_i/hls_inst/inst/grp_cpu_Pipeline_PROGRAM_LOOP_fu_187/mem_address0[15]_INST_0_i_10/O
                         net (fo=5, routed)           0.536     2.967    bd_0_i/hls_inst/inst/grp_cpu_Pipeline_PROGRAM_LOOP_fu_187/mem_address0[15]_INST_0_i_10_n_0
    SLICE_X42Y60         LUT6 (Prop_lut6_I3_O)        0.124     3.091 r  bd_0_i/hls_inst/inst/grp_cpu_Pipeline_PROGRAM_LOOP_fu_187/imm_reg_805[11]_i_2/O
                         net (fo=21, routed)          0.505     3.597    bd_0_i/hls_inst/inst/grp_cpu_Pipeline_PROGRAM_LOOP_fu_187/imm_reg_805[11]_i_2_n_0
    SLICE_X42Y57         LUT3 (Prop_lut3_I0_O)        0.124     3.721 r  bd_0_i/hls_inst/inst/grp_cpu_Pipeline_PROGRAM_LOOP_fu_187/imm_reg_805[10]_i_2/O
                         net (fo=53, routed)          1.001     4.722    bd_0_i/hls_inst/inst/grp_cpu_Pipeline_PROGRAM_LOOP_fu_187/imm_reg_805[10]_i_2_n_0
    SLICE_X41Y52         LUT3 (Prop_lut3_I1_O)        0.124     4.846 r  bd_0_i/hls_inst/inst/grp_cpu_Pipeline_PROGRAM_LOOP_fu_187/mem_address0[5]_INST_0_i_5/O
                         net (fo=1, routed)           0.000     4.846    bd_0_i/hls_inst/inst/grp_cpu_Pipeline_PROGRAM_LOOP_fu_187/mem_address0[5]_INST_0_i_5_n_0
    SLICE_X41Y52         CARRY4 (Prop_carry4_S[1]_CO[3])
                                                      0.550     5.396 r  bd_0_i/hls_inst/inst/grp_cpu_Pipeline_PROGRAM_LOOP_fu_187/mem_address0[5]_INST_0_i_1/CO[3]
                         net (fo=1, routed)           0.000     5.396    bd_0_i/hls_inst/inst/grp_cpu_Pipeline_PROGRAM_LOOP_fu_187/mem_address0[5]_INST_0_i_1_n_0
    SLICE_X41Y53         CARRY4 (Prop_carry4_CI_CO[3])
                                                      0.114     5.510 r  bd_0_i/hls_inst/inst/grp_cpu_Pipeline_PROGRAM_LOOP_fu_187/mem_address0[9]_INST_0_i_1/CO[3]
                         net (fo=1, routed)           0.000     5.510    bd_0_i/hls_inst/inst/grp_cpu_Pipeline_PROGRAM_LOOP_fu_187/mem_address0[9]_INST_0_i_1_n_0
    SLICE_X41Y54         CARRY4 (Prop_carry4_CI_CO[3])
                                                      0.114     5.624 r  bd_0_i/hls_inst/inst/grp_cpu_Pipeline_PROGRAM_LOOP_fu_187/mem_address0[13]_INST_0_i_1/CO[3]
                         net (fo=1, routed)           0.000     5.624    bd_0_i/hls_inst/inst/grp_cpu_Pipeline_PROGRAM_LOOP_fu_187/mem_address0[13]_INST_0_i_1_n_0
    SLICE_X41Y55         CARRY4 (Prop_carry4_CI_O[3])
                                                      0.313     5.937 f  bd_0_i/hls_inst/inst/grp_cpu_Pipeline_PROGRAM_LOOP_fu_187/mem_address0[15]_INST_0_i_1/O[3]
                         net (fo=2, routed)           0.979     6.915    bd_0_i/hls_inst/inst/grp_cpu_Pipeline_PROGRAM_LOOP_fu_187/mem_address0[15]_INST_0_i_1_n_4
    SLICE_X42Y58         LUT4 (Prop_lut4_I3_O)        0.306     7.221 f  bd_0_i/hls_inst/inst/grp_cpu_Pipeline_PROGRAM_LOOP_fu_187/or_ln213_reg_5654[0]_i_2/O
                         net (fo=2, routed)           0.321     7.543    bd_0_i/hls_inst/inst/grp_cpu_Pipeline_PROGRAM_LOOP_fu_187/or_ln213_reg_5654[0]_i_2_n_0
    SLICE_X42Y59         LUT5 (Prop_lut5_I4_O)        0.124     7.667 f  bd_0_i/hls_inst/inst/grp_cpu_Pipeline_PROGRAM_LOOP_fu_187/mem_address0[15]_INST_0_i_8/O
                         net (fo=2, routed)           0.294     7.961    bd_0_i/hls_inst/inst/grp_cpu_Pipeline_PROGRAM_LOOP_fu_187/mem_address0[15]_INST_0_i_8_n_0
    SLICE_X42Y59         LUT6 (Prop_lut6_I2_O)        0.124     8.085 r  bd_0_i/hls_inst/inst/grp_cpu_Pipeline_PROGRAM_LOOP_fu_187/mem_address0[15]_INST_0_i_2/O
                         net (fo=20, routed)          1.409     9.494    bd_0_i/hls_inst/inst/grp_cpu_Pipeline_PROGRAM_LOOP_fu_187/mem_address0[15]_INST_0_i_2_n_0
    SLICE_X43Y54         LUT3 (Prop_lut3_I1_O)        0.124     9.618 r  bd_0_i/hls_inst/inst/grp_cpu_Pipeline_PROGRAM_LOOP_fu_187/mem_address0[9]_INST_0/O
                         net (fo=0)                   0.973    10.591    mem_address0[9]
                                                                      r  mem_address0[9] (OUT)
  -------------------------------------------------------------------    -------------------

Slack:                    inf
  Source:                 mem_q0[0]
                            (input port)
  Destination:            mem_address0[13]
                            (output port)
  Path Group:             (none)
  Path Type:              Max at Slow Process Corner
  Data Path Delay:        10.501ns  (logic 2.617ns (24.922%)  route 7.884ns (75.078%))
  Logic Levels:           13  (CARRY4=4 LUT2=1 LUT3=3 LUT4=1 LUT5=1 LUT6=3)

    Location             Delay type                Incr(ns)  Path(ns)    Netlist Resource(s)
  -------------------------------------------------------------------    -------------------
                                                      0.000     0.000 f  mem_q0[0] (IN)
                         net (fo=8, unset)            0.973     0.973    bd_0_i/hls_inst/inst/grp_cpu_Pipeline_PROGRAM_LOOP_fu_187/mem_q0[0]
    SLICE_X41Y60         LUT2 (Prop_lut2_I1_O)        0.150     1.123 r  bd_0_i/hls_inst/inst/grp_cpu_Pipeline_PROGRAM_LOOP_fu_187/icmp_ln183_reg_5739[0]_i_2/O
                         net (fo=4, routed)           0.982     2.105    bd_0_i/hls_inst/inst/grp_cpu_Pipeline_PROGRAM_LOOP_fu_187/icmp_ln183_reg_5739[0]_i_2_n_0
    SLICE_X42Y60         LUT6 (Prop_lut6_I5_O)        0.326     2.431 r  bd_0_i/hls_inst/inst/grp_cpu_Pipeline_PROGRAM_LOOP_fu_187/mem_address0[15]_INST_0_i_10/O
                         net (fo=5, routed)           0.536     2.967    bd_0_i/hls_inst/inst/grp_cpu_Pipeline_PROGRAM_LOOP_fu_187/mem_address0[15]_INST_0_i_10_n_0
    SLICE_X42Y60         LUT6 (Prop_lut6_I3_O)        0.124     3.091 r  bd_0_i/hls_inst/inst/grp_cpu_Pipeline_PROGRAM_LOOP_fu_187/imm_reg_805[11]_i_2/O
                         net (fo=21, routed)          0.505     3.597    bd_0_i/hls_inst/inst/grp_cpu_Pipeline_PROGRAM_LOOP_fu_187/imm_reg_805[11]_i_2_n_0
    SLICE_X42Y57         LUT3 (Prop_lut3_I0_O)        0.124     3.721 r  bd_0_i/hls_inst/inst/grp_cpu_Pipeline_PROGRAM_LOOP_fu_187/imm_reg_805[10]_i_2/O
                         net (fo=53, routed)          1.001     4.722    bd_0_i/hls_inst/inst/grp_cpu_Pipeline_PROGRAM_LOOP_fu_187/imm_reg_805[10]_i_2_n_0
    SLICE_X41Y52         LUT3 (Prop_lut3_I1_O)        0.124     4.846 r  bd_0_i/hls_inst/inst/grp_cpu_Pipeline_PROGRAM_LOOP_fu_187/mem_address0[5]_INST_0_i_5/O
                         net (fo=1, routed)           0.000     4.846    bd_0_i/hls_inst/inst/grp_cpu_Pipeline_PROGRAM_LOOP_fu_187/mem_address0[5]_INST_0_i_5_n_0
    SLICE_X41Y52         CARRY4 (Prop_carry4_S[1]_CO[3])
                                                      0.550     5.396 r  bd_0_i/hls_inst/inst/grp_cpu_Pipeline_PROGRAM_LOOP_fu_187/mem_address0[5]_INST_0_i_1/CO[3]
                         net (fo=1, routed)           0.000     5.396    bd_0_i/hls_inst/inst/grp_cpu_Pipeline_PROGRAM_LOOP_fu_187/mem_address0[5]_INST_0_i_1_n_0
    SLICE_X41Y53         CARRY4 (Prop_carry4_CI_CO[3])
                                                      0.114     5.510 r  bd_0_i/hls_inst/inst/grp_cpu_Pipeline_PROGRAM_LOOP_fu_187/mem_address0[9]_INST_0_i_1/CO[3]
                         net (fo=1, routed)           0.000     5.510    bd_0_i/hls_inst/inst/grp_cpu_Pipeline_PROGRAM_LOOP_fu_187/mem_address0[9]_INST_0_i_1_n_0
    SLICE_X41Y54         CARRY4 (Prop_carry4_CI_CO[3])
                                                      0.114     5.624 r  bd_0_i/hls_inst/inst/grp_cpu_Pipeline_PROGRAM_LOOP_fu_187/mem_address0[13]_INST_0_i_1/CO[3]
                         net (fo=1, routed)           0.000     5.624    bd_0_i/hls_inst/inst/grp_cpu_Pipeline_PROGRAM_LOOP_fu_187/mem_address0[13]_INST_0_i_1_n_0
    SLICE_X41Y55         CARRY4 (Prop_carry4_CI_O[3])
                                                      0.313     5.937 f  bd_0_i/hls_inst/inst/grp_cpu_Pipeline_PROGRAM_LOOP_fu_187/mem_address0[15]_INST_0_i_1/O[3]
                         net (fo=2, routed)           0.979     6.915    bd_0_i/hls_inst/inst/grp_cpu_Pipeline_PROGRAM_LOOP_fu_187/mem_address0[15]_INST_0_i_1_n_4
    SLICE_X42Y58         LUT4 (Prop_lut4_I3_O)        0.306     7.221 f  bd_0_i/hls_inst/inst/grp_cpu_Pipeline_PROGRAM_LOOP_fu_187/or_ln213_reg_5654[0]_i_2/O
                         net (fo=2, routed)           0.321     7.543    bd_0_i/hls_inst/inst/grp_cpu_Pipeline_PROGRAM_LOOP_fu_187/or_ln213_reg_5654[0]_i_2_n_0
    SLICE_X42Y59         LUT5 (Prop_lut5_I4_O)        0.124     7.667 f  bd_0_i/hls_inst/inst/grp_cpu_Pipeline_PROGRAM_LOOP_fu_187/mem_address0[15]_INST_0_i_8/O
                         net (fo=2, routed)           0.294     7.961    bd_0_i/hls_inst/inst/grp_cpu_Pipeline_PROGRAM_LOOP_fu_187/mem_address0[15]_INST_0_i_8_n_0
    SLICE_X42Y59         LUT6 (Prop_lut6_I2_O)        0.124     8.085 r  bd_0_i/hls_inst/inst/grp_cpu_Pipeline_PROGRAM_LOOP_fu_187/mem_address0[15]_INST_0_i_2/O
                         net (fo=20, routed)          1.319     9.404    bd_0_i/hls_inst/inst/grp_cpu_Pipeline_PROGRAM_LOOP_fu_187/mem_address0[15]_INST_0_i_2_n_0
    SLICE_X46Y55         LUT3 (Prop_lut3_I1_O)        0.124     9.528 r  bd_0_i/hls_inst/inst/grp_cpu_Pipeline_PROGRAM_LOOP_fu_187/mem_address0[13]_INST_0/O
                         net (fo=0)                   0.973    10.501    mem_address0[13]
                                                                      r  mem_address0[13] (OUT)
  -------------------------------------------------------------------    -------------------





Min Delay Paths
--------------------------------------------------------------------------------------
Slack:                    inf
  Source:                 ap_ctrl_start
                            (input port)
  Destination:            ap_ctrl_idle
                            (output port)
  Path Group:             (none)
  Path Type:              Min at Fast Process Corner
  Data Path Delay:        0.865ns  (logic 0.045ns (5.201%)  route 0.820ns (94.799%))
  Logic Levels:           1  (LUT2=1)

    Location             Delay type                Incr(ns)  Path(ns)    Netlist Resource(s)
  -------------------------------------------------------------------    -------------------
                                                      0.000     0.000 f  ap_ctrl_start (IN)
                         net (fo=3, unset)            0.410     0.410    bd_0_i/hls_inst/inst/ap_start
    SLICE_X45Y70         LUT2 (Prop_lut2_I1_O)        0.045     0.455 r  bd_0_i/hls_inst/inst/ap_idle_INST_0/O
                         net (fo=0)                   0.410     0.865    ap_ctrl_idle
                                                                      r  ap_ctrl_idle (OUT)
  -------------------------------------------------------------------    -------------------

Slack:                    inf
  Source:                 mem_q0[23]
                            (input port)
  Destination:            mem_d0[0]
                            (output port)
  Path Group:             (none)
  Path Type:              Min at Fast Process Corner
  Data Path Delay:        0.865ns  (logic 0.045ns (5.201%)  route 0.820ns (94.799%))
  Logic Levels:           1  (LUT6=1)

    Location             Delay type                Incr(ns)  Path(ns)    Netlist Resource(s)
  -------------------------------------------------------------------    -------------------
                                                      0.000     0.000 r  mem_q0[23] (IN)
                         net (fo=147, unset)          0.410     0.410    bd_0_i/hls_inst/inst/grp_cpu_Pipeline_PROGRAM_LOOP_fu_187/mul_32ns_32ns_64_2_1_U32/mem_q0[8]
    SLICE_X24Y33         LUT6 (Prop_lut6_I4_O)        0.045     0.455 r  bd_0_i/hls_inst/inst/grp_cpu_Pipeline_PROGRAM_LOOP_fu_187/mul_32ns_32ns_64_2_1_U32/mem_d0[0]_INST_0/O
                         net (fo=5, unset)            0.410     0.865    mem_d0[0]
                                                                      r  mem_d0[0] (OUT)
  -------------------------------------------------------------------    -------------------

Slack:                    inf
  Source:                 mem_q0[23]
                            (input port)
  Destination:            mem_d0[10]
                            (output port)
  Path Group:             (none)
  Path Type:              Min at Fast Process Corner
  Data Path Delay:        0.865ns  (logic 0.045ns (5.201%)  route 0.820ns (94.799%))
  Logic Levels:           1  (LUT6=1)

    Location             Delay type                Incr(ns)  Path(ns)    Netlist Resource(s)
  -------------------------------------------------------------------    -------------------
                                                      0.000     0.000 r  mem_q0[23] (IN)
                         net (fo=147, unset)          0.410     0.410    bd_0_i/hls_inst/inst/grp_cpu_Pipeline_PROGRAM_LOOP_fu_187/mul_32ns_32ns_64_2_1_U32/mem_q0[8]
    SLICE_X22Y37         LUT6 (Prop_lut6_I4_O)        0.045     0.455 r  bd_0_i/hls_inst/inst/grp_cpu_Pipeline_PROGRAM_LOOP_fu_187/mul_32ns_32ns_64_2_1_U32/mem_d0[10]_INST_0/O
                         net (fo=10, unset)           0.410     0.865    mem_d0[10]
                                                                      r  mem_d0[10] (OUT)
  -------------------------------------------------------------------    -------------------

Slack:                    inf
  Source:                 mem_q0[23]
                            (input port)
  Destination:            mem_d0[11]
                            (output port)
  Path Group:             (none)
  Path Type:              Min at Fast Process Corner
  Data Path Delay:        0.865ns  (logic 0.045ns (5.201%)  route 0.820ns (94.799%))
  Logic Levels:           1  (LUT6=1)

    Location             Delay type                Incr(ns)  Path(ns)    Netlist Resource(s)
  -------------------------------------------------------------------    -------------------
                                                      0.000     0.000 r  mem_q0[23] (IN)
                         net (fo=147, unset)          0.410     0.410    bd_0_i/hls_inst/inst/grp_cpu_Pipeline_PROGRAM_LOOP_fu_187/mul_32ns_32ns_64_2_1_U32/mem_q0[8]
    SLICE_X23Y36         LUT6 (Prop_lut6_I4_O)        0.045     0.455 r  bd_0_i/hls_inst/inst/grp_cpu_Pipeline_PROGRAM_LOOP_fu_187/mul_32ns_32ns_64_2_1_U32/mem_d0[11]_INST_0/O
                         net (fo=10, unset)           0.410     0.865    mem_d0[11]
                                                                      r  mem_d0[11] (OUT)
  -------------------------------------------------------------------    -------------------

Slack:                    inf
  Source:                 mem_q0[23]
                            (input port)
  Destination:            mem_d0[12]
                            (output port)
  Path Group:             (none)
  Path Type:              Min at Fast Process Corner
  Data Path Delay:        0.865ns  (logic 0.045ns (5.201%)  route 0.820ns (94.799%))
  Logic Levels:           1  (LUT6=1)

    Location             Delay type                Incr(ns)  Path(ns)    Netlist Resource(s)
  -------------------------------------------------------------------    -------------------
                                                      0.000     0.000 r  mem_q0[23] (IN)
                         net (fo=147, unset)          0.410     0.410    bd_0_i/hls_inst/inst/grp_cpu_Pipeline_PROGRAM_LOOP_fu_187/mul_32ns_32ns_64_2_1_U32/mem_q0[8]
    SLICE_X29Y39         LUT6 (Prop_lut6_I4_O)        0.045     0.455 r  bd_0_i/hls_inst/inst/grp_cpu_Pipeline_PROGRAM_LOOP_fu_187/mul_32ns_32ns_64_2_1_U32/mem_d0[12]_INST_0/O
                         net (fo=10, unset)           0.410     0.865    mem_d0[12]
                                                                      r  mem_d0[12] (OUT)
  -------------------------------------------------------------------    -------------------

Slack:                    inf
  Source:                 mem_q0[23]
                            (input port)
  Destination:            mem_d0[13]
                            (output port)
  Path Group:             (none)
  Path Type:              Min at Fast Process Corner
  Data Path Delay:        0.865ns  (logic 0.045ns (5.201%)  route 0.820ns (94.799%))
  Logic Levels:           1  (LUT6=1)

    Location             Delay type                Incr(ns)  Path(ns)    Netlist Resource(s)
  -------------------------------------------------------------------    -------------------
                                                      0.000     0.000 r  mem_q0[23] (IN)
                         net (fo=147, unset)          0.410     0.410    bd_0_i/hls_inst/inst/grp_cpu_Pipeline_PROGRAM_LOOP_fu_187/mul_32ns_32ns_64_2_1_U32/mem_q0[8]
    SLICE_X27Y38         LUT6 (Prop_lut6_I4_O)        0.045     0.455 r  bd_0_i/hls_inst/inst/grp_cpu_Pipeline_PROGRAM_LOOP_fu_187/mul_32ns_32ns_64_2_1_U32/mem_d0[13]_INST_0/O
                         net (fo=10, unset)           0.410     0.865    mem_d0[13]
                                                                      r  mem_d0[13] (OUT)
  -------------------------------------------------------------------    -------------------

Slack:                    inf
  Source:                 mem_q0[23]
                            (input port)
  Destination:            mem_d0[14]
                            (output port)
  Path Group:             (none)
  Path Type:              Min at Fast Process Corner
  Data Path Delay:        0.865ns  (logic 0.045ns (5.201%)  route 0.820ns (94.799%))
  Logic Levels:           1  (LUT6=1)

    Location             Delay type                Incr(ns)  Path(ns)    Netlist Resource(s)
  -------------------------------------------------------------------    -------------------
                                                      0.000     0.000 r  mem_q0[23] (IN)
                         net (fo=147, unset)          0.410     0.410    bd_0_i/hls_inst/inst/grp_cpu_Pipeline_PROGRAM_LOOP_fu_187/mul_32ns_32ns_64_2_1_U32/mem_q0[8]
    SLICE_X23Y38         LUT6 (Prop_lut6_I4_O)        0.045     0.455 r  bd_0_i/hls_inst/inst/grp_cpu_Pipeline_PROGRAM_LOOP_fu_187/mul_32ns_32ns_64_2_1_U32/mem_d0[14]_INST_0/O
                         net (fo=10, unset)           0.410     0.865    mem_d0[14]
                                                                      r  mem_d0[14] (OUT)
  -------------------------------------------------------------------    -------------------

Slack:                    inf
  Source:                 mem_q0[23]
                            (input port)
  Destination:            mem_d0[15]
                            (output port)
  Path Group:             (none)
  Path Type:              Min at Fast Process Corner
  Data Path Delay:        0.865ns  (logic 0.045ns (5.201%)  route 0.820ns (94.799%))
  Logic Levels:           1  (LUT6=1)

    Location             Delay type                Incr(ns)  Path(ns)    Netlist Resource(s)
  -------------------------------------------------------------------    -------------------
                                                      0.000     0.000 r  mem_q0[23] (IN)
                         net (fo=147, unset)          0.410     0.410    bd_0_i/hls_inst/inst/grp_cpu_Pipeline_PROGRAM_LOOP_fu_187/mul_32ns_32ns_64_2_1_U32/mem_q0[8]
    SLICE_X28Y38         LUT6 (Prop_lut6_I4_O)        0.045     0.455 r  bd_0_i/hls_inst/inst/grp_cpu_Pipeline_PROGRAM_LOOP_fu_187/mul_32ns_32ns_64_2_1_U32/mem_d0[15]_INST_0/O
                         net (fo=10, unset)           0.410     0.865    mem_d0[15]
                                                                      r  mem_d0[15] (OUT)
  -------------------------------------------------------------------    -------------------

Slack:                    inf
  Source:                 mem_q0[23]
                            (input port)
  Destination:            mem_d0[16]
                            (output port)
  Path Group:             (none)
  Path Type:              Min at Fast Process Corner
  Data Path Delay:        0.865ns  (logic 0.045ns (5.201%)  route 0.820ns (94.799%))
  Logic Levels:           1  (LUT6=1)

    Location             Delay type                Incr(ns)  Path(ns)    Netlist Resource(s)
  -------------------------------------------------------------------    -------------------
                                                      0.000     0.000 r  mem_q0[23] (IN)
                         net (fo=147, unset)          0.410     0.410    bd_0_i/hls_inst/inst/grp_cpu_Pipeline_PROGRAM_LOOP_fu_187/mul_32ns_32ns_64_2_1_U32/mem_q0[8]
    SLICE_X21Y39         LUT6 (Prop_lut6_I4_O)        0.045     0.455 r  bd_0_i/hls_inst/inst/grp_cpu_Pipeline_PROGRAM_LOOP_fu_187/mul_32ns_32ns_64_2_1_U32/mem_d0[16]_INST_0/O
                         net (fo=10, unset)           0.410     0.865    mem_d0[16]
                                                                      r  mem_d0[16] (OUT)
  -------------------------------------------------------------------    -------------------

Slack:                    inf
  Source:                 mem_q0[23]
                            (input port)
  Destination:            mem_d0[17]
                            (output port)
  Path Group:             (none)
  Path Type:              Min at Fast Process Corner
  Data Path Delay:        0.865ns  (logic 0.045ns (5.201%)  route 0.820ns (94.799%))
  Logic Levels:           1  (LUT6=1)

    Location             Delay type                Incr(ns)  Path(ns)    Netlist Resource(s)
  -------------------------------------------------------------------    -------------------
                                                      0.000     0.000 r  mem_q0[23] (IN)
                         net (fo=147, unset)          0.410     0.410    bd_0_i/hls_inst/inst/grp_cpu_Pipeline_PROGRAM_LOOP_fu_187/mul_32ns_32ns_64_2_1_U32/mem_q0[8]
    SLICE_X37Y35         LUT6 (Prop_lut6_I4_O)        0.045     0.455 r  bd_0_i/hls_inst/inst/grp_cpu_Pipeline_PROGRAM_LOOP_fu_187/mul_32ns_32ns_64_2_1_U32/mem_d0[17]_INST_0/O
                         net (fo=10, unset)           0.410     0.865    mem_d0[17]
                                                                      r  mem_d0[17] (OUT)
  -------------------------------------------------------------------    -------------------





--------------------------------------------------------------------------------------
Path Group:  (none)
From Clock:  ap_clk
  To Clock:  

Max Delay            53 Endpoints
Min Delay            53 Endpoints
--------------------------------------------------------------------------------------


Max Delay Paths
--------------------------------------------------------------------------------------
Slack:                    inf
  Source:                 bd_0_i/hls_inst/inst/grp_cpu_Pipeline_PROGRAM_LOOP_fu_187/reg_file_34_reg_753_reg[9]/C
                            (rising edge-triggered cell FDRE clocked by ap_clk  {rise@0.000ns fall@5.000ns period=10.000ns})
  Destination:            mem_address0[14]
                            (output port)
  Path Group:             (none)
  Path Type:              Max at Slow Process Corner
  Data Path Delay:        11.254ns  (logic 2.902ns (25.787%)  route 8.352ns (74.213%))
  Logic Levels:           11  (CARRY4=3 LUT3=2 LUT4=1 LUT5=1 LUT6=3 MUXF7=1)
  Clock Uncertainty:      0.025ns  ((TSJ^2 + TIJ^2)^1/2 + DJ) / 2 + PE
    Total System Jitter     (TSJ):    0.050ns
    Total Input Jitter      (TIJ):    0.000ns
    Discrete Jitter          (DJ):    0.000ns
    Phase Error              (PE):    0.000ns

    Location             Delay type                Incr(ns)  Path(ns)    Netlist Resource(s)
  -------------------------------------------------------------------    -------------------
                         (clock ap_clk rise edge)     0.000     0.000 r  
                                                      0.000     0.000 r  ap_clk (IN)
                         net (fo=1514, unset)         0.973     0.973    bd_0_i/hls_inst/inst/grp_cpu_Pipeline_PROGRAM_LOOP_fu_187/ap_clk
    SLICE_X19Y31         FDRE                                         r  bd_0_i/hls_inst/inst/grp_cpu_Pipeline_PROGRAM_LOOP_fu_187/reg_file_34_reg_753_reg[9]/C
  -------------------------------------------------------------------    -------------------
    SLICE_X19Y31         FDRE (Prop_fdre_C_Q)         0.456     1.429 f  bd_0_i/hls_inst/inst/grp_cpu_Pipeline_PROGRAM_LOOP_fu_187/reg_file_34_reg_753_reg[9]/Q
                         net (fo=2, routed)           1.128     2.557    bd_0_i/hls_inst/inst/grp_cpu_Pipeline_PROGRAM_LOOP_fu_187/mul_32ns_32ns_64_2_1_U32/reg_file_34_reg_753__0[9]
    SLICE_X23Y33         LUT6 (Prop_lut6_I3_O)        0.124     2.681 f  bd_0_i/hls_inst/inst/grp_cpu_Pipeline_PROGRAM_LOOP_fu_187/mul_32ns_32ns_64_2_1_U32/tmp_product_i_149/O
                         net (fo=1, routed)           0.000     2.681    bd_0_i/hls_inst/inst/grp_cpu_Pipeline_PROGRAM_LOOP_fu_187/mul_32ns_32ns_64_2_1_U32/tmp_product_i_149_n_0
    SLICE_X23Y33         MUXF7 (Prop_muxf7_I1_O)      0.245     2.926 f  bd_0_i/hls_inst/inst/grp_cpu_Pipeline_PROGRAM_LOOP_fu_187/mul_32ns_32ns_64_2_1_U32/tmp_product_i_49/O
                         net (fo=3, routed)           1.609     4.535    bd_0_i/hls_inst/inst/grp_cpu_Pipeline_PROGRAM_LOOP_fu_187/mul_32ns_32ns_64_2_1_U32_n_137
    SLICE_X36Y36         LUT6 (Prop_lut6_I3_O)        0.298     4.833 r  bd_0_i/hls_inst/inst/grp_cpu_Pipeline_PROGRAM_LOOP_fu_187/mem_address0[9]_INST_0_i_8/O
                         net (fo=18, routed)          1.104     5.937    bd_0_i/hls_inst/inst/grp_cpu_Pipeline_PROGRAM_LOOP_fu_187/mem_address0[9]_INST_0_i_8_n_0
    SLICE_X41Y53         LUT3 (Prop_lut3_I2_O)        0.124     6.061 r  bd_0_i/hls_inst/inst/grp_cpu_Pipeline_PROGRAM_LOOP_fu_187/mem_address0[9]_INST_0_i_5/O
                         net (fo=1, routed)           0.000     6.061    bd_0_i/hls_inst/inst/grp_cpu_Pipeline_PROGRAM_LOOP_fu_187/mem_address0[9]_INST_0_i_5_n_0
    SLICE_X41Y53         CARRY4 (Prop_carry4_S[1]_CO[3])
                                                      0.550     6.611 r  bd_0_i/hls_inst/inst/grp_cpu_Pipeline_PROGRAM_LOOP_fu_187/mem_address0[9]_INST_0_i_1/CO[3]
                         net (fo=1, routed)           0.000     6.611    bd_0_i/hls_inst/inst/grp_cpu_Pipeline_PROGRAM_LOOP_fu_187/mem_address0[9]_INST_0_i_1_n_0
    SLICE_X41Y54         CARRY4 (Prop_carry4_CI_CO[3])
                                                      0.114     6.725 r  bd_0_i/hls_inst/inst/grp_cpu_Pipeline_PROGRAM_LOOP_fu_187/mem_address0[13]_INST_0_i_1/CO[3]
                         net (fo=1, routed)           0.000     6.725    bd_0_i/hls_inst/inst/grp_cpu_Pipeline_PROGRAM_LOOP_fu_187/mem_address0[13]_INST_0_i_1_n_0
    SLICE_X41Y55         CARRY4 (Prop_carry4_CI_O[3])
                                                      0.313     7.038 f  bd_0_i/hls_inst/inst/grp_cpu_Pipeline_PROGRAM_LOOP_fu_187/mem_address0[15]_INST_0_i_1/O[3]
                         net (fo=2, routed)           0.979     8.017    bd_0_i/hls_inst/inst/grp_cpu_Pipeline_PROGRAM_LOOP_fu_187/mem_address0[15]_INST_0_i_1_n_4
    SLICE_X42Y58         LUT4 (Prop_lut4_I3_O)        0.306     8.323 f  bd_0_i/hls_inst/inst/grp_cpu_Pipeline_PROGRAM_LOOP_fu_187/or_ln213_reg_5654[0]_i_2/O
                         net (fo=2, routed)           0.321     8.644    bd_0_i/hls_inst/inst/grp_cpu_Pipeline_PROGRAM_LOOP_fu_187/or_ln213_reg_5654[0]_i_2_n_0
    SLICE_X42Y59         LUT5 (Prop_lut5_I4_O)        0.124     8.768 f  bd_0_i/hls_inst/inst/grp_cpu_Pipeline_PROGRAM_LOOP_fu_187/mem_address0[15]_INST_0_i_8/O
                         net (fo=2, routed)           0.294     9.062    bd_0_i/hls_inst/inst/grp_cpu_Pipeline_PROGRAM_LOOP_fu_187/mem_address0[15]_INST_0_i_8_n_0
    SLICE_X42Y59         LUT6 (Prop_lut6_I2_O)        0.124     9.186 r  bd_0_i/hls_inst/inst/grp_cpu_Pipeline_PROGRAM_LOOP_fu_187/mem_address0[15]_INST_0_i_2/O
                         net (fo=20, routed)          1.943    11.130    bd_0_i/hls_inst/inst/grp_cpu_Pipeline_PROGRAM_LOOP_fu_187/mem_address0[15]_INST_0_i_2_n_0
    SLICE_X43Y55         LUT3 (Prop_lut3_I1_O)        0.124    11.254 r  bd_0_i/hls_inst/inst/grp_cpu_Pipeline_PROGRAM_LOOP_fu_187/mem_address0[14]_INST_0/O
                         net (fo=0)                   0.973    12.227    mem_address0[14]
                                                                      r  mem_address0[14] (OUT)
  -------------------------------------------------------------------    -------------------

Slack:                    inf
  Source:                 bd_0_i/hls_inst/inst/grp_cpu_Pipeline_PROGRAM_LOOP_fu_187/reg_file_34_reg_753_reg[9]/C
                            (rising edge-triggered cell FDRE clocked by ap_clk  {rise@0.000ns fall@5.000ns period=10.000ns})
  Destination:            mem_address0[3]
                            (output port)
  Path Group:             (none)
  Path Type:              Max at Slow Process Corner
  Data Path Delay:        11.067ns  (logic 2.902ns (26.222%)  route 8.165ns (73.778%))
  Logic Levels:           11  (CARRY4=3 LUT3=2 LUT4=1 LUT5=1 LUT6=3 MUXF7=1)
  Clock Uncertainty:      0.025ns  ((TSJ^2 + TIJ^2)^1/2 + DJ) / 2 + PE
    Total System Jitter     (TSJ):    0.050ns
    Total Input Jitter      (TIJ):    0.000ns
    Discrete Jitter          (DJ):    0.000ns
    Phase Error              (PE):    0.000ns

    Location             Delay type                Incr(ns)  Path(ns)    Netlist Resource(s)
  -------------------------------------------------------------------    -------------------
                         (clock ap_clk rise edge)     0.000     0.000 r  
                                                      0.000     0.000 r  ap_clk (IN)
                         net (fo=1514, unset)         0.973     0.973    bd_0_i/hls_inst/inst/grp_cpu_Pipeline_PROGRAM_LOOP_fu_187/ap_clk
    SLICE_X19Y31         FDRE                                         r  bd_0_i/hls_inst/inst/grp_cpu_Pipeline_PROGRAM_LOOP_fu_187/reg_file_34_reg_753_reg[9]/C
  -------------------------------------------------------------------    -------------------
    SLICE_X19Y31         FDRE (Prop_fdre_C_Q)         0.456     1.429 f  bd_0_i/hls_inst/inst/grp_cpu_Pipeline_PROGRAM_LOOP_fu_187/reg_file_34_reg_753_reg[9]/Q
                         net (fo=2, routed)           1.128     2.557    bd_0_i/hls_inst/inst/grp_cpu_Pipeline_PROGRAM_LOOP_fu_187/mul_32ns_32ns_64_2_1_U32/reg_file_34_reg_753__0[9]
    SLICE_X23Y33         LUT6 (Prop_lut6_I3_O)        0.124     2.681 f  bd_0_i/hls_inst/inst/grp_cpu_Pipeline_PROGRAM_LOOP_fu_187/mul_32ns_32ns_64_2_1_U32/tmp_product_i_149/O
                         net (fo=1, routed)           0.000     2.681    bd_0_i/hls_inst/inst/grp_cpu_Pipeline_PROGRAM_LOOP_fu_187/mul_32ns_32ns_64_2_1_U32/tmp_product_i_149_n_0
    SLICE_X23Y33         MUXF7 (Prop_muxf7_I1_O)      0.245     2.926 f  bd_0_i/hls_inst/inst/grp_cpu_Pipeline_PROGRAM_LOOP_fu_187/mul_32ns_32ns_64_2_1_U32/tmp_product_i_49/O
                         net (fo=3, routed)           1.609     4.535    bd_0_i/hls_inst/inst/grp_cpu_Pipeline_PROGRAM_LOOP_fu_187/mul_32ns_32ns_64_2_1_U32_n_137
    SLICE_X36Y36         LUT6 (Prop_lut6_I3_O)        0.298     4.833 r  bd_0_i/hls_inst/inst/grp_cpu_Pipeline_PROGRAM_LOOP_fu_187/mem_address0[9]_INST_0_i_8/O
                         net (fo=18, routed)          1.104     5.937    bd_0_i/hls_inst/inst/grp_cpu_Pipeline_PROGRAM_LOOP_fu_187/mem_address0[9]_INST_0_i_8_n_0
    SLICE_X41Y53         LUT3 (Prop_lut3_I2_O)        0.124     6.061 r  bd_0_i/hls_inst/inst/grp_cpu_Pipeline_PROGRAM_LOOP_fu_187/mem_address0[9]_INST_0_i_5/O
                         net (fo=1, routed)           0.000     6.061    bd_0_i/hls_inst/inst/grp_cpu_Pipeline_PROGRAM_LOOP_fu_187/mem_address0[9]_INST_0_i_5_n_0
    SLICE_X41Y53         CARRY4 (Prop_carry4_S[1]_CO[3])
                                                      0.550     6.611 r  bd_0_i/hls_inst/inst/grp_cpu_Pipeline_PROGRAM_LOOP_fu_187/mem_address0[9]_INST_0_i_1/CO[3]
                         net (fo=1, routed)           0.000     6.611    bd_0_i/hls_inst/inst/grp_cpu_Pipeline_PROGRAM_LOOP_fu_187/mem_address0[9]_INST_0_i_1_n_0
    SLICE_X41Y54         CARRY4 (Prop_carry4_CI_CO[3])
                                                      0.114     6.725 r  bd_0_i/hls_inst/inst/grp_cpu_Pipeline_PROGRAM_LOOP_fu_187/mem_address0[13]_INST_0_i_1/CO[3]
                         net (fo=1, routed)           0.000     6.725    bd_0_i/hls_inst/inst/grp_cpu_Pipeline_PROGRAM_LOOP_fu_187/mem_address0[13]_INST_0_i_1_n_0
    SLICE_X41Y55         CARRY4 (Prop_carry4_CI_O[3])
                                                      0.313     7.038 f  bd_0_i/hls_inst/inst/grp_cpu_Pipeline_PROGRAM_LOOP_fu_187/mem_address0[15]_INST_0_i_1/O[3]
                         net (fo=2, routed)           0.979     8.017    bd_0_i/hls_inst/inst/grp_cpu_Pipeline_PROGRAM_LOOP_fu_187/mem_address0[15]_INST_0_i_1_n_4
    SLICE_X42Y58         LUT4 (Prop_lut4_I3_O)        0.306     8.323 f  bd_0_i/hls_inst/inst/grp_cpu_Pipeline_PROGRAM_LOOP_fu_187/or_ln213_reg_5654[0]_i_2/O
                         net (fo=2, routed)           0.321     8.644    bd_0_i/hls_inst/inst/grp_cpu_Pipeline_PROGRAM_LOOP_fu_187/or_ln213_reg_5654[0]_i_2_n_0
    SLICE_X42Y59         LUT5 (Prop_lut5_I4_O)        0.124     8.768 f  bd_0_i/hls_inst/inst/grp_cpu_Pipeline_PROGRAM_LOOP_fu_187/mem_address0[15]_INST_0_i_8/O
                         net (fo=2, routed)           0.294     9.062    bd_0_i/hls_inst/inst/grp_cpu_Pipeline_PROGRAM_LOOP_fu_187/mem_address0[15]_INST_0_i_8_n_0
    SLICE_X42Y59         LUT6 (Prop_lut6_I2_O)        0.124     9.186 r  bd_0_i/hls_inst/inst/grp_cpu_Pipeline_PROGRAM_LOOP_fu_187/mem_address0[15]_INST_0_i_2/O
                         net (fo=20, routed)          1.757    10.943    bd_0_i/hls_inst/inst/grp_cpu_Pipeline_PROGRAM_LOOP_fu_187/mem_address0[15]_INST_0_i_2_n_0
    SLICE_X42Y53         LUT3 (Prop_lut3_I1_O)        0.124    11.067 r  bd_0_i/hls_inst/inst/grp_cpu_Pipeline_PROGRAM_LOOP_fu_187/mem_address0[3]_INST_0/O
                         net (fo=0)                   0.973    12.040    mem_address0[3]
                                                                      r  mem_address0[3] (OUT)
  -------------------------------------------------------------------    -------------------

Slack:                    inf
  Source:                 bd_0_i/hls_inst/inst/grp_cpu_Pipeline_PROGRAM_LOOP_fu_187/reg_file_34_reg_753_reg[9]/C
                            (rising edge-triggered cell FDRE clocked by ap_clk  {rise@0.000ns fall@5.000ns period=10.000ns})
  Destination:            mem_address0[0]
                            (output port)
  Path Group:             (none)
  Path Type:              Max at Slow Process Corner
  Data Path Delay:        10.941ns  (logic 2.902ns (26.524%)  route 8.039ns (73.476%))
  Logic Levels:           11  (CARRY4=3 LUT3=2 LUT4=1 LUT5=1 LUT6=3 MUXF7=1)
  Clock Uncertainty:      0.025ns  ((TSJ^2 + TIJ^2)^1/2 + DJ) / 2 + PE
    Total System Jitter     (TSJ):    0.050ns
    Total Input Jitter      (TIJ):    0.000ns
    Discrete Jitter          (DJ):    0.000ns
    Phase Error              (PE):    0.000ns

    Location             Delay type                Incr(ns)  Path(ns)    Netlist Resource(s)
  -------------------------------------------------------------------    -------------------
                         (clock ap_clk rise edge)     0.000     0.000 r  
                                                      0.000     0.000 r  ap_clk (IN)
                         net (fo=1514, unset)         0.973     0.973    bd_0_i/hls_inst/inst/grp_cpu_Pipeline_PROGRAM_LOOP_fu_187/ap_clk
    SLICE_X19Y31         FDRE                                         r  bd_0_i/hls_inst/inst/grp_cpu_Pipeline_PROGRAM_LOOP_fu_187/reg_file_34_reg_753_reg[9]/C
  -------------------------------------------------------------------    -------------------
    SLICE_X19Y31         FDRE (Prop_fdre_C_Q)         0.456     1.429 f  bd_0_i/hls_inst/inst/grp_cpu_Pipeline_PROGRAM_LOOP_fu_187/reg_file_34_reg_753_reg[9]/Q
                         net (fo=2, routed)           1.128     2.557    bd_0_i/hls_inst/inst/grp_cpu_Pipeline_PROGRAM_LOOP_fu_187/mul_32ns_32ns_64_2_1_U32/reg_file_34_reg_753__0[9]
    SLICE_X23Y33         LUT6 (Prop_lut6_I3_O)        0.124     2.681 f  bd_0_i/hls_inst/inst/grp_cpu_Pipeline_PROGRAM_LOOP_fu_187/mul_32ns_32ns_64_2_1_U32/tmp_product_i_149/O
                         net (fo=1, routed)           0.000     2.681    bd_0_i/hls_inst/inst/grp_cpu_Pipeline_PROGRAM_LOOP_fu_187/mul_32ns_32ns_64_2_1_U32/tmp_product_i_149_n_0
    SLICE_X23Y33         MUXF7 (Prop_muxf7_I1_O)      0.245     2.926 f  bd_0_i/hls_inst/inst/grp_cpu_Pipeline_PROGRAM_LOOP_fu_187/mul_32ns_32ns_64_2_1_U32/tmp_product_i_49/O
                         net (fo=3, routed)           1.609     4.535    bd_0_i/hls_inst/inst/grp_cpu_Pipeline_PROGRAM_LOOP_fu_187/mul_32ns_32ns_64_2_1_U32_n_137
    SLICE_X36Y36         LUT6 (Prop_lut6_I3_O)        0.298     4.833 r  bd_0_i/hls_inst/inst/grp_cpu_Pipeline_PROGRAM_LOOP_fu_187/mem_address0[9]_INST_0_i_8/O
                         net (fo=18, routed)          1.104     5.937    bd_0_i/hls_inst/inst/grp_cpu_Pipeline_PROGRAM_LOOP_fu_187/mem_address0[9]_INST_0_i_8_n_0
    SLICE_X41Y53         LUT3 (Prop_lut3_I2_O)        0.124     6.061 r  bd_0_i/hls_inst/inst/grp_cpu_Pipeline_PROGRAM_LOOP_fu_187/mem_address0[9]_INST_0_i_5/O
                         net (fo=1, routed)           0.000     6.061    bd_0_i/hls_inst/inst/grp_cpu_Pipeline_PROGRAM_LOOP_fu_187/mem_address0[9]_INST_0_i_5_n_0
    SLICE_X41Y53         CARRY4 (Prop_carry4_S[1]_CO[3])
                                                      0.550     6.611 r  bd_0_i/hls_inst/inst/grp_cpu_Pipeline_PROGRAM_LOOP_fu_187/mem_address0[9]_INST_0_i_1/CO[3]
                         net (fo=1, routed)           0.000     6.611    bd_0_i/hls_inst/inst/grp_cpu_Pipeline_PROGRAM_LOOP_fu_187/mem_address0[9]_INST_0_i_1_n_0
    SLICE_X41Y54         CARRY4 (Prop_carry4_CI_CO[3])
                                                      0.114     6.725 r  bd_0_i/hls_inst/inst/grp_cpu_Pipeline_PROGRAM_LOOP_fu_187/mem_address0[13]_INST_0_i_1/CO[3]
                         net (fo=1, routed)           0.000     6.725    bd_0_i/hls_inst/inst/grp_cpu_Pipeline_PROGRAM_LOOP_fu_187/mem_address0[13]_INST_0_i_1_n_0
    SLICE_X41Y55         CARRY4 (Prop_carry4_CI_O[3])
                                                      0.313     7.038 f  bd_0_i/hls_inst/inst/grp_cpu_Pipeline_PROGRAM_LOOP_fu_187/mem_address0[15]_INST_0_i_1/O[3]
                         net (fo=2, routed)           0.979     8.017    bd_0_i/hls_inst/inst/grp_cpu_Pipeline_PROGRAM_LOOP_fu_187/mem_address0[15]_INST_0_i_1_n_4
    SLICE_X42Y58         LUT4 (Prop_lut4_I3_O)        0.306     8.323 f  bd_0_i/hls_inst/inst/grp_cpu_Pipeline_PROGRAM_LOOP_fu_187/or_ln213_reg_5654[0]_i_2/O
                         net (fo=2, routed)           0.321     8.644    bd_0_i/hls_inst/inst/grp_cpu_Pipeline_PROGRAM_LOOP_fu_187/or_ln213_reg_5654[0]_i_2_n_0
    SLICE_X42Y59         LUT5 (Prop_lut5_I4_O)        0.124     8.768 f  bd_0_i/hls_inst/inst/grp_cpu_Pipeline_PROGRAM_LOOP_fu_187/mem_address0[15]_INST_0_i_8/O
                         net (fo=2, routed)           0.294     9.062    bd_0_i/hls_inst/inst/grp_cpu_Pipeline_PROGRAM_LOOP_fu_187/mem_address0[15]_INST_0_i_8_n_0
    SLICE_X42Y59         LUT6 (Prop_lut6_I2_O)        0.124     9.186 r  bd_0_i/hls_inst/inst/grp_cpu_Pipeline_PROGRAM_LOOP_fu_187/mem_address0[15]_INST_0_i_2/O
                         net (fo=20, routed)          1.631    10.817    bd_0_i/hls_inst/inst/grp_cpu_Pipeline_PROGRAM_LOOP_fu_187/mem_address0[15]_INST_0_i_2_n_0
    SLICE_X43Y52         LUT3 (Prop_lut3_I1_O)        0.124    10.941 r  bd_0_i/hls_inst/inst/grp_cpu_Pipeline_PROGRAM_LOOP_fu_187/mem_address0[0]_INST_0/O
                         net (fo=0)                   0.973    11.914    mem_address0[0]
                                                                      r  mem_address0[0] (OUT)
  -------------------------------------------------------------------    -------------------

Slack:                    inf
  Source:                 bd_0_i/hls_inst/inst/grp_cpu_Pipeline_PROGRAM_LOOP_fu_187/reg_file_34_reg_753_reg[9]/C
                            (rising edge-triggered cell FDRE clocked by ap_clk  {rise@0.000ns fall@5.000ns period=10.000ns})
  Destination:            mem_address0[5]
                            (output port)
  Path Group:             (none)
  Path Type:              Max at Slow Process Corner
  Data Path Delay:        10.798ns  (logic 2.902ns (26.875%)  route 7.896ns (73.125%))
  Logic Levels:           11  (CARRY4=3 LUT3=2 LUT4=1 LUT5=1 LUT6=3 MUXF7=1)
  Clock Uncertainty:      0.025ns  ((TSJ^2 + TIJ^2)^1/2 + DJ) / 2 + PE
    Total System Jitter     (TSJ):    0.050ns
    Total Input Jitter      (TIJ):    0.000ns
    Discrete Jitter          (DJ):    0.000ns
    Phase Error              (PE):    0.000ns

    Location             Delay type                Incr(ns)  Path(ns)    Netlist Resource(s)
  -------------------------------------------------------------------    -------------------
                         (clock ap_clk rise edge)     0.000     0.000 r  
                                                      0.000     0.000 r  ap_clk (IN)
                         net (fo=1514, unset)         0.973     0.973    bd_0_i/hls_inst/inst/grp_cpu_Pipeline_PROGRAM_LOOP_fu_187/ap_clk
    SLICE_X19Y31         FDRE                                         r  bd_0_i/hls_inst/inst/grp_cpu_Pipeline_PROGRAM_LOOP_fu_187/reg_file_34_reg_753_reg[9]/C
  -------------------------------------------------------------------    -------------------
    SLICE_X19Y31         FDRE (Prop_fdre_C_Q)         0.456     1.429 f  bd_0_i/hls_inst/inst/grp_cpu_Pipeline_PROGRAM_LOOP_fu_187/reg_file_34_reg_753_reg[9]/Q
                         net (fo=2, routed)           1.128     2.557    bd_0_i/hls_inst/inst/grp_cpu_Pipeline_PROGRAM_LOOP_fu_187/mul_32ns_32ns_64_2_1_U32/reg_file_34_reg_753__0[9]
    SLICE_X23Y33         LUT6 (Prop_lut6_I3_O)        0.124     2.681 f  bd_0_i/hls_inst/inst/grp_cpu_Pipeline_PROGRAM_LOOP_fu_187/mul_32ns_32ns_64_2_1_U32/tmp_product_i_149/O
                         net (fo=1, routed)           0.000     2.681    bd_0_i/hls_inst/inst/grp_cpu_Pipeline_PROGRAM_LOOP_fu_187/mul_32ns_32ns_64_2_1_U32/tmp_product_i_149_n_0
    SLICE_X23Y33         MUXF7 (Prop_muxf7_I1_O)      0.245     2.926 f  bd_0_i/hls_inst/inst/grp_cpu_Pipeline_PROGRAM_LOOP_fu_187/mul_32ns_32ns_64_2_1_U32/tmp_product_i_49/O
                         net (fo=3, routed)           1.609     4.535    bd_0_i/hls_inst/inst/grp_cpu_Pipeline_PROGRAM_LOOP_fu_187/mul_32ns_32ns_64_2_1_U32_n_137
    SLICE_X36Y36         LUT6 (Prop_lut6_I3_O)        0.298     4.833 r  bd_0_i/hls_inst/inst/grp_cpu_Pipeline_PROGRAM_LOOP_fu_187/mem_address0[9]_INST_0_i_8/O
                         net (fo=18, routed)          1.104     5.937    bd_0_i/hls_inst/inst/grp_cpu_Pipeline_PROGRAM_LOOP_fu_187/mem_address0[9]_INST_0_i_8_n_0
    SLICE_X41Y53         LUT3 (Prop_lut3_I2_O)        0.124     6.061 r  bd_0_i/hls_inst/inst/grp_cpu_Pipeline_PROGRAM_LOOP_fu_187/mem_address0[9]_INST_0_i_5/O
                         net (fo=1, routed)           0.000     6.061    bd_0_i/hls_inst/inst/grp_cpu_Pipeline_PROGRAM_LOOP_fu_187/mem_address0[9]_INST_0_i_5_n_0
    SLICE_X41Y53         CARRY4 (Prop_carry4_S[1]_CO[3])
                                                      0.550     6.611 r  bd_0_i/hls_inst/inst/grp_cpu_Pipeline_PROGRAM_LOOP_fu_187/mem_address0[9]_INST_0_i_1/CO[3]
                         net (fo=1, routed)           0.000     6.611    bd_0_i/hls_inst/inst/grp_cpu_Pipeline_PROGRAM_LOOP_fu_187/mem_address0[9]_INST_0_i_1_n_0
    SLICE_X41Y54         CARRY4 (Prop_carry4_CI_CO[3])
                                                      0.114     6.725 r  bd_0_i/hls_inst/inst/grp_cpu_Pipeline_PROGRAM_LOOP_fu_187/mem_address0[13]_INST_0_i_1/CO[3]
                         net (fo=1, routed)           0.000     6.725    bd_0_i/hls_inst/inst/grp_cpu_Pipeline_PROGRAM_LOOP_fu_187/mem_address0[13]_INST_0_i_1_n_0
    SLICE_X41Y55         CARRY4 (Prop_carry4_CI_O[3])
                                                      0.313     7.038 f  bd_0_i/hls_inst/inst/grp_cpu_Pipeline_PROGRAM_LOOP_fu_187/mem_address0[15]_INST_0_i_1/O[3]
                         net (fo=2, routed)           0.979     8.017    bd_0_i/hls_inst/inst/grp_cpu_Pipeline_PROGRAM_LOOP_fu_187/mem_address0[15]_INST_0_i_1_n_4
    SLICE_X42Y58         LUT4 (Prop_lut4_I3_O)        0.306     8.323 f  bd_0_i/hls_inst/inst/grp_cpu_Pipeline_PROGRAM_LOOP_fu_187/or_ln213_reg_5654[0]_i_2/O
                         net (fo=2, routed)           0.321     8.644    bd_0_i/hls_inst/inst/grp_cpu_Pipeline_PROGRAM_LOOP_fu_187/or_ln213_reg_5654[0]_i_2_n_0
    SLICE_X42Y59         LUT5 (Prop_lut5_I4_O)        0.124     8.768 f  bd_0_i/hls_inst/inst/grp_cpu_Pipeline_PROGRAM_LOOP_fu_187/mem_address0[15]_INST_0_i_8/O
                         net (fo=2, routed)           0.294     9.062    bd_0_i/hls_inst/inst/grp_cpu_Pipeline_PROGRAM_LOOP_fu_187/mem_address0[15]_INST_0_i_8_n_0
    SLICE_X42Y59         LUT6 (Prop_lut6_I2_O)        0.124     9.186 r  bd_0_i/hls_inst/inst/grp_cpu_Pipeline_PROGRAM_LOOP_fu_187/mem_address0[15]_INST_0_i_2/O
                         net (fo=20, routed)          1.488    10.674    bd_0_i/hls_inst/inst/grp_cpu_Pipeline_PROGRAM_LOOP_fu_187/mem_address0[15]_INST_0_i_2_n_0
    SLICE_X46Y53         LUT3 (Prop_lut3_I1_O)        0.124    10.798 r  bd_0_i/hls_inst/inst/grp_cpu_Pipeline_PROGRAM_LOOP_fu_187/mem_address0[5]_INST_0/O
                         net (fo=0)                   0.973    11.771    mem_address0[5]
                                                                      r  mem_address0[5] (OUT)
  -------------------------------------------------------------------    -------------------

Slack:                    inf
  Source:                 bd_0_i/hls_inst/inst/grp_cpu_Pipeline_PROGRAM_LOOP_fu_187/reg_file_34_reg_753_reg[9]/C
                            (rising edge-triggered cell FDRE clocked by ap_clk  {rise@0.000ns fall@5.000ns period=10.000ns})
  Destination:            mem_address0[12]
                            (output port)
  Path Group:             (none)
  Path Type:              Max at Slow Process Corner
  Data Path Delay:        10.797ns  (logic 2.902ns (26.879%)  route 7.895ns (73.121%))
  Logic Levels:           11  (CARRY4=3 LUT3=2 LUT4=1 LUT5=1 LUT6=3 MUXF7=1)
  Clock Uncertainty:      0.025ns  ((TSJ^2 + TIJ^2)^1/2 + DJ) / 2 + PE
    Total System Jitter     (TSJ):    0.050ns
    Total Input Jitter      (TIJ):    0.000ns
    Discrete Jitter          (DJ):    0.000ns
    Phase Error              (PE):    0.000ns

    Location             Delay type                Incr(ns)  Path(ns)    Netlist Resource(s)
  -------------------------------------------------------------------    -------------------
                         (clock ap_clk rise edge)     0.000     0.000 r  
                                                      0.000     0.000 r  ap_clk (IN)
                         net (fo=1514, unset)         0.973     0.973    bd_0_i/hls_inst/inst/grp_cpu_Pipeline_PROGRAM_LOOP_fu_187/ap_clk
    SLICE_X19Y31         FDRE                                         r  bd_0_i/hls_inst/inst/grp_cpu_Pipeline_PROGRAM_LOOP_fu_187/reg_file_34_reg_753_reg[9]/C
  -------------------------------------------------------------------    -------------------
    SLICE_X19Y31         FDRE (Prop_fdre_C_Q)         0.456     1.429 f  bd_0_i/hls_inst/inst/grp_cpu_Pipeline_PROGRAM_LOOP_fu_187/reg_file_34_reg_753_reg[9]/Q
                         net (fo=2, routed)           1.128     2.557    bd_0_i/hls_inst/inst/grp_cpu_Pipeline_PROGRAM_LOOP_fu_187/mul_32ns_32ns_64_2_1_U32/reg_file_34_reg_753__0[9]
    SLICE_X23Y33         LUT6 (Prop_lut6_I3_O)        0.124     2.681 f  bd_0_i/hls_inst/inst/grp_cpu_Pipeline_PROGRAM_LOOP_fu_187/mul_32ns_32ns_64_2_1_U32/tmp_product_i_149/O
                         net (fo=1, routed)           0.000     2.681    bd_0_i/hls_inst/inst/grp_cpu_Pipeline_PROGRAM_LOOP_fu_187/mul_32ns_32ns_64_2_1_U32/tmp_product_i_149_n_0
    SLICE_X23Y33         MUXF7 (Prop_muxf7_I1_O)      0.245     2.926 f  bd_0_i/hls_inst/inst/grp_cpu_Pipeline_PROGRAM_LOOP_fu_187/mul_32ns_32ns_64_2_1_U32/tmp_product_i_49/O
                         net (fo=3, routed)           1.609     4.535    bd_0_i/hls_inst/inst/grp_cpu_Pipeline_PROGRAM_LOOP_fu_187/mul_32ns_32ns_64_2_1_U32_n_137
    SLICE_X36Y36         LUT6 (Prop_lut6_I3_O)        0.298     4.833 r  bd_0_i/hls_inst/inst/grp_cpu_Pipeline_PROGRAM_LOOP_fu_187/mem_address0[9]_INST_0_i_8/O
                         net (fo=18, routed)          1.104     5.937    bd_0_i/hls_inst/inst/grp_cpu_Pipeline_PROGRAM_LOOP_fu_187/mem_address0[9]_INST_0_i_8_n_0
    SLICE_X41Y53         LUT3 (Prop_lut3_I2_O)        0.124     6.061 r  bd_0_i/hls_inst/inst/grp_cpu_Pipeline_PROGRAM_LOOP_fu_187/mem_address0[9]_INST_0_i_5/O
                         net (fo=1, routed)           0.000     6.061    bd_0_i/hls_inst/inst/grp_cpu_Pipeline_PROGRAM_LOOP_fu_187/mem_address0[9]_INST_0_i_5_n_0
    SLICE_X41Y53         CARRY4 (Prop_carry4_S[1]_CO[3])
                                                      0.550     6.611 r  bd_0_i/hls_inst/inst/grp_cpu_Pipeline_PROGRAM_LOOP_fu_187/mem_address0[9]_INST_0_i_1/CO[3]
                         net (fo=1, routed)           0.000     6.611    bd_0_i/hls_inst/inst/grp_cpu_Pipeline_PROGRAM_LOOP_fu_187/mem_address0[9]_INST_0_i_1_n_0
    SLICE_X41Y54         CARRY4 (Prop_carry4_CI_CO[3])
                                                      0.114     6.725 r  bd_0_i/hls_inst/inst/grp_cpu_Pipeline_PROGRAM_LOOP_fu_187/mem_address0[13]_INST_0_i_1/CO[3]
                         net (fo=1, routed)           0.000     6.725    bd_0_i/hls_inst/inst/grp_cpu_Pipeline_PROGRAM_LOOP_fu_187/mem_address0[13]_INST_0_i_1_n_0
    SLICE_X41Y55         CARRY4 (Prop_carry4_CI_O[3])
                                                      0.313     7.038 f  bd_0_i/hls_inst/inst/grp_cpu_Pipeline_PROGRAM_LOOP_fu_187/mem_address0[15]_INST_0_i_1/O[3]
                         net (fo=2, routed)           0.979     8.017    bd_0_i/hls_inst/inst/grp_cpu_Pipeline_PROGRAM_LOOP_fu_187/mem_address0[15]_INST_0_i_1_n_4
    SLICE_X42Y58         LUT4 (Prop_lut4_I3_O)        0.306     8.323 f  bd_0_i/hls_inst/inst/grp_cpu_Pipeline_PROGRAM_LOOP_fu_187/or_ln213_reg_5654[0]_i_2/O
                         net (fo=2, routed)           0.321     8.644    bd_0_i/hls_inst/inst/grp_cpu_Pipeline_PROGRAM_LOOP_fu_187/or_ln213_reg_5654[0]_i_2_n_0
    SLICE_X42Y59         LUT5 (Prop_lut5_I4_O)        0.124     8.768 f  bd_0_i/hls_inst/inst/grp_cpu_Pipeline_PROGRAM_LOOP_fu_187/mem_address0[15]_INST_0_i_8/O
                         net (fo=2, routed)           0.294     9.062    bd_0_i/hls_inst/inst/grp_cpu_Pipeline_PROGRAM_LOOP_fu_187/mem_address0[15]_INST_0_i_8_n_0
    SLICE_X42Y59         LUT6 (Prop_lut6_I2_O)        0.124     9.186 r  bd_0_i/hls_inst/inst/grp_cpu_Pipeline_PROGRAM_LOOP_fu_187/mem_address0[15]_INST_0_i_2/O
                         net (fo=20, routed)          1.486    10.673    bd_0_i/hls_inst/inst/grp_cpu_Pipeline_PROGRAM_LOOP_fu_187/mem_address0[15]_INST_0_i_2_n_0
    SLICE_X43Y54         LUT3 (Prop_lut3_I1_O)        0.124    10.797 r  bd_0_i/hls_inst/inst/grp_cpu_Pipeline_PROGRAM_LOOP_fu_187/mem_address0[12]_INST_0/O
                         net (fo=0)                   0.973    11.770    mem_address0[12]
                                                                      r  mem_address0[12] (OUT)
  -------------------------------------------------------------------    -------------------

Slack:                    inf
  Source:                 bd_0_i/hls_inst/inst/grp_cpu_Pipeline_PROGRAM_LOOP_fu_187/reg_file_34_reg_753_reg[9]/C
                            (rising edge-triggered cell FDRE clocked by ap_clk  {rise@0.000ns fall@5.000ns period=10.000ns})
  Destination:            mem_address0[10]
                            (output port)
  Path Group:             (none)
  Path Type:              Max at Slow Process Corner
  Data Path Delay:        10.792ns  (logic 2.902ns (26.891%)  route 7.890ns (73.109%))
  Logic Levels:           11  (CARRY4=3 LUT3=2 LUT4=1 LUT5=1 LUT6=3 MUXF7=1)
  Clock Uncertainty:      0.025ns  ((TSJ^2 + TIJ^2)^1/2 + DJ) / 2 + PE
    Total System Jitter     (TSJ):    0.050ns
    Total Input Jitter      (TIJ):    0.000ns
    Discrete Jitter          (DJ):    0.000ns
    Phase Error              (PE):    0.000ns

    Location             Delay type                Incr(ns)  Path(ns)    Netlist Resource(s)
  -------------------------------------------------------------------    -------------------
                         (clock ap_clk rise edge)     0.000     0.000 r  
                                                      0.000     0.000 r  ap_clk (IN)
                         net (fo=1514, unset)         0.973     0.973    bd_0_i/hls_inst/inst/grp_cpu_Pipeline_PROGRAM_LOOP_fu_187/ap_clk
    SLICE_X19Y31         FDRE                                         r  bd_0_i/hls_inst/inst/grp_cpu_Pipeline_PROGRAM_LOOP_fu_187/reg_file_34_reg_753_reg[9]/C
  -------------------------------------------------------------------    -------------------
    SLICE_X19Y31         FDRE (Prop_fdre_C_Q)         0.456     1.429 f  bd_0_i/hls_inst/inst/grp_cpu_Pipeline_PROGRAM_LOOP_fu_187/reg_file_34_reg_753_reg[9]/Q
                         net (fo=2, routed)           1.128     2.557    bd_0_i/hls_inst/inst/grp_cpu_Pipeline_PROGRAM_LOOP_fu_187/mul_32ns_32ns_64_2_1_U32/reg_file_34_reg_753__0[9]
    SLICE_X23Y33         LUT6 (Prop_lut6_I3_O)        0.124     2.681 f  bd_0_i/hls_inst/inst/grp_cpu_Pipeline_PROGRAM_LOOP_fu_187/mul_32ns_32ns_64_2_1_U32/tmp_product_i_149/O
                         net (fo=1, routed)           0.000     2.681    bd_0_i/hls_inst/inst/grp_cpu_Pipeline_PROGRAM_LOOP_fu_187/mul_32ns_32ns_64_2_1_U32/tmp_product_i_149_n_0
    SLICE_X23Y33         MUXF7 (Prop_muxf7_I1_O)      0.245     2.926 f  bd_0_i/hls_inst/inst/grp_cpu_Pipeline_PROGRAM_LOOP_fu_187/mul_32ns_32ns_64_2_1_U32/tmp_product_i_49/O
                         net (fo=3, routed)           1.609     4.535    bd_0_i/hls_inst/inst/grp_cpu_Pipeline_PROGRAM_LOOP_fu_187/mul_32ns_32ns_64_2_1_U32_n_137
    SLICE_X36Y36         LUT6 (Prop_lut6_I3_O)        0.298     4.833 r  bd_0_i/hls_inst/inst/grp_cpu_Pipeline_PROGRAM_LOOP_fu_187/mem_address0[9]_INST_0_i_8/O
                         net (fo=18, routed)          1.104     5.937    bd_0_i/hls_inst/inst/grp_cpu_Pipeline_PROGRAM_LOOP_fu_187/mem_address0[9]_INST_0_i_8_n_0
    SLICE_X41Y53         LUT3 (Prop_lut3_I2_O)        0.124     6.061 r  bd_0_i/hls_inst/inst/grp_cpu_Pipeline_PROGRAM_LOOP_fu_187/mem_address0[9]_INST_0_i_5/O
                         net (fo=1, routed)           0.000     6.061    bd_0_i/hls_inst/inst/grp_cpu_Pipeline_PROGRAM_LOOP_fu_187/mem_address0[9]_INST_0_i_5_n_0
    SLICE_X41Y53         CARRY4 (Prop_carry4_S[1]_CO[3])
                                                      0.550     6.611 r  bd_0_i/hls_inst/inst/grp_cpu_Pipeline_PROGRAM_LOOP_fu_187/mem_address0[9]_INST_0_i_1/CO[3]
                         net (fo=1, routed)           0.000     6.611    bd_0_i/hls_inst/inst/grp_cpu_Pipeline_PROGRAM_LOOP_fu_187/mem_address0[9]_INST_0_i_1_n_0
    SLICE_X41Y54         CARRY4 (Prop_carry4_CI_CO[3])
                                                      0.114     6.725 r  bd_0_i/hls_inst/inst/grp_cpu_Pipeline_PROGRAM_LOOP_fu_187/mem_address0[13]_INST_0_i_1/CO[3]
                         net (fo=1, routed)           0.000     6.725    bd_0_i/hls_inst/inst/grp_cpu_Pipeline_PROGRAM_LOOP_fu_187/mem_address0[13]_INST_0_i_1_n_0
    SLICE_X41Y55         CARRY4 (Prop_carry4_CI_O[3])
                                                      0.313     7.038 f  bd_0_i/hls_inst/inst/grp_cpu_Pipeline_PROGRAM_LOOP_fu_187/mem_address0[15]_INST_0_i_1/O[3]
                         net (fo=2, routed)           0.979     8.017    bd_0_i/hls_inst/inst/grp_cpu_Pipeline_PROGRAM_LOOP_fu_187/mem_address0[15]_INST_0_i_1_n_4
    SLICE_X42Y58         LUT4 (Prop_lut4_I3_O)        0.306     8.323 f  bd_0_i/hls_inst/inst/grp_cpu_Pipeline_PROGRAM_LOOP_fu_187/or_ln213_reg_5654[0]_i_2/O
                         net (fo=2, routed)           0.321     8.644    bd_0_i/hls_inst/inst/grp_cpu_Pipeline_PROGRAM_LOOP_fu_187/or_ln213_reg_5654[0]_i_2_n_0
    SLICE_X42Y59         LUT5 (Prop_lut5_I4_O)        0.124     8.768 f  bd_0_i/hls_inst/inst/grp_cpu_Pipeline_PROGRAM_LOOP_fu_187/mem_address0[15]_INST_0_i_8/O
                         net (fo=2, routed)           0.294     9.062    bd_0_i/hls_inst/inst/grp_cpu_Pipeline_PROGRAM_LOOP_fu_187/mem_address0[15]_INST_0_i_8_n_0
    SLICE_X42Y59         LUT6 (Prop_lut6_I2_O)        0.124     9.186 r  bd_0_i/hls_inst/inst/grp_cpu_Pipeline_PROGRAM_LOOP_fu_187/mem_address0[15]_INST_0_i_2/O
                         net (fo=20, routed)          1.481    10.668    bd_0_i/hls_inst/inst/grp_cpu_Pipeline_PROGRAM_LOOP_fu_187/mem_address0[15]_INST_0_i_2_n_0
    SLICE_X43Y54         LUT3 (Prop_lut3_I1_O)        0.124    10.792 r  bd_0_i/hls_inst/inst/grp_cpu_Pipeline_PROGRAM_LOOP_fu_187/mem_address0[10]_INST_0/O
                         net (fo=0)                   0.973    11.765    mem_address0[10]
                                                                      r  mem_address0[10] (OUT)
  -------------------------------------------------------------------    -------------------

Slack:                    inf
  Source:                 bd_0_i/hls_inst/inst/grp_cpu_Pipeline_PROGRAM_LOOP_fu_187/reg_file_34_reg_753_reg[9]/C
                            (rising edge-triggered cell FDRE clocked by ap_clk  {rise@0.000ns fall@5.000ns period=10.000ns})
  Destination:            mem_address0[1]
                            (output port)
  Path Group:             (none)
  Path Type:              Max at Slow Process Corner
  Data Path Delay:        10.723ns  (logic 2.902ns (27.063%)  route 7.821ns (72.937%))
  Logic Levels:           11  (CARRY4=3 LUT3=2 LUT4=1 LUT5=1 LUT6=3 MUXF7=1)
  Clock Uncertainty:      0.025ns  ((TSJ^2 + TIJ^2)^1/2 + DJ) / 2 + PE
    Total System Jitter     (TSJ):    0.050ns
    Total Input Jitter      (TIJ):    0.000ns
    Discrete Jitter          (DJ):    0.000ns
    Phase Error              (PE):    0.000ns

    Location             Delay type                Incr(ns)  Path(ns)    Netlist Resource(s)
  -------------------------------------------------------------------    -------------------
                         (clock ap_clk rise edge)     0.000     0.000 r  
                                                      0.000     0.000 r  ap_clk (IN)
                         net (fo=1514, unset)         0.973     0.973    bd_0_i/hls_inst/inst/grp_cpu_Pipeline_PROGRAM_LOOP_fu_187/ap_clk
    SLICE_X19Y31         FDRE                                         r  bd_0_i/hls_inst/inst/grp_cpu_Pipeline_PROGRAM_LOOP_fu_187/reg_file_34_reg_753_reg[9]/C
  -------------------------------------------------------------------    -------------------
    SLICE_X19Y31         FDRE (Prop_fdre_C_Q)         0.456     1.429 f  bd_0_i/hls_inst/inst/grp_cpu_Pipeline_PROGRAM_LOOP_fu_187/reg_file_34_reg_753_reg[9]/Q
                         net (fo=2, routed)           1.128     2.557    bd_0_i/hls_inst/inst/grp_cpu_Pipeline_PROGRAM_LOOP_fu_187/mul_32ns_32ns_64_2_1_U32/reg_file_34_reg_753__0[9]
    SLICE_X23Y33         LUT6 (Prop_lut6_I3_O)        0.124     2.681 f  bd_0_i/hls_inst/inst/grp_cpu_Pipeline_PROGRAM_LOOP_fu_187/mul_32ns_32ns_64_2_1_U32/tmp_product_i_149/O
                         net (fo=1, routed)           0.000     2.681    bd_0_i/hls_inst/inst/grp_cpu_Pipeline_PROGRAM_LOOP_fu_187/mul_32ns_32ns_64_2_1_U32/tmp_product_i_149_n_0
    SLICE_X23Y33         MUXF7 (Prop_muxf7_I1_O)      0.245     2.926 f  bd_0_i/hls_inst/inst/grp_cpu_Pipeline_PROGRAM_LOOP_fu_187/mul_32ns_32ns_64_2_1_U32/tmp_product_i_49/O
                         net (fo=3, routed)           1.609     4.535    bd_0_i/hls_inst/inst/grp_cpu_Pipeline_PROGRAM_LOOP_fu_187/mul_32ns_32ns_64_2_1_U32_n_137
    SLICE_X36Y36         LUT6 (Prop_lut6_I3_O)        0.298     4.833 r  bd_0_i/hls_inst/inst/grp_cpu_Pipeline_PROGRAM_LOOP_fu_187/mem_address0[9]_INST_0_i_8/O
                         net (fo=18, routed)          1.104     5.937    bd_0_i/hls_inst/inst/grp_cpu_Pipeline_PROGRAM_LOOP_fu_187/mem_address0[9]_INST_0_i_8_n_0
    SLICE_X41Y53         LUT3 (Prop_lut3_I2_O)        0.124     6.061 r  bd_0_i/hls_inst/inst/grp_cpu_Pipeline_PROGRAM_LOOP_fu_187/mem_address0[9]_INST_0_i_5/O
                         net (fo=1, routed)           0.000     6.061    bd_0_i/hls_inst/inst/grp_cpu_Pipeline_PROGRAM_LOOP_fu_187/mem_address0[9]_INST_0_i_5_n_0
    SLICE_X41Y53         CARRY4 (Prop_carry4_S[1]_CO[3])
                                                      0.550     6.611 r  bd_0_i/hls_inst/inst/grp_cpu_Pipeline_PROGRAM_LOOP_fu_187/mem_address0[9]_INST_0_i_1/CO[3]
                         net (fo=1, routed)           0.000     6.611    bd_0_i/hls_inst/inst/grp_cpu_Pipeline_PROGRAM_LOOP_fu_187/mem_address0[9]_INST_0_i_1_n_0
    SLICE_X41Y54         CARRY4 (Prop_carry4_CI_CO[3])
                                                      0.114     6.725 r  bd_0_i/hls_inst/inst/grp_cpu_Pipeline_PROGRAM_LOOP_fu_187/mem_address0[13]_INST_0_i_1/CO[3]
                         net (fo=1, routed)           0.000     6.725    bd_0_i/hls_inst/inst/grp_cpu_Pipeline_PROGRAM_LOOP_fu_187/mem_address0[13]_INST_0_i_1_n_0
    SLICE_X41Y55         CARRY4 (Prop_carry4_CI_O[3])
                                                      0.313     7.038 f  bd_0_i/hls_inst/inst/grp_cpu_Pipeline_PROGRAM_LOOP_fu_187/mem_address0[15]_INST_0_i_1/O[3]
                         net (fo=2, routed)           0.979     8.017    bd_0_i/hls_inst/inst/grp_cpu_Pipeline_PROGRAM_LOOP_fu_187/mem_address0[15]_INST_0_i_1_n_4
    SLICE_X42Y58         LUT4 (Prop_lut4_I3_O)        0.306     8.323 f  bd_0_i/hls_inst/inst/grp_cpu_Pipeline_PROGRAM_LOOP_fu_187/or_ln213_reg_5654[0]_i_2/O
                         net (fo=2, routed)           0.321     8.644    bd_0_i/hls_inst/inst/grp_cpu_Pipeline_PROGRAM_LOOP_fu_187/or_ln213_reg_5654[0]_i_2_n_0
    SLICE_X42Y59         LUT5 (Prop_lut5_I4_O)        0.124     8.768 f  bd_0_i/hls_inst/inst/grp_cpu_Pipeline_PROGRAM_LOOP_fu_187/mem_address0[15]_INST_0_i_8/O
                         net (fo=2, routed)           0.294     9.062    bd_0_i/hls_inst/inst/grp_cpu_Pipeline_PROGRAM_LOOP_fu_187/mem_address0[15]_INST_0_i_8_n_0
    SLICE_X42Y59         LUT6 (Prop_lut6_I2_O)        0.124     9.186 r  bd_0_i/hls_inst/inst/grp_cpu_Pipeline_PROGRAM_LOOP_fu_187/mem_address0[15]_INST_0_i_2/O
                         net (fo=20, routed)          1.413    10.599    bd_0_i/hls_inst/inst/grp_cpu_Pipeline_PROGRAM_LOOP_fu_187/mem_address0[15]_INST_0_i_2_n_0
    SLICE_X42Y52         LUT3 (Prop_lut3_I1_O)        0.124    10.723 r  bd_0_i/hls_inst/inst/grp_cpu_Pipeline_PROGRAM_LOOP_fu_187/mem_address0[1]_INST_0/O
                         net (fo=0)                   0.973    11.696    mem_address0[1]
                                                                      r  mem_address0[1] (OUT)
  -------------------------------------------------------------------    -------------------

Slack:                    inf
  Source:                 bd_0_i/hls_inst/inst/grp_cpu_Pipeline_PROGRAM_LOOP_fu_187/reg_file_34_reg_753_reg[9]/C
                            (rising edge-triggered cell FDRE clocked by ap_clk  {rise@0.000ns fall@5.000ns period=10.000ns})
  Destination:            mem_address0[8]
                            (output port)
  Path Group:             (none)
  Path Type:              Max at Slow Process Corner
  Data Path Delay:        10.721ns  (logic 2.902ns (27.070%)  route 7.819ns (72.930%))
  Logic Levels:           11  (CARRY4=3 LUT3=2 LUT4=1 LUT5=1 LUT6=3 MUXF7=1)
  Clock Uncertainty:      0.025ns  ((TSJ^2 + TIJ^2)^1/2 + DJ) / 2 + PE
    Total System Jitter     (TSJ):    0.050ns
    Total Input Jitter      (TIJ):    0.000ns
    Discrete Jitter          (DJ):    0.000ns
    Phase Error              (PE):    0.000ns

    Location             Delay type                Incr(ns)  Path(ns)    Netlist Resource(s)
  -------------------------------------------------------------------    -------------------
                         (clock ap_clk rise edge)     0.000     0.000 r  
                                                      0.000     0.000 r  ap_clk (IN)
                         net (fo=1514, unset)         0.973     0.973    bd_0_i/hls_inst/inst/grp_cpu_Pipeline_PROGRAM_LOOP_fu_187/ap_clk
    SLICE_X19Y31         FDRE                                         r  bd_0_i/hls_inst/inst/grp_cpu_Pipeline_PROGRAM_LOOP_fu_187/reg_file_34_reg_753_reg[9]/C
  -------------------------------------------------------------------    -------------------
    SLICE_X19Y31         FDRE (Prop_fdre_C_Q)         0.456     1.429 f  bd_0_i/hls_inst/inst/grp_cpu_Pipeline_PROGRAM_LOOP_fu_187/reg_file_34_reg_753_reg[9]/Q
                         net (fo=2, routed)           1.128     2.557    bd_0_i/hls_inst/inst/grp_cpu_Pipeline_PROGRAM_LOOP_fu_187/mul_32ns_32ns_64_2_1_U32/reg_file_34_reg_753__0[9]
    SLICE_X23Y33         LUT6 (Prop_lut6_I3_O)        0.124     2.681 f  bd_0_i/hls_inst/inst/grp_cpu_Pipeline_PROGRAM_LOOP_fu_187/mul_32ns_32ns_64_2_1_U32/tmp_product_i_149/O
                         net (fo=1, routed)           0.000     2.681    bd_0_i/hls_inst/inst/grp_cpu_Pipeline_PROGRAM_LOOP_fu_187/mul_32ns_32ns_64_2_1_U32/tmp_product_i_149_n_0
    SLICE_X23Y33         MUXF7 (Prop_muxf7_I1_O)      0.245     2.926 f  bd_0_i/hls_inst/inst/grp_cpu_Pipeline_PROGRAM_LOOP_fu_187/mul_32ns_32ns_64_2_1_U32/tmp_product_i_49/O
                         net (fo=3, routed)           1.609     4.535    bd_0_i/hls_inst/inst/grp_cpu_Pipeline_PROGRAM_LOOP_fu_187/mul_32ns_32ns_64_2_1_U32_n_137
    SLICE_X36Y36         LUT6 (Prop_lut6_I3_O)        0.298     4.833 r  bd_0_i/hls_inst/inst/grp_cpu_Pipeline_PROGRAM_LOOP_fu_187/mem_address0[9]_INST_0_i_8/O
                         net (fo=18, routed)          1.104     5.937    bd_0_i/hls_inst/inst/grp_cpu_Pipeline_PROGRAM_LOOP_fu_187/mem_address0[9]_INST_0_i_8_n_0
    SLICE_X41Y53         LUT3 (Prop_lut3_I2_O)        0.124     6.061 r  bd_0_i/hls_inst/inst/grp_cpu_Pipeline_PROGRAM_LOOP_fu_187/mem_address0[9]_INST_0_i_5/O
                         net (fo=1, routed)           0.000     6.061    bd_0_i/hls_inst/inst/grp_cpu_Pipeline_PROGRAM_LOOP_fu_187/mem_address0[9]_INST_0_i_5_n_0
    SLICE_X41Y53         CARRY4 (Prop_carry4_S[1]_CO[3])
                                                      0.550     6.611 r  bd_0_i/hls_inst/inst/grp_cpu_Pipeline_PROGRAM_LOOP_fu_187/mem_address0[9]_INST_0_i_1/CO[3]
                         net (fo=1, routed)           0.000     6.611    bd_0_i/hls_inst/inst/grp_cpu_Pipeline_PROGRAM_LOOP_fu_187/mem_address0[9]_INST_0_i_1_n_0
    SLICE_X41Y54         CARRY4 (Prop_carry4_CI_CO[3])
                                                      0.114     6.725 r  bd_0_i/hls_inst/inst/grp_cpu_Pipeline_PROGRAM_LOOP_fu_187/mem_address0[13]_INST_0_i_1/CO[3]
                         net (fo=1, routed)           0.000     6.725    bd_0_i/hls_inst/inst/grp_cpu_Pipeline_PROGRAM_LOOP_fu_187/mem_address0[13]_INST_0_i_1_n_0
    SLICE_X41Y55         CARRY4 (Prop_carry4_CI_O[3])
                                                      0.313     7.038 f  bd_0_i/hls_inst/inst/grp_cpu_Pipeline_PROGRAM_LOOP_fu_187/mem_address0[15]_INST_0_i_1/O[3]
                         net (fo=2, routed)           0.979     8.017    bd_0_i/hls_inst/inst/grp_cpu_Pipeline_PROGRAM_LOOP_fu_187/mem_address0[15]_INST_0_i_1_n_4
    SLICE_X42Y58         LUT4 (Prop_lut4_I3_O)        0.306     8.323 f  bd_0_i/hls_inst/inst/grp_cpu_Pipeline_PROGRAM_LOOP_fu_187/or_ln213_reg_5654[0]_i_2/O
                         net (fo=2, routed)           0.321     8.644    bd_0_i/hls_inst/inst/grp_cpu_Pipeline_PROGRAM_LOOP_fu_187/or_ln213_reg_5654[0]_i_2_n_0
    SLICE_X42Y59         LUT5 (Prop_lut5_I4_O)        0.124     8.768 f  bd_0_i/hls_inst/inst/grp_cpu_Pipeline_PROGRAM_LOOP_fu_187/mem_address0[15]_INST_0_i_8/O
                         net (fo=2, routed)           0.294     9.062    bd_0_i/hls_inst/inst/grp_cpu_Pipeline_PROGRAM_LOOP_fu_187/mem_address0[15]_INST_0_i_8_n_0
    SLICE_X42Y59         LUT6 (Prop_lut6_I2_O)        0.124     9.186 r  bd_0_i/hls_inst/inst/grp_cpu_Pipeline_PROGRAM_LOOP_fu_187/mem_address0[15]_INST_0_i_2/O
                         net (fo=20, routed)          1.410    10.597    bd_0_i/hls_inst/inst/grp_cpu_Pipeline_PROGRAM_LOOP_fu_187/mem_address0[15]_INST_0_i_2_n_0
    SLICE_X43Y54         LUT3 (Prop_lut3_I1_O)        0.124    10.721 r  bd_0_i/hls_inst/inst/grp_cpu_Pipeline_PROGRAM_LOOP_fu_187/mem_address0[8]_INST_0/O
                         net (fo=0)                   0.973    11.694    mem_address0[8]
                                                                      r  mem_address0[8] (OUT)
  -------------------------------------------------------------------    -------------------

Slack:                    inf
  Source:                 bd_0_i/hls_inst/inst/grp_cpu_Pipeline_PROGRAM_LOOP_fu_187/reg_file_34_reg_753_reg[9]/C
                            (rising edge-triggered cell FDRE clocked by ap_clk  {rise@0.000ns fall@5.000ns period=10.000ns})
  Destination:            mem_address0[9]
                            (output port)
  Path Group:             (none)
  Path Type:              Max at Slow Process Corner
  Data Path Delay:        10.720ns  (logic 2.902ns (27.072%)  route 7.818ns (72.928%))
  Logic Levels:           11  (CARRY4=3 LUT3=2 LUT4=1 LUT5=1 LUT6=3 MUXF7=1)
  Clock Uncertainty:      0.025ns  ((TSJ^2 + TIJ^2)^1/2 + DJ) / 2 + PE
    Total System Jitter     (TSJ):    0.050ns
    Total Input Jitter      (TIJ):    0.000ns
    Discrete Jitter          (DJ):    0.000ns
    Phase Error              (PE):    0.000ns

    Location             Delay type                Incr(ns)  Path(ns)    Netlist Resource(s)
  -------------------------------------------------------------------    -------------------
                         (clock ap_clk rise edge)     0.000     0.000 r  
                                                      0.000     0.000 r  ap_clk (IN)
                         net (fo=1514, unset)         0.973     0.973    bd_0_i/hls_inst/inst/grp_cpu_Pipeline_PROGRAM_LOOP_fu_187/ap_clk
    SLICE_X19Y31         FDRE                                         r  bd_0_i/hls_inst/inst/grp_cpu_Pipeline_PROGRAM_LOOP_fu_187/reg_file_34_reg_753_reg[9]/C
  -------------------------------------------------------------------    -------------------
    SLICE_X19Y31         FDRE (Prop_fdre_C_Q)         0.456     1.429 f  bd_0_i/hls_inst/inst/grp_cpu_Pipeline_PROGRAM_LOOP_fu_187/reg_file_34_reg_753_reg[9]/Q
                         net (fo=2, routed)           1.128     2.557    bd_0_i/hls_inst/inst/grp_cpu_Pipeline_PROGRAM_LOOP_fu_187/mul_32ns_32ns_64_2_1_U32/reg_file_34_reg_753__0[9]
    SLICE_X23Y33         LUT6 (Prop_lut6_I3_O)        0.124     2.681 f  bd_0_i/hls_inst/inst/grp_cpu_Pipeline_PROGRAM_LOOP_fu_187/mul_32ns_32ns_64_2_1_U32/tmp_product_i_149/O
                         net (fo=1, routed)           0.000     2.681    bd_0_i/hls_inst/inst/grp_cpu_Pipeline_PROGRAM_LOOP_fu_187/mul_32ns_32ns_64_2_1_U32/tmp_product_i_149_n_0
    SLICE_X23Y33         MUXF7 (Prop_muxf7_I1_O)      0.245     2.926 f  bd_0_i/hls_inst/inst/grp_cpu_Pipeline_PROGRAM_LOOP_fu_187/mul_32ns_32ns_64_2_1_U32/tmp_product_i_49/O
                         net (fo=3, routed)           1.609     4.535    bd_0_i/hls_inst/inst/grp_cpu_Pipeline_PROGRAM_LOOP_fu_187/mul_32ns_32ns_64_2_1_U32_n_137
    SLICE_X36Y36         LUT6 (Prop_lut6_I3_O)        0.298     4.833 r  bd_0_i/hls_inst/inst/grp_cpu_Pipeline_PROGRAM_LOOP_fu_187/mem_address0[9]_INST_0_i_8/O
                         net (fo=18, routed)          1.104     5.937    bd_0_i/hls_inst/inst/grp_cpu_Pipeline_PROGRAM_LOOP_fu_187/mem_address0[9]_INST_0_i_8_n_0
    SLICE_X41Y53         LUT3 (Prop_lut3_I2_O)        0.124     6.061 r  bd_0_i/hls_inst/inst/grp_cpu_Pipeline_PROGRAM_LOOP_fu_187/mem_address0[9]_INST_0_i_5/O
                         net (fo=1, routed)           0.000     6.061    bd_0_i/hls_inst/inst/grp_cpu_Pipeline_PROGRAM_LOOP_fu_187/mem_address0[9]_INST_0_i_5_n_0
    SLICE_X41Y53         CARRY4 (Prop_carry4_S[1]_CO[3])
                                                      0.550     6.611 r  bd_0_i/hls_inst/inst/grp_cpu_Pipeline_PROGRAM_LOOP_fu_187/mem_address0[9]_INST_0_i_1/CO[3]
                         net (fo=1, routed)           0.000     6.611    bd_0_i/hls_inst/inst/grp_cpu_Pipeline_PROGRAM_LOOP_fu_187/mem_address0[9]_INST_0_i_1_n_0
    SLICE_X41Y54         CARRY4 (Prop_carry4_CI_CO[3])
                                                      0.114     6.725 r  bd_0_i/hls_inst/inst/grp_cpu_Pipeline_PROGRAM_LOOP_fu_187/mem_address0[13]_INST_0_i_1/CO[3]
                         net (fo=1, routed)           0.000     6.725    bd_0_i/hls_inst/inst/grp_cpu_Pipeline_PROGRAM_LOOP_fu_187/mem_address0[13]_INST_0_i_1_n_0
    SLICE_X41Y55         CARRY4 (Prop_carry4_CI_O[3])
                                                      0.313     7.038 f  bd_0_i/hls_inst/inst/grp_cpu_Pipeline_PROGRAM_LOOP_fu_187/mem_address0[15]_INST_0_i_1/O[3]
                         net (fo=2, routed)           0.979     8.017    bd_0_i/hls_inst/inst/grp_cpu_Pipeline_PROGRAM_LOOP_fu_187/mem_address0[15]_INST_0_i_1_n_4
    SLICE_X42Y58         LUT4 (Prop_lut4_I3_O)        0.306     8.323 f  bd_0_i/hls_inst/inst/grp_cpu_Pipeline_PROGRAM_LOOP_fu_187/or_ln213_reg_5654[0]_i_2/O
                         net (fo=2, routed)           0.321     8.644    bd_0_i/hls_inst/inst/grp_cpu_Pipeline_PROGRAM_LOOP_fu_187/or_ln213_reg_5654[0]_i_2_n_0
    SLICE_X42Y59         LUT5 (Prop_lut5_I4_O)        0.124     8.768 f  bd_0_i/hls_inst/inst/grp_cpu_Pipeline_PROGRAM_LOOP_fu_187/mem_address0[15]_INST_0_i_8/O
                         net (fo=2, routed)           0.294     9.062    bd_0_i/hls_inst/inst/grp_cpu_Pipeline_PROGRAM_LOOP_fu_187/mem_address0[15]_INST_0_i_8_n_0
    SLICE_X42Y59         LUT6 (Prop_lut6_I2_O)        0.124     9.186 r  bd_0_i/hls_inst/inst/grp_cpu_Pipeline_PROGRAM_LOOP_fu_187/mem_address0[15]_INST_0_i_2/O
                         net (fo=20, routed)          1.409    10.596    bd_0_i/hls_inst/inst/grp_cpu_Pipeline_PROGRAM_LOOP_fu_187/mem_address0[15]_INST_0_i_2_n_0
    SLICE_X43Y54         LUT3 (Prop_lut3_I1_O)        0.124    10.720 r  bd_0_i/hls_inst/inst/grp_cpu_Pipeline_PROGRAM_LOOP_fu_187/mem_address0[9]_INST_0/O
                         net (fo=0)                   0.973    11.693    mem_address0[9]
                                                                      r  mem_address0[9] (OUT)
  -------------------------------------------------------------------    -------------------

Slack:                    inf
  Source:                 bd_0_i/hls_inst/inst/grp_cpu_Pipeline_PROGRAM_LOOP_fu_187/reg_file_34_reg_753_reg[9]/C
                            (rising edge-triggered cell FDRE clocked by ap_clk  {rise@0.000ns fall@5.000ns period=10.000ns})
  Destination:            mem_address0[13]
                            (output port)
  Path Group:             (none)
  Path Type:              Max at Slow Process Corner
  Data Path Delay:        10.629ns  (logic 2.902ns (27.302%)  route 7.727ns (72.698%))
  Logic Levels:           11  (CARRY4=3 LUT3=2 LUT4=1 LUT5=1 LUT6=3 MUXF7=1)
  Clock Uncertainty:      0.025ns  ((TSJ^2 + TIJ^2)^1/2 + DJ) / 2 + PE
    Total System Jitter     (TSJ):    0.050ns
    Total Input Jitter      (TIJ):    0.000ns
    Discrete Jitter          (DJ):    0.000ns
    Phase Error              (PE):    0.000ns

    Location             Delay type                Incr(ns)  Path(ns)    Netlist Resource(s)
  -------------------------------------------------------------------    -------------------
                         (clock ap_clk rise edge)     0.000     0.000 r  
                                                      0.000     0.000 r  ap_clk (IN)
                         net (fo=1514, unset)         0.973     0.973    bd_0_i/hls_inst/inst/grp_cpu_Pipeline_PROGRAM_LOOP_fu_187/ap_clk
    SLICE_X19Y31         FDRE                                         r  bd_0_i/hls_inst/inst/grp_cpu_Pipeline_PROGRAM_LOOP_fu_187/reg_file_34_reg_753_reg[9]/C
  -------------------------------------------------------------------    -------------------
    SLICE_X19Y31         FDRE (Prop_fdre_C_Q)         0.456     1.429 f  bd_0_i/hls_inst/inst/grp_cpu_Pipeline_PROGRAM_LOOP_fu_187/reg_file_34_reg_753_reg[9]/Q
                         net (fo=2, routed)           1.128     2.557    bd_0_i/hls_inst/inst/grp_cpu_Pipeline_PROGRAM_LOOP_fu_187/mul_32ns_32ns_64_2_1_U32/reg_file_34_reg_753__0[9]
    SLICE_X23Y33         LUT6 (Prop_lut6_I3_O)        0.124     2.681 f  bd_0_i/hls_inst/inst/grp_cpu_Pipeline_PROGRAM_LOOP_fu_187/mul_32ns_32ns_64_2_1_U32/tmp_product_i_149/O
                         net (fo=1, routed)           0.000     2.681    bd_0_i/hls_inst/inst/grp_cpu_Pipeline_PROGRAM_LOOP_fu_187/mul_32ns_32ns_64_2_1_U32/tmp_product_i_149_n_0
    SLICE_X23Y33         MUXF7 (Prop_muxf7_I1_O)      0.245     2.926 f  bd_0_i/hls_inst/inst/grp_cpu_Pipeline_PROGRAM_LOOP_fu_187/mul_32ns_32ns_64_2_1_U32/tmp_product_i_49/O
                         net (fo=3, routed)           1.609     4.535    bd_0_i/hls_inst/inst/grp_cpu_Pipeline_PROGRAM_LOOP_fu_187/mul_32ns_32ns_64_2_1_U32_n_137
    SLICE_X36Y36         LUT6 (Prop_lut6_I3_O)        0.298     4.833 r  bd_0_i/hls_inst/inst/grp_cpu_Pipeline_PROGRAM_LOOP_fu_187/mem_address0[9]_INST_0_i_8/O
                         net (fo=18, routed)          1.104     5.937    bd_0_i/hls_inst/inst/grp_cpu_Pipeline_PROGRAM_LOOP_fu_187/mem_address0[9]_INST_0_i_8_n_0
    SLICE_X41Y53         LUT3 (Prop_lut3_I2_O)        0.124     6.061 r  bd_0_i/hls_inst/inst/grp_cpu_Pipeline_PROGRAM_LOOP_fu_187/mem_address0[9]_INST_0_i_5/O
                         net (fo=1, routed)           0.000     6.061    bd_0_i/hls_inst/inst/grp_cpu_Pipeline_PROGRAM_LOOP_fu_187/mem_address0[9]_INST_0_i_5_n_0
    SLICE_X41Y53         CARRY4 (Prop_carry4_S[1]_CO[3])
                                                      0.550     6.611 r  bd_0_i/hls_inst/inst/grp_cpu_Pipeline_PROGRAM_LOOP_fu_187/mem_address0[9]_INST_0_i_1/CO[3]
                         net (fo=1, routed)           0.000     6.611    bd_0_i/hls_inst/inst/grp_cpu_Pipeline_PROGRAM_LOOP_fu_187/mem_address0[9]_INST_0_i_1_n_0
    SLICE_X41Y54         CARRY4 (Prop_carry4_CI_CO[3])
                                                      0.114     6.725 r  bd_0_i/hls_inst/inst/grp_cpu_Pipeline_PROGRAM_LOOP_fu_187/mem_address0[13]_INST_0_i_1/CO[3]
                         net (fo=1, routed)           0.000     6.725    bd_0_i/hls_inst/inst/grp_cpu_Pipeline_PROGRAM_LOOP_fu_187/mem_address0[13]_INST_0_i_1_n_0
    SLICE_X41Y55         CARRY4 (Prop_carry4_CI_O[3])
                                                      0.313     7.038 f  bd_0_i/hls_inst/inst/grp_cpu_Pipeline_PROGRAM_LOOP_fu_187/mem_address0[15]_INST_0_i_1/O[3]
                         net (fo=2, routed)           0.979     8.017    bd_0_i/hls_inst/inst/grp_cpu_Pipeline_PROGRAM_LOOP_fu_187/mem_address0[15]_INST_0_i_1_n_4
    SLICE_X42Y58         LUT4 (Prop_lut4_I3_O)        0.306     8.323 f  bd_0_i/hls_inst/inst/grp_cpu_Pipeline_PROGRAM_LOOP_fu_187/or_ln213_reg_5654[0]_i_2/O
                         net (fo=2, routed)           0.321     8.644    bd_0_i/hls_inst/inst/grp_cpu_Pipeline_PROGRAM_LOOP_fu_187/or_ln213_reg_5654[0]_i_2_n_0
    SLICE_X42Y59         LUT5 (Prop_lut5_I4_O)        0.124     8.768 f  bd_0_i/hls_inst/inst/grp_cpu_Pipeline_PROGRAM_LOOP_fu_187/mem_address0[15]_INST_0_i_8/O
                         net (fo=2, routed)           0.294     9.062    bd_0_i/hls_inst/inst/grp_cpu_Pipeline_PROGRAM_LOOP_fu_187/mem_address0[15]_INST_0_i_8_n_0
    SLICE_X42Y59         LUT6 (Prop_lut6_I2_O)        0.124     9.186 r  bd_0_i/hls_inst/inst/grp_cpu_Pipeline_PROGRAM_LOOP_fu_187/mem_address0[15]_INST_0_i_2/O
                         net (fo=20, routed)          1.319    10.505    bd_0_i/hls_inst/inst/grp_cpu_Pipeline_PROGRAM_LOOP_fu_187/mem_address0[15]_INST_0_i_2_n_0
    SLICE_X46Y55         LUT3 (Prop_lut3_I1_O)        0.124    10.629 r  bd_0_i/hls_inst/inst/grp_cpu_Pipeline_PROGRAM_LOOP_fu_187/mem_address0[13]_INST_0/O
                         net (fo=0)                   0.973    11.602    mem_address0[13]
                                                                      r  mem_address0[13] (OUT)
  -------------------------------------------------------------------    -------------------





Min Delay Paths
--------------------------------------------------------------------------------------
Slack:                    inf
  Source:                 bd_0_i/hls_inst/inst/grp_cpu_Pipeline_PROGRAM_LOOP_fu_187/pc_fu_274_reg[7]/C
                            (rising edge-triggered cell FDRE clocked by ap_clk  {rise@0.000ns fall@5.000ns period=10.000ns})
  Destination:            mem_address0[5]
                            (output port)
  Path Group:             (none)
  Path Type:              Min at Fast Process Corner
  Data Path Delay:        0.776ns  (logic 0.209ns (26.950%)  route 0.567ns (73.050%))
  Logic Levels:           1  (LUT3=1)
  Clock Uncertainty:      0.025ns  ((TSJ^2 + TIJ^2)^1/2 + DJ) / 2 + PE
    Total System Jitter     (TSJ):    0.050ns
    Total Input Jitter      (TIJ):    0.000ns
    Discrete Jitter          (DJ):    0.000ns
    Phase Error              (PE):    0.000ns

    Location             Delay type                Incr(ns)  Path(ns)    Netlist Resource(s)
  -------------------------------------------------------------------    -------------------
                         (clock ap_clk rise edge)     0.000     0.000 r  
                                                      0.000     0.000 r  ap_clk (IN)
                         net (fo=1514, unset)         0.410     0.410    bd_0_i/hls_inst/inst/grp_cpu_Pipeline_PROGRAM_LOOP_fu_187/ap_clk
    SLICE_X46Y53         FDRE                                         r  bd_0_i/hls_inst/inst/grp_cpu_Pipeline_PROGRAM_LOOP_fu_187/pc_fu_274_reg[7]/C
  -------------------------------------------------------------------    -------------------
    SLICE_X46Y53         FDRE (Prop_fdre_C_Q)         0.164     0.574 r  bd_0_i/hls_inst/inst/grp_cpu_Pipeline_PROGRAM_LOOP_fu_187/pc_fu_274_reg[7]/Q
                         net (fo=2, routed)           0.156     0.731    bd_0_i/hls_inst/inst/grp_cpu_Pipeline_PROGRAM_LOOP_fu_187/pc_fu_274[7]
    SLICE_X46Y53         LUT3 (Prop_lut3_I2_O)        0.045     0.776 r  bd_0_i/hls_inst/inst/grp_cpu_Pipeline_PROGRAM_LOOP_fu_187/mem_address0[5]_INST_0/O
                         net (fo=0)                   0.410     1.186    mem_address0[5]
                                                                      r  mem_address0[5] (OUT)
  -------------------------------------------------------------------    -------------------

Slack:                    inf
  Source:                 bd_0_i/hls_inst/inst/grp_cpu_Pipeline_PROGRAM_LOOP_fu_187/pc_fu_274_reg[9]/C
                            (rising edge-triggered cell FDRE clocked by ap_clk  {rise@0.000ns fall@5.000ns period=10.000ns})
  Destination:            mem_address0[7]
                            (output port)
  Path Group:             (none)
  Path Type:              Min at Fast Process Corner
  Data Path Delay:        0.799ns  (logic 0.186ns (23.266%)  route 0.613ns (76.734%))
  Logic Levels:           1  (LUT3=1)
  Clock Uncertainty:      0.025ns  ((TSJ^2 + TIJ^2)^1/2 + DJ) / 2 + PE
    Total System Jitter     (TSJ):    0.050ns
    Total Input Jitter      (TIJ):    0.000ns
    Discrete Jitter          (DJ):    0.000ns
    Phase Error              (PE):    0.000ns

    Location             Delay type                Incr(ns)  Path(ns)    Netlist Resource(s)
  -------------------------------------------------------------------    -------------------
                         (clock ap_clk rise edge)     0.000     0.000 r  
                                                      0.000     0.000 r  ap_clk (IN)
                         net (fo=1514, unset)         0.410     0.410    bd_0_i/hls_inst/inst/grp_cpu_Pipeline_PROGRAM_LOOP_fu_187/ap_clk
    SLICE_X47Y53         FDRE                                         r  bd_0_i/hls_inst/inst/grp_cpu_Pipeline_PROGRAM_LOOP_fu_187/pc_fu_274_reg[9]/C
  -------------------------------------------------------------------    -------------------
    SLICE_X47Y53         FDRE (Prop_fdre_C_Q)         0.141     0.551 r  bd_0_i/hls_inst/inst/grp_cpu_Pipeline_PROGRAM_LOOP_fu_187/pc_fu_274_reg[9]/Q
                         net (fo=2, routed)           0.203     0.754    bd_0_i/hls_inst/inst/grp_cpu_Pipeline_PROGRAM_LOOP_fu_187/pc_fu_274[9]
    SLICE_X47Y53         LUT3 (Prop_lut3_I2_O)        0.045     0.799 r  bd_0_i/hls_inst/inst/grp_cpu_Pipeline_PROGRAM_LOOP_fu_187/mem_address0[7]_INST_0/O
                         net (fo=0)                   0.410     1.210    mem_address0[7]
                                                                      r  mem_address0[7] (OUT)
  -------------------------------------------------------------------    -------------------

Slack:                    inf
  Source:                 bd_0_i/hls_inst/inst/grp_cpu_Pipeline_PROGRAM_LOOP_fu_187/pc_fu_274_reg[6]/C
                            (rising edge-triggered cell FDRE clocked by ap_clk  {rise@0.000ns fall@5.000ns period=10.000ns})
  Destination:            mem_address0[4]
                            (output port)
  Path Group:             (none)
  Path Type:              Min at Fast Process Corner
  Data Path Delay:        0.819ns  (logic 0.209ns (25.513%)  route 0.610ns (74.487%))
  Logic Levels:           1  (LUT3=1)
  Clock Uncertainty:      0.025ns  ((TSJ^2 + TIJ^2)^1/2 + DJ) / 2 + PE
    Total System Jitter     (TSJ):    0.050ns
    Total Input Jitter      (TIJ):    0.000ns
    Discrete Jitter          (DJ):    0.000ns
    Phase Error              (PE):    0.000ns

    Location             Delay type                Incr(ns)  Path(ns)    Netlist Resource(s)
  -------------------------------------------------------------------    -------------------
                         (clock ap_clk rise edge)     0.000     0.000 r  
                                                      0.000     0.000 r  ap_clk (IN)
                         net (fo=1514, unset)         0.410     0.410    bd_0_i/hls_inst/inst/grp_cpu_Pipeline_PROGRAM_LOOP_fu_187/ap_clk
    SLICE_X46Y54         FDRE                                         r  bd_0_i/hls_inst/inst/grp_cpu_Pipeline_PROGRAM_LOOP_fu_187/pc_fu_274_reg[6]/C
  -------------------------------------------------------------------    -------------------
    SLICE_X46Y54         FDRE (Prop_fdre_C_Q)         0.164     0.574 r  bd_0_i/hls_inst/inst/grp_cpu_Pipeline_PROGRAM_LOOP_fu_187/pc_fu_274_reg[6]/Q
                         net (fo=2, routed)           0.200     0.774    bd_0_i/hls_inst/inst/grp_cpu_Pipeline_PROGRAM_LOOP_fu_187/pc_fu_274[6]
    SLICE_X47Y54         LUT3 (Prop_lut3_I2_O)        0.045     0.819 r  bd_0_i/hls_inst/inst/grp_cpu_Pipeline_PROGRAM_LOOP_fu_187/mem_address0[4]_INST_0/O
                         net (fo=0)                   0.410     1.229    mem_address0[4]
                                                                      r  mem_address0[4] (OUT)
  -------------------------------------------------------------------    -------------------

Slack:                    inf
  Source:                 bd_0_i/hls_inst/inst/ap_CS_fsm_reg[3]/C
                            (rising edge-triggered cell FDRE clocked by ap_clk  {rise@0.000ns fall@5.000ns period=10.000ns})
  Destination:            ap_ctrl_done
                            (output port)
  Path Group:             (none)
  Path Type:              Min at Fast Process Corner
  Data Path Delay:        0.824ns  (logic 0.184ns (22.321%)  route 0.640ns (77.679%))
  Logic Levels:           1  (LUT4=1)
  Clock Uncertainty:      0.025ns  ((TSJ^2 + TIJ^2)^1/2 + DJ) / 2 + PE
    Total System Jitter     (TSJ):    0.050ns
    Total Input Jitter      (TIJ):    0.000ns
    Discrete Jitter          (DJ):    0.000ns
    Phase Error              (PE):    0.000ns

    Location             Delay type                Incr(ns)  Path(ns)    Netlist Resource(s)
  -------------------------------------------------------------------    -------------------
                         (clock ap_clk rise edge)     0.000     0.000 r  
                                                      0.000     0.000 r  ap_clk (IN)
                         net (fo=1514, unset)         0.410     0.410    bd_0_i/hls_inst/inst/ap_clk
    SLICE_X45Y62         FDRE                                         r  bd_0_i/hls_inst/inst/ap_CS_fsm_reg[3]/C
  -------------------------------------------------------------------    -------------------
    SLICE_X45Y62         FDRE (Prop_fdre_C_Q)         0.141     0.551 r  bd_0_i/hls_inst/inst/ap_CS_fsm_reg[3]/Q
                         net (fo=3, routed)           0.230     0.781    bd_0_i/hls_inst/inst/grp_cpu_Pipeline_PROGRAM_LOOP_fu_187/Q[2]
    SLICE_X45Y62         LUT4 (Prop_lut4_I3_O)        0.043     0.824 r  bd_0_i/hls_inst/inst/grp_cpu_Pipeline_PROGRAM_LOOP_fu_187/ap_ready_INST_0/O
                         net (fo=0)                   0.410     1.234    ap_ctrl_done
                                                                      r  ap_ctrl_done (OUT)
  -------------------------------------------------------------------    -------------------

Slack:                    inf
  Source:                 bd_0_i/hls_inst/inst/ap_CS_fsm_reg[3]/C
                            (rising edge-triggered cell FDRE clocked by ap_clk  {rise@0.000ns fall@5.000ns period=10.000ns})
  Destination:            ap_ctrl_ready
                            (output port)
  Path Group:             (none)
  Path Type:              Min at Fast Process Corner
  Data Path Delay:        0.824ns  (logic 0.184ns (22.321%)  route 0.640ns (77.679%))
  Logic Levels:           1  (LUT4=1)
  Clock Uncertainty:      0.025ns  ((TSJ^2 + TIJ^2)^1/2 + DJ) / 2 + PE
    Total System Jitter     (TSJ):    0.050ns
    Total Input Jitter      (TIJ):    0.000ns
    Discrete Jitter          (DJ):    0.000ns
    Phase Error              (PE):    0.000ns

    Location             Delay type                Incr(ns)  Path(ns)    Netlist Resource(s)
  -------------------------------------------------------------------    -------------------
                         (clock ap_clk rise edge)     0.000     0.000 r  
                                                      0.000     0.000 r  ap_clk (IN)
                         net (fo=1514, unset)         0.410     0.410    bd_0_i/hls_inst/inst/ap_clk
    SLICE_X45Y62         FDRE                                         r  bd_0_i/hls_inst/inst/ap_CS_fsm_reg[3]/C
  -------------------------------------------------------------------    -------------------
    SLICE_X45Y62         FDRE (Prop_fdre_C_Q)         0.141     0.551 r  bd_0_i/hls_inst/inst/ap_CS_fsm_reg[3]/Q
                         net (fo=3, routed)           0.230     0.781    bd_0_i/hls_inst/inst/grp_cpu_Pipeline_PROGRAM_LOOP_fu_187/Q[2]
    SLICE_X45Y62         LUT4 (Prop_lut4_I3_O)        0.043     0.824 r  bd_0_i/hls_inst/inst/grp_cpu_Pipeline_PROGRAM_LOOP_fu_187/ap_ready_INST_0/O
                         net (fo=0)                   0.410     1.234    ap_ctrl_ready
                                                                      r  ap_ctrl_ready (OUT)
  -------------------------------------------------------------------    -------------------

Slack:                    inf
  Source:                 bd_0_i/hls_inst/inst/grp_cpu_Pipeline_PROGRAM_LOOP_fu_187/pc_fu_274_reg[13]/C
                            (rising edge-triggered cell FDRE clocked by ap_clk  {rise@0.000ns fall@5.000ns period=10.000ns})
  Destination:            mem_address0[11]
                            (output port)
  Path Group:             (none)
  Path Type:              Min at Fast Process Corner
  Data Path Delay:        0.827ns  (logic 0.186ns (22.479%)  route 0.641ns (77.521%))
  Logic Levels:           1  (LUT3=1)
  Clock Uncertainty:      0.025ns  ((TSJ^2 + TIJ^2)^1/2 + DJ) / 2 + PE
    Total System Jitter     (TSJ):    0.050ns
    Total Input Jitter      (TIJ):    0.000ns
    Discrete Jitter          (DJ):    0.000ns
    Phase Error              (PE):    0.000ns

    Location             Delay type                Incr(ns)  Path(ns)    Netlist Resource(s)
  -------------------------------------------------------------------    -------------------
                         (clock ap_clk rise edge)     0.000     0.000 r  
                                                      0.000     0.000 r  ap_clk (IN)
                         net (fo=1514, unset)         0.410     0.410    bd_0_i/hls_inst/inst/grp_cpu_Pipeline_PROGRAM_LOOP_fu_187/ap_clk
    SLICE_X47Y56         FDRE                                         r  bd_0_i/hls_inst/inst/grp_cpu_Pipeline_PROGRAM_LOOP_fu_187/pc_fu_274_reg[13]/C
  -------------------------------------------------------------------    -------------------
    SLICE_X47Y56         FDRE (Prop_fdre_C_Q)         0.141     0.551 r  bd_0_i/hls_inst/inst/grp_cpu_Pipeline_PROGRAM_LOOP_fu_187/pc_fu_274_reg[13]/Q
                         net (fo=2, routed)           0.231     0.782    bd_0_i/hls_inst/inst/grp_cpu_Pipeline_PROGRAM_LOOP_fu_187/pc_fu_274[13]
    SLICE_X47Y56         LUT3 (Prop_lut3_I2_O)        0.045     0.827 r  bd_0_i/hls_inst/inst/grp_cpu_Pipeline_PROGRAM_LOOP_fu_187/mem_address0[11]_INST_0/O
                         net (fo=0)                   0.410     1.238    mem_address0[11]
                                                                      r  mem_address0[11] (OUT)
  -------------------------------------------------------------------    -------------------

Slack:                    inf
  Source:                 bd_0_i/hls_inst/inst/grp_cpu_Pipeline_PROGRAM_LOOP_fu_187/pc_fu_274_reg[5]/C
                            (rising edge-triggered cell FDRE clocked by ap_clk  {rise@0.000ns fall@5.000ns period=10.000ns})
  Destination:            mem_address0[3]
                            (output port)
  Path Group:             (none)
  Path Type:              Min at Fast Process Corner
  Data Path Delay:        0.832ns  (logic 0.209ns (25.131%)  route 0.623ns (74.869%))
  Logic Levels:           1  (LUT3=1)
  Clock Uncertainty:      0.025ns  ((TSJ^2 + TIJ^2)^1/2 + DJ) / 2 + PE
    Total System Jitter     (TSJ):    0.050ns
    Total Input Jitter      (TIJ):    0.000ns
    Discrete Jitter          (DJ):    0.000ns
    Phase Error              (PE):    0.000ns

    Location             Delay type                Incr(ns)  Path(ns)    Netlist Resource(s)
  -------------------------------------------------------------------    -------------------
                         (clock ap_clk rise edge)     0.000     0.000 r  
                                                      0.000     0.000 r  ap_clk (IN)
                         net (fo=1514, unset)         0.410     0.410    bd_0_i/hls_inst/inst/grp_cpu_Pipeline_PROGRAM_LOOP_fu_187/ap_clk
    SLICE_X42Y53         FDRE                                         r  bd_0_i/hls_inst/inst/grp_cpu_Pipeline_PROGRAM_LOOP_fu_187/pc_fu_274_reg[5]/C
  -------------------------------------------------------------------    -------------------
    SLICE_X42Y53         FDRE (Prop_fdre_C_Q)         0.164     0.574 r  bd_0_i/hls_inst/inst/grp_cpu_Pipeline_PROGRAM_LOOP_fu_187/pc_fu_274_reg[5]/Q
                         net (fo=2, routed)           0.213     0.787    bd_0_i/hls_inst/inst/grp_cpu_Pipeline_PROGRAM_LOOP_fu_187/pc_fu_274[5]
    SLICE_X42Y53         LUT3 (Prop_lut3_I2_O)        0.045     0.832 r  bd_0_i/hls_inst/inst/grp_cpu_Pipeline_PROGRAM_LOOP_fu_187/mem_address0[3]_INST_0/O
                         net (fo=0)                   0.410     1.242    mem_address0[3]
                                                                      r  mem_address0[3] (OUT)
  -------------------------------------------------------------------    -------------------

Slack:                    inf
  Source:                 bd_0_i/hls_inst/inst/grp_cpu_Pipeline_PROGRAM_LOOP_fu_187/pc_fu_274_reg[15]/C
                            (rising edge-triggered cell FDRE clocked by ap_clk  {rise@0.000ns fall@5.000ns period=10.000ns})
  Destination:            mem_address0[13]
                            (output port)
  Path Group:             (none)
  Path Type:              Min at Fast Process Corner
  Data Path Delay:        0.853ns  (logic 0.209ns (24.498%)  route 0.644ns (75.502%))
  Logic Levels:           1  (LUT3=1)
  Clock Uncertainty:      0.025ns  ((TSJ^2 + TIJ^2)^1/2 + DJ) / 2 + PE
    Total System Jitter     (TSJ):    0.050ns
    Total Input Jitter      (TIJ):    0.000ns
    Discrete Jitter          (DJ):    0.000ns
    Phase Error              (PE):    0.000ns

    Location             Delay type                Incr(ns)  Path(ns)    Netlist Resource(s)
  -------------------------------------------------------------------    -------------------
                         (clock ap_clk rise edge)     0.000     0.000 r  
                                                      0.000     0.000 r  ap_clk (IN)
                         net (fo=1514, unset)         0.410     0.410    bd_0_i/hls_inst/inst/grp_cpu_Pipeline_PROGRAM_LOOP_fu_187/ap_clk
    SLICE_X46Y55         FDRE                                         r  bd_0_i/hls_inst/inst/grp_cpu_Pipeline_PROGRAM_LOOP_fu_187/pc_fu_274_reg[15]/C
  -------------------------------------------------------------------    -------------------
    SLICE_X46Y55         FDRE (Prop_fdre_C_Q)         0.164     0.574 r  bd_0_i/hls_inst/inst/grp_cpu_Pipeline_PROGRAM_LOOP_fu_187/pc_fu_274_reg[15]/Q
                         net (fo=2, routed)           0.234     0.808    bd_0_i/hls_inst/inst/grp_cpu_Pipeline_PROGRAM_LOOP_fu_187/pc_fu_274[15]
    SLICE_X46Y55         LUT3 (Prop_lut3_I2_O)        0.045     0.853 r  bd_0_i/hls_inst/inst/grp_cpu_Pipeline_PROGRAM_LOOP_fu_187/mem_address0[13]_INST_0/O
                         net (fo=0)                   0.410     1.263    mem_address0[13]
                                                                      r  mem_address0[13] (OUT)
  -------------------------------------------------------------------    -------------------

Slack:                    inf
  Source:                 bd_0_i/hls_inst/inst/grp_cpu_Pipeline_PROGRAM_LOOP_fu_187/pc_fu_274_reg[11]/C
                            (rising edge-triggered cell FDRE clocked by ap_clk  {rise@0.000ns fall@5.000ns period=10.000ns})
  Destination:            mem_address0[9]
                            (output port)
  Path Group:             (none)
  Path Type:              Min at Fast Process Corner
  Data Path Delay:        0.871ns  (logic 0.209ns (23.985%)  route 0.662ns (76.015%))
  Logic Levels:           1  (LUT3=1)
  Clock Uncertainty:      0.025ns  ((TSJ^2 + TIJ^2)^1/2 + DJ) / 2 + PE
    Total System Jitter     (TSJ):    0.050ns
    Total Input Jitter      (TIJ):    0.000ns
    Discrete Jitter          (DJ):    0.000ns
    Phase Error              (PE):    0.000ns

    Location             Delay type                Incr(ns)  Path(ns)    Netlist Resource(s)
  -------------------------------------------------------------------    -------------------
                         (clock ap_clk rise edge)     0.000     0.000 r  
                                                      0.000     0.000 r  ap_clk (IN)
                         net (fo=1514, unset)         0.410     0.410    bd_0_i/hls_inst/inst/grp_cpu_Pipeline_PROGRAM_LOOP_fu_187/ap_clk
    SLICE_X46Y54         FDRE                                         r  bd_0_i/hls_inst/inst/grp_cpu_Pipeline_PROGRAM_LOOP_fu_187/pc_fu_274_reg[11]/C
  -------------------------------------------------------------------    -------------------
    SLICE_X46Y54         FDRE (Prop_fdre_C_Q)         0.164     0.574 r  bd_0_i/hls_inst/inst/grp_cpu_Pipeline_PROGRAM_LOOP_fu_187/pc_fu_274_reg[11]/Q
                         net (fo=2, routed)           0.252     0.826    bd_0_i/hls_inst/inst/grp_cpu_Pipeline_PROGRAM_LOOP_fu_187/pc_fu_274[11]
    SLICE_X43Y54         LUT3 (Prop_lut3_I2_O)        0.045     0.871 r  bd_0_i/hls_inst/inst/grp_cpu_Pipeline_PROGRAM_LOOP_fu_187/mem_address0[9]_INST_0/O
                         net (fo=0)                   0.410     1.282    mem_address0[9]
                                                                      r  mem_address0[9] (OUT)
  -------------------------------------------------------------------    -------------------

Slack:                    inf
  Source:                 bd_0_i/hls_inst/inst/grp_cpu_Pipeline_PROGRAM_LOOP_fu_187/pc_fu_274_reg[2]/C
                            (rising edge-triggered cell FDRE clocked by ap_clk  {rise@0.000ns fall@5.000ns period=10.000ns})
  Destination:            mem_address0[0]
                            (output port)
  Path Group:             (none)
  Path Type:              Min at Fast Process Corner
  Data Path Delay:        0.883ns  (logic 0.186ns (21.054%)  route 0.697ns (78.946%))
  Logic Levels:           1  (LUT3=1)
  Clock Uncertainty:      0.025ns  ((TSJ^2 + TIJ^2)^1/2 + DJ) / 2 + PE
    Total System Jitter     (TSJ):    0.050ns
    Total Input Jitter      (TIJ):    0.000ns
    Discrete Jitter          (DJ):    0.000ns
    Phase Error              (PE):    0.000ns

    Location             Delay type                Incr(ns)  Path(ns)    Netlist Resource(s)
  -------------------------------------------------------------------    -------------------
                         (clock ap_clk rise edge)     0.000     0.000 r  
                                                      0.000     0.000 r  ap_clk (IN)
                         net (fo=1514, unset)         0.410     0.410    bd_0_i/hls_inst/inst/grp_cpu_Pipeline_PROGRAM_LOOP_fu_187/ap_clk
    SLICE_X43Y53         FDRE                                         r  bd_0_i/hls_inst/inst/grp_cpu_Pipeline_PROGRAM_LOOP_fu_187/pc_fu_274_reg[2]/C
  -------------------------------------------------------------------    -------------------
    SLICE_X43Y53         FDRE (Prop_fdre_C_Q)         0.141     0.551 r  bd_0_i/hls_inst/inst/grp_cpu_Pipeline_PROGRAM_LOOP_fu_187/pc_fu_274_reg[2]/Q
                         net (fo=2, routed)           0.287     0.838    bd_0_i/hls_inst/inst/grp_cpu_Pipeline_PROGRAM_LOOP_fu_187/pc_fu_274[2]
    SLICE_X43Y52         LUT3 (Prop_lut3_I2_O)        0.045     0.883 r  bd_0_i/hls_inst/inst/grp_cpu_Pipeline_PROGRAM_LOOP_fu_187/mem_address0[0]_INST_0/O
                         net (fo=0)                   0.410     1.294    mem_address0[0]
                                                                      r  mem_address0[0] (OUT)
  -------------------------------------------------------------------    -------------------





--------------------------------------------------------------------------------------
Path Group:  (none)
From Clock:  
  To Clock:  ap_clk

Max Delay          1998 Endpoints
Min Delay          1998 Endpoints
--------------------------------------------------------------------------------------


Max Delay Paths
--------------------------------------------------------------------------------------
Slack:                    inf
  Source:                 mem_q0[24]
                            (input port)
  Destination:            bd_0_i/hls_inst/inst/grp_cpu_Pipeline_PROGRAM_LOOP_fu_187/mul_32s_32s_64_2_1_U34/buff0_reg[0]__0/D
                            (rising edge-triggered cell FDRE clocked by ap_clk  {rise@0.000ns fall@5.000ns period=10.000ns})
  Path Group:             (none)
  Path Type:              Setup (Max at Slow Process Corner)
  Data Path Delay:        10.699ns  (logic 4.441ns (41.507%)  route 6.258ns (58.493%))
  Logic Levels:           4  (DSP48E1=1 LUT3=1 LUT6=2)
  Clock Path Skew:        0.924ns (DCD - SCD + CPR)
    Destination Clock Delay (DCD):    0.924ns
    Source Clock Delay      (SCD):    0.000ns
    Clock Pessimism Removal (CPR):    0.000ns
  Clock Uncertainty:      0.025ns  ((TSJ^2 + TIJ^2)^1/2 + DJ) / 2 + PE
    Total System Jitter     (TSJ):    0.050ns
    Total Input Jitter      (TIJ):    0.000ns
    Discrete Jitter          (DJ):    0.000ns
    Phase Error              (PE):    0.000ns

    Location             Delay type                Incr(ns)  Path(ns)    Netlist Resource(s)
  -------------------------------------------------------------------    -------------------
                                                      0.000     0.000 f  mem_q0[24] (IN)
                         net (fo=153, unset)          0.973     0.973    bd_0_i/hls_inst/inst/grp_cpu_Pipeline_PROGRAM_LOOP_fu_187/mul_32ns_32ns_64_2_1_U32/mem_q0[9]
    SLICE_X31Y31         LUT3 (Prop_lut3_I2_O)        0.150     1.123 f  bd_0_i/hls_inst/inst/grp_cpu_Pipeline_PROGRAM_LOOP_fu_187/mul_32ns_32ns_64_2_1_U32/res_3_reg_5694[29]_i_3/O
                         net (fo=3, routed)           1.405     2.528    bd_0_i/hls_inst/inst/grp_cpu_Pipeline_PROGRAM_LOOP_fu_187/mul_32ns_32ns_64_2_1_U32/mem_q0[22]_4
    SLICE_X33Y27         LUT6 (Prop_lut6_I5_O)        0.326     2.854 r  bd_0_i/hls_inst/inst/grp_cpu_Pipeline_PROGRAM_LOOP_fu_187/mul_32ns_32ns_64_2_1_U32/mem_d0[2]_INST_0_i_2/O
                         net (fo=1, routed)           1.326     4.180    bd_0_i/hls_inst/inst/grp_cpu_Pipeline_PROGRAM_LOOP_fu_187/mul_32ns_32ns_64_2_1_U32/mem_d0[2]_INST_0_i_2_n_0
    SLICE_X20Y34         LUT6 (Prop_lut6_I0_O)        0.124     4.304 r  bd_0_i/hls_inst/inst/grp_cpu_Pipeline_PROGRAM_LOOP_fu_187/mul_32ns_32ns_64_2_1_U32/mem_d0[2]_INST_0_i_1/O
                         net (fo=10, routed)          1.324     5.628    bd_0_i/hls_inst/inst/grp_cpu_Pipeline_PROGRAM_LOOP_fu_187/mul_32s_32s_64_2_1_U34/tmp_product__0_0[2]
    DSP48_X2Y12          DSP48E1 (Prop_dsp48e1_A[2]_P[0])
                                                      3.841     9.469 r  bd_0_i/hls_inst/inst/grp_cpu_Pipeline_PROGRAM_LOOP_fu_187/mul_32s_32s_64_2_1_U34/tmp_product__0/P[0]
                         net (fo=1, routed)           1.230    10.699    bd_0_i/hls_inst/inst/grp_cpu_Pipeline_PROGRAM_LOOP_fu_187/mul_32s_32s_64_2_1_U34/tmp_product__0_n_105
    SLICE_X40Y44         FDRE                                         r  bd_0_i/hls_inst/inst/grp_cpu_Pipeline_PROGRAM_LOOP_fu_187/mul_32s_32s_64_2_1_U34/buff0_reg[0]__0/D
  -------------------------------------------------------------------    -------------------

                         (clock ap_clk rise edge)     0.000     0.000 r  
                                                      0.000     0.000 r  ap_clk (IN)
                         net (fo=1514, unset)         0.924     0.924    bd_0_i/hls_inst/inst/grp_cpu_Pipeline_PROGRAM_LOOP_fu_187/mul_32s_32s_64_2_1_U34/ap_clk
    SLICE_X40Y44         FDRE                                         r  bd_0_i/hls_inst/inst/grp_cpu_Pipeline_PROGRAM_LOOP_fu_187/mul_32s_32s_64_2_1_U34/buff0_reg[0]__0/C

Slack:                    inf
  Source:                 mem_q0[24]
                            (input port)
  Destination:            bd_0_i/hls_inst/inst/grp_cpu_Pipeline_PROGRAM_LOOP_fu_187/mul_32s_32s_64_2_1_U34/buff0_reg[5]__0/D
                            (rising edge-triggered cell FDRE clocked by ap_clk  {rise@0.000ns fall@5.000ns period=10.000ns})
  Path Group:             (none)
  Path Type:              Setup (Max at Slow Process Corner)
  Data Path Delay:        10.683ns  (logic 4.441ns (41.570%)  route 6.242ns (58.430%))
  Logic Levels:           4  (DSP48E1=1 LUT3=1 LUT6=2)
  Clock Path Skew:        0.924ns (DCD - SCD + CPR)
    Destination Clock Delay (DCD):    0.924ns
    Source Clock Delay      (SCD):    0.000ns
    Clock Pessimism Removal (CPR):    0.000ns
  Clock Uncertainty:      0.025ns  ((TSJ^2 + TIJ^2)^1/2 + DJ) / 2 + PE
    Total System Jitter     (TSJ):    0.050ns
    Total Input Jitter      (TIJ):    0.000ns
    Discrete Jitter          (DJ):    0.000ns
    Phase Error              (PE):    0.000ns

    Location             Delay type                Incr(ns)  Path(ns)    Netlist Resource(s)
  -------------------------------------------------------------------    -------------------
                                                      0.000     0.000 f  mem_q0[24] (IN)
                         net (fo=153, unset)          0.973     0.973    bd_0_i/hls_inst/inst/grp_cpu_Pipeline_PROGRAM_LOOP_fu_187/mul_32ns_32ns_64_2_1_U32/mem_q0[9]
    SLICE_X31Y31         LUT3 (Prop_lut3_I2_O)        0.150     1.123 f  bd_0_i/hls_inst/inst/grp_cpu_Pipeline_PROGRAM_LOOP_fu_187/mul_32ns_32ns_64_2_1_U32/res_3_reg_5694[29]_i_3/O
                         net (fo=3, routed)           1.405     2.528    bd_0_i/hls_inst/inst/grp_cpu_Pipeline_PROGRAM_LOOP_fu_187/mul_32ns_32ns_64_2_1_U32/mem_q0[22]_4
    SLICE_X33Y27         LUT6 (Prop_lut6_I5_O)        0.326     2.854 r  bd_0_i/hls_inst/inst/grp_cpu_Pipeline_PROGRAM_LOOP_fu_187/mul_32ns_32ns_64_2_1_U32/mem_d0[2]_INST_0_i_2/O
                         net (fo=1, routed)           1.326     4.180    bd_0_i/hls_inst/inst/grp_cpu_Pipeline_PROGRAM_LOOP_fu_187/mul_32ns_32ns_64_2_1_U32/mem_d0[2]_INST_0_i_2_n_0
    SLICE_X20Y34         LUT6 (Prop_lut6_I0_O)        0.124     4.304 r  bd_0_i/hls_inst/inst/grp_cpu_Pipeline_PROGRAM_LOOP_fu_187/mul_32ns_32ns_64_2_1_U32/mem_d0[2]_INST_0_i_1/O
                         net (fo=10, routed)          1.324     5.628    bd_0_i/hls_inst/inst/grp_cpu_Pipeline_PROGRAM_LOOP_fu_187/mul_32s_32s_64_2_1_U34/tmp_product__0_0[2]
    DSP48_X2Y12          DSP48E1 (Prop_dsp48e1_A[2]_P[5])
                                                      3.841     9.469 r  bd_0_i/hls_inst/inst/grp_cpu_Pipeline_PROGRAM_LOOP_fu_187/mul_32s_32s_64_2_1_U34/tmp_product__0/P[5]
                         net (fo=1, routed)           1.214    10.683    bd_0_i/hls_inst/inst/grp_cpu_Pipeline_PROGRAM_LOOP_fu_187/mul_32s_32s_64_2_1_U34/tmp_product__0_n_100
    SLICE_X39Y43         FDRE                                         r  bd_0_i/hls_inst/inst/grp_cpu_Pipeline_PROGRAM_LOOP_fu_187/mul_32s_32s_64_2_1_U34/buff0_reg[5]__0/D
  -------------------------------------------------------------------    -------------------

                         (clock ap_clk rise edge)     0.000     0.000 r  
                                                      0.000     0.000 r  ap_clk (IN)
                         net (fo=1514, unset)         0.924     0.924    bd_0_i/hls_inst/inst/grp_cpu_Pipeline_PROGRAM_LOOP_fu_187/mul_32s_32s_64_2_1_U34/ap_clk
    SLICE_X39Y43         FDRE                                         r  bd_0_i/hls_inst/inst/grp_cpu_Pipeline_PROGRAM_LOOP_fu_187/mul_32s_32s_64_2_1_U34/buff0_reg[5]__0/C

Slack:                    inf
  Source:                 mem_q0[24]
                            (input port)
  Destination:            bd_0_i/hls_inst/inst/grp_cpu_Pipeline_PROGRAM_LOOP_fu_187/mul_32s_32s_64_2_1_U34/buff0_reg[16]__0/D
                            (rising edge-triggered cell FDRE clocked by ap_clk  {rise@0.000ns fall@5.000ns period=10.000ns})
  Path Group:             (none)
  Path Type:              Setup (Max at Slow Process Corner)
  Data Path Delay:        10.563ns  (logic 4.441ns (42.045%)  route 6.122ns (57.955%))
  Logic Levels:           4  (DSP48E1=1 LUT3=1 LUT6=2)
  Clock Path Skew:        0.924ns (DCD - SCD + CPR)
    Destination Clock Delay (DCD):    0.924ns
    Source Clock Delay      (SCD):    0.000ns
    Clock Pessimism Removal (CPR):    0.000ns
  Clock Uncertainty:      0.025ns  ((TSJ^2 + TIJ^2)^1/2 + DJ) / 2 + PE
    Total System Jitter     (TSJ):    0.050ns
    Total Input Jitter      (TIJ):    0.000ns
    Discrete Jitter          (DJ):    0.000ns
    Phase Error              (PE):    0.000ns

    Location             Delay type                Incr(ns)  Path(ns)    Netlist Resource(s)
  -------------------------------------------------------------------    -------------------
                                                      0.000     0.000 f  mem_q0[24] (IN)
                         net (fo=153, unset)          0.973     0.973    bd_0_i/hls_inst/inst/grp_cpu_Pipeline_PROGRAM_LOOP_fu_187/mul_32ns_32ns_64_2_1_U32/mem_q0[9]
    SLICE_X31Y31         LUT3 (Prop_lut3_I2_O)        0.150     1.123 f  bd_0_i/hls_inst/inst/grp_cpu_Pipeline_PROGRAM_LOOP_fu_187/mul_32ns_32ns_64_2_1_U32/res_3_reg_5694[29]_i_3/O
                         net (fo=3, routed)           1.405     2.528    bd_0_i/hls_inst/inst/grp_cpu_Pipeline_PROGRAM_LOOP_fu_187/mul_32ns_32ns_64_2_1_U32/mem_q0[22]_4
    SLICE_X33Y27         LUT6 (Prop_lut6_I5_O)        0.326     2.854 r  bd_0_i/hls_inst/inst/grp_cpu_Pipeline_PROGRAM_LOOP_fu_187/mul_32ns_32ns_64_2_1_U32/mem_d0[2]_INST_0_i_2/O
                         net (fo=1, routed)           1.326     4.180    bd_0_i/hls_inst/inst/grp_cpu_Pipeline_PROGRAM_LOOP_fu_187/mul_32ns_32ns_64_2_1_U32/mem_d0[2]_INST_0_i_2_n_0
    SLICE_X20Y34         LUT6 (Prop_lut6_I0_O)        0.124     4.304 r  bd_0_i/hls_inst/inst/grp_cpu_Pipeline_PROGRAM_LOOP_fu_187/mul_32ns_32ns_64_2_1_U32/mem_d0[2]_INST_0_i_1/O
                         net (fo=10, routed)          1.324     5.628    bd_0_i/hls_inst/inst/grp_cpu_Pipeline_PROGRAM_LOOP_fu_187/mul_32s_32s_64_2_1_U34/tmp_product__0_0[2]
    DSP48_X2Y12          DSP48E1 (Prop_dsp48e1_A[2]_P[16])
                                                      3.841     9.469 r  bd_0_i/hls_inst/inst/grp_cpu_Pipeline_PROGRAM_LOOP_fu_187/mul_32s_32s_64_2_1_U34/tmp_product__0/P[16]
                         net (fo=1, routed)           1.094    10.563    bd_0_i/hls_inst/inst/grp_cpu_Pipeline_PROGRAM_LOOP_fu_187/mul_32s_32s_64_2_1_U34/tmp_product__0_n_89
    SLICE_X35Y26         FDRE                                         r  bd_0_i/hls_inst/inst/grp_cpu_Pipeline_PROGRAM_LOOP_fu_187/mul_32s_32s_64_2_1_U34/buff0_reg[16]__0/D
  -------------------------------------------------------------------    -------------------

                         (clock ap_clk rise edge)     0.000     0.000 r  
                                                      0.000     0.000 r  ap_clk (IN)
                         net (fo=1514, unset)         0.924     0.924    bd_0_i/hls_inst/inst/grp_cpu_Pipeline_PROGRAM_LOOP_fu_187/mul_32s_32s_64_2_1_U34/ap_clk
    SLICE_X35Y26         FDRE                                         r  bd_0_i/hls_inst/inst/grp_cpu_Pipeline_PROGRAM_LOOP_fu_187/mul_32s_32s_64_2_1_U34/buff0_reg[16]__0/C

Slack:                    inf
  Source:                 mem_q0[24]
                            (input port)
  Destination:            bd_0_i/hls_inst/inst/grp_cpu_Pipeline_PROGRAM_LOOP_fu_187/mul_32s_32s_64_2_1_U34/buff0_reg[7]__0/D
                            (rising edge-triggered cell FDRE clocked by ap_clk  {rise@0.000ns fall@5.000ns period=10.000ns})
  Path Group:             (none)
  Path Type:              Setup (Max at Slow Process Corner)
  Data Path Delay:        10.556ns  (logic 4.441ns (42.071%)  route 6.115ns (57.929%))
  Logic Levels:           4  (DSP48E1=1 LUT3=1 LUT6=2)
  Clock Path Skew:        0.924ns (DCD - SCD + CPR)
    Destination Clock Delay (DCD):    0.924ns
    Source Clock Delay      (SCD):    0.000ns
    Clock Pessimism Removal (CPR):    0.000ns
  Clock Uncertainty:      0.025ns  ((TSJ^2 + TIJ^2)^1/2 + DJ) / 2 + PE
    Total System Jitter     (TSJ):    0.050ns
    Total Input Jitter      (TIJ):    0.000ns
    Discrete Jitter          (DJ):    0.000ns
    Phase Error              (PE):    0.000ns

    Location             Delay type                Incr(ns)  Path(ns)    Netlist Resource(s)
  -------------------------------------------------------------------    -------------------
                                                      0.000     0.000 f  mem_q0[24] (IN)
                         net (fo=153, unset)          0.973     0.973    bd_0_i/hls_inst/inst/grp_cpu_Pipeline_PROGRAM_LOOP_fu_187/mul_32ns_32ns_64_2_1_U32/mem_q0[9]
    SLICE_X31Y31         LUT3 (Prop_lut3_I2_O)        0.150     1.123 f  bd_0_i/hls_inst/inst/grp_cpu_Pipeline_PROGRAM_LOOP_fu_187/mul_32ns_32ns_64_2_1_U32/res_3_reg_5694[29]_i_3/O
                         net (fo=3, routed)           1.405     2.528    bd_0_i/hls_inst/inst/grp_cpu_Pipeline_PROGRAM_LOOP_fu_187/mul_32ns_32ns_64_2_1_U32/mem_q0[22]_4
    SLICE_X33Y27         LUT6 (Prop_lut6_I5_O)        0.326     2.854 r  bd_0_i/hls_inst/inst/grp_cpu_Pipeline_PROGRAM_LOOP_fu_187/mul_32ns_32ns_64_2_1_U32/mem_d0[2]_INST_0_i_2/O
                         net (fo=1, routed)           1.326     4.180    bd_0_i/hls_inst/inst/grp_cpu_Pipeline_PROGRAM_LOOP_fu_187/mul_32ns_32ns_64_2_1_U32/mem_d0[2]_INST_0_i_2_n_0
    SLICE_X20Y34         LUT6 (Prop_lut6_I0_O)        0.124     4.304 r  bd_0_i/hls_inst/inst/grp_cpu_Pipeline_PROGRAM_LOOP_fu_187/mul_32ns_32ns_64_2_1_U32/mem_d0[2]_INST_0_i_1/O
                         net (fo=10, routed)          1.324     5.628    bd_0_i/hls_inst/inst/grp_cpu_Pipeline_PROGRAM_LOOP_fu_187/mul_32s_32s_64_2_1_U34/tmp_product__0_0[2]
    DSP48_X2Y12          DSP48E1 (Prop_dsp48e1_A[2]_P[7])
                                                      3.841     9.469 r  bd_0_i/hls_inst/inst/grp_cpu_Pipeline_PROGRAM_LOOP_fu_187/mul_32s_32s_64_2_1_U34/tmp_product__0/P[7]
                         net (fo=1, routed)           1.087    10.556    bd_0_i/hls_inst/inst/grp_cpu_Pipeline_PROGRAM_LOOP_fu_187/mul_32s_32s_64_2_1_U34/tmp_product__0_n_98
    SLICE_X36Y44         FDRE                                         r  bd_0_i/hls_inst/inst/grp_cpu_Pipeline_PROGRAM_LOOP_fu_187/mul_32s_32s_64_2_1_U34/buff0_reg[7]__0/D
  -------------------------------------------------------------------    -------------------

                         (clock ap_clk rise edge)     0.000     0.000 r  
                                                      0.000     0.000 r  ap_clk (IN)
                         net (fo=1514, unset)         0.924     0.924    bd_0_i/hls_inst/inst/grp_cpu_Pipeline_PROGRAM_LOOP_fu_187/mul_32s_32s_64_2_1_U34/ap_clk
    SLICE_X36Y44         FDRE                                         r  bd_0_i/hls_inst/inst/grp_cpu_Pipeline_PROGRAM_LOOP_fu_187/mul_32s_32s_64_2_1_U34/buff0_reg[7]__0/C

Slack:                    inf
  Source:                 mem_q0[24]
                            (input port)
  Destination:            bd_0_i/hls_inst/inst/grp_cpu_Pipeline_PROGRAM_LOOP_fu_187/mul_32s_32s_64_2_1_U34/buff0_reg[2]__0/D
                            (rising edge-triggered cell FDRE clocked by ap_clk  {rise@0.000ns fall@5.000ns period=10.000ns})
  Path Group:             (none)
  Path Type:              Setup (Max at Slow Process Corner)
  Data Path Delay:        10.552ns  (logic 4.441ns (42.089%)  route 6.111ns (57.911%))
  Logic Levels:           4  (DSP48E1=1 LUT3=1 LUT6=2)
  Clock Path Skew:        0.924ns (DCD - SCD + CPR)
    Destination Clock Delay (DCD):    0.924ns
    Source Clock Delay      (SCD):    0.000ns
    Clock Pessimism Removal (CPR):    0.000ns
  Clock Uncertainty:      0.025ns  ((TSJ^2 + TIJ^2)^1/2 + DJ) / 2 + PE
    Total System Jitter     (TSJ):    0.050ns
    Total Input Jitter      (TIJ):    0.000ns
    Discrete Jitter          (DJ):    0.000ns
    Phase Error              (PE):    0.000ns

    Location             Delay type                Incr(ns)  Path(ns)    Netlist Resource(s)
  -------------------------------------------------------------------    -------------------
                                                      0.000     0.000 f  mem_q0[24] (IN)
                         net (fo=153, unset)          0.973     0.973    bd_0_i/hls_inst/inst/grp_cpu_Pipeline_PROGRAM_LOOP_fu_187/mul_32ns_32ns_64_2_1_U32/mem_q0[9]
    SLICE_X31Y31         LUT3 (Prop_lut3_I2_O)        0.150     1.123 f  bd_0_i/hls_inst/inst/grp_cpu_Pipeline_PROGRAM_LOOP_fu_187/mul_32ns_32ns_64_2_1_U32/res_3_reg_5694[29]_i_3/O
                         net (fo=3, routed)           1.405     2.528    bd_0_i/hls_inst/inst/grp_cpu_Pipeline_PROGRAM_LOOP_fu_187/mul_32ns_32ns_64_2_1_U32/mem_q0[22]_4
    SLICE_X33Y27         LUT6 (Prop_lut6_I5_O)        0.326     2.854 r  bd_0_i/hls_inst/inst/grp_cpu_Pipeline_PROGRAM_LOOP_fu_187/mul_32ns_32ns_64_2_1_U32/mem_d0[2]_INST_0_i_2/O
                         net (fo=1, routed)           1.326     4.180    bd_0_i/hls_inst/inst/grp_cpu_Pipeline_PROGRAM_LOOP_fu_187/mul_32ns_32ns_64_2_1_U32/mem_d0[2]_INST_0_i_2_n_0
    SLICE_X20Y34         LUT6 (Prop_lut6_I0_O)        0.124     4.304 r  bd_0_i/hls_inst/inst/grp_cpu_Pipeline_PROGRAM_LOOP_fu_187/mul_32ns_32ns_64_2_1_U32/mem_d0[2]_INST_0_i_1/O
                         net (fo=10, routed)          1.324     5.628    bd_0_i/hls_inst/inst/grp_cpu_Pipeline_PROGRAM_LOOP_fu_187/mul_32s_32s_64_2_1_U34/tmp_product__0_0[2]
    DSP48_X2Y12          DSP48E1 (Prop_dsp48e1_A[2]_P[2])
                                                      3.841     9.469 r  bd_0_i/hls_inst/inst/grp_cpu_Pipeline_PROGRAM_LOOP_fu_187/mul_32s_32s_64_2_1_U34/tmp_product__0/P[2]
                         net (fo=1, routed)           1.083    10.552    bd_0_i/hls_inst/inst/grp_cpu_Pipeline_PROGRAM_LOOP_fu_187/mul_32s_32s_64_2_1_U34/tmp_product__0_n_103
    SLICE_X39Y43         FDRE                                         r  bd_0_i/hls_inst/inst/grp_cpu_Pipeline_PROGRAM_LOOP_fu_187/mul_32s_32s_64_2_1_U34/buff0_reg[2]__0/D
  -------------------------------------------------------------------    -------------------

                         (clock ap_clk rise edge)     0.000     0.000 r  
                                                      0.000     0.000 r  ap_clk (IN)
                         net (fo=1514, unset)         0.924     0.924    bd_0_i/hls_inst/inst/grp_cpu_Pipeline_PROGRAM_LOOP_fu_187/mul_32s_32s_64_2_1_U34/ap_clk
    SLICE_X39Y43         FDRE                                         r  bd_0_i/hls_inst/inst/grp_cpu_Pipeline_PROGRAM_LOOP_fu_187/mul_32s_32s_64_2_1_U34/buff0_reg[2]__0/C

Slack:                    inf
  Source:                 mem_q0[24]
                            (input port)
  Destination:            bd_0_i/hls_inst/inst/grp_cpu_Pipeline_PROGRAM_LOOP_fu_187/mul_32s_32s_64_2_1_U34/buff0_reg[4]__0/D
                            (rising edge-triggered cell FDRE clocked by ap_clk  {rise@0.000ns fall@5.000ns period=10.000ns})
  Path Group:             (none)
  Path Type:              Setup (Max at Slow Process Corner)
  Data Path Delay:        10.549ns  (logic 4.441ns (42.098%)  route 6.108ns (57.902%))
  Logic Levels:           4  (DSP48E1=1 LUT3=1 LUT6=2)
  Clock Path Skew:        0.924ns (DCD - SCD + CPR)
    Destination Clock Delay (DCD):    0.924ns
    Source Clock Delay      (SCD):    0.000ns
    Clock Pessimism Removal (CPR):    0.000ns
  Clock Uncertainty:      0.025ns  ((TSJ^2 + TIJ^2)^1/2 + DJ) / 2 + PE
    Total System Jitter     (TSJ):    0.050ns
    Total Input Jitter      (TIJ):    0.000ns
    Discrete Jitter          (DJ):    0.000ns
    Phase Error              (PE):    0.000ns

    Location             Delay type                Incr(ns)  Path(ns)    Netlist Resource(s)
  -------------------------------------------------------------------    -------------------
                                                      0.000     0.000 f  mem_q0[24] (IN)
                         net (fo=153, unset)          0.973     0.973    bd_0_i/hls_inst/inst/grp_cpu_Pipeline_PROGRAM_LOOP_fu_187/mul_32ns_32ns_64_2_1_U32/mem_q0[9]
    SLICE_X31Y31         LUT3 (Prop_lut3_I2_O)        0.150     1.123 f  bd_0_i/hls_inst/inst/grp_cpu_Pipeline_PROGRAM_LOOP_fu_187/mul_32ns_32ns_64_2_1_U32/res_3_reg_5694[29]_i_3/O
                         net (fo=3, routed)           1.405     2.528    bd_0_i/hls_inst/inst/grp_cpu_Pipeline_PROGRAM_LOOP_fu_187/mul_32ns_32ns_64_2_1_U32/mem_q0[22]_4
    SLICE_X33Y27         LUT6 (Prop_lut6_I5_O)        0.326     2.854 r  bd_0_i/hls_inst/inst/grp_cpu_Pipeline_PROGRAM_LOOP_fu_187/mul_32ns_32ns_64_2_1_U32/mem_d0[2]_INST_0_i_2/O
                         net (fo=1, routed)           1.326     4.180    bd_0_i/hls_inst/inst/grp_cpu_Pipeline_PROGRAM_LOOP_fu_187/mul_32ns_32ns_64_2_1_U32/mem_d0[2]_INST_0_i_2_n_0
    SLICE_X20Y34         LUT6 (Prop_lut6_I0_O)        0.124     4.304 r  bd_0_i/hls_inst/inst/grp_cpu_Pipeline_PROGRAM_LOOP_fu_187/mul_32ns_32ns_64_2_1_U32/mem_d0[2]_INST_0_i_1/O
                         net (fo=10, routed)          1.324     5.628    bd_0_i/hls_inst/inst/grp_cpu_Pipeline_PROGRAM_LOOP_fu_187/mul_32s_32s_64_2_1_U34/tmp_product__0_0[2]
    DSP48_X2Y12          DSP48E1 (Prop_dsp48e1_A[2]_P[4])
                                                      3.841     9.469 r  bd_0_i/hls_inst/inst/grp_cpu_Pipeline_PROGRAM_LOOP_fu_187/mul_32s_32s_64_2_1_U34/tmp_product__0/P[4]
                         net (fo=1, routed)           1.080    10.549    bd_0_i/hls_inst/inst/grp_cpu_Pipeline_PROGRAM_LOOP_fu_187/mul_32s_32s_64_2_1_U34/tmp_product__0_n_101
    SLICE_X39Y43         FDRE                                         r  bd_0_i/hls_inst/inst/grp_cpu_Pipeline_PROGRAM_LOOP_fu_187/mul_32s_32s_64_2_1_U34/buff0_reg[4]__0/D
  -------------------------------------------------------------------    -------------------

                         (clock ap_clk rise edge)     0.000     0.000 r  
                                                      0.000     0.000 r  ap_clk (IN)
                         net (fo=1514, unset)         0.924     0.924    bd_0_i/hls_inst/inst/grp_cpu_Pipeline_PROGRAM_LOOP_fu_187/mul_32s_32s_64_2_1_U34/ap_clk
    SLICE_X39Y43         FDRE                                         r  bd_0_i/hls_inst/inst/grp_cpu_Pipeline_PROGRAM_LOOP_fu_187/mul_32s_32s_64_2_1_U34/buff0_reg[4]__0/C

Slack:                    inf
  Source:                 mem_q0[24]
                            (input port)
  Destination:            bd_0_i/hls_inst/inst/grp_cpu_Pipeline_PROGRAM_LOOP_fu_187/mul_32s_32s_64_2_1_U34/buff0_reg[11]__0/D
                            (rising edge-triggered cell FDRE clocked by ap_clk  {rise@0.000ns fall@5.000ns period=10.000ns})
  Path Group:             (none)
  Path Type:              Setup (Max at Slow Process Corner)
  Data Path Delay:        10.475ns  (logic 4.441ns (42.398%)  route 6.034ns (57.602%))
  Logic Levels:           4  (DSP48E1=1 LUT3=1 LUT6=2)
  Clock Path Skew:        0.924ns (DCD - SCD + CPR)
    Destination Clock Delay (DCD):    0.924ns
    Source Clock Delay      (SCD):    0.000ns
    Clock Pessimism Removal (CPR):    0.000ns
  Clock Uncertainty:      0.025ns  ((TSJ^2 + TIJ^2)^1/2 + DJ) / 2 + PE
    Total System Jitter     (TSJ):    0.050ns
    Total Input Jitter      (TIJ):    0.000ns
    Discrete Jitter          (DJ):    0.000ns
    Phase Error              (PE):    0.000ns

    Location             Delay type                Incr(ns)  Path(ns)    Netlist Resource(s)
  -------------------------------------------------------------------    -------------------
                                                      0.000     0.000 f  mem_q0[24] (IN)
                         net (fo=153, unset)          0.973     0.973    bd_0_i/hls_inst/inst/grp_cpu_Pipeline_PROGRAM_LOOP_fu_187/mul_32ns_32ns_64_2_1_U32/mem_q0[9]
    SLICE_X31Y31         LUT3 (Prop_lut3_I2_O)        0.150     1.123 f  bd_0_i/hls_inst/inst/grp_cpu_Pipeline_PROGRAM_LOOP_fu_187/mul_32ns_32ns_64_2_1_U32/res_3_reg_5694[29]_i_3/O
                         net (fo=3, routed)           1.405     2.528    bd_0_i/hls_inst/inst/grp_cpu_Pipeline_PROGRAM_LOOP_fu_187/mul_32ns_32ns_64_2_1_U32/mem_q0[22]_4
    SLICE_X33Y27         LUT6 (Prop_lut6_I5_O)        0.326     2.854 r  bd_0_i/hls_inst/inst/grp_cpu_Pipeline_PROGRAM_LOOP_fu_187/mul_32ns_32ns_64_2_1_U32/mem_d0[2]_INST_0_i_2/O
                         net (fo=1, routed)           1.326     4.180    bd_0_i/hls_inst/inst/grp_cpu_Pipeline_PROGRAM_LOOP_fu_187/mul_32ns_32ns_64_2_1_U32/mem_d0[2]_INST_0_i_2_n_0
    SLICE_X20Y34         LUT6 (Prop_lut6_I0_O)        0.124     4.304 r  bd_0_i/hls_inst/inst/grp_cpu_Pipeline_PROGRAM_LOOP_fu_187/mul_32ns_32ns_64_2_1_U32/mem_d0[2]_INST_0_i_1/O
                         net (fo=10, routed)          1.324     5.628    bd_0_i/hls_inst/inst/grp_cpu_Pipeline_PROGRAM_LOOP_fu_187/mul_32s_32s_64_2_1_U34/tmp_product__0_0[2]
    DSP48_X2Y12          DSP48E1 (Prop_dsp48e1_A[2]_P[11])
                                                      3.841     9.469 r  bd_0_i/hls_inst/inst/grp_cpu_Pipeline_PROGRAM_LOOP_fu_187/mul_32s_32s_64_2_1_U34/tmp_product__0/P[11]
                         net (fo=1, routed)           1.006    10.475    bd_0_i/hls_inst/inst/grp_cpu_Pipeline_PROGRAM_LOOP_fu_187/mul_32s_32s_64_2_1_U34/tmp_product__0_n_94
    SLICE_X39Y43         FDRE                                         r  bd_0_i/hls_inst/inst/grp_cpu_Pipeline_PROGRAM_LOOP_fu_187/mul_32s_32s_64_2_1_U34/buff0_reg[11]__0/D
  -------------------------------------------------------------------    -------------------

                         (clock ap_clk rise edge)     0.000     0.000 r  
                                                      0.000     0.000 r  ap_clk (IN)
                         net (fo=1514, unset)         0.924     0.924    bd_0_i/hls_inst/inst/grp_cpu_Pipeline_PROGRAM_LOOP_fu_187/mul_32s_32s_64_2_1_U34/ap_clk
    SLICE_X39Y43         FDRE                                         r  bd_0_i/hls_inst/inst/grp_cpu_Pipeline_PROGRAM_LOOP_fu_187/mul_32s_32s_64_2_1_U34/buff0_reg[11]__0/C

Slack:                    inf
  Source:                 mem_q0[24]
                            (input port)
  Destination:            bd_0_i/hls_inst/inst/grp_cpu_Pipeline_PROGRAM_LOOP_fu_187/mul_32s_32s_64_2_1_U34/buff0_reg[9]__0/D
                            (rising edge-triggered cell FDRE clocked by ap_clk  {rise@0.000ns fall@5.000ns period=10.000ns})
  Path Group:             (none)
  Path Type:              Setup (Max at Slow Process Corner)
  Data Path Delay:        10.401ns  (logic 4.441ns (42.696%)  route 5.960ns (57.304%))
  Logic Levels:           4  (DSP48E1=1 LUT3=1 LUT6=2)
  Clock Path Skew:        0.924ns (DCD - SCD + CPR)
    Destination Clock Delay (DCD):    0.924ns
    Source Clock Delay      (SCD):    0.000ns
    Clock Pessimism Removal (CPR):    0.000ns
  Clock Uncertainty:      0.025ns  ((TSJ^2 + TIJ^2)^1/2 + DJ) / 2 + PE
    Total System Jitter     (TSJ):    0.050ns
    Total Input Jitter      (TIJ):    0.000ns
    Discrete Jitter          (DJ):    0.000ns
    Phase Error              (PE):    0.000ns

    Location             Delay type                Incr(ns)  Path(ns)    Netlist Resource(s)
  -------------------------------------------------------------------    -------------------
                                                      0.000     0.000 f  mem_q0[24] (IN)
                         net (fo=153, unset)          0.973     0.973    bd_0_i/hls_inst/inst/grp_cpu_Pipeline_PROGRAM_LOOP_fu_187/mul_32ns_32ns_64_2_1_U32/mem_q0[9]
    SLICE_X31Y31         LUT3 (Prop_lut3_I2_O)        0.150     1.123 f  bd_0_i/hls_inst/inst/grp_cpu_Pipeline_PROGRAM_LOOP_fu_187/mul_32ns_32ns_64_2_1_U32/res_3_reg_5694[29]_i_3/O
                         net (fo=3, routed)           1.405     2.528    bd_0_i/hls_inst/inst/grp_cpu_Pipeline_PROGRAM_LOOP_fu_187/mul_32ns_32ns_64_2_1_U32/mem_q0[22]_4
    SLICE_X33Y27         LUT6 (Prop_lut6_I5_O)        0.326     2.854 r  bd_0_i/hls_inst/inst/grp_cpu_Pipeline_PROGRAM_LOOP_fu_187/mul_32ns_32ns_64_2_1_U32/mem_d0[2]_INST_0_i_2/O
                         net (fo=1, routed)           1.326     4.180    bd_0_i/hls_inst/inst/grp_cpu_Pipeline_PROGRAM_LOOP_fu_187/mul_32ns_32ns_64_2_1_U32/mem_d0[2]_INST_0_i_2_n_0
    SLICE_X20Y34         LUT6 (Prop_lut6_I0_O)        0.124     4.304 r  bd_0_i/hls_inst/inst/grp_cpu_Pipeline_PROGRAM_LOOP_fu_187/mul_32ns_32ns_64_2_1_U32/mem_d0[2]_INST_0_i_1/O
                         net (fo=10, routed)          1.324     5.628    bd_0_i/hls_inst/inst/grp_cpu_Pipeline_PROGRAM_LOOP_fu_187/mul_32s_32s_64_2_1_U34/tmp_product__0_0[2]
    DSP48_X2Y12          DSP48E1 (Prop_dsp48e1_A[2]_P[9])
                                                      3.841     9.469 r  bd_0_i/hls_inst/inst/grp_cpu_Pipeline_PROGRAM_LOOP_fu_187/mul_32s_32s_64_2_1_U34/tmp_product__0/P[9]
                         net (fo=1, routed)           0.933    10.401    bd_0_i/hls_inst/inst/grp_cpu_Pipeline_PROGRAM_LOOP_fu_187/mul_32s_32s_64_2_1_U34/tmp_product__0_n_96
    SLICE_X39Y43         FDRE                                         r  bd_0_i/hls_inst/inst/grp_cpu_Pipeline_PROGRAM_LOOP_fu_187/mul_32s_32s_64_2_1_U34/buff0_reg[9]__0/D
  -------------------------------------------------------------------    -------------------

                         (clock ap_clk rise edge)     0.000     0.000 r  
                                                      0.000     0.000 r  ap_clk (IN)
                         net (fo=1514, unset)         0.924     0.924    bd_0_i/hls_inst/inst/grp_cpu_Pipeline_PROGRAM_LOOP_fu_187/mul_32s_32s_64_2_1_U34/ap_clk
    SLICE_X39Y43         FDRE                                         r  bd_0_i/hls_inst/inst/grp_cpu_Pipeline_PROGRAM_LOOP_fu_187/mul_32s_32s_64_2_1_U34/buff0_reg[9]__0/C

Slack:                    inf
  Source:                 mem_q0[24]
                            (input port)
  Destination:            bd_0_i/hls_inst/inst/grp_cpu_Pipeline_PROGRAM_LOOP_fu_187/mul_32s_32s_64_2_1_U34/buff0_reg[3]__0/D
                            (rising edge-triggered cell FDRE clocked by ap_clk  {rise@0.000ns fall@5.000ns period=10.000ns})
  Path Group:             (none)
  Path Type:              Setup (Max at Slow Process Corner)
  Data Path Delay:        10.369ns  (logic 4.441ns (42.831%)  route 5.928ns (57.169%))
  Logic Levels:           4  (DSP48E1=1 LUT3=1 LUT6=2)
  Clock Path Skew:        0.924ns (DCD - SCD + CPR)
    Destination Clock Delay (DCD):    0.924ns
    Source Clock Delay      (SCD):    0.000ns
    Clock Pessimism Removal (CPR):    0.000ns
  Clock Uncertainty:      0.025ns  ((TSJ^2 + TIJ^2)^1/2 + DJ) / 2 + PE
    Total System Jitter     (TSJ):    0.050ns
    Total Input Jitter      (TIJ):    0.000ns
    Discrete Jitter          (DJ):    0.000ns
    Phase Error              (PE):    0.000ns

    Location             Delay type                Incr(ns)  Path(ns)    Netlist Resource(s)
  -------------------------------------------------------------------    -------------------
                                                      0.000     0.000 f  mem_q0[24] (IN)
                         net (fo=153, unset)          0.973     0.973    bd_0_i/hls_inst/inst/grp_cpu_Pipeline_PROGRAM_LOOP_fu_187/mul_32ns_32ns_64_2_1_U32/mem_q0[9]
    SLICE_X31Y31         LUT3 (Prop_lut3_I2_O)        0.150     1.123 f  bd_0_i/hls_inst/inst/grp_cpu_Pipeline_PROGRAM_LOOP_fu_187/mul_32ns_32ns_64_2_1_U32/res_3_reg_5694[29]_i_3/O
                         net (fo=3, routed)           1.405     2.528    bd_0_i/hls_inst/inst/grp_cpu_Pipeline_PROGRAM_LOOP_fu_187/mul_32ns_32ns_64_2_1_U32/mem_q0[22]_4
    SLICE_X33Y27         LUT6 (Prop_lut6_I5_O)        0.326     2.854 r  bd_0_i/hls_inst/inst/grp_cpu_Pipeline_PROGRAM_LOOP_fu_187/mul_32ns_32ns_64_2_1_U32/mem_d0[2]_INST_0_i_2/O
                         net (fo=1, routed)           1.326     4.180    bd_0_i/hls_inst/inst/grp_cpu_Pipeline_PROGRAM_LOOP_fu_187/mul_32ns_32ns_64_2_1_U32/mem_d0[2]_INST_0_i_2_n_0
    SLICE_X20Y34         LUT6 (Prop_lut6_I0_O)        0.124     4.304 r  bd_0_i/hls_inst/inst/grp_cpu_Pipeline_PROGRAM_LOOP_fu_187/mul_32ns_32ns_64_2_1_U32/mem_d0[2]_INST_0_i_1/O
                         net (fo=10, routed)          1.324     5.628    bd_0_i/hls_inst/inst/grp_cpu_Pipeline_PROGRAM_LOOP_fu_187/mul_32s_32s_64_2_1_U34/tmp_product__0_0[2]
    DSP48_X2Y12          DSP48E1 (Prop_dsp48e1_A[2]_P[3])
                                                      3.841     9.469 r  bd_0_i/hls_inst/inst/grp_cpu_Pipeline_PROGRAM_LOOP_fu_187/mul_32s_32s_64_2_1_U34/tmp_product__0/P[3]
                         net (fo=1, routed)           0.900    10.369    bd_0_i/hls_inst/inst/grp_cpu_Pipeline_PROGRAM_LOOP_fu_187/mul_32s_32s_64_2_1_U34/tmp_product__0_n_102
    SLICE_X36Y33         FDRE                                         r  bd_0_i/hls_inst/inst/grp_cpu_Pipeline_PROGRAM_LOOP_fu_187/mul_32s_32s_64_2_1_U34/buff0_reg[3]__0/D
  -------------------------------------------------------------------    -------------------

                         (clock ap_clk rise edge)     0.000     0.000 r  
                                                      0.000     0.000 r  ap_clk (IN)
                         net (fo=1514, unset)         0.924     0.924    bd_0_i/hls_inst/inst/grp_cpu_Pipeline_PROGRAM_LOOP_fu_187/mul_32s_32s_64_2_1_U34/ap_clk
    SLICE_X36Y33         FDRE                                         r  bd_0_i/hls_inst/inst/grp_cpu_Pipeline_PROGRAM_LOOP_fu_187/mul_32s_32s_64_2_1_U34/buff0_reg[3]__0/C

Slack:                    inf
  Source:                 mem_q0[24]
                            (input port)
  Destination:            bd_0_i/hls_inst/inst/grp_cpu_Pipeline_PROGRAM_LOOP_fu_187/mul_32s_32s_64_2_1_U34/buff0_reg[1]__0/D
                            (rising edge-triggered cell FDRE clocked by ap_clk  {rise@0.000ns fall@5.000ns period=10.000ns})
  Path Group:             (none)
  Path Type:              Setup (Max at Slow Process Corner)
  Data Path Delay:        10.304ns  (logic 4.441ns (43.098%)  route 5.863ns (56.902%))
  Logic Levels:           4  (DSP48E1=1 LUT3=1 LUT6=2)
  Clock Path Skew:        0.924ns (DCD - SCD + CPR)
    Destination Clock Delay (DCD):    0.924ns
    Source Clock Delay      (SCD):    0.000ns
    Clock Pessimism Removal (CPR):    0.000ns
  Clock Uncertainty:      0.025ns  ((TSJ^2 + TIJ^2)^1/2 + DJ) / 2 + PE
    Total System Jitter     (TSJ):    0.050ns
    Total Input Jitter      (TIJ):    0.000ns
    Discrete Jitter          (DJ):    0.000ns
    Phase Error              (PE):    0.000ns

    Location             Delay type                Incr(ns)  Path(ns)    Netlist Resource(s)
  -------------------------------------------------------------------    -------------------
                                                      0.000     0.000 f  mem_q0[24] (IN)
                         net (fo=153, unset)          0.973     0.973    bd_0_i/hls_inst/inst/grp_cpu_Pipeline_PROGRAM_LOOP_fu_187/mul_32ns_32ns_64_2_1_U32/mem_q0[9]
    SLICE_X31Y31         LUT3 (Prop_lut3_I2_O)        0.150     1.123 f  bd_0_i/hls_inst/inst/grp_cpu_Pipeline_PROGRAM_LOOP_fu_187/mul_32ns_32ns_64_2_1_U32/res_3_reg_5694[29]_i_3/O
                         net (fo=3, routed)           1.405     2.528    bd_0_i/hls_inst/inst/grp_cpu_Pipeline_PROGRAM_LOOP_fu_187/mul_32ns_32ns_64_2_1_U32/mem_q0[22]_4
    SLICE_X33Y27         LUT6 (Prop_lut6_I5_O)        0.326     2.854 r  bd_0_i/hls_inst/inst/grp_cpu_Pipeline_PROGRAM_LOOP_fu_187/mul_32ns_32ns_64_2_1_U32/mem_d0[2]_INST_0_i_2/O
                         net (fo=1, routed)           1.326     4.180    bd_0_i/hls_inst/inst/grp_cpu_Pipeline_PROGRAM_LOOP_fu_187/mul_32ns_32ns_64_2_1_U32/mem_d0[2]_INST_0_i_2_n_0
    SLICE_X20Y34         LUT6 (Prop_lut6_I0_O)        0.124     4.304 r  bd_0_i/hls_inst/inst/grp_cpu_Pipeline_PROGRAM_LOOP_fu_187/mul_32ns_32ns_64_2_1_U32/mem_d0[2]_INST_0_i_1/O
                         net (fo=10, routed)          1.324     5.628    bd_0_i/hls_inst/inst/grp_cpu_Pipeline_PROGRAM_LOOP_fu_187/mul_32s_32s_64_2_1_U34/tmp_product__0_0[2]
    DSP48_X2Y12          DSP48E1 (Prop_dsp48e1_A[2]_P[1])
                                                      3.841     9.469 r  bd_0_i/hls_inst/inst/grp_cpu_Pipeline_PROGRAM_LOOP_fu_187/mul_32s_32s_64_2_1_U34/tmp_product__0/P[1]
                         net (fo=1, routed)           0.836    10.304    bd_0_i/hls_inst/inst/grp_cpu_Pipeline_PROGRAM_LOOP_fu_187/mul_32s_32s_64_2_1_U34/tmp_product__0_n_104
    SLICE_X36Y33         FDRE                                         r  bd_0_i/hls_inst/inst/grp_cpu_Pipeline_PROGRAM_LOOP_fu_187/mul_32s_32s_64_2_1_U34/buff0_reg[1]__0/D
  -------------------------------------------------------------------    -------------------

                         (clock ap_clk rise edge)     0.000     0.000 r  
                                                      0.000     0.000 r  ap_clk (IN)
                         net (fo=1514, unset)         0.924     0.924    bd_0_i/hls_inst/inst/grp_cpu_Pipeline_PROGRAM_LOOP_fu_187/mul_32s_32s_64_2_1_U34/ap_clk
    SLICE_X36Y33         FDRE                                         r  bd_0_i/hls_inst/inst/grp_cpu_Pipeline_PROGRAM_LOOP_fu_187/mul_32s_32s_64_2_1_U34/buff0_reg[1]__0/C





Min Delay Paths
--------------------------------------------------------------------------------------
Slack:                    inf
  Source:                 ap_rst
                            (input port)
  Destination:            bd_0_i/hls_inst/inst/ap_CS_fsm_reg[0]/S
                            (rising edge-triggered cell FDSE clocked by ap_clk  {rise@0.000ns fall@5.000ns period=10.000ns})
  Path Group:             (none)
  Path Type:              Hold (Min at Fast Process Corner)
  Data Path Delay:        0.410ns  (logic 0.000ns (0.000%)  route 0.410ns (100.000%))
  Logic Levels:           0  
  Clock Path Skew:        0.432ns (DCD - SCD - CPR)
    Destination Clock Delay (DCD):    0.432ns
    Source Clock Delay      (SCD):    0.000ns
    Clock Pessimism Removal (CPR):    -0.000ns

    Location             Delay type                Incr(ns)  Path(ns)    Netlist Resource(s)
  -------------------------------------------------------------------    -------------------
                                                      0.000     0.000 r  ap_rst (IN)
                         net (fo=14, unset)           0.410     0.410    bd_0_i/hls_inst/inst/ap_rst
    SLICE_X45Y62         FDSE                                         r  bd_0_i/hls_inst/inst/ap_CS_fsm_reg[0]/S
  -------------------------------------------------------------------    -------------------

                         (clock ap_clk rise edge)     0.000     0.000 r  
                                                      0.000     0.000 r  ap_clk (IN)
                         net (fo=1514, unset)         0.432     0.432    bd_0_i/hls_inst/inst/ap_clk
    SLICE_X45Y62         FDSE                                         r  bd_0_i/hls_inst/inst/ap_CS_fsm_reg[0]/C

Slack:                    inf
  Source:                 ap_rst
                            (input port)
  Destination:            bd_0_i/hls_inst/inst/ap_CS_fsm_reg[1]/R
                            (rising edge-triggered cell FDRE clocked by ap_clk  {rise@0.000ns fall@5.000ns period=10.000ns})
  Path Group:             (none)
  Path Type:              Hold (Min at Fast Process Corner)
  Data Path Delay:        0.410ns  (logic 0.000ns (0.000%)  route 0.410ns (100.000%))
  Logic Levels:           0  
  Clock Path Skew:        0.432ns (DCD - SCD - CPR)
    Destination Clock Delay (DCD):    0.432ns
    Source Clock Delay      (SCD):    0.000ns
    Clock Pessimism Removal (CPR):    -0.000ns

    Location             Delay type                Incr(ns)  Path(ns)    Netlist Resource(s)
  -------------------------------------------------------------------    -------------------
                                                      0.000     0.000 r  ap_rst (IN)
                         net (fo=14, unset)           0.410     0.410    bd_0_i/hls_inst/inst/ap_rst
    SLICE_X45Y71         FDRE                                         r  bd_0_i/hls_inst/inst/ap_CS_fsm_reg[1]/R
  -------------------------------------------------------------------    -------------------

                         (clock ap_clk rise edge)     0.000     0.000 r  
                                                      0.000     0.000 r  ap_clk (IN)
                         net (fo=1514, unset)         0.432     0.432    bd_0_i/hls_inst/inst/ap_clk
    SLICE_X45Y71         FDRE                                         r  bd_0_i/hls_inst/inst/ap_CS_fsm_reg[1]/C

Slack:                    inf
  Source:                 ap_rst
                            (input port)
  Destination:            bd_0_i/hls_inst/inst/ap_CS_fsm_reg[2]/R
                            (rising edge-triggered cell FDRE clocked by ap_clk  {rise@0.000ns fall@5.000ns period=10.000ns})
  Path Group:             (none)
  Path Type:              Hold (Min at Fast Process Corner)
  Data Path Delay:        0.410ns  (logic 0.000ns (0.000%)  route 0.410ns (100.000%))
  Logic Levels:           0  
  Clock Path Skew:        0.432ns (DCD - SCD - CPR)
    Destination Clock Delay (DCD):    0.432ns
    Source Clock Delay      (SCD):    0.000ns
    Clock Pessimism Removal (CPR):    -0.000ns

    Location             Delay type                Incr(ns)  Path(ns)    Netlist Resource(s)
  -------------------------------------------------------------------    -------------------
                                                      0.000     0.000 r  ap_rst (IN)
                         net (fo=14, unset)           0.410     0.410    bd_0_i/hls_inst/inst/ap_rst
    SLICE_X45Y71         FDRE                                         r  bd_0_i/hls_inst/inst/ap_CS_fsm_reg[2]/R
  -------------------------------------------------------------------    -------------------

                         (clock ap_clk rise edge)     0.000     0.000 r  
                                                      0.000     0.000 r  ap_clk (IN)
                         net (fo=1514, unset)         0.432     0.432    bd_0_i/hls_inst/inst/ap_clk
    SLICE_X45Y71         FDRE                                         r  bd_0_i/hls_inst/inst/ap_CS_fsm_reg[2]/C

Slack:                    inf
  Source:                 ap_rst
                            (input port)
  Destination:            bd_0_i/hls_inst/inst/ap_CS_fsm_reg[3]/R
                            (rising edge-triggered cell FDRE clocked by ap_clk  {rise@0.000ns fall@5.000ns period=10.000ns})
  Path Group:             (none)
  Path Type:              Hold (Min at Fast Process Corner)
  Data Path Delay:        0.410ns  (logic 0.000ns (0.000%)  route 0.410ns (100.000%))
  Logic Levels:           0  
  Clock Path Skew:        0.432ns (DCD - SCD - CPR)
    Destination Clock Delay (DCD):    0.432ns
    Source Clock Delay      (SCD):    0.000ns
    Clock Pessimism Removal (CPR):    -0.000ns

    Location             Delay type                Incr(ns)  Path(ns)    Netlist Resource(s)
  -------------------------------------------------------------------    -------------------
                                                      0.000     0.000 r  ap_rst (IN)
                         net (fo=14, unset)           0.410     0.410    bd_0_i/hls_inst/inst/ap_rst
    SLICE_X45Y62         FDRE                                         r  bd_0_i/hls_inst/inst/ap_CS_fsm_reg[3]/R
  -------------------------------------------------------------------    -------------------

                         (clock ap_clk rise edge)     0.000     0.000 r  
                                                      0.000     0.000 r  ap_clk (IN)
                         net (fo=1514, unset)         0.432     0.432    bd_0_i/hls_inst/inst/ap_clk
    SLICE_X45Y62         FDRE                                         r  bd_0_i/hls_inst/inst/ap_CS_fsm_reg[3]/C

Slack:                    inf
  Source:                 ap_rst
                            (input port)
  Destination:            bd_0_i/hls_inst/inst/grp_cpu_Pipeline_PROGRAM_LOOP_fu_187/ap_CS_fsm_reg[0]/S
                            (rising edge-triggered cell FDSE clocked by ap_clk  {rise@0.000ns fall@5.000ns period=10.000ns})
  Path Group:             (none)
  Path Type:              Hold (Min at Fast Process Corner)
  Data Path Delay:        0.410ns  (logic 0.000ns (0.000%)  route 0.410ns (100.000%))
  Logic Levels:           0  
  Clock Path Skew:        0.432ns (DCD - SCD - CPR)
    Destination Clock Delay (DCD):    0.432ns
    Source Clock Delay      (SCD):    0.000ns
    Clock Pessimism Removal (CPR):    -0.000ns

    Location             Delay type                Incr(ns)  Path(ns)    Netlist Resource(s)
  -------------------------------------------------------------------    -------------------
                                                      0.000     0.000 r  ap_rst (IN)
                         net (fo=14, unset)           0.410     0.410    bd_0_i/hls_inst/inst/grp_cpu_Pipeline_PROGRAM_LOOP_fu_187/ap_rst
    SLICE_X46Y60         FDSE                                         r  bd_0_i/hls_inst/inst/grp_cpu_Pipeline_PROGRAM_LOOP_fu_187/ap_CS_fsm_reg[0]/S
  -------------------------------------------------------------------    -------------------

                         (clock ap_clk rise edge)     0.000     0.000 r  
                                                      0.000     0.000 r  ap_clk (IN)
                         net (fo=1514, unset)         0.432     0.432    bd_0_i/hls_inst/inst/grp_cpu_Pipeline_PROGRAM_LOOP_fu_187/ap_clk
    SLICE_X46Y60         FDSE                                         r  bd_0_i/hls_inst/inst/grp_cpu_Pipeline_PROGRAM_LOOP_fu_187/ap_CS_fsm_reg[0]/C

Slack:                    inf
  Source:                 ap_rst
                            (input port)
  Destination:            bd_0_i/hls_inst/inst/grp_cpu_Pipeline_PROGRAM_LOOP_fu_187/ap_CS_fsm_reg[1]/R
                            (rising edge-triggered cell FDRE clocked by ap_clk  {rise@0.000ns fall@5.000ns period=10.000ns})
  Path Group:             (none)
  Path Type:              Hold (Min at Fast Process Corner)
  Data Path Delay:        0.410ns  (logic 0.000ns (0.000%)  route 0.410ns (100.000%))
  Logic Levels:           0  
  Clock Path Skew:        0.432ns (DCD - SCD - CPR)
    Destination Clock Delay (DCD):    0.432ns
    Source Clock Delay      (SCD):    0.000ns
    Clock Pessimism Removal (CPR):    -0.000ns

    Location             Delay type                Incr(ns)  Path(ns)    Netlist Resource(s)
  -------------------------------------------------------------------    -------------------
                                                      0.000     0.000 r  ap_rst (IN)
                         net (fo=14, unset)           0.410     0.410    bd_0_i/hls_inst/inst/grp_cpu_Pipeline_PROGRAM_LOOP_fu_187/ap_rst
    SLICE_X46Y61         FDRE                                         r  bd_0_i/hls_inst/inst/grp_cpu_Pipeline_PROGRAM_LOOP_fu_187/ap_CS_fsm_reg[1]/R
  -------------------------------------------------------------------    -------------------

                         (clock ap_clk rise edge)     0.000     0.000 r  
                                                      0.000     0.000 r  ap_clk (IN)
                         net (fo=1514, unset)         0.432     0.432    bd_0_i/hls_inst/inst/grp_cpu_Pipeline_PROGRAM_LOOP_fu_187/ap_clk
    SLICE_X46Y61         FDRE                                         r  bd_0_i/hls_inst/inst/grp_cpu_Pipeline_PROGRAM_LOOP_fu_187/ap_CS_fsm_reg[1]/C

Slack:                    inf
  Source:                 ap_rst
                            (input port)
  Destination:            bd_0_i/hls_inst/inst/grp_cpu_Pipeline_PROGRAM_LOOP_fu_187/ap_CS_fsm_reg[2]/R
                            (rising edge-triggered cell FDRE clocked by ap_clk  {rise@0.000ns fall@5.000ns period=10.000ns})
  Path Group:             (none)
  Path Type:              Hold (Min at Fast Process Corner)
  Data Path Delay:        0.410ns  (logic 0.000ns (0.000%)  route 0.410ns (100.000%))
  Logic Levels:           0  
  Clock Path Skew:        0.432ns (DCD - SCD - CPR)
    Destination Clock Delay (DCD):    0.432ns
    Source Clock Delay      (SCD):    0.000ns
    Clock Pessimism Removal (CPR):    -0.000ns

    Location             Delay type                Incr(ns)  Path(ns)    Netlist Resource(s)
  -------------------------------------------------------------------    -------------------
                                                      0.000     0.000 r  ap_rst (IN)
                         net (fo=14, unset)           0.410     0.410    bd_0_i/hls_inst/inst/grp_cpu_Pipeline_PROGRAM_LOOP_fu_187/ap_rst
    SLICE_X46Y59         FDRE                                         r  bd_0_i/hls_inst/inst/grp_cpu_Pipeline_PROGRAM_LOOP_fu_187/ap_CS_fsm_reg[2]/R
  -------------------------------------------------------------------    -------------------

                         (clock ap_clk rise edge)     0.000     0.000 r  
                                                      0.000     0.000 r  ap_clk (IN)
                         net (fo=1514, unset)         0.432     0.432    bd_0_i/hls_inst/inst/grp_cpu_Pipeline_PROGRAM_LOOP_fu_187/ap_clk
    SLICE_X46Y59         FDRE                                         r  bd_0_i/hls_inst/inst/grp_cpu_Pipeline_PROGRAM_LOOP_fu_187/ap_CS_fsm_reg[2]/C

Slack:                    inf
  Source:                 ap_rst
                            (input port)
  Destination:            bd_0_i/hls_inst/inst/grp_cpu_Pipeline_PROGRAM_LOOP_fu_187/ap_CS_fsm_reg[3]/R
                            (rising edge-triggered cell FDRE clocked by ap_clk  {rise@0.000ns fall@5.000ns period=10.000ns})
  Path Group:             (none)
  Path Type:              Hold (Min at Fast Process Corner)
  Data Path Delay:        0.410ns  (logic 0.000ns (0.000%)  route 0.410ns (100.000%))
  Logic Levels:           0  
  Clock Path Skew:        0.432ns (DCD - SCD - CPR)
    Destination Clock Delay (DCD):    0.432ns
    Source Clock Delay      (SCD):    0.000ns
    Clock Pessimism Removal (CPR):    -0.000ns

    Location             Delay type                Incr(ns)  Path(ns)    Netlist Resource(s)
  -------------------------------------------------------------------    -------------------
                                                      0.000     0.000 r  ap_rst (IN)
                         net (fo=14, unset)           0.410     0.410    bd_0_i/hls_inst/inst/grp_cpu_Pipeline_PROGRAM_LOOP_fu_187/ap_rst
    SLICE_X46Y61         FDRE                                         r  bd_0_i/hls_inst/inst/grp_cpu_Pipeline_PROGRAM_LOOP_fu_187/ap_CS_fsm_reg[3]/R
  -------------------------------------------------------------------    -------------------

                         (clock ap_clk rise edge)     0.000     0.000 r  
                                                      0.000     0.000 r  ap_clk (IN)
                         net (fo=1514, unset)         0.432     0.432    bd_0_i/hls_inst/inst/grp_cpu_Pipeline_PROGRAM_LOOP_fu_187/ap_clk
    SLICE_X46Y61         FDRE                                         r  bd_0_i/hls_inst/inst/grp_cpu_Pipeline_PROGRAM_LOOP_fu_187/ap_CS_fsm_reg[3]/C

Slack:                    inf
  Source:                 ap_rst
                            (input port)
  Destination:            bd_0_i/hls_inst/inst/grp_cpu_Pipeline_PROGRAM_LOOP_fu_187/ap_CS_fsm_reg[4]/R
                            (rising edge-triggered cell FDRE clocked by ap_clk  {rise@0.000ns fall@5.000ns period=10.000ns})
  Path Group:             (none)
  Path Type:              Hold (Min at Fast Process Corner)
  Data Path Delay:        0.410ns  (logic 0.000ns (0.000%)  route 0.410ns (100.000%))
  Logic Levels:           0  
  Clock Path Skew:        0.432ns (DCD - SCD - CPR)
    Destination Clock Delay (DCD):    0.432ns
    Source Clock Delay      (SCD):    0.000ns
    Clock Pessimism Removal (CPR):    -0.000ns

    Location             Delay type                Incr(ns)  Path(ns)    Netlist Resource(s)
  -------------------------------------------------------------------    -------------------
                                                      0.000     0.000 r  ap_rst (IN)
                         net (fo=14, unset)           0.410     0.410    bd_0_i/hls_inst/inst/grp_cpu_Pipeline_PROGRAM_LOOP_fu_187/ap_rst
    SLICE_X46Y61         FDRE                                         r  bd_0_i/hls_inst/inst/grp_cpu_Pipeline_PROGRAM_LOOP_fu_187/ap_CS_fsm_reg[4]/R
  -------------------------------------------------------------------    -------------------

                         (clock ap_clk rise edge)     0.000     0.000 r  
                                                      0.000     0.000 r  ap_clk (IN)
                         net (fo=1514, unset)         0.432     0.432    bd_0_i/hls_inst/inst/grp_cpu_Pipeline_PROGRAM_LOOP_fu_187/ap_clk
    SLICE_X46Y61         FDRE                                         r  bd_0_i/hls_inst/inst/grp_cpu_Pipeline_PROGRAM_LOOP_fu_187/ap_CS_fsm_reg[4]/C

Slack:                    inf
  Source:                 mem_q0[12]
                            (input port)
  Destination:            bd_0_i/hls_inst/inst/grp_cpu_Pipeline_PROGRAM_LOOP_fu_187/func3_reg_5620_reg[0]/D
                            (rising edge-triggered cell FDRE clocked by ap_clk  {rise@0.000ns fall@5.000ns period=10.000ns})
  Path Group:             (none)
  Path Type:              Hold (Min at Fast Process Corner)
  Data Path Delay:        0.410ns  (logic 0.000ns (0.000%)  route 0.410ns (100.000%))
  Logic Levels:           0  
  Clock Path Skew:        0.432ns (DCD - SCD - CPR)
    Destination Clock Delay (DCD):    0.432ns
    Source Clock Delay      (SCD):    0.000ns
    Clock Pessimism Removal (CPR):    -0.000ns

    Location             Delay type                Incr(ns)  Path(ns)    Netlist Resource(s)
  -------------------------------------------------------------------    -------------------
                                                      0.000     0.000 r  mem_q0[12] (IN)
                         net (fo=11, unset)           0.410     0.410    bd_0_i/hls_inst/inst/grp_cpu_Pipeline_PROGRAM_LOOP_fu_187/mem_q0[12]
    SLICE_X48Y57         FDRE                                         r  bd_0_i/hls_inst/inst/grp_cpu_Pipeline_PROGRAM_LOOP_fu_187/func3_reg_5620_reg[0]/D
  -------------------------------------------------------------------    -------------------

                         (clock ap_clk rise edge)     0.000     0.000 r  
                                                      0.000     0.000 r  ap_clk (IN)
                         net (fo=1514, unset)         0.432     0.432    bd_0_i/hls_inst/inst/grp_cpu_Pipeline_PROGRAM_LOOP_fu_187/ap_clk
    SLICE_X48Y57         FDRE                                         r  bd_0_i/hls_inst/inst/grp_cpu_Pipeline_PROGRAM_LOOP_fu_187/func3_reg_5620_reg[0]/C





