

================================================================
== Vitis HLS Report for 'cpu_Pipeline_VITIS_LOOP_22_1'
================================================================
* Date:           Wed Feb 25 14:02:20 2026

* Version:        2025.1 (Build 6135595 on May 21 2025)
* Project:        extendo
* Solution:       hls (Vivado IP Flow Target)
* Product family: zynq
* Target device:  xc7z020-clg400-1


================================================================
== Performance Estimates
================================================================
+ Timing: 
    * Summary: 
    +--------+----------+----------+------------+
    |  Clock |  Target  | Estimated| Uncertainty|
    +--------+----------+----------+------------+
    |ap_clk  |  10.00 ns|  5.001 ns|     2.70 ns|
    +--------+----------+----------+------------+

+ Latency: 
    * Summary: 
    +---------+---------+----------+----------+-----+-----+------------------------------------------------+
    |  Latency (cycles) |  Latency (absolute) |  Interval |                    Pipeline                    |
    |   min   |   max   |    min   |    max   | min | max |                      Type                      |
    +---------+---------+----------+----------+-----+-----+------------------------------------------------+
    |       34|       34|  0.340 us|  0.340 us|   33|   33|  loop auto-rewind stp (delay=0 clock cycles(s))|
    +---------+---------+----------+----------+-----+-----+------------------------------------------------+

    + Detail: 
        * Instance: 
        N/A

        * Loop: 
        +-------------------+---------+---------+----------+-----------+-----------+------+----------+
        |                   |  Latency (cycles) | Iteration|  Initiation Interval  | Trip |          |
        |     Loop Name     |   min   |   max   |  Latency |  achieved |   target  | Count| Pipelined|
        +-------------------+---------+---------+----------+-----------+-----------+------+----------+
        |- VITIS_LOOP_22_1  |       32|       32|         1|          1|          1|    32|       yes|
        +-------------------+---------+---------+----------+-----------+-----------+------+----------+

============================================================
+ Verbose Summary: Synthesis Manager
============================================================
InlineROM: 1
ExposeGlobal: 0
============================================================
+ Verbose Summary: CDFG Model
============================================================
IsTopModel: 0
ResetActiveHigh: 1
IsCombinational: 0
IsDatapathOnly: 0
HasWiredReturn: 1
HasMFsm: 2
HasVarLatency: 1
IsPipeline: 0
IsRtlPipelined: 0
IsInstanceOverlapped: 0
IsDontTouch: 0
HasImplIP: 0
IsGatedGlobalClock: 0

+ Individual pipeline summary: 
  * Pipeline-0: initiation interval (II) = 1, depth = 1


============================================================
+ Verbose Summary: Schedule
============================================================
* Number of FSM states : 1
* Pipeline : 1
  Pipeline-0 : II = 1, D = 1, States = { 1 }
* Dataflow Pipeline: 0

* FSM state transitions: 
1 --> 

* FSM state operations: 

State 1 <SV = 0> <Delay = 5.00>
ST_1 : Operation 4 [1/1] (0.00ns)   --->   "%i = alloca i32 1" [riscv32i.cc:22]   --->   Operation 4 'alloca' 'i' <Predicate = true> <Delay = 0.00>
ST_1 : Operation 5 [1/1] (0.00ns)   --->   "%reg_file = alloca i32 1" [riscv32i.cc:20]   --->   Operation 5 'alloca' 'reg_file' <Predicate = true> <Delay = 0.00>
ST_1 : Operation 6 [1/1] (0.00ns)   --->   "%reg_file_1 = alloca i32 1" [riscv32i.cc:20]   --->   Operation 6 'alloca' 'reg_file_1' <Predicate = true> <Delay = 0.00>
ST_1 : Operation 7 [1/1] (0.00ns)   --->   "%reg_file_2 = alloca i32 1" [riscv32i.cc:20]   --->   Operation 7 'alloca' 'reg_file_2' <Predicate = true> <Delay = 0.00>
ST_1 : Operation 8 [1/1] (0.00ns)   --->   "%reg_file_3 = alloca i32 1" [riscv32i.cc:20]   --->   Operation 8 'alloca' 'reg_file_3' <Predicate = true> <Delay = 0.00>
ST_1 : Operation 9 [1/1] (0.00ns)   --->   "%reg_file_4 = alloca i32 1" [riscv32i.cc:20]   --->   Operation 9 'alloca' 'reg_file_4' <Predicate = true> <Delay = 0.00>
ST_1 : Operation 10 [1/1] (0.00ns)   --->   "%reg_file_5 = alloca i32 1" [riscv32i.cc:20]   --->   Operation 10 'alloca' 'reg_file_5' <Predicate = true> <Delay = 0.00>
ST_1 : Operation 11 [1/1] (0.00ns)   --->   "%reg_file_6 = alloca i32 1" [riscv32i.cc:20]   --->   Operation 11 'alloca' 'reg_file_6' <Predicate = true> <Delay = 0.00>
ST_1 : Operation 12 [1/1] (0.00ns)   --->   "%reg_file_7 = alloca i32 1" [riscv32i.cc:20]   --->   Operation 12 'alloca' 'reg_file_7' <Predicate = true> <Delay = 0.00>
ST_1 : Operation 13 [1/1] (0.00ns)   --->   "%reg_file_8 = alloca i32 1" [riscv32i.cc:20]   --->   Operation 13 'alloca' 'reg_file_8' <Predicate = true> <Delay = 0.00>
ST_1 : Operation 14 [1/1] (0.00ns)   --->   "%reg_file_9 = alloca i32 1" [riscv32i.cc:20]   --->   Operation 14 'alloca' 'reg_file_9' <Predicate = true> <Delay = 0.00>
ST_1 : Operation 15 [1/1] (0.00ns)   --->   "%reg_file_10 = alloca i32 1" [riscv32i.cc:20]   --->   Operation 15 'alloca' 'reg_file_10' <Predicate = true> <Delay = 0.00>
ST_1 : Operation 16 [1/1] (0.00ns)   --->   "%reg_file_11 = alloca i32 1" [riscv32i.cc:20]   --->   Operation 16 'alloca' 'reg_file_11' <Predicate = true> <Delay = 0.00>
ST_1 : Operation 17 [1/1] (0.00ns)   --->   "%reg_file_12 = alloca i32 1" [riscv32i.cc:20]   --->   Operation 17 'alloca' 'reg_file_12' <Predicate = true> <Delay = 0.00>
ST_1 : Operation 18 [1/1] (0.00ns)   --->   "%reg_file_13 = alloca i32 1" [riscv32i.cc:20]   --->   Operation 18 'alloca' 'reg_file_13' <Predicate = true> <Delay = 0.00>
ST_1 : Operation 19 [1/1] (0.00ns)   --->   "%reg_file_14 = alloca i32 1" [riscv32i.cc:20]   --->   Operation 19 'alloca' 'reg_file_14' <Predicate = true> <Delay = 0.00>
ST_1 : Operation 20 [1/1] (0.00ns)   --->   "%reg_file_15 = alloca i32 1" [riscv32i.cc:20]   --->   Operation 20 'alloca' 'reg_file_15' <Predicate = true> <Delay = 0.00>
ST_1 : Operation 21 [1/1] (0.00ns)   --->   "%reg_file_16 = alloca i32 1" [riscv32i.cc:20]   --->   Operation 21 'alloca' 'reg_file_16' <Predicate = true> <Delay = 0.00>
ST_1 : Operation 22 [1/1] (0.00ns)   --->   "%reg_file_17 = alloca i32 1" [riscv32i.cc:20]   --->   Operation 22 'alloca' 'reg_file_17' <Predicate = true> <Delay = 0.00>
ST_1 : Operation 23 [1/1] (0.00ns)   --->   "%reg_file_18 = alloca i32 1" [riscv32i.cc:20]   --->   Operation 23 'alloca' 'reg_file_18' <Predicate = true> <Delay = 0.00>
ST_1 : Operation 24 [1/1] (0.00ns)   --->   "%reg_file_19 = alloca i32 1" [riscv32i.cc:20]   --->   Operation 24 'alloca' 'reg_file_19' <Predicate = true> <Delay = 0.00>
ST_1 : Operation 25 [1/1] (0.00ns)   --->   "%reg_file_20 = alloca i32 1" [riscv32i.cc:20]   --->   Operation 25 'alloca' 'reg_file_20' <Predicate = true> <Delay = 0.00>
ST_1 : Operation 26 [1/1] (0.00ns)   --->   "%reg_file_21 = alloca i32 1" [riscv32i.cc:20]   --->   Operation 26 'alloca' 'reg_file_21' <Predicate = true> <Delay = 0.00>
ST_1 : Operation 27 [1/1] (0.00ns)   --->   "%reg_file_22 = alloca i32 1" [riscv32i.cc:20]   --->   Operation 27 'alloca' 'reg_file_22' <Predicate = true> <Delay = 0.00>
ST_1 : Operation 28 [1/1] (0.00ns)   --->   "%reg_file_23 = alloca i32 1" [riscv32i.cc:20]   --->   Operation 28 'alloca' 'reg_file_23' <Predicate = true> <Delay = 0.00>
ST_1 : Operation 29 [1/1] (0.00ns)   --->   "%reg_file_24 = alloca i32 1" [riscv32i.cc:20]   --->   Operation 29 'alloca' 'reg_file_24' <Predicate = true> <Delay = 0.00>
ST_1 : Operation 30 [1/1] (0.00ns)   --->   "%reg_file_25 = alloca i32 1" [riscv32i.cc:20]   --->   Operation 30 'alloca' 'reg_file_25' <Predicate = true> <Delay = 0.00>
ST_1 : Operation 31 [1/1] (0.00ns)   --->   "%reg_file_26 = alloca i32 1" [riscv32i.cc:20]   --->   Operation 31 'alloca' 'reg_file_26' <Predicate = true> <Delay = 0.00>
ST_1 : Operation 32 [1/1] (0.00ns)   --->   "%reg_file_27 = alloca i32 1" [riscv32i.cc:20]   --->   Operation 32 'alloca' 'reg_file_27' <Predicate = true> <Delay = 0.00>
ST_1 : Operation 33 [1/1] (0.00ns)   --->   "%reg_file_28 = alloca i32 1" [riscv32i.cc:20]   --->   Operation 33 'alloca' 'reg_file_28' <Predicate = true> <Delay = 0.00>
ST_1 : Operation 34 [1/1] (0.00ns)   --->   "%reg_file_29 = alloca i32 1" [riscv32i.cc:20]   --->   Operation 34 'alloca' 'reg_file_29' <Predicate = true> <Delay = 0.00>
ST_1 : Operation 35 [1/1] (0.00ns)   --->   "%reg_file_30 = alloca i32 1" [riscv32i.cc:20]   --->   Operation 35 'alloca' 'reg_file_30' <Predicate = true> <Delay = 0.00>
ST_1 : Operation 36 [1/1] (1.58ns)   --->   "%store_ln22 = store i6 0, i6 %i" [riscv32i.cc:22]   --->   Operation 36 'store' 'store_ln22' <Predicate = true> <Delay = 1.58>
ST_1 : Operation 37 [1/1] (0.00ns)   --->   "%br_ln0 = br void %for.inc"   --->   Operation 37 'br' 'br_ln0' <Predicate = true> <Delay = 0.00>
ST_1 : Operation 38 [1/1] (0.00ns)   --->   "%i_1 = load i6 %i" [riscv32i.cc:22]   --->   Operation 38 'load' 'i_1' <Predicate = true> <Delay = 0.00>
ST_1 : Operation 39 [1/1] (1.82ns)   --->   "%icmp_ln22 = icmp_eq  i6 %i_1, i6 32" [riscv32i.cc:22]   --->   Operation 39 'icmp' 'icmp_ln22' <Predicate = true> <Delay = 1.82> <CoreInst = "Cmp">   --->   Core 9 'Cmp' <Latency = 0> <II = 1> <Delay = 1.82> <FuncUnit> <Opcode : 'seteq' 'setne' 'setle' 'setge' 'setlt' 'setgt'> <InPorts = 2> <OutPorts = 1>
ST_1 : Operation 40 [1/1] (1.82ns)   --->   "%add_ln22 = add i6 %i_1, i6 1" [riscv32i.cc:22]   --->   Operation 40 'add' 'add_ln22' <Predicate = true> <Delay = 1.82> <CoreInst = "Adder">   --->   Core 1 'Adder' <Latency = 0> <II = 1> <Delay = 1.82> <FuncUnit> <Opcode : 'add' 'sub'> <InPorts = 2> <OutPorts = 1>
ST_1 : Operation 41 [1/1] (0.00ns)   --->   "%br_ln22 = br i1 %icmp_ln22, void %for.inc.split, void %while.body.preheader.exitStub" [riscv32i.cc:22]   --->   Operation 41 'br' 'br_ln22' <Predicate = true> <Delay = 0.00>
ST_1 : Operation 42 [1/1] (0.00ns)   --->   "%trunc_ln22 = trunc i6 %i_1" [riscv32i.cc:22]   --->   Operation 42 'trunc' 'trunc_ln22' <Predicate = (!icmp_ln22)> <Delay = 0.00>
ST_1 : Operation 43 [1/1] (0.00ns)   --->   "%specpipeline_ln20 = specpipeline void @_ssdm_op_SpecPipeline, i32 4294967295, i32 0, i32 0, i32 0, void @empty_0" [riscv32i.cc:20]   --->   Operation 43 'specpipeline' 'specpipeline_ln20' <Predicate = (!icmp_ln22)> <Delay = 0.00>
ST_1 : Operation 44 [1/1] (0.00ns)   --->   "%speclooptripcount_ln20 = speclooptripcount void @_ssdm_op_SpecLoopTripCount, i64 32, i64 32, i64 32" [riscv32i.cc:20]   --->   Operation 44 'speclooptripcount' 'speclooptripcount_ln20' <Predicate = (!icmp_ln22)> <Delay = 0.00>
ST_1 : Operation 45 [1/1] (0.00ns)   --->   "%specloopname_ln22 = specloopname void @_ssdm_op_SpecLoopName, void @empty_4" [riscv32i.cc:22]   --->   Operation 45 'specloopname' 'specloopname_ln22' <Predicate = (!icmp_ln22)> <Delay = 0.00>
ST_1 : Operation 46 [1/1] (1.78ns)   --->   "%switch_ln23 = switch i5 %trunc_ln22, void %arrayidx.case.31, i5 0, void %arrayidx.case.0, i5 1, void %arrayidx.case.1, i5 2, void %arrayidx.exit, i5 3, void %arrayidx.case.3, i5 4, void %arrayidx.case.4, i5 5, void %arrayidx.case.5, i5 6, void %arrayidx.case.6, i5 7, void %arrayidx.case.7, i5 8, void %arrayidx.case.8, i5 9, void %arrayidx.case.9, i5 10, void %arrayidx.case.10, i5 11, void %arrayidx.case.11, i5 12, void %arrayidx.case.12, i5 13, void %arrayidx.case.13, i5 14, void %arrayidx.case.14, i5 15, void %arrayidx.case.15, i5 16, void %arrayidx.case.16, i5 17, void %arrayidx.case.17, i5 18, void %arrayidx.case.18, i5 19, void %arrayidx.case.19, i5 20, void %arrayidx.case.20, i5 21, void %arrayidx.case.21, i5 22, void %arrayidx.case.22, i5 23, void %arrayidx.case.23, i5 24, void %arrayidx.case.24, i5 25, void %arrayidx.case.25, i5 26, void %arrayidx.case.26, i5 27, void %arrayidx.case.27, i5 28, void %arrayidx.case.28, i5 29, void %arrayidx.case.29, i5 30, void %for.inc.split.arrayidx.exit_crit_edge" [riscv32i.cc:23]   --->   Operation 46 'switch' 'switch_ln23' <Predicate = (!icmp_ln22)> <Delay = 1.78>
ST_1 : Operation 47 [1/1] (0.00ns)   --->   "%store_ln20 = store i32 0, i32 %reg_file_29" [riscv32i.cc:20]   --->   Operation 47 'store' 'store_ln20' <Predicate = (!icmp_ln22 & trunc_ln22 == 30)> <Delay = 0.00>
ST_1 : Operation 48 [1/1] (0.00ns)   --->   "%br_ln23 = br void %arrayidx.exit" [riscv32i.cc:23]   --->   Operation 48 'br' 'br_ln23' <Predicate = (!icmp_ln22 & trunc_ln22 == 30)> <Delay = 0.00>
ST_1 : Operation 49 [1/1] (0.00ns)   --->   "%store_ln20 = store i32 0, i32 %reg_file_28" [riscv32i.cc:20]   --->   Operation 49 'store' 'store_ln20' <Predicate = (!icmp_ln22 & trunc_ln22 == 29)> <Delay = 0.00>
ST_1 : Operation 50 [1/1] (0.00ns)   --->   "%br_ln23 = br void %arrayidx.exit" [riscv32i.cc:23]   --->   Operation 50 'br' 'br_ln23' <Predicate = (!icmp_ln22 & trunc_ln22 == 29)> <Delay = 0.00>
ST_1 : Operation 51 [1/1] (0.00ns)   --->   "%store_ln20 = store i32 0, i32 %reg_file_27" [riscv32i.cc:20]   --->   Operation 51 'store' 'store_ln20' <Predicate = (!icmp_ln22 & trunc_ln22 == 28)> <Delay = 0.00>
ST_1 : Operation 52 [1/1] (0.00ns)   --->   "%br_ln23 = br void %arrayidx.exit" [riscv32i.cc:23]   --->   Operation 52 'br' 'br_ln23' <Predicate = (!icmp_ln22 & trunc_ln22 == 28)> <Delay = 0.00>
ST_1 : Operation 53 [1/1] (0.00ns)   --->   "%store_ln20 = store i32 0, i32 %reg_file_26" [riscv32i.cc:20]   --->   Operation 53 'store' 'store_ln20' <Predicate = (!icmp_ln22 & trunc_ln22 == 27)> <Delay = 0.00>
ST_1 : Operation 54 [1/1] (0.00ns)   --->   "%br_ln23 = br void %arrayidx.exit" [riscv32i.cc:23]   --->   Operation 54 'br' 'br_ln23' <Predicate = (!icmp_ln22 & trunc_ln22 == 27)> <Delay = 0.00>
ST_1 : Operation 55 [1/1] (0.00ns)   --->   "%store_ln20 = store i32 0, i32 %reg_file_25" [riscv32i.cc:20]   --->   Operation 55 'store' 'store_ln20' <Predicate = (!icmp_ln22 & trunc_ln22 == 26)> <Delay = 0.00>
ST_1 : Operation 56 [1/1] (0.00ns)   --->   "%br_ln23 = br void %arrayidx.exit" [riscv32i.cc:23]   --->   Operation 56 'br' 'br_ln23' <Predicate = (!icmp_ln22 & trunc_ln22 == 26)> <Delay = 0.00>
ST_1 : Operation 57 [1/1] (0.00ns)   --->   "%store_ln20 = store i32 0, i32 %reg_file_24" [riscv32i.cc:20]   --->   Operation 57 'store' 'store_ln20' <Predicate = (!icmp_ln22 & trunc_ln22 == 25)> <Delay = 0.00>
ST_1 : Operation 58 [1/1] (0.00ns)   --->   "%br_ln23 = br void %arrayidx.exit" [riscv32i.cc:23]   --->   Operation 58 'br' 'br_ln23' <Predicate = (!icmp_ln22 & trunc_ln22 == 25)> <Delay = 0.00>
ST_1 : Operation 59 [1/1] (0.00ns)   --->   "%store_ln20 = store i32 0, i32 %reg_file_23" [riscv32i.cc:20]   --->   Operation 59 'store' 'store_ln20' <Predicate = (!icmp_ln22 & trunc_ln22 == 24)> <Delay = 0.00>
ST_1 : Operation 60 [1/1] (0.00ns)   --->   "%br_ln23 = br void %arrayidx.exit" [riscv32i.cc:23]   --->   Operation 60 'br' 'br_ln23' <Predicate = (!icmp_ln22 & trunc_ln22 == 24)> <Delay = 0.00>
ST_1 : Operation 61 [1/1] (0.00ns)   --->   "%store_ln20 = store i32 0, i32 %reg_file_22" [riscv32i.cc:20]   --->   Operation 61 'store' 'store_ln20' <Predicate = (!icmp_ln22 & trunc_ln22 == 23)> <Delay = 0.00>
ST_1 : Operation 62 [1/1] (0.00ns)   --->   "%br_ln23 = br void %arrayidx.exit" [riscv32i.cc:23]   --->   Operation 62 'br' 'br_ln23' <Predicate = (!icmp_ln22 & trunc_ln22 == 23)> <Delay = 0.00>
ST_1 : Operation 63 [1/1] (0.00ns)   --->   "%store_ln20 = store i32 0, i32 %reg_file_21" [riscv32i.cc:20]   --->   Operation 63 'store' 'store_ln20' <Predicate = (!icmp_ln22 & trunc_ln22 == 22)> <Delay = 0.00>
ST_1 : Operation 64 [1/1] (0.00ns)   --->   "%br_ln23 = br void %arrayidx.exit" [riscv32i.cc:23]   --->   Operation 64 'br' 'br_ln23' <Predicate = (!icmp_ln22 & trunc_ln22 == 22)> <Delay = 0.00>
ST_1 : Operation 65 [1/1] (0.00ns)   --->   "%store_ln20 = store i32 0, i32 %reg_file_20" [riscv32i.cc:20]   --->   Operation 65 'store' 'store_ln20' <Predicate = (!icmp_ln22 & trunc_ln22 == 21)> <Delay = 0.00>
ST_1 : Operation 66 [1/1] (0.00ns)   --->   "%br_ln23 = br void %arrayidx.exit" [riscv32i.cc:23]   --->   Operation 66 'br' 'br_ln23' <Predicate = (!icmp_ln22 & trunc_ln22 == 21)> <Delay = 0.00>
ST_1 : Operation 67 [1/1] (0.00ns)   --->   "%store_ln20 = store i32 0, i32 %reg_file_19" [riscv32i.cc:20]   --->   Operation 67 'store' 'store_ln20' <Predicate = (!icmp_ln22 & trunc_ln22 == 20)> <Delay = 0.00>
ST_1 : Operation 68 [1/1] (0.00ns)   --->   "%br_ln23 = br void %arrayidx.exit" [riscv32i.cc:23]   --->   Operation 68 'br' 'br_ln23' <Predicate = (!icmp_ln22 & trunc_ln22 == 20)> <Delay = 0.00>
ST_1 : Operation 69 [1/1] (0.00ns)   --->   "%store_ln20 = store i32 0, i32 %reg_file_18" [riscv32i.cc:20]   --->   Operation 69 'store' 'store_ln20' <Predicate = (!icmp_ln22 & trunc_ln22 == 19)> <Delay = 0.00>
ST_1 : Operation 70 [1/1] (0.00ns)   --->   "%br_ln23 = br void %arrayidx.exit" [riscv32i.cc:23]   --->   Operation 70 'br' 'br_ln23' <Predicate = (!icmp_ln22 & trunc_ln22 == 19)> <Delay = 0.00>
ST_1 : Operation 71 [1/1] (0.00ns)   --->   "%store_ln20 = store i32 0, i32 %reg_file_17" [riscv32i.cc:20]   --->   Operation 71 'store' 'store_ln20' <Predicate = (!icmp_ln22 & trunc_ln22 == 18)> <Delay = 0.00>
ST_1 : Operation 72 [1/1] (0.00ns)   --->   "%br_ln23 = br void %arrayidx.exit" [riscv32i.cc:23]   --->   Operation 72 'br' 'br_ln23' <Predicate = (!icmp_ln22 & trunc_ln22 == 18)> <Delay = 0.00>
ST_1 : Operation 73 [1/1] (0.00ns)   --->   "%store_ln20 = store i32 0, i32 %reg_file_16" [riscv32i.cc:20]   --->   Operation 73 'store' 'store_ln20' <Predicate = (!icmp_ln22 & trunc_ln22 == 17)> <Delay = 0.00>
ST_1 : Operation 74 [1/1] (0.00ns)   --->   "%br_ln23 = br void %arrayidx.exit" [riscv32i.cc:23]   --->   Operation 74 'br' 'br_ln23' <Predicate = (!icmp_ln22 & trunc_ln22 == 17)> <Delay = 0.00>
ST_1 : Operation 75 [1/1] (0.00ns)   --->   "%store_ln20 = store i32 0, i32 %reg_file_15" [riscv32i.cc:20]   --->   Operation 75 'store' 'store_ln20' <Predicate = (!icmp_ln22 & trunc_ln22 == 16)> <Delay = 0.00>
ST_1 : Operation 76 [1/1] (0.00ns)   --->   "%br_ln23 = br void %arrayidx.exit" [riscv32i.cc:23]   --->   Operation 76 'br' 'br_ln23' <Predicate = (!icmp_ln22 & trunc_ln22 == 16)> <Delay = 0.00>
ST_1 : Operation 77 [1/1] (0.00ns)   --->   "%store_ln20 = store i32 0, i32 %reg_file_14" [riscv32i.cc:20]   --->   Operation 77 'store' 'store_ln20' <Predicate = (!icmp_ln22 & trunc_ln22 == 15)> <Delay = 0.00>
ST_1 : Operation 78 [1/1] (0.00ns)   --->   "%br_ln23 = br void %arrayidx.exit" [riscv32i.cc:23]   --->   Operation 78 'br' 'br_ln23' <Predicate = (!icmp_ln22 & trunc_ln22 == 15)> <Delay = 0.00>
ST_1 : Operation 79 [1/1] (0.00ns)   --->   "%store_ln20 = store i32 0, i32 %reg_file_13" [riscv32i.cc:20]   --->   Operation 79 'store' 'store_ln20' <Predicate = (!icmp_ln22 & trunc_ln22 == 14)> <Delay = 0.00>
ST_1 : Operation 80 [1/1] (0.00ns)   --->   "%br_ln23 = br void %arrayidx.exit" [riscv32i.cc:23]   --->   Operation 80 'br' 'br_ln23' <Predicate = (!icmp_ln22 & trunc_ln22 == 14)> <Delay = 0.00>
ST_1 : Operation 81 [1/1] (0.00ns)   --->   "%store_ln20 = store i32 0, i32 %reg_file_12" [riscv32i.cc:20]   --->   Operation 81 'store' 'store_ln20' <Predicate = (!icmp_ln22 & trunc_ln22 == 13)> <Delay = 0.00>
ST_1 : Operation 82 [1/1] (0.00ns)   --->   "%br_ln23 = br void %arrayidx.exit" [riscv32i.cc:23]   --->   Operation 82 'br' 'br_ln23' <Predicate = (!icmp_ln22 & trunc_ln22 == 13)> <Delay = 0.00>
ST_1 : Operation 83 [1/1] (0.00ns)   --->   "%store_ln20 = store i32 0, i32 %reg_file_11" [riscv32i.cc:20]   --->   Operation 83 'store' 'store_ln20' <Predicate = (!icmp_ln22 & trunc_ln22 == 12)> <Delay = 0.00>
ST_1 : Operation 84 [1/1] (0.00ns)   --->   "%br_ln23 = br void %arrayidx.exit" [riscv32i.cc:23]   --->   Operation 84 'br' 'br_ln23' <Predicate = (!icmp_ln22 & trunc_ln22 == 12)> <Delay = 0.00>
ST_1 : Operation 85 [1/1] (0.00ns)   --->   "%store_ln20 = store i32 0, i32 %reg_file_10" [riscv32i.cc:20]   --->   Operation 85 'store' 'store_ln20' <Predicate = (!icmp_ln22 & trunc_ln22 == 11)> <Delay = 0.00>
ST_1 : Operation 86 [1/1] (0.00ns)   --->   "%br_ln23 = br void %arrayidx.exit" [riscv32i.cc:23]   --->   Operation 86 'br' 'br_ln23' <Predicate = (!icmp_ln22 & trunc_ln22 == 11)> <Delay = 0.00>
ST_1 : Operation 87 [1/1] (0.00ns)   --->   "%store_ln20 = store i32 0, i32 %reg_file_9" [riscv32i.cc:20]   --->   Operation 87 'store' 'store_ln20' <Predicate = (!icmp_ln22 & trunc_ln22 == 10)> <Delay = 0.00>
ST_1 : Operation 88 [1/1] (0.00ns)   --->   "%br_ln23 = br void %arrayidx.exit" [riscv32i.cc:23]   --->   Operation 88 'br' 'br_ln23' <Predicate = (!icmp_ln22 & trunc_ln22 == 10)> <Delay = 0.00>
ST_1 : Operation 89 [1/1] (0.00ns)   --->   "%store_ln20 = store i32 0, i32 %reg_file_8" [riscv32i.cc:20]   --->   Operation 89 'store' 'store_ln20' <Predicate = (!icmp_ln22 & trunc_ln22 == 9)> <Delay = 0.00>
ST_1 : Operation 90 [1/1] (0.00ns)   --->   "%br_ln23 = br void %arrayidx.exit" [riscv32i.cc:23]   --->   Operation 90 'br' 'br_ln23' <Predicate = (!icmp_ln22 & trunc_ln22 == 9)> <Delay = 0.00>
ST_1 : Operation 91 [1/1] (0.00ns)   --->   "%store_ln20 = store i32 0, i32 %reg_file_7" [riscv32i.cc:20]   --->   Operation 91 'store' 'store_ln20' <Predicate = (!icmp_ln22 & trunc_ln22 == 8)> <Delay = 0.00>
ST_1 : Operation 92 [1/1] (0.00ns)   --->   "%br_ln23 = br void %arrayidx.exit" [riscv32i.cc:23]   --->   Operation 92 'br' 'br_ln23' <Predicate = (!icmp_ln22 & trunc_ln22 == 8)> <Delay = 0.00>
ST_1 : Operation 93 [1/1] (0.00ns)   --->   "%store_ln20 = store i32 0, i32 %reg_file_6" [riscv32i.cc:20]   --->   Operation 93 'store' 'store_ln20' <Predicate = (!icmp_ln22 & trunc_ln22 == 7)> <Delay = 0.00>
ST_1 : Operation 94 [1/1] (0.00ns)   --->   "%br_ln23 = br void %arrayidx.exit" [riscv32i.cc:23]   --->   Operation 94 'br' 'br_ln23' <Predicate = (!icmp_ln22 & trunc_ln22 == 7)> <Delay = 0.00>
ST_1 : Operation 95 [1/1] (0.00ns)   --->   "%store_ln20 = store i32 0, i32 %reg_file_5" [riscv32i.cc:20]   --->   Operation 95 'store' 'store_ln20' <Predicate = (!icmp_ln22 & trunc_ln22 == 6)> <Delay = 0.00>
ST_1 : Operation 96 [1/1] (0.00ns)   --->   "%br_ln23 = br void %arrayidx.exit" [riscv32i.cc:23]   --->   Operation 96 'br' 'br_ln23' <Predicate = (!icmp_ln22 & trunc_ln22 == 6)> <Delay = 0.00>
ST_1 : Operation 97 [1/1] (0.00ns)   --->   "%store_ln20 = store i32 0, i32 %reg_file_4" [riscv32i.cc:20]   --->   Operation 97 'store' 'store_ln20' <Predicate = (!icmp_ln22 & trunc_ln22 == 5)> <Delay = 0.00>
ST_1 : Operation 98 [1/1] (0.00ns)   --->   "%br_ln23 = br void %arrayidx.exit" [riscv32i.cc:23]   --->   Operation 98 'br' 'br_ln23' <Predicate = (!icmp_ln22 & trunc_ln22 == 5)> <Delay = 0.00>
ST_1 : Operation 99 [1/1] (0.00ns)   --->   "%store_ln20 = store i32 0, i32 %reg_file_3" [riscv32i.cc:20]   --->   Operation 99 'store' 'store_ln20' <Predicate = (!icmp_ln22 & trunc_ln22 == 4)> <Delay = 0.00>
ST_1 : Operation 100 [1/1] (0.00ns)   --->   "%br_ln23 = br void %arrayidx.exit" [riscv32i.cc:23]   --->   Operation 100 'br' 'br_ln23' <Predicate = (!icmp_ln22 & trunc_ln22 == 4)> <Delay = 0.00>
ST_1 : Operation 101 [1/1] (0.00ns)   --->   "%store_ln20 = store i32 0, i32 %reg_file_2" [riscv32i.cc:20]   --->   Operation 101 'store' 'store_ln20' <Predicate = (!icmp_ln22 & trunc_ln22 == 3)> <Delay = 0.00>
ST_1 : Operation 102 [1/1] (0.00ns)   --->   "%br_ln23 = br void %arrayidx.exit" [riscv32i.cc:23]   --->   Operation 102 'br' 'br_ln23' <Predicate = (!icmp_ln22 & trunc_ln22 == 3)> <Delay = 0.00>
ST_1 : Operation 103 [1/1] (0.00ns)   --->   "%store_ln20 = store i32 0, i32 %reg_file_1" [riscv32i.cc:20]   --->   Operation 103 'store' 'store_ln20' <Predicate = (!icmp_ln22 & trunc_ln22 == 1)> <Delay = 0.00>
ST_1 : Operation 104 [1/1] (0.00ns)   --->   "%br_ln23 = br void %arrayidx.exit" [riscv32i.cc:23]   --->   Operation 104 'br' 'br_ln23' <Predicate = (!icmp_ln22 & trunc_ln22 == 1)> <Delay = 0.00>
ST_1 : Operation 105 [1/1] (0.00ns)   --->   "%store_ln20 = store i32 0, i32 %reg_file" [riscv32i.cc:20]   --->   Operation 105 'store' 'store_ln20' <Predicate = (!icmp_ln22 & trunc_ln22 == 0)> <Delay = 0.00>
ST_1 : Operation 106 [1/1] (0.00ns)   --->   "%br_ln23 = br void %arrayidx.exit" [riscv32i.cc:23]   --->   Operation 106 'br' 'br_ln23' <Predicate = (!icmp_ln22 & trunc_ln22 == 0)> <Delay = 0.00>
ST_1 : Operation 107 [1/1] (0.00ns)   --->   "%store_ln20 = store i32 0, i32 %reg_file_30" [riscv32i.cc:20]   --->   Operation 107 'store' 'store_ln20' <Predicate = (!icmp_ln22 & trunc_ln22 == 31)> <Delay = 0.00>
ST_1 : Operation 108 [1/1] (0.00ns)   --->   "%br_ln23 = br void %arrayidx.exit" [riscv32i.cc:23]   --->   Operation 108 'br' 'br_ln23' <Predicate = (!icmp_ln22 & trunc_ln22 == 31)> <Delay = 0.00>
ST_1 : Operation 109 [1/1] (1.58ns)   --->   "%store_ln22 = store i6 %add_ln22, i6 %i" [riscv32i.cc:22]   --->   Operation 109 'store' 'store_ln22' <Predicate = (!icmp_ln22)> <Delay = 1.58>
ST_1 : Operation 110 [1/1] (0.00ns)   --->   "%br_ln22 = br void %for.inc" [riscv32i.cc:22]   --->   Operation 110 'br' 'br_ln22' <Predicate = (!icmp_ln22)> <Delay = 0.00>
ST_1 : Operation 111 [1/1] (0.00ns)   --->   "%reg_file_load = load i32 %reg_file"   --->   Operation 111 'load' 'reg_file_load' <Predicate = (icmp_ln22)> <Delay = 0.00>
ST_1 : Operation 112 [1/1] (0.00ns)   --->   "%reg_file_1_load = load i32 %reg_file_1"   --->   Operation 112 'load' 'reg_file_1_load' <Predicate = (icmp_ln22)> <Delay = 0.00>
ST_1 : Operation 113 [1/1] (0.00ns)   --->   "%reg_file_2_load = load i32 %reg_file_2"   --->   Operation 113 'load' 'reg_file_2_load' <Predicate = (icmp_ln22)> <Delay = 0.00>
ST_1 : Operation 114 [1/1] (0.00ns)   --->   "%reg_file_3_load = load i32 %reg_file_3"   --->   Operation 114 'load' 'reg_file_3_load' <Predicate = (icmp_ln22)> <Delay = 0.00>
ST_1 : Operation 115 [1/1] (0.00ns)   --->   "%reg_file_4_load = load i32 %reg_file_4"   --->   Operation 115 'load' 'reg_file_4_load' <Predicate = (icmp_ln22)> <Delay = 0.00>
ST_1 : Operation 116 [1/1] (0.00ns)   --->   "%reg_file_5_load = load i32 %reg_file_5"   --->   Operation 116 'load' 'reg_file_5_load' <Predicate = (icmp_ln22)> <Delay = 0.00>
ST_1 : Operation 117 [1/1] (0.00ns)   --->   "%reg_file_6_load = load i32 %reg_file_6"   --->   Operation 117 'load' 'reg_file_6_load' <Predicate = (icmp_ln22)> <Delay = 0.00>
ST_1 : Operation 118 [1/1] (0.00ns)   --->   "%reg_file_7_load = load i32 %reg_file_7"   --->   Operation 118 'load' 'reg_file_7_load' <Predicate = (icmp_ln22)> <Delay = 0.00>
ST_1 : Operation 119 [1/1] (0.00ns)   --->   "%reg_file_8_load = load i32 %reg_file_8"   --->   Operation 119 'load' 'reg_file_8_load' <Predicate = (icmp_ln22)> <Delay = 0.00>
ST_1 : Operation 120 [1/1] (0.00ns)   --->   "%reg_file_9_load = load i32 %reg_file_9"   --->   Operation 120 'load' 'reg_file_9_load' <Predicate = (icmp_ln22)> <Delay = 0.00>
ST_1 : Operation 121 [1/1] (0.00ns)   --->   "%reg_file_10_load = load i32 %reg_file_10"   --->   Operation 121 'load' 'reg_file_10_load' <Predicate = (icmp_ln22)> <Delay = 0.00>
ST_1 : Operation 122 [1/1] (0.00ns)   --->   "%reg_file_11_load = load i32 %reg_file_11"   --->   Operation 122 'load' 'reg_file_11_load' <Predicate = (icmp_ln22)> <Delay = 0.00>
ST_1 : Operation 123 [1/1] (0.00ns)   --->   "%reg_file_12_load = load i32 %reg_file_12"   --->   Operation 123 'load' 'reg_file_12_load' <Predicate = (icmp_ln22)> <Delay = 0.00>
ST_1 : Operation 124 [1/1] (0.00ns)   --->   "%reg_file_13_load = load i32 %reg_file_13"   --->   Operation 124 'load' 'reg_file_13_load' <Predicate = (icmp_ln22)> <Delay = 0.00>
ST_1 : Operation 125 [1/1] (0.00ns)   --->   "%reg_file_14_load = load i32 %reg_file_14"   --->   Operation 125 'load' 'reg_file_14_load' <Predicate = (icmp_ln22)> <Delay = 0.00>
ST_1 : Operation 126 [1/1] (0.00ns)   --->   "%reg_file_15_load = load i32 %reg_file_15"   --->   Operation 126 'load' 'reg_file_15_load' <Predicate = (icmp_ln22)> <Delay = 0.00>
ST_1 : Operation 127 [1/1] (0.00ns)   --->   "%reg_file_16_load = load i32 %reg_file_16"   --->   Operation 127 'load' 'reg_file_16_load' <Predicate = (icmp_ln22)> <Delay = 0.00>
ST_1 : Operation 128 [1/1] (0.00ns)   --->   "%reg_file_17_load = load i32 %reg_file_17"   --->   Operation 128 'load' 'reg_file_17_load' <Predicate = (icmp_ln22)> <Delay = 0.00>
ST_1 : Operation 129 [1/1] (0.00ns)   --->   "%reg_file_18_load = load i32 %reg_file_18"   --->   Operation 129 'load' 'reg_file_18_load' <Predicate = (icmp_ln22)> <Delay = 0.00>
ST_1 : Operation 130 [1/1] (0.00ns)   --->   "%reg_file_19_load = load i32 %reg_file_19"   --->   Operation 130 'load' 'reg_file_19_load' <Predicate = (icmp_ln22)> <Delay = 0.00>
ST_1 : Operation 131 [1/1] (0.00ns)   --->   "%reg_file_20_load = load i32 %reg_file_20"   --->   Operation 131 'load' 'reg_file_20_load' <Predicate = (icmp_ln22)> <Delay = 0.00>
ST_1 : Operation 132 [1/1] (0.00ns)   --->   "%reg_file_21_load = load i32 %reg_file_21"   --->   Operation 132 'load' 'reg_file_21_load' <Predicate = (icmp_ln22)> <Delay = 0.00>
ST_1 : Operation 133 [1/1] (0.00ns)   --->   "%reg_file_22_load = load i32 %reg_file_22"   --->   Operation 133 'load' 'reg_file_22_load' <Predicate = (icmp_ln22)> <Delay = 0.00>
ST_1 : Operation 134 [1/1] (0.00ns)   --->   "%reg_file_23_load = load i32 %reg_file_23"   --->   Operation 134 'load' 'reg_file_23_load' <Predicate = (icmp_ln22)> <Delay = 0.00>
ST_1 : Operation 135 [1/1] (0.00ns)   --->   "%reg_file_24_load = load i32 %reg_file_24"   --->   Operation 135 'load' 'reg_file_24_load' <Predicate = (icmp_ln22)> <Delay = 0.00>
ST_1 : Operation 136 [1/1] (0.00ns)   --->   "%reg_file_25_load = load i32 %reg_file_25"   --->   Operation 136 'load' 'reg_file_25_load' <Predicate = (icmp_ln22)> <Delay = 0.00>
ST_1 : Operation 137 [1/1] (0.00ns)   --->   "%reg_file_26_load = load i32 %reg_file_26"   --->   Operation 137 'load' 'reg_file_26_load' <Predicate = (icmp_ln22)> <Delay = 0.00>
ST_1 : Operation 138 [1/1] (0.00ns)   --->   "%reg_file_27_load = load i32 %reg_file_27"   --->   Operation 138 'load' 'reg_file_27_load' <Predicate = (icmp_ln22)> <Delay = 0.00>
ST_1 : Operation 139 [1/1] (0.00ns)   --->   "%reg_file_28_load = load i32 %reg_file_28"   --->   Operation 139 'load' 'reg_file_28_load' <Predicate = (icmp_ln22)> <Delay = 0.00>
ST_1 : Operation 140 [1/1] (0.00ns)   --->   "%reg_file_29_load = load i32 %reg_file_29"   --->   Operation 140 'load' 'reg_file_29_load' <Predicate = (icmp_ln22)> <Delay = 0.00>
ST_1 : Operation 141 [1/1] (0.00ns)   --->   "%reg_file_30_load = load i32 %reg_file_30"   --->   Operation 141 'load' 'reg_file_30_load' <Predicate = (icmp_ln22)> <Delay = 0.00>
ST_1 : Operation 142 [1/1] (0.00ns)   --->   "%write_ln0 = write void @_ssdm_op_Write.ap_auto.i32P0A, i32 %reg_file_30_out, i32 %reg_file_30_load"   --->   Operation 142 'write' 'write_ln0' <Predicate = (icmp_ln22)> <Delay = 0.00>
ST_1 : Operation 143 [1/1] (0.00ns)   --->   "%write_ln0 = write void @_ssdm_op_Write.ap_auto.i32P0A, i32 %reg_file_29_out, i32 %reg_file_29_load"   --->   Operation 143 'write' 'write_ln0' <Predicate = (icmp_ln22)> <Delay = 0.00>
ST_1 : Operation 144 [1/1] (0.00ns)   --->   "%write_ln0 = write void @_ssdm_op_Write.ap_auto.i32P0A, i32 %reg_file_28_out, i32 %reg_file_28_load"   --->   Operation 144 'write' 'write_ln0' <Predicate = (icmp_ln22)> <Delay = 0.00>
ST_1 : Operation 145 [1/1] (0.00ns)   --->   "%write_ln0 = write void @_ssdm_op_Write.ap_auto.i32P0A, i32 %reg_file_27_out, i32 %reg_file_27_load"   --->   Operation 145 'write' 'write_ln0' <Predicate = (icmp_ln22)> <Delay = 0.00>
ST_1 : Operation 146 [1/1] (0.00ns)   --->   "%write_ln0 = write void @_ssdm_op_Write.ap_auto.i32P0A, i32 %reg_file_26_out, i32 %reg_file_26_load"   --->   Operation 146 'write' 'write_ln0' <Predicate = (icmp_ln22)> <Delay = 0.00>
ST_1 : Operation 147 [1/1] (0.00ns)   --->   "%write_ln0 = write void @_ssdm_op_Write.ap_auto.i32P0A, i32 %reg_file_25_out, i32 %reg_file_25_load"   --->   Operation 147 'write' 'write_ln0' <Predicate = (icmp_ln22)> <Delay = 0.00>
ST_1 : Operation 148 [1/1] (0.00ns)   --->   "%write_ln0 = write void @_ssdm_op_Write.ap_auto.i32P0A, i32 %reg_file_24_out, i32 %reg_file_24_load"   --->   Operation 148 'write' 'write_ln0' <Predicate = (icmp_ln22)> <Delay = 0.00>
ST_1 : Operation 149 [1/1] (0.00ns)   --->   "%write_ln0 = write void @_ssdm_op_Write.ap_auto.i32P0A, i32 %reg_file_23_out, i32 %reg_file_23_load"   --->   Operation 149 'write' 'write_ln0' <Predicate = (icmp_ln22)> <Delay = 0.00>
ST_1 : Operation 150 [1/1] (0.00ns)   --->   "%write_ln0 = write void @_ssdm_op_Write.ap_auto.i32P0A, i32 %reg_file_22_out, i32 %reg_file_22_load"   --->   Operation 150 'write' 'write_ln0' <Predicate = (icmp_ln22)> <Delay = 0.00>
ST_1 : Operation 151 [1/1] (0.00ns)   --->   "%write_ln0 = write void @_ssdm_op_Write.ap_auto.i32P0A, i32 %reg_file_21_out, i32 %reg_file_21_load"   --->   Operation 151 'write' 'write_ln0' <Predicate = (icmp_ln22)> <Delay = 0.00>
ST_1 : Operation 152 [1/1] (0.00ns)   --->   "%write_ln0 = write void @_ssdm_op_Write.ap_auto.i32P0A, i32 %reg_file_20_out, i32 %reg_file_20_load"   --->   Operation 152 'write' 'write_ln0' <Predicate = (icmp_ln22)> <Delay = 0.00>
ST_1 : Operation 153 [1/1] (0.00ns)   --->   "%write_ln0 = write void @_ssdm_op_Write.ap_auto.i32P0A, i32 %reg_file_19_out, i32 %reg_file_19_load"   --->   Operation 153 'write' 'write_ln0' <Predicate = (icmp_ln22)> <Delay = 0.00>
ST_1 : Operation 154 [1/1] (0.00ns)   --->   "%write_ln0 = write void @_ssdm_op_Write.ap_auto.i32P0A, i32 %reg_file_18_out, i32 %reg_file_18_load"   --->   Operation 154 'write' 'write_ln0' <Predicate = (icmp_ln22)> <Delay = 0.00>
ST_1 : Operation 155 [1/1] (0.00ns)   --->   "%write_ln0 = write void @_ssdm_op_Write.ap_auto.i32P0A, i32 %reg_file_17_out, i32 %reg_file_17_load"   --->   Operation 155 'write' 'write_ln0' <Predicate = (icmp_ln22)> <Delay = 0.00>
ST_1 : Operation 156 [1/1] (0.00ns)   --->   "%write_ln0 = write void @_ssdm_op_Write.ap_auto.i32P0A, i32 %reg_file_16_out, i32 %reg_file_16_load"   --->   Operation 156 'write' 'write_ln0' <Predicate = (icmp_ln22)> <Delay = 0.00>
ST_1 : Operation 157 [1/1] (0.00ns)   --->   "%write_ln0 = write void @_ssdm_op_Write.ap_auto.i32P0A, i32 %reg_file_15_out, i32 %reg_file_15_load"   --->   Operation 157 'write' 'write_ln0' <Predicate = (icmp_ln22)> <Delay = 0.00>
ST_1 : Operation 158 [1/1] (0.00ns)   --->   "%write_ln0 = write void @_ssdm_op_Write.ap_auto.i32P0A, i32 %reg_file_14_out, i32 %reg_file_14_load"   --->   Operation 158 'write' 'write_ln0' <Predicate = (icmp_ln22)> <Delay = 0.00>
ST_1 : Operation 159 [1/1] (0.00ns)   --->   "%write_ln0 = write void @_ssdm_op_Write.ap_auto.i32P0A, i32 %reg_file_13_out, i32 %reg_file_13_load"   --->   Operation 159 'write' 'write_ln0' <Predicate = (icmp_ln22)> <Delay = 0.00>
ST_1 : Operation 160 [1/1] (0.00ns)   --->   "%write_ln0 = write void @_ssdm_op_Write.ap_auto.i32P0A, i32 %reg_file_12_out, i32 %reg_file_12_load"   --->   Operation 160 'write' 'write_ln0' <Predicate = (icmp_ln22)> <Delay = 0.00>
ST_1 : Operation 161 [1/1] (0.00ns)   --->   "%write_ln0 = write void @_ssdm_op_Write.ap_auto.i32P0A, i32 %reg_file_11_out, i32 %reg_file_11_load"   --->   Operation 161 'write' 'write_ln0' <Predicate = (icmp_ln22)> <Delay = 0.00>
ST_1 : Operation 162 [1/1] (0.00ns)   --->   "%write_ln0 = write void @_ssdm_op_Write.ap_auto.i32P0A, i32 %reg_file_10_out, i32 %reg_file_10_load"   --->   Operation 162 'write' 'write_ln0' <Predicate = (icmp_ln22)> <Delay = 0.00>
ST_1 : Operation 163 [1/1] (0.00ns)   --->   "%write_ln0 = write void @_ssdm_op_Write.ap_auto.i32P0A, i32 %reg_file_9_out, i32 %reg_file_9_load"   --->   Operation 163 'write' 'write_ln0' <Predicate = (icmp_ln22)> <Delay = 0.00>
ST_1 : Operation 164 [1/1] (0.00ns)   --->   "%write_ln0 = write void @_ssdm_op_Write.ap_auto.i32P0A, i32 %reg_file_8_out, i32 %reg_file_8_load"   --->   Operation 164 'write' 'write_ln0' <Predicate = (icmp_ln22)> <Delay = 0.00>
ST_1 : Operation 165 [1/1] (0.00ns)   --->   "%write_ln0 = write void @_ssdm_op_Write.ap_auto.i32P0A, i32 %reg_file_7_out, i32 %reg_file_7_load"   --->   Operation 165 'write' 'write_ln0' <Predicate = (icmp_ln22)> <Delay = 0.00>
ST_1 : Operation 166 [1/1] (0.00ns)   --->   "%write_ln0 = write void @_ssdm_op_Write.ap_auto.i32P0A, i32 %reg_file_6_out, i32 %reg_file_6_load"   --->   Operation 166 'write' 'write_ln0' <Predicate = (icmp_ln22)> <Delay = 0.00>
ST_1 : Operation 167 [1/1] (0.00ns)   --->   "%write_ln0 = write void @_ssdm_op_Write.ap_auto.i32P0A, i32 %reg_file_5_out, i32 %reg_file_5_load"   --->   Operation 167 'write' 'write_ln0' <Predicate = (icmp_ln22)> <Delay = 0.00>
ST_1 : Operation 168 [1/1] (0.00ns)   --->   "%write_ln0 = write void @_ssdm_op_Write.ap_auto.i32P0A, i32 %reg_file_4_out, i32 %reg_file_4_load"   --->   Operation 168 'write' 'write_ln0' <Predicate = (icmp_ln22)> <Delay = 0.00>
ST_1 : Operation 169 [1/1] (0.00ns)   --->   "%write_ln0 = write void @_ssdm_op_Write.ap_auto.i32P0A, i32 %reg_file_3_out, i32 %reg_file_3_load"   --->   Operation 169 'write' 'write_ln0' <Predicate = (icmp_ln22)> <Delay = 0.00>
ST_1 : Operation 170 [1/1] (0.00ns)   --->   "%write_ln0 = write void @_ssdm_op_Write.ap_auto.i32P0A, i32 %reg_file_2_out, i32 %reg_file_2_load"   --->   Operation 170 'write' 'write_ln0' <Predicate = (icmp_ln22)> <Delay = 0.00>
ST_1 : Operation 171 [1/1] (0.00ns)   --->   "%write_ln0 = write void @_ssdm_op_Write.ap_auto.i32P0A, i32 %reg_file_1_out, i32 %reg_file_1_load"   --->   Operation 171 'write' 'write_ln0' <Predicate = (icmp_ln22)> <Delay = 0.00>
ST_1 : Operation 172 [1/1] (0.00ns)   --->   "%write_ln0 = write void @_ssdm_op_Write.ap_auto.i32P0A, i32 %reg_file_out, i32 %reg_file_load"   --->   Operation 172 'write' 'write_ln0' <Predicate = (icmp_ln22)> <Delay = 0.00>
ST_1 : Operation 173 [1/1] (1.58ns)   --->   "%ret_ln0 = ret"   --->   Operation 173 'ret' 'ret_ln0' <Predicate = (icmp_ln22)> <Delay = 1.58>


============================================================
+ Verbose Summary: Binding
============================================================
STG Binding: 
---------------- STG Properties BEGIN ----------------
- Is combinational: 0
- Is one-state seq: 0
- Is datapath-only: 0
- Is pipelined: 0
- Is top level: 0
Port [ Return ] is wired: 1; IO mode=ap_ctrl_hs:ce=0
Port [ reg_file_30_out]:  wired=1; compound=0; hidden=0; nouse=0; global=0; static=0; extern=0; dir=1; type=0; pingpong=0; private_global=0; IO mode=ap_vld:ce=0
Port [ reg_file_29_out]:  wired=1; compound=0; hidden=0; nouse=0; global=0; static=0; extern=0; dir=1; type=0; pingpong=0; private_global=0; IO mode=ap_vld:ce=0
Port [ reg_file_28_out]:  wired=1; compound=0; hidden=0; nouse=0; global=0; static=0; extern=0; dir=1; type=0; pingpong=0; private_global=0; IO mode=ap_vld:ce=0
Port [ reg_file_27_out]:  wired=1; compound=0; hidden=0; nouse=0; global=0; static=0; extern=0; dir=1; type=0; pingpong=0; private_global=0; IO mode=ap_vld:ce=0
Port [ reg_file_26_out]:  wired=1; compound=0; hidden=0; nouse=0; global=0; static=0; extern=0; dir=1; type=0; pingpong=0; private_global=0; IO mode=ap_vld:ce=0
Port [ reg_file_25_out]:  wired=1; compound=0; hidden=0; nouse=0; global=0; static=0; extern=0; dir=1; type=0; pingpong=0; private_global=0; IO mode=ap_vld:ce=0
Port [ reg_file_24_out]:  wired=1; compound=0; hidden=0; nouse=0; global=0; static=0; extern=0; dir=1; type=0; pingpong=0; private_global=0; IO mode=ap_vld:ce=0
Port [ reg_file_23_out]:  wired=1; compound=0; hidden=0; nouse=0; global=0; static=0; extern=0; dir=1; type=0; pingpong=0; private_global=0; IO mode=ap_vld:ce=0
Port [ reg_file_22_out]:  wired=1; compound=0; hidden=0; nouse=0; global=0; static=0; extern=0; dir=1; type=0; pingpong=0; private_global=0; IO mode=ap_vld:ce=0
Port [ reg_file_21_out]:  wired=1; compound=0; hidden=0; nouse=0; global=0; static=0; extern=0; dir=1; type=0; pingpong=0; private_global=0; IO mode=ap_vld:ce=0
Port [ reg_file_20_out]:  wired=1; compound=0; hidden=0; nouse=0; global=0; static=0; extern=0; dir=1; type=0; pingpong=0; private_global=0; IO mode=ap_vld:ce=0
Port [ reg_file_19_out]:  wired=1; compound=0; hidden=0; nouse=0; global=0; static=0; extern=0; dir=1; type=0; pingpong=0; private_global=0; IO mode=ap_vld:ce=0
Port [ reg_file_18_out]:  wired=1; compound=0; hidden=0; nouse=0; global=0; static=0; extern=0; dir=1; type=0; pingpong=0; private_global=0; IO mode=ap_vld:ce=0
Port [ reg_file_17_out]:  wired=1; compound=0; hidden=0; nouse=0; global=0; static=0; extern=0; dir=1; type=0; pingpong=0; private_global=0; IO mode=ap_vld:ce=0
Port [ reg_file_16_out]:  wired=1; compound=0; hidden=0; nouse=0; global=0; static=0; extern=0; dir=1; type=0; pingpong=0; private_global=0; IO mode=ap_vld:ce=0
Port [ reg_file_15_out]:  wired=1; compound=0; hidden=0; nouse=0; global=0; static=0; extern=0; dir=1; type=0; pingpong=0; private_global=0; IO mode=ap_vld:ce=0
Port [ reg_file_14_out]:  wired=1; compound=0; hidden=0; nouse=0; global=0; static=0; extern=0; dir=1; type=0; pingpong=0; private_global=0; IO mode=ap_vld:ce=0
Port [ reg_file_13_out]:  wired=1; compound=0; hidden=0; nouse=0; global=0; static=0; extern=0; dir=1; type=0; pingpong=0; private_global=0; IO mode=ap_vld:ce=0
Port [ reg_file_12_out]:  wired=1; compound=0; hidden=0; nouse=0; global=0; static=0; extern=0; dir=1; type=0; pingpong=0; private_global=0; IO mode=ap_vld:ce=0
Port [ reg_file_11_out]:  wired=1; compound=0; hidden=0; nouse=0; global=0; static=0; extern=0; dir=1; type=0; pingpong=0; private_global=0; IO mode=ap_vld:ce=0
Port [ reg_file_10_out]:  wired=1; compound=0; hidden=0; nouse=0; global=0; static=0; extern=0; dir=1; type=0; pingpong=0; private_global=0; IO mode=ap_vld:ce=0
Port [ reg_file_9_out]:  wired=1; compound=0; hidden=0; nouse=0; global=0; static=0; extern=0; dir=1; type=0; pingpong=0; private_global=0; IO mode=ap_vld:ce=0
Port [ reg_file_8_out]:  wired=1; compound=0; hidden=0; nouse=0; global=0; static=0; extern=0; dir=1; type=0; pingpong=0; private_global=0; IO mode=ap_vld:ce=0
Port [ reg_file_7_out]:  wired=1; compound=0; hidden=0; nouse=0; global=0; static=0; extern=0; dir=1; type=0; pingpong=0; private_global=0; IO mode=ap_vld:ce=0
Port [ reg_file_6_out]:  wired=1; compound=0; hidden=0; nouse=0; global=0; static=0; extern=0; dir=1; type=0; pingpong=0; private_global=0; IO mode=ap_vld:ce=0
Port [ reg_file_5_out]:  wired=1; compound=0; hidden=0; nouse=0; global=0; static=0; extern=0; dir=1; type=0; pingpong=0; private_global=0; IO mode=ap_vld:ce=0
Port [ reg_file_4_out]:  wired=1; compound=0; hidden=0; nouse=0; global=0; static=0; extern=0; dir=1; type=0; pingpong=0; private_global=0; IO mode=ap_vld:ce=0
Port [ reg_file_3_out]:  wired=1; compound=0; hidden=0; nouse=0; global=0; static=0; extern=0; dir=1; type=0; pingpong=0; private_global=0; IO mode=ap_vld:ce=0
Port [ reg_file_2_out]:  wired=1; compound=0; hidden=0; nouse=0; global=0; static=0; extern=0; dir=1; type=0; pingpong=0; private_global=0; IO mode=ap_vld:ce=0
Port [ reg_file_1_out]:  wired=1; compound=0; hidden=0; nouse=0; global=0; static=0; extern=0; dir=1; type=0; pingpong=0; private_global=0; IO mode=ap_vld:ce=0
Port [ reg_file_out]:  wired=1; compound=0; hidden=0; nouse=0; global=0; static=0; extern=0; dir=1; type=0; pingpong=0; private_global=0; IO mode=ap_vld:ce=0
---------------- STG Properties END ------------------

---------------- Datapath Model BEGIN ----------------

<LifeTime>
<method=bitvector/>
i                      (alloca           ) [ 01]
reg_file               (alloca           ) [ 01]
reg_file_1             (alloca           ) [ 01]
reg_file_2             (alloca           ) [ 01]
reg_file_3             (alloca           ) [ 01]
reg_file_4             (alloca           ) [ 01]
reg_file_5             (alloca           ) [ 01]
reg_file_6             (alloca           ) [ 01]
reg_file_7             (alloca           ) [ 01]
reg_file_8             (alloca           ) [ 01]
reg_file_9             (alloca           ) [ 01]
reg_file_10            (alloca           ) [ 01]
reg_file_11            (alloca           ) [ 01]
reg_file_12            (alloca           ) [ 01]
reg_file_13            (alloca           ) [ 01]
reg_file_14            (alloca           ) [ 01]
reg_file_15            (alloca           ) [ 01]
reg_file_16            (alloca           ) [ 01]
reg_file_17            (alloca           ) [ 01]
reg_file_18            (alloca           ) [ 01]
reg_file_19            (alloca           ) [ 01]
reg_file_20            (alloca           ) [ 01]
reg_file_21            (alloca           ) [ 01]
reg_file_22            (alloca           ) [ 01]
reg_file_23            (alloca           ) [ 01]
reg_file_24            (alloca           ) [ 01]
reg_file_25            (alloca           ) [ 01]
reg_file_26            (alloca           ) [ 01]
reg_file_27            (alloca           ) [ 01]
reg_file_28            (alloca           ) [ 01]
reg_file_29            (alloca           ) [ 01]
reg_file_30            (alloca           ) [ 01]
store_ln22             (store            ) [ 00]
br_ln0                 (br               ) [ 00]
i_1                    (load             ) [ 00]
icmp_ln22              (icmp             ) [ 01]
add_ln22               (add              ) [ 00]
br_ln22                (br               ) [ 00]
trunc_ln22             (trunc            ) [ 01]
specpipeline_ln20      (specpipeline     ) [ 00]
speclooptripcount_ln20 (speclooptripcount) [ 00]
specloopname_ln22      (specloopname     ) [ 00]
switch_ln23            (switch           ) [ 00]
store_ln20             (store            ) [ 00]
br_ln23                (br               ) [ 00]
store_ln20             (store            ) [ 00]
br_ln23                (br               ) [ 00]
store_ln20             (store            ) [ 00]
br_ln23                (br               ) [ 00]
store_ln20             (store            ) [ 00]
br_ln23                (br               ) [ 00]
store_ln20             (store            ) [ 00]
br_ln23                (br               ) [ 00]
store_ln20             (store            ) [ 00]
br_ln23                (br               ) [ 00]
store_ln20             (store            ) [ 00]
br_ln23                (br               ) [ 00]
store_ln20             (store            ) [ 00]
br_ln23                (br               ) [ 00]
store_ln20             (store            ) [ 00]
br_ln23                (br               ) [ 00]
store_ln20             (store            ) [ 00]
br_ln23                (br               ) [ 00]
store_ln20             (store            ) [ 00]
br_ln23                (br               ) [ 00]
store_ln20             (store            ) [ 00]
br_ln23                (br               ) [ 00]
store_ln20             (store            ) [ 00]
br_ln23                (br               ) [ 00]
store_ln20             (store            ) [ 00]
br_ln23                (br               ) [ 00]
store_ln20             (store            ) [ 00]
br_ln23                (br               ) [ 00]
store_ln20             (store            ) [ 00]
br_ln23                (br               ) [ 00]
store_ln20             (store            ) [ 00]
br_ln23                (br               ) [ 00]
store_ln20             (store            ) [ 00]
br_ln23                (br               ) [ 00]
store_ln20             (store            ) [ 00]
br_ln23                (br               ) [ 00]
store_ln20             (store            ) [ 00]
br_ln23                (br               ) [ 00]
store_ln20             (store            ) [ 00]
br_ln23                (br               ) [ 00]
store_ln20             (store            ) [ 00]
br_ln23                (br               ) [ 00]
store_ln20             (store            ) [ 00]
br_ln23                (br               ) [ 00]
store_ln20             (store            ) [ 00]
br_ln23                (br               ) [ 00]
store_ln20             (store            ) [ 00]
br_ln23                (br               ) [ 00]
store_ln20             (store            ) [ 00]
br_ln23                (br               ) [ 00]
store_ln20             (store            ) [ 00]
br_ln23                (br               ) [ 00]
store_ln20             (store            ) [ 00]
br_ln23                (br               ) [ 00]
store_ln20             (store            ) [ 00]
br_ln23                (br               ) [ 00]
store_ln20             (store            ) [ 00]
br_ln23                (br               ) [ 00]
store_ln20             (store            ) [ 00]
br_ln23                (br               ) [ 00]
store_ln22             (store            ) [ 00]
br_ln22                (br               ) [ 00]
reg_file_load          (load             ) [ 00]
reg_file_1_load        (load             ) [ 00]
reg_file_2_load        (load             ) [ 00]
reg_file_3_load        (load             ) [ 00]
reg_file_4_load        (load             ) [ 00]
reg_file_5_load        (load             ) [ 00]
reg_file_6_load        (load             ) [ 00]
reg_file_7_load        (load             ) [ 00]
reg_file_8_load        (load             ) [ 00]
reg_file_9_load        (load             ) [ 00]
reg_file_10_load       (load             ) [ 00]
reg_file_11_load       (load             ) [ 00]
reg_file_12_load       (load             ) [ 00]
reg_file_13_load       (load             ) [ 00]
reg_file_14_load       (load             ) [ 00]
reg_file_15_load       (load             ) [ 00]
reg_file_16_load       (load             ) [ 00]
reg_file_17_load       (load             ) [ 00]
reg_file_18_load       (load             ) [ 00]
reg_file_19_load       (load             ) [ 00]
reg_file_20_load       (load             ) [ 00]
reg_file_21_load       (load             ) [ 00]
reg_file_22_load       (load             ) [ 00]
reg_file_23_load       (load             ) [ 00]
reg_file_24_load       (load             ) [ 00]
reg_file_25_load       (load             ) [ 00]
reg_file_26_load       (load             ) [ 00]
reg_file_27_load       (load             ) [ 00]
reg_file_28_load       (load             ) [ 00]
reg_file_29_load       (load             ) [ 00]
reg_file_30_load       (load             ) [ 00]
write_ln0              (write            ) [ 00]
write_ln0              (write            ) [ 00]
write_ln0              (write            ) [ 00]
write_ln0              (write            ) [ 00]
write_ln0              (write            ) [ 00]
write_ln0              (write            ) [ 00]
write_ln0              (write            ) [ 00]
write_ln0              (write            ) [ 00]
write_ln0              (write            ) [ 00]
write_ln0              (write            ) [ 00]
write_ln0              (write            ) [ 00]
write_ln0              (write            ) [ 00]
write_ln0              (write            ) [ 00]
write_ln0              (write            ) [ 00]
write_ln0              (write            ) [ 00]
write_ln0              (write            ) [ 00]
write_ln0              (write            ) [ 00]
write_ln0              (write            ) [ 00]
write_ln0              (write            ) [ 00]
write_ln0              (write            ) [ 00]
write_ln0              (write            ) [ 00]
write_ln0              (write            ) [ 00]
write_ln0              (write            ) [ 00]
write_ln0              (write            ) [ 00]
write_ln0              (write            ) [ 00]
write_ln0              (write            ) [ 00]
write_ln0              (write            ) [ 00]
write_ln0              (write            ) [ 00]
write_ln0              (write            ) [ 00]
write_ln0              (write            ) [ 00]
write_ln0              (write            ) [ 00]
ret_ln0                (ret              ) [ 00]
</LifeTime>

<model>

<comp_list>
<comp id="0" class="1000" name="reg_file_30_out">
<pin_list>
<pin id="1" dir="1" index="0" bw="1" slack="0"/>
</pin_list>
<bind>
<StgValue><ssdm name="reg_file_30_out"/></StgValue>
</bind>
</comp>

<comp id="2" class="1000" name="reg_file_29_out">
<pin_list>
<pin id="3" dir="1" index="0" bw="1" slack="0"/>
</pin_list>
<bind>
<StgValue><ssdm name="reg_file_29_out"/></StgValue>
</bind>
</comp>

<comp id="4" class="1000" name="reg_file_28_out">
<pin_list>
<pin id="5" dir="1" index="0" bw="1" slack="0"/>
</pin_list>
<bind>
<StgValue><ssdm name="reg_file_28_out"/></StgValue>
</bind>
</comp>

<comp id="6" class="1000" name="reg_file_27_out">
<pin_list>
<pin id="7" dir="1" index="0" bw="1" slack="0"/>
</pin_list>
<bind>
<StgValue><ssdm name="reg_file_27_out"/></StgValue>
</bind>
</comp>

<comp id="8" class="1000" name="reg_file_26_out">
<pin_list>
<pin id="9" dir="1" index="0" bw="1" slack="0"/>
</pin_list>
<bind>
<StgValue><ssdm name="reg_file_26_out"/></StgValue>
</bind>
</comp>

<comp id="10" class="1000" name="reg_file_25_out">
<pin_list>
<pin id="11" dir="1" index="0" bw="1" slack="0"/>
</pin_list>
<bind>
<StgValue><ssdm name="reg_file_25_out"/></StgValue>
</bind>
</comp>

<comp id="12" class="1000" name="reg_file_24_out">
<pin_list>
<pin id="13" dir="1" index="0" bw="1" slack="0"/>
</pin_list>
<bind>
<StgValue><ssdm name="reg_file_24_out"/></StgValue>
</bind>
</comp>

<comp id="14" class="1000" name="reg_file_23_out">
<pin_list>
<pin id="15" dir="1" index="0" bw="1" slack="0"/>
</pin_list>
<bind>
<StgValue><ssdm name="reg_file_23_out"/></StgValue>
</bind>
</comp>

<comp id="16" class="1000" name="reg_file_22_out">
<pin_list>
<pin id="17" dir="1" index="0" bw="1" slack="0"/>
</pin_list>
<bind>
<StgValue><ssdm name="reg_file_22_out"/></StgValue>
</bind>
</comp>

<comp id="18" class="1000" name="reg_file_21_out">
<pin_list>
<pin id="19" dir="1" index="0" bw="1" slack="0"/>
</pin_list>
<bind>
<StgValue><ssdm name="reg_file_21_out"/></StgValue>
</bind>
</comp>

<comp id="20" class="1000" name="reg_file_20_out">
<pin_list>
<pin id="21" dir="1" index="0" bw="1" slack="0"/>
</pin_list>
<bind>
<StgValue><ssdm name="reg_file_20_out"/></StgValue>
</bind>
</comp>

<comp id="22" class="1000" name="reg_file_19_out">
<pin_list>
<pin id="23" dir="1" index="0" bw="1" slack="0"/>
</pin_list>
<bind>
<StgValue><ssdm name="reg_file_19_out"/></StgValue>
</bind>
</comp>

<comp id="24" class="1000" name="reg_file_18_out">
<pin_list>
<pin id="25" dir="1" index="0" bw="1" slack="0"/>
</pin_list>
<bind>
<StgValue><ssdm name="reg_file_18_out"/></StgValue>
</bind>
</comp>

<comp id="26" class="1000" name="reg_file_17_out">
<pin_list>
<pin id="27" dir="1" index="0" bw="1" slack="0"/>
</pin_list>
<bind>
<StgValue><ssdm name="reg_file_17_out"/></StgValue>
</bind>
</comp>

<comp id="28" class="1000" name="reg_file_16_out">
<pin_list>
<pin id="29" dir="1" index="0" bw="1" slack="0"/>
</pin_list>
<bind>
<StgValue><ssdm name="reg_file_16_out"/></StgValue>
</bind>
</comp>

<comp id="30" class="1000" name="reg_file_15_out">
<pin_list>
<pin id="31" dir="1" index="0" bw="1" slack="0"/>
</pin_list>
<bind>
<StgValue><ssdm name="reg_file_15_out"/></StgValue>
</bind>
</comp>

<comp id="32" class="1000" name="reg_file_14_out">
<pin_list>
<pin id="33" dir="1" index="0" bw="1" slack="0"/>
</pin_list>
<bind>
<StgValue><ssdm name="reg_file_14_out"/></StgValue>
</bind>
</comp>

<comp id="34" class="1000" name="reg_file_13_out">
<pin_list>
<pin id="35" dir="1" index="0" bw="1" slack="0"/>
</pin_list>
<bind>
<StgValue><ssdm name="reg_file_13_out"/></StgValue>
</bind>
</comp>

<comp id="36" class="1000" name="reg_file_12_out">
<pin_list>
<pin id="37" dir="1" index="0" bw="1" slack="0"/>
</pin_list>
<bind>
<StgValue><ssdm name="reg_file_12_out"/></StgValue>
</bind>
</comp>

<comp id="38" class="1000" name="reg_file_11_out">
<pin_list>
<pin id="39" dir="1" index="0" bw="1" slack="0"/>
</pin_list>
<bind>
<StgValue><ssdm name="reg_file_11_out"/></StgValue>
</bind>
</comp>

<comp id="40" class="1000" name="reg_file_10_out">
<pin_list>
<pin id="41" dir="1" index="0" bw="1" slack="0"/>
</pin_list>
<bind>
<StgValue><ssdm name="reg_file_10_out"/></StgValue>
</bind>
</comp>

<comp id="42" class="1000" name="reg_file_9_out">
<pin_list>
<pin id="43" dir="1" index="0" bw="1" slack="0"/>
</pin_list>
<bind>
<StgValue><ssdm name="reg_file_9_out"/></StgValue>
</bind>
</comp>

<comp id="44" class="1000" name="reg_file_8_out">
<pin_list>
<pin id="45" dir="1" index="0" bw="1" slack="0"/>
</pin_list>
<bind>
<StgValue><ssdm name="reg_file_8_out"/></StgValue>
</bind>
</comp>

<comp id="46" class="1000" name="reg_file_7_out">
<pin_list>
<pin id="47" dir="1" index="0" bw="1" slack="0"/>
</pin_list>
<bind>
<StgValue><ssdm name="reg_file_7_out"/></StgValue>
</bind>
</comp>

<comp id="48" class="1000" name="reg_file_6_out">
<pin_list>
<pin id="49" dir="1" index="0" bw="1" slack="0"/>
</pin_list>
<bind>
<StgValue><ssdm name="reg_file_6_out"/></StgValue>
</bind>
</comp>

<comp id="50" class="1000" name="reg_file_5_out">
<pin_list>
<pin id="51" dir="1" index="0" bw="1" slack="0"/>
</pin_list>
<bind>
<StgValue><ssdm name="reg_file_5_out"/></StgValue>
</bind>
</comp>

<comp id="52" class="1000" name="reg_file_4_out">
<pin_list>
<pin id="53" dir="1" index="0" bw="1" slack="0"/>
</pin_list>
<bind>
<StgValue><ssdm name="reg_file_4_out"/></StgValue>
</bind>
</comp>

<comp id="54" class="1000" name="reg_file_3_out">
<pin_list>
<pin id="55" dir="1" index="0" bw="1" slack="0"/>
</pin_list>
<bind>
<StgValue><ssdm name="reg_file_3_out"/></StgValue>
</bind>
</comp>

<comp id="56" class="1000" name="reg_file_2_out">
<pin_list>
<pin id="57" dir="1" index="0" bw="1" slack="0"/>
</pin_list>
<bind>
<StgValue><ssdm name="reg_file_2_out"/></StgValue>
</bind>
</comp>

<comp id="58" class="1000" name="reg_file_1_out">
<pin_list>
<pin id="59" dir="1" index="0" bw="1" slack="0"/>
</pin_list>
<bind>
<StgValue><ssdm name="reg_file_1_out"/></StgValue>
</bind>
</comp>

<comp id="60" class="1000" name="reg_file_out">
<pin_list>
<pin id="61" dir="1" index="0" bw="1" slack="0"/>
</pin_list>
<bind>
<StgValue><ssdm name="reg_file_out"/></StgValue>
</bind>
</comp>

<comp id="62" class="1001" name="const_62">
<pin_list>
<pin id="63" dir="1" index="0" bw="1" slack="0"/>
</pin_list>
<bind>
<StgValue><ssdm name=""/></StgValue>
</bind>
</comp>

<comp id="64" class="1001" name="const_64">
<pin_list>
<pin id="65" dir="1" index="0" bw="1" slack="0"/>
</pin_list>
<bind>
<StgValue><ssdm name=""/></StgValue>
</bind>
</comp>

<comp id="66" class="1001" name="const_66">
<pin_list>
<pin id="67" dir="1" index="0" bw="1" slack="0"/>
</pin_list>
<bind>
<StgValue><ssdm name=""/></StgValue>
</bind>
</comp>

<comp id="68" class="1001" name="const_68">
<pin_list>
<pin id="69" dir="1" index="0" bw="1" slack="0"/>
</pin_list>
<bind>
<StgValue><ssdm name=""/></StgValue>
</bind>
</comp>

<comp id="70" class="1001" name="const_70">
<pin_list>
<pin id="71" dir="1" index="0" bw="1" slack="2147483647"/>
</pin_list>
<bind>
<StgValue><ssdm name="_ssdm_op_SpecPipeline"/></StgValue>
</bind>
</comp>

<comp id="72" class="1001" name="const_72">
<pin_list>
<pin id="73" dir="1" index="0" bw="1" slack="2147483647"/>
</pin_list>
<bind>
<StgValue><ssdm name=""/></StgValue>
</bind>
</comp>

<comp id="74" class="1001" name="const_74">
<pin_list>
<pin id="75" dir="1" index="0" bw="1" slack="0"/>
</pin_list>
<bind>
<StgValue><ssdm name=""/></StgValue>
</bind>
</comp>

<comp id="76" class="1001" name="const_76">
<pin_list>
<pin id="77" dir="1" index="0" bw="1" slack="2147483647"/>
</pin_list>
<bind>
<StgValue><ssdm name="empty_0"/></StgValue>
</bind>
</comp>

<comp id="78" class="1001" name="const_78">
<pin_list>
<pin id="79" dir="1" index="0" bw="1" slack="2147483647"/>
</pin_list>
<bind>
<StgValue><ssdm name="_ssdm_op_SpecLoopTripCount"/></StgValue>
</bind>
</comp>

<comp id="80" class="1001" name="const_80">
<pin_list>
<pin id="81" dir="1" index="0" bw="1" slack="2147483647"/>
</pin_list>
<bind>
<StgValue><ssdm name=""/></StgValue>
</bind>
</comp>

<comp id="82" class="1001" name="const_82">
<pin_list>
<pin id="83" dir="1" index="0" bw="1" slack="2147483647"/>
</pin_list>
<bind>
<StgValue><ssdm name="_ssdm_op_SpecLoopName"/></StgValue>
</bind>
</comp>

<comp id="84" class="1001" name="const_84">
<pin_list>
<pin id="85" dir="1" index="0" bw="1" slack="2147483647"/>
</pin_list>
<bind>
<StgValue><ssdm name="empty_4"/></StgValue>
</bind>
</comp>

<comp id="86" class="1001" name="const_86">
<pin_list>
<pin id="87" dir="1" index="0" bw="1" slack="0"/>
</pin_list>
<bind>
<StgValue><ssdm name=""/></StgValue>
</bind>
</comp>

<comp id="88" class="1001" name="const_88">
<pin_list>
<pin id="89" dir="1" index="0" bw="1" slack="0"/>
</pin_list>
<bind>
<StgValue><ssdm name=""/></StgValue>
</bind>
</comp>

<comp id="90" class="1001" name="const_90">
<pin_list>
<pin id="91" dir="1" index="0" bw="1" slack="0"/>
</pin_list>
<bind>
<StgValue><ssdm name=""/></StgValue>
</bind>
</comp>

<comp id="92" class="1001" name="const_92">
<pin_list>
<pin id="93" dir="1" index="0" bw="1" slack="0"/>
</pin_list>
<bind>
<StgValue><ssdm name=""/></StgValue>
</bind>
</comp>

<comp id="94" class="1001" name="const_94">
<pin_list>
<pin id="95" dir="1" index="0" bw="1" slack="0"/>
</pin_list>
<bind>
<StgValue><ssdm name=""/></StgValue>
</bind>
</comp>

<comp id="96" class="1001" name="const_96">
<pin_list>
<pin id="97" dir="1" index="0" bw="1" slack="0"/>
</pin_list>
<bind>
<StgValue><ssdm name=""/></StgValue>
</bind>
</comp>

<comp id="98" class="1001" name="const_98">
<pin_list>
<pin id="99" dir="1" index="0" bw="1" slack="0"/>
</pin_list>
<bind>
<StgValue><ssdm name=""/></StgValue>
</bind>
</comp>

<comp id="100" class="1001" name="const_100">
<pin_list>
<pin id="101" dir="1" index="0" bw="1" slack="0"/>
</pin_list>
<bind>
<StgValue><ssdm name=""/></StgValue>
</bind>
</comp>

<comp id="102" class="1001" name="const_102">
<pin_list>
<pin id="103" dir="1" index="0" bw="1" slack="0"/>
</pin_list>
<bind>
<StgValue><ssdm name=""/></StgValue>
</bind>
</comp>

<comp id="104" class="1001" name="const_104">
<pin_list>
<pin id="105" dir="1" index="0" bw="1" slack="0"/>
</pin_list>
<bind>
<StgValue><ssdm name=""/></StgValue>
</bind>
</comp>

<comp id="106" class="1001" name="const_106">
<pin_list>
<pin id="107" dir="1" index="0" bw="1" slack="0"/>
</pin_list>
<bind>
<StgValue><ssdm name=""/></StgValue>
</bind>
</comp>

<comp id="108" class="1001" name="const_108">
<pin_list>
<pin id="109" dir="1" index="0" bw="1" slack="0"/>
</pin_list>
<bind>
<StgValue><ssdm name=""/></StgValue>
</bind>
</comp>

<comp id="110" class="1001" name="const_110">
<pin_list>
<pin id="111" dir="1" index="0" bw="1" slack="0"/>
</pin_list>
<bind>
<StgValue><ssdm name=""/></StgValue>
</bind>
</comp>

<comp id="112" class="1001" name="const_112">
<pin_list>
<pin id="113" dir="1" index="0" bw="1" slack="0"/>
</pin_list>
<bind>
<StgValue><ssdm name=""/></StgValue>
</bind>
</comp>

<comp id="114" class="1001" name="const_114">
<pin_list>
<pin id="115" dir="1" index="0" bw="1" slack="0"/>
</pin_list>
<bind>
<StgValue><ssdm name=""/></StgValue>
</bind>
</comp>

<comp id="116" class="1001" name="const_116">
<pin_list>
<pin id="117" dir="1" index="0" bw="1" slack="0"/>
</pin_list>
<bind>
<StgValue><ssdm name=""/></StgValue>
</bind>
</comp>

<comp id="118" class="1001" name="const_118">
<pin_list>
<pin id="119" dir="1" index="0" bw="1" slack="0"/>
</pin_list>
<bind>
<StgValue><ssdm name=""/></StgValue>
</bind>
</comp>

<comp id="120" class="1001" name="const_120">
<pin_list>
<pin id="121" dir="1" index="0" bw="1" slack="0"/>
</pin_list>
<bind>
<StgValue><ssdm name=""/></StgValue>
</bind>
</comp>

<comp id="122" class="1001" name="const_122">
<pin_list>
<pin id="123" dir="1" index="0" bw="1" slack="0"/>
</pin_list>
<bind>
<StgValue><ssdm name=""/></StgValue>
</bind>
</comp>

<comp id="124" class="1001" name="const_124">
<pin_list>
<pin id="125" dir="1" index="0" bw="1" slack="0"/>
</pin_list>
<bind>
<StgValue><ssdm name=""/></StgValue>
</bind>
</comp>

<comp id="126" class="1001" name="const_126">
<pin_list>
<pin id="127" dir="1" index="0" bw="1" slack="0"/>
</pin_list>
<bind>
<StgValue><ssdm name=""/></StgValue>
</bind>
</comp>

<comp id="128" class="1001" name="const_128">
<pin_list>
<pin id="129" dir="1" index="0" bw="1" slack="0"/>
</pin_list>
<bind>
<StgValue><ssdm name=""/></StgValue>
</bind>
</comp>

<comp id="130" class="1001" name="const_130">
<pin_list>
<pin id="131" dir="1" index="0" bw="1" slack="0"/>
</pin_list>
<bind>
<StgValue><ssdm name=""/></StgValue>
</bind>
</comp>

<comp id="132" class="1001" name="const_132">
<pin_list>
<pin id="133" dir="1" index="0" bw="1" slack="0"/>
</pin_list>
<bind>
<StgValue><ssdm name=""/></StgValue>
</bind>
</comp>

<comp id="134" class="1001" name="const_134">
<pin_list>
<pin id="135" dir="1" index="0" bw="1" slack="0"/>
</pin_list>
<bind>
<StgValue><ssdm name=""/></StgValue>
</bind>
</comp>

<comp id="136" class="1001" name="const_136">
<pin_list>
<pin id="137" dir="1" index="0" bw="1" slack="0"/>
</pin_list>
<bind>
<StgValue><ssdm name=""/></StgValue>
</bind>
</comp>

<comp id="138" class="1001" name="const_138">
<pin_list>
<pin id="139" dir="1" index="0" bw="1" slack="0"/>
</pin_list>
<bind>
<StgValue><ssdm name=""/></StgValue>
</bind>
</comp>

<comp id="140" class="1001" name="const_140">
<pin_list>
<pin id="141" dir="1" index="0" bw="1" slack="0"/>
</pin_list>
<bind>
<StgValue><ssdm name=""/></StgValue>
</bind>
</comp>

<comp id="142" class="1001" name="const_142">
<pin_list>
<pin id="143" dir="1" index="0" bw="1" slack="0"/>
</pin_list>
<bind>
<StgValue><ssdm name=""/></StgValue>
</bind>
</comp>

<comp id="144" class="1001" name="const_144">
<pin_list>
<pin id="145" dir="1" index="0" bw="1" slack="0"/>
</pin_list>
<bind>
<StgValue><ssdm name=""/></StgValue>
</bind>
</comp>

<comp id="146" class="1001" name="const_146">
<pin_list>
<pin id="147" dir="1" index="0" bw="1" slack="0"/>
</pin_list>
<bind>
<StgValue><ssdm name=""/></StgValue>
</bind>
</comp>

<comp id="148" class="1001" name="const_148">
<pin_list>
<pin id="149" dir="1" index="0" bw="1" slack="0"/>
</pin_list>
<bind>
<StgValue><ssdm name="_ssdm_op_Write.ap_auto.i32P0A"/></StgValue>
</bind>
</comp>

<comp id="150" class="1004" name="i_fu_150">
<pin_list>
<pin id="151" dir="0" index="0" bw="1" slack="0"/>
<pin id="152" dir="1" index="1" bw="6" slack="0"/>
</pin_list>
<bind>
<opcode="alloca(26) " fcode="alloca"/>
<opset="i/1 "/>
</bind>
</comp>

<comp id="154" class="1004" name="reg_file_fu_154">
<pin_list>
<pin id="155" dir="0" index="0" bw="1" slack="0"/>
<pin id="156" dir="1" index="1" bw="32" slack="0"/>
</pin_list>
<bind>
<opcode="alloca(26) " fcode="alloca"/>
<opset="reg_file/1 "/>
</bind>
</comp>

<comp id="158" class="1004" name="reg_file_1_fu_158">
<pin_list>
<pin id="159" dir="0" index="0" bw="1" slack="0"/>
<pin id="160" dir="1" index="1" bw="32" slack="0"/>
</pin_list>
<bind>
<opcode="alloca(26) " fcode="alloca"/>
<opset="reg_file_1/1 "/>
</bind>
</comp>

<comp id="162" class="1004" name="reg_file_2_fu_162">
<pin_list>
<pin id="163" dir="0" index="0" bw="1" slack="0"/>
<pin id="164" dir="1" index="1" bw="32" slack="0"/>
</pin_list>
<bind>
<opcode="alloca(26) " fcode="alloca"/>
<opset="reg_file_2/1 "/>
</bind>
</comp>

<comp id="166" class="1004" name="reg_file_3_fu_166">
<pin_list>
<pin id="167" dir="0" index="0" bw="1" slack="0"/>
<pin id="168" dir="1" index="1" bw="32" slack="0"/>
</pin_list>
<bind>
<opcode="alloca(26) " fcode="alloca"/>
<opset="reg_file_3/1 "/>
</bind>
</comp>

<comp id="170" class="1004" name="reg_file_4_fu_170">
<pin_list>
<pin id="171" dir="0" index="0" bw="1" slack="0"/>
<pin id="172" dir="1" index="1" bw="32" slack="0"/>
</pin_list>
<bind>
<opcode="alloca(26) " fcode="alloca"/>
<opset="reg_file_4/1 "/>
</bind>
</comp>

<comp id="174" class="1004" name="reg_file_5_fu_174">
<pin_list>
<pin id="175" dir="0" index="0" bw="1" slack="0"/>
<pin id="176" dir="1" index="1" bw="32" slack="0"/>
</pin_list>
<bind>
<opcode="alloca(26) " fcode="alloca"/>
<opset="reg_file_5/1 "/>
</bind>
</comp>

<comp id="178" class="1004" name="reg_file_6_fu_178">
<pin_list>
<pin id="179" dir="0" index="0" bw="1" slack="0"/>
<pin id="180" dir="1" index="1" bw="32" slack="0"/>
</pin_list>
<bind>
<opcode="alloca(26) " fcode="alloca"/>
<opset="reg_file_6/1 "/>
</bind>
</comp>

<comp id="182" class="1004" name="reg_file_7_fu_182">
<pin_list>
<pin id="183" dir="0" index="0" bw="1" slack="0"/>
<pin id="184" dir="1" index="1" bw="32" slack="0"/>
</pin_list>
<bind>
<opcode="alloca(26) " fcode="alloca"/>
<opset="reg_file_7/1 "/>
</bind>
</comp>

<comp id="186" class="1004" name="reg_file_8_fu_186">
<pin_list>
<pin id="187" dir="0" index="0" bw="1" slack="0"/>
<pin id="188" dir="1" index="1" bw="32" slack="0"/>
</pin_list>
<bind>
<opcode="alloca(26) " fcode="alloca"/>
<opset="reg_file_8/1 "/>
</bind>
</comp>

<comp id="190" class="1004" name="reg_file_9_fu_190">
<pin_list>
<pin id="191" dir="0" index="0" bw="1" slack="0"/>
<pin id="192" dir="1" index="1" bw="32" slack="0"/>
</pin_list>
<bind>
<opcode="alloca(26) " fcode="alloca"/>
<opset="reg_file_9/1 "/>
</bind>
</comp>

<comp id="194" class="1004" name="reg_file_10_fu_194">
<pin_list>
<pin id="195" dir="0" index="0" bw="1" slack="0"/>
<pin id="196" dir="1" index="1" bw="32" slack="0"/>
</pin_list>
<bind>
<opcode="alloca(26) " fcode="alloca"/>
<opset="reg_file_10/1 "/>
</bind>
</comp>

<comp id="198" class="1004" name="reg_file_11_fu_198">
<pin_list>
<pin id="199" dir="0" index="0" bw="1" slack="0"/>
<pin id="200" dir="1" index="1" bw="32" slack="0"/>
</pin_list>
<bind>
<opcode="alloca(26) " fcode="alloca"/>
<opset="reg_file_11/1 "/>
</bind>
</comp>

<comp id="202" class="1004" name="reg_file_12_fu_202">
<pin_list>
<pin id="203" dir="0" index="0" bw="1" slack="0"/>
<pin id="204" dir="1" index="1" bw="32" slack="0"/>
</pin_list>
<bind>
<opcode="alloca(26) " fcode="alloca"/>
<opset="reg_file_12/1 "/>
</bind>
</comp>

<comp id="206" class="1004" name="reg_file_13_fu_206">
<pin_list>
<pin id="207" dir="0" index="0" bw="1" slack="0"/>
<pin id="208" dir="1" index="1" bw="32" slack="0"/>
</pin_list>
<bind>
<opcode="alloca(26) " fcode="alloca"/>
<opset="reg_file_13/1 "/>
</bind>
</comp>

<comp id="210" class="1004" name="reg_file_14_fu_210">
<pin_list>
<pin id="211" dir="0" index="0" bw="1" slack="0"/>
<pin id="212" dir="1" index="1" bw="32" slack="0"/>
</pin_list>
<bind>
<opcode="alloca(26) " fcode="alloca"/>
<opset="reg_file_14/1 "/>
</bind>
</comp>

<comp id="214" class="1004" name="reg_file_15_fu_214">
<pin_list>
<pin id="215" dir="0" index="0" bw="1" slack="0"/>
<pin id="216" dir="1" index="1" bw="32" slack="0"/>
</pin_list>
<bind>
<opcode="alloca(26) " fcode="alloca"/>
<opset="reg_file_15/1 "/>
</bind>
</comp>

<comp id="218" class="1004" name="reg_file_16_fu_218">
<pin_list>
<pin id="219" dir="0" index="0" bw="1" slack="0"/>
<pin id="220" dir="1" index="1" bw="32" slack="0"/>
</pin_list>
<bind>
<opcode="alloca(26) " fcode="alloca"/>
<opset="reg_file_16/1 "/>
</bind>
</comp>

<comp id="222" class="1004" name="reg_file_17_fu_222">
<pin_list>
<pin id="223" dir="0" index="0" bw="1" slack="0"/>
<pin id="224" dir="1" index="1" bw="32" slack="0"/>
</pin_list>
<bind>
<opcode="alloca(26) " fcode="alloca"/>
<opset="reg_file_17/1 "/>
</bind>
</comp>

<comp id="226" class="1004" name="reg_file_18_fu_226">
<pin_list>
<pin id="227" dir="0" index="0" bw="1" slack="0"/>
<pin id="228" dir="1" index="1" bw="32" slack="0"/>
</pin_list>
<bind>
<opcode="alloca(26) " fcode="alloca"/>
<opset="reg_file_18/1 "/>
</bind>
</comp>

<comp id="230" class="1004" name="reg_file_19_fu_230">
<pin_list>
<pin id="231" dir="0" index="0" bw="1" slack="0"/>
<pin id="232" dir="1" index="1" bw="32" slack="0"/>
</pin_list>
<bind>
<opcode="alloca(26) " fcode="alloca"/>
<opset="reg_file_19/1 "/>
</bind>
</comp>

<comp id="234" class="1004" name="reg_file_20_fu_234">
<pin_list>
<pin id="235" dir="0" index="0" bw="1" slack="0"/>
<pin id="236" dir="1" index="1" bw="32" slack="0"/>
</pin_list>
<bind>
<opcode="alloca(26) " fcode="alloca"/>
<opset="reg_file_20/1 "/>
</bind>
</comp>

<comp id="238" class="1004" name="reg_file_21_fu_238">
<pin_list>
<pin id="239" dir="0" index="0" bw="1" slack="0"/>
<pin id="240" dir="1" index="1" bw="32" slack="0"/>
</pin_list>
<bind>
<opcode="alloca(26) " fcode="alloca"/>
<opset="reg_file_21/1 "/>
</bind>
</comp>

<comp id="242" class="1004" name="reg_file_22_fu_242">
<pin_list>
<pin id="243" dir="0" index="0" bw="1" slack="0"/>
<pin id="244" dir="1" index="1" bw="32" slack="0"/>
</pin_list>
<bind>
<opcode="alloca(26) " fcode="alloca"/>
<opset="reg_file_22/1 "/>
</bind>
</comp>

<comp id="246" class="1004" name="reg_file_23_fu_246">
<pin_list>
<pin id="247" dir="0" index="0" bw="1" slack="0"/>
<pin id="248" dir="1" index="1" bw="32" slack="0"/>
</pin_list>
<bind>
<opcode="alloca(26) " fcode="alloca"/>
<opset="reg_file_23/1 "/>
</bind>
</comp>

<comp id="250" class="1004" name="reg_file_24_fu_250">
<pin_list>
<pin id="251" dir="0" index="0" bw="1" slack="0"/>
<pin id="252" dir="1" index="1" bw="32" slack="0"/>
</pin_list>
<bind>
<opcode="alloca(26) " fcode="alloca"/>
<opset="reg_file_24/1 "/>
</bind>
</comp>

<comp id="254" class="1004" name="reg_file_25_fu_254">
<pin_list>
<pin id="255" dir="0" index="0" bw="1" slack="0"/>
<pin id="256" dir="1" index="1" bw="32" slack="0"/>
</pin_list>
<bind>
<opcode="alloca(26) " fcode="alloca"/>
<opset="reg_file_25/1 "/>
</bind>
</comp>

<comp id="258" class="1004" name="reg_file_26_fu_258">
<pin_list>
<pin id="259" dir="0" index="0" bw="1" slack="0"/>
<pin id="260" dir="1" index="1" bw="32" slack="0"/>
</pin_list>
<bind>
<opcode="alloca(26) " fcode="alloca"/>
<opset="reg_file_26/1 "/>
</bind>
</comp>

<comp id="262" class="1004" name="reg_file_27_fu_262">
<pin_list>
<pin id="263" dir="0" index="0" bw="1" slack="0"/>
<pin id="264" dir="1" index="1" bw="32" slack="0"/>
</pin_list>
<bind>
<opcode="alloca(26) " fcode="alloca"/>
<opset="reg_file_27/1 "/>
</bind>
</comp>

<comp id="266" class="1004" name="reg_file_28_fu_266">
<pin_list>
<pin id="267" dir="0" index="0" bw="1" slack="0"/>
<pin id="268" dir="1" index="1" bw="32" slack="0"/>
</pin_list>
<bind>
<opcode="alloca(26) " fcode="alloca"/>
<opset="reg_file_28/1 "/>
</bind>
</comp>

<comp id="270" class="1004" name="reg_file_29_fu_270">
<pin_list>
<pin id="271" dir="0" index="0" bw="1" slack="0"/>
<pin id="272" dir="1" index="1" bw="32" slack="0"/>
</pin_list>
<bind>
<opcode="alloca(26) " fcode="alloca"/>
<opset="reg_file_29/1 "/>
</bind>
</comp>

<comp id="274" class="1004" name="reg_file_30_fu_274">
<pin_list>
<pin id="275" dir="0" index="0" bw="1" slack="0"/>
<pin id="276" dir="1" index="1" bw="32" slack="0"/>
</pin_list>
<bind>
<opcode="alloca(26) " fcode="alloca"/>
<opset="reg_file_30/1 "/>
</bind>
</comp>

<comp id="278" class="1004" name="write_ln0_write_fu_278">
<pin_list>
<pin id="279" dir="0" index="0" bw="0" slack="0"/>
<pin id="280" dir="0" index="1" bw="32" slack="0"/>
<pin id="281" dir="0" index="2" bw="32" slack="0"/>
<pin id="282" dir="1" index="3" bw="0" slack="2147483647"/>
</pin_list>
<bind>
<opcode="write(1151) " fcode="write"/>
<opset="write_ln0/1 "/>
</bind>
</comp>

<comp id="285" class="1004" name="write_ln0_write_fu_285">
<pin_list>
<pin id="286" dir="0" index="0" bw="0" slack="0"/>
<pin id="287" dir="0" index="1" bw="32" slack="0"/>
<pin id="288" dir="0" index="2" bw="32" slack="0"/>
<pin id="289" dir="1" index="3" bw="0" slack="2147483647"/>
</pin_list>
<bind>
<opcode="write(1151) " fcode="write"/>
<opset="write_ln0/1 "/>
</bind>
</comp>

<comp id="292" class="1004" name="write_ln0_write_fu_292">
<pin_list>
<pin id="293" dir="0" index="0" bw="0" slack="0"/>
<pin id="294" dir="0" index="1" bw="32" slack="0"/>
<pin id="295" dir="0" index="2" bw="32" slack="0"/>
<pin id="296" dir="1" index="3" bw="0" slack="2147483647"/>
</pin_list>
<bind>
<opcode="write(1151) " fcode="write"/>
<opset="write_ln0/1 "/>
</bind>
</comp>

<comp id="299" class="1004" name="write_ln0_write_fu_299">
<pin_list>
<pin id="300" dir="0" index="0" bw="0" slack="0"/>
<pin id="301" dir="0" index="1" bw="32" slack="0"/>
<pin id="302" dir="0" index="2" bw="32" slack="0"/>
<pin id="303" dir="1" index="3" bw="0" slack="2147483647"/>
</pin_list>
<bind>
<opcode="write(1151) " fcode="write"/>
<opset="write_ln0/1 "/>
</bind>
</comp>

<comp id="306" class="1004" name="write_ln0_write_fu_306">
<pin_list>
<pin id="307" dir="0" index="0" bw="0" slack="0"/>
<pin id="308" dir="0" index="1" bw="32" slack="0"/>
<pin id="309" dir="0" index="2" bw="32" slack="0"/>
<pin id="310" dir="1" index="3" bw="0" slack="2147483647"/>
</pin_list>
<bind>
<opcode="write(1151) " fcode="write"/>
<opset="write_ln0/1 "/>
</bind>
</comp>

<comp id="313" class="1004" name="write_ln0_write_fu_313">
<pin_list>
<pin id="314" dir="0" index="0" bw="0" slack="0"/>
<pin id="315" dir="0" index="1" bw="32" slack="0"/>
<pin id="316" dir="0" index="2" bw="32" slack="0"/>
<pin id="317" dir="1" index="3" bw="0" slack="2147483647"/>
</pin_list>
<bind>
<opcode="write(1151) " fcode="write"/>
<opset="write_ln0/1 "/>
</bind>
</comp>

<comp id="320" class="1004" name="write_ln0_write_fu_320">
<pin_list>
<pin id="321" dir="0" index="0" bw="0" slack="0"/>
<pin id="322" dir="0" index="1" bw="32" slack="0"/>
<pin id="323" dir="0" index="2" bw="32" slack="0"/>
<pin id="324" dir="1" index="3" bw="0" slack="2147483647"/>
</pin_list>
<bind>
<opcode="write(1151) " fcode="write"/>
<opset="write_ln0/1 "/>
</bind>
</comp>

<comp id="327" class="1004" name="write_ln0_write_fu_327">
<pin_list>
<pin id="328" dir="0" index="0" bw="0" slack="0"/>
<pin id="329" dir="0" index="1" bw="32" slack="0"/>
<pin id="330" dir="0" index="2" bw="32" slack="0"/>
<pin id="331" dir="1" index="3" bw="0" slack="2147483647"/>
</pin_list>
<bind>
<opcode="write(1151) " fcode="write"/>
<opset="write_ln0/1 "/>
</bind>
</comp>

<comp id="334" class="1004" name="write_ln0_write_fu_334">
<pin_list>
<pin id="335" dir="0" index="0" bw="0" slack="0"/>
<pin id="336" dir="0" index="1" bw="32" slack="0"/>
<pin id="337" dir="0" index="2" bw="32" slack="0"/>
<pin id="338" dir="1" index="3" bw="0" slack="2147483647"/>
</pin_list>
<bind>
<opcode="write(1151) " fcode="write"/>
<opset="write_ln0/1 "/>
</bind>
</comp>

<comp id="341" class="1004" name="write_ln0_write_fu_341">
<pin_list>
<pin id="342" dir="0" index="0" bw="0" slack="0"/>
<pin id="343" dir="0" index="1" bw="32" slack="0"/>
<pin id="344" dir="0" index="2" bw="32" slack="0"/>
<pin id="345" dir="1" index="3" bw="0" slack="2147483647"/>
</pin_list>
<bind>
<opcode="write(1151) " fcode="write"/>
<opset="write_ln0/1 "/>
</bind>
</comp>

<comp id="348" class="1004" name="write_ln0_write_fu_348">
<pin_list>
<pin id="349" dir="0" index="0" bw="0" slack="0"/>
<pin id="350" dir="0" index="1" bw="32" slack="0"/>
<pin id="351" dir="0" index="2" bw="32" slack="0"/>
<pin id="352" dir="1" index="3" bw="0" slack="2147483647"/>
</pin_list>
<bind>
<opcode="write(1151) " fcode="write"/>
<opset="write_ln0/1 "/>
</bind>
</comp>

<comp id="355" class="1004" name="write_ln0_write_fu_355">
<pin_list>
<pin id="356" dir="0" index="0" bw="0" slack="0"/>
<pin id="357" dir="0" index="1" bw="32" slack="0"/>
<pin id="358" dir="0" index="2" bw="32" slack="0"/>
<pin id="359" dir="1" index="3" bw="0" slack="2147483647"/>
</pin_list>
<bind>
<opcode="write(1151) " fcode="write"/>
<opset="write_ln0/1 "/>
</bind>
</comp>

<comp id="362" class="1004" name="write_ln0_write_fu_362">
<pin_list>
<pin id="363" dir="0" index="0" bw="0" slack="0"/>
<pin id="364" dir="0" index="1" bw="32" slack="0"/>
<pin id="365" dir="0" index="2" bw="32" slack="0"/>
<pin id="366" dir="1" index="3" bw="0" slack="2147483647"/>
</pin_list>
<bind>
<opcode="write(1151) " fcode="write"/>
<opset="write_ln0/1 "/>
</bind>
</comp>

<comp id="369" class="1004" name="write_ln0_write_fu_369">
<pin_list>
<pin id="370" dir="0" index="0" bw="0" slack="0"/>
<pin id="371" dir="0" index="1" bw="32" slack="0"/>
<pin id="372" dir="0" index="2" bw="32" slack="0"/>
<pin id="373" dir="1" index="3" bw="0" slack="2147483647"/>
</pin_list>
<bind>
<opcode="write(1151) " fcode="write"/>
<opset="write_ln0/1 "/>
</bind>
</comp>

<comp id="376" class="1004" name="write_ln0_write_fu_376">
<pin_list>
<pin id="377" dir="0" index="0" bw="0" slack="0"/>
<pin id="378" dir="0" index="1" bw="32" slack="0"/>
<pin id="379" dir="0" index="2" bw="32" slack="0"/>
<pin id="380" dir="1" index="3" bw="0" slack="2147483647"/>
</pin_list>
<bind>
<opcode="write(1151) " fcode="write"/>
<opset="write_ln0/1 "/>
</bind>
</comp>

<comp id="383" class="1004" name="write_ln0_write_fu_383">
<pin_list>
<pin id="384" dir="0" index="0" bw="0" slack="0"/>
<pin id="385" dir="0" index="1" bw="32" slack="0"/>
<pin id="386" dir="0" index="2" bw="32" slack="0"/>
<pin id="387" dir="1" index="3" bw="0" slack="2147483647"/>
</pin_list>
<bind>
<opcode="write(1151) " fcode="write"/>
<opset="write_ln0/1 "/>
</bind>
</comp>

<comp id="390" class="1004" name="write_ln0_write_fu_390">
<pin_list>
<pin id="391" dir="0" index="0" bw="0" slack="0"/>
<pin id="392" dir="0" index="1" bw="32" slack="0"/>
<pin id="393" dir="0" index="2" bw="32" slack="0"/>
<pin id="394" dir="1" index="3" bw="0" slack="2147483647"/>
</pin_list>
<bind>
<opcode="write(1151) " fcode="write"/>
<opset="write_ln0/1 "/>
</bind>
</comp>

<comp id="397" class="1004" name="write_ln0_write_fu_397">
<pin_list>
<pin id="398" dir="0" index="0" bw="0" slack="0"/>
<pin id="399" dir="0" index="1" bw="32" slack="0"/>
<pin id="400" dir="0" index="2" bw="32" slack="0"/>
<pin id="401" dir="1" index="3" bw="0" slack="2147483647"/>
</pin_list>
<bind>
<opcode="write(1151) " fcode="write"/>
<opset="write_ln0/1 "/>
</bind>
</comp>

<comp id="404" class="1004" name="write_ln0_write_fu_404">
<pin_list>
<pin id="405" dir="0" index="0" bw="0" slack="0"/>
<pin id="406" dir="0" index="1" bw="32" slack="0"/>
<pin id="407" dir="0" index="2" bw="32" slack="0"/>
<pin id="408" dir="1" index="3" bw="0" slack="2147483647"/>
</pin_list>
<bind>
<opcode="write(1151) " fcode="write"/>
<opset="write_ln0/1 "/>
</bind>
</comp>

<comp id="411" class="1004" name="write_ln0_write_fu_411">
<pin_list>
<pin id="412" dir="0" index="0" bw="0" slack="0"/>
<pin id="413" dir="0" index="1" bw="32" slack="0"/>
<pin id="414" dir="0" index="2" bw="32" slack="0"/>
<pin id="415" dir="1" index="3" bw="0" slack="2147483647"/>
</pin_list>
<bind>
<opcode="write(1151) " fcode="write"/>
<opset="write_ln0/1 "/>
</bind>
</comp>

<comp id="418" class="1004" name="write_ln0_write_fu_418">
<pin_list>
<pin id="419" dir="0" index="0" bw="0" slack="0"/>
<pin id="420" dir="0" index="1" bw="32" slack="0"/>
<pin id="421" dir="0" index="2" bw="32" slack="0"/>
<pin id="422" dir="1" index="3" bw="0" slack="2147483647"/>
</pin_list>
<bind>
<opcode="write(1151) " fcode="write"/>
<opset="write_ln0/1 "/>
</bind>
</comp>

<comp id="425" class="1004" name="write_ln0_write_fu_425">
<pin_list>
<pin id="426" dir="0" index="0" bw="0" slack="0"/>
<pin id="427" dir="0" index="1" bw="32" slack="0"/>
<pin id="428" dir="0" index="2" bw="32" slack="0"/>
<pin id="429" dir="1" index="3" bw="0" slack="2147483647"/>
</pin_list>
<bind>
<opcode="write(1151) " fcode="write"/>
<opset="write_ln0/1 "/>
</bind>
</comp>

<comp id="432" class="1004" name="write_ln0_write_fu_432">
<pin_list>
<pin id="433" dir="0" index="0" bw="0" slack="0"/>
<pin id="434" dir="0" index="1" bw="32" slack="0"/>
<pin id="435" dir="0" index="2" bw="32" slack="0"/>
<pin id="436" dir="1" index="3" bw="0" slack="2147483647"/>
</pin_list>
<bind>
<opcode="write(1151) " fcode="write"/>
<opset="write_ln0/1 "/>
</bind>
</comp>

<comp id="439" class="1004" name="write_ln0_write_fu_439">
<pin_list>
<pin id="440" dir="0" index="0" bw="0" slack="0"/>
<pin id="441" dir="0" index="1" bw="32" slack="0"/>
<pin id="442" dir="0" index="2" bw="32" slack="0"/>
<pin id="443" dir="1" index="3" bw="0" slack="2147483647"/>
</pin_list>
<bind>
<opcode="write(1151) " fcode="write"/>
<opset="write_ln0/1 "/>
</bind>
</comp>

<comp id="446" class="1004" name="write_ln0_write_fu_446">
<pin_list>
<pin id="447" dir="0" index="0" bw="0" slack="0"/>
<pin id="448" dir="0" index="1" bw="32" slack="0"/>
<pin id="449" dir="0" index="2" bw="32" slack="0"/>
<pin id="450" dir="1" index="3" bw="0" slack="2147483647"/>
</pin_list>
<bind>
<opcode="write(1151) " fcode="write"/>
<opset="write_ln0/1 "/>
</bind>
</comp>

<comp id="453" class="1004" name="write_ln0_write_fu_453">
<pin_list>
<pin id="454" dir="0" index="0" bw="0" slack="0"/>
<pin id="455" dir="0" index="1" bw="32" slack="0"/>
<pin id="456" dir="0" index="2" bw="32" slack="0"/>
<pin id="457" dir="1" index="3" bw="0" slack="2147483647"/>
</pin_list>
<bind>
<opcode="write(1151) " fcode="write"/>
<opset="write_ln0/1 "/>
</bind>
</comp>

<comp id="460" class="1004" name="write_ln0_write_fu_460">
<pin_list>
<pin id="461" dir="0" index="0" bw="0" slack="0"/>
<pin id="462" dir="0" index="1" bw="32" slack="0"/>
<pin id="463" dir="0" index="2" bw="32" slack="0"/>
<pin id="464" dir="1" index="3" bw="0" slack="2147483647"/>
</pin_list>
<bind>
<opcode="write(1151) " fcode="write"/>
<opset="write_ln0/1 "/>
</bind>
</comp>

<comp id="467" class="1004" name="write_ln0_write_fu_467">
<pin_list>
<pin id="468" dir="0" index="0" bw="0" slack="0"/>
<pin id="469" dir="0" index="1" bw="32" slack="0"/>
<pin id="470" dir="0" index="2" bw="32" slack="0"/>
<pin id="471" dir="1" index="3" bw="0" slack="2147483647"/>
</pin_list>
<bind>
<opcode="write(1151) " fcode="write"/>
<opset="write_ln0/1 "/>
</bind>
</comp>

<comp id="474" class="1004" name="write_ln0_write_fu_474">
<pin_list>
<pin id="475" dir="0" index="0" bw="0" slack="0"/>
<pin id="476" dir="0" index="1" bw="32" slack="0"/>
<pin id="477" dir="0" index="2" bw="32" slack="0"/>
<pin id="478" dir="1" index="3" bw="0" slack="2147483647"/>
</pin_list>
<bind>
<opcode="write(1151) " fcode="write"/>
<opset="write_ln0/1 "/>
</bind>
</comp>

<comp id="481" class="1004" name="write_ln0_write_fu_481">
<pin_list>
<pin id="482" dir="0" index="0" bw="0" slack="0"/>
<pin id="483" dir="0" index="1" bw="32" slack="0"/>
<pin id="484" dir="0" index="2" bw="32" slack="0"/>
<pin id="485" dir="1" index="3" bw="0" slack="2147483647"/>
</pin_list>
<bind>
<opcode="write(1151) " fcode="write"/>
<opset="write_ln0/1 "/>
</bind>
</comp>

<comp id="488" class="1004" name="write_ln0_write_fu_488">
<pin_list>
<pin id="489" dir="0" index="0" bw="0" slack="0"/>
<pin id="490" dir="0" index="1" bw="32" slack="0"/>
<pin id="491" dir="0" index="2" bw="32" slack="0"/>
<pin id="492" dir="1" index="3" bw="0" slack="2147483647"/>
</pin_list>
<bind>
<opcode="write(1151) " fcode="write"/>
<opset="write_ln0/1 "/>
</bind>
</comp>

<comp id="495" class="1004" name="store_ln22_store_fu_495">
<pin_list>
<pin id="496" dir="0" index="0" bw="1" slack="0"/>
<pin id="497" dir="0" index="1" bw="6" slack="0"/>
<pin id="498" dir="1" index="2" bw="0" slack="2147483647"/>
</pin_list>
<bind>
<opcode="store(28) " fcode="store"/>
<opset="store_ln22/1 "/>
</bind>
</comp>

<comp id="500" class="1004" name="i_1_load_fu_500">
<pin_list>
<pin id="501" dir="0" index="0" bw="6" slack="0"/>
<pin id="502" dir="1" index="1" bw="6" slack="0"/>
</pin_list>
<bind>
<opcode="load(27) " fcode="load"/>
<opset="i_1/1 "/>
</bind>
</comp>

<comp id="503" class="1004" name="icmp_ln22_fu_503">
<pin_list>
<pin id="504" dir="0" index="0" bw="6" slack="0"/>
<pin id="505" dir="0" index="1" bw="6" slack="0"/>
<pin id="506" dir="1" index="2" bw="1" slack="2147483647"/>
</pin_list>
<bind>
<opcode="icmp(45) " fcode="icmp"/>
<opset="icmp_ln22/1 "/>
</bind>
</comp>

<comp id="509" class="1004" name="add_ln22_fu_509">
<pin_list>
<pin id="510" dir="0" index="0" bw="6" slack="0"/>
<pin id="511" dir="0" index="1" bw="1" slack="0"/>
<pin id="512" dir="1" index="2" bw="6" slack="0"/>
</pin_list>
<bind>
<opcode="add(8) " fcode="add"/>
<opset="add_ln22/1 "/>
</bind>
</comp>

<comp id="515" class="1004" name="trunc_ln22_fu_515">
<pin_list>
<pin id="516" dir="0" index="0" bw="6" slack="0"/>
<pin id="517" dir="1" index="1" bw="5" slack="0"/>
</pin_list>
<bind>
<opcode="trunc(33) " fcode="trunc"/>
<opset="trunc_ln22/1 "/>
</bind>
</comp>

<comp id="519" class="1004" name="switch_ln23_fu_519">
<pin_list>
<pin id="520" dir="0" index="0" bw="5" slack="0"/>
<pin id="521" dir="0" index="1" bw="1" slack="0"/>
<pin id="522" dir="0" index="2" bw="1" slack="0"/>
<pin id="523" dir="0" index="3" bw="3" slack="0"/>
<pin id="524" dir="0" index="4" bw="3" slack="0"/>
<pin id="525" dir="0" index="5" bw="4" slack="0"/>
<pin id="526" dir="0" index="6" bw="4" slack="0"/>
<pin id="527" dir="0" index="7" bw="4" slack="0"/>
<pin id="528" dir="0" index="8" bw="4" slack="0"/>
<pin id="529" dir="0" index="9" bw="5" slack="0"/>
<pin id="530" dir="0" index="10" bw="5" slack="0"/>
<pin id="531" dir="0" index="11" bw="5" slack="0"/>
<pin id="532" dir="0" index="12" bw="5" slack="0"/>
<pin id="533" dir="0" index="13" bw="5" slack="0"/>
<pin id="534" dir="0" index="14" bw="5" slack="0"/>
<pin id="535" dir="0" index="15" bw="5" slack="0"/>
<pin id="536" dir="0" index="16" bw="5" slack="0"/>
<pin id="537" dir="0" index="17" bw="5" slack="0"/>
<pin id="538" dir="0" index="18" bw="5" slack="0"/>
<pin id="539" dir="0" index="19" bw="5" slack="0"/>
<pin id="540" dir="0" index="20" bw="5" slack="0"/>
<pin id="541" dir="0" index="21" bw="5" slack="0"/>
<pin id="542" dir="0" index="22" bw="5" slack="0"/>
<pin id="543" dir="0" index="23" bw="5" slack="0"/>
<pin id="544" dir="0" index="24" bw="5" slack="0"/>
<pin id="545" dir="0" index="25" bw="4" slack="0"/>
<pin id="546" dir="0" index="26" bw="4" slack="0"/>
<pin id="547" dir="0" index="27" bw="4" slack="0"/>
<pin id="548" dir="0" index="28" bw="4" slack="0"/>
<pin id="549" dir="0" index="29" bw="3" slack="0"/>
<pin id="550" dir="0" index="30" bw="3" slack="0"/>
<pin id="551" dir="0" index="31" bw="2" slack="0"/>
<pin id="552" dir="1" index="32" bw="0" slack="2147483647"/>
</pin_list>
<bind>
<opcode="switch(3) " fcode="switch"/>
<opset="switch_ln23/1 "/>
</bind>
</comp>

<comp id="585" class="1004" name="store_ln20_store_fu_585">
<pin_list>
<pin id="586" dir="0" index="0" bw="1" slack="0"/>
<pin id="587" dir="0" index="1" bw="32" slack="0"/>
<pin id="588" dir="1" index="2" bw="0" slack="2147483647"/>
</pin_list>
<bind>
<opcode="store(28) " fcode="store"/>
<opset="store_ln20/1 "/>
</bind>
</comp>

<comp id="590" class="1004" name="store_ln20_store_fu_590">
<pin_list>
<pin id="591" dir="0" index="0" bw="1" slack="0"/>
<pin id="592" dir="0" index="1" bw="32" slack="0"/>
<pin id="593" dir="1" index="2" bw="0" slack="2147483647"/>
</pin_list>
<bind>
<opcode="store(28) " fcode="store"/>
<opset="store_ln20/1 "/>
</bind>
</comp>

<comp id="595" class="1004" name="store_ln20_store_fu_595">
<pin_list>
<pin id="596" dir="0" index="0" bw="1" slack="0"/>
<pin id="597" dir="0" index="1" bw="32" slack="0"/>
<pin id="598" dir="1" index="2" bw="0" slack="2147483647"/>
</pin_list>
<bind>
<opcode="store(28) " fcode="store"/>
<opset="store_ln20/1 "/>
</bind>
</comp>

<comp id="600" class="1004" name="store_ln20_store_fu_600">
<pin_list>
<pin id="601" dir="0" index="0" bw="1" slack="0"/>
<pin id="602" dir="0" index="1" bw="32" slack="0"/>
<pin id="603" dir="1" index="2" bw="0" slack="2147483647"/>
</pin_list>
<bind>
<opcode="store(28) " fcode="store"/>
<opset="store_ln20/1 "/>
</bind>
</comp>

<comp id="605" class="1004" name="store_ln20_store_fu_605">
<pin_list>
<pin id="606" dir="0" index="0" bw="1" slack="0"/>
<pin id="607" dir="0" index="1" bw="32" slack="0"/>
<pin id="608" dir="1" index="2" bw="0" slack="2147483647"/>
</pin_list>
<bind>
<opcode="store(28) " fcode="store"/>
<opset="store_ln20/1 "/>
</bind>
</comp>

<comp id="610" class="1004" name="store_ln20_store_fu_610">
<pin_list>
<pin id="611" dir="0" index="0" bw="1" slack="0"/>
<pin id="612" dir="0" index="1" bw="32" slack="0"/>
<pin id="613" dir="1" index="2" bw="0" slack="2147483647"/>
</pin_list>
<bind>
<opcode="store(28) " fcode="store"/>
<opset="store_ln20/1 "/>
</bind>
</comp>

<comp id="615" class="1004" name="store_ln20_store_fu_615">
<pin_list>
<pin id="616" dir="0" index="0" bw="1" slack="0"/>
<pin id="617" dir="0" index="1" bw="32" slack="0"/>
<pin id="618" dir="1" index="2" bw="0" slack="2147483647"/>
</pin_list>
<bind>
<opcode="store(28) " fcode="store"/>
<opset="store_ln20/1 "/>
</bind>
</comp>

<comp id="620" class="1004" name="store_ln20_store_fu_620">
<pin_list>
<pin id="621" dir="0" index="0" bw="1" slack="0"/>
<pin id="622" dir="0" index="1" bw="32" slack="0"/>
<pin id="623" dir="1" index="2" bw="0" slack="2147483647"/>
</pin_list>
<bind>
<opcode="store(28) " fcode="store"/>
<opset="store_ln20/1 "/>
</bind>
</comp>

<comp id="625" class="1004" name="store_ln20_store_fu_625">
<pin_list>
<pin id="626" dir="0" index="0" bw="1" slack="0"/>
<pin id="627" dir="0" index="1" bw="32" slack="0"/>
<pin id="628" dir="1" index="2" bw="0" slack="2147483647"/>
</pin_list>
<bind>
<opcode="store(28) " fcode="store"/>
<opset="store_ln20/1 "/>
</bind>
</comp>

<comp id="630" class="1004" name="store_ln20_store_fu_630">
<pin_list>
<pin id="631" dir="0" index="0" bw="1" slack="0"/>
<pin id="632" dir="0" index="1" bw="32" slack="0"/>
<pin id="633" dir="1" index="2" bw="0" slack="2147483647"/>
</pin_list>
<bind>
<opcode="store(28) " fcode="store"/>
<opset="store_ln20/1 "/>
</bind>
</comp>

<comp id="635" class="1004" name="store_ln20_store_fu_635">
<pin_list>
<pin id="636" dir="0" index="0" bw="1" slack="0"/>
<pin id="637" dir="0" index="1" bw="32" slack="0"/>
<pin id="638" dir="1" index="2" bw="0" slack="2147483647"/>
</pin_list>
<bind>
<opcode="store(28) " fcode="store"/>
<opset="store_ln20/1 "/>
</bind>
</comp>

<comp id="640" class="1004" name="store_ln20_store_fu_640">
<pin_list>
<pin id="641" dir="0" index="0" bw="1" slack="0"/>
<pin id="642" dir="0" index="1" bw="32" slack="0"/>
<pin id="643" dir="1" index="2" bw="0" slack="2147483647"/>
</pin_list>
<bind>
<opcode="store(28) " fcode="store"/>
<opset="store_ln20/1 "/>
</bind>
</comp>

<comp id="645" class="1004" name="store_ln20_store_fu_645">
<pin_list>
<pin id="646" dir="0" index="0" bw="1" slack="0"/>
<pin id="647" dir="0" index="1" bw="32" slack="0"/>
<pin id="648" dir="1" index="2" bw="0" slack="2147483647"/>
</pin_list>
<bind>
<opcode="store(28) " fcode="store"/>
<opset="store_ln20/1 "/>
</bind>
</comp>

<comp id="650" class="1004" name="store_ln20_store_fu_650">
<pin_list>
<pin id="651" dir="0" index="0" bw="1" slack="0"/>
<pin id="652" dir="0" index="1" bw="32" slack="0"/>
<pin id="653" dir="1" index="2" bw="0" slack="2147483647"/>
</pin_list>
<bind>
<opcode="store(28) " fcode="store"/>
<opset="store_ln20/1 "/>
</bind>
</comp>

<comp id="655" class="1004" name="store_ln20_store_fu_655">
<pin_list>
<pin id="656" dir="0" index="0" bw="1" slack="0"/>
<pin id="657" dir="0" index="1" bw="32" slack="0"/>
<pin id="658" dir="1" index="2" bw="0" slack="2147483647"/>
</pin_list>
<bind>
<opcode="store(28) " fcode="store"/>
<opset="store_ln20/1 "/>
</bind>
</comp>

<comp id="660" class="1004" name="store_ln20_store_fu_660">
<pin_list>
<pin id="661" dir="0" index="0" bw="1" slack="0"/>
<pin id="662" dir="0" index="1" bw="32" slack="0"/>
<pin id="663" dir="1" index="2" bw="0" slack="2147483647"/>
</pin_list>
<bind>
<opcode="store(28) " fcode="store"/>
<opset="store_ln20/1 "/>
</bind>
</comp>

<comp id="665" class="1004" name="store_ln20_store_fu_665">
<pin_list>
<pin id="666" dir="0" index="0" bw="1" slack="0"/>
<pin id="667" dir="0" index="1" bw="32" slack="0"/>
<pin id="668" dir="1" index="2" bw="0" slack="2147483647"/>
</pin_list>
<bind>
<opcode="store(28) " fcode="store"/>
<opset="store_ln20/1 "/>
</bind>
</comp>

<comp id="670" class="1004" name="store_ln20_store_fu_670">
<pin_list>
<pin id="671" dir="0" index="0" bw="1" slack="0"/>
<pin id="672" dir="0" index="1" bw="32" slack="0"/>
<pin id="673" dir="1" index="2" bw="0" slack="2147483647"/>
</pin_list>
<bind>
<opcode="store(28) " fcode="store"/>
<opset="store_ln20/1 "/>
</bind>
</comp>

<comp id="675" class="1004" name="store_ln20_store_fu_675">
<pin_list>
<pin id="676" dir="0" index="0" bw="1" slack="0"/>
<pin id="677" dir="0" index="1" bw="32" slack="0"/>
<pin id="678" dir="1" index="2" bw="0" slack="2147483647"/>
</pin_list>
<bind>
<opcode="store(28) " fcode="store"/>
<opset="store_ln20/1 "/>
</bind>
</comp>

<comp id="680" class="1004" name="store_ln20_store_fu_680">
<pin_list>
<pin id="681" dir="0" index="0" bw="1" slack="0"/>
<pin id="682" dir="0" index="1" bw="32" slack="0"/>
<pin id="683" dir="1" index="2" bw="0" slack="2147483647"/>
</pin_list>
<bind>
<opcode="store(28) " fcode="store"/>
<opset="store_ln20/1 "/>
</bind>
</comp>

<comp id="685" class="1004" name="store_ln20_store_fu_685">
<pin_list>
<pin id="686" dir="0" index="0" bw="1" slack="0"/>
<pin id="687" dir="0" index="1" bw="32" slack="0"/>
<pin id="688" dir="1" index="2" bw="0" slack="2147483647"/>
</pin_list>
<bind>
<opcode="store(28) " fcode="store"/>
<opset="store_ln20/1 "/>
</bind>
</comp>

<comp id="690" class="1004" name="store_ln20_store_fu_690">
<pin_list>
<pin id="691" dir="0" index="0" bw="1" slack="0"/>
<pin id="692" dir="0" index="1" bw="32" slack="0"/>
<pin id="693" dir="1" index="2" bw="0" slack="2147483647"/>
</pin_list>
<bind>
<opcode="store(28) " fcode="store"/>
<opset="store_ln20/1 "/>
</bind>
</comp>

<comp id="695" class="1004" name="store_ln20_store_fu_695">
<pin_list>
<pin id="696" dir="0" index="0" bw="1" slack="0"/>
<pin id="697" dir="0" index="1" bw="32" slack="0"/>
<pin id="698" dir="1" index="2" bw="0" slack="2147483647"/>
</pin_list>
<bind>
<opcode="store(28) " fcode="store"/>
<opset="store_ln20/1 "/>
</bind>
</comp>

<comp id="700" class="1004" name="store_ln20_store_fu_700">
<pin_list>
<pin id="701" dir="0" index="0" bw="1" slack="0"/>
<pin id="702" dir="0" index="1" bw="32" slack="0"/>
<pin id="703" dir="1" index="2" bw="0" slack="2147483647"/>
</pin_list>
<bind>
<opcode="store(28) " fcode="store"/>
<opset="store_ln20/1 "/>
</bind>
</comp>

<comp id="705" class="1004" name="store_ln20_store_fu_705">
<pin_list>
<pin id="706" dir="0" index="0" bw="1" slack="0"/>
<pin id="707" dir="0" index="1" bw="32" slack="0"/>
<pin id="708" dir="1" index="2" bw="0" slack="2147483647"/>
</pin_list>
<bind>
<opcode="store(28) " fcode="store"/>
<opset="store_ln20/1 "/>
</bind>
</comp>

<comp id="710" class="1004" name="store_ln20_store_fu_710">
<pin_list>
<pin id="711" dir="0" index="0" bw="1" slack="0"/>
<pin id="712" dir="0" index="1" bw="32" slack="0"/>
<pin id="713" dir="1" index="2" bw="0" slack="2147483647"/>
</pin_list>
<bind>
<opcode="store(28) " fcode="store"/>
<opset="store_ln20/1 "/>
</bind>
</comp>

<comp id="715" class="1004" name="store_ln20_store_fu_715">
<pin_list>
<pin id="716" dir="0" index="0" bw="1" slack="0"/>
<pin id="717" dir="0" index="1" bw="32" slack="0"/>
<pin id="718" dir="1" index="2" bw="0" slack="2147483647"/>
</pin_list>
<bind>
<opcode="store(28) " fcode="store"/>
<opset="store_ln20/1 "/>
</bind>
</comp>

<comp id="720" class="1004" name="store_ln20_store_fu_720">
<pin_list>
<pin id="721" dir="0" index="0" bw="1" slack="0"/>
<pin id="722" dir="0" index="1" bw="32" slack="0"/>
<pin id="723" dir="1" index="2" bw="0" slack="2147483647"/>
</pin_list>
<bind>
<opcode="store(28) " fcode="store"/>
<opset="store_ln20/1 "/>
</bind>
</comp>

<comp id="725" class="1004" name="store_ln20_store_fu_725">
<pin_list>
<pin id="726" dir="0" index="0" bw="1" slack="0"/>
<pin id="727" dir="0" index="1" bw="32" slack="0"/>
<pin id="728" dir="1" index="2" bw="0" slack="2147483647"/>
</pin_list>
<bind>
<opcode="store(28) " fcode="store"/>
<opset="store_ln20/1 "/>
</bind>
</comp>

<comp id="730" class="1004" name="store_ln20_store_fu_730">
<pin_list>
<pin id="731" dir="0" index="0" bw="1" slack="0"/>
<pin id="732" dir="0" index="1" bw="32" slack="0"/>
<pin id="733" dir="1" index="2" bw="0" slack="2147483647"/>
</pin_list>
<bind>
<opcode="store(28) " fcode="store"/>
<opset="store_ln20/1 "/>
</bind>
</comp>

<comp id="735" class="1004" name="store_ln20_store_fu_735">
<pin_list>
<pin id="736" dir="0" index="0" bw="1" slack="0"/>
<pin id="737" dir="0" index="1" bw="32" slack="0"/>
<pin id="738" dir="1" index="2" bw="0" slack="2147483647"/>
</pin_list>
<bind>
<opcode="store(28) " fcode="store"/>
<opset="store_ln20/1 "/>
</bind>
</comp>

<comp id="740" class="1004" name="store_ln22_store_fu_740">
<pin_list>
<pin id="741" dir="0" index="0" bw="6" slack="0"/>
<pin id="742" dir="0" index="1" bw="6" slack="0"/>
<pin id="743" dir="1" index="2" bw="0" slack="2147483647"/>
</pin_list>
<bind>
<opcode="store(28) " fcode="store"/>
<opset="store_ln22/1 "/>
</bind>
</comp>

<comp id="745" class="1004" name="reg_file_load_load_fu_745">
<pin_list>
<pin id="746" dir="0" index="0" bw="32" slack="0"/>
<pin id="747" dir="1" index="1" bw="32" slack="0"/>
</pin_list>
<bind>
<opcode="load(27) " fcode="load"/>
<opset="reg_file_load/1 "/>
</bind>
</comp>

<comp id="749" class="1004" name="reg_file_1_load_load_fu_749">
<pin_list>
<pin id="750" dir="0" index="0" bw="32" slack="0"/>
<pin id="751" dir="1" index="1" bw="32" slack="0"/>
</pin_list>
<bind>
<opcode="load(27) " fcode="load"/>
<opset="reg_file_1_load/1 "/>
</bind>
</comp>

<comp id="753" class="1004" name="reg_file_2_load_load_fu_753">
<pin_list>
<pin id="754" dir="0" index="0" bw="32" slack="0"/>
<pin id="755" dir="1" index="1" bw="32" slack="0"/>
</pin_list>
<bind>
<opcode="load(27) " fcode="load"/>
<opset="reg_file_2_load/1 "/>
</bind>
</comp>

<comp id="757" class="1004" name="reg_file_3_load_load_fu_757">
<pin_list>
<pin id="758" dir="0" index="0" bw="32" slack="0"/>
<pin id="759" dir="1" index="1" bw="32" slack="0"/>
</pin_list>
<bind>
<opcode="load(27) " fcode="load"/>
<opset="reg_file_3_load/1 "/>
</bind>
</comp>

<comp id="761" class="1004" name="reg_file_4_load_load_fu_761">
<pin_list>
<pin id="762" dir="0" index="0" bw="32" slack="0"/>
<pin id="763" dir="1" index="1" bw="32" slack="0"/>
</pin_list>
<bind>
<opcode="load(27) " fcode="load"/>
<opset="reg_file_4_load/1 "/>
</bind>
</comp>

<comp id="765" class="1004" name="reg_file_5_load_load_fu_765">
<pin_list>
<pin id="766" dir="0" index="0" bw="32" slack="0"/>
<pin id="767" dir="1" index="1" bw="32" slack="0"/>
</pin_list>
<bind>
<opcode="load(27) " fcode="load"/>
<opset="reg_file_5_load/1 "/>
</bind>
</comp>

<comp id="769" class="1004" name="reg_file_6_load_load_fu_769">
<pin_list>
<pin id="770" dir="0" index="0" bw="32" slack="0"/>
<pin id="771" dir="1" index="1" bw="32" slack="0"/>
</pin_list>
<bind>
<opcode="load(27) " fcode="load"/>
<opset="reg_file_6_load/1 "/>
</bind>
</comp>

<comp id="773" class="1004" name="reg_file_7_load_load_fu_773">
<pin_list>
<pin id="774" dir="0" index="0" bw="32" slack="0"/>
<pin id="775" dir="1" index="1" bw="32" slack="0"/>
</pin_list>
<bind>
<opcode="load(27) " fcode="load"/>
<opset="reg_file_7_load/1 "/>
</bind>
</comp>

<comp id="777" class="1004" name="reg_file_8_load_load_fu_777">
<pin_list>
<pin id="778" dir="0" index="0" bw="32" slack="0"/>
<pin id="779" dir="1" index="1" bw="32" slack="0"/>
</pin_list>
<bind>
<opcode="load(27) " fcode="load"/>
<opset="reg_file_8_load/1 "/>
</bind>
</comp>

<comp id="781" class="1004" name="reg_file_9_load_load_fu_781">
<pin_list>
<pin id="782" dir="0" index="0" bw="32" slack="0"/>
<pin id="783" dir="1" index="1" bw="32" slack="0"/>
</pin_list>
<bind>
<opcode="load(27) " fcode="load"/>
<opset="reg_file_9_load/1 "/>
</bind>
</comp>

<comp id="785" class="1004" name="reg_file_10_load_load_fu_785">
<pin_list>
<pin id="786" dir="0" index="0" bw="32" slack="0"/>
<pin id="787" dir="1" index="1" bw="32" slack="0"/>
</pin_list>
<bind>
<opcode="load(27) " fcode="load"/>
<opset="reg_file_10_load/1 "/>
</bind>
</comp>

<comp id="789" class="1004" name="reg_file_11_load_load_fu_789">
<pin_list>
<pin id="790" dir="0" index="0" bw="32" slack="0"/>
<pin id="791" dir="1" index="1" bw="32" slack="0"/>
</pin_list>
<bind>
<opcode="load(27) " fcode="load"/>
<opset="reg_file_11_load/1 "/>
</bind>
</comp>

<comp id="793" class="1004" name="reg_file_12_load_load_fu_793">
<pin_list>
<pin id="794" dir="0" index="0" bw="32" slack="0"/>
<pin id="795" dir="1" index="1" bw="32" slack="0"/>
</pin_list>
<bind>
<opcode="load(27) " fcode="load"/>
<opset="reg_file_12_load/1 "/>
</bind>
</comp>

<comp id="797" class="1004" name="reg_file_13_load_load_fu_797">
<pin_list>
<pin id="798" dir="0" index="0" bw="32" slack="0"/>
<pin id="799" dir="1" index="1" bw="32" slack="0"/>
</pin_list>
<bind>
<opcode="load(27) " fcode="load"/>
<opset="reg_file_13_load/1 "/>
</bind>
</comp>

<comp id="801" class="1004" name="reg_file_14_load_load_fu_801">
<pin_list>
<pin id="802" dir="0" index="0" bw="32" slack="0"/>
<pin id="803" dir="1" index="1" bw="32" slack="0"/>
</pin_list>
<bind>
<opcode="load(27) " fcode="load"/>
<opset="reg_file_14_load/1 "/>
</bind>
</comp>

<comp id="805" class="1004" name="reg_file_15_load_load_fu_805">
<pin_list>
<pin id="806" dir="0" index="0" bw="32" slack="0"/>
<pin id="807" dir="1" index="1" bw="32" slack="0"/>
</pin_list>
<bind>
<opcode="load(27) " fcode="load"/>
<opset="reg_file_15_load/1 "/>
</bind>
</comp>

<comp id="809" class="1004" name="reg_file_16_load_load_fu_809">
<pin_list>
<pin id="810" dir="0" index="0" bw="32" slack="0"/>
<pin id="811" dir="1" index="1" bw="32" slack="0"/>
</pin_list>
<bind>
<opcode="load(27) " fcode="load"/>
<opset="reg_file_16_load/1 "/>
</bind>
</comp>

<comp id="813" class="1004" name="reg_file_17_load_load_fu_813">
<pin_list>
<pin id="814" dir="0" index="0" bw="32" slack="0"/>
<pin id="815" dir="1" index="1" bw="32" slack="0"/>
</pin_list>
<bind>
<opcode="load(27) " fcode="load"/>
<opset="reg_file_17_load/1 "/>
</bind>
</comp>

<comp id="817" class="1004" name="reg_file_18_load_load_fu_817">
<pin_list>
<pin id="818" dir="0" index="0" bw="32" slack="0"/>
<pin id="819" dir="1" index="1" bw="32" slack="0"/>
</pin_list>
<bind>
<opcode="load(27) " fcode="load"/>
<opset="reg_file_18_load/1 "/>
</bind>
</comp>

<comp id="821" class="1004" name="reg_file_19_load_load_fu_821">
<pin_list>
<pin id="822" dir="0" index="0" bw="32" slack="0"/>
<pin id="823" dir="1" index="1" bw="32" slack="0"/>
</pin_list>
<bind>
<opcode="load(27) " fcode="load"/>
<opset="reg_file_19_load/1 "/>
</bind>
</comp>

<comp id="825" class="1004" name="reg_file_20_load_load_fu_825">
<pin_list>
<pin id="826" dir="0" index="0" bw="32" slack="0"/>
<pin id="827" dir="1" index="1" bw="32" slack="0"/>
</pin_list>
<bind>
<opcode="load(27) " fcode="load"/>
<opset="reg_file_20_load/1 "/>
</bind>
</comp>

<comp id="829" class="1004" name="reg_file_21_load_load_fu_829">
<pin_list>
<pin id="830" dir="0" index="0" bw="32" slack="0"/>
<pin id="831" dir="1" index="1" bw="32" slack="0"/>
</pin_list>
<bind>
<opcode="load(27) " fcode="load"/>
<opset="reg_file_21_load/1 "/>
</bind>
</comp>

<comp id="833" class="1004" name="reg_file_22_load_load_fu_833">
<pin_list>
<pin id="834" dir="0" index="0" bw="32" slack="0"/>
<pin id="835" dir="1" index="1" bw="32" slack="0"/>
</pin_list>
<bind>
<opcode="load(27) " fcode="load"/>
<opset="reg_file_22_load/1 "/>
</bind>
</comp>

<comp id="837" class="1004" name="reg_file_23_load_load_fu_837">
<pin_list>
<pin id="838" dir="0" index="0" bw="32" slack="0"/>
<pin id="839" dir="1" index="1" bw="32" slack="0"/>
</pin_list>
<bind>
<opcode="load(27) " fcode="load"/>
<opset="reg_file_23_load/1 "/>
</bind>
</comp>

<comp id="841" class="1004" name="reg_file_24_load_load_fu_841">
<pin_list>
<pin id="842" dir="0" index="0" bw="32" slack="0"/>
<pin id="843" dir="1" index="1" bw="32" slack="0"/>
</pin_list>
<bind>
<opcode="load(27) " fcode="load"/>
<opset="reg_file_24_load/1 "/>
</bind>
</comp>

<comp id="845" class="1004" name="reg_file_25_load_load_fu_845">
<pin_list>
<pin id="846" dir="0" index="0" bw="32" slack="0"/>
<pin id="847" dir="1" index="1" bw="32" slack="0"/>
</pin_list>
<bind>
<opcode="load(27) " fcode="load"/>
<opset="reg_file_25_load/1 "/>
</bind>
</comp>

<comp id="849" class="1004" name="reg_file_26_load_load_fu_849">
<pin_list>
<pin id="850" dir="0" index="0" bw="32" slack="0"/>
<pin id="851" dir="1" index="1" bw="32" slack="0"/>
</pin_list>
<bind>
<opcode="load(27) " fcode="load"/>
<opset="reg_file_26_load/1 "/>
</bind>
</comp>

<comp id="853" class="1004" name="reg_file_27_load_load_fu_853">
<pin_list>
<pin id="854" dir="0" index="0" bw="32" slack="0"/>
<pin id="855" dir="1" index="1" bw="32" slack="0"/>
</pin_list>
<bind>
<opcode="load(27) " fcode="load"/>
<opset="reg_file_27_load/1 "/>
</bind>
</comp>

<comp id="857" class="1004" name="reg_file_28_load_load_fu_857">
<pin_list>
<pin id="858" dir="0" index="0" bw="32" slack="0"/>
<pin id="859" dir="1" index="1" bw="32" slack="0"/>
</pin_list>
<bind>
<opcode="load(27) " fcode="load"/>
<opset="reg_file_28_load/1 "/>
</bind>
</comp>

<comp id="861" class="1004" name="reg_file_29_load_load_fu_861">
<pin_list>
<pin id="862" dir="0" index="0" bw="32" slack="0"/>
<pin id="863" dir="1" index="1" bw="32" slack="0"/>
</pin_list>
<bind>
<opcode="load(27) " fcode="load"/>
<opset="reg_file_29_load/1 "/>
</bind>
</comp>

<comp id="865" class="1004" name="reg_file_30_load_load_fu_865">
<pin_list>
<pin id="866" dir="0" index="0" bw="32" slack="0"/>
<pin id="867" dir="1" index="1" bw="32" slack="0"/>
</pin_list>
<bind>
<opcode="load(27) " fcode="load"/>
<opset="reg_file_30_load/1 "/>
</bind>
</comp>

<comp id="869" class="1005" name="i_reg_869">
<pin_list>
<pin id="870" dir="0" index="0" bw="6" slack="0"/>
<pin id="871" dir="1" index="1" bw="6" slack="0"/>
</pin_list>
<bind>
<opset="i "/>
</bind>
</comp>

<comp id="876" class="1005" name="reg_file_reg_876">
<pin_list>
<pin id="877" dir="0" index="0" bw="32" slack="0"/>
<pin id="878" dir="1" index="1" bw="32" slack="0"/>
</pin_list>
<bind>
<opset="reg_file "/>
</bind>
</comp>

<comp id="882" class="1005" name="reg_file_1_reg_882">
<pin_list>
<pin id="883" dir="0" index="0" bw="32" slack="0"/>
<pin id="884" dir="1" index="1" bw="32" slack="0"/>
</pin_list>
<bind>
<opset="reg_file_1 "/>
</bind>
</comp>

<comp id="888" class="1005" name="reg_file_2_reg_888">
<pin_list>
<pin id="889" dir="0" index="0" bw="32" slack="0"/>
<pin id="890" dir="1" index="1" bw="32" slack="0"/>
</pin_list>
<bind>
<opset="reg_file_2 "/>
</bind>
</comp>

<comp id="894" class="1005" name="reg_file_3_reg_894">
<pin_list>
<pin id="895" dir="0" index="0" bw="32" slack="0"/>
<pin id="896" dir="1" index="1" bw="32" slack="0"/>
</pin_list>
<bind>
<opset="reg_file_3 "/>
</bind>
</comp>

<comp id="900" class="1005" name="reg_file_4_reg_900">
<pin_list>
<pin id="901" dir="0" index="0" bw="32" slack="0"/>
<pin id="902" dir="1" index="1" bw="32" slack="0"/>
</pin_list>
<bind>
<opset="reg_file_4 "/>
</bind>
</comp>

<comp id="906" class="1005" name="reg_file_5_reg_906">
<pin_list>
<pin id="907" dir="0" index="0" bw="32" slack="0"/>
<pin id="908" dir="1" index="1" bw="32" slack="0"/>
</pin_list>
<bind>
<opset="reg_file_5 "/>
</bind>
</comp>

<comp id="912" class="1005" name="reg_file_6_reg_912">
<pin_list>
<pin id="913" dir="0" index="0" bw="32" slack="0"/>
<pin id="914" dir="1" index="1" bw="32" slack="0"/>
</pin_list>
<bind>
<opset="reg_file_6 "/>
</bind>
</comp>

<comp id="918" class="1005" name="reg_file_7_reg_918">
<pin_list>
<pin id="919" dir="0" index="0" bw="32" slack="0"/>
<pin id="920" dir="1" index="1" bw="32" slack="0"/>
</pin_list>
<bind>
<opset="reg_file_7 "/>
</bind>
</comp>

<comp id="924" class="1005" name="reg_file_8_reg_924">
<pin_list>
<pin id="925" dir="0" index="0" bw="32" slack="0"/>
<pin id="926" dir="1" index="1" bw="32" slack="0"/>
</pin_list>
<bind>
<opset="reg_file_8 "/>
</bind>
</comp>

<comp id="930" class="1005" name="reg_file_9_reg_930">
<pin_list>
<pin id="931" dir="0" index="0" bw="32" slack="0"/>
<pin id="932" dir="1" index="1" bw="32" slack="0"/>
</pin_list>
<bind>
<opset="reg_file_9 "/>
</bind>
</comp>

<comp id="936" class="1005" name="reg_file_10_reg_936">
<pin_list>
<pin id="937" dir="0" index="0" bw="32" slack="0"/>
<pin id="938" dir="1" index="1" bw="32" slack="0"/>
</pin_list>
<bind>
<opset="reg_file_10 "/>
</bind>
</comp>

<comp id="942" class="1005" name="reg_file_11_reg_942">
<pin_list>
<pin id="943" dir="0" index="0" bw="32" slack="0"/>
<pin id="944" dir="1" index="1" bw="32" slack="0"/>
</pin_list>
<bind>
<opset="reg_file_11 "/>
</bind>
</comp>

<comp id="948" class="1005" name="reg_file_12_reg_948">
<pin_list>
<pin id="949" dir="0" index="0" bw="32" slack="0"/>
<pin id="950" dir="1" index="1" bw="32" slack="0"/>
</pin_list>
<bind>
<opset="reg_file_12 "/>
</bind>
</comp>

<comp id="954" class="1005" name="reg_file_13_reg_954">
<pin_list>
<pin id="955" dir="0" index="0" bw="32" slack="0"/>
<pin id="956" dir="1" index="1" bw="32" slack="0"/>
</pin_list>
<bind>
<opset="reg_file_13 "/>
</bind>
</comp>

<comp id="960" class="1005" name="reg_file_14_reg_960">
<pin_list>
<pin id="961" dir="0" index="0" bw="32" slack="0"/>
<pin id="962" dir="1" index="1" bw="32" slack="0"/>
</pin_list>
<bind>
<opset="reg_file_14 "/>
</bind>
</comp>

<comp id="966" class="1005" name="reg_file_15_reg_966">
<pin_list>
<pin id="967" dir="0" index="0" bw="32" slack="0"/>
<pin id="968" dir="1" index="1" bw="32" slack="0"/>
</pin_list>
<bind>
<opset="reg_file_15 "/>
</bind>
</comp>

<comp id="972" class="1005" name="reg_file_16_reg_972">
<pin_list>
<pin id="973" dir="0" index="0" bw="32" slack="0"/>
<pin id="974" dir="1" index="1" bw="32" slack="0"/>
</pin_list>
<bind>
<opset="reg_file_16 "/>
</bind>
</comp>

<comp id="978" class="1005" name="reg_file_17_reg_978">
<pin_list>
<pin id="979" dir="0" index="0" bw="32" slack="0"/>
<pin id="980" dir="1" index="1" bw="32" slack="0"/>
</pin_list>
<bind>
<opset="reg_file_17 "/>
</bind>
</comp>

<comp id="984" class="1005" name="reg_file_18_reg_984">
<pin_list>
<pin id="985" dir="0" index="0" bw="32" slack="0"/>
<pin id="986" dir="1" index="1" bw="32" slack="0"/>
</pin_list>
<bind>
<opset="reg_file_18 "/>
</bind>
</comp>

<comp id="990" class="1005" name="reg_file_19_reg_990">
<pin_list>
<pin id="991" dir="0" index="0" bw="32" slack="0"/>
<pin id="992" dir="1" index="1" bw="32" slack="0"/>
</pin_list>
<bind>
<opset="reg_file_19 "/>
</bind>
</comp>

<comp id="996" class="1005" name="reg_file_20_reg_996">
<pin_list>
<pin id="997" dir="0" index="0" bw="32" slack="0"/>
<pin id="998" dir="1" index="1" bw="32" slack="0"/>
</pin_list>
<bind>
<opset="reg_file_20 "/>
</bind>
</comp>

<comp id="1002" class="1005" name="reg_file_21_reg_1002">
<pin_list>
<pin id="1003" dir="0" index="0" bw="32" slack="0"/>
<pin id="1004" dir="1" index="1" bw="32" slack="0"/>
</pin_list>
<bind>
<opset="reg_file_21 "/>
</bind>
</comp>

<comp id="1008" class="1005" name="reg_file_22_reg_1008">
<pin_list>
<pin id="1009" dir="0" index="0" bw="32" slack="0"/>
<pin id="1010" dir="1" index="1" bw="32" slack="0"/>
</pin_list>
<bind>
<opset="reg_file_22 "/>
</bind>
</comp>

<comp id="1014" class="1005" name="reg_file_23_reg_1014">
<pin_list>
<pin id="1015" dir="0" index="0" bw="32" slack="0"/>
<pin id="1016" dir="1" index="1" bw="32" slack="0"/>
</pin_list>
<bind>
<opset="reg_file_23 "/>
</bind>
</comp>

<comp id="1020" class="1005" name="reg_file_24_reg_1020">
<pin_list>
<pin id="1021" dir="0" index="0" bw="32" slack="0"/>
<pin id="1022" dir="1" index="1" bw="32" slack="0"/>
</pin_list>
<bind>
<opset="reg_file_24 "/>
</bind>
</comp>

<comp id="1026" class="1005" name="reg_file_25_reg_1026">
<pin_list>
<pin id="1027" dir="0" index="0" bw="32" slack="0"/>
<pin id="1028" dir="1" index="1" bw="32" slack="0"/>
</pin_list>
<bind>
<opset="reg_file_25 "/>
</bind>
</comp>

<comp id="1032" class="1005" name="reg_file_26_reg_1032">
<pin_list>
<pin id="1033" dir="0" index="0" bw="32" slack="0"/>
<pin id="1034" dir="1" index="1" bw="32" slack="0"/>
</pin_list>
<bind>
<opset="reg_file_26 "/>
</bind>
</comp>

<comp id="1038" class="1005" name="reg_file_27_reg_1038">
<pin_list>
<pin id="1039" dir="0" index="0" bw="32" slack="0"/>
<pin id="1040" dir="1" index="1" bw="32" slack="0"/>
</pin_list>
<bind>
<opset="reg_file_27 "/>
</bind>
</comp>

<comp id="1044" class="1005" name="reg_file_28_reg_1044">
<pin_list>
<pin id="1045" dir="0" index="0" bw="32" slack="0"/>
<pin id="1046" dir="1" index="1" bw="32" slack="0"/>
</pin_list>
<bind>
<opset="reg_file_28 "/>
</bind>
</comp>

<comp id="1050" class="1005" name="reg_file_29_reg_1050">
<pin_list>
<pin id="1051" dir="0" index="0" bw="32" slack="0"/>
<pin id="1052" dir="1" index="1" bw="32" slack="0"/>
</pin_list>
<bind>
<opset="reg_file_29 "/>
</bind>
</comp>

<comp id="1056" class="1005" name="reg_file_30_reg_1056">
<pin_list>
<pin id="1057" dir="0" index="0" bw="32" slack="0"/>
<pin id="1058" dir="1" index="1" bw="32" slack="0"/>
</pin_list>
<bind>
<opset="reg_file_30 "/>
</bind>
</comp>

</comp_list>

<net_list>
<net id="153"><net_src comp="62" pin="0"/><net_sink comp="150" pin=0"/></net>

<net id="157"><net_src comp="62" pin="0"/><net_sink comp="154" pin=0"/></net>

<net id="161"><net_src comp="62" pin="0"/><net_sink comp="158" pin=0"/></net>

<net id="165"><net_src comp="62" pin="0"/><net_sink comp="162" pin=0"/></net>

<net id="169"><net_src comp="62" pin="0"/><net_sink comp="166" pin=0"/></net>

<net id="173"><net_src comp="62" pin="0"/><net_sink comp="170" pin=0"/></net>

<net id="177"><net_src comp="62" pin="0"/><net_sink comp="174" pin=0"/></net>

<net id="181"><net_src comp="62" pin="0"/><net_sink comp="178" pin=0"/></net>

<net id="185"><net_src comp="62" pin="0"/><net_sink comp="182" pin=0"/></net>

<net id="189"><net_src comp="62" pin="0"/><net_sink comp="186" pin=0"/></net>

<net id="193"><net_src comp="62" pin="0"/><net_sink comp="190" pin=0"/></net>

<net id="197"><net_src comp="62" pin="0"/><net_sink comp="194" pin=0"/></net>

<net id="201"><net_src comp="62" pin="0"/><net_sink comp="198" pin=0"/></net>

<net id="205"><net_src comp="62" pin="0"/><net_sink comp="202" pin=0"/></net>

<net id="209"><net_src comp="62" pin="0"/><net_sink comp="206" pin=0"/></net>

<net id="213"><net_src comp="62" pin="0"/><net_sink comp="210" pin=0"/></net>

<net id="217"><net_src comp="62" pin="0"/><net_sink comp="214" pin=0"/></net>

<net id="221"><net_src comp="62" pin="0"/><net_sink comp="218" pin=0"/></net>

<net id="225"><net_src comp="62" pin="0"/><net_sink comp="222" pin=0"/></net>

<net id="229"><net_src comp="62" pin="0"/><net_sink comp="226" pin=0"/></net>

<net id="233"><net_src comp="62" pin="0"/><net_sink comp="230" pin=0"/></net>

<net id="237"><net_src comp="62" pin="0"/><net_sink comp="234" pin=0"/></net>

<net id="241"><net_src comp="62" pin="0"/><net_sink comp="238" pin=0"/></net>

<net id="245"><net_src comp="62" pin="0"/><net_sink comp="242" pin=0"/></net>

<net id="249"><net_src comp="62" pin="0"/><net_sink comp="246" pin=0"/></net>

<net id="253"><net_src comp="62" pin="0"/><net_sink comp="250" pin=0"/></net>

<net id="257"><net_src comp="62" pin="0"/><net_sink comp="254" pin=0"/></net>

<net id="261"><net_src comp="62" pin="0"/><net_sink comp="258" pin=0"/></net>

<net id="265"><net_src comp="62" pin="0"/><net_sink comp="262" pin=0"/></net>

<net id="269"><net_src comp="62" pin="0"/><net_sink comp="266" pin=0"/></net>

<net id="273"><net_src comp="62" pin="0"/><net_sink comp="270" pin=0"/></net>

<net id="277"><net_src comp="62" pin="0"/><net_sink comp="274" pin=0"/></net>

<net id="283"><net_src comp="148" pin="0"/><net_sink comp="278" pin=0"/></net>

<net id="284"><net_src comp="0" pin="0"/><net_sink comp="278" pin=1"/></net>

<net id="290"><net_src comp="148" pin="0"/><net_sink comp="285" pin=0"/></net>

<net id="291"><net_src comp="2" pin="0"/><net_sink comp="285" pin=1"/></net>

<net id="297"><net_src comp="148" pin="0"/><net_sink comp="292" pin=0"/></net>

<net id="298"><net_src comp="4" pin="0"/><net_sink comp="292" pin=1"/></net>

<net id="304"><net_src comp="148" pin="0"/><net_sink comp="299" pin=0"/></net>

<net id="305"><net_src comp="6" pin="0"/><net_sink comp="299" pin=1"/></net>

<net id="311"><net_src comp="148" pin="0"/><net_sink comp="306" pin=0"/></net>

<net id="312"><net_src comp="8" pin="0"/><net_sink comp="306" pin=1"/></net>

<net id="318"><net_src comp="148" pin="0"/><net_sink comp="313" pin=0"/></net>

<net id="319"><net_src comp="10" pin="0"/><net_sink comp="313" pin=1"/></net>

<net id="325"><net_src comp="148" pin="0"/><net_sink comp="320" pin=0"/></net>

<net id="326"><net_src comp="12" pin="0"/><net_sink comp="320" pin=1"/></net>

<net id="332"><net_src comp="148" pin="0"/><net_sink comp="327" pin=0"/></net>

<net id="333"><net_src comp="14" pin="0"/><net_sink comp="327" pin=1"/></net>

<net id="339"><net_src comp="148" pin="0"/><net_sink comp="334" pin=0"/></net>

<net id="340"><net_src comp="16" pin="0"/><net_sink comp="334" pin=1"/></net>

<net id="346"><net_src comp="148" pin="0"/><net_sink comp="341" pin=0"/></net>

<net id="347"><net_src comp="18" pin="0"/><net_sink comp="341" pin=1"/></net>

<net id="353"><net_src comp="148" pin="0"/><net_sink comp="348" pin=0"/></net>

<net id="354"><net_src comp="20" pin="0"/><net_sink comp="348" pin=1"/></net>

<net id="360"><net_src comp="148" pin="0"/><net_sink comp="355" pin=0"/></net>

<net id="361"><net_src comp="22" pin="0"/><net_sink comp="355" pin=1"/></net>

<net id="367"><net_src comp="148" pin="0"/><net_sink comp="362" pin=0"/></net>

<net id="368"><net_src comp="24" pin="0"/><net_sink comp="362" pin=1"/></net>

<net id="374"><net_src comp="148" pin="0"/><net_sink comp="369" pin=0"/></net>

<net id="375"><net_src comp="26" pin="0"/><net_sink comp="369" pin=1"/></net>

<net id="381"><net_src comp="148" pin="0"/><net_sink comp="376" pin=0"/></net>

<net id="382"><net_src comp="28" pin="0"/><net_sink comp="376" pin=1"/></net>

<net id="388"><net_src comp="148" pin="0"/><net_sink comp="383" pin=0"/></net>

<net id="389"><net_src comp="30" pin="0"/><net_sink comp="383" pin=1"/></net>

<net id="395"><net_src comp="148" pin="0"/><net_sink comp="390" pin=0"/></net>

<net id="396"><net_src comp="32" pin="0"/><net_sink comp="390" pin=1"/></net>

<net id="402"><net_src comp="148" pin="0"/><net_sink comp="397" pin=0"/></net>

<net id="403"><net_src comp="34" pin="0"/><net_sink comp="397" pin=1"/></net>

<net id="409"><net_src comp="148" pin="0"/><net_sink comp="404" pin=0"/></net>

<net id="410"><net_src comp="36" pin="0"/><net_sink comp="404" pin=1"/></net>

<net id="416"><net_src comp="148" pin="0"/><net_sink comp="411" pin=0"/></net>

<net id="417"><net_src comp="38" pin="0"/><net_sink comp="411" pin=1"/></net>

<net id="423"><net_src comp="148" pin="0"/><net_sink comp="418" pin=0"/></net>

<net id="424"><net_src comp="40" pin="0"/><net_sink comp="418" pin=1"/></net>

<net id="430"><net_src comp="148" pin="0"/><net_sink comp="425" pin=0"/></net>

<net id="431"><net_src comp="42" pin="0"/><net_sink comp="425" pin=1"/></net>

<net id="437"><net_src comp="148" pin="0"/><net_sink comp="432" pin=0"/></net>

<net id="438"><net_src comp="44" pin="0"/><net_sink comp="432" pin=1"/></net>

<net id="444"><net_src comp="148" pin="0"/><net_sink comp="439" pin=0"/></net>

<net id="445"><net_src comp="46" pin="0"/><net_sink comp="439" pin=1"/></net>

<net id="451"><net_src comp="148" pin="0"/><net_sink comp="446" pin=0"/></net>

<net id="452"><net_src comp="48" pin="0"/><net_sink comp="446" pin=1"/></net>

<net id="458"><net_src comp="148" pin="0"/><net_sink comp="453" pin=0"/></net>

<net id="459"><net_src comp="50" pin="0"/><net_sink comp="453" pin=1"/></net>

<net id="465"><net_src comp="148" pin="0"/><net_sink comp="460" pin=0"/></net>

<net id="466"><net_src comp="52" pin="0"/><net_sink comp="460" pin=1"/></net>

<net id="472"><net_src comp="148" pin="0"/><net_sink comp="467" pin=0"/></net>

<net id="473"><net_src comp="54" pin="0"/><net_sink comp="467" pin=1"/></net>

<net id="479"><net_src comp="148" pin="0"/><net_sink comp="474" pin=0"/></net>

<net id="480"><net_src comp="56" pin="0"/><net_sink comp="474" pin=1"/></net>

<net id="486"><net_src comp="148" pin="0"/><net_sink comp="481" pin=0"/></net>

<net id="487"><net_src comp="58" pin="0"/><net_sink comp="481" pin=1"/></net>

<net id="493"><net_src comp="148" pin="0"/><net_sink comp="488" pin=0"/></net>

<net id="494"><net_src comp="60" pin="0"/><net_sink comp="488" pin=1"/></net>

<net id="499"><net_src comp="64" pin="0"/><net_sink comp="495" pin=0"/></net>

<net id="507"><net_src comp="500" pin="1"/><net_sink comp="503" pin=0"/></net>

<net id="508"><net_src comp="66" pin="0"/><net_sink comp="503" pin=1"/></net>

<net id="513"><net_src comp="500" pin="1"/><net_sink comp="509" pin=0"/></net>

<net id="514"><net_src comp="68" pin="0"/><net_sink comp="509" pin=1"/></net>

<net id="518"><net_src comp="500" pin="1"/><net_sink comp="515" pin=0"/></net>

<net id="553"><net_src comp="515" pin="1"/><net_sink comp="519" pin=0"/></net>

<net id="554"><net_src comp="86" pin="0"/><net_sink comp="519" pin=1"/></net>

<net id="555"><net_src comp="88" pin="0"/><net_sink comp="519" pin=2"/></net>

<net id="556"><net_src comp="90" pin="0"/><net_sink comp="519" pin=3"/></net>

<net id="557"><net_src comp="92" pin="0"/><net_sink comp="519" pin=4"/></net>

<net id="558"><net_src comp="94" pin="0"/><net_sink comp="519" pin=5"/></net>

<net id="559"><net_src comp="96" pin="0"/><net_sink comp="519" pin=6"/></net>

<net id="560"><net_src comp="98" pin="0"/><net_sink comp="519" pin=7"/></net>

<net id="561"><net_src comp="100" pin="0"/><net_sink comp="519" pin=8"/></net>

<net id="562"><net_src comp="102" pin="0"/><net_sink comp="519" pin=9"/></net>

<net id="563"><net_src comp="104" pin="0"/><net_sink comp="519" pin=10"/></net>

<net id="564"><net_src comp="106" pin="0"/><net_sink comp="519" pin=11"/></net>

<net id="565"><net_src comp="108" pin="0"/><net_sink comp="519" pin=12"/></net>

<net id="566"><net_src comp="110" pin="0"/><net_sink comp="519" pin=13"/></net>

<net id="567"><net_src comp="112" pin="0"/><net_sink comp="519" pin=14"/></net>

<net id="568"><net_src comp="114" pin="0"/><net_sink comp="519" pin=15"/></net>

<net id="569"><net_src comp="116" pin="0"/><net_sink comp="519" pin=16"/></net>

<net id="570"><net_src comp="118" pin="0"/><net_sink comp="519" pin=17"/></net>

<net id="571"><net_src comp="120" pin="0"/><net_sink comp="519" pin=18"/></net>

<net id="572"><net_src comp="122" pin="0"/><net_sink comp="519" pin=19"/></net>

<net id="573"><net_src comp="124" pin="0"/><net_sink comp="519" pin=20"/></net>

<net id="574"><net_src comp="126" pin="0"/><net_sink comp="519" pin=21"/></net>

<net id="575"><net_src comp="128" pin="0"/><net_sink comp="519" pin=22"/></net>

<net id="576"><net_src comp="130" pin="0"/><net_sink comp="519" pin=23"/></net>

<net id="577"><net_src comp="132" pin="0"/><net_sink comp="519" pin=24"/></net>

<net id="578"><net_src comp="134" pin="0"/><net_sink comp="519" pin=25"/></net>

<net id="579"><net_src comp="136" pin="0"/><net_sink comp="519" pin=26"/></net>

<net id="580"><net_src comp="138" pin="0"/><net_sink comp="519" pin=27"/></net>

<net id="581"><net_src comp="140" pin="0"/><net_sink comp="519" pin=28"/></net>

<net id="582"><net_src comp="142" pin="0"/><net_sink comp="519" pin=29"/></net>

<net id="583"><net_src comp="144" pin="0"/><net_sink comp="519" pin=30"/></net>

<net id="584"><net_src comp="146" pin="0"/><net_sink comp="519" pin=31"/></net>

<net id="589"><net_src comp="74" pin="0"/><net_sink comp="585" pin=0"/></net>

<net id="594"><net_src comp="74" pin="0"/><net_sink comp="590" pin=0"/></net>

<net id="599"><net_src comp="74" pin="0"/><net_sink comp="595" pin=0"/></net>

<net id="604"><net_src comp="74" pin="0"/><net_sink comp="600" pin=0"/></net>

<net id="609"><net_src comp="74" pin="0"/><net_sink comp="605" pin=0"/></net>

<net id="614"><net_src comp="74" pin="0"/><net_sink comp="610" pin=0"/></net>

<net id="619"><net_src comp="74" pin="0"/><net_sink comp="615" pin=0"/></net>

<net id="624"><net_src comp="74" pin="0"/><net_sink comp="620" pin=0"/></net>

<net id="629"><net_src comp="74" pin="0"/><net_sink comp="625" pin=0"/></net>

<net id="634"><net_src comp="74" pin="0"/><net_sink comp="630" pin=0"/></net>

<net id="639"><net_src comp="74" pin="0"/><net_sink comp="635" pin=0"/></net>

<net id="644"><net_src comp="74" pin="0"/><net_sink comp="640" pin=0"/></net>

<net id="649"><net_src comp="74" pin="0"/><net_sink comp="645" pin=0"/></net>

<net id="654"><net_src comp="74" pin="0"/><net_sink comp="650" pin=0"/></net>

<net id="659"><net_src comp="74" pin="0"/><net_sink comp="655" pin=0"/></net>

<net id="664"><net_src comp="74" pin="0"/><net_sink comp="660" pin=0"/></net>

<net id="669"><net_src comp="74" pin="0"/><net_sink comp="665" pin=0"/></net>

<net id="674"><net_src comp="74" pin="0"/><net_sink comp="670" pin=0"/></net>

<net id="679"><net_src comp="74" pin="0"/><net_sink comp="675" pin=0"/></net>

<net id="684"><net_src comp="74" pin="0"/><net_sink comp="680" pin=0"/></net>

<net id="689"><net_src comp="74" pin="0"/><net_sink comp="685" pin=0"/></net>

<net id="694"><net_src comp="74" pin="0"/><net_sink comp="690" pin=0"/></net>

<net id="699"><net_src comp="74" pin="0"/><net_sink comp="695" pin=0"/></net>

<net id="704"><net_src comp="74" pin="0"/><net_sink comp="700" pin=0"/></net>

<net id="709"><net_src comp="74" pin="0"/><net_sink comp="705" pin=0"/></net>

<net id="714"><net_src comp="74" pin="0"/><net_sink comp="710" pin=0"/></net>

<net id="719"><net_src comp="74" pin="0"/><net_sink comp="715" pin=0"/></net>

<net id="724"><net_src comp="74" pin="0"/><net_sink comp="720" pin=0"/></net>

<net id="729"><net_src comp="74" pin="0"/><net_sink comp="725" pin=0"/></net>

<net id="734"><net_src comp="74" pin="0"/><net_sink comp="730" pin=0"/></net>

<net id="739"><net_src comp="74" pin="0"/><net_sink comp="735" pin=0"/></net>

<net id="744"><net_src comp="509" pin="2"/><net_sink comp="740" pin=0"/></net>

<net id="748"><net_src comp="745" pin="1"/><net_sink comp="488" pin=2"/></net>

<net id="752"><net_src comp="749" pin="1"/><net_sink comp="481" pin=2"/></net>

<net id="756"><net_src comp="753" pin="1"/><net_sink comp="474" pin=2"/></net>

<net id="760"><net_src comp="757" pin="1"/><net_sink comp="467" pin=2"/></net>

<net id="764"><net_src comp="761" pin="1"/><net_sink comp="460" pin=2"/></net>

<net id="768"><net_src comp="765" pin="1"/><net_sink comp="453" pin=2"/></net>

<net id="772"><net_src comp="769" pin="1"/><net_sink comp="446" pin=2"/></net>

<net id="776"><net_src comp="773" pin="1"/><net_sink comp="439" pin=2"/></net>

<net id="780"><net_src comp="777" pin="1"/><net_sink comp="432" pin=2"/></net>

<net id="784"><net_src comp="781" pin="1"/><net_sink comp="425" pin=2"/></net>

<net id="788"><net_src comp="785" pin="1"/><net_sink comp="418" pin=2"/></net>

<net id="792"><net_src comp="789" pin="1"/><net_sink comp="411" pin=2"/></net>

<net id="796"><net_src comp="793" pin="1"/><net_sink comp="404" pin=2"/></net>

<net id="800"><net_src comp="797" pin="1"/><net_sink comp="397" pin=2"/></net>

<net id="804"><net_src comp="801" pin="1"/><net_sink comp="390" pin=2"/></net>

<net id="808"><net_src comp="805" pin="1"/><net_sink comp="383" pin=2"/></net>

<net id="812"><net_src comp="809" pin="1"/><net_sink comp="376" pin=2"/></net>

<net id="816"><net_src comp="813" pin="1"/><net_sink comp="369" pin=2"/></net>

<net id="820"><net_src comp="817" pin="1"/><net_sink comp="362" pin=2"/></net>

<net id="824"><net_src comp="821" pin="1"/><net_sink comp="355" pin=2"/></net>

<net id="828"><net_src comp="825" pin="1"/><net_sink comp="348" pin=2"/></net>

<net id="832"><net_src comp="829" pin="1"/><net_sink comp="341" pin=2"/></net>

<net id="836"><net_src comp="833" pin="1"/><net_sink comp="334" pin=2"/></net>

<net id="840"><net_src comp="837" pin="1"/><net_sink comp="327" pin=2"/></net>

<net id="844"><net_src comp="841" pin="1"/><net_sink comp="320" pin=2"/></net>

<net id="848"><net_src comp="845" pin="1"/><net_sink comp="313" pin=2"/></net>

<net id="852"><net_src comp="849" pin="1"/><net_sink comp="306" pin=2"/></net>

<net id="856"><net_src comp="853" pin="1"/><net_sink comp="299" pin=2"/></net>

<net id="860"><net_src comp="857" pin="1"/><net_sink comp="292" pin=2"/></net>

<net id="864"><net_src comp="861" pin="1"/><net_sink comp="285" pin=2"/></net>

<net id="868"><net_src comp="865" pin="1"/><net_sink comp="278" pin=2"/></net>

<net id="872"><net_src comp="150" pin="1"/><net_sink comp="869" pin=0"/></net>

<net id="873"><net_src comp="869" pin="1"/><net_sink comp="495" pin=1"/></net>

<net id="874"><net_src comp="869" pin="1"/><net_sink comp="500" pin=0"/></net>

<net id="875"><net_src comp="869" pin="1"/><net_sink comp="740" pin=1"/></net>

<net id="879"><net_src comp="154" pin="1"/><net_sink comp="876" pin=0"/></net>

<net id="880"><net_src comp="876" pin="1"/><net_sink comp="730" pin=1"/></net>

<net id="881"><net_src comp="876" pin="1"/><net_sink comp="745" pin=0"/></net>

<net id="885"><net_src comp="158" pin="1"/><net_sink comp="882" pin=0"/></net>

<net id="886"><net_src comp="882" pin="1"/><net_sink comp="725" pin=1"/></net>

<net id="887"><net_src comp="882" pin="1"/><net_sink comp="749" pin=0"/></net>

<net id="891"><net_src comp="162" pin="1"/><net_sink comp="888" pin=0"/></net>

<net id="892"><net_src comp="888" pin="1"/><net_sink comp="720" pin=1"/></net>

<net id="893"><net_src comp="888" pin="1"/><net_sink comp="753" pin=0"/></net>

<net id="897"><net_src comp="166" pin="1"/><net_sink comp="894" pin=0"/></net>

<net id="898"><net_src comp="894" pin="1"/><net_sink comp="715" pin=1"/></net>

<net id="899"><net_src comp="894" pin="1"/><net_sink comp="757" pin=0"/></net>

<net id="903"><net_src comp="170" pin="1"/><net_sink comp="900" pin=0"/></net>

<net id="904"><net_src comp="900" pin="1"/><net_sink comp="710" pin=1"/></net>

<net id="905"><net_src comp="900" pin="1"/><net_sink comp="761" pin=0"/></net>

<net id="909"><net_src comp="174" pin="1"/><net_sink comp="906" pin=0"/></net>

<net id="910"><net_src comp="906" pin="1"/><net_sink comp="705" pin=1"/></net>

<net id="911"><net_src comp="906" pin="1"/><net_sink comp="765" pin=0"/></net>

<net id="915"><net_src comp="178" pin="1"/><net_sink comp="912" pin=0"/></net>

<net id="916"><net_src comp="912" pin="1"/><net_sink comp="700" pin=1"/></net>

<net id="917"><net_src comp="912" pin="1"/><net_sink comp="769" pin=0"/></net>

<net id="921"><net_src comp="182" pin="1"/><net_sink comp="918" pin=0"/></net>

<net id="922"><net_src comp="918" pin="1"/><net_sink comp="695" pin=1"/></net>

<net id="923"><net_src comp="918" pin="1"/><net_sink comp="773" pin=0"/></net>

<net id="927"><net_src comp="186" pin="1"/><net_sink comp="924" pin=0"/></net>

<net id="928"><net_src comp="924" pin="1"/><net_sink comp="690" pin=1"/></net>

<net id="929"><net_src comp="924" pin="1"/><net_sink comp="777" pin=0"/></net>

<net id="933"><net_src comp="190" pin="1"/><net_sink comp="930" pin=0"/></net>

<net id="934"><net_src comp="930" pin="1"/><net_sink comp="685" pin=1"/></net>

<net id="935"><net_src comp="930" pin="1"/><net_sink comp="781" pin=0"/></net>

<net id="939"><net_src comp="194" pin="1"/><net_sink comp="936" pin=0"/></net>

<net id="940"><net_src comp="936" pin="1"/><net_sink comp="680" pin=1"/></net>

<net id="941"><net_src comp="936" pin="1"/><net_sink comp="785" pin=0"/></net>

<net id="945"><net_src comp="198" pin="1"/><net_sink comp="942" pin=0"/></net>

<net id="946"><net_src comp="942" pin="1"/><net_sink comp="675" pin=1"/></net>

<net id="947"><net_src comp="942" pin="1"/><net_sink comp="789" pin=0"/></net>

<net id="951"><net_src comp="202" pin="1"/><net_sink comp="948" pin=0"/></net>

<net id="952"><net_src comp="948" pin="1"/><net_sink comp="670" pin=1"/></net>

<net id="953"><net_src comp="948" pin="1"/><net_sink comp="793" pin=0"/></net>

<net id="957"><net_src comp="206" pin="1"/><net_sink comp="954" pin=0"/></net>

<net id="958"><net_src comp="954" pin="1"/><net_sink comp="665" pin=1"/></net>

<net id="959"><net_src comp="954" pin="1"/><net_sink comp="797" pin=0"/></net>

<net id="963"><net_src comp="210" pin="1"/><net_sink comp="960" pin=0"/></net>

<net id="964"><net_src comp="960" pin="1"/><net_sink comp="660" pin=1"/></net>

<net id="965"><net_src comp="960" pin="1"/><net_sink comp="801" pin=0"/></net>

<net id="969"><net_src comp="214" pin="1"/><net_sink comp="966" pin=0"/></net>

<net id="970"><net_src comp="966" pin="1"/><net_sink comp="655" pin=1"/></net>

<net id="971"><net_src comp="966" pin="1"/><net_sink comp="805" pin=0"/></net>

<net id="975"><net_src comp="218" pin="1"/><net_sink comp="972" pin=0"/></net>

<net id="976"><net_src comp="972" pin="1"/><net_sink comp="650" pin=1"/></net>

<net id="977"><net_src comp="972" pin="1"/><net_sink comp="809" pin=0"/></net>

<net id="981"><net_src comp="222" pin="1"/><net_sink comp="978" pin=0"/></net>

<net id="982"><net_src comp="978" pin="1"/><net_sink comp="645" pin=1"/></net>

<net id="983"><net_src comp="978" pin="1"/><net_sink comp="813" pin=0"/></net>

<net id="987"><net_src comp="226" pin="1"/><net_sink comp="984" pin=0"/></net>

<net id="988"><net_src comp="984" pin="1"/><net_sink comp="640" pin=1"/></net>

<net id="989"><net_src comp="984" pin="1"/><net_sink comp="817" pin=0"/></net>

<net id="993"><net_src comp="230" pin="1"/><net_sink comp="990" pin=0"/></net>

<net id="994"><net_src comp="990" pin="1"/><net_sink comp="635" pin=1"/></net>

<net id="995"><net_src comp="990" pin="1"/><net_sink comp="821" pin=0"/></net>

<net id="999"><net_src comp="234" pin="1"/><net_sink comp="996" pin=0"/></net>

<net id="1000"><net_src comp="996" pin="1"/><net_sink comp="630" pin=1"/></net>

<net id="1001"><net_src comp="996" pin="1"/><net_sink comp="825" pin=0"/></net>

<net id="1005"><net_src comp="238" pin="1"/><net_sink comp="1002" pin=0"/></net>

<net id="1006"><net_src comp="1002" pin="1"/><net_sink comp="625" pin=1"/></net>

<net id="1007"><net_src comp="1002" pin="1"/><net_sink comp="829" pin=0"/></net>

<net id="1011"><net_src comp="242" pin="1"/><net_sink comp="1008" pin=0"/></net>

<net id="1012"><net_src comp="1008" pin="1"/><net_sink comp="620" pin=1"/></net>

<net id="1013"><net_src comp="1008" pin="1"/><net_sink comp="833" pin=0"/></net>

<net id="1017"><net_src comp="246" pin="1"/><net_sink comp="1014" pin=0"/></net>

<net id="1018"><net_src comp="1014" pin="1"/><net_sink comp="615" pin=1"/></net>

<net id="1019"><net_src comp="1014" pin="1"/><net_sink comp="837" pin=0"/></net>

<net id="1023"><net_src comp="250" pin="1"/><net_sink comp="1020" pin=0"/></net>

<net id="1024"><net_src comp="1020" pin="1"/><net_sink comp="610" pin=1"/></net>

<net id="1025"><net_src comp="1020" pin="1"/><net_sink comp="841" pin=0"/></net>

<net id="1029"><net_src comp="254" pin="1"/><net_sink comp="1026" pin=0"/></net>

<net id="1030"><net_src comp="1026" pin="1"/><net_sink comp="605" pin=1"/></net>

<net id="1031"><net_src comp="1026" pin="1"/><net_sink comp="845" pin=0"/></net>

<net id="1035"><net_src comp="258" pin="1"/><net_sink comp="1032" pin=0"/></net>

<net id="1036"><net_src comp="1032" pin="1"/><net_sink comp="600" pin=1"/></net>

<net id="1037"><net_src comp="1032" pin="1"/><net_sink comp="849" pin=0"/></net>

<net id="1041"><net_src comp="262" pin="1"/><net_sink comp="1038" pin=0"/></net>

<net id="1042"><net_src comp="1038" pin="1"/><net_sink comp="595" pin=1"/></net>

<net id="1043"><net_src comp="1038" pin="1"/><net_sink comp="853" pin=0"/></net>

<net id="1047"><net_src comp="266" pin="1"/><net_sink comp="1044" pin=0"/></net>

<net id="1048"><net_src comp="1044" pin="1"/><net_sink comp="590" pin=1"/></net>

<net id="1049"><net_src comp="1044" pin="1"/><net_sink comp="857" pin=0"/></net>

<net id="1053"><net_src comp="270" pin="1"/><net_sink comp="1050" pin=0"/></net>

<net id="1054"><net_src comp="1050" pin="1"/><net_sink comp="585" pin=1"/></net>

<net id="1055"><net_src comp="1050" pin="1"/><net_sink comp="861" pin=0"/></net>

<net id="1059"><net_src comp="274" pin="1"/><net_sink comp="1056" pin=0"/></net>

<net id="1060"><net_src comp="1056" pin="1"/><net_sink comp="735" pin=1"/></net>

<net id="1061"><net_src comp="1056" pin="1"/><net_sink comp="865" pin=0"/></net>

</net_list>

</model> 
---------------- Datapath Model END ------------------

* FSMD analyzer results:
  - Output states:
	Port: reg_file_30_out | {1 }
	Port: reg_file_29_out | {1 }
	Port: reg_file_28_out | {1 }
	Port: reg_file_27_out | {1 }
	Port: reg_file_26_out | {1 }
	Port: reg_file_25_out | {1 }
	Port: reg_file_24_out | {1 }
	Port: reg_file_23_out | {1 }
	Port: reg_file_22_out | {1 }
	Port: reg_file_21_out | {1 }
	Port: reg_file_20_out | {1 }
	Port: reg_file_19_out | {1 }
	Port: reg_file_18_out | {1 }
	Port: reg_file_17_out | {1 }
	Port: reg_file_16_out | {1 }
	Port: reg_file_15_out | {1 }
	Port: reg_file_14_out | {1 }
	Port: reg_file_13_out | {1 }
	Port: reg_file_12_out | {1 }
	Port: reg_file_11_out | {1 }
	Port: reg_file_10_out | {1 }
	Port: reg_file_9_out | {1 }
	Port: reg_file_8_out | {1 }
	Port: reg_file_7_out | {1 }
	Port: reg_file_6_out | {1 }
	Port: reg_file_5_out | {1 }
	Port: reg_file_4_out | {1 }
	Port: reg_file_3_out | {1 }
	Port: reg_file_2_out | {1 }
	Port: reg_file_1_out | {1 }
	Port: reg_file_out | {1 }
 - Input state : 
  - Chain level:
	State 1
		store_ln22 : 1
		i_1 : 1
		icmp_ln22 : 2
		add_ln22 : 2
		br_ln22 : 3
		trunc_ln22 : 2
		switch_ln23 : 3
		store_ln20 : 1
		store_ln20 : 1
		store_ln20 : 1
		store_ln20 : 1
		store_ln20 : 1
		store_ln20 : 1
		store_ln20 : 1
		store_ln20 : 1
		store_ln20 : 1
		store_ln20 : 1
		store_ln20 : 1
		store_ln20 : 1
		store_ln20 : 1
		store_ln20 : 1
		store_ln20 : 1
		store_ln20 : 1
		store_ln20 : 1
		store_ln20 : 1
		store_ln20 : 1
		store_ln20 : 1
		store_ln20 : 1
		store_ln20 : 1
		store_ln20 : 1
		store_ln20 : 1
		store_ln20 : 1
		store_ln20 : 1
		store_ln20 : 1
		store_ln20 : 1
		store_ln20 : 1
		store_ln20 : 1
		store_ln20 : 1
		store_ln22 : 3
		reg_file_load : 1
		reg_file_1_load : 1
		reg_file_2_load : 1
		reg_file_3_load : 1
		reg_file_4_load : 1
		reg_file_5_load : 1
		reg_file_6_load : 1
		reg_file_7_load : 1
		reg_file_8_load : 1
		reg_file_9_load : 1
		reg_file_10_load : 1
		reg_file_11_load : 1
		reg_file_12_load : 1
		reg_file_13_load : 1
		reg_file_14_load : 1
		reg_file_15_load : 1
		reg_file_16_load : 1
		reg_file_17_load : 1
		reg_file_18_load : 1
		reg_file_19_load : 1
		reg_file_20_load : 1
		reg_file_21_load : 1
		reg_file_22_load : 1
		reg_file_23_load : 1
		reg_file_24_load : 1
		reg_file_25_load : 1
		reg_file_26_load : 1
		reg_file_27_load : 1
		reg_file_28_load : 1
		reg_file_29_load : 1
		reg_file_30_load : 1
		write_ln0 : 2
		write_ln0 : 2
		write_ln0 : 2
		write_ln0 : 2
		write_ln0 : 2
		write_ln0 : 2
		write_ln0 : 2
		write_ln0 : 2
		write_ln0 : 2
		write_ln0 : 2
		write_ln0 : 2
		write_ln0 : 2
		write_ln0 : 2
		write_ln0 : 2
		write_ln0 : 2
		write_ln0 : 2
		write_ln0 : 2
		write_ln0 : 2
		write_ln0 : 2
		write_ln0 : 2
		write_ln0 : 2
		write_ln0 : 2
		write_ln0 : 2
		write_ln0 : 2
		write_ln0 : 2
		write_ln0 : 2
		write_ln0 : 2
		write_ln0 : 2
		write_ln0 : 2
		write_ln0 : 2
		write_ln0 : 2


============================================================
+ Verbose Summary: Datapath Resource usage 
============================================================

* Functional unit list:
|----------|------------------------|---------|---------|
| Operation|     Functional Unit    |    FF   |   LUT   |
|----------|------------------------|---------|---------|
|   icmp   |    icmp_ln22_fu_503    |    0    |    14   |
|----------|------------------------|---------|---------|
|    add   |     add_ln22_fu_509    |    0    |    14   |
|----------|------------------------|---------|---------|
|          | write_ln0_write_fu_278 |    0    |    0    |
|          | write_ln0_write_fu_285 |    0    |    0    |
|          | write_ln0_write_fu_292 |    0    |    0    |
|          | write_ln0_write_fu_299 |    0    |    0    |
|          | write_ln0_write_fu_306 |    0    |    0    |
|          | write_ln0_write_fu_313 |    0    |    0    |
|          | write_ln0_write_fu_320 |    0    |    0    |
|          | write_ln0_write_fu_327 |    0    |    0    |
|          | write_ln0_write_fu_334 |    0    |    0    |
|          | write_ln0_write_fu_341 |    0    |    0    |
|          | write_ln0_write_fu_348 |    0    |    0    |
|          | write_ln0_write_fu_355 |    0    |    0    |
|          | write_ln0_write_fu_362 |    0    |    0    |
|          | write_ln0_write_fu_369 |    0    |    0    |
|          | write_ln0_write_fu_376 |    0    |    0    |
|   write  | write_ln0_write_fu_383 |    0    |    0    |
|          | write_ln0_write_fu_390 |    0    |    0    |
|          | write_ln0_write_fu_397 |    0    |    0    |
|          | write_ln0_write_fu_404 |    0    |    0    |
|          | write_ln0_write_fu_411 |    0    |    0    |
|          | write_ln0_write_fu_418 |    0    |    0    |
|          | write_ln0_write_fu_425 |    0    |    0    |
|          | write_ln0_write_fu_432 |    0    |    0    |
|          | write_ln0_write_fu_439 |    0    |    0    |
|          | write_ln0_write_fu_446 |    0    |    0    |
|          | write_ln0_write_fu_453 |    0    |    0    |
|          | write_ln0_write_fu_460 |    0    |    0    |
|          | write_ln0_write_fu_467 |    0    |    0    |
|          | write_ln0_write_fu_474 |    0    |    0    |
|          | write_ln0_write_fu_481 |    0    |    0    |
|          | write_ln0_write_fu_488 |    0    |    0    |
|----------|------------------------|---------|---------|
|   trunc  |    trunc_ln22_fu_515   |    0    |    0    |
|----------|------------------------|---------|---------|
|  switch  |   switch_ln23_fu_519   |    0    |    0    |
|----------|------------------------|---------|---------|
|   Total  |                        |    0    |    28   |
|----------|------------------------|---------|---------|

Memories:
N/A

* Register list:
+--------------------+--------+
|                    |   FF   |
+--------------------+--------+
|      i_reg_869     |    6   |
| reg_file_10_reg_936|   32   |
| reg_file_11_reg_942|   32   |
| reg_file_12_reg_948|   32   |
| reg_file_13_reg_954|   32   |
| reg_file_14_reg_960|   32   |
| reg_file_15_reg_966|   32   |
| reg_file_16_reg_972|   32   |
| reg_file_17_reg_978|   32   |
| reg_file_18_reg_984|   32   |
| reg_file_19_reg_990|   32   |
| reg_file_1_reg_882 |   32   |
| reg_file_20_reg_996|   32   |
|reg_file_21_reg_1002|   32   |
|reg_file_22_reg_1008|   32   |
|reg_file_23_reg_1014|   32   |
|reg_file_24_reg_1020|   32   |
|reg_file_25_reg_1026|   32   |
|reg_file_26_reg_1032|   32   |
|reg_file_27_reg_1038|   32   |
|reg_file_28_reg_1044|   32   |
|reg_file_29_reg_1050|   32   |
| reg_file_2_reg_888 |   32   |
|reg_file_30_reg_1056|   32   |
| reg_file_3_reg_894 |   32   |
| reg_file_4_reg_900 |   32   |
| reg_file_5_reg_906 |   32   |
| reg_file_6_reg_912 |   32   |
| reg_file_7_reg_918 |   32   |
| reg_file_8_reg_924 |   32   |
| reg_file_9_reg_930 |   32   |
|  reg_file_reg_876  |   32   |
+--------------------+--------+
|        Total       |   998  |
+--------------------+--------+

* Multiplexer (MUX) list: 
|--------|------|------|------|--------|
|  Comp  |  Pin | Size |  BW  | S x BW |
|--------|------|------|------|--------|
|  Total |      |      |      |    0   |
|--------|------|------|------|--------|



* Summary:
+-----------+--------+--------+
|           |   FF   |   LUT  |
+-----------+--------+--------+
|  Function |    0   |   28   |
|   Memory  |    -   |    -   |
|Multiplexer|    -   |    -   |
|  Register |   998  |    -   |
+-----------+--------+--------+
|   Total   |   998  |   28   |
+-----------+--------+--------+
