

================================================================
== Vitis HLS Report for 'softmax_accel'
================================================================
* Date:           Fri Feb 27 18:14:38 2026

* Version:        2025.1 (Build 6135595 on May 21 2025)
* Project:        Prometheus
* Solution:       hls (Vivado IP Flow Target)
* Product family: zynq
* Target device:  xc7z020-clg400-1


================================================================
== Performance Estimates
================================================================
+ Timing: 
    * Summary: 
    +--------+----------+----------+------------+
    |  Clock |  Target  | Estimated| Uncertainty|
    +--------+----------+----------+------------+
    |ap_clk  |  11.80 ns|  8.614 ns|     3.19 ns|
    +--------+----------+----------+------------+

+ Latency: 
    * Summary: 
    +---------+---------+-----------+----------+-----+-----+---------+
    |  Latency (cycles) |  Latency (absolute)  |  Interval | Pipeline|
    |   min   |   max   |    min    |    max   | min | max |   Type  |
    +---------+---------+-----------+----------+-----+-----+---------+
    |        1|      830|  11.800 ns|  9.794 us|    2|  831|       no|
    +---------+---------+-----------+----------+-----+-----+---------+

    + Detail: 
        * Instance: 
        +----------------------------------------------------+-----------------------------------------+---------+---------+-----------+----------+-----+-----+------------------------------------------------+
        |                                                    |                                         |  Latency (cycles) |  Latency (absolute)  |  Interval |                    Pipeline                    |
        |                      Instance                      |                  Module                 |   min   |   max   |    min    |    max   | min | max |                      Type                      |
        +----------------------------------------------------+-----------------------------------------+---------+---------+-----------+----------+-----+-----+------------------------------------------------+
        |grp_softmax_accel_Pipeline_VITIS_LOOP_177_1_fu_679  |softmax_accel_Pipeline_VITIS_LOOP_177_1  |        2|      258|  23.600 ns|  3.044 us|    1|  256|  loop auto-rewind stp (delay=0 clock cycles(s))|
        |grp_softmax_accel_Pipeline_VITIS_LOOP_188_2_fu_689  |softmax_accel_Pipeline_VITIS_LOOP_188_2  |       12|      267|   0.142 us|  3.151 us|    2|  257|  loop auto-rewind stp (delay=0 clock cycles(s))|
        |grp_softmax_accel_Pipeline_VITIS_LOOP_202_3_fu_702  |softmax_accel_Pipeline_VITIS_LOOP_202_3  |       10|      265|   0.118 us|  3.127 us|    2|  257|  loop auto-rewind stp (delay=0 clock cycles(s))|
        +----------------------------------------------------+-----------------------------------------+---------+---------+-----------+----------+-----+-----+------------------------------------------------+

        * Loop: 
        N/A

============================================================
+ Verbose Summary: Synthesis Manager
============================================================
InlineROM: 1
ExposeGlobal: 0
============================================================
+ Verbose Summary: CDFG Model
============================================================
IsTopModel: 1
ResetActiveHigh: 1
IsCombinational: 0
IsDatapathOnly: 0
HasWiredReturn: 1
HasMFsm: 0
HasVarLatency: 1
IsPipeline: 0
IsRtlPipelined: 0
IsInstanceOverlapped: 0
IsDontTouch: 0
HasImplIP: 0
IsGatedGlobalClock: 0


============================================================
+ Verbose Summary: Schedule
============================================================
* Number of FSM states : 44
* Pipeline : 0
* Dataflow Pipeline: 0

* FSM state transitions: 
1 --> 2 44 
2 --> 3 
3 --> 4 
4 --> 5 
5 --> 6 
6 --> 7 
7 --> 8 
8 --> 9 
9 --> 10 
10 --> 11 
11 --> 12 
12 --> 13 
13 --> 14 
14 --> 15 
15 --> 16 
16 --> 17 
17 --> 18 
18 --> 19 
19 --> 20 
20 --> 21 
21 --> 22 
22 --> 23 
23 --> 24 
24 --> 32 25 
25 --> 26 29 
26 --> 27 
27 --> 28 
28 --> 32 
29 --> 30 
30 --> 31 
31 --> 32 
32 --> 33 
33 --> 34 
34 --> 35 
35 --> 36 
36 --> 37 
37 --> 38 
38 --> 39 
39 --> 40 
40 --> 41 
41 --> 42 
42 --> 43 
43 --> 44 
44 --> 

* FSM state operations: 

State 1 <SV = 0> <Delay = 4.52>
ST_1 : Operation 45 [1/1] (1.00ns)   --->   "%n_read = read i32 @_ssdm_op_Read.s_axilite.i32, i32 %n"   --->   Operation 45 'read' 'n_read' <Predicate = true> <Delay = 1.00> <CoreInst = "s_axilite">   --->   Core 112 's_axilite' <Latency = 0> <II = 1> <Delay = 1.00> <Adapter> <Opcode : 'read' 'write'>
ST_1 : Operation 46 [1/1] (1.00ns)   --->   "%dbg_base_read = read i32 @_ssdm_op_Read.s_axilite.i32, i32 %dbg_base"   --->   Operation 46 'read' 'dbg_base_read' <Predicate = true> <Delay = 1.00> <CoreInst = "s_axilite">   --->   Core 112 's_axilite' <Latency = 0> <II = 1> <Delay = 1.00> <Adapter> <Opcode : 'read' 'write'>
ST_1 : Operation 47 [1/1] (1.00ns)   --->   "%prob_base_read = read i32 @_ssdm_op_Read.s_axilite.i32, i32 %prob_base"   --->   Operation 47 'read' 'prob_base_read' <Predicate = true> <Delay = 1.00> <CoreInst = "s_axilite">   --->   Core 112 's_axilite' <Latency = 0> <II = 1> <Delay = 1.00> <Adapter> <Opcode : 'read' 'write'>
ST_1 : Operation 48 [1/1] (1.00ns)   --->   "%input_base_read = read i32 @_ssdm_op_Read.s_axilite.i32, i32 %input_base"   --->   Operation 48 'read' 'input_base_read' <Predicate = true> <Delay = 1.00> <CoreInst = "s_axilite">   --->   Core 112 's_axilite' <Latency = 0> <II = 1> <Delay = 1.00> <Adapter> <Opcode : 'read' 'write'>
ST_1 : Operation 49 [1/1] (1.00ns)   --->   "%mem_read = read i64 @_ssdm_op_Read.s_axilite.i64, i64 %mem"   --->   Operation 49 'read' 'mem_read' <Predicate = true> <Delay = 1.00> <CoreInst = "s_axilite">   --->   Core 112 's_axilite' <Latency = 0> <II = 1> <Delay = 1.00> <Adapter> <Opcode : 'read' 'write'>
ST_1 : Operation 50 [1/1] (0.00ns)   --->   "%sum64_loc = alloca i64 1"   --->   Operation 50 'alloca' 'sum64_loc' <Predicate = true> <Delay = 0.00>
ST_1 : Operation 51 [1/1] (0.00ns)   --->   "%max_x_1_loc = alloca i64 1"   --->   Operation 51 'alloca' 'max_x_1_loc' <Predicate = true> <Delay = 0.00>
ST_1 : Operation 52 [1/1] (0.00ns)   --->   "%trunc_ln154 = trunc i32 %n_read" [softmax_accel_hls.cc:154]   --->   Operation 52 'trunc' 'trunc_ln154' <Predicate = true> <Delay = 0.00>
ST_1 : Operation 53 [1/1] (0.00ns)   --->   "%spectopmodule_ln154 = spectopmodule void @_ssdm_op_SpecTopModule, void @empty_5" [softmax_accel_hls.cc:154]   --->   Operation 53 'spectopmodule' 'spectopmodule_ln154' <Predicate = true> <Delay = 0.00>
ST_1 : Operation 54 [1/1] (0.00ns)   --->   "%specinterface_ln0 = specinterface void @_ssdm_op_SpecInterface, i32 %gmem, void @empty, i32 0, i32 0, void @empty_0, i32 0, i32 16384, void @empty_1, void @empty_2, void @empty_0, i32 16, i32 16, i32 16, i32 16, void @empty_0, void @empty_0, i32 4294967295, i32 0, i32 0"   --->   Operation 54 'specinterface' 'specinterface_ln0' <Predicate = true> <Delay = 0.00>
ST_1 : Operation 55 [1/1] (0.00ns)   --->   "%specbitsmap_ln0 = specbitsmap void @_ssdm_op_SpecBitsMap, i32 %gmem"   --->   Operation 55 'specbitsmap' 'specbitsmap_ln0' <Predicate = true> <Delay = 0.00>
ST_1 : Operation 56 [1/1] (0.00ns)   --->   "%specinterface_ln0 = specinterface void @_ssdm_op_SpecInterface, i64 %mem, void @empty_3, i32 4294967295, i32 4294967295, void @empty_4, i32 0, i32 0, void @empty_10, void @empty_14, void @empty_0, i32 0, i32 0, i32 0, i32 0, void @empty_0, void @empty_15, i32 4294967295, i32 0, i32 0"   --->   Operation 56 'specinterface' 'specinterface_ln0' <Predicate = true> <Delay = 0.00>
ST_1 : Operation 57 [1/1] (0.00ns)   --->   "%specinterface_ln0 = specinterface void @_ssdm_op_SpecInterface, i64 %mem, void @empty_16, i32 4294967295, i32 4294967295, void @empty_0, i32 0, i32 0, void @empty_0, void @empty_0, void @empty_0, i32 0, i32 0, i32 0, i32 0, void @empty_0, void @empty_15, i32 4294967295, i32 0, i32 0"   --->   Operation 57 'specinterface' 'specinterface_ln0' <Predicate = true> <Delay = 0.00>
ST_1 : Operation 58 [1/1] (0.00ns)   --->   "%specbitsmap_ln0 = specbitsmap void @_ssdm_op_SpecBitsMap, i32 %input_base"   --->   Operation 58 'specbitsmap' 'specbitsmap_ln0' <Predicate = true> <Delay = 0.00>
ST_1 : Operation 59 [1/1] (0.00ns)   --->   "%specinterface_ln0 = specinterface void @_ssdm_op_SpecInterface, i32 %input_base, void @empty_3, i32 4294967295, i32 4294967295, void @empty_4, i32 0, i32 0, void @empty_10, void @empty_6, void @empty_0, i32 0, i32 0, i32 0, i32 0, void @empty_0, void @empty_0, i32 4294967295, i32 0, i32 0"   --->   Operation 59 'specinterface' 'specinterface_ln0' <Predicate = true> <Delay = 0.00>
ST_1 : Operation 60 [1/1] (0.00ns)   --->   "%specinterface_ln0 = specinterface void @_ssdm_op_SpecInterface, i32 %input_base, void @empty_16, i32 4294967295, i32 4294967295, void @empty_0, i32 0, i32 0, void @empty_0, void @empty_0, void @empty_0, i32 0, i32 0, i32 0, i32 0, void @empty_0, void @empty_0, i32 4294967295, i32 0, i32 0"   --->   Operation 60 'specinterface' 'specinterface_ln0' <Predicate = true> <Delay = 0.00>
ST_1 : Operation 61 [1/1] (0.00ns)   --->   "%specbitsmap_ln0 = specbitsmap void @_ssdm_op_SpecBitsMap, i32 %prob_base"   --->   Operation 61 'specbitsmap' 'specbitsmap_ln0' <Predicate = true> <Delay = 0.00>
ST_1 : Operation 62 [1/1] (0.00ns)   --->   "%specinterface_ln0 = specinterface void @_ssdm_op_SpecInterface, i32 %prob_base, void @empty_3, i32 4294967295, i32 4294967295, void @empty_4, i32 0, i32 0, void @empty_10, void @empty_7, void @empty_0, i32 0, i32 0, i32 0, i32 0, void @empty_0, void @empty_0, i32 4294967295, i32 0, i32 0"   --->   Operation 62 'specinterface' 'specinterface_ln0' <Predicate = true> <Delay = 0.00>
ST_1 : Operation 63 [1/1] (0.00ns)   --->   "%specinterface_ln0 = specinterface void @_ssdm_op_SpecInterface, i32 %prob_base, void @empty_16, i32 4294967295, i32 4294967295, void @empty_0, i32 0, i32 0, void @empty_0, void @empty_0, void @empty_0, i32 0, i32 0, i32 0, i32 0, void @empty_0, void @empty_0, i32 4294967295, i32 0, i32 0"   --->   Operation 63 'specinterface' 'specinterface_ln0' <Predicate = true> <Delay = 0.00>
ST_1 : Operation 64 [1/1] (0.00ns)   --->   "%specbitsmap_ln0 = specbitsmap void @_ssdm_op_SpecBitsMap, i32 %dbg_base"   --->   Operation 64 'specbitsmap' 'specbitsmap_ln0' <Predicate = true> <Delay = 0.00>
ST_1 : Operation 65 [1/1] (0.00ns)   --->   "%specinterface_ln0 = specinterface void @_ssdm_op_SpecInterface, i32 %dbg_base, void @empty_3, i32 4294967295, i32 4294967295, void @empty_4, i32 0, i32 0, void @empty_10, void @empty_8, void @empty_0, i32 0, i32 0, i32 0, i32 0, void @empty_0, void @empty_0, i32 4294967295, i32 0, i32 0"   --->   Operation 65 'specinterface' 'specinterface_ln0' <Predicate = true> <Delay = 0.00>
ST_1 : Operation 66 [1/1] (0.00ns)   --->   "%specinterface_ln0 = specinterface void @_ssdm_op_SpecInterface, i32 %dbg_base, void @empty_16, i32 4294967295, i32 4294967295, void @empty_0, i32 0, i32 0, void @empty_0, void @empty_0, void @empty_0, i32 0, i32 0, i32 0, i32 0, void @empty_0, void @empty_0, i32 4294967295, i32 0, i32 0"   --->   Operation 66 'specinterface' 'specinterface_ln0' <Predicate = true> <Delay = 0.00>
ST_1 : Operation 67 [1/1] (0.00ns)   --->   "%specbitsmap_ln0 = specbitsmap void @_ssdm_op_SpecBitsMap, i32 %n"   --->   Operation 67 'specbitsmap' 'specbitsmap_ln0' <Predicate = true> <Delay = 0.00>
ST_1 : Operation 68 [1/1] (0.00ns)   --->   "%specinterface_ln0 = specinterface void @_ssdm_op_SpecInterface, i32 %n, void @empty_3, i32 4294967295, i32 4294967295, void @empty_4, i32 0, i32 0, void @empty_10, void @empty_9, void @empty_0, i32 0, i32 0, i32 0, i32 0, void @empty_0, void @empty_0, i32 4294967295, i32 0, i32 0"   --->   Operation 68 'specinterface' 'specinterface_ln0' <Predicate = true> <Delay = 0.00>
ST_1 : Operation 69 [1/1] (0.00ns)   --->   "%specinterface_ln0 = specinterface void @_ssdm_op_SpecInterface, i32 %n, void @empty_16, i32 4294967295, i32 4294967295, void @empty_0, i32 0, i32 0, void @empty_0, void @empty_0, void @empty_0, i32 0, i32 0, i32 0, i32 0, void @empty_0, void @empty_0, i32 4294967295, i32 0, i32 0"   --->   Operation 69 'specinterface' 'specinterface_ln0' <Predicate = true> <Delay = 0.00>
ST_1 : Operation 70 [1/1] (0.00ns)   --->   "%specinterface_ln0 = specinterface void @_ssdm_op_SpecInterface, i32 0, void @empty_3, i32 0, i32 0, void @empty_0, i32 0, i32 0, void @empty_10, void @empty_0, void @empty_0, i32 0, i32 0, i32 0, i32 0, void @empty_0, void @empty_0, i32 4294967295, i32 0, i32 0"   --->   Operation 70 'specinterface' 'specinterface_ln0' <Predicate = true> <Delay = 0.00>
ST_1 : Operation 71 [1/1] (3.25ns)   --->   "%exp_buf = alloca i64 1" [softmax_accel_hls.cc:184]   --->   Operation 71 'alloca' 'exp_buf' <Predicate = true> <Delay = 3.25> <CoreInst = "RAM_1P_BRAM">   --->   Core 87 'RAM_1P_BRAM' <Latency = 1> <II = 1> <Delay = 3.25> <Storage> <Opcode : 'load' 'store'> <Ports = 1> <Width = 32> <Depth = 256> <RAM>
ST_1 : Operation 72 [1/1] (2.55ns)   --->   "%icmp_ln168 = icmp_eq  i32 %n_read, i32 0" [softmax_accel_hls.cc:168]   --->   Operation 72 'icmp' 'icmp_ln168' <Predicate = true> <Delay = 2.55> <CoreInst = "Cmp">   --->   Core 9 'Cmp' <Latency = 0> <II = 1> <Delay = 2.55> <FuncUnit> <Opcode : 'seteq' 'setne' 'setle' 'setge' 'setlt' 'setgt'> <InPorts = 2> <OutPorts = 1>
ST_1 : Operation 73 [1/1] (0.00ns)   --->   "%br_ln168 = br i1 %icmp_ln168, void %if.end, void %return" [softmax_accel_hls.cc:168]   --->   Operation 73 'br' 'br_ln168' <Predicate = true> <Delay = 0.00>
ST_1 : Operation 74 [1/1] (2.55ns)   --->   "%icmp_ln169 = icmp_ugt  i32 %n_read, i32 256" [softmax_accel_hls.cc:169]   --->   Operation 74 'icmp' 'icmp_ln169' <Predicate = (!icmp_ln168)> <Delay = 2.55> <CoreInst = "Cmp">   --->   Core 9 'Cmp' <Latency = 0> <II = 1> <Delay = 2.55> <FuncUnit> <Opcode : 'seteq' 'setne' 'setle' 'setge' 'setlt' 'setgt'> <InPorts = 2> <OutPorts = 1>
ST_1 : Operation 75 [1/1] (0.00ns)   --->   "%tmp_s = partselect i30 @_ssdm_op_PartSelect.i30.i32.i32.i32, i32 %input_base_read, i32 2, i32 31" [softmax_accel_hls.cc:176]   --->   Operation 75 'partselect' 'tmp_s' <Predicate = (!icmp_ln168)> <Delay = 0.00>
ST_1 : Operation 76 [1/1] (0.00ns)   --->   "%and_ln = bitconcatenate i32 @_ssdm_op_BitConcatenate.i32.i30.i2, i30 %tmp_s, i2 0" [softmax_accel_hls.cc:176]   --->   Operation 76 'bitconcatenate' 'and_ln' <Predicate = (!icmp_ln168)> <Delay = 0.00>
ST_1 : Operation 77 [1/1] (0.00ns)   --->   "%zext_ln176 = zext i32 %and_ln" [softmax_accel_hls.cc:176]   --->   Operation 77 'zext' 'zext_ln176' <Predicate = (!icmp_ln168)> <Delay = 0.00>
ST_1 : Operation 78 [1/1] (3.52ns)   --->   "%add_ln176 = add i64 %zext_ln176, i64 %mem_read" [softmax_accel_hls.cc:176]   --->   Operation 78 'add' 'add_ln176' <Predicate = (!icmp_ln168)> <Delay = 3.52> <CoreInst = "Adder">   --->   Core 1 'Adder' <Latency = 0> <II = 1> <Delay = 3.52> <FuncUnit> <Opcode : 'add' 'sub'> <InPorts = 2> <OutPorts = 1>
ST_1 : Operation 79 [1/1] (0.00ns)   --->   "%trunc_ln1 = partselect i62 @_ssdm_op_PartSelect.i62.i64.i32.i32, i64 %add_ln176, i32 2, i32 63" [softmax_accel_hls.cc:176]   --->   Operation 79 'partselect' 'trunc_ln1' <Predicate = (!icmp_ln168)> <Delay = 0.00>
ST_1 : Operation 80 [1/1] (0.00ns)   --->   "%tmp_1 = partselect i30 @_ssdm_op_PartSelect.i30.i32.i32.i32, i32 %dbg_base_read, i32 2, i32 31" [softmax_accel_hls.cc:184]   --->   Operation 80 'partselect' 'tmp_1' <Predicate = (!icmp_ln168)> <Delay = 0.00>

State 2 <SV = 1> <Delay = 8.61>
ST_2 : Operation 81 [1/1] (0.96ns)   --->   "%select_ln169 = select i1 %icmp_ln169, i9 256, i9 %trunc_ln154" [softmax_accel_hls.cc:169]   --->   Operation 81 'select' 'select_ln169' <Predicate = true> <Delay = 0.96> <CoreInst = "Sel">   --->   Core 73 'Sel' <Latency = 0> <II = 1> <Delay = 0.96> <FuncUnit> <Opcode : 'select'> <InPorts = 3> <OutPorts = 1>
ST_2 : Operation 82 [1/1] (0.00ns)   --->   "%zext_ln176_1 = zext i32 %and_ln" [softmax_accel_hls.cc:176]   --->   Operation 82 'zext' 'zext_ln176_1' <Predicate = true> <Delay = 0.00>
ST_2 : Operation 83 [1/1] (0.00ns)   --->   "%sext_ln176 = sext i62 %trunc_ln1" [softmax_accel_hls.cc:176]   --->   Operation 83 'sext' 'sext_ln176' <Predicate = true> <Delay = 0.00>
ST_2 : Operation 84 [1/1] (0.00ns)   --->   "%gmem_addr = getelementptr i32 %gmem, i64 %sext_ln176" [softmax_accel_hls.cc:176]   --->   Operation 84 'getelementptr' 'gmem_addr' <Predicate = true> <Delay = 0.00>
ST_2 : Operation 85 [8/8] (8.61ns)   --->   "%max_x_req = readreq i1 @_ssdm_op_ReadReq.m_axi.i32P1A, i32 %gmem_addr, i64 1" [softmax_accel_hls.cc:176]   --->   Operation 85 'readreq' 'max_x_req' <Predicate = true> <Delay = 8.61> <CoreInst = "m_axi">   --->   Core 111 'm_axi' <Latency = 6> <II = 1> <Delay = 1.00> <Adapter> <Opcode : 'read' 'write' 'readreq' 'writereq' 'writeresp'>
ST_2 : Operation 86 [1/1] (0.00ns)   --->   "%tmp = partselect i8 @_ssdm_op_PartSelect.i8.i9.i32.i32, i9 %select_ln169, i32 1, i32 8" [softmax_accel_hls.cc:177]   --->   Operation 86 'partselect' 'tmp' <Predicate = true> <Delay = 0.00>
ST_2 : Operation 87 [1/1] (1.91ns)   --->   "%icmp_ln177 = icmp_ne  i8 %tmp, i8 0" [softmax_accel_hls.cc:177]   --->   Operation 87 'icmp' 'icmp_ln177' <Predicate = true> <Delay = 1.91> <CoreInst = "Cmp">   --->   Core 9 'Cmp' <Latency = 0> <II = 1> <Delay = 1.91> <FuncUnit> <Opcode : 'seteq' 'setne' 'setle' 'setge' 'setlt' 'setgt'> <InPorts = 2> <OutPorts = 1>
ST_2 : Operation 88 [1/1] (0.00ns)   --->   "%trunc_ln177 = trunc i9 %select_ln169" [softmax_accel_hls.cc:177]   --->   Operation 88 'trunc' 'trunc_ln177' <Predicate = true> <Delay = 0.00>
ST_2 : Operation 89 [1/1] (1.91ns)   --->   "%add_ln177 = add i8 %trunc_ln177, i8 255" [softmax_accel_hls.cc:177]   --->   Operation 89 'add' 'add_ln177' <Predicate = true> <Delay = 1.91> <CoreInst = "Adder">   --->   Core 1 'Adder' <Latency = 0> <II = 1> <Delay = 1.91> <FuncUnit> <Opcode : 'add' 'sub'> <InPorts = 2> <OutPorts = 1>
ST_2 : Operation 90 [1/1] (2.55ns)   --->   "%add_ln177_1 = add i33 %zext_ln176_1, i33 4" [softmax_accel_hls.cc:177]   --->   Operation 90 'add' 'add_ln177_1' <Predicate = true> <Delay = 2.55> <CoreInst = "Adder">   --->   Core 1 'Adder' <Latency = 0> <II = 1> <Delay = 2.55> <FuncUnit> <Opcode : 'add' 'sub'> <InPorts = 2> <OutPorts = 1>
ST_2 : Operation 91 [1/1] (0.00ns)   --->   "%zext_ln177 = zext i33 %add_ln177_1" [softmax_accel_hls.cc:177]   --->   Operation 91 'zext' 'zext_ln177' <Predicate = true> <Delay = 0.00>
ST_2 : Operation 92 [1/1] (3.52ns)   --->   "%add_ln177_2 = add i64 %zext_ln177, i64 %mem_read" [softmax_accel_hls.cc:177]   --->   Operation 92 'add' 'add_ln177_2' <Predicate = true> <Delay = 3.52> <CoreInst = "Adder">   --->   Core 1 'Adder' <Latency = 0> <II = 1> <Delay = 3.52> <FuncUnit> <Opcode : 'add' 'sub'> <InPorts = 2> <OutPorts = 1>
ST_2 : Operation 93 [1/1] (0.00ns)   --->   "%trunc_ln2 = partselect i62 @_ssdm_op_PartSelect.i62.i64.i32.i32, i64 %add_ln177_2, i32 2, i32 63" [softmax_accel_hls.cc:177]   --->   Operation 93 'partselect' 'trunc_ln2' <Predicate = true> <Delay = 0.00>
ST_2 : Operation 94 [1/1] (1.24ns)   --->   "%empty = select i1 %icmp_ln177, i8 %add_ln177, i8 0" [softmax_accel_hls.cc:177]   --->   Operation 94 'select' 'empty' <Predicate = true> <Delay = 1.24> <CoreInst = "Sel">   --->   Core 73 'Sel' <Latency = 0> <II = 1> <Delay = 1.24> <FuncUnit> <Opcode : 'select'> <InPorts = 3> <OutPorts = 1>

State 3 <SV = 2> <Delay = 8.61>
ST_3 : Operation 95 [7/8] (8.61ns)   --->   "%max_x_req = readreq i1 @_ssdm_op_ReadReq.m_axi.i32P1A, i32 %gmem_addr, i64 1" [softmax_accel_hls.cc:176]   --->   Operation 95 'readreq' 'max_x_req' <Predicate = true> <Delay = 8.61> <CoreInst = "m_axi">   --->   Core 111 'm_axi' <Latency = 6> <II = 1> <Delay = 1.00> <Adapter> <Opcode : 'read' 'write' 'readreq' 'writereq' 'writeresp'>
ST_3 : Operation 96 [1/1] (0.00ns)   --->   "%sext_ln177 = sext i62 %trunc_ln2" [softmax_accel_hls.cc:177]   --->   Operation 96 'sext' 'sext_ln177' <Predicate = true> <Delay = 0.00>
ST_3 : Operation 97 [1/1] (0.00ns)   --->   "%gmem_addr_1 = getelementptr i32 %gmem, i64 %sext_ln177" [softmax_accel_hls.cc:177]   --->   Operation 97 'getelementptr' 'gmem_addr_1' <Predicate = true> <Delay = 0.00>
ST_3 : Operation 98 [1/1] (0.00ns)   --->   "%zext_ln177_1 = zext i8 %empty" [softmax_accel_hls.cc:177]   --->   Operation 98 'zext' 'zext_ln177_1' <Predicate = true> <Delay = 0.00>
ST_3 : Operation 99 [8/8] (8.61ns)   --->   "%empty_36 = readreq i1 @_ssdm_op_ReadReq.m_axi.p1i32, i32 %gmem_addr_1, i64 %zext_ln177_1" [softmax_accel_hls.cc:177]   --->   Operation 99 'readreq' 'empty_36' <Predicate = true> <Delay = 8.61> <CoreInst = "m_axi">   --->   Core 111 'm_axi' <Latency = 6> <II = 1> <Delay = 1.00> <Adapter> <Opcode : 'read' 'write' 'readreq' 'writereq' 'writeresp'>

State 4 <SV = 3> <Delay = 8.61>
ST_4 : Operation 100 [6/8] (8.61ns)   --->   "%max_x_req = readreq i1 @_ssdm_op_ReadReq.m_axi.i32P1A, i32 %gmem_addr, i64 1" [softmax_accel_hls.cc:176]   --->   Operation 100 'readreq' 'max_x_req' <Predicate = true> <Delay = 8.61> <CoreInst = "m_axi">   --->   Core 111 'm_axi' <Latency = 6> <II = 1> <Delay = 1.00> <Adapter> <Opcode : 'read' 'write' 'readreq' 'writereq' 'writeresp'>
ST_4 : Operation 101 [7/8] (8.61ns)   --->   "%empty_36 = readreq i1 @_ssdm_op_ReadReq.m_axi.p1i32, i32 %gmem_addr_1, i64 %zext_ln177_1" [softmax_accel_hls.cc:177]   --->   Operation 101 'readreq' 'empty_36' <Predicate = true> <Delay = 8.61> <CoreInst = "m_axi">   --->   Core 111 'm_axi' <Latency = 6> <II = 1> <Delay = 1.00> <Adapter> <Opcode : 'read' 'write' 'readreq' 'writereq' 'writeresp'>

State 5 <SV = 4> <Delay = 8.61>
ST_5 : Operation 102 [5/8] (8.61ns)   --->   "%max_x_req = readreq i1 @_ssdm_op_ReadReq.m_axi.i32P1A, i32 %gmem_addr, i64 1" [softmax_accel_hls.cc:176]   --->   Operation 102 'readreq' 'max_x_req' <Predicate = true> <Delay = 8.61> <CoreInst = "m_axi">   --->   Core 111 'm_axi' <Latency = 6> <II = 1> <Delay = 1.00> <Adapter> <Opcode : 'read' 'write' 'readreq' 'writereq' 'writeresp'>
ST_5 : Operation 103 [6/8] (8.61ns)   --->   "%empty_36 = readreq i1 @_ssdm_op_ReadReq.m_axi.p1i32, i32 %gmem_addr_1, i64 %zext_ln177_1" [softmax_accel_hls.cc:177]   --->   Operation 103 'readreq' 'empty_36' <Predicate = true> <Delay = 8.61> <CoreInst = "m_axi">   --->   Core 111 'm_axi' <Latency = 6> <II = 1> <Delay = 1.00> <Adapter> <Opcode : 'read' 'write' 'readreq' 'writereq' 'writeresp'>

State 6 <SV = 5> <Delay = 8.61>
ST_6 : Operation 104 [4/8] (8.61ns)   --->   "%max_x_req = readreq i1 @_ssdm_op_ReadReq.m_axi.i32P1A, i32 %gmem_addr, i64 1" [softmax_accel_hls.cc:176]   --->   Operation 104 'readreq' 'max_x_req' <Predicate = true> <Delay = 8.61> <CoreInst = "m_axi">   --->   Core 111 'm_axi' <Latency = 6> <II = 1> <Delay = 1.00> <Adapter> <Opcode : 'read' 'write' 'readreq' 'writereq' 'writeresp'>
ST_6 : Operation 105 [5/8] (8.61ns)   --->   "%empty_36 = readreq i1 @_ssdm_op_ReadReq.m_axi.p1i32, i32 %gmem_addr_1, i64 %zext_ln177_1" [softmax_accel_hls.cc:177]   --->   Operation 105 'readreq' 'empty_36' <Predicate = true> <Delay = 8.61> <CoreInst = "m_axi">   --->   Core 111 'm_axi' <Latency = 6> <II = 1> <Delay = 1.00> <Adapter> <Opcode : 'read' 'write' 'readreq' 'writereq' 'writeresp'>

State 7 <SV = 6> <Delay = 8.61>
ST_7 : Operation 106 [3/8] (8.61ns)   --->   "%max_x_req = readreq i1 @_ssdm_op_ReadReq.m_axi.i32P1A, i32 %gmem_addr, i64 1" [softmax_accel_hls.cc:176]   --->   Operation 106 'readreq' 'max_x_req' <Predicate = true> <Delay = 8.61> <CoreInst = "m_axi">   --->   Core 111 'm_axi' <Latency = 6> <II = 1> <Delay = 1.00> <Adapter> <Opcode : 'read' 'write' 'readreq' 'writereq' 'writeresp'>
ST_7 : Operation 107 [4/8] (8.61ns)   --->   "%empty_36 = readreq i1 @_ssdm_op_ReadReq.m_axi.p1i32, i32 %gmem_addr_1, i64 %zext_ln177_1" [softmax_accel_hls.cc:177]   --->   Operation 107 'readreq' 'empty_36' <Predicate = true> <Delay = 8.61> <CoreInst = "m_axi">   --->   Core 111 'm_axi' <Latency = 6> <II = 1> <Delay = 1.00> <Adapter> <Opcode : 'read' 'write' 'readreq' 'writereq' 'writeresp'>

State 8 <SV = 7> <Delay = 8.61>
ST_8 : Operation 108 [2/8] (8.61ns)   --->   "%max_x_req = readreq i1 @_ssdm_op_ReadReq.m_axi.i32P1A, i32 %gmem_addr, i64 1" [softmax_accel_hls.cc:176]   --->   Operation 108 'readreq' 'max_x_req' <Predicate = true> <Delay = 8.61> <CoreInst = "m_axi">   --->   Core 111 'm_axi' <Latency = 6> <II = 1> <Delay = 1.00> <Adapter> <Opcode : 'read' 'write' 'readreq' 'writereq' 'writeresp'>
ST_8 : Operation 109 [3/8] (8.61ns)   --->   "%empty_36 = readreq i1 @_ssdm_op_ReadReq.m_axi.p1i32, i32 %gmem_addr_1, i64 %zext_ln177_1" [softmax_accel_hls.cc:177]   --->   Operation 109 'readreq' 'empty_36' <Predicate = true> <Delay = 8.61> <CoreInst = "m_axi">   --->   Core 111 'm_axi' <Latency = 6> <II = 1> <Delay = 1.00> <Adapter> <Opcode : 'read' 'write' 'readreq' 'writereq' 'writeresp'>

State 9 <SV = 8> <Delay = 8.61>
ST_9 : Operation 110 [1/8] (8.61ns)   --->   "%max_x_req = readreq i1 @_ssdm_op_ReadReq.m_axi.i32P1A, i32 %gmem_addr, i64 1" [softmax_accel_hls.cc:176]   --->   Operation 110 'readreq' 'max_x_req' <Predicate = true> <Delay = 8.61> <CoreInst = "m_axi">   --->   Core 111 'm_axi' <Latency = 6> <II = 1> <Delay = 1.00> <Adapter> <Opcode : 'read' 'write' 'readreq' 'writereq' 'writeresp'>
ST_9 : Operation 111 [2/8] (8.61ns)   --->   "%empty_36 = readreq i1 @_ssdm_op_ReadReq.m_axi.p1i32, i32 %gmem_addr_1, i64 %zext_ln177_1" [softmax_accel_hls.cc:177]   --->   Operation 111 'readreq' 'empty_36' <Predicate = true> <Delay = 8.61> <CoreInst = "m_axi">   --->   Core 111 'm_axi' <Latency = 6> <II = 1> <Delay = 1.00> <Adapter> <Opcode : 'read' 'write' 'readreq' 'writereq' 'writeresp'>

State 10 <SV = 9> <Delay = 8.61>
ST_10 : Operation 112 [1/1] (8.61ns)   --->   "%max_x = read i32 @_ssdm_op_Read.m_axi.i32P1A, i32 %gmem_addr" [softmax_accel_hls.cc:176]   --->   Operation 112 'read' 'max_x' <Predicate = true> <Delay = 8.61> <CoreInst = "m_axi">   --->   Core 111 'm_axi' <Latency = 3> <II = 1> <Delay = 1.00> <Adapter> <Opcode : 'read' 'write' 'readreq' 'writereq' 'writeresp'>
ST_10 : Operation 113 [1/8] (8.61ns)   --->   "%empty_36 = readreq i1 @_ssdm_op_ReadReq.m_axi.p1i32, i32 %gmem_addr_1, i64 %zext_ln177_1" [softmax_accel_hls.cc:177]   --->   Operation 113 'readreq' 'empty_36' <Predicate = true> <Delay = 8.61> <CoreInst = "m_axi">   --->   Core 111 'm_axi' <Latency = 6> <II = 1> <Delay = 1.00> <Adapter> <Opcode : 'read' 'write' 'readreq' 'writereq' 'writeresp'>

State 11 <SV = 10> <Delay = 3.41>
ST_11 : Operation 114 [2/2] (3.41ns)   --->   "%call_ln176 = call void @softmax_accel_Pipeline_VITIS_LOOP_177_1, i32 %max_x, i32 %gmem, i9 %select_ln169, i62 %trunc_ln2, i32 %max_x_1_loc" [softmax_accel_hls.cc:176]   --->   Operation 114 'call' 'call_ln176' <Predicate = true> <Delay = 3.41> <CoreType = "Generic">   --->   Generic Core

State 12 <SV = 11> <Delay = 0.96>
ST_12 : Operation 115 [1/2] (0.00ns)   --->   "%call_ln176 = call void @softmax_accel_Pipeline_VITIS_LOOP_177_1, i32 %max_x, i32 %gmem, i9 %select_ln169, i62 %trunc_ln2, i32 %max_x_1_loc" [softmax_accel_hls.cc:176]   --->   Operation 115 'call' 'call_ln176' <Predicate = true> <Delay = 0.00> <CoreType = "Generic">   --->   Generic Core
ST_12 : Operation 116 [1/1] (0.96ns)   --->   "%select_ln188 = select i1 %icmp_ln177, i9 %select_ln169, i9 1" [softmax_accel_hls.cc:188]   --->   Operation 116 'select' 'select_ln188' <Predicate = true> <Delay = 0.96> <CoreInst = "Sel">   --->   Core 73 'Sel' <Latency = 0> <II = 1> <Delay = 0.96> <FuncUnit> <Opcode : 'select'> <InPorts = 3> <OutPorts = 1>

State 13 <SV = 12> <Delay = 8.61>
ST_13 : Operation 117 [1/1] (0.00ns)   --->   "%zext_ln188 = zext i9 %select_ln188" [softmax_accel_hls.cc:188]   --->   Operation 117 'zext' 'zext_ln188' <Predicate = true> <Delay = 0.00>
ST_13 : Operation 118 [8/8] (8.61ns)   --->   "%empty_37 = readreq i1 @_ssdm_op_ReadReq.m_axi.p1i32, i32 %gmem_addr, i64 %zext_ln188" [softmax_accel_hls.cc:188]   --->   Operation 118 'readreq' 'empty_37' <Predicate = true> <Delay = 8.61> <CoreInst = "m_axi">   --->   Core 111 'm_axi' <Latency = 6> <II = 1> <Delay = 1.00> <Adapter> <Opcode : 'read' 'write' 'readreq' 'writereq' 'writeresp'>

State 14 <SV = 13> <Delay = 8.61>
ST_14 : Operation 119 [7/8] (8.61ns)   --->   "%empty_37 = readreq i1 @_ssdm_op_ReadReq.m_axi.p1i32, i32 %gmem_addr, i64 %zext_ln188" [softmax_accel_hls.cc:188]   --->   Operation 119 'readreq' 'empty_37' <Predicate = true> <Delay = 8.61> <CoreInst = "m_axi">   --->   Core 111 'm_axi' <Latency = 6> <II = 1> <Delay = 1.00> <Adapter> <Opcode : 'read' 'write' 'readreq' 'writereq' 'writeresp'>

State 15 <SV = 14> <Delay = 8.61>
ST_15 : Operation 120 [6/8] (8.61ns)   --->   "%empty_37 = readreq i1 @_ssdm_op_ReadReq.m_axi.p1i32, i32 %gmem_addr, i64 %zext_ln188" [softmax_accel_hls.cc:188]   --->   Operation 120 'readreq' 'empty_37' <Predicate = true> <Delay = 8.61> <CoreInst = "m_axi">   --->   Core 111 'm_axi' <Latency = 6> <II = 1> <Delay = 1.00> <Adapter> <Opcode : 'read' 'write' 'readreq' 'writereq' 'writeresp'>

State 16 <SV = 15> <Delay = 8.61>
ST_16 : Operation 121 [5/8] (8.61ns)   --->   "%empty_37 = readreq i1 @_ssdm_op_ReadReq.m_axi.p1i32, i32 %gmem_addr, i64 %zext_ln188" [softmax_accel_hls.cc:188]   --->   Operation 121 'readreq' 'empty_37' <Predicate = true> <Delay = 8.61> <CoreInst = "m_axi">   --->   Core 111 'm_axi' <Latency = 6> <II = 1> <Delay = 1.00> <Adapter> <Opcode : 'read' 'write' 'readreq' 'writereq' 'writeresp'>

State 17 <SV = 16> <Delay = 8.61>
ST_17 : Operation 122 [4/8] (8.61ns)   --->   "%empty_37 = readreq i1 @_ssdm_op_ReadReq.m_axi.p1i32, i32 %gmem_addr, i64 %zext_ln188" [softmax_accel_hls.cc:188]   --->   Operation 122 'readreq' 'empty_37' <Predicate = true> <Delay = 8.61> <CoreInst = "m_axi">   --->   Core 111 'm_axi' <Latency = 6> <II = 1> <Delay = 1.00> <Adapter> <Opcode : 'read' 'write' 'readreq' 'writereq' 'writeresp'>

State 18 <SV = 17> <Delay = 8.61>
ST_18 : Operation 123 [3/8] (8.61ns)   --->   "%empty_37 = readreq i1 @_ssdm_op_ReadReq.m_axi.p1i32, i32 %gmem_addr, i64 %zext_ln188" [softmax_accel_hls.cc:188]   --->   Operation 123 'readreq' 'empty_37' <Predicate = true> <Delay = 8.61> <CoreInst = "m_axi">   --->   Core 111 'm_axi' <Latency = 6> <II = 1> <Delay = 1.00> <Adapter> <Opcode : 'read' 'write' 'readreq' 'writereq' 'writeresp'>

State 19 <SV = 18> <Delay = 8.61>
ST_19 : Operation 124 [2/8] (8.61ns)   --->   "%empty_37 = readreq i1 @_ssdm_op_ReadReq.m_axi.p1i32, i32 %gmem_addr, i64 %zext_ln188" [softmax_accel_hls.cc:188]   --->   Operation 124 'readreq' 'empty_37' <Predicate = true> <Delay = 8.61> <CoreInst = "m_axi">   --->   Core 111 'm_axi' <Latency = 6> <II = 1> <Delay = 1.00> <Adapter> <Opcode : 'read' 'write' 'readreq' 'writereq' 'writeresp'>

State 20 <SV = 19> <Delay = 8.61>
ST_20 : Operation 125 [1/8] (8.61ns)   --->   "%empty_37 = readreq i1 @_ssdm_op_ReadReq.m_axi.p1i32, i32 %gmem_addr, i64 %zext_ln188" [softmax_accel_hls.cc:188]   --->   Operation 125 'readreq' 'empty_37' <Predicate = true> <Delay = 8.61> <CoreInst = "m_axi">   --->   Core 111 'm_axi' <Latency = 6> <II = 1> <Delay = 1.00> <Adapter> <Opcode : 'read' 'write' 'readreq' 'writereq' 'writeresp'>

State 21 <SV = 20> <Delay = 3.41>
ST_21 : Operation 126 [1/1] (0.00ns)   --->   "%max_x_1_loc_load = load i32 %max_x_1_loc"   --->   Operation 126 'load' 'max_x_1_loc_load' <Predicate = true> <Delay = 0.00>
ST_21 : Operation 127 [2/2] (3.41ns)   --->   "%call_ln169 = call void @softmax_accel_Pipeline_VITIS_LOOP_188_2, i32 %gmem, i9 %select_ln169, i62 %trunc_ln1, i32 %max_x_1_loc_load, i32 %exp_buf, i40 %sum64_loc, i18 %EXP2_PTS_Q16" [softmax_accel_hls.cc:169]   --->   Operation 127 'call' 'call_ln169' <Predicate = true> <Delay = 3.41> <CoreType = "Generic">   --->   Generic Core

State 22 <SV = 21> <Delay = 0.00>
ST_22 : Operation 128 [1/2] (0.00ns)   --->   "%call_ln169 = call void @softmax_accel_Pipeline_VITIS_LOOP_188_2, i32 %gmem, i9 %select_ln169, i62 %trunc_ln1, i32 %max_x_1_loc_load, i32 %exp_buf, i40 %sum64_loc, i18 %EXP2_PTS_Q16" [softmax_accel_hls.cc:169]   --->   Operation 128 'call' 'call_ln169' <Predicate = true> <Delay = 0.00> <CoreType = "Generic">   --->   Generic Core

State 23 <SV = 22> <Delay = 3.57>
ST_23 : Operation 129 [1/1] (0.00ns)   --->   "%sum64_loc_load = load i40 %sum64_loc"   --->   Operation 129 'load' 'sum64_loc_load' <Predicate = true> <Delay = 0.00>
ST_23 : Operation 130 [1/1] (2.87ns)   --->   "%icmp_ln197 = icmp_eq  i40 %sum64_loc_load, i40 0" [softmax_accel_hls.cc:197]   --->   Operation 130 'icmp' 'icmp_ln197' <Predicate = true> <Delay = 2.87> <CoreInst = "Cmp">   --->   Core 9 'Cmp' <Latency = 0> <II = 1> <Delay = 2.87> <FuncUnit> <Opcode : 'seteq' 'setne' 'setle' 'setge' 'setlt' 'setgt'> <InPorts = 2> <OutPorts = 1>
ST_23 : Operation 131 [1/1] (0.00ns)   --->   "%sum = trunc i40 %sum64_loc_load" [softmax_accel_hls.cc:197]   --->   Operation 131 'trunc' 'sum' <Predicate = true> <Delay = 0.00>
ST_23 : Operation 132 [1/1] (0.69ns)   --->   "%sum_2 = select i1 %icmp_ln197, i32 1, i32 %sum" [softmax_accel_hls.cc:197]   --->   Operation 132 'select' 'sum_2' <Predicate = true> <Delay = 0.69> <CoreInst = "Sel">   --->   Core 73 'Sel' <Latency = 0> <II = 1> <Delay = 0.69> <FuncUnit> <Opcode : 'select'> <InPorts = 3> <OutPorts = 1>

State 24 <SV = 23> <Delay = 5.75>
ST_24 : Operation 133 [1/1] (0.00ns)   --->   "%zext_ln184 = zext i30 %tmp_1" [softmax_accel_hls.cc:184]   --->   Operation 133 'zext' 'zext_ln184' <Predicate = true> <Delay = 0.00>
ST_24 : Operation 134 [1/1] (0.00ns)   --->   "%specmemcore_ln185 = specmemcore void @_ssdm_op_SpecMemCore, i32 %exp_buf, i64 666, i64 18, i64 18446744073709551615" [softmax_accel_hls.cc:185]   --->   Operation 134 'specmemcore' 'specmemcore_ln185' <Predicate = true> <Delay = 0.00>
ST_24 : Operation 135 [1/1] (2.55ns)   --->   "%icmp_ln112 = icmp_eq  i32 %sum_2, i32 0" [softmax_accel_hls.cc:112->softmax_accel_hls.cc:200]   --->   Operation 135 'icmp' 'icmp_ln112' <Predicate = true> <Delay = 2.55> <CoreInst = "Cmp">   --->   Core 9 'Cmp' <Latency = 0> <II = 1> <Delay = 2.55> <FuncUnit> <Opcode : 'seteq' 'setne' 'setle' 'setge' 'setlt' 'setgt'> <InPorts = 2> <OutPorts = 1>
ST_24 : Operation 136 [1/1] (1.58ns)   --->   "%br_ln112 = br i1 %icmp_ln112, void %for.body.i, void %VITIS_LOOP_202_3" [softmax_accel_hls.cc:112->softmax_accel_hls.cc:200]   --->   Operation 136 'br' 'br_ln112' <Predicate = true> <Delay = 1.58>
ST_24 : Operation 137 [1/1] (0.00ns)   --->   "%tmp_10 = bitselect i1 @_ssdm_op_BitSelect.i1.i32.i32, i32 %sum_2, i32 31" [softmax_accel_hls.cc:119->softmax_accel_hls.cc:200]   --->   Operation 137 'bitselect' 'tmp_10' <Predicate = (!icmp_ln112)> <Delay = 0.00>
ST_24 : Operation 138 [1/1] (3.20ns)   --->   "%br_ln119 = br i1 %tmp_10, void %if.end3.i, void %cleanup.i" [softmax_accel_hls.cc:119->softmax_accel_hls.cc:200]   --->   Operation 138 'br' 'br_ln119' <Predicate = (!icmp_ln112)> <Delay = 3.20>
ST_24 : Operation 139 [1/1] (0.00ns)   --->   "%tmp_11 = bitselect i1 @_ssdm_op_BitSelect.i1.i32.i32, i32 %sum_2, i32 30" [softmax_accel_hls.cc:119->softmax_accel_hls.cc:200]   --->   Operation 139 'bitselect' 'tmp_11' <Predicate = (!icmp_ln112 & !tmp_10)> <Delay = 0.00>
ST_24 : Operation 140 [1/1] (3.20ns)   --->   "%br_ln119 = br i1 %tmp_11, void %if.end3.i.1, void %cleanup.i" [softmax_accel_hls.cc:119->softmax_accel_hls.cc:200]   --->   Operation 140 'br' 'br_ln119' <Predicate = (!icmp_ln112 & !tmp_10)> <Delay = 3.20>
ST_24 : Operation 141 [1/1] (0.00ns)   --->   "%tmp_12 = bitselect i1 @_ssdm_op_BitSelect.i1.i32.i32, i32 %sum_2, i32 29" [softmax_accel_hls.cc:119->softmax_accel_hls.cc:200]   --->   Operation 141 'bitselect' 'tmp_12' <Predicate = (!icmp_ln112 & !tmp_10 & !tmp_11)> <Delay = 0.00>
ST_24 : Operation 142 [1/1] (3.20ns)   --->   "%br_ln119 = br i1 %tmp_12, void %if.end3.i.2, void %cleanup.i" [softmax_accel_hls.cc:119->softmax_accel_hls.cc:200]   --->   Operation 142 'br' 'br_ln119' <Predicate = (!icmp_ln112 & !tmp_10 & !tmp_11)> <Delay = 3.20>
ST_24 : Operation 143 [1/1] (0.00ns)   --->   "%tmp_13 = bitselect i1 @_ssdm_op_BitSelect.i1.i32.i32, i32 %sum_2, i32 28" [softmax_accel_hls.cc:119->softmax_accel_hls.cc:200]   --->   Operation 143 'bitselect' 'tmp_13' <Predicate = (!icmp_ln112 & !tmp_10 & !tmp_11 & !tmp_12)> <Delay = 0.00>
ST_24 : Operation 144 [1/1] (3.20ns)   --->   "%br_ln119 = br i1 %tmp_13, void %if.end3.i.3, void %cleanup.i" [softmax_accel_hls.cc:119->softmax_accel_hls.cc:200]   --->   Operation 144 'br' 'br_ln119' <Predicate = (!icmp_ln112 & !tmp_10 & !tmp_11 & !tmp_12)> <Delay = 3.20>
ST_24 : Operation 145 [1/1] (0.00ns)   --->   "%tmp_14 = bitselect i1 @_ssdm_op_BitSelect.i1.i32.i32, i32 %sum_2, i32 27" [softmax_accel_hls.cc:119->softmax_accel_hls.cc:200]   --->   Operation 145 'bitselect' 'tmp_14' <Predicate = (!icmp_ln112 & !tmp_10 & !tmp_11 & !tmp_12 & !tmp_13)> <Delay = 0.00>
ST_24 : Operation 146 [1/1] (3.20ns)   --->   "%br_ln119 = br i1 %tmp_14, void %if.end3.i.4, void %cleanup.i" [softmax_accel_hls.cc:119->softmax_accel_hls.cc:200]   --->   Operation 146 'br' 'br_ln119' <Predicate = (!icmp_ln112 & !tmp_10 & !tmp_11 & !tmp_12 & !tmp_13)> <Delay = 3.20>
ST_24 : Operation 147 [1/1] (0.00ns)   --->   "%tmp_15 = bitselect i1 @_ssdm_op_BitSelect.i1.i32.i32, i32 %sum_2, i32 26" [softmax_accel_hls.cc:119->softmax_accel_hls.cc:200]   --->   Operation 147 'bitselect' 'tmp_15' <Predicate = (!icmp_ln112 & !tmp_10 & !tmp_11 & !tmp_12 & !tmp_13 & !tmp_14)> <Delay = 0.00>
ST_24 : Operation 148 [1/1] (3.20ns)   --->   "%br_ln119 = br i1 %tmp_15, void %if.end3.i.5, void %cleanup.i" [softmax_accel_hls.cc:119->softmax_accel_hls.cc:200]   --->   Operation 148 'br' 'br_ln119' <Predicate = (!icmp_ln112 & !tmp_10 & !tmp_11 & !tmp_12 & !tmp_13 & !tmp_14)> <Delay = 3.20>
ST_24 : Operation 149 [1/1] (0.00ns)   --->   "%tmp_16 = bitselect i1 @_ssdm_op_BitSelect.i1.i32.i32, i32 %sum_2, i32 25" [softmax_accel_hls.cc:119->softmax_accel_hls.cc:200]   --->   Operation 149 'bitselect' 'tmp_16' <Predicate = (!icmp_ln112 & !tmp_10 & !tmp_11 & !tmp_12 & !tmp_13 & !tmp_14 & !tmp_15)> <Delay = 0.00>
ST_24 : Operation 150 [1/1] (3.20ns)   --->   "%br_ln119 = br i1 %tmp_16, void %if.end3.i.6, void %cleanup.i" [softmax_accel_hls.cc:119->softmax_accel_hls.cc:200]   --->   Operation 150 'br' 'br_ln119' <Predicate = (!icmp_ln112 & !tmp_10 & !tmp_11 & !tmp_12 & !tmp_13 & !tmp_14 & !tmp_15)> <Delay = 3.20>
ST_24 : Operation 151 [1/1] (0.00ns)   --->   "%tmp_17 = bitselect i1 @_ssdm_op_BitSelect.i1.i32.i32, i32 %sum_2, i32 24" [softmax_accel_hls.cc:119->softmax_accel_hls.cc:200]   --->   Operation 151 'bitselect' 'tmp_17' <Predicate = (!icmp_ln112 & !tmp_10 & !tmp_11 & !tmp_12 & !tmp_13 & !tmp_14 & !tmp_15 & !tmp_16)> <Delay = 0.00>
ST_24 : Operation 152 [1/1] (3.20ns)   --->   "%br_ln119 = br i1 %tmp_17, void %if.end3.i.7, void %cleanup.i" [softmax_accel_hls.cc:119->softmax_accel_hls.cc:200]   --->   Operation 152 'br' 'br_ln119' <Predicate = (!icmp_ln112 & !tmp_10 & !tmp_11 & !tmp_12 & !tmp_13 & !tmp_14 & !tmp_15 & !tmp_16)> <Delay = 3.20>
ST_24 : Operation 153 [1/1] (0.00ns)   --->   "%tmp_18 = bitselect i1 @_ssdm_op_BitSelect.i1.i32.i32, i32 %sum_2, i32 23" [softmax_accel_hls.cc:119->softmax_accel_hls.cc:200]   --->   Operation 153 'bitselect' 'tmp_18' <Predicate = (!icmp_ln112 & !tmp_10 & !tmp_11 & !tmp_12 & !tmp_13 & !tmp_14 & !tmp_15 & !tmp_16 & !tmp_17)> <Delay = 0.00>
ST_24 : Operation 154 [1/1] (3.20ns)   --->   "%br_ln119 = br i1 %tmp_18, void %if.end3.i.8, void %cleanup.i" [softmax_accel_hls.cc:119->softmax_accel_hls.cc:200]   --->   Operation 154 'br' 'br_ln119' <Predicate = (!icmp_ln112 & !tmp_10 & !tmp_11 & !tmp_12 & !tmp_13 & !tmp_14 & !tmp_15 & !tmp_16 & !tmp_17)> <Delay = 3.20>
ST_24 : Operation 155 [1/1] (0.00ns)   --->   "%tmp_19 = bitselect i1 @_ssdm_op_BitSelect.i1.i32.i32, i32 %sum_2, i32 22" [softmax_accel_hls.cc:119->softmax_accel_hls.cc:200]   --->   Operation 155 'bitselect' 'tmp_19' <Predicate = (!icmp_ln112 & !tmp_10 & !tmp_11 & !tmp_12 & !tmp_13 & !tmp_14 & !tmp_15 & !tmp_16 & !tmp_17 & !tmp_18)> <Delay = 0.00>
ST_24 : Operation 156 [1/1] (3.20ns)   --->   "%br_ln119 = br i1 %tmp_19, void %if.end3.i.9, void %cleanup.i" [softmax_accel_hls.cc:119->softmax_accel_hls.cc:200]   --->   Operation 156 'br' 'br_ln119' <Predicate = (!icmp_ln112 & !tmp_10 & !tmp_11 & !tmp_12 & !tmp_13 & !tmp_14 & !tmp_15 & !tmp_16 & !tmp_17 & !tmp_18)> <Delay = 3.20>
ST_24 : Operation 157 [1/1] (0.00ns)   --->   "%tmp_20 = bitselect i1 @_ssdm_op_BitSelect.i1.i32.i32, i32 %sum_2, i32 21" [softmax_accel_hls.cc:119->softmax_accel_hls.cc:200]   --->   Operation 157 'bitselect' 'tmp_20' <Predicate = (!icmp_ln112 & !tmp_10 & !tmp_11 & !tmp_12 & !tmp_13 & !tmp_14 & !tmp_15 & !tmp_16 & !tmp_17 & !tmp_18 & !tmp_19)> <Delay = 0.00>
ST_24 : Operation 158 [1/1] (3.20ns)   --->   "%br_ln119 = br i1 %tmp_20, void %if.end3.i.10, void %cleanup.i" [softmax_accel_hls.cc:119->softmax_accel_hls.cc:200]   --->   Operation 158 'br' 'br_ln119' <Predicate = (!icmp_ln112 & !tmp_10 & !tmp_11 & !tmp_12 & !tmp_13 & !tmp_14 & !tmp_15 & !tmp_16 & !tmp_17 & !tmp_18 & !tmp_19)> <Delay = 3.20>
ST_24 : Operation 159 [1/1] (0.00ns)   --->   "%tmp_21 = bitselect i1 @_ssdm_op_BitSelect.i1.i32.i32, i32 %sum_2, i32 20" [softmax_accel_hls.cc:119->softmax_accel_hls.cc:200]   --->   Operation 159 'bitselect' 'tmp_21' <Predicate = (!icmp_ln112 & !tmp_10 & !tmp_11 & !tmp_12 & !tmp_13 & !tmp_14 & !tmp_15 & !tmp_16 & !tmp_17 & !tmp_18 & !tmp_19 & !tmp_20)> <Delay = 0.00>
ST_24 : Operation 160 [1/1] (3.20ns)   --->   "%br_ln119 = br i1 %tmp_21, void %if.end3.i.11, void %cleanup.i" [softmax_accel_hls.cc:119->softmax_accel_hls.cc:200]   --->   Operation 160 'br' 'br_ln119' <Predicate = (!icmp_ln112 & !tmp_10 & !tmp_11 & !tmp_12 & !tmp_13 & !tmp_14 & !tmp_15 & !tmp_16 & !tmp_17 & !tmp_18 & !tmp_19 & !tmp_20)> <Delay = 3.20>
ST_24 : Operation 161 [1/1] (0.00ns)   --->   "%tmp_22 = bitselect i1 @_ssdm_op_BitSelect.i1.i32.i32, i32 %sum_2, i32 19" [softmax_accel_hls.cc:119->softmax_accel_hls.cc:200]   --->   Operation 161 'bitselect' 'tmp_22' <Predicate = (!icmp_ln112 & !tmp_10 & !tmp_11 & !tmp_12 & !tmp_13 & !tmp_14 & !tmp_15 & !tmp_16 & !tmp_17 & !tmp_18 & !tmp_19 & !tmp_20 & !tmp_21)> <Delay = 0.00>
ST_24 : Operation 162 [1/1] (3.20ns)   --->   "%br_ln119 = br i1 %tmp_22, void %if.end3.i.12, void %cleanup.i" [softmax_accel_hls.cc:119->softmax_accel_hls.cc:200]   --->   Operation 162 'br' 'br_ln119' <Predicate = (!icmp_ln112 & !tmp_10 & !tmp_11 & !tmp_12 & !tmp_13 & !tmp_14 & !tmp_15 & !tmp_16 & !tmp_17 & !tmp_18 & !tmp_19 & !tmp_20 & !tmp_21)> <Delay = 3.20>
ST_24 : Operation 163 [1/1] (0.00ns)   --->   "%tmp_23 = bitselect i1 @_ssdm_op_BitSelect.i1.i32.i32, i32 %sum_2, i32 18" [softmax_accel_hls.cc:119->softmax_accel_hls.cc:200]   --->   Operation 163 'bitselect' 'tmp_23' <Predicate = (!icmp_ln112 & !tmp_10 & !tmp_11 & !tmp_12 & !tmp_13 & !tmp_14 & !tmp_15 & !tmp_16 & !tmp_17 & !tmp_18 & !tmp_19 & !tmp_20 & !tmp_21 & !tmp_22)> <Delay = 0.00>
ST_24 : Operation 164 [1/1] (3.20ns)   --->   "%br_ln119 = br i1 %tmp_23, void %if.end3.i.13, void %cleanup.i" [softmax_accel_hls.cc:119->softmax_accel_hls.cc:200]   --->   Operation 164 'br' 'br_ln119' <Predicate = (!icmp_ln112 & !tmp_10 & !tmp_11 & !tmp_12 & !tmp_13 & !tmp_14 & !tmp_15 & !tmp_16 & !tmp_17 & !tmp_18 & !tmp_19 & !tmp_20 & !tmp_21 & !tmp_22)> <Delay = 3.20>
ST_24 : Operation 165 [1/1] (0.00ns)   --->   "%tmp_24 = bitselect i1 @_ssdm_op_BitSelect.i1.i32.i32, i32 %sum_2, i32 17" [softmax_accel_hls.cc:119->softmax_accel_hls.cc:200]   --->   Operation 165 'bitselect' 'tmp_24' <Predicate = (!icmp_ln112 & !tmp_10 & !tmp_11 & !tmp_12 & !tmp_13 & !tmp_14 & !tmp_15 & !tmp_16 & !tmp_17 & !tmp_18 & !tmp_19 & !tmp_20 & !tmp_21 & !tmp_22 & !tmp_23)> <Delay = 0.00>
ST_24 : Operation 166 [1/1] (3.20ns)   --->   "%br_ln119 = br i1 %tmp_24, void %if.end3.i.14, void %cleanup.i" [softmax_accel_hls.cc:119->softmax_accel_hls.cc:200]   --->   Operation 166 'br' 'br_ln119' <Predicate = (!icmp_ln112 & !tmp_10 & !tmp_11 & !tmp_12 & !tmp_13 & !tmp_14 & !tmp_15 & !tmp_16 & !tmp_17 & !tmp_18 & !tmp_19 & !tmp_20 & !tmp_21 & !tmp_22 & !tmp_23)> <Delay = 3.20>
ST_24 : Operation 167 [1/1] (0.00ns)   --->   "%tmp_25 = bitselect i1 @_ssdm_op_BitSelect.i1.i32.i32, i32 %sum_2, i32 16" [softmax_accel_hls.cc:119->softmax_accel_hls.cc:200]   --->   Operation 167 'bitselect' 'tmp_25' <Predicate = (!icmp_ln112 & !tmp_10 & !tmp_11 & !tmp_12 & !tmp_13 & !tmp_14 & !tmp_15 & !tmp_16 & !tmp_17 & !tmp_18 & !tmp_19 & !tmp_20 & !tmp_21 & !tmp_22 & !tmp_23 & !tmp_24)> <Delay = 0.00>
ST_24 : Operation 168 [1/1] (3.20ns)   --->   "%br_ln119 = br i1 %tmp_25, void %if.end3.i.15, void %cleanup.i" [softmax_accel_hls.cc:119->softmax_accel_hls.cc:200]   --->   Operation 168 'br' 'br_ln119' <Predicate = (!icmp_ln112 & !tmp_10 & !tmp_11 & !tmp_12 & !tmp_13 & !tmp_14 & !tmp_15 & !tmp_16 & !tmp_17 & !tmp_18 & !tmp_19 & !tmp_20 & !tmp_21 & !tmp_22 & !tmp_23 & !tmp_24)> <Delay = 3.20>
ST_24 : Operation 169 [1/1] (0.00ns)   --->   "%tmp_26 = bitselect i1 @_ssdm_op_BitSelect.i1.i32.i32, i32 %sum_2, i32 15" [softmax_accel_hls.cc:119->softmax_accel_hls.cc:200]   --->   Operation 169 'bitselect' 'tmp_26' <Predicate = (!icmp_ln112 & !tmp_10 & !tmp_11 & !tmp_12 & !tmp_13 & !tmp_14 & !tmp_15 & !tmp_16 & !tmp_17 & !tmp_18 & !tmp_19 & !tmp_20 & !tmp_21 & !tmp_22 & !tmp_23 & !tmp_24 & !tmp_25)> <Delay = 0.00>
ST_24 : Operation 170 [1/1] (3.20ns)   --->   "%br_ln119 = br i1 %tmp_26, void %if.end3.i.16, void %cleanup.i" [softmax_accel_hls.cc:119->softmax_accel_hls.cc:200]   --->   Operation 170 'br' 'br_ln119' <Predicate = (!icmp_ln112 & !tmp_10 & !tmp_11 & !tmp_12 & !tmp_13 & !tmp_14 & !tmp_15 & !tmp_16 & !tmp_17 & !tmp_18 & !tmp_19 & !tmp_20 & !tmp_21 & !tmp_22 & !tmp_23 & !tmp_24 & !tmp_25)> <Delay = 3.20>
ST_24 : Operation 171 [1/1] (0.00ns)   --->   "%tmp_27 = bitselect i1 @_ssdm_op_BitSelect.i1.i32.i32, i32 %sum_2, i32 14" [softmax_accel_hls.cc:119->softmax_accel_hls.cc:200]   --->   Operation 171 'bitselect' 'tmp_27' <Predicate = (!icmp_ln112 & !tmp_10 & !tmp_11 & !tmp_12 & !tmp_13 & !tmp_14 & !tmp_15 & !tmp_16 & !tmp_17 & !tmp_18 & !tmp_19 & !tmp_20 & !tmp_21 & !tmp_22 & !tmp_23 & !tmp_24 & !tmp_25 & !tmp_26)> <Delay = 0.00>
ST_24 : Operation 172 [1/1] (3.20ns)   --->   "%br_ln119 = br i1 %tmp_27, void %if.end3.i.17, void %cleanup.i" [softmax_accel_hls.cc:119->softmax_accel_hls.cc:200]   --->   Operation 172 'br' 'br_ln119' <Predicate = (!icmp_ln112 & !tmp_10 & !tmp_11 & !tmp_12 & !tmp_13 & !tmp_14 & !tmp_15 & !tmp_16 & !tmp_17 & !tmp_18 & !tmp_19 & !tmp_20 & !tmp_21 & !tmp_22 & !tmp_23 & !tmp_24 & !tmp_25 & !tmp_26)> <Delay = 3.20>
ST_24 : Operation 173 [1/1] (0.00ns)   --->   "%tmp_28 = bitselect i1 @_ssdm_op_BitSelect.i1.i32.i32, i32 %sum_2, i32 13" [softmax_accel_hls.cc:119->softmax_accel_hls.cc:200]   --->   Operation 173 'bitselect' 'tmp_28' <Predicate = (!icmp_ln112 & !tmp_10 & !tmp_11 & !tmp_12 & !tmp_13 & !tmp_14 & !tmp_15 & !tmp_16 & !tmp_17 & !tmp_18 & !tmp_19 & !tmp_20 & !tmp_21 & !tmp_22 & !tmp_23 & !tmp_24 & !tmp_25 & !tmp_26 & !tmp_27)> <Delay = 0.00>
ST_24 : Operation 174 [1/1] (3.20ns)   --->   "%br_ln119 = br i1 %tmp_28, void %if.end3.i.18, void %cleanup.i" [softmax_accel_hls.cc:119->softmax_accel_hls.cc:200]   --->   Operation 174 'br' 'br_ln119' <Predicate = (!icmp_ln112 & !tmp_10 & !tmp_11 & !tmp_12 & !tmp_13 & !tmp_14 & !tmp_15 & !tmp_16 & !tmp_17 & !tmp_18 & !tmp_19 & !tmp_20 & !tmp_21 & !tmp_22 & !tmp_23 & !tmp_24 & !tmp_25 & !tmp_26 & !tmp_27)> <Delay = 3.20>
ST_24 : Operation 175 [1/1] (0.00ns)   --->   "%tmp_29 = bitselect i1 @_ssdm_op_BitSelect.i1.i32.i32, i32 %sum_2, i32 12" [softmax_accel_hls.cc:119->softmax_accel_hls.cc:200]   --->   Operation 175 'bitselect' 'tmp_29' <Predicate = (!icmp_ln112 & !tmp_10 & !tmp_11 & !tmp_12 & !tmp_13 & !tmp_14 & !tmp_15 & !tmp_16 & !tmp_17 & !tmp_18 & !tmp_19 & !tmp_20 & !tmp_21 & !tmp_22 & !tmp_23 & !tmp_24 & !tmp_25 & !tmp_26 & !tmp_27 & !tmp_28)> <Delay = 0.00>
ST_24 : Operation 176 [1/1] (3.20ns)   --->   "%br_ln119 = br i1 %tmp_29, void %if.end3.i.19, void %cleanup.i" [softmax_accel_hls.cc:119->softmax_accel_hls.cc:200]   --->   Operation 176 'br' 'br_ln119' <Predicate = (!icmp_ln112 & !tmp_10 & !tmp_11 & !tmp_12 & !tmp_13 & !tmp_14 & !tmp_15 & !tmp_16 & !tmp_17 & !tmp_18 & !tmp_19 & !tmp_20 & !tmp_21 & !tmp_22 & !tmp_23 & !tmp_24 & !tmp_25 & !tmp_26 & !tmp_27 & !tmp_28)> <Delay = 3.20>
ST_24 : Operation 177 [1/1] (0.00ns)   --->   "%tmp_30 = bitselect i1 @_ssdm_op_BitSelect.i1.i32.i32, i32 %sum_2, i32 11" [softmax_accel_hls.cc:119->softmax_accel_hls.cc:200]   --->   Operation 177 'bitselect' 'tmp_30' <Predicate = (!icmp_ln112 & !tmp_10 & !tmp_11 & !tmp_12 & !tmp_13 & !tmp_14 & !tmp_15 & !tmp_16 & !tmp_17 & !tmp_18 & !tmp_19 & !tmp_20 & !tmp_21 & !tmp_22 & !tmp_23 & !tmp_24 & !tmp_25 & !tmp_26 & !tmp_27 & !tmp_28 & !tmp_29)> <Delay = 0.00>
ST_24 : Operation 178 [1/1] (3.20ns)   --->   "%br_ln119 = br i1 %tmp_30, void %if.end3.i.20, void %cleanup.i" [softmax_accel_hls.cc:119->softmax_accel_hls.cc:200]   --->   Operation 178 'br' 'br_ln119' <Predicate = (!icmp_ln112 & !tmp_10 & !tmp_11 & !tmp_12 & !tmp_13 & !tmp_14 & !tmp_15 & !tmp_16 & !tmp_17 & !tmp_18 & !tmp_19 & !tmp_20 & !tmp_21 & !tmp_22 & !tmp_23 & !tmp_24 & !tmp_25 & !tmp_26 & !tmp_27 & !tmp_28 & !tmp_29)> <Delay = 3.20>
ST_24 : Operation 179 [1/1] (0.00ns)   --->   "%tmp_31 = bitselect i1 @_ssdm_op_BitSelect.i1.i32.i32, i32 %sum_2, i32 10" [softmax_accel_hls.cc:119->softmax_accel_hls.cc:200]   --->   Operation 179 'bitselect' 'tmp_31' <Predicate = (!icmp_ln112 & !tmp_10 & !tmp_11 & !tmp_12 & !tmp_13 & !tmp_14 & !tmp_15 & !tmp_16 & !tmp_17 & !tmp_18 & !tmp_19 & !tmp_20 & !tmp_21 & !tmp_22 & !tmp_23 & !tmp_24 & !tmp_25 & !tmp_26 & !tmp_27 & !tmp_28 & !tmp_29 & !tmp_30)> <Delay = 0.00>
ST_24 : Operation 180 [1/1] (3.20ns)   --->   "%br_ln119 = br i1 %tmp_31, void %if.end3.i.21, void %cleanup.i" [softmax_accel_hls.cc:119->softmax_accel_hls.cc:200]   --->   Operation 180 'br' 'br_ln119' <Predicate = (!icmp_ln112 & !tmp_10 & !tmp_11 & !tmp_12 & !tmp_13 & !tmp_14 & !tmp_15 & !tmp_16 & !tmp_17 & !tmp_18 & !tmp_19 & !tmp_20 & !tmp_21 & !tmp_22 & !tmp_23 & !tmp_24 & !tmp_25 & !tmp_26 & !tmp_27 & !tmp_28 & !tmp_29 & !tmp_30)> <Delay = 3.20>
ST_24 : Operation 181 [1/1] (0.00ns)   --->   "%tmp_32 = bitselect i1 @_ssdm_op_BitSelect.i1.i32.i32, i32 %sum_2, i32 9" [softmax_accel_hls.cc:119->softmax_accel_hls.cc:200]   --->   Operation 181 'bitselect' 'tmp_32' <Predicate = (!icmp_ln112 & !tmp_10 & !tmp_11 & !tmp_12 & !tmp_13 & !tmp_14 & !tmp_15 & !tmp_16 & !tmp_17 & !tmp_18 & !tmp_19 & !tmp_20 & !tmp_21 & !tmp_22 & !tmp_23 & !tmp_24 & !tmp_25 & !tmp_26 & !tmp_27 & !tmp_28 & !tmp_29 & !tmp_30 & !tmp_31)> <Delay = 0.00>
ST_24 : Operation 182 [1/1] (3.20ns)   --->   "%br_ln119 = br i1 %tmp_32, void %if.end3.i.22, void %cleanup.i" [softmax_accel_hls.cc:119->softmax_accel_hls.cc:200]   --->   Operation 182 'br' 'br_ln119' <Predicate = (!icmp_ln112 & !tmp_10 & !tmp_11 & !tmp_12 & !tmp_13 & !tmp_14 & !tmp_15 & !tmp_16 & !tmp_17 & !tmp_18 & !tmp_19 & !tmp_20 & !tmp_21 & !tmp_22 & !tmp_23 & !tmp_24 & !tmp_25 & !tmp_26 & !tmp_27 & !tmp_28 & !tmp_29 & !tmp_30 & !tmp_31)> <Delay = 3.20>
ST_24 : Operation 183 [1/1] (0.00ns)   --->   "%tmp_33 = bitselect i1 @_ssdm_op_BitSelect.i1.i32.i32, i32 %sum_2, i32 8" [softmax_accel_hls.cc:119->softmax_accel_hls.cc:200]   --->   Operation 183 'bitselect' 'tmp_33' <Predicate = (!icmp_ln112 & !tmp_10 & !tmp_11 & !tmp_12 & !tmp_13 & !tmp_14 & !tmp_15 & !tmp_16 & !tmp_17 & !tmp_18 & !tmp_19 & !tmp_20 & !tmp_21 & !tmp_22 & !tmp_23 & !tmp_24 & !tmp_25 & !tmp_26 & !tmp_27 & !tmp_28 & !tmp_29 & !tmp_30 & !tmp_31 & !tmp_32)> <Delay = 0.00>
ST_24 : Operation 184 [1/1] (3.20ns)   --->   "%br_ln119 = br i1 %tmp_33, void %if.end3.i.23, void %cleanup.i" [softmax_accel_hls.cc:119->softmax_accel_hls.cc:200]   --->   Operation 184 'br' 'br_ln119' <Predicate = (!icmp_ln112 & !tmp_10 & !tmp_11 & !tmp_12 & !tmp_13 & !tmp_14 & !tmp_15 & !tmp_16 & !tmp_17 & !tmp_18 & !tmp_19 & !tmp_20 & !tmp_21 & !tmp_22 & !tmp_23 & !tmp_24 & !tmp_25 & !tmp_26 & !tmp_27 & !tmp_28 & !tmp_29 & !tmp_30 & !tmp_31 & !tmp_32)> <Delay = 3.20>
ST_24 : Operation 185 [1/1] (0.00ns)   --->   "%tmp_34 = bitselect i1 @_ssdm_op_BitSelect.i1.i32.i32, i32 %sum_2, i32 7" [softmax_accel_hls.cc:119->softmax_accel_hls.cc:200]   --->   Operation 185 'bitselect' 'tmp_34' <Predicate = (!icmp_ln112 & !tmp_10 & !tmp_11 & !tmp_12 & !tmp_13 & !tmp_14 & !tmp_15 & !tmp_16 & !tmp_17 & !tmp_18 & !tmp_19 & !tmp_20 & !tmp_21 & !tmp_22 & !tmp_23 & !tmp_24 & !tmp_25 & !tmp_26 & !tmp_27 & !tmp_28 & !tmp_29 & !tmp_30 & !tmp_31 & !tmp_32 & !tmp_33)> <Delay = 0.00>
ST_24 : Operation 186 [1/1] (3.20ns)   --->   "%br_ln119 = br i1 %tmp_34, void %if.end3.i.24, void %cleanup.i" [softmax_accel_hls.cc:119->softmax_accel_hls.cc:200]   --->   Operation 186 'br' 'br_ln119' <Predicate = (!icmp_ln112 & !tmp_10 & !tmp_11 & !tmp_12 & !tmp_13 & !tmp_14 & !tmp_15 & !tmp_16 & !tmp_17 & !tmp_18 & !tmp_19 & !tmp_20 & !tmp_21 & !tmp_22 & !tmp_23 & !tmp_24 & !tmp_25 & !tmp_26 & !tmp_27 & !tmp_28 & !tmp_29 & !tmp_30 & !tmp_31 & !tmp_32 & !tmp_33)> <Delay = 3.20>
ST_24 : Operation 187 [1/1] (0.00ns)   --->   "%tmp_35 = bitselect i1 @_ssdm_op_BitSelect.i1.i32.i32, i32 %sum_2, i32 6" [softmax_accel_hls.cc:119->softmax_accel_hls.cc:200]   --->   Operation 187 'bitselect' 'tmp_35' <Predicate = (!icmp_ln112 & !tmp_10 & !tmp_11 & !tmp_12 & !tmp_13 & !tmp_14 & !tmp_15 & !tmp_16 & !tmp_17 & !tmp_18 & !tmp_19 & !tmp_20 & !tmp_21 & !tmp_22 & !tmp_23 & !tmp_24 & !tmp_25 & !tmp_26 & !tmp_27 & !tmp_28 & !tmp_29 & !tmp_30 & !tmp_31 & !tmp_32 & !tmp_33 & !tmp_34)> <Delay = 0.00>
ST_24 : Operation 188 [1/1] (3.20ns)   --->   "%br_ln119 = br i1 %tmp_35, void %if.end3.i.25, void %cleanup.i" [softmax_accel_hls.cc:119->softmax_accel_hls.cc:200]   --->   Operation 188 'br' 'br_ln119' <Predicate = (!icmp_ln112 & !tmp_10 & !tmp_11 & !tmp_12 & !tmp_13 & !tmp_14 & !tmp_15 & !tmp_16 & !tmp_17 & !tmp_18 & !tmp_19 & !tmp_20 & !tmp_21 & !tmp_22 & !tmp_23 & !tmp_24 & !tmp_25 & !tmp_26 & !tmp_27 & !tmp_28 & !tmp_29 & !tmp_30 & !tmp_31 & !tmp_32 & !tmp_33 & !tmp_34)> <Delay = 3.20>
ST_24 : Operation 189 [1/1] (0.00ns)   --->   "%tmp_36 = bitselect i1 @_ssdm_op_BitSelect.i1.i32.i32, i32 %sum_2, i32 5" [softmax_accel_hls.cc:119->softmax_accel_hls.cc:200]   --->   Operation 189 'bitselect' 'tmp_36' <Predicate = (!icmp_ln112 & !tmp_10 & !tmp_11 & !tmp_12 & !tmp_13 & !tmp_14 & !tmp_15 & !tmp_16 & !tmp_17 & !tmp_18 & !tmp_19 & !tmp_20 & !tmp_21 & !tmp_22 & !tmp_23 & !tmp_24 & !tmp_25 & !tmp_26 & !tmp_27 & !tmp_28 & !tmp_29 & !tmp_30 & !tmp_31 & !tmp_32 & !tmp_33 & !tmp_34 & !tmp_35)> <Delay = 0.00>
ST_24 : Operation 190 [1/1] (3.20ns)   --->   "%br_ln119 = br i1 %tmp_36, void %if.end3.i.26, void %cleanup.i" [softmax_accel_hls.cc:119->softmax_accel_hls.cc:200]   --->   Operation 190 'br' 'br_ln119' <Predicate = (!icmp_ln112 & !tmp_10 & !tmp_11 & !tmp_12 & !tmp_13 & !tmp_14 & !tmp_15 & !tmp_16 & !tmp_17 & !tmp_18 & !tmp_19 & !tmp_20 & !tmp_21 & !tmp_22 & !tmp_23 & !tmp_24 & !tmp_25 & !tmp_26 & !tmp_27 & !tmp_28 & !tmp_29 & !tmp_30 & !tmp_31 & !tmp_32 & !tmp_33 & !tmp_34 & !tmp_35)> <Delay = 3.20>
ST_24 : Operation 191 [1/1] (0.00ns)   --->   "%tmp_37 = bitselect i1 @_ssdm_op_BitSelect.i1.i32.i32, i32 %sum_2, i32 4" [softmax_accel_hls.cc:119->softmax_accel_hls.cc:200]   --->   Operation 191 'bitselect' 'tmp_37' <Predicate = (!icmp_ln112 & !tmp_10 & !tmp_11 & !tmp_12 & !tmp_13 & !tmp_14 & !tmp_15 & !tmp_16 & !tmp_17 & !tmp_18 & !tmp_19 & !tmp_20 & !tmp_21 & !tmp_22 & !tmp_23 & !tmp_24 & !tmp_25 & !tmp_26 & !tmp_27 & !tmp_28 & !tmp_29 & !tmp_30 & !tmp_31 & !tmp_32 & !tmp_33 & !tmp_34 & !tmp_35 & !tmp_36)> <Delay = 0.00>
ST_24 : Operation 192 [1/1] (3.20ns)   --->   "%br_ln119 = br i1 %tmp_37, void %if.end3.i.27, void %cleanup.i" [softmax_accel_hls.cc:119->softmax_accel_hls.cc:200]   --->   Operation 192 'br' 'br_ln119' <Predicate = (!icmp_ln112 & !tmp_10 & !tmp_11 & !tmp_12 & !tmp_13 & !tmp_14 & !tmp_15 & !tmp_16 & !tmp_17 & !tmp_18 & !tmp_19 & !tmp_20 & !tmp_21 & !tmp_22 & !tmp_23 & !tmp_24 & !tmp_25 & !tmp_26 & !tmp_27 & !tmp_28 & !tmp_29 & !tmp_30 & !tmp_31 & !tmp_32 & !tmp_33 & !tmp_34 & !tmp_35 & !tmp_36)> <Delay = 3.20>
ST_24 : Operation 193 [1/1] (0.00ns)   --->   "%tmp_38 = bitselect i1 @_ssdm_op_BitSelect.i1.i32.i32, i32 %sum_2, i32 3" [softmax_accel_hls.cc:119->softmax_accel_hls.cc:200]   --->   Operation 193 'bitselect' 'tmp_38' <Predicate = (!icmp_ln112 & !tmp_10 & !tmp_11 & !tmp_12 & !tmp_13 & !tmp_14 & !tmp_15 & !tmp_16 & !tmp_17 & !tmp_18 & !tmp_19 & !tmp_20 & !tmp_21 & !tmp_22 & !tmp_23 & !tmp_24 & !tmp_25 & !tmp_26 & !tmp_27 & !tmp_28 & !tmp_29 & !tmp_30 & !tmp_31 & !tmp_32 & !tmp_33 & !tmp_34 & !tmp_35 & !tmp_36 & !tmp_37)> <Delay = 0.00>
ST_24 : Operation 194 [1/1] (3.20ns)   --->   "%br_ln119 = br i1 %tmp_38, void %if.end3.i.28, void %cleanup.i" [softmax_accel_hls.cc:119->softmax_accel_hls.cc:200]   --->   Operation 194 'br' 'br_ln119' <Predicate = (!icmp_ln112 & !tmp_10 & !tmp_11 & !tmp_12 & !tmp_13 & !tmp_14 & !tmp_15 & !tmp_16 & !tmp_17 & !tmp_18 & !tmp_19 & !tmp_20 & !tmp_21 & !tmp_22 & !tmp_23 & !tmp_24 & !tmp_25 & !tmp_26 & !tmp_27 & !tmp_28 & !tmp_29 & !tmp_30 & !tmp_31 & !tmp_32 & !tmp_33 & !tmp_34 & !tmp_35 & !tmp_36 & !tmp_37)> <Delay = 3.20>
ST_24 : Operation 195 [1/1] (0.00ns)   --->   "%tmp_39 = bitselect i1 @_ssdm_op_BitSelect.i1.i32.i32, i32 %sum_2, i32 2" [softmax_accel_hls.cc:119->softmax_accel_hls.cc:200]   --->   Operation 195 'bitselect' 'tmp_39' <Predicate = (!icmp_ln112 & !tmp_10 & !tmp_11 & !tmp_12 & !tmp_13 & !tmp_14 & !tmp_15 & !tmp_16 & !tmp_17 & !tmp_18 & !tmp_19 & !tmp_20 & !tmp_21 & !tmp_22 & !tmp_23 & !tmp_24 & !tmp_25 & !tmp_26 & !tmp_27 & !tmp_28 & !tmp_29 & !tmp_30 & !tmp_31 & !tmp_32 & !tmp_33 & !tmp_34 & !tmp_35 & !tmp_36 & !tmp_37 & !tmp_38)> <Delay = 0.00>
ST_24 : Operation 196 [1/1] (3.20ns)   --->   "%br_ln119 = br i1 %tmp_39, void %if.end3.i.29, void %cleanup.i" [softmax_accel_hls.cc:119->softmax_accel_hls.cc:200]   --->   Operation 196 'br' 'br_ln119' <Predicate = (!icmp_ln112 & !tmp_10 & !tmp_11 & !tmp_12 & !tmp_13 & !tmp_14 & !tmp_15 & !tmp_16 & !tmp_17 & !tmp_18 & !tmp_19 & !tmp_20 & !tmp_21 & !tmp_22 & !tmp_23 & !tmp_24 & !tmp_25 & !tmp_26 & !tmp_27 & !tmp_28 & !tmp_29 & !tmp_30 & !tmp_31 & !tmp_32 & !tmp_33 & !tmp_34 & !tmp_35 & !tmp_36 & !tmp_37 & !tmp_38)> <Delay = 3.20>
ST_24 : Operation 197 [1/1] (0.00ns)   --->   "%tmp_40 = bitselect i1 @_ssdm_op_BitSelect.i1.i32.i32, i32 %sum_2, i32 1" [softmax_accel_hls.cc:119->softmax_accel_hls.cc:200]   --->   Operation 197 'bitselect' 'tmp_40' <Predicate = (!icmp_ln112 & !tmp_10 & !tmp_11 & !tmp_12 & !tmp_13 & !tmp_14 & !tmp_15 & !tmp_16 & !tmp_17 & !tmp_18 & !tmp_19 & !tmp_20 & !tmp_21 & !tmp_22 & !tmp_23 & !tmp_24 & !tmp_25 & !tmp_26 & !tmp_27 & !tmp_28 & !tmp_29 & !tmp_30 & !tmp_31 & !tmp_32 & !tmp_33 & !tmp_34 & !tmp_35 & !tmp_36 & !tmp_37 & !tmp_38 & !tmp_39)> <Delay = 0.00>
ST_24 : Operation 198 [1/1] (3.20ns)   --->   "%br_ln119 = br i1 %tmp_40, void %if.end3.i.30, void %cleanup.i" [softmax_accel_hls.cc:119->softmax_accel_hls.cc:200]   --->   Operation 198 'br' 'br_ln119' <Predicate = (!icmp_ln112 & !tmp_10 & !tmp_11 & !tmp_12 & !tmp_13 & !tmp_14 & !tmp_15 & !tmp_16 & !tmp_17 & !tmp_18 & !tmp_19 & !tmp_20 & !tmp_21 & !tmp_22 & !tmp_23 & !tmp_24 & !tmp_25 & !tmp_26 & !tmp_27 & !tmp_28 & !tmp_29 & !tmp_30 & !tmp_31 & !tmp_32 & !tmp_33 & !tmp_34 & !tmp_35 & !tmp_36 & !tmp_37 & !tmp_38 & !tmp_39)> <Delay = 3.20>
ST_24 : Operation 199 [1/1] (0.00ns) (grouped into LUT with out node select_ln119)   --->   "%trunc_ln119 = trunc i32 %sum_2" [softmax_accel_hls.cc:119->softmax_accel_hls.cc:200]   --->   Operation 199 'trunc' 'trunc_ln119' <Predicate = (!icmp_ln112 & !tmp_10 & !tmp_11 & !tmp_12 & !tmp_13 & !tmp_14 & !tmp_15 & !tmp_16 & !tmp_17 & !tmp_18 & !tmp_19 & !tmp_20 & !tmp_21 & !tmp_22 & !tmp_23 & !tmp_24 & !tmp_25 & !tmp_26 & !tmp_27 & !tmp_28 & !tmp_29 & !tmp_30 & !tmp_31 & !tmp_32 & !tmp_33 & !tmp_34 & !tmp_35 & !tmp_36 & !tmp_37 & !tmp_38 & !tmp_39 & !tmp_40)> <Delay = 0.00>
ST_24 : Operation 200 [1/1] (0.00ns) (grouped into LUT with out node select_ln119)   --->   "%xor_ln119 = xor i1 %trunc_ln119, i1 1" [softmax_accel_hls.cc:119->softmax_accel_hls.cc:200]   --->   Operation 200 'xor' 'xor_ln119' <Predicate = (!icmp_ln112 & !tmp_10 & !tmp_11 & !tmp_12 & !tmp_13 & !tmp_14 & !tmp_15 & !tmp_16 & !tmp_17 & !tmp_18 & !tmp_19 & !tmp_20 & !tmp_21 & !tmp_22 & !tmp_23 & !tmp_24 & !tmp_25 & !tmp_26 & !tmp_27 & !tmp_28 & !tmp_29 & !tmp_30 & !tmp_31 & !tmp_32 & !tmp_33 & !tmp_34 & !tmp_35 & !tmp_36 & !tmp_37 & !tmp_38 & !tmp_39 & !tmp_40)> <Delay = 0.00> <CoreInst = "LogicGate">   --->   Core 74 'LogicGate' <Latency = 0> <II = 1> <Delay = 0.97> <FuncUnit> <Opcode : 'and' 'or' 'xor'> <InPorts = 2> <OutPorts = 1>
ST_24 : Operation 201 [1/1] (0.99ns) (out node of the LUT)   --->   "%select_ln119 = select i1 %xor_ln119, i5 31, i5 0" [softmax_accel_hls.cc:119->softmax_accel_hls.cc:200]   --->   Operation 201 'select' 'select_ln119' <Predicate = (!icmp_ln112 & !tmp_10 & !tmp_11 & !tmp_12 & !tmp_13 & !tmp_14 & !tmp_15 & !tmp_16 & !tmp_17 & !tmp_18 & !tmp_19 & !tmp_20 & !tmp_21 & !tmp_22 & !tmp_23 & !tmp_24 & !tmp_25 & !tmp_26 & !tmp_27 & !tmp_28 & !tmp_29 & !tmp_30 & !tmp_31 & !tmp_32 & !tmp_33 & !tmp_34 & !tmp_35 & !tmp_36 & !tmp_37 & !tmp_38 & !tmp_39 & !tmp_40)> <Delay = 0.99> <CoreInst = "Sel">   --->   Core 73 'Sel' <Latency = 0> <II = 1> <Delay = 0.99> <FuncUnit> <Opcode : 'select'> <InPorts = 3> <OutPorts = 1>
ST_24 : Operation 202 [1/1] (3.20ns)   --->   "%br_ln119 = br void %cleanup.i" [softmax_accel_hls.cc:119->softmax_accel_hls.cc:200]   --->   Operation 202 'br' 'br_ln119' <Predicate = (!icmp_ln112 & !tmp_10 & !tmp_11 & !tmp_12 & !tmp_13 & !tmp_14 & !tmp_15 & !tmp_16 & !tmp_17 & !tmp_18 & !tmp_19 & !tmp_20 & !tmp_21 & !tmp_22 & !tmp_23 & !tmp_24 & !tmp_25 & !tmp_26 & !tmp_27 & !tmp_28 & !tmp_29 & !tmp_30 & !tmp_31 & !tmp_32 & !tmp_33 & !tmp_34 & !tmp_35 & !tmp_36 & !tmp_37 & !tmp_38 & !tmp_39 & !tmp_40)> <Delay = 3.20>

State 25 <SV = 24> <Delay = 8.52>
ST_25 : Operation 203 [1/1] (0.00ns)   --->   "%msb = phi i5 31, void %for.body.i, i5 30, void %if.end3.i, i5 29, void %if.end3.i.1, i5 28, void %if.end3.i.2, i5 27, void %if.end3.i.3, i5 26, void %if.end3.i.4, i5 25, void %if.end3.i.5, i5 24, void %if.end3.i.6, i5 23, void %if.end3.i.7, i5 22, void %if.end3.i.8, i5 21, void %if.end3.i.9, i5 20, void %if.end3.i.10, i5 19, void %if.end3.i.11, i5 18, void %if.end3.i.12, i5 17, void %if.end3.i.13, i5 16, void %if.end3.i.14, i5 15, void %if.end3.i.15, i5 14, void %if.end3.i.16, i5 13, void %if.end3.i.17, i5 12, void %if.end3.i.18, i5 11, void %if.end3.i.19, i5 10, void %if.end3.i.20, i5 9, void %if.end3.i.21, i5 8, void %if.end3.i.22, i5 7, void %if.end3.i.23, i5 6, void %if.end3.i.24, i5 5, void %if.end3.i.25, i5 4, void %if.end3.i.26, i5 3, void %if.end3.i.27, i5 2, void %if.end3.i.28, i5 1, void %if.end3.i.29, i5 %select_ln119, void %if.end3.i.30" [softmax_accel_hls.cc:119->softmax_accel_hls.cc:200]   --->   Operation 203 'phi' 'msb' <Predicate = true> <Delay = 0.00>
ST_25 : Operation 204 [1/1] (0.00ns)   --->   "%tmp_41 = bitselect i1 @_ssdm_op_BitSelect.i1.i5.i32, i5 %msb, i32 4" [softmax_accel_hls.cc:126->softmax_accel_hls.cc:200]   --->   Operation 204 'bitselect' 'tmp_41' <Predicate = true> <Delay = 0.00>
ST_25 : Operation 205 [1/1] (1.78ns)   --->   "%sub_ln126 = sub i5 15, i5 %msb" [softmax_accel_hls.cc:126->softmax_accel_hls.cc:200]   --->   Operation 205 'sub' 'sub_ln126' <Predicate = true> <Delay = 1.78> <CoreInst = "Adder">   --->   Core 1 'Adder' <Latency = 0> <II = 1> <Delay = 1.78> <FuncUnit> <Opcode : 'add' 'sub'> <InPorts = 2> <OutPorts = 1>
ST_25 : Operation 206 [1/1] (0.00ns)   --->   "%sext_ln126 = sext i5 %sub_ln126" [softmax_accel_hls.cc:126->softmax_accel_hls.cc:200]   --->   Operation 206 'sext' 'sext_ln126' <Predicate = true> <Delay = 0.00>
ST_25 : Operation 207 [1/1] (4.42ns)   --->   "%shl_ln126 = shl i32 %sum_2, i32 %sext_ln126" [softmax_accel_hls.cc:126->softmax_accel_hls.cc:200]   --->   Operation 207 'shl' 'shl_ln126' <Predicate = true> <Delay = 4.42> <CoreInst = "Shifter">   --->   Core 75 'Shifter' <Latency = 0> <II = 1> <Delay = 4.42> <FuncUnit> <Opcode : 'shl' 'lshr' 'ashr'> <InPorts = 2> <OutPorts = 1>
ST_25 : Operation 208 [1/1] (0.00ns)   --->   "%br_ln126 = br i1 %tmp_41, void %if.end8.i, void %if.end8.i.thread" [softmax_accel_hls.cc:126->softmax_accel_hls.cc:200]   --->   Operation 208 'br' 'br_ln126' <Predicate = true> <Delay = 0.00>
ST_25 : Operation 209 [1/1] (0.00ns)   --->   "%x_q1_15 = trunc i32 %shl_ln126" [softmax_accel_hls.cc:126->softmax_accel_hls.cc:200]   --->   Operation 209 'trunc' 'x_q1_15' <Predicate = (!tmp_41)> <Delay = 0.00>
ST_25 : Operation 210 [1/1] (0.00ns)   --->   "%seg = partselect i4 @_ssdm_op_PartSelect.i4.i32.i32.i32, i32 %shl_ln126, i32 11, i32 14" [softmax_accel_hls.cc:130->softmax_accel_hls.cc:200]   --->   Operation 210 'partselect' 'seg' <Predicate = (!tmp_41)> <Delay = 0.00>
ST_25 : Operation 211 [1/1] (0.00ns)   --->   "%zext_ln133 = zext i4 %seg" [softmax_accel_hls.cc:133->softmax_accel_hls.cc:200]   --->   Operation 211 'zext' 'zext_ln133' <Predicate = (!tmp_41)> <Delay = 0.00>
ST_25 : Operation 212 [1/1] (0.00ns)   --->   "%RECIP_M_Q30_addr = getelementptr i31 %RECIP_M_Q30, i64 0, i64 %zext_ln133" [softmax_accel_hls.cc:133->softmax_accel_hls.cc:200]   --->   Operation 212 'getelementptr' 'RECIP_M_Q30_addr' <Predicate = (!tmp_41)> <Delay = 0.00>
ST_25 : Operation 213 [2/2] (2.32ns)   --->   "%m = load i4 %RECIP_M_Q30_addr" [softmax_accel_hls.cc:133->softmax_accel_hls.cc:200]   --->   Operation 213 'load' 'm' <Predicate = (!tmp_41)> <Delay = 2.32> <CoreInst = "ROM">   --->   Core 94 'ROM' <Latency = 1> <II = 1> <Delay = 2.32> <Storage> <Opcode : 'load'> <Ports = 0> <Width = 31> <Depth = 16> <ROM>
ST_25 : Operation 214 [1/1] (0.00ns)   --->   "%RECIP_B_Q30_addr = getelementptr i31 %RECIP_B_Q30, i64 0, i64 %zext_ln133" [softmax_accel_hls.cc:134->softmax_accel_hls.cc:200]   --->   Operation 214 'getelementptr' 'RECIP_B_Q30_addr' <Predicate = (!tmp_41)> <Delay = 0.00>
ST_25 : Operation 215 [2/2] (2.32ns)   --->   "%b = load i4 %RECIP_B_Q30_addr" [softmax_accel_hls.cc:134->softmax_accel_hls.cc:200]   --->   Operation 215 'load' 'b' <Predicate = (!tmp_41)> <Delay = 2.32> <CoreInst = "ROM">   --->   Core 94 'ROM' <Latency = 1> <II = 1> <Delay = 2.32> <Storage> <Opcode : 'load'> <Ports = 0> <Width = 31> <Depth = 16> <ROM>
ST_25 : Operation 216 [1/1] (1.78ns)   --->   "%add_ln127 = add i5 %msb, i5 17" [softmax_accel_hls.cc:127->softmax_accel_hls.cc:200]   --->   Operation 216 'add' 'add_ln127' <Predicate = (tmp_41)> <Delay = 1.78> <CoreInst = "Adder">   --->   Core 1 'Adder' <Latency = 0> <II = 1> <Delay = 1.78> <FuncUnit> <Opcode : 'add' 'sub'> <InPorts = 2> <OutPorts = 1>
ST_25 : Operation 217 [1/1] (0.00ns)   --->   "%zext_ln127 = zext i5 %add_ln127" [softmax_accel_hls.cc:127->softmax_accel_hls.cc:200]   --->   Operation 217 'zext' 'zext_ln127' <Predicate = (tmp_41)> <Delay = 0.00>
ST_25 : Operation 218 [1/1] (4.42ns)   --->   "%lshr_ln127 = lshr i32 %sum_2, i32 %zext_ln127" [softmax_accel_hls.cc:127->softmax_accel_hls.cc:200]   --->   Operation 218 'lshr' 'lshr_ln127' <Predicate = (tmp_41)> <Delay = 4.42> <CoreInst = "Shifter">   --->   Core 75 'Shifter' <Latency = 0> <II = 1> <Delay = 4.42> <FuncUnit> <Opcode : 'shl' 'lshr' 'ashr'> <InPorts = 2> <OutPorts = 1>
ST_25 : Operation 219 [1/1] (0.00ns)   --->   "%trunc_ln127 = trunc i32 %lshr_ln127" [softmax_accel_hls.cc:127->softmax_accel_hls.cc:200]   --->   Operation 219 'trunc' 'trunc_ln127' <Predicate = (tmp_41)> <Delay = 0.00>
ST_25 : Operation 220 [1/1] (0.00ns)   --->   "%lshr_ln = partselect i4 @_ssdm_op_PartSelect.i4.i32.i32.i32, i32 %lshr_ln127, i32 11, i32 14" [softmax_accel_hls.cc:130->softmax_accel_hls.cc:200]   --->   Operation 220 'partselect' 'lshr_ln' <Predicate = (tmp_41)> <Delay = 0.00>
ST_25 : Operation 221 [1/1] (0.00ns)   --->   "%zext_ln133_1 = zext i4 %lshr_ln" [softmax_accel_hls.cc:133->softmax_accel_hls.cc:200]   --->   Operation 221 'zext' 'zext_ln133_1' <Predicate = (tmp_41)> <Delay = 0.00>
ST_25 : Operation 222 [1/1] (0.00ns)   --->   "%RECIP_M_Q30_addr_1 = getelementptr i31 %RECIP_M_Q30, i64 0, i64 %zext_ln133_1" [softmax_accel_hls.cc:133->softmax_accel_hls.cc:200]   --->   Operation 222 'getelementptr' 'RECIP_M_Q30_addr_1' <Predicate = (tmp_41)> <Delay = 0.00>
ST_25 : Operation 223 [2/2] (2.32ns)   --->   "%RECIP_M_Q30_load = load i4 %RECIP_M_Q30_addr_1" [softmax_accel_hls.cc:133->softmax_accel_hls.cc:200]   --->   Operation 223 'load' 'RECIP_M_Q30_load' <Predicate = (tmp_41)> <Delay = 2.32> <CoreInst = "ROM">   --->   Core 94 'ROM' <Latency = 1> <II = 1> <Delay = 2.32> <Storage> <Opcode : 'load'> <Ports = 0> <Width = 31> <Depth = 16> <ROM>
ST_25 : Operation 224 [1/1] (0.00ns)   --->   "%RECIP_B_Q30_addr_1 = getelementptr i31 %RECIP_B_Q30, i64 0, i64 %zext_ln133_1" [softmax_accel_hls.cc:134->softmax_accel_hls.cc:200]   --->   Operation 224 'getelementptr' 'RECIP_B_Q30_addr_1' <Predicate = (tmp_41)> <Delay = 0.00>
ST_25 : Operation 225 [2/2] (2.32ns)   --->   "%RECIP_B_Q30_load = load i4 %RECIP_B_Q30_addr_1" [softmax_accel_hls.cc:134->softmax_accel_hls.cc:200]   --->   Operation 225 'load' 'RECIP_B_Q30_load' <Predicate = (tmp_41)> <Delay = 2.32> <CoreInst = "ROM">   --->   Core 94 'ROM' <Latency = 1> <II = 1> <Delay = 2.32> <Storage> <Opcode : 'load'> <Ports = 0> <Width = 31> <Depth = 16> <ROM>

State 26 <SV = 25> <Delay = 2.32>
ST_26 : Operation 226 [1/2] ( I:2.32ns O:2.32ns )   --->   "%m = load i4 %RECIP_M_Q30_addr" [softmax_accel_hls.cc:133->softmax_accel_hls.cc:200]   --->   Operation 226 'load' 'm' <Predicate = true> <Delay = 2.32> <CoreInst = "ROM">   --->   Core 94 'ROM' <Latency = 1> <II = 1> <Delay = 2.32> <Storage> <Opcode : 'load'> <Ports = 0> <Width = 31> <Depth = 16> <ROM>
ST_26 : Operation 227 [1/2] ( I:2.32ns O:2.32ns )   --->   "%b = load i4 %RECIP_B_Q30_addr" [softmax_accel_hls.cc:134->softmax_accel_hls.cc:200]   --->   Operation 227 'load' 'b' <Predicate = true> <Delay = 2.32> <CoreInst = "ROM">   --->   Core 94 'ROM' <Latency = 1> <II = 1> <Delay = 2.32> <Storage> <Opcode : 'load'> <Ports = 0> <Width = 31> <Depth = 16> <ROM>

State 27 <SV = 26> <Delay = 8.24>
ST_27 : Operation 228 [1/1] (0.00ns)   --->   "%sext_ln136 = sext i31 %m" [softmax_accel_hls.cc:136->softmax_accel_hls.cc:200]   --->   Operation 228 'sext' 'sext_ln136' <Predicate = true> <Delay = 0.00>
ST_27 : Operation 229 [1/1] (0.00ns)   --->   "%zext_ln136 = zext i16 %x_q1_15" [softmax_accel_hls.cc:136->softmax_accel_hls.cc:200]   --->   Operation 229 'zext' 'zext_ln136' <Predicate = true> <Delay = 0.00>
ST_27 : Operation 230 [1/1] (8.24ns)   --->   "%mx = mul i47 %sext_ln136, i47 %zext_ln136" [softmax_accel_hls.cc:136->softmax_accel_hls.cc:200]   --->   Operation 230 'mul' 'mx' <Predicate = true> <Delay = 8.24> <CoreInst = "Multiplier">   --->   Core 3 'Multiplier' <Latency = 0> <II = 1> <Delay = 8.24> <FuncUnit> <Opcode : 'mul'> <InPorts = 2> <OutPorts = 1>
ST_27 : Operation 231 [1/1] (0.00ns)   --->   "%trunc_ln4 = partselect i32 @_ssdm_op_PartSelect.i32.i47.i32.i32, i47 %mx, i32 15, i32 46" [softmax_accel_hls.cc:137->softmax_accel_hls.cc:200]   --->   Operation 231 'partselect' 'trunc_ln4' <Predicate = true> <Delay = 0.00>

State 28 <SV = 27> <Delay = 6.97>
ST_28 : Operation 232 [1/1] (0.00ns)   --->   "%zext_ln134 = zext i31 %b" [softmax_accel_hls.cc:134->softmax_accel_hls.cc:200]   --->   Operation 232 'zext' 'zext_ln134' <Predicate = true> <Delay = 0.00>
ST_28 : Operation 233 [1/1] (2.55ns)   --->   "%inv_x_q30 = add i32 %zext_ln134, i32 %trunc_ln4" [softmax_accel_hls.cc:137->softmax_accel_hls.cc:200]   --->   Operation 233 'add' 'inv_x_q30' <Predicate = true> <Delay = 2.55> <CoreInst = "Adder">   --->   Core 1 'Adder' <Latency = 0> <II = 1> <Delay = 2.55> <FuncUnit> <Opcode : 'add' 'sub'> <InPorts = 2> <OutPorts = 1>
ST_28 : Operation 234 [1/1] (0.00ns)   --->   "%sext_ln143 = sext i32 %inv_x_q30" [softmax_accel_hls.cc:143->softmax_accel_hls.cc:200]   --->   Operation 234 'sext' 'sext_ln143' <Predicate = true> <Delay = 0.00>
ST_28 : Operation 235 [1/1] (1.78ns)   --->   "%sub_ln145 = sub i5 16, i5 %msb" [softmax_accel_hls.cc:145->softmax_accel_hls.cc:200]   --->   Operation 235 'sub' 'sub_ln145' <Predicate = true> <Delay = 1.78> <CoreInst = "Adder">   --->   Core 1 'Adder' <Latency = 0> <II = 1> <Delay = 1.78> <FuncUnit> <Opcode : 'add' 'sub'> <InPorts = 2> <OutPorts = 1>
ST_28 : Operation 236 [1/1] (0.00ns)   --->   "%zext_ln145 = zext i5 %sub_ln145" [softmax_accel_hls.cc:145->softmax_accel_hls.cc:200]   --->   Operation 236 'zext' 'zext_ln145' <Predicate = true> <Delay = 0.00>
ST_28 : Operation 237 [1/1] (4.42ns)   --->   "%shl_ln145 = shl i48 %sext_ln143, i48 %zext_ln145" [softmax_accel_hls.cc:145->softmax_accel_hls.cc:200]   --->   Operation 237 'shl' 'shl_ln145' <Predicate = true> <Delay = 4.42> <CoreInst = "Shifter">   --->   Core 75 'Shifter' <Latency = 0> <II = 1> <Delay = 4.42> <FuncUnit> <Opcode : 'shl' 'lshr' 'ashr'> <InPorts = 2> <OutPorts = 1>
ST_28 : Operation 238 [1/1] (1.58ns)   --->   "%br_ln145 = br void %if.end34.i" [softmax_accel_hls.cc:145->softmax_accel_hls.cc:200]   --->   Operation 238 'br' 'br_ln145' <Predicate = true> <Delay = 1.58>

State 29 <SV = 25> <Delay = 2.32>
ST_29 : Operation 239 [1/2] ( I:2.32ns O:2.32ns )   --->   "%RECIP_M_Q30_load = load i4 %RECIP_M_Q30_addr_1" [softmax_accel_hls.cc:133->softmax_accel_hls.cc:200]   --->   Operation 239 'load' 'RECIP_M_Q30_load' <Predicate = true> <Delay = 2.32> <CoreInst = "ROM">   --->   Core 94 'ROM' <Latency = 1> <II = 1> <Delay = 2.32> <Storage> <Opcode : 'load'> <Ports = 0> <Width = 31> <Depth = 16> <ROM>
ST_29 : Operation 240 [1/2] ( I:2.32ns O:2.32ns )   --->   "%RECIP_B_Q30_load = load i4 %RECIP_B_Q30_addr_1" [softmax_accel_hls.cc:134->softmax_accel_hls.cc:200]   --->   Operation 240 'load' 'RECIP_B_Q30_load' <Predicate = true> <Delay = 2.32> <CoreInst = "ROM">   --->   Core 94 'ROM' <Latency = 1> <II = 1> <Delay = 2.32> <Storage> <Opcode : 'load'> <Ports = 0> <Width = 31> <Depth = 16> <ROM>

State 30 <SV = 26> <Delay = 8.24>
ST_30 : Operation 241 [1/1] (0.00ns)   --->   "%sext_ln136_1 = sext i31 %RECIP_M_Q30_load" [softmax_accel_hls.cc:136->softmax_accel_hls.cc:200]   --->   Operation 241 'sext' 'sext_ln136_1' <Predicate = true> <Delay = 0.00>
ST_30 : Operation 242 [1/1] (0.00ns)   --->   "%zext_ln136_1 = zext i16 %trunc_ln127" [softmax_accel_hls.cc:136->softmax_accel_hls.cc:200]   --->   Operation 242 'zext' 'zext_ln136_1' <Predicate = true> <Delay = 0.00>
ST_30 : Operation 243 [1/1] (8.24ns)   --->   "%mul_ln136 = mul i47 %sext_ln136_1, i47 %zext_ln136_1" [softmax_accel_hls.cc:136->softmax_accel_hls.cc:200]   --->   Operation 243 'mul' 'mul_ln136' <Predicate = true> <Delay = 8.24> <CoreInst = "Multiplier">   --->   Core 3 'Multiplier' <Latency = 0> <II = 1> <Delay = 8.24> <FuncUnit> <Opcode : 'mul'> <InPorts = 2> <OutPorts = 1>
ST_30 : Operation 244 [1/1] (0.00ns)   --->   "%trunc_ln137_1 = partselect i32 @_ssdm_op_PartSelect.i32.i47.i32.i32, i47 %mul_ln136, i32 15, i32 46" [softmax_accel_hls.cc:137->softmax_accel_hls.cc:200]   --->   Operation 244 'partselect' 'trunc_ln137_1' <Predicate = true> <Delay = 0.00>

State 31 <SV = 27> <Delay = 6.97>
ST_31 : Operation 245 [1/1] (0.00ns)   --->   "%zext_ln134_1 = zext i31 %RECIP_B_Q30_load" [softmax_accel_hls.cc:134->softmax_accel_hls.cc:200]   --->   Operation 245 'zext' 'zext_ln134_1' <Predicate = true> <Delay = 0.00>
ST_31 : Operation 246 [1/1] (2.55ns)   --->   "%add_ln137 = add i32 %zext_ln134_1, i32 %trunc_ln137_1" [softmax_accel_hls.cc:137->softmax_accel_hls.cc:200]   --->   Operation 246 'add' 'add_ln137' <Predicate = true> <Delay = 2.55> <CoreInst = "Adder">   --->   Core 1 'Adder' <Latency = 0> <II = 1> <Delay = 2.55> <FuncUnit> <Opcode : 'add' 'sub'> <InPorts = 2> <OutPorts = 1>
ST_31 : Operation 247 [1/1] (0.00ns)   --->   "%trunc_ln144 = trunc i5 %msb" [softmax_accel_hls.cc:144->softmax_accel_hls.cc:200]   --->   Operation 247 'trunc' 'trunc_ln144' <Predicate = true> <Delay = 0.00>
ST_31 : Operation 248 [1/1] (0.00ns)   --->   "%zext_ln144 = zext i4 %trunc_ln144" [softmax_accel_hls.cc:144->softmax_accel_hls.cc:200]   --->   Operation 248 'zext' 'zext_ln144' <Predicate = true> <Delay = 0.00>
ST_31 : Operation 249 [1/1] (4.42ns)   --->   "%inv_sum_1 = ashr i32 %add_ln137, i32 %zext_ln144" [softmax_accel_hls.cc:144->softmax_accel_hls.cc:200]   --->   Operation 249 'ashr' 'inv_sum_1' <Predicate = true> <Delay = 4.42> <CoreInst = "Shifter">   --->   Core 75 'Shifter' <Latency = 0> <II = 1> <Delay = 4.42> <FuncUnit> <Opcode : 'shl' 'lshr' 'ashr'> <InPorts = 2> <OutPorts = 1>
ST_31 : Operation 250 [1/1] (0.00ns)   --->   "%sext_ln143_1 = sext i32 %inv_sum_1" [softmax_accel_hls.cc:143->softmax_accel_hls.cc:200]   --->   Operation 250 'sext' 'sext_ln143_1' <Predicate = true> <Delay = 0.00>
ST_31 : Operation 251 [1/1] (1.58ns)   --->   "%br_ln144 = br void %if.end34.i" [softmax_accel_hls.cc:144->softmax_accel_hls.cc:200]   --->   Operation 251 'br' 'br_ln144' <Predicate = true> <Delay = 1.58>

State 32 <SV = 28> <Delay = 3.84>
ST_32 : Operation 252 [1/1] (0.00ns)   --->   "%inv_sum_2 = phi i48 %sext_ln143_1, void %if.end8.i.thread, i48 %shl_ln145, void %if.end8.i" [softmax_accel_hls.cc:143->softmax_accel_hls.cc:200]   --->   Operation 252 'phi' 'inv_sum_2' <Predicate = (!icmp_ln112)> <Delay = 0.00>
ST_32 : Operation 253 [1/1] (0.00ns)   --->   "%trunc_ln143 = trunc i48 %inv_sum_2" [softmax_accel_hls.cc:143->softmax_accel_hls.cc:200]   --->   Operation 253 'trunc' 'trunc_ln143' <Predicate = (!icmp_ln112)> <Delay = 0.00>
ST_32 : Operation 254 [1/1] (0.00ns)   --->   "%tmp_42 = bitselect i1 @_ssdm_op_BitSelect.i1.i48.i32, i48 %inv_sum_2, i32 47" [softmax_accel_hls.cc:147->softmax_accel_hls.cc:200]   --->   Operation 254 'bitselect' 'tmp_42' <Predicate = (!icmp_ln112)> <Delay = 0.00>
ST_32 : Operation 255 [1/1] (1.03ns)   --->   "%inv_sum_3 = select i1 %tmp_42, i47 0, i47 %trunc_ln143" [softmax_accel_hls.cc:147->softmax_accel_hls.cc:200]   --->   Operation 255 'select' 'inv_sum_3' <Predicate = (!icmp_ln112)> <Delay = 1.03> <CoreInst = "Sel">   --->   Core 73 'Sel' <Latency = 0> <II = 1> <Delay = 1.03> <FuncUnit> <Opcode : 'select'> <InPorts = 3> <OutPorts = 1>
ST_32 : Operation 256 [1/1] (0.00ns)   --->   "%tmp_43 = partselect i16 @_ssdm_op_PartSelect.i16.i47.i32.i32, i47 %inv_sum_3, i32 31, i32 46" [softmax_accel_hls.cc:148->softmax_accel_hls.cc:200]   --->   Operation 256 'partselect' 'tmp_43' <Predicate = (!icmp_ln112)> <Delay = 0.00>
ST_32 : Operation 257 [1/1] (2.07ns)   --->   "%icmp_ln148 = icmp_ne  i16 %tmp_43, i16 0" [softmax_accel_hls.cc:148->softmax_accel_hls.cc:200]   --->   Operation 257 'icmp' 'icmp_ln148' <Predicate = (!icmp_ln112)> <Delay = 2.07> <CoreInst = "Cmp">   --->   Core 9 'Cmp' <Latency = 0> <II = 1> <Delay = 2.07> <FuncUnit> <Opcode : 'seteq' 'setne' 'setle' 'setge' 'setlt' 'setgt'> <InPorts = 2> <OutPorts = 1>
ST_32 : Operation 258 [1/1] (0.00ns)   --->   "%trunc_ln149 = trunc i47 %inv_sum_3" [softmax_accel_hls.cc:149->softmax_accel_hls.cc:200]   --->   Operation 258 'trunc' 'trunc_ln149' <Predicate = (!icmp_ln112)> <Delay = 0.00>
ST_32 : Operation 259 [1/1] (0.73ns)   --->   "%inv_sum_q30 = select i1 %icmp_ln148, i31 2147483647, i31 %trunc_ln149" [softmax_accel_hls.cc:149->softmax_accel_hls.cc:200]   --->   Operation 259 'select' 'inv_sum_q30' <Predicate = (!icmp_ln112)> <Delay = 0.73> <CoreInst = "Sel">   --->   Core 73 'Sel' <Latency = 0> <II = 1> <Delay = 0.73> <FuncUnit> <Opcode : 'select'> <InPorts = 3> <OutPorts = 1>
ST_32 : Operation 260 [1/1] (1.58ns)   --->   "%br_ln0 = br void %VITIS_LOOP_202_3"   --->   Operation 260 'br' 'br_ln0' <Predicate = (!icmp_ln112)> <Delay = 1.58>
ST_32 : Operation 261 [1/1] (0.00ns)   --->   "%tmp_2 = partselect i30 @_ssdm_op_PartSelect.i30.i32.i32.i32, i32 %prob_base_read, i32 2, i32 31" [softmax_accel_hls.cc:202]   --->   Operation 261 'partselect' 'tmp_2' <Predicate = true> <Delay = 0.00>

State 33 <SV = 29> <Delay = 3.41>
ST_33 : Operation 262 [1/1] (0.00ns)   --->   "%inv_sum_q30_1 = phi i31 %inv_sum_q30, void %if.end34.i, i31 2147483647, void %if.end"   --->   Operation 262 'phi' 'inv_sum_q30_1' <Predicate = true> <Delay = 0.00>
ST_33 : Operation 263 [2/2] (3.41ns)   --->   "%call_ln169 = call void @softmax_accel_Pipeline_VITIS_LOOP_202_3, i32 %gmem, i9 %select_ln169, i32 %exp_buf, i31 %inv_sum_q30_1, i30 %tmp_2, i64 %mem_read" [softmax_accel_hls.cc:169]   --->   Operation 263 'call' 'call_ln169' <Predicate = true> <Delay = 3.41> <CoreType = "Generic">   --->   Generic Core

State 34 <SV = 30> <Delay = 3.20>
ST_34 : Operation 264 [1/2] (0.00ns)   --->   "%call_ln169 = call void @softmax_accel_Pipeline_VITIS_LOOP_202_3, i32 %gmem, i9 %select_ln169, i32 %exp_buf, i31 %inv_sum_q30_1, i30 %tmp_2, i64 %mem_read" [softmax_accel_hls.cc:169]   --->   Operation 264 'call' 'call_ln169' <Predicate = true> <Delay = 0.00> <CoreType = "Generic">   --->   Generic Core
ST_34 : Operation 265 [1/1] (0.00ns)   --->   "%tmp_44 = bitselect i1 @_ssdm_op_BitSelect.i1.i32.i32, i32 %sum_2, i32 31" [softmax_accel_hls.cc:217]   --->   Operation 265 'bitselect' 'tmp_44' <Predicate = true> <Delay = 0.00>
ST_34 : Operation 266 [1/1] (3.20ns)   --->   "%br_ln217 = br i1 %tmp_44, void %for.inc54, void %for.end55" [softmax_accel_hls.cc:217]   --->   Operation 266 'br' 'br_ln217' <Predicate = true> <Delay = 3.20>
ST_34 : Operation 267 [1/1] (0.00ns)   --->   "%tmp_45 = bitselect i1 @_ssdm_op_BitSelect.i1.i32.i32, i32 %sum_2, i32 30" [softmax_accel_hls.cc:217]   --->   Operation 267 'bitselect' 'tmp_45' <Predicate = (!tmp_44)> <Delay = 0.00>
ST_34 : Operation 268 [1/1] (3.20ns)   --->   "%br_ln217 = br i1 %tmp_45, void %for.inc54.1, void %for.end55" [softmax_accel_hls.cc:217]   --->   Operation 268 'br' 'br_ln217' <Predicate = (!tmp_44)> <Delay = 3.20>
ST_34 : Operation 269 [1/1] (0.00ns)   --->   "%tmp_46 = bitselect i1 @_ssdm_op_BitSelect.i1.i32.i32, i32 %sum_2, i32 29" [softmax_accel_hls.cc:217]   --->   Operation 269 'bitselect' 'tmp_46' <Predicate = (!tmp_44 & !tmp_45)> <Delay = 0.00>
ST_34 : Operation 270 [1/1] (3.20ns)   --->   "%br_ln217 = br i1 %tmp_46, void %for.inc54.2, void %for.end55" [softmax_accel_hls.cc:217]   --->   Operation 270 'br' 'br_ln217' <Predicate = (!tmp_44 & !tmp_45)> <Delay = 3.20>
ST_34 : Operation 271 [1/1] (0.00ns)   --->   "%tmp_47 = bitselect i1 @_ssdm_op_BitSelect.i1.i32.i32, i32 %sum_2, i32 28" [softmax_accel_hls.cc:217]   --->   Operation 271 'bitselect' 'tmp_47' <Predicate = (!tmp_44 & !tmp_45 & !tmp_46)> <Delay = 0.00>
ST_34 : Operation 272 [1/1] (3.20ns)   --->   "%br_ln217 = br i1 %tmp_47, void %for.inc54.3, void %for.end55" [softmax_accel_hls.cc:217]   --->   Operation 272 'br' 'br_ln217' <Predicate = (!tmp_44 & !tmp_45 & !tmp_46)> <Delay = 3.20>
ST_34 : Operation 273 [1/1] (0.00ns)   --->   "%tmp_48 = bitselect i1 @_ssdm_op_BitSelect.i1.i32.i32, i32 %sum_2, i32 27" [softmax_accel_hls.cc:217]   --->   Operation 273 'bitselect' 'tmp_48' <Predicate = (!tmp_44 & !tmp_45 & !tmp_46 & !tmp_47)> <Delay = 0.00>
ST_34 : Operation 274 [1/1] (3.20ns)   --->   "%br_ln217 = br i1 %tmp_48, void %for.inc54.4, void %for.end55" [softmax_accel_hls.cc:217]   --->   Operation 274 'br' 'br_ln217' <Predicate = (!tmp_44 & !tmp_45 & !tmp_46 & !tmp_47)> <Delay = 3.20>
ST_34 : Operation 275 [1/1] (0.00ns)   --->   "%tmp_49 = bitselect i1 @_ssdm_op_BitSelect.i1.i32.i32, i32 %sum_2, i32 26" [softmax_accel_hls.cc:217]   --->   Operation 275 'bitselect' 'tmp_49' <Predicate = (!tmp_44 & !tmp_45 & !tmp_46 & !tmp_47 & !tmp_48)> <Delay = 0.00>
ST_34 : Operation 276 [1/1] (3.20ns)   --->   "%br_ln217 = br i1 %tmp_49, void %for.inc54.5, void %for.end55" [softmax_accel_hls.cc:217]   --->   Operation 276 'br' 'br_ln217' <Predicate = (!tmp_44 & !tmp_45 & !tmp_46 & !tmp_47 & !tmp_48)> <Delay = 3.20>
ST_34 : Operation 277 [1/1] (0.00ns)   --->   "%tmp_50 = bitselect i1 @_ssdm_op_BitSelect.i1.i32.i32, i32 %sum_2, i32 25" [softmax_accel_hls.cc:217]   --->   Operation 277 'bitselect' 'tmp_50' <Predicate = (!tmp_44 & !tmp_45 & !tmp_46 & !tmp_47 & !tmp_48 & !tmp_49)> <Delay = 0.00>
ST_34 : Operation 278 [1/1] (3.20ns)   --->   "%br_ln217 = br i1 %tmp_50, void %for.inc54.6, void %for.end55" [softmax_accel_hls.cc:217]   --->   Operation 278 'br' 'br_ln217' <Predicate = (!tmp_44 & !tmp_45 & !tmp_46 & !tmp_47 & !tmp_48 & !tmp_49)> <Delay = 3.20>
ST_34 : Operation 279 [1/1] (0.00ns)   --->   "%tmp_51 = bitselect i1 @_ssdm_op_BitSelect.i1.i32.i32, i32 %sum_2, i32 24" [softmax_accel_hls.cc:217]   --->   Operation 279 'bitselect' 'tmp_51' <Predicate = (!tmp_44 & !tmp_45 & !tmp_46 & !tmp_47 & !tmp_48 & !tmp_49 & !tmp_50)> <Delay = 0.00>
ST_34 : Operation 280 [1/1] (3.20ns)   --->   "%br_ln217 = br i1 %tmp_51, void %for.inc54.7, void %for.end55" [softmax_accel_hls.cc:217]   --->   Operation 280 'br' 'br_ln217' <Predicate = (!tmp_44 & !tmp_45 & !tmp_46 & !tmp_47 & !tmp_48 & !tmp_49 & !tmp_50)> <Delay = 3.20>
ST_34 : Operation 281 [1/1] (0.00ns)   --->   "%tmp_52 = bitselect i1 @_ssdm_op_BitSelect.i1.i32.i32, i32 %sum_2, i32 23" [softmax_accel_hls.cc:217]   --->   Operation 281 'bitselect' 'tmp_52' <Predicate = (!tmp_44 & !tmp_45 & !tmp_46 & !tmp_47 & !tmp_48 & !tmp_49 & !tmp_50 & !tmp_51)> <Delay = 0.00>
ST_34 : Operation 282 [1/1] (3.20ns)   --->   "%br_ln217 = br i1 %tmp_52, void %for.inc54.8, void %for.end55" [softmax_accel_hls.cc:217]   --->   Operation 282 'br' 'br_ln217' <Predicate = (!tmp_44 & !tmp_45 & !tmp_46 & !tmp_47 & !tmp_48 & !tmp_49 & !tmp_50 & !tmp_51)> <Delay = 3.20>
ST_34 : Operation 283 [1/1] (0.00ns)   --->   "%tmp_53 = bitselect i1 @_ssdm_op_BitSelect.i1.i32.i32, i32 %sum_2, i32 22" [softmax_accel_hls.cc:217]   --->   Operation 283 'bitselect' 'tmp_53' <Predicate = (!tmp_44 & !tmp_45 & !tmp_46 & !tmp_47 & !tmp_48 & !tmp_49 & !tmp_50 & !tmp_51 & !tmp_52)> <Delay = 0.00>
ST_34 : Operation 284 [1/1] (3.20ns)   --->   "%br_ln217 = br i1 %tmp_53, void %for.inc54.9, void %for.end55" [softmax_accel_hls.cc:217]   --->   Operation 284 'br' 'br_ln217' <Predicate = (!tmp_44 & !tmp_45 & !tmp_46 & !tmp_47 & !tmp_48 & !tmp_49 & !tmp_50 & !tmp_51 & !tmp_52)> <Delay = 3.20>
ST_34 : Operation 285 [1/1] (0.00ns)   --->   "%tmp_54 = bitselect i1 @_ssdm_op_BitSelect.i1.i32.i32, i32 %sum_2, i32 21" [softmax_accel_hls.cc:217]   --->   Operation 285 'bitselect' 'tmp_54' <Predicate = (!tmp_44 & !tmp_45 & !tmp_46 & !tmp_47 & !tmp_48 & !tmp_49 & !tmp_50 & !tmp_51 & !tmp_52 & !tmp_53)> <Delay = 0.00>
ST_34 : Operation 286 [1/1] (3.20ns)   --->   "%br_ln217 = br i1 %tmp_54, void %for.inc54.10, void %for.end55" [softmax_accel_hls.cc:217]   --->   Operation 286 'br' 'br_ln217' <Predicate = (!tmp_44 & !tmp_45 & !tmp_46 & !tmp_47 & !tmp_48 & !tmp_49 & !tmp_50 & !tmp_51 & !tmp_52 & !tmp_53)> <Delay = 3.20>
ST_34 : Operation 287 [1/1] (0.00ns)   --->   "%tmp_55 = bitselect i1 @_ssdm_op_BitSelect.i1.i32.i32, i32 %sum_2, i32 20" [softmax_accel_hls.cc:217]   --->   Operation 287 'bitselect' 'tmp_55' <Predicate = (!tmp_44 & !tmp_45 & !tmp_46 & !tmp_47 & !tmp_48 & !tmp_49 & !tmp_50 & !tmp_51 & !tmp_52 & !tmp_53 & !tmp_54)> <Delay = 0.00>
ST_34 : Operation 288 [1/1] (3.20ns)   --->   "%br_ln217 = br i1 %tmp_55, void %for.inc54.11, void %for.end55" [softmax_accel_hls.cc:217]   --->   Operation 288 'br' 'br_ln217' <Predicate = (!tmp_44 & !tmp_45 & !tmp_46 & !tmp_47 & !tmp_48 & !tmp_49 & !tmp_50 & !tmp_51 & !tmp_52 & !tmp_53 & !tmp_54)> <Delay = 3.20>
ST_34 : Operation 289 [1/1] (0.00ns)   --->   "%tmp_56 = bitselect i1 @_ssdm_op_BitSelect.i1.i32.i32, i32 %sum_2, i32 19" [softmax_accel_hls.cc:217]   --->   Operation 289 'bitselect' 'tmp_56' <Predicate = (!tmp_44 & !tmp_45 & !tmp_46 & !tmp_47 & !tmp_48 & !tmp_49 & !tmp_50 & !tmp_51 & !tmp_52 & !tmp_53 & !tmp_54 & !tmp_55)> <Delay = 0.00>
ST_34 : Operation 290 [1/1] (3.20ns)   --->   "%br_ln217 = br i1 %tmp_56, void %for.inc54.12, void %for.end55" [softmax_accel_hls.cc:217]   --->   Operation 290 'br' 'br_ln217' <Predicate = (!tmp_44 & !tmp_45 & !tmp_46 & !tmp_47 & !tmp_48 & !tmp_49 & !tmp_50 & !tmp_51 & !tmp_52 & !tmp_53 & !tmp_54 & !tmp_55)> <Delay = 3.20>
ST_34 : Operation 291 [1/1] (0.00ns)   --->   "%tmp_57 = bitselect i1 @_ssdm_op_BitSelect.i1.i32.i32, i32 %sum_2, i32 18" [softmax_accel_hls.cc:217]   --->   Operation 291 'bitselect' 'tmp_57' <Predicate = (!tmp_44 & !tmp_45 & !tmp_46 & !tmp_47 & !tmp_48 & !tmp_49 & !tmp_50 & !tmp_51 & !tmp_52 & !tmp_53 & !tmp_54 & !tmp_55 & !tmp_56)> <Delay = 0.00>
ST_34 : Operation 292 [1/1] (3.20ns)   --->   "%br_ln217 = br i1 %tmp_57, void %for.inc54.13, void %for.end55" [softmax_accel_hls.cc:217]   --->   Operation 292 'br' 'br_ln217' <Predicate = (!tmp_44 & !tmp_45 & !tmp_46 & !tmp_47 & !tmp_48 & !tmp_49 & !tmp_50 & !tmp_51 & !tmp_52 & !tmp_53 & !tmp_54 & !tmp_55 & !tmp_56)> <Delay = 3.20>
ST_34 : Operation 293 [1/1] (0.00ns)   --->   "%tmp_58 = bitselect i1 @_ssdm_op_BitSelect.i1.i32.i32, i32 %sum_2, i32 17" [softmax_accel_hls.cc:217]   --->   Operation 293 'bitselect' 'tmp_58' <Predicate = (!tmp_44 & !tmp_45 & !tmp_46 & !tmp_47 & !tmp_48 & !tmp_49 & !tmp_50 & !tmp_51 & !tmp_52 & !tmp_53 & !tmp_54 & !tmp_55 & !tmp_56 & !tmp_57)> <Delay = 0.00>
ST_34 : Operation 294 [1/1] (3.20ns)   --->   "%br_ln217 = br i1 %tmp_58, void %for.inc54.14, void %for.end55" [softmax_accel_hls.cc:217]   --->   Operation 294 'br' 'br_ln217' <Predicate = (!tmp_44 & !tmp_45 & !tmp_46 & !tmp_47 & !tmp_48 & !tmp_49 & !tmp_50 & !tmp_51 & !tmp_52 & !tmp_53 & !tmp_54 & !tmp_55 & !tmp_56 & !tmp_57)> <Delay = 3.20>
ST_34 : Operation 295 [1/1] (0.00ns)   --->   "%tmp_59 = bitselect i1 @_ssdm_op_BitSelect.i1.i32.i32, i32 %sum_2, i32 16" [softmax_accel_hls.cc:217]   --->   Operation 295 'bitselect' 'tmp_59' <Predicate = (!tmp_44 & !tmp_45 & !tmp_46 & !tmp_47 & !tmp_48 & !tmp_49 & !tmp_50 & !tmp_51 & !tmp_52 & !tmp_53 & !tmp_54 & !tmp_55 & !tmp_56 & !tmp_57 & !tmp_58)> <Delay = 0.00>
ST_34 : Operation 296 [1/1] (3.20ns)   --->   "%br_ln217 = br i1 %tmp_59, void %for.inc54.15, void %for.end55" [softmax_accel_hls.cc:217]   --->   Operation 296 'br' 'br_ln217' <Predicate = (!tmp_44 & !tmp_45 & !tmp_46 & !tmp_47 & !tmp_48 & !tmp_49 & !tmp_50 & !tmp_51 & !tmp_52 & !tmp_53 & !tmp_54 & !tmp_55 & !tmp_56 & !tmp_57 & !tmp_58)> <Delay = 3.20>
ST_34 : Operation 297 [1/1] (0.00ns)   --->   "%tmp_60 = bitselect i1 @_ssdm_op_BitSelect.i1.i32.i32, i32 %sum_2, i32 15" [softmax_accel_hls.cc:217]   --->   Operation 297 'bitselect' 'tmp_60' <Predicate = (!tmp_44 & !tmp_45 & !tmp_46 & !tmp_47 & !tmp_48 & !tmp_49 & !tmp_50 & !tmp_51 & !tmp_52 & !tmp_53 & !tmp_54 & !tmp_55 & !tmp_56 & !tmp_57 & !tmp_58 & !tmp_59)> <Delay = 0.00>
ST_34 : Operation 298 [1/1] (3.20ns)   --->   "%br_ln217 = br i1 %tmp_60, void %for.inc54.16, void %for.end55" [softmax_accel_hls.cc:217]   --->   Operation 298 'br' 'br_ln217' <Predicate = (!tmp_44 & !tmp_45 & !tmp_46 & !tmp_47 & !tmp_48 & !tmp_49 & !tmp_50 & !tmp_51 & !tmp_52 & !tmp_53 & !tmp_54 & !tmp_55 & !tmp_56 & !tmp_57 & !tmp_58 & !tmp_59)> <Delay = 3.20>
ST_34 : Operation 299 [1/1] (0.00ns)   --->   "%tmp_61 = bitselect i1 @_ssdm_op_BitSelect.i1.i32.i32, i32 %sum_2, i32 14" [softmax_accel_hls.cc:217]   --->   Operation 299 'bitselect' 'tmp_61' <Predicate = (!tmp_44 & !tmp_45 & !tmp_46 & !tmp_47 & !tmp_48 & !tmp_49 & !tmp_50 & !tmp_51 & !tmp_52 & !tmp_53 & !tmp_54 & !tmp_55 & !tmp_56 & !tmp_57 & !tmp_58 & !tmp_59 & !tmp_60)> <Delay = 0.00>
ST_34 : Operation 300 [1/1] (3.20ns)   --->   "%br_ln217 = br i1 %tmp_61, void %for.inc54.17, void %for.end55" [softmax_accel_hls.cc:217]   --->   Operation 300 'br' 'br_ln217' <Predicate = (!tmp_44 & !tmp_45 & !tmp_46 & !tmp_47 & !tmp_48 & !tmp_49 & !tmp_50 & !tmp_51 & !tmp_52 & !tmp_53 & !tmp_54 & !tmp_55 & !tmp_56 & !tmp_57 & !tmp_58 & !tmp_59 & !tmp_60)> <Delay = 3.20>
ST_34 : Operation 301 [1/1] (0.00ns)   --->   "%tmp_62 = bitselect i1 @_ssdm_op_BitSelect.i1.i32.i32, i32 %sum_2, i32 13" [softmax_accel_hls.cc:217]   --->   Operation 301 'bitselect' 'tmp_62' <Predicate = (!tmp_44 & !tmp_45 & !tmp_46 & !tmp_47 & !tmp_48 & !tmp_49 & !tmp_50 & !tmp_51 & !tmp_52 & !tmp_53 & !tmp_54 & !tmp_55 & !tmp_56 & !tmp_57 & !tmp_58 & !tmp_59 & !tmp_60 & !tmp_61)> <Delay = 0.00>
ST_34 : Operation 302 [1/1] (3.20ns)   --->   "%br_ln217 = br i1 %tmp_62, void %for.inc54.18, void %for.end55" [softmax_accel_hls.cc:217]   --->   Operation 302 'br' 'br_ln217' <Predicate = (!tmp_44 & !tmp_45 & !tmp_46 & !tmp_47 & !tmp_48 & !tmp_49 & !tmp_50 & !tmp_51 & !tmp_52 & !tmp_53 & !tmp_54 & !tmp_55 & !tmp_56 & !tmp_57 & !tmp_58 & !tmp_59 & !tmp_60 & !tmp_61)> <Delay = 3.20>
ST_34 : Operation 303 [1/1] (0.00ns)   --->   "%tmp_63 = bitselect i1 @_ssdm_op_BitSelect.i1.i32.i32, i32 %sum_2, i32 12" [softmax_accel_hls.cc:217]   --->   Operation 303 'bitselect' 'tmp_63' <Predicate = (!tmp_44 & !tmp_45 & !tmp_46 & !tmp_47 & !tmp_48 & !tmp_49 & !tmp_50 & !tmp_51 & !tmp_52 & !tmp_53 & !tmp_54 & !tmp_55 & !tmp_56 & !tmp_57 & !tmp_58 & !tmp_59 & !tmp_60 & !tmp_61 & !tmp_62)> <Delay = 0.00>
ST_34 : Operation 304 [1/1] (3.20ns)   --->   "%br_ln217 = br i1 %tmp_63, void %for.inc54.19, void %for.end55" [softmax_accel_hls.cc:217]   --->   Operation 304 'br' 'br_ln217' <Predicate = (!tmp_44 & !tmp_45 & !tmp_46 & !tmp_47 & !tmp_48 & !tmp_49 & !tmp_50 & !tmp_51 & !tmp_52 & !tmp_53 & !tmp_54 & !tmp_55 & !tmp_56 & !tmp_57 & !tmp_58 & !tmp_59 & !tmp_60 & !tmp_61 & !tmp_62)> <Delay = 3.20>
ST_34 : Operation 305 [1/1] (0.00ns)   --->   "%tmp_64 = bitselect i1 @_ssdm_op_BitSelect.i1.i32.i32, i32 %sum_2, i32 11" [softmax_accel_hls.cc:217]   --->   Operation 305 'bitselect' 'tmp_64' <Predicate = (!tmp_44 & !tmp_45 & !tmp_46 & !tmp_47 & !tmp_48 & !tmp_49 & !tmp_50 & !tmp_51 & !tmp_52 & !tmp_53 & !tmp_54 & !tmp_55 & !tmp_56 & !tmp_57 & !tmp_58 & !tmp_59 & !tmp_60 & !tmp_61 & !tmp_62 & !tmp_63)> <Delay = 0.00>
ST_34 : Operation 306 [1/1] (3.20ns)   --->   "%br_ln217 = br i1 %tmp_64, void %for.inc54.20, void %for.end55" [softmax_accel_hls.cc:217]   --->   Operation 306 'br' 'br_ln217' <Predicate = (!tmp_44 & !tmp_45 & !tmp_46 & !tmp_47 & !tmp_48 & !tmp_49 & !tmp_50 & !tmp_51 & !tmp_52 & !tmp_53 & !tmp_54 & !tmp_55 & !tmp_56 & !tmp_57 & !tmp_58 & !tmp_59 & !tmp_60 & !tmp_61 & !tmp_62 & !tmp_63)> <Delay = 3.20>
ST_34 : Operation 307 [1/1] (0.00ns)   --->   "%tmp_65 = bitselect i1 @_ssdm_op_BitSelect.i1.i32.i32, i32 %sum_2, i32 10" [softmax_accel_hls.cc:217]   --->   Operation 307 'bitselect' 'tmp_65' <Predicate = (!tmp_44 & !tmp_45 & !tmp_46 & !tmp_47 & !tmp_48 & !tmp_49 & !tmp_50 & !tmp_51 & !tmp_52 & !tmp_53 & !tmp_54 & !tmp_55 & !tmp_56 & !tmp_57 & !tmp_58 & !tmp_59 & !tmp_60 & !tmp_61 & !tmp_62 & !tmp_63 & !tmp_64)> <Delay = 0.00>
ST_34 : Operation 308 [1/1] (3.20ns)   --->   "%br_ln217 = br i1 %tmp_65, void %for.inc54.21, void %for.end55" [softmax_accel_hls.cc:217]   --->   Operation 308 'br' 'br_ln217' <Predicate = (!tmp_44 & !tmp_45 & !tmp_46 & !tmp_47 & !tmp_48 & !tmp_49 & !tmp_50 & !tmp_51 & !tmp_52 & !tmp_53 & !tmp_54 & !tmp_55 & !tmp_56 & !tmp_57 & !tmp_58 & !tmp_59 & !tmp_60 & !tmp_61 & !tmp_62 & !tmp_63 & !tmp_64)> <Delay = 3.20>
ST_34 : Operation 309 [1/1] (0.00ns)   --->   "%tmp_66 = bitselect i1 @_ssdm_op_BitSelect.i1.i32.i32, i32 %sum_2, i32 9" [softmax_accel_hls.cc:217]   --->   Operation 309 'bitselect' 'tmp_66' <Predicate = (!tmp_44 & !tmp_45 & !tmp_46 & !tmp_47 & !tmp_48 & !tmp_49 & !tmp_50 & !tmp_51 & !tmp_52 & !tmp_53 & !tmp_54 & !tmp_55 & !tmp_56 & !tmp_57 & !tmp_58 & !tmp_59 & !tmp_60 & !tmp_61 & !tmp_62 & !tmp_63 & !tmp_64 & !tmp_65)> <Delay = 0.00>
ST_34 : Operation 310 [1/1] (3.20ns)   --->   "%br_ln217 = br i1 %tmp_66, void %for.inc54.22, void %for.end55" [softmax_accel_hls.cc:217]   --->   Operation 310 'br' 'br_ln217' <Predicate = (!tmp_44 & !tmp_45 & !tmp_46 & !tmp_47 & !tmp_48 & !tmp_49 & !tmp_50 & !tmp_51 & !tmp_52 & !tmp_53 & !tmp_54 & !tmp_55 & !tmp_56 & !tmp_57 & !tmp_58 & !tmp_59 & !tmp_60 & !tmp_61 & !tmp_62 & !tmp_63 & !tmp_64 & !tmp_65)> <Delay = 3.20>
ST_34 : Operation 311 [1/1] (0.00ns)   --->   "%tmp_67 = bitselect i1 @_ssdm_op_BitSelect.i1.i32.i32, i32 %sum_2, i32 8" [softmax_accel_hls.cc:217]   --->   Operation 311 'bitselect' 'tmp_67' <Predicate = (!tmp_44 & !tmp_45 & !tmp_46 & !tmp_47 & !tmp_48 & !tmp_49 & !tmp_50 & !tmp_51 & !tmp_52 & !tmp_53 & !tmp_54 & !tmp_55 & !tmp_56 & !tmp_57 & !tmp_58 & !tmp_59 & !tmp_60 & !tmp_61 & !tmp_62 & !tmp_63 & !tmp_64 & !tmp_65 & !tmp_66)> <Delay = 0.00>
ST_34 : Operation 312 [1/1] (3.20ns)   --->   "%br_ln217 = br i1 %tmp_67, void %for.inc54.23, void %for.end55" [softmax_accel_hls.cc:217]   --->   Operation 312 'br' 'br_ln217' <Predicate = (!tmp_44 & !tmp_45 & !tmp_46 & !tmp_47 & !tmp_48 & !tmp_49 & !tmp_50 & !tmp_51 & !tmp_52 & !tmp_53 & !tmp_54 & !tmp_55 & !tmp_56 & !tmp_57 & !tmp_58 & !tmp_59 & !tmp_60 & !tmp_61 & !tmp_62 & !tmp_63 & !tmp_64 & !tmp_65 & !tmp_66)> <Delay = 3.20>
ST_34 : Operation 313 [1/1] (0.00ns)   --->   "%tmp_68 = bitselect i1 @_ssdm_op_BitSelect.i1.i32.i32, i32 %sum_2, i32 7" [softmax_accel_hls.cc:217]   --->   Operation 313 'bitselect' 'tmp_68' <Predicate = (!tmp_44 & !tmp_45 & !tmp_46 & !tmp_47 & !tmp_48 & !tmp_49 & !tmp_50 & !tmp_51 & !tmp_52 & !tmp_53 & !tmp_54 & !tmp_55 & !tmp_56 & !tmp_57 & !tmp_58 & !tmp_59 & !tmp_60 & !tmp_61 & !tmp_62 & !tmp_63 & !tmp_64 & !tmp_65 & !tmp_66 & !tmp_67)> <Delay = 0.00>
ST_34 : Operation 314 [1/1] (3.20ns)   --->   "%br_ln217 = br i1 %tmp_68, void %for.inc54.24, void %for.end55" [softmax_accel_hls.cc:217]   --->   Operation 314 'br' 'br_ln217' <Predicate = (!tmp_44 & !tmp_45 & !tmp_46 & !tmp_47 & !tmp_48 & !tmp_49 & !tmp_50 & !tmp_51 & !tmp_52 & !tmp_53 & !tmp_54 & !tmp_55 & !tmp_56 & !tmp_57 & !tmp_58 & !tmp_59 & !tmp_60 & !tmp_61 & !tmp_62 & !tmp_63 & !tmp_64 & !tmp_65 & !tmp_66 & !tmp_67)> <Delay = 3.20>
ST_34 : Operation 315 [1/1] (0.00ns)   --->   "%tmp_69 = bitselect i1 @_ssdm_op_BitSelect.i1.i32.i32, i32 %sum_2, i32 6" [softmax_accel_hls.cc:217]   --->   Operation 315 'bitselect' 'tmp_69' <Predicate = (!tmp_44 & !tmp_45 & !tmp_46 & !tmp_47 & !tmp_48 & !tmp_49 & !tmp_50 & !tmp_51 & !tmp_52 & !tmp_53 & !tmp_54 & !tmp_55 & !tmp_56 & !tmp_57 & !tmp_58 & !tmp_59 & !tmp_60 & !tmp_61 & !tmp_62 & !tmp_63 & !tmp_64 & !tmp_65 & !tmp_66 & !tmp_67 & !tmp_68)> <Delay = 0.00>
ST_34 : Operation 316 [1/1] (3.20ns)   --->   "%br_ln217 = br i1 %tmp_69, void %for.inc54.25, void %for.end55" [softmax_accel_hls.cc:217]   --->   Operation 316 'br' 'br_ln217' <Predicate = (!tmp_44 & !tmp_45 & !tmp_46 & !tmp_47 & !tmp_48 & !tmp_49 & !tmp_50 & !tmp_51 & !tmp_52 & !tmp_53 & !tmp_54 & !tmp_55 & !tmp_56 & !tmp_57 & !tmp_58 & !tmp_59 & !tmp_60 & !tmp_61 & !tmp_62 & !tmp_63 & !tmp_64 & !tmp_65 & !tmp_66 & !tmp_67 & !tmp_68)> <Delay = 3.20>
ST_34 : Operation 317 [1/1] (0.00ns)   --->   "%tmp_70 = bitselect i1 @_ssdm_op_BitSelect.i1.i32.i32, i32 %sum_2, i32 5" [softmax_accel_hls.cc:217]   --->   Operation 317 'bitselect' 'tmp_70' <Predicate = (!tmp_44 & !tmp_45 & !tmp_46 & !tmp_47 & !tmp_48 & !tmp_49 & !tmp_50 & !tmp_51 & !tmp_52 & !tmp_53 & !tmp_54 & !tmp_55 & !tmp_56 & !tmp_57 & !tmp_58 & !tmp_59 & !tmp_60 & !tmp_61 & !tmp_62 & !tmp_63 & !tmp_64 & !tmp_65 & !tmp_66 & !tmp_67 & !tmp_68 & !tmp_69)> <Delay = 0.00>
ST_34 : Operation 318 [1/1] (3.20ns)   --->   "%br_ln217 = br i1 %tmp_70, void %for.inc54.26, void %for.end55" [softmax_accel_hls.cc:217]   --->   Operation 318 'br' 'br_ln217' <Predicate = (!tmp_44 & !tmp_45 & !tmp_46 & !tmp_47 & !tmp_48 & !tmp_49 & !tmp_50 & !tmp_51 & !tmp_52 & !tmp_53 & !tmp_54 & !tmp_55 & !tmp_56 & !tmp_57 & !tmp_58 & !tmp_59 & !tmp_60 & !tmp_61 & !tmp_62 & !tmp_63 & !tmp_64 & !tmp_65 & !tmp_66 & !tmp_67 & !tmp_68 & !tmp_69)> <Delay = 3.20>
ST_34 : Operation 319 [1/1] (0.00ns)   --->   "%tmp_71 = bitselect i1 @_ssdm_op_BitSelect.i1.i32.i32, i32 %sum_2, i32 4" [softmax_accel_hls.cc:217]   --->   Operation 319 'bitselect' 'tmp_71' <Predicate = (!tmp_44 & !tmp_45 & !tmp_46 & !tmp_47 & !tmp_48 & !tmp_49 & !tmp_50 & !tmp_51 & !tmp_52 & !tmp_53 & !tmp_54 & !tmp_55 & !tmp_56 & !tmp_57 & !tmp_58 & !tmp_59 & !tmp_60 & !tmp_61 & !tmp_62 & !tmp_63 & !tmp_64 & !tmp_65 & !tmp_66 & !tmp_67 & !tmp_68 & !tmp_69 & !tmp_70)> <Delay = 0.00>
ST_34 : Operation 320 [1/1] (3.20ns)   --->   "%br_ln217 = br i1 %tmp_71, void %for.inc54.27, void %for.end55" [softmax_accel_hls.cc:217]   --->   Operation 320 'br' 'br_ln217' <Predicate = (!tmp_44 & !tmp_45 & !tmp_46 & !tmp_47 & !tmp_48 & !tmp_49 & !tmp_50 & !tmp_51 & !tmp_52 & !tmp_53 & !tmp_54 & !tmp_55 & !tmp_56 & !tmp_57 & !tmp_58 & !tmp_59 & !tmp_60 & !tmp_61 & !tmp_62 & !tmp_63 & !tmp_64 & !tmp_65 & !tmp_66 & !tmp_67 & !tmp_68 & !tmp_69 & !tmp_70)> <Delay = 3.20>
ST_34 : Operation 321 [1/1] (0.00ns)   --->   "%tmp_72 = bitselect i1 @_ssdm_op_BitSelect.i1.i32.i32, i32 %sum_2, i32 3" [softmax_accel_hls.cc:217]   --->   Operation 321 'bitselect' 'tmp_72' <Predicate = (!tmp_44 & !tmp_45 & !tmp_46 & !tmp_47 & !tmp_48 & !tmp_49 & !tmp_50 & !tmp_51 & !tmp_52 & !tmp_53 & !tmp_54 & !tmp_55 & !tmp_56 & !tmp_57 & !tmp_58 & !tmp_59 & !tmp_60 & !tmp_61 & !tmp_62 & !tmp_63 & !tmp_64 & !tmp_65 & !tmp_66 & !tmp_67 & !tmp_68 & !tmp_69 & !tmp_70 & !tmp_71)> <Delay = 0.00>
ST_34 : Operation 322 [1/1] (3.20ns)   --->   "%br_ln217 = br i1 %tmp_72, void %for.inc54.28, void %for.end55" [softmax_accel_hls.cc:217]   --->   Operation 322 'br' 'br_ln217' <Predicate = (!tmp_44 & !tmp_45 & !tmp_46 & !tmp_47 & !tmp_48 & !tmp_49 & !tmp_50 & !tmp_51 & !tmp_52 & !tmp_53 & !tmp_54 & !tmp_55 & !tmp_56 & !tmp_57 & !tmp_58 & !tmp_59 & !tmp_60 & !tmp_61 & !tmp_62 & !tmp_63 & !tmp_64 & !tmp_65 & !tmp_66 & !tmp_67 & !tmp_68 & !tmp_69 & !tmp_70 & !tmp_71)> <Delay = 3.20>
ST_34 : Operation 323 [1/1] (0.00ns)   --->   "%tmp_73 = bitselect i1 @_ssdm_op_BitSelect.i1.i32.i32, i32 %sum_2, i32 2" [softmax_accel_hls.cc:217]   --->   Operation 323 'bitselect' 'tmp_73' <Predicate = (!tmp_44 & !tmp_45 & !tmp_46 & !tmp_47 & !tmp_48 & !tmp_49 & !tmp_50 & !tmp_51 & !tmp_52 & !tmp_53 & !tmp_54 & !tmp_55 & !tmp_56 & !tmp_57 & !tmp_58 & !tmp_59 & !tmp_60 & !tmp_61 & !tmp_62 & !tmp_63 & !tmp_64 & !tmp_65 & !tmp_66 & !tmp_67 & !tmp_68 & !tmp_69 & !tmp_70 & !tmp_71 & !tmp_72)> <Delay = 0.00>
ST_34 : Operation 324 [1/1] (3.20ns)   --->   "%br_ln217 = br i1 %tmp_73, void %for.inc54.29, void %for.end55" [softmax_accel_hls.cc:217]   --->   Operation 324 'br' 'br_ln217' <Predicate = (!tmp_44 & !tmp_45 & !tmp_46 & !tmp_47 & !tmp_48 & !tmp_49 & !tmp_50 & !tmp_51 & !tmp_52 & !tmp_53 & !tmp_54 & !tmp_55 & !tmp_56 & !tmp_57 & !tmp_58 & !tmp_59 & !tmp_60 & !tmp_61 & !tmp_62 & !tmp_63 & !tmp_64 & !tmp_65 & !tmp_66 & !tmp_67 & !tmp_68 & !tmp_69 & !tmp_70 & !tmp_71 & !tmp_72)> <Delay = 3.20>
ST_34 : Operation 325 [1/1] (0.00ns)   --->   "%tmp_74 = bitselect i1 @_ssdm_op_BitSelect.i1.i32.i32, i32 %sum_2, i32 1" [softmax_accel_hls.cc:217]   --->   Operation 325 'bitselect' 'tmp_74' <Predicate = (!tmp_44 & !tmp_45 & !tmp_46 & !tmp_47 & !tmp_48 & !tmp_49 & !tmp_50 & !tmp_51 & !tmp_52 & !tmp_53 & !tmp_54 & !tmp_55 & !tmp_56 & !tmp_57 & !tmp_58 & !tmp_59 & !tmp_60 & !tmp_61 & !tmp_62 & !tmp_63 & !tmp_64 & !tmp_65 & !tmp_66 & !tmp_67 & !tmp_68 & !tmp_69 & !tmp_70 & !tmp_71 & !tmp_72 & !tmp_73)> <Delay = 0.00>
ST_34 : Operation 326 [1/1] (3.20ns)   --->   "%br_ln217 = br i1 %tmp_74, void %for.inc54.30, void %for.end55" [softmax_accel_hls.cc:217]   --->   Operation 326 'br' 'br_ln217' <Predicate = (!tmp_44 & !tmp_45 & !tmp_46 & !tmp_47 & !tmp_48 & !tmp_49 & !tmp_50 & !tmp_51 & !tmp_52 & !tmp_53 & !tmp_54 & !tmp_55 & !tmp_56 & !tmp_57 & !tmp_58 & !tmp_59 & !tmp_60 & !tmp_61 & !tmp_62 & !tmp_63 & !tmp_64 & !tmp_65 & !tmp_66 & !tmp_67 & !tmp_68 & !tmp_69 & !tmp_70 & !tmp_71 & !tmp_72 & !tmp_73)> <Delay = 3.20>
ST_34 : Operation 327 [1/1] (0.00ns)   --->   "%trunc_ln217 = trunc i32 %sum_2" [softmax_accel_hls.cc:217]   --->   Operation 327 'trunc' 'trunc_ln217' <Predicate = (!tmp_44 & !tmp_45 & !tmp_46 & !tmp_47 & !tmp_48 & !tmp_49 & !tmp_50 & !tmp_51 & !tmp_52 & !tmp_53 & !tmp_54 & !tmp_55 & !tmp_56 & !tmp_57 & !tmp_58 & !tmp_59 & !tmp_60 & !tmp_61 & !tmp_62 & !tmp_63 & !tmp_64 & !tmp_65 & !tmp_66 & !tmp_67 & !tmp_68 & !tmp_69 & !tmp_70 & !tmp_71 & !tmp_72 & !tmp_73 & !tmp_74)> <Delay = 0.00>
ST_34 : Operation 328 [1/1] (1.21ns)   --->   "%select_ln217 = select i1 %trunc_ln217, i5 16, i5 15" [softmax_accel_hls.cc:217]   --->   Operation 328 'select' 'select_ln217' <Predicate = (!tmp_44 & !tmp_45 & !tmp_46 & !tmp_47 & !tmp_48 & !tmp_49 & !tmp_50 & !tmp_51 & !tmp_52 & !tmp_53 & !tmp_54 & !tmp_55 & !tmp_56 & !tmp_57 & !tmp_58 & !tmp_59 & !tmp_60 & !tmp_61 & !tmp_62 & !tmp_63 & !tmp_64 & !tmp_65 & !tmp_66 & !tmp_67 & !tmp_68 & !tmp_69 & !tmp_70 & !tmp_71 & !tmp_72 & !tmp_73 & !tmp_74)> <Delay = 1.21> <CoreInst = "Sel">   --->   Core 73 'Sel' <Latency = 0> <II = 1> <Delay = 1.21> <FuncUnit> <Opcode : 'select'> <InPorts = 3> <OutPorts = 1>
ST_34 : Operation 329 [1/1] (3.20ns)   --->   "%br_ln217 = br void %for.end55" [softmax_accel_hls.cc:217]   --->   Operation 329 'br' 'br_ln217' <Predicate = (!tmp_44 & !tmp_45 & !tmp_46 & !tmp_47 & !tmp_48 & !tmp_49 & !tmp_50 & !tmp_51 & !tmp_52 & !tmp_53 & !tmp_54 & !tmp_55 & !tmp_56 & !tmp_57 & !tmp_58 & !tmp_59 & !tmp_60 & !tmp_61 & !tmp_62 & !tmp_63 & !tmp_64 & !tmp_65 & !tmp_66 & !tmp_67 & !tmp_68 & !tmp_69 & !tmp_70 & !tmp_71 & !tmp_72 & !tmp_73 & !tmp_74)> <Delay = 3.20>

State 35 <SV = 31> <Delay = 6.01>
ST_35 : Operation 330 [1/1] (0.00ns)   --->   "%and_ln1 = bitconcatenate i32 @_ssdm_op_BitConcatenate.i32.i30.i2, i30 %tmp_1, i2 0" [softmax_accel_hls.cc:221]   --->   Operation 330 'bitconcatenate' 'and_ln1' <Predicate = true> <Delay = 0.00>
ST_35 : Operation 331 [1/1] (0.00ns)   --->   "%zext_ln221 = zext i32 %and_ln1" [softmax_accel_hls.cc:221]   --->   Operation 331 'zext' 'zext_ln221' <Predicate = true> <Delay = 0.00>
ST_35 : Operation 332 [1/1] (3.52ns)   --->   "%add_ln221 = add i64 %zext_ln221, i64 %mem_read" [softmax_accel_hls.cc:221]   --->   Operation 332 'add' 'add_ln221' <Predicate = true> <Delay = 3.52> <CoreInst = "Adder">   --->   Core 1 'Adder' <Latency = 0> <II = 1> <Delay = 3.52> <FuncUnit> <Opcode : 'add' 'sub'> <InPorts = 2> <OutPorts = 1>
ST_35 : Operation 333 [1/1] (0.00ns)   --->   "%trunc_ln = partselect i62 @_ssdm_op_PartSelect.i62.i64.i32.i32, i64 %add_ln221, i32 2, i32 63" [softmax_accel_hls.cc:221]   --->   Operation 333 'partselect' 'trunc_ln' <Predicate = true> <Delay = 0.00>
ST_35 : Operation 334 [1/1] (0.00ns)   --->   "%sext_ln221 = sext i62 %trunc_ln" [softmax_accel_hls.cc:221]   --->   Operation 334 'sext' 'sext_ln221' <Predicate = true> <Delay = 0.00>
ST_35 : Operation 335 [1/1] (0.00ns)   --->   "%gmem_addr_2 = getelementptr i32 %gmem, i64 %sext_ln221" [softmax_accel_hls.cc:221]   --->   Operation 335 'getelementptr' 'gmem_addr_2' <Predicate = true> <Delay = 0.00>
ST_35 : Operation 336 [1/1] (2.49ns)   --->   "%add_ln222 = add i31 %zext_ln184, i31 1" [softmax_accel_hls.cc:222]   --->   Operation 336 'add' 'add_ln222' <Predicate = true> <Delay = 2.49> <CoreInst = "Adder">   --->   Core 1 'Adder' <Latency = 0> <II = 1> <Delay = 2.49> <FuncUnit> <Opcode : 'add' 'sub'> <InPorts = 2> <OutPorts = 1>
ST_35 : Operation 337 [1/1] (0.00ns)   --->   "%shl_ln1 = bitconcatenate i33 @_ssdm_op_BitConcatenate.i33.i31.i2, i31 %add_ln222, i2 0" [softmax_accel_hls.cc:222]   --->   Operation 337 'bitconcatenate' 'shl_ln1' <Predicate = true> <Delay = 0.00>
ST_35 : Operation 338 [1/1] (0.00ns)   --->   "%zext_ln222 = zext i33 %shl_ln1" [softmax_accel_hls.cc:222]   --->   Operation 338 'zext' 'zext_ln222' <Predicate = true> <Delay = 0.00>
ST_35 : Operation 339 [1/1] (3.52ns)   --->   "%add_ln222_1 = add i64 %zext_ln222, i64 %mem_read" [softmax_accel_hls.cc:222]   --->   Operation 339 'add' 'add_ln222_1' <Predicate = true> <Delay = 3.52> <CoreInst = "Adder">   --->   Core 1 'Adder' <Latency = 0> <II = 1> <Delay = 3.52> <FuncUnit> <Opcode : 'add' 'sub'> <InPorts = 2> <OutPorts = 1>
ST_35 : Operation 340 [1/1] (0.00ns)   --->   "%trunc_ln3 = partselect i62 @_ssdm_op_PartSelect.i62.i64.i32.i32, i64 %add_ln222_1, i32 2, i32 63" [softmax_accel_hls.cc:222]   --->   Operation 340 'partselect' 'trunc_ln3' <Predicate = true> <Delay = 0.00>
ST_35 : Operation 341 [1/1] (0.00ns)   --->   "%sext_ln222 = sext i62 %trunc_ln3" [softmax_accel_hls.cc:222]   --->   Operation 341 'sext' 'sext_ln222' <Predicate = true> <Delay = 0.00>
ST_35 : Operation 342 [1/1] (0.00ns)   --->   "%gmem_addr_3 = getelementptr i32 %gmem, i64 %sext_ln222" [softmax_accel_hls.cc:222]   --->   Operation 342 'getelementptr' 'gmem_addr_3' <Predicate = true> <Delay = 0.00>
ST_35 : Operation 343 [1/1] (2.49ns)   --->   "%add_ln223 = add i31 %zext_ln184, i31 2" [softmax_accel_hls.cc:223]   --->   Operation 343 'add' 'add_ln223' <Predicate = true> <Delay = 2.49> <CoreInst = "Adder">   --->   Core 1 'Adder' <Latency = 0> <II = 1> <Delay = 2.49> <FuncUnit> <Opcode : 'add' 'sub'> <InPorts = 2> <OutPorts = 1>
ST_35 : Operation 344 [1/1] (0.00ns)   --->   "%shl_ln2 = bitconcatenate i33 @_ssdm_op_BitConcatenate.i33.i31.i2, i31 %add_ln223, i2 0" [softmax_accel_hls.cc:223]   --->   Operation 344 'bitconcatenate' 'shl_ln2' <Predicate = true> <Delay = 0.00>
ST_35 : Operation 345 [1/1] (0.00ns)   --->   "%zext_ln223 = zext i33 %shl_ln2" [softmax_accel_hls.cc:223]   --->   Operation 345 'zext' 'zext_ln223' <Predicate = true> <Delay = 0.00>
ST_35 : Operation 346 [1/1] (3.52ns)   --->   "%add_ln223_1 = add i64 %zext_ln223, i64 %mem_read" [softmax_accel_hls.cc:223]   --->   Operation 346 'add' 'add_ln223_1' <Predicate = true> <Delay = 3.52> <CoreInst = "Adder">   --->   Core 1 'Adder' <Latency = 0> <II = 1> <Delay = 3.52> <FuncUnit> <Opcode : 'add' 'sub'> <InPorts = 2> <OutPorts = 1>
ST_35 : Operation 347 [1/1] (0.00ns)   --->   "%trunc_ln5 = partselect i62 @_ssdm_op_PartSelect.i62.i64.i32.i32, i64 %add_ln223_1, i32 2, i32 63" [softmax_accel_hls.cc:223]   --->   Operation 347 'partselect' 'trunc_ln5' <Predicate = true> <Delay = 0.00>
ST_35 : Operation 348 [1/1] (0.00ns)   --->   "%sext_ln223 = sext i62 %trunc_ln5" [softmax_accel_hls.cc:223]   --->   Operation 348 'sext' 'sext_ln223' <Predicate = true> <Delay = 0.00>
ST_35 : Operation 349 [1/1] (0.00ns)   --->   "%gmem_addr_4 = getelementptr i32 %gmem, i64 %sext_ln223" [softmax_accel_hls.cc:223]   --->   Operation 349 'getelementptr' 'gmem_addr_4' <Predicate = true> <Delay = 0.00>

State 36 <SV = 32> <Delay = 8.61>
ST_36 : Operation 350 [1/1] (8.61ns)   --->   "%gmem_addr_3_req = writereq i1 @_ssdm_op_WriteReq.m_axi.i32P1A, i32 %gmem_addr_2, i64 1" [softmax_accel_hls.cc:221]   --->   Operation 350 'writereq' 'gmem_addr_3_req' <Predicate = true> <Delay = 8.61> <CoreInst = "m_axi">   --->   Core 111 'm_axi' <Latency = 9> <II = 1> <Delay = 1.00> <Adapter> <Opcode : 'read' 'write' 'readreq' 'writereq' 'writeresp'>

State 37 <SV = 33> <Delay = 8.61>
ST_37 : Operation 351 [1/1] (8.61ns)   --->   "%write_ln221 = write void @_ssdm_op_Write.m_axi.volatile.i32P1A, i32 %gmem_addr_2, i32 %max_x_1_loc_load, i4 15" [softmax_accel_hls.cc:221]   --->   Operation 351 'write' 'write_ln221' <Predicate = true> <Delay = 8.61> <CoreInst = "m_axi">   --->   Core 111 'm_axi' <Latency = 5> <II = 1> <Delay = 1.00> <Adapter> <Opcode : 'read' 'write' 'readreq' 'writereq' 'writeresp'>
ST_37 : Operation 352 [1/1] (8.61ns)   --->   "%gmem_addr_4_req = writereq i1 @_ssdm_op_WriteReq.m_axi.i32P1A, i32 %gmem_addr_3, i64 1" [softmax_accel_hls.cc:222]   --->   Operation 352 'writereq' 'gmem_addr_4_req' <Predicate = true> <Delay = 8.61> <CoreInst = "m_axi">   --->   Core 111 'm_axi' <Latency = 9> <II = 1> <Delay = 1.00> <Adapter> <Opcode : 'read' 'write' 'readreq' 'writereq' 'writeresp'>

State 38 <SV = 34> <Delay = 8.61>
ST_38 : Operation 353 [5/5] (8.61ns)   --->   "%gmem_addr_3_resp = writeresp i1 @_ssdm_op_WriteResp.m_axi.i32P1A, i32 %gmem_addr_2" [softmax_accel_hls.cc:221]   --->   Operation 353 'writeresp' 'gmem_addr_3_resp' <Predicate = true> <Delay = 8.61> <CoreInst = "m_axi">   --->   Core 111 'm_axi' <Latency = 3> <II = 1> <Delay = 1.00> <Adapter> <Opcode : 'read' 'write' 'readreq' 'writereq' 'writeresp'>
ST_38 : Operation 354 [1/1] (8.61ns)   --->   "%write_ln222 = write void @_ssdm_op_Write.m_axi.volatile.i32P1A, i32 %gmem_addr_3, i32 %sum_2, i4 15" [softmax_accel_hls.cc:222]   --->   Operation 354 'write' 'write_ln222' <Predicate = true> <Delay = 8.61> <CoreInst = "m_axi">   --->   Core 111 'm_axi' <Latency = 5> <II = 1> <Delay = 1.00> <Adapter> <Opcode : 'read' 'write' 'readreq' 'writereq' 'writeresp'>
ST_38 : Operation 355 [1/1] (8.61ns)   --->   "%gmem_addr_5_req = writereq i1 @_ssdm_op_WriteReq.m_axi.i32P1A, i32 %gmem_addr_4, i64 1" [softmax_accel_hls.cc:223]   --->   Operation 355 'writereq' 'gmem_addr_5_req' <Predicate = true> <Delay = 8.61> <CoreInst = "m_axi">   --->   Core 111 'm_axi' <Latency = 9> <II = 1> <Delay = 1.00> <Adapter> <Opcode : 'read' 'write' 'readreq' 'writereq' 'writeresp'>

State 39 <SV = 35> <Delay = 8.61>
ST_39 : Operation 356 [1/1] (0.00ns)   --->   "%shift_dbg = phi i5 15, void %VITIS_LOOP_202_3, i5 14, void %for.inc54, i5 13, void %for.inc54.1, i5 12, void %for.inc54.2, i5 11, void %for.inc54.3, i5 10, void %for.inc54.4, i5 9, void %for.inc54.5, i5 8, void %for.inc54.6, i5 7, void %for.inc54.7, i5 6, void %for.inc54.8, i5 5, void %for.inc54.9, i5 4, void %for.inc54.10, i5 3, void %for.inc54.11, i5 2, void %for.inc54.12, i5 1, void %for.inc54.13, i5 0, void %for.inc54.14, i5 31, void %for.inc54.15, i5 30, void %for.inc54.16, i5 29, void %for.inc54.17, i5 28, void %for.inc54.18, i5 27, void %for.inc54.19, i5 26, void %for.inc54.20, i5 25, void %for.inc54.21, i5 24, void %for.inc54.22, i5 23, void %for.inc54.23, i5 22, void %for.inc54.24, i5 21, void %for.inc54.25, i5 20, void %for.inc54.26, i5 19, void %for.inc54.27, i5 18, void %for.inc54.28, i5 17, void %for.inc54.29, i5 %select_ln217, void %for.inc54.30" [softmax_accel_hls.cc:219]   --->   Operation 356 'phi' 'shift_dbg' <Predicate = true> <Delay = 0.00>
ST_39 : Operation 357 [1/1] (0.00ns)   --->   "%sext_ln219 = sext i5 %shift_dbg" [softmax_accel_hls.cc:219]   --->   Operation 357 'sext' 'sext_ln219' <Predicate = true> <Delay = 0.00>
ST_39 : Operation 358 [4/5] (8.61ns)   --->   "%gmem_addr_3_resp = writeresp i1 @_ssdm_op_WriteResp.m_axi.i32P1A, i32 %gmem_addr_2" [softmax_accel_hls.cc:221]   --->   Operation 358 'writeresp' 'gmem_addr_3_resp' <Predicate = true> <Delay = 8.61> <CoreInst = "m_axi">   --->   Core 111 'm_axi' <Latency = 3> <II = 1> <Delay = 1.00> <Adapter> <Opcode : 'read' 'write' 'readreq' 'writereq' 'writeresp'>
ST_39 : Operation 359 [5/5] (8.61ns)   --->   "%gmem_addr_4_resp = writeresp i1 @_ssdm_op_WriteResp.m_axi.i32P1A, i32 %gmem_addr_3" [softmax_accel_hls.cc:222]   --->   Operation 359 'writeresp' 'gmem_addr_4_resp' <Predicate = true> <Delay = 8.61> <CoreInst = "m_axi">   --->   Core 111 'm_axi' <Latency = 3> <II = 1> <Delay = 1.00> <Adapter> <Opcode : 'read' 'write' 'readreq' 'writereq' 'writeresp'>
ST_39 : Operation 360 [1/1] (8.61ns)   --->   "%write_ln223 = write void @_ssdm_op_Write.m_axi.volatile.i32P1A, i32 %gmem_addr_4, i32 %sext_ln219, i4 15" [softmax_accel_hls.cc:223]   --->   Operation 360 'write' 'write_ln223' <Predicate = true> <Delay = 8.61> <CoreInst = "m_axi">   --->   Core 111 'm_axi' <Latency = 5> <II = 1> <Delay = 1.00> <Adapter> <Opcode : 'read' 'write' 'readreq' 'writereq' 'writeresp'>

State 40 <SV = 36> <Delay = 8.61>
ST_40 : Operation 361 [3/5] (8.61ns)   --->   "%gmem_addr_3_resp = writeresp i1 @_ssdm_op_WriteResp.m_axi.i32P1A, i32 %gmem_addr_2" [softmax_accel_hls.cc:221]   --->   Operation 361 'writeresp' 'gmem_addr_3_resp' <Predicate = true> <Delay = 8.61> <CoreInst = "m_axi">   --->   Core 111 'm_axi' <Latency = 3> <II = 1> <Delay = 1.00> <Adapter> <Opcode : 'read' 'write' 'readreq' 'writereq' 'writeresp'>
ST_40 : Operation 362 [4/5] (8.61ns)   --->   "%gmem_addr_4_resp = writeresp i1 @_ssdm_op_WriteResp.m_axi.i32P1A, i32 %gmem_addr_3" [softmax_accel_hls.cc:222]   --->   Operation 362 'writeresp' 'gmem_addr_4_resp' <Predicate = true> <Delay = 8.61> <CoreInst = "m_axi">   --->   Core 111 'm_axi' <Latency = 3> <II = 1> <Delay = 1.00> <Adapter> <Opcode : 'read' 'write' 'readreq' 'writereq' 'writeresp'>
ST_40 : Operation 363 [5/5] (8.61ns)   --->   "%gmem_addr_5_resp = writeresp i1 @_ssdm_op_WriteResp.m_axi.i32P1A, i32 %gmem_addr_4" [softmax_accel_hls.cc:223]   --->   Operation 363 'writeresp' 'gmem_addr_5_resp' <Predicate = true> <Delay = 8.61> <CoreInst = "m_axi">   --->   Core 111 'm_axi' <Latency = 3> <II = 1> <Delay = 1.00> <Adapter> <Opcode : 'read' 'write' 'readreq' 'writereq' 'writeresp'>

State 41 <SV = 37> <Delay = 8.61>
ST_41 : Operation 364 [2/5] (8.61ns)   --->   "%gmem_addr_3_resp = writeresp i1 @_ssdm_op_WriteResp.m_axi.i32P1A, i32 %gmem_addr_2" [softmax_accel_hls.cc:221]   --->   Operation 364 'writeresp' 'gmem_addr_3_resp' <Predicate = true> <Delay = 8.61> <CoreInst = "m_axi">   --->   Core 111 'm_axi' <Latency = 3> <II = 1> <Delay = 1.00> <Adapter> <Opcode : 'read' 'write' 'readreq' 'writereq' 'writeresp'>
ST_41 : Operation 365 [3/5] (8.61ns)   --->   "%gmem_addr_4_resp = writeresp i1 @_ssdm_op_WriteResp.m_axi.i32P1A, i32 %gmem_addr_3" [softmax_accel_hls.cc:222]   --->   Operation 365 'writeresp' 'gmem_addr_4_resp' <Predicate = true> <Delay = 8.61> <CoreInst = "m_axi">   --->   Core 111 'm_axi' <Latency = 3> <II = 1> <Delay = 1.00> <Adapter> <Opcode : 'read' 'write' 'readreq' 'writereq' 'writeresp'>
ST_41 : Operation 366 [4/5] (8.61ns)   --->   "%gmem_addr_5_resp = writeresp i1 @_ssdm_op_WriteResp.m_axi.i32P1A, i32 %gmem_addr_4" [softmax_accel_hls.cc:223]   --->   Operation 366 'writeresp' 'gmem_addr_5_resp' <Predicate = true> <Delay = 8.61> <CoreInst = "m_axi">   --->   Core 111 'm_axi' <Latency = 3> <II = 1> <Delay = 1.00> <Adapter> <Opcode : 'read' 'write' 'readreq' 'writereq' 'writeresp'>

State 42 <SV = 38> <Delay = 8.61>
ST_42 : Operation 367 [1/5] (8.61ns)   --->   "%gmem_addr_3_resp = writeresp i1 @_ssdm_op_WriteResp.m_axi.i32P1A, i32 %gmem_addr_2" [softmax_accel_hls.cc:221]   --->   Operation 367 'writeresp' 'gmem_addr_3_resp' <Predicate = true> <Delay = 8.61> <CoreInst = "m_axi">   --->   Core 111 'm_axi' <Latency = 3> <II = 1> <Delay = 1.00> <Adapter> <Opcode : 'read' 'write' 'readreq' 'writereq' 'writeresp'>
ST_42 : Operation 368 [2/5] (8.61ns)   --->   "%gmem_addr_4_resp = writeresp i1 @_ssdm_op_WriteResp.m_axi.i32P1A, i32 %gmem_addr_3" [softmax_accel_hls.cc:222]   --->   Operation 368 'writeresp' 'gmem_addr_4_resp' <Predicate = true> <Delay = 8.61> <CoreInst = "m_axi">   --->   Core 111 'm_axi' <Latency = 3> <II = 1> <Delay = 1.00> <Adapter> <Opcode : 'read' 'write' 'readreq' 'writereq' 'writeresp'>
ST_42 : Operation 369 [3/5] (8.61ns)   --->   "%gmem_addr_5_resp = writeresp i1 @_ssdm_op_WriteResp.m_axi.i32P1A, i32 %gmem_addr_4" [softmax_accel_hls.cc:223]   --->   Operation 369 'writeresp' 'gmem_addr_5_resp' <Predicate = true> <Delay = 8.61> <CoreInst = "m_axi">   --->   Core 111 'm_axi' <Latency = 3> <II = 1> <Delay = 1.00> <Adapter> <Opcode : 'read' 'write' 'readreq' 'writereq' 'writeresp'>

State 43 <SV = 39> <Delay = 8.61>
ST_43 : Operation 370 [1/5] (8.61ns)   --->   "%gmem_addr_4_resp = writeresp i1 @_ssdm_op_WriteResp.m_axi.i32P1A, i32 %gmem_addr_3" [softmax_accel_hls.cc:222]   --->   Operation 370 'writeresp' 'gmem_addr_4_resp' <Predicate = true> <Delay = 8.61> <CoreInst = "m_axi">   --->   Core 111 'm_axi' <Latency = 3> <II = 1> <Delay = 1.00> <Adapter> <Opcode : 'read' 'write' 'readreq' 'writereq' 'writeresp'>
ST_43 : Operation 371 [2/5] (8.61ns)   --->   "%gmem_addr_5_resp = writeresp i1 @_ssdm_op_WriteResp.m_axi.i32P1A, i32 %gmem_addr_4" [softmax_accel_hls.cc:223]   --->   Operation 371 'writeresp' 'gmem_addr_5_resp' <Predicate = true> <Delay = 8.61> <CoreInst = "m_axi">   --->   Core 111 'm_axi' <Latency = 3> <II = 1> <Delay = 1.00> <Adapter> <Opcode : 'read' 'write' 'readreq' 'writereq' 'writeresp'>

State 44 <SV = 40> <Delay = 8.61>
ST_44 : Operation 372 [1/5] (8.61ns)   --->   "%gmem_addr_5_resp = writeresp i1 @_ssdm_op_WriteResp.m_axi.i32P1A, i32 %gmem_addr_4" [softmax_accel_hls.cc:223]   --->   Operation 372 'writeresp' 'gmem_addr_5_resp' <Predicate = (!icmp_ln168)> <Delay = 8.61> <CoreInst = "m_axi">   --->   Core 111 'm_axi' <Latency = 3> <II = 1> <Delay = 1.00> <Adapter> <Opcode : 'read' 'write' 'readreq' 'writereq' 'writeresp'>
ST_44 : Operation 373 [1/1] (0.00ns)   --->   "%br_ln224 = br void %return" [softmax_accel_hls.cc:224]   --->   Operation 373 'br' 'br_ln224' <Predicate = (!icmp_ln168)> <Delay = 0.00>
ST_44 : Operation 374 [1/1] (0.00ns)   --->   "%ret_ln224 = ret" [softmax_accel_hls.cc:224]   --->   Operation 374 'ret' 'ret_ln224' <Predicate = true> <Delay = 0.00>


============================================================
+ Verbose Summary: Binding
============================================================
STG Binding: 
---------------- STG Properties BEGIN ----------------
- Is combinational: 0
- Is one-state seq: 0
- Is datapath-only: 0
- Is pipelined: 0
- Is top level: 1
Port [ Return ] is wired: 1; IO mode=ap_ctrl_hs:ce=0
Port [ gmem]:  wired=1; compound=1; hidden=0; nouse=0; global=0; static=0; extern=0; dir=2; type=4; pingpong=0; private_global=0; IO mode=m_axi:ce=0
Port [ mem]:  wired=1; compound=0; hidden=0; nouse=0; global=0; static=0; extern=0; dir=0; type=0; pingpong=0; private_global=0; IO mode=ap_none:ce=0
Port [ input_base]:  wired=1; compound=0; hidden=0; nouse=0; global=0; static=0; extern=0; dir=0; type=0; pingpong=0; private_global=0; IO mode=ap_none:ce=0
Port [ prob_base]:  wired=1; compound=0; hidden=0; nouse=0; global=0; static=0; extern=0; dir=0; type=0; pingpong=0; private_global=0; IO mode=ap_none:ce=0
Port [ dbg_base]:  wired=1; compound=0; hidden=0; nouse=0; global=0; static=0; extern=0; dir=0; type=0; pingpong=0; private_global=0; IO mode=ap_none:ce=0
Port [ n]:  wired=1; compound=0; hidden=0; nouse=0; global=0; static=0; extern=0; dir=0; type=0; pingpong=0; private_global=0; IO mode=ap_none:ce=0
Port [ EXP2_PTS_Q16]:  wired=0; compound=1; hidden=1; nouse=1; global=1; static=1; extern=0; dir=0; type=1; pingpong=0; private_global=0; MemPort=[11]; IO mode=ap_memory:ce=0
Port [ RECIP_M_Q30]:  wired=0; compound=1; hidden=1; nouse=0; global=1; static=1; extern=0; dir=0; type=1; pingpong=0; private_global=1; MemPort=[1]; IO mode=ap_memory:ce=0
Port [ RECIP_B_Q30]:  wired=0; compound=1; hidden=1; nouse=0; global=1; static=1; extern=0; dir=0; type=1; pingpong=0; private_global=1; MemPort=[1]; IO mode=ap_memory:ce=0
---------------- STG Properties END ------------------

---------------- Datapath Model BEGIN ----------------

<LifeTime>
<method=bitvector/>
n_read              (read          ) [ 000000000000000000000000000000000000000000000]
dbg_base_read       (read          ) [ 000000000000000000000000000000000000000000000]
prob_base_read      (read          ) [ 001111111111111111111111111111111000000000000]
input_base_read     (read          ) [ 000000000000000000000000000000000000000000000]
mem_read            (read          ) [ 001111111111111111111111111111111111000000000]
sum64_loc           (alloca        ) [ 001111111111111111111111000000000000000000000]
max_x_1_loc         (alloca        ) [ 001111111111111111111100000000000000000000000]
trunc_ln154         (trunc         ) [ 001000000000000000000000000000000000000000000]
spectopmodule_ln154 (spectopmodule ) [ 000000000000000000000000000000000000000000000]
specinterface_ln0   (specinterface ) [ 000000000000000000000000000000000000000000000]
specbitsmap_ln0     (specbitsmap   ) [ 000000000000000000000000000000000000000000000]
specinterface_ln0   (specinterface ) [ 000000000000000000000000000000000000000000000]
specinterface_ln0   (specinterface ) [ 000000000000000000000000000000000000000000000]
specbitsmap_ln0     (specbitsmap   ) [ 000000000000000000000000000000000000000000000]
specinterface_ln0   (specinterface ) [ 000000000000000000000000000000000000000000000]
specinterface_ln0   (specinterface ) [ 000000000000000000000000000000000000000000000]
specbitsmap_ln0     (specbitsmap   ) [ 000000000000000000000000000000000000000000000]
specinterface_ln0   (specinterface ) [ 000000000000000000000000000000000000000000000]
specinterface_ln0   (specinterface ) [ 000000000000000000000000000000000000000000000]
specbitsmap_ln0     (specbitsmap   ) [ 000000000000000000000000000000000000000000000]
specinterface_ln0   (specinterface ) [ 000000000000000000000000000000000000000000000]
specinterface_ln0   (specinterface ) [ 000000000000000000000000000000000000000000000]
specbitsmap_ln0     (specbitsmap   ) [ 000000000000000000000000000000000000000000000]
specinterface_ln0   (specinterface ) [ 000000000000000000000000000000000000000000000]
specinterface_ln0   (specinterface ) [ 000000000000000000000000000000000000000000000]
specinterface_ln0   (specinterface ) [ 000000000000000000000000000000000000000000000]
exp_buf             (alloca        ) [ 001111111111111111111111111111111110000000000]
icmp_ln168          (icmp          ) [ 011111111111111111111111111111111111111111111]
br_ln168            (br            ) [ 000000000000000000000000000000000000000000000]
icmp_ln169          (icmp          ) [ 001000000000000000000000000000000000000000000]
tmp_s               (partselect    ) [ 000000000000000000000000000000000000000000000]
and_ln              (bitconcatenate) [ 001000000000000000000000000000000000000000000]
zext_ln176          (zext          ) [ 000000000000000000000000000000000000000000000]
add_ln176           (add           ) [ 000000000000000000000000000000000000000000000]
trunc_ln1           (partselect    ) [ 001111111111111111111110000000000000000000000]
tmp_1               (partselect    ) [ 001111111111111111111111111111111111000000000]
select_ln169        (select        ) [ 000111111111111111111111111111111110000000000]
zext_ln176_1        (zext          ) [ 000000000000000000000000000000000000000000000]
sext_ln176          (sext          ) [ 000000000000000000000000000000000000000000000]
gmem_addr           (getelementptr ) [ 000111111111111111111000000000000000000000000]
tmp                 (partselect    ) [ 000000000000000000000000000000000000000000000]
icmp_ln177          (icmp          ) [ 000111111111100000000000000000000000000000000]
trunc_ln177         (trunc         ) [ 000000000000000000000000000000000000000000000]
add_ln177           (add           ) [ 000000000000000000000000000000000000000000000]
add_ln177_1         (add           ) [ 000000000000000000000000000000000000000000000]
zext_ln177          (zext          ) [ 000000000000000000000000000000000000000000000]
add_ln177_2         (add           ) [ 000000000000000000000000000000000000000000000]
trunc_ln2           (partselect    ) [ 000111111111100000000000000000000000000000000]
empty               (select        ) [ 000100000000000000000000000000000000000000000]
sext_ln177          (sext          ) [ 000000000000000000000000000000000000000000000]
gmem_addr_1         (getelementptr ) [ 000011111110000000000000000000000000000000000]
zext_ln177_1        (zext          ) [ 000011111110000000000000000000000000000000000]
max_x_req           (readreq       ) [ 000000000000000000000000000000000000000000000]
max_x               (read          ) [ 000000000001100000000000000000000000000000000]
empty_36            (readreq       ) [ 000000000000000000000000000000000000000000000]
call_ln176          (call          ) [ 000000000000000000000000000000000000000000000]
select_ln188        (select        ) [ 000000000000010000000000000000000000000000000]
zext_ln188          (zext          ) [ 000000000000001111111000000000000000000000000]
empty_37            (readreq       ) [ 000000000000000000000000000000000000000000000]
max_x_1_loc_load    (load          ) [ 000000000000000000000011111111111111110000000]
call_ln169          (call          ) [ 000000000000000000000000000000000000000000000]
sum64_loc_load      (load          ) [ 000000000000000000000000000000000000000000000]
icmp_ln197          (icmp          ) [ 000000000000000000000000000000000000000000000]
sum                 (trunc         ) [ 000000000000000000000000000000000000000000000]
sum_2               (select        ) [ 000000000000000000000000111111111111111000000]
zext_ln184          (zext          ) [ 000000000000000000000000011111111111000000000]
specmemcore_ln185   (specmemcore   ) [ 000000000000000000000000000000000000000000000]
icmp_ln112          (icmp          ) [ 000000000000000000000000111111111000000000000]
br_ln112            (br            ) [ 000000000000000000000000111111111100000000000]
tmp_10              (bitselect     ) [ 000000000000000000000000100000000000000000000]
br_ln119            (br            ) [ 000000000000000000000000110000000000000000000]
tmp_11              (bitselect     ) [ 000000000000000000000000100000000000000000000]
br_ln119            (br            ) [ 000000000000000000000000110000000000000000000]
tmp_12              (bitselect     ) [ 000000000000000000000000100000000000000000000]
br_ln119            (br            ) [ 000000000000000000000000110000000000000000000]
tmp_13              (bitselect     ) [ 000000000000000000000000100000000000000000000]
br_ln119            (br            ) [ 000000000000000000000000110000000000000000000]
tmp_14              (bitselect     ) [ 000000000000000000000000100000000000000000000]
br_ln119            (br            ) [ 000000000000000000000000110000000000000000000]
tmp_15              (bitselect     ) [ 000000000000000000000000100000000000000000000]
br_ln119            (br            ) [ 000000000000000000000000110000000000000000000]
tmp_16              (bitselect     ) [ 000000000000000000000000100000000000000000000]
br_ln119            (br            ) [ 000000000000000000000000110000000000000000000]
tmp_17              (bitselect     ) [ 000000000000000000000000100000000000000000000]
br_ln119            (br            ) [ 000000000000000000000000110000000000000000000]
tmp_18              (bitselect     ) [ 000000000000000000000000100000000000000000000]
br_ln119            (br            ) [ 000000000000000000000000110000000000000000000]
tmp_19              (bitselect     ) [ 000000000000000000000000100000000000000000000]
br_ln119            (br            ) [ 000000000000000000000000110000000000000000000]
tmp_20              (bitselect     ) [ 000000000000000000000000100000000000000000000]
br_ln119            (br            ) [ 000000000000000000000000110000000000000000000]
tmp_21              (bitselect     ) [ 000000000000000000000000100000000000000000000]
br_ln119            (br            ) [ 000000000000000000000000110000000000000000000]
tmp_22              (bitselect     ) [ 000000000000000000000000100000000000000000000]
br_ln119            (br            ) [ 000000000000000000000000110000000000000000000]
tmp_23              (bitselect     ) [ 000000000000000000000000100000000000000000000]
br_ln119            (br            ) [ 000000000000000000000000110000000000000000000]
tmp_24              (bitselect     ) [ 000000000000000000000000100000000000000000000]
br_ln119            (br            ) [ 000000000000000000000000110000000000000000000]
tmp_25              (bitselect     ) [ 000000000000000000000000100000000000000000000]
br_ln119            (br            ) [ 000000000000000000000000110000000000000000000]
tmp_26              (bitselect     ) [ 000000000000000000000000100000000000000000000]
br_ln119            (br            ) [ 000000000000000000000000110000000000000000000]
tmp_27              (bitselect     ) [ 000000000000000000000000100000000000000000000]
br_ln119            (br            ) [ 000000000000000000000000110000000000000000000]
tmp_28              (bitselect     ) [ 000000000000000000000000100000000000000000000]
br_ln119            (br            ) [ 000000000000000000000000110000000000000000000]
tmp_29              (bitselect     ) [ 000000000000000000000000100000000000000000000]
br_ln119            (br            ) [ 000000000000000000000000110000000000000000000]
tmp_30              (bitselect     ) [ 000000000000000000000000100000000000000000000]
br_ln119            (br            ) [ 000000000000000000000000110000000000000000000]
tmp_31              (bitselect     ) [ 000000000000000000000000100000000000000000000]
br_ln119            (br            ) [ 000000000000000000000000110000000000000000000]
tmp_32              (bitselect     ) [ 000000000000000000000000100000000000000000000]
br_ln119            (br            ) [ 000000000000000000000000110000000000000000000]
tmp_33              (bitselect     ) [ 000000000000000000000000100000000000000000000]
br_ln119            (br            ) [ 000000000000000000000000110000000000000000000]
tmp_34              (bitselect     ) [ 000000000000000000000000100000000000000000000]
br_ln119            (br            ) [ 000000000000000000000000110000000000000000000]
tmp_35              (bitselect     ) [ 000000000000000000000000100000000000000000000]
br_ln119            (br            ) [ 000000000000000000000000110000000000000000000]
tmp_36              (bitselect     ) [ 000000000000000000000000100000000000000000000]
br_ln119            (br            ) [ 000000000000000000000000110000000000000000000]
tmp_37              (bitselect     ) [ 000000000000000000000000100000000000000000000]
br_ln119            (br            ) [ 000000000000000000000000110000000000000000000]
tmp_38              (bitselect     ) [ 000000000000000000000000100000000000000000000]
br_ln119            (br            ) [ 000000000000000000000000110000000000000000000]
tmp_39              (bitselect     ) [ 000000000000000000000000100000000000000000000]
br_ln119            (br            ) [ 000000000000000000000000110000000000000000000]
tmp_40              (bitselect     ) [ 000000000000000000000000100000000000000000000]
br_ln119            (br            ) [ 000000000000000000000000110000000000000000000]
trunc_ln119         (trunc         ) [ 000000000000000000000000000000000000000000000]
xor_ln119           (xor           ) [ 000000000000000000000000000000000000000000000]
select_ln119        (select        ) [ 000000000000000000000000110000000000000000000]
br_ln119            (br            ) [ 000000000000000000000000110000000000000000000]
msb                 (phi           ) [ 000000000000000000000000011111110000000000000]
tmp_41              (bitselect     ) [ 000000000000000000000000010000000000000000000]
sub_ln126           (sub           ) [ 000000000000000000000000000000000000000000000]
sext_ln126          (sext          ) [ 000000000000000000000000000000000000000000000]
shl_ln126           (shl           ) [ 000000000000000000000000000000000000000000000]
br_ln126            (br            ) [ 000000000000000000000000000000000000000000000]
x_q1_15             (trunc         ) [ 000000000000000000000000001100000000000000000]
seg                 (partselect    ) [ 000000000000000000000000000000000000000000000]
zext_ln133          (zext          ) [ 000000000000000000000000000000000000000000000]
RECIP_M_Q30_addr    (getelementptr ) [ 000000000000000000000000001000000000000000000]
RECIP_B_Q30_addr    (getelementptr ) [ 000000000000000000000000001000000000000000000]
add_ln127           (add           ) [ 000000000000000000000000000000000000000000000]
zext_ln127          (zext          ) [ 000000000000000000000000000000000000000000000]
lshr_ln127          (lshr          ) [ 000000000000000000000000000000000000000000000]
trunc_ln127         (trunc         ) [ 000000000000000000000000000001100000000000000]
lshr_ln             (partselect    ) [ 000000000000000000000000000000000000000000000]
zext_ln133_1        (zext          ) [ 000000000000000000000000000000000000000000000]
RECIP_M_Q30_addr_1  (getelementptr ) [ 000000000000000000000000000001000000000000000]
RECIP_B_Q30_addr_1  (getelementptr ) [ 000000000000000000000000000001000000000000000]
m                   (load          ) [ 000000000000000000000000000100000000000000000]
b                   (load          ) [ 000000000000000000000000000110000000000000000]
sext_ln136          (sext          ) [ 000000000000000000000000000000000000000000000]
zext_ln136          (zext          ) [ 000000000000000000000000000000000000000000000]
mx                  (mul           ) [ 000000000000000000000000000000000000000000000]
trunc_ln4           (partselect    ) [ 000000000000000000000000000010000000000000000]
zext_ln134          (zext          ) [ 000000000000000000000000000000000000000000000]
inv_x_q30           (add           ) [ 000000000000000000000000000000000000000000000]
sext_ln143          (sext          ) [ 000000000000000000000000000000000000000000000]
sub_ln145           (sub           ) [ 000000000000000000000000000000000000000000000]
zext_ln145          (zext          ) [ 000000000000000000000000000000000000000000000]
shl_ln145           (shl           ) [ 000000000000000000000000000010011000000000000]
br_ln145            (br            ) [ 000000000000000000000000000010011000000000000]
RECIP_M_Q30_load    (load          ) [ 000000000000000000000000000000100000000000000]
RECIP_B_Q30_load    (load          ) [ 000000000000000000000000000000110000000000000]
sext_ln136_1        (sext          ) [ 000000000000000000000000000000000000000000000]
zext_ln136_1        (zext          ) [ 000000000000000000000000000000000000000000000]
mul_ln136           (mul           ) [ 000000000000000000000000000000000000000000000]
trunc_ln137_1       (partselect    ) [ 000000000000000000000000000000010000000000000]
zext_ln134_1        (zext          ) [ 000000000000000000000000000000000000000000000]
add_ln137           (add           ) [ 000000000000000000000000000000000000000000000]
trunc_ln144         (trunc         ) [ 000000000000000000000000000000000000000000000]
zext_ln144          (zext          ) [ 000000000000000000000000000000000000000000000]
inv_sum_1           (ashr          ) [ 000000000000000000000000000000000000000000000]
sext_ln143_1        (sext          ) [ 000000000000000000000000000010011000000000000]
br_ln144            (br            ) [ 000000000000000000000000000010011000000000000]
inv_sum_2           (phi           ) [ 000000000000000000000000000000001000000000000]
trunc_ln143         (trunc         ) [ 000000000000000000000000000000000000000000000]
tmp_42              (bitselect     ) [ 000000000000000000000000000000000000000000000]
inv_sum_3           (select        ) [ 000000000000000000000000000000000000000000000]
tmp_43              (partselect    ) [ 000000000000000000000000000000000000000000000]
icmp_ln148          (icmp          ) [ 000000000000000000000000000000000000000000000]
trunc_ln149         (trunc         ) [ 000000000000000000000000000000000000000000000]
inv_sum_q30         (select        ) [ 000000000000000000000000100000001100000000000]
br_ln0              (br            ) [ 000000000000000000000000100000001100000000000]
tmp_2               (partselect    ) [ 000000000000000000000000000000000110000000000]
inv_sum_q30_1       (phi           ) [ 000000000000000000000000000000000110000000000]
call_ln169          (call          ) [ 000000000000000000000000000000000000000000000]
tmp_44              (bitselect     ) [ 000000000000000000000000000000000010000000000]
br_ln217            (br            ) [ 000000000000000000000000000000000011111100000]
tmp_45              (bitselect     ) [ 000000000000000000000000000000000010000000000]
br_ln217            (br            ) [ 000000000000000000000000000000000011111100000]
tmp_46              (bitselect     ) [ 000000000000000000000000000000000010000000000]
br_ln217            (br            ) [ 000000000000000000000000000000000011111100000]
tmp_47              (bitselect     ) [ 000000000000000000000000000000000010000000000]
br_ln217            (br            ) [ 000000000000000000000000000000000011111100000]
tmp_48              (bitselect     ) [ 000000000000000000000000000000000010000000000]
br_ln217            (br            ) [ 000000000000000000000000000000000011111100000]
tmp_49              (bitselect     ) [ 000000000000000000000000000000000010000000000]
br_ln217            (br            ) [ 000000000000000000000000000000000011111100000]
tmp_50              (bitselect     ) [ 000000000000000000000000000000000010000000000]
br_ln217            (br            ) [ 000000000000000000000000000000000011111100000]
tmp_51              (bitselect     ) [ 000000000000000000000000000000000010000000000]
br_ln217            (br            ) [ 000000000000000000000000000000000011111100000]
tmp_52              (bitselect     ) [ 000000000000000000000000000000000010000000000]
br_ln217            (br            ) [ 000000000000000000000000000000000011111100000]
tmp_53              (bitselect     ) [ 000000000000000000000000000000000010000000000]
br_ln217            (br            ) [ 000000000000000000000000000000000011111100000]
tmp_54              (bitselect     ) [ 000000000000000000000000000000000010000000000]
br_ln217            (br            ) [ 000000000000000000000000000000000011111100000]
tmp_55              (bitselect     ) [ 000000000000000000000000000000000010000000000]
br_ln217            (br            ) [ 000000000000000000000000000000000011111100000]
tmp_56              (bitselect     ) [ 000000000000000000000000000000000010000000000]
br_ln217            (br            ) [ 000000000000000000000000000000000011111100000]
tmp_57              (bitselect     ) [ 000000000000000000000000000000000010000000000]
br_ln217            (br            ) [ 000000000000000000000000000000000011111100000]
tmp_58              (bitselect     ) [ 000000000000000000000000000000000010000000000]
br_ln217            (br            ) [ 000000000000000000000000000000000011111100000]
tmp_59              (bitselect     ) [ 000000000000000000000000000000000010000000000]
br_ln217            (br            ) [ 000000000000000000000000000000000011111100000]
tmp_60              (bitselect     ) [ 000000000000000000000000000000000010000000000]
br_ln217            (br            ) [ 000000000000000000000000000000000011111100000]
tmp_61              (bitselect     ) [ 000000000000000000000000000000000010000000000]
br_ln217            (br            ) [ 000000000000000000000000000000000011111100000]
tmp_62              (bitselect     ) [ 000000000000000000000000000000000010000000000]
br_ln217            (br            ) [ 000000000000000000000000000000000011111100000]
tmp_63              (bitselect     ) [ 000000000000000000000000000000000010000000000]
br_ln217            (br            ) [ 000000000000000000000000000000000011111100000]
tmp_64              (bitselect     ) [ 000000000000000000000000000000000010000000000]
br_ln217            (br            ) [ 000000000000000000000000000000000011111100000]
tmp_65              (bitselect     ) [ 000000000000000000000000000000000010000000000]
br_ln217            (br            ) [ 000000000000000000000000000000000011111100000]
tmp_66              (bitselect     ) [ 000000000000000000000000000000000010000000000]
br_ln217            (br            ) [ 000000000000000000000000000000000011111100000]
tmp_67              (bitselect     ) [ 000000000000000000000000000000000010000000000]
br_ln217            (br            ) [ 000000000000000000000000000000000011111100000]
tmp_68              (bitselect     ) [ 000000000000000000000000000000000010000000000]
br_ln217            (br            ) [ 000000000000000000000000000000000011111100000]
tmp_69              (bitselect     ) [ 000000000000000000000000000000000010000000000]
br_ln217            (br            ) [ 000000000000000000000000000000000011111100000]
tmp_70              (bitselect     ) [ 000000000000000000000000000000000010000000000]
br_ln217            (br            ) [ 000000000000000000000000000000000011111100000]
tmp_71              (bitselect     ) [ 000000000000000000000000000000000010000000000]
br_ln217            (br            ) [ 000000000000000000000000000000000011111100000]
tmp_72              (bitselect     ) [ 000000000000000000000000000000000010000000000]
br_ln217            (br            ) [ 000000000000000000000000000000000011111100000]
tmp_73              (bitselect     ) [ 000000000000000000000000000000000010000000000]
br_ln217            (br            ) [ 000000000000000000000000000000000011111100000]
tmp_74              (bitselect     ) [ 000000000000000000000000000000000010000000000]
br_ln217            (br            ) [ 000000000000000000000000000000000011111100000]
trunc_ln217         (trunc         ) [ 000000000000000000000000000000000000000000000]
select_ln217        (select        ) [ 000000000000000000000000000000000011111100000]
br_ln217            (br            ) [ 000000000000000000000000000000000011111100000]
and_ln1             (bitconcatenate) [ 000000000000000000000000000000000000000000000]
zext_ln221          (zext          ) [ 000000000000000000000000000000000000000000000]
add_ln221           (add           ) [ 000000000000000000000000000000000000000000000]
trunc_ln            (partselect    ) [ 000000000000000000000000000000000000000000000]
sext_ln221          (sext          ) [ 000000000000000000000000000000000000000000000]
gmem_addr_2         (getelementptr ) [ 000000000000000000000000000000000000111111100]
add_ln222           (add           ) [ 000000000000000000000000000000000000000000000]
shl_ln1             (bitconcatenate) [ 000000000000000000000000000000000000000000000]
zext_ln222          (zext          ) [ 000000000000000000000000000000000000000000000]
add_ln222_1         (add           ) [ 000000000000000000000000000000000000000000000]
trunc_ln3           (partselect    ) [ 000000000000000000000000000000000000000000000]
sext_ln222          (sext          ) [ 000000000000000000000000000000000000000000000]
gmem_addr_3         (getelementptr ) [ 000000000000000000000000000000000000111111110]
add_ln223           (add           ) [ 000000000000000000000000000000000000000000000]
shl_ln2             (bitconcatenate) [ 000000000000000000000000000000000000000000000]
zext_ln223          (zext          ) [ 000000000000000000000000000000000000000000000]
add_ln223_1         (add           ) [ 000000000000000000000000000000000000000000000]
trunc_ln5           (partselect    ) [ 000000000000000000000000000000000000000000000]
sext_ln223          (sext          ) [ 000000000000000000000000000000000000000000000]
gmem_addr_4         (getelementptr ) [ 000000000000000000000000000000000000111111111]
gmem_addr_3_req     (writereq      ) [ 000000000000000000000000000000000000000000000]
write_ln221         (write         ) [ 000000000000000000000000000000000000000000000]
gmem_addr_4_req     (writereq      ) [ 000000000000000000000000000000000000000000000]
write_ln222         (write         ) [ 000000000000000000000000000000000000000000000]
gmem_addr_5_req     (writereq      ) [ 000000000000000000000000000000000000000000000]
shift_dbg           (phi           ) [ 000000000000000000000000000000000000000100000]
sext_ln219          (sext          ) [ 000000000000000000000000000000000000000000000]
write_ln223         (write         ) [ 000000000000000000000000000000000000000000000]
gmem_addr_3_resp    (writeresp     ) [ 000000000000000000000000000000000000000000000]
gmem_addr_4_resp    (writeresp     ) [ 000000000000000000000000000000000000000000000]
gmem_addr_5_resp    (writeresp     ) [ 000000000000000000000000000000000000000000000]
br_ln224            (br            ) [ 000000000000000000000000000000000000000000000]
ret_ln224           (ret           ) [ 000000000000000000000000000000000000000000000]
</LifeTime>

<model>

<comp_list>
<comp id="0" class="1000" name="gmem">
<pin_list>
<pin id="1" dir="1" index="0" bw="1" slack="0"/>
</pin_list>
<bind>
<StgValue><ssdm name="gmem"/><MemPortTyVec>2 </MemPortTyVec>
</StgValue>
</bind>
</comp>

<comp id="2" class="1000" name="mem">
<pin_list>
<pin id="3" dir="1" index="0" bw="1" slack="0"/>
</pin_list>
<bind>
<StgValue><ssdm name="mem"/></StgValue>
</bind>
</comp>

<comp id="4" class="1000" name="input_base">
<pin_list>
<pin id="5" dir="1" index="0" bw="1" slack="0"/>
</pin_list>
<bind>
<StgValue><ssdm name="input_base"/></StgValue>
</bind>
</comp>

<comp id="6" class="1000" name="prob_base">
<pin_list>
<pin id="7" dir="1" index="0" bw="1" slack="0"/>
</pin_list>
<bind>
<StgValue><ssdm name="prob_base"/></StgValue>
</bind>
</comp>

<comp id="8" class="1000" name="dbg_base">
<pin_list>
<pin id="9" dir="1" index="0" bw="1" slack="0"/>
</pin_list>
<bind>
<StgValue><ssdm name="dbg_base"/></StgValue>
</bind>
</comp>

<comp id="10" class="1000" name="n">
<pin_list>
<pin id="11" dir="1" index="0" bw="1" slack="0"/>
</pin_list>
<bind>
<StgValue><ssdm name="n"/></StgValue>
</bind>
</comp>

<comp id="12" class="1000" name="EXP2_PTS_Q16">
<pin_list>
<pin id="13" dir="1" index="0" bw="1" slack="0"/>
</pin_list>
<bind>
<StgValue><ssdm name="EXP2_PTS_Q16"/><MemPortTyVec>1 1 </MemPortTyVec>
</StgValue>
</bind>
</comp>

<comp id="14" class="1000" name="RECIP_M_Q30">
<pin_list>
<pin id="15" dir="1" index="0" bw="1" slack="0"/>
</pin_list>
<bind>
<StgValue><ssdm name="RECIP_M_Q30"/><MemPortTyVec>1 </MemPortTyVec>
</StgValue>
</bind>
</comp>

<comp id="16" class="1000" name="RECIP_B_Q30">
<pin_list>
<pin id="17" dir="1" index="0" bw="1" slack="0"/>
</pin_list>
<bind>
<StgValue><ssdm name="RECIP_B_Q30"/><MemPortTyVec>1 </MemPortTyVec>
</StgValue>
</bind>
</comp>

<comp id="18" class="1001" name="const_18">
<pin_list>
<pin id="19" dir="1" index="0" bw="1" slack="0"/>
</pin_list>
<bind>
<StgValue><ssdm name="_ssdm_op_Read.s_axilite.i32"/></StgValue>
</bind>
</comp>

<comp id="20" class="1001" name="const_20">
<pin_list>
<pin id="21" dir="1" index="0" bw="1" slack="0"/>
</pin_list>
<bind>
<StgValue><ssdm name="_ssdm_op_Read.s_axilite.i64"/></StgValue>
</bind>
</comp>

<comp id="22" class="1001" name="const_22">
<pin_list>
<pin id="23" dir="1" index="0" bw="1" slack="0"/>
</pin_list>
<bind>
<StgValue><ssdm name=""/></StgValue>
</bind>
</comp>

<comp id="24" class="1001" name="const_24">
<pin_list>
<pin id="25" dir="1" index="0" bw="1" slack="2147483647"/>
</pin_list>
<bind>
<StgValue><ssdm name="_ssdm_op_SpecTopModule"/></StgValue>
</bind>
</comp>

<comp id="26" class="1001" name="const_26">
<pin_list>
<pin id="27" dir="1" index="0" bw="1" slack="2147483647"/>
</pin_list>
<bind>
<StgValue><ssdm name="empty_5"/></StgValue>
</bind>
</comp>

<comp id="28" class="1001" name="const_28">
<pin_list>
<pin id="29" dir="1" index="0" bw="1" slack="2147483647"/>
</pin_list>
<bind>
<StgValue><ssdm name="_ssdm_op_SpecInterface"/></StgValue>
</bind>
</comp>

<comp id="30" class="1001" name="const_30">
<pin_list>
<pin id="31" dir="1" index="0" bw="1" slack="2147483647"/>
</pin_list>
<bind>
<StgValue><ssdm name="empty"/></StgValue>
</bind>
</comp>

<comp id="32" class="1001" name="const_32">
<pin_list>
<pin id="33" dir="1" index="0" bw="1" slack="0"/>
</pin_list>
<bind>
<StgValue><ssdm name=""/></StgValue>
</bind>
</comp>

<comp id="34" class="1001" name="const_34">
<pin_list>
<pin id="35" dir="1" index="0" bw="1" slack="2147483647"/>
</pin_list>
<bind>
<StgValue><ssdm name="empty_0"/></StgValue>
</bind>
</comp>

<comp id="36" class="1001" name="const_36">
<pin_list>
<pin id="37" dir="1" index="0" bw="1" slack="2147483647"/>
</pin_list>
<bind>
<StgValue><ssdm name=""/></StgValue>
</bind>
</comp>

<comp id="38" class="1001" name="const_38">
<pin_list>
<pin id="39" dir="1" index="0" bw="1" slack="2147483647"/>
</pin_list>
<bind>
<StgValue><ssdm name="empty_1"/></StgValue>
</bind>
</comp>

<comp id="40" class="1001" name="const_40">
<pin_list>
<pin id="41" dir="1" index="0" bw="1" slack="2147483647"/>
</pin_list>
<bind>
<StgValue><ssdm name="empty_2"/></StgValue>
</bind>
</comp>

<comp id="42" class="1001" name="const_42">
<pin_list>
<pin id="43" dir="1" index="0" bw="1" slack="0"/>
</pin_list>
<bind>
<StgValue><ssdm name=""/></StgValue>
</bind>
</comp>

<comp id="44" class="1001" name="const_44">
<pin_list>
<pin id="45" dir="1" index="0" bw="1" slack="2147483647"/>
</pin_list>
<bind>
<StgValue><ssdm name=""/></StgValue>
</bind>
</comp>

<comp id="46" class="1001" name="const_46">
<pin_list>
<pin id="47" dir="1" index="0" bw="1" slack="2147483647"/>
</pin_list>
<bind>
<StgValue><ssdm name="_ssdm_op_SpecBitsMap"/></StgValue>
</bind>
</comp>

<comp id="48" class="1001" name="const_48">
<pin_list>
<pin id="49" dir="1" index="0" bw="1" slack="2147483647"/>
</pin_list>
<bind>
<StgValue><ssdm name="empty_3"/></StgValue>
</bind>
</comp>

<comp id="50" class="1001" name="const_50">
<pin_list>
<pin id="51" dir="1" index="0" bw="1" slack="2147483647"/>
</pin_list>
<bind>
<StgValue><ssdm name="empty_4"/></StgValue>
</bind>
</comp>

<comp id="52" class="1001" name="const_52">
<pin_list>
<pin id="53" dir="1" index="0" bw="1" slack="2147483647"/>
</pin_list>
<bind>
<StgValue><ssdm name="empty_10"/></StgValue>
</bind>
</comp>

<comp id="54" class="1001" name="const_54">
<pin_list>
<pin id="55" dir="1" index="0" bw="1" slack="2147483647"/>
</pin_list>
<bind>
<StgValue><ssdm name="empty_14"/></StgValue>
</bind>
</comp>

<comp id="56" class="1001" name="const_56">
<pin_list>
<pin id="57" dir="1" index="0" bw="1" slack="2147483647"/>
</pin_list>
<bind>
<StgValue><ssdm name="empty_15"/></StgValue>
</bind>
</comp>

<comp id="58" class="1001" name="const_58">
<pin_list>
<pin id="59" dir="1" index="0" bw="1" slack="2147483647"/>
</pin_list>
<bind>
<StgValue><ssdm name="empty_16"/></StgValue>
</bind>
</comp>

<comp id="60" class="1001" name="const_60">
<pin_list>
<pin id="61" dir="1" index="0" bw="1" slack="2147483647"/>
</pin_list>
<bind>
<StgValue><ssdm name="empty_6"/></StgValue>
</bind>
</comp>

<comp id="62" class="1001" name="const_62">
<pin_list>
<pin id="63" dir="1" index="0" bw="1" slack="2147483647"/>
</pin_list>
<bind>
<StgValue><ssdm name="empty_7"/></StgValue>
</bind>
</comp>

<comp id="64" class="1001" name="const_64">
<pin_list>
<pin id="65" dir="1" index="0" bw="1" slack="2147483647"/>
</pin_list>
<bind>
<StgValue><ssdm name="empty_8"/></StgValue>
</bind>
</comp>

<comp id="66" class="1001" name="const_66">
<pin_list>
<pin id="67" dir="1" index="0" bw="1" slack="2147483647"/>
</pin_list>
<bind>
<StgValue><ssdm name="empty_9"/></StgValue>
</bind>
</comp>

<comp id="68" class="1001" name="const_68">
<pin_list>
<pin id="69" dir="1" index="0" bw="1" slack="0"/>
</pin_list>
<bind>
<StgValue><ssdm name=""/></StgValue>
</bind>
</comp>

<comp id="70" class="1001" name="const_70">
<pin_list>
<pin id="71" dir="1" index="0" bw="1" slack="0"/>
</pin_list>
<bind>
<StgValue><ssdm name="_ssdm_op_PartSelect.i30.i32.i32.i32"/></StgValue>
</bind>
</comp>

<comp id="72" class="1001" name="const_72">
<pin_list>
<pin id="73" dir="1" index="0" bw="1" slack="0"/>
</pin_list>
<bind>
<StgValue><ssdm name=""/></StgValue>
</bind>
</comp>

<comp id="74" class="1001" name="const_74">
<pin_list>
<pin id="75" dir="1" index="0" bw="1" slack="0"/>
</pin_list>
<bind>
<StgValue><ssdm name=""/></StgValue>
</bind>
</comp>

<comp id="76" class="1001" name="const_76">
<pin_list>
<pin id="77" dir="1" index="0" bw="1" slack="0"/>
</pin_list>
<bind>
<StgValue><ssdm name="_ssdm_op_BitConcatenate.i32.i30.i2"/></StgValue>
</bind>
</comp>

<comp id="78" class="1001" name="const_78">
<pin_list>
<pin id="79" dir="1" index="0" bw="1" slack="0"/>
</pin_list>
<bind>
<StgValue><ssdm name=""/></StgValue>
</bind>
</comp>

<comp id="80" class="1001" name="const_80">
<pin_list>
<pin id="81" dir="1" index="0" bw="1" slack="0"/>
</pin_list>
<bind>
<StgValue><ssdm name="_ssdm_op_PartSelect.i62.i64.i32.i32"/></StgValue>
</bind>
</comp>

<comp id="82" class="1001" name="const_82">
<pin_list>
<pin id="83" dir="1" index="0" bw="1" slack="0"/>
</pin_list>
<bind>
<StgValue><ssdm name=""/></StgValue>
</bind>
</comp>

<comp id="84" class="1001" name="const_84">
<pin_list>
<pin id="85" dir="1" index="0" bw="1" slack="0"/>
</pin_list>
<bind>
<StgValue><ssdm name=""/></StgValue>
</bind>
</comp>

<comp id="86" class="1001" name="const_86">
<pin_list>
<pin id="87" dir="1" index="0" bw="1" slack="0"/>
</pin_list>
<bind>
<StgValue><ssdm name="_ssdm_op_ReadReq.m_axi.i32P1A"/></StgValue>
</bind>
</comp>

<comp id="88" class="1001" name="const_88">
<pin_list>
<pin id="89" dir="1" index="0" bw="1" slack="0"/>
</pin_list>
<bind>
<StgValue><ssdm name="_ssdm_op_PartSelect.i8.i9.i32.i32"/></StgValue>
</bind>
</comp>

<comp id="90" class="1001" name="const_90">
<pin_list>
<pin id="91" dir="1" index="0" bw="1" slack="0"/>
</pin_list>
<bind>
<StgValue><ssdm name=""/></StgValue>
</bind>
</comp>

<comp id="92" class="1001" name="const_92">
<pin_list>
<pin id="93" dir="1" index="0" bw="1" slack="0"/>
</pin_list>
<bind>
<StgValue><ssdm name=""/></StgValue>
</bind>
</comp>

<comp id="94" class="1001" name="const_94">
<pin_list>
<pin id="95" dir="1" index="0" bw="1" slack="0"/>
</pin_list>
<bind>
<StgValue><ssdm name=""/></StgValue>
</bind>
</comp>

<comp id="96" class="1001" name="const_96">
<pin_list>
<pin id="97" dir="1" index="0" bw="1" slack="0"/>
</pin_list>
<bind>
<StgValue><ssdm name=""/></StgValue>
</bind>
</comp>

<comp id="98" class="1001" name="const_98">
<pin_list>
<pin id="99" dir="1" index="0" bw="1" slack="0"/>
</pin_list>
<bind>
<StgValue><ssdm name=""/></StgValue>
</bind>
</comp>

<comp id="100" class="1001" name="const_100">
<pin_list>
<pin id="101" dir="1" index="0" bw="1" slack="0"/>
</pin_list>
<bind>
<StgValue><ssdm name="_ssdm_op_ReadReq.m_axi.p1i32"/></StgValue>
</bind>
</comp>

<comp id="102" class="1001" name="const_102">
<pin_list>
<pin id="103" dir="1" index="0" bw="1" slack="0"/>
</pin_list>
<bind>
<StgValue><ssdm name="_ssdm_op_Read.m_axi.i32P1A"/></StgValue>
</bind>
</comp>

<comp id="104" class="1001" name="const_104">
<pin_list>
<pin id="105" dir="1" index="0" bw="1" slack="0"/>
</pin_list>
<bind>
<StgValue><ssdm name="softmax_accel_Pipeline_VITIS_LOOP_177_1"/></StgValue>
</bind>
</comp>

<comp id="106" class="1001" name="const_106">
<pin_list>
<pin id="107" dir="1" index="0" bw="1" slack="0"/>
</pin_list>
<bind>
<StgValue><ssdm name=""/></StgValue>
</bind>
</comp>

<comp id="108" class="1001" name="const_108">
<pin_list>
<pin id="109" dir="1" index="0" bw="1" slack="0"/>
</pin_list>
<bind>
<StgValue><ssdm name="softmax_accel_Pipeline_VITIS_LOOP_188_2"/></StgValue>
</bind>
</comp>

<comp id="110" class="1001" name="const_110">
<pin_list>
<pin id="111" dir="1" index="0" bw="1" slack="0"/>
</pin_list>
<bind>
<StgValue><ssdm name=""/></StgValue>
</bind>
</comp>

<comp id="112" class="1001" name="const_112">
<pin_list>
<pin id="113" dir="1" index="0" bw="1" slack="2147483647"/>
</pin_list>
<bind>
<StgValue><ssdm name="_ssdm_op_SpecMemCore"/></StgValue>
</bind>
</comp>

<comp id="114" class="1001" name="const_114">
<pin_list>
<pin id="115" dir="1" index="0" bw="1" slack="2147483647"/>
</pin_list>
<bind>
<StgValue><ssdm name=""/></StgValue>
</bind>
</comp>

<comp id="116" class="1001" name="const_116">
<pin_list>
<pin id="117" dir="1" index="0" bw="1" slack="2147483647"/>
</pin_list>
<bind>
<StgValue><ssdm name=""/></StgValue>
</bind>
</comp>

<comp id="118" class="1001" name="const_118">
<pin_list>
<pin id="119" dir="1" index="0" bw="1" slack="2147483647"/>
</pin_list>
<bind>
<StgValue><ssdm name=""/></StgValue>
</bind>
</comp>

<comp id="120" class="1001" name="const_120">
<pin_list>
<pin id="121" dir="1" index="0" bw="1" slack="0"/>
</pin_list>
<bind>
<StgValue><ssdm name="_ssdm_op_BitSelect.i1.i32.i32"/></StgValue>
</bind>
</comp>

<comp id="122" class="1001" name="const_122">
<pin_list>
<pin id="123" dir="1" index="0" bw="1" slack="0"/>
</pin_list>
<bind>
<StgValue><ssdm name=""/></StgValue>
</bind>
</comp>

<comp id="124" class="1001" name="const_124">
<pin_list>
<pin id="125" dir="1" index="0" bw="1" slack="0"/>
</pin_list>
<bind>
<StgValue><ssdm name=""/></StgValue>
</bind>
</comp>

<comp id="126" class="1001" name="const_126">
<pin_list>
<pin id="127" dir="1" index="0" bw="1" slack="0"/>
</pin_list>
<bind>
<StgValue><ssdm name=""/></StgValue>
</bind>
</comp>

<comp id="128" class="1001" name="const_128">
<pin_list>
<pin id="129" dir="1" index="0" bw="1" slack="0"/>
</pin_list>
<bind>
<StgValue><ssdm name=""/></StgValue>
</bind>
</comp>

<comp id="130" class="1001" name="const_130">
<pin_list>
<pin id="131" dir="1" index="0" bw="1" slack="0"/>
</pin_list>
<bind>
<StgValue><ssdm name=""/></StgValue>
</bind>
</comp>

<comp id="132" class="1001" name="const_132">
<pin_list>
<pin id="133" dir="1" index="0" bw="1" slack="0"/>
</pin_list>
<bind>
<StgValue><ssdm name=""/></StgValue>
</bind>
</comp>

<comp id="134" class="1001" name="const_134">
<pin_list>
<pin id="135" dir="1" index="0" bw="1" slack="0"/>
</pin_list>
<bind>
<StgValue><ssdm name=""/></StgValue>
</bind>
</comp>

<comp id="136" class="1001" name="const_136">
<pin_list>
<pin id="137" dir="1" index="0" bw="1" slack="0"/>
</pin_list>
<bind>
<StgValue><ssdm name=""/></StgValue>
</bind>
</comp>

<comp id="138" class="1001" name="const_138">
<pin_list>
<pin id="139" dir="1" index="0" bw="1" slack="0"/>
</pin_list>
<bind>
<StgValue><ssdm name=""/></StgValue>
</bind>
</comp>

<comp id="140" class="1001" name="const_140">
<pin_list>
<pin id="141" dir="1" index="0" bw="1" slack="0"/>
</pin_list>
<bind>
<StgValue><ssdm name=""/></StgValue>
</bind>
</comp>

<comp id="142" class="1001" name="const_142">
<pin_list>
<pin id="143" dir="1" index="0" bw="1" slack="0"/>
</pin_list>
<bind>
<StgValue><ssdm name=""/></StgValue>
</bind>
</comp>

<comp id="144" class="1001" name="const_144">
<pin_list>
<pin id="145" dir="1" index="0" bw="1" slack="0"/>
</pin_list>
<bind>
<StgValue><ssdm name=""/></StgValue>
</bind>
</comp>

<comp id="146" class="1001" name="const_146">
<pin_list>
<pin id="147" dir="1" index="0" bw="1" slack="0"/>
</pin_list>
<bind>
<StgValue><ssdm name=""/></StgValue>
</bind>
</comp>

<comp id="148" class="1001" name="const_148">
<pin_list>
<pin id="149" dir="1" index="0" bw="1" slack="0"/>
</pin_list>
<bind>
<StgValue><ssdm name=""/></StgValue>
</bind>
</comp>

<comp id="150" class="1001" name="const_150">
<pin_list>
<pin id="151" dir="1" index="0" bw="1" slack="0"/>
</pin_list>
<bind>
<StgValue><ssdm name=""/></StgValue>
</bind>
</comp>

<comp id="152" class="1001" name="const_152">
<pin_list>
<pin id="153" dir="1" index="0" bw="1" slack="0"/>
</pin_list>
<bind>
<StgValue><ssdm name=""/></StgValue>
</bind>
</comp>

<comp id="154" class="1001" name="const_154">
<pin_list>
<pin id="155" dir="1" index="0" bw="1" slack="0"/>
</pin_list>
<bind>
<StgValue><ssdm name=""/></StgValue>
</bind>
</comp>

<comp id="156" class="1001" name="const_156">
<pin_list>
<pin id="157" dir="1" index="0" bw="1" slack="0"/>
</pin_list>
<bind>
<StgValue><ssdm name=""/></StgValue>
</bind>
</comp>

<comp id="158" class="1001" name="const_158">
<pin_list>
<pin id="159" dir="1" index="0" bw="1" slack="0"/>
</pin_list>
<bind>
<StgValue><ssdm name=""/></StgValue>
</bind>
</comp>

<comp id="160" class="1001" name="const_160">
<pin_list>
<pin id="161" dir="1" index="0" bw="1" slack="0"/>
</pin_list>
<bind>
<StgValue><ssdm name=""/></StgValue>
</bind>
</comp>

<comp id="162" class="1001" name="const_162">
<pin_list>
<pin id="163" dir="1" index="0" bw="1" slack="0"/>
</pin_list>
<bind>
<StgValue><ssdm name=""/></StgValue>
</bind>
</comp>

<comp id="164" class="1001" name="const_164">
<pin_list>
<pin id="165" dir="1" index="0" bw="1" slack="0"/>
</pin_list>
<bind>
<StgValue><ssdm name=""/></StgValue>
</bind>
</comp>

<comp id="166" class="1001" name="const_166">
<pin_list>
<pin id="167" dir="1" index="0" bw="1" slack="0"/>
</pin_list>
<bind>
<StgValue><ssdm name=""/></StgValue>
</bind>
</comp>

<comp id="168" class="1001" name="const_168">
<pin_list>
<pin id="169" dir="1" index="0" bw="1" slack="0"/>
</pin_list>
<bind>
<StgValue><ssdm name=""/></StgValue>
</bind>
</comp>

<comp id="170" class="1001" name="const_170">
<pin_list>
<pin id="171" dir="1" index="0" bw="1" slack="0"/>
</pin_list>
<bind>
<StgValue><ssdm name=""/></StgValue>
</bind>
</comp>

<comp id="172" class="1001" name="const_172">
<pin_list>
<pin id="173" dir="1" index="0" bw="1" slack="0"/>
</pin_list>
<bind>
<StgValue><ssdm name=""/></StgValue>
</bind>
</comp>

<comp id="174" class="1001" name="const_174">
<pin_list>
<pin id="175" dir="1" index="0" bw="1" slack="0"/>
</pin_list>
<bind>
<StgValue><ssdm name=""/></StgValue>
</bind>
</comp>

<comp id="176" class="1001" name="const_176">
<pin_list>
<pin id="177" dir="1" index="0" bw="1" slack="0"/>
</pin_list>
<bind>
<StgValue><ssdm name=""/></StgValue>
</bind>
</comp>

<comp id="178" class="1001" name="const_178">
<pin_list>
<pin id="179" dir="1" index="0" bw="1" slack="0"/>
</pin_list>
<bind>
<StgValue><ssdm name=""/></StgValue>
</bind>
</comp>

<comp id="180" class="1001" name="const_180">
<pin_list>
<pin id="181" dir="1" index="0" bw="1" slack="1"/>
</pin_list>
<bind>
<StgValue><ssdm name=""/></StgValue>
</bind>
</comp>

<comp id="182" class="1001" name="const_182">
<pin_list>
<pin id="183" dir="1" index="0" bw="1" slack="1"/>
</pin_list>
<bind>
<StgValue><ssdm name=""/></StgValue>
</bind>
</comp>

<comp id="184" class="1001" name="const_184">
<pin_list>
<pin id="185" dir="1" index="0" bw="1" slack="1"/>
</pin_list>
<bind>
<StgValue><ssdm name=""/></StgValue>
</bind>
</comp>

<comp id="186" class="1001" name="const_186">
<pin_list>
<pin id="187" dir="1" index="0" bw="1" slack="1"/>
</pin_list>
<bind>
<StgValue><ssdm name=""/></StgValue>
</bind>
</comp>

<comp id="188" class="1001" name="const_188">
<pin_list>
<pin id="189" dir="1" index="0" bw="1" slack="1"/>
</pin_list>
<bind>
<StgValue><ssdm name=""/></StgValue>
</bind>
</comp>

<comp id="190" class="1001" name="const_190">
<pin_list>
<pin id="191" dir="1" index="0" bw="1" slack="1"/>
</pin_list>
<bind>
<StgValue><ssdm name=""/></StgValue>
</bind>
</comp>

<comp id="192" class="1001" name="const_192">
<pin_list>
<pin id="193" dir="1" index="0" bw="1" slack="1"/>
</pin_list>
<bind>
<StgValue><ssdm name=""/></StgValue>
</bind>
</comp>

<comp id="194" class="1001" name="const_194">
<pin_list>
<pin id="195" dir="1" index="0" bw="1" slack="1"/>
</pin_list>
<bind>
<StgValue><ssdm name=""/></StgValue>
</bind>
</comp>

<comp id="196" class="1001" name="const_196">
<pin_list>
<pin id="197" dir="1" index="0" bw="1" slack="1"/>
</pin_list>
<bind>
<StgValue><ssdm name=""/></StgValue>
</bind>
</comp>

<comp id="198" class="1001" name="const_198">
<pin_list>
<pin id="199" dir="1" index="0" bw="1" slack="1"/>
</pin_list>
<bind>
<StgValue><ssdm name=""/></StgValue>
</bind>
</comp>

<comp id="200" class="1001" name="const_200">
<pin_list>
<pin id="201" dir="1" index="0" bw="1" slack="1"/>
</pin_list>
<bind>
<StgValue><ssdm name=""/></StgValue>
</bind>
</comp>

<comp id="202" class="1001" name="const_202">
<pin_list>
<pin id="203" dir="1" index="0" bw="1" slack="1"/>
</pin_list>
<bind>
<StgValue><ssdm name=""/></StgValue>
</bind>
</comp>

<comp id="204" class="1001" name="const_204">
<pin_list>
<pin id="205" dir="1" index="0" bw="1" slack="1"/>
</pin_list>
<bind>
<StgValue><ssdm name=""/></StgValue>
</bind>
</comp>

<comp id="206" class="1001" name="const_206">
<pin_list>
<pin id="207" dir="1" index="0" bw="1" slack="0"/>
</pin_list>
<bind>
<StgValue><ssdm name=""/></StgValue>
</bind>
</comp>

<comp id="208" class="1001" name="const_208">
<pin_list>
<pin id="209" dir="1" index="0" bw="1" slack="0"/>
</pin_list>
<bind>
<StgValue><ssdm name=""/></StgValue>
</bind>
</comp>

<comp id="210" class="1001" name="const_210">
<pin_list>
<pin id="211" dir="1" index="0" bw="1" slack="0"/>
</pin_list>
<bind>
<StgValue><ssdm name=""/></StgValue>
</bind>
</comp>

<comp id="212" class="1001" name="const_212">
<pin_list>
<pin id="213" dir="1" index="0" bw="1" slack="1"/>
</pin_list>
<bind>
<StgValue><ssdm name=""/></StgValue>
</bind>
</comp>

<comp id="214" class="1001" name="const_214">
<pin_list>
<pin id="215" dir="1" index="0" bw="1" slack="1"/>
</pin_list>
<bind>
<StgValue><ssdm name=""/></StgValue>
</bind>
</comp>

<comp id="216" class="1001" name="const_216">
<pin_list>
<pin id="217" dir="1" index="0" bw="1" slack="1"/>
</pin_list>
<bind>
<StgValue><ssdm name=""/></StgValue>
</bind>
</comp>

<comp id="218" class="1001" name="const_218">
<pin_list>
<pin id="219" dir="1" index="0" bw="1" slack="1"/>
</pin_list>
<bind>
<StgValue><ssdm name=""/></StgValue>
</bind>
</comp>

<comp id="220" class="1001" name="const_220">
<pin_list>
<pin id="221" dir="1" index="0" bw="1" slack="1"/>
</pin_list>
<bind>
<StgValue><ssdm name=""/></StgValue>
</bind>
</comp>

<comp id="222" class="1001" name="const_222">
<pin_list>
<pin id="223" dir="1" index="0" bw="1" slack="1"/>
</pin_list>
<bind>
<StgValue><ssdm name=""/></StgValue>
</bind>
</comp>

<comp id="224" class="1001" name="const_224">
<pin_list>
<pin id="225" dir="1" index="0" bw="1" slack="1"/>
</pin_list>
<bind>
<StgValue><ssdm name=""/></StgValue>
</bind>
</comp>

<comp id="226" class="1001" name="const_226">
<pin_list>
<pin id="227" dir="1" index="0" bw="1" slack="1"/>
</pin_list>
<bind>
<StgValue><ssdm name=""/></StgValue>
</bind>
</comp>

<comp id="228" class="1001" name="const_228">
<pin_list>
<pin id="229" dir="1" index="0" bw="1" slack="1"/>
</pin_list>
<bind>
<StgValue><ssdm name=""/></StgValue>
</bind>
</comp>

<comp id="230" class="1001" name="const_230">
<pin_list>
<pin id="231" dir="1" index="0" bw="1" slack="1"/>
</pin_list>
<bind>
<StgValue><ssdm name=""/></StgValue>
</bind>
</comp>

<comp id="232" class="1001" name="const_232">
<pin_list>
<pin id="233" dir="1" index="0" bw="1" slack="1"/>
</pin_list>
<bind>
<StgValue><ssdm name=""/></StgValue>
</bind>
</comp>

<comp id="234" class="1001" name="const_234">
<pin_list>
<pin id="235" dir="1" index="0" bw="1" slack="1"/>
</pin_list>
<bind>
<StgValue><ssdm name=""/></StgValue>
</bind>
</comp>

<comp id="236" class="1001" name="const_236">
<pin_list>
<pin id="237" dir="1" index="0" bw="1" slack="1"/>
</pin_list>
<bind>
<StgValue><ssdm name=""/></StgValue>
</bind>
</comp>

<comp id="238" class="1001" name="const_238">
<pin_list>
<pin id="239" dir="1" index="0" bw="1" slack="1"/>
</pin_list>
<bind>
<StgValue><ssdm name=""/></StgValue>
</bind>
</comp>

<comp id="240" class="1001" name="const_240">
<pin_list>
<pin id="241" dir="1" index="0" bw="1" slack="0"/>
</pin_list>
<bind>
<StgValue><ssdm name="_ssdm_op_BitSelect.i1.i5.i32"/></StgValue>
</bind>
</comp>

<comp id="242" class="1001" name="const_242">
<pin_list>
<pin id="243" dir="1" index="0" bw="1" slack="0"/>
</pin_list>
<bind>
<StgValue><ssdm name="_ssdm_op_PartSelect.i4.i32.i32.i32"/></StgValue>
</bind>
</comp>

<comp id="244" class="1001" name="const_244">
<pin_list>
<pin id="245" dir="1" index="0" bw="1" slack="0"/>
</pin_list>
<bind>
<StgValue><ssdm name=""/></StgValue>
</bind>
</comp>

<comp id="246" class="1001" name="const_246">
<pin_list>
<pin id="247" dir="1" index="0" bw="1" slack="0"/>
</pin_list>
<bind>
<StgValue><ssdm name="_ssdm_op_PartSelect.i32.i47.i32.i32"/></StgValue>
</bind>
</comp>

<comp id="248" class="1001" name="const_248">
<pin_list>
<pin id="249" dir="1" index="0" bw="1" slack="0"/>
</pin_list>
<bind>
<StgValue><ssdm name=""/></StgValue>
</bind>
</comp>

<comp id="250" class="1001" name="const_250">
<pin_list>
<pin id="251" dir="1" index="0" bw="1" slack="0"/>
</pin_list>
<bind>
<StgValue><ssdm name="_ssdm_op_BitSelect.i1.i48.i32"/></StgValue>
</bind>
</comp>

<comp id="252" class="1001" name="const_252">
<pin_list>
<pin id="253" dir="1" index="0" bw="1" slack="0"/>
</pin_list>
<bind>
<StgValue><ssdm name=""/></StgValue>
</bind>
</comp>

<comp id="254" class="1001" name="const_254">
<pin_list>
<pin id="255" dir="1" index="0" bw="1" slack="0"/>
</pin_list>
<bind>
<StgValue><ssdm name=""/></StgValue>
</bind>
</comp>

<comp id="256" class="1001" name="const_256">
<pin_list>
<pin id="257" dir="1" index="0" bw="1" slack="0"/>
</pin_list>
<bind>
<StgValue><ssdm name="_ssdm_op_PartSelect.i16.i47.i32.i32"/></StgValue>
</bind>
</comp>

<comp id="258" class="1001" name="const_258">
<pin_list>
<pin id="259" dir="1" index="0" bw="1" slack="0"/>
</pin_list>
<bind>
<StgValue><ssdm name=""/></StgValue>
</bind>
</comp>

<comp id="260" class="1001" name="const_260">
<pin_list>
<pin id="261" dir="1" index="0" bw="1" slack="0"/>
</pin_list>
<bind>
<StgValue><ssdm name=""/></StgValue>
</bind>
</comp>

<comp id="262" class="1001" name="const_262">
<pin_list>
<pin id="263" dir="1" index="0" bw="1" slack="0"/>
</pin_list>
<bind>
<StgValue><ssdm name="softmax_accel_Pipeline_VITIS_LOOP_202_3"/></StgValue>
</bind>
</comp>

<comp id="264" class="1001" name="const_264">
<pin_list>
<pin id="265" dir="1" index="0" bw="1" slack="0"/>
</pin_list>
<bind>
<StgValue><ssdm name=""/></StgValue>
</bind>
</comp>

<comp id="266" class="1001" name="const_266">
<pin_list>
<pin id="267" dir="1" index="0" bw="1" slack="0"/>
</pin_list>
<bind>
<StgValue><ssdm name="_ssdm_op_BitConcatenate.i33.i31.i2"/></StgValue>
</bind>
</comp>

<comp id="268" class="1001" name="const_268">
<pin_list>
<pin id="269" dir="1" index="0" bw="1" slack="0"/>
</pin_list>
<bind>
<StgValue><ssdm name=""/></StgValue>
</bind>
</comp>

<comp id="270" class="1001" name="const_270">
<pin_list>
<pin id="271" dir="1" index="0" bw="1" slack="0"/>
</pin_list>
<bind>
<StgValue><ssdm name="_ssdm_op_WriteReq.m_axi.i32P1A"/></StgValue>
</bind>
</comp>

<comp id="272" class="1001" name="const_272">
<pin_list>
<pin id="273" dir="1" index="0" bw="1" slack="0"/>
</pin_list>
<bind>
<StgValue><ssdm name="_ssdm_op_Write.m_axi.volatile.i32P1A"/></StgValue>
</bind>
</comp>

<comp id="274" class="1001" name="const_274">
<pin_list>
<pin id="275" dir="1" index="0" bw="1" slack="0"/>
</pin_list>
<bind>
<StgValue><ssdm name=""/></StgValue>
</bind>
</comp>

<comp id="276" class="1001" name="const_276">
<pin_list>
<pin id="277" dir="1" index="0" bw="1" slack="0"/>
</pin_list>
<bind>
<StgValue><ssdm name="_ssdm_op_WriteResp.m_axi.i32P1A"/></StgValue>
</bind>
</comp>

<comp id="278" class="1004" name="sum64_loc_fu_278">
<pin_list>
<pin id="279" dir="0" index="0" bw="1" slack="0"/>
<pin id="280" dir="1" index="1" bw="40" slack="20"/>
</pin_list>
<bind>
<opcode="alloca(26) " fcode="alloca"/>
<opset="sum64_loc/1 "/>
</bind>
</comp>

<comp id="282" class="1004" name="max_x_1_loc_fu_282">
<pin_list>
<pin id="283" dir="0" index="0" bw="1" slack="0"/>
<pin id="284" dir="1" index="1" bw="32" slack="10"/>
</pin_list>
<bind>
<opcode="alloca(26) " fcode="alloca"/>
<opset="max_x_1_loc/1 "/>
</bind>
</comp>

<comp id="286" class="1004" name="exp_buf_alloca_fu_286">
<pin_list>
<pin id="287" dir="0" index="0" bw="1" slack="0"/>
<pin id="288" dir="1" index="1" bw="32" slack="2147483647"/>
</pin_list>
<bind>
<opcode="alloca(26) " fcode="alloca"/>
<opset="exp_buf/1 "/>
</bind>
</comp>

<comp id="290" class="1004" name="n_read_read_fu_290">
<pin_list>
<pin id="291" dir="0" index="0" bw="32" slack="0"/>
<pin id="292" dir="0" index="1" bw="32" slack="0"/>
<pin id="293" dir="1" index="2" bw="32" slack="0"/>
</pin_list>
<bind>
<opcode="read(1150) " fcode="read"/>
<opset="n_read/1 "/>
</bind>
</comp>

<comp id="296" class="1004" name="dbg_base_read_read_fu_296">
<pin_list>
<pin id="297" dir="0" index="0" bw="32" slack="0"/>
<pin id="298" dir="0" index="1" bw="32" slack="0"/>
<pin id="299" dir="1" index="2" bw="32" slack="0"/>
</pin_list>
<bind>
<opcode="read(1150) " fcode="read"/>
<opset="dbg_base_read/1 "/>
</bind>
</comp>

<comp id="302" class="1004" name="prob_base_read_read_fu_302">
<pin_list>
<pin id="303" dir="0" index="0" bw="32" slack="0"/>
<pin id="304" dir="0" index="1" bw="32" slack="0"/>
<pin id="305" dir="1" index="2" bw="32" slack="28"/>
</pin_list>
<bind>
<opcode="read(1150) " fcode="read"/>
<opset="prob_base_read/1 "/>
</bind>
</comp>

<comp id="308" class="1004" name="input_base_read_read_fu_308">
<pin_list>
<pin id="309" dir="0" index="0" bw="32" slack="0"/>
<pin id="310" dir="0" index="1" bw="32" slack="0"/>
<pin id="311" dir="1" index="2" bw="32" slack="0"/>
</pin_list>
<bind>
<opcode="read(1150) " fcode="read"/>
<opset="input_base_read/1 "/>
</bind>
</comp>

<comp id="314" class="1004" name="mem_read_read_fu_314">
<pin_list>
<pin id="315" dir="0" index="0" bw="64" slack="0"/>
<pin id="316" dir="0" index="1" bw="64" slack="0"/>
<pin id="317" dir="1" index="2" bw="64" slack="0"/>
</pin_list>
<bind>
<opcode="read(1150) " fcode="read"/>
<opset="mem_read/1 "/>
</bind>
</comp>

<comp id="320" class="1004" name="RECIP_M_Q30_addr_gep_fu_320">
<pin_list>
<pin id="321" dir="0" index="0" bw="31" slack="0"/>
<pin id="322" dir="0" index="1" bw="1" slack="0"/>
<pin id="323" dir="0" index="2" bw="4" slack="0"/>
<pin id="324" dir="1" index="3" bw="4" slack="0"/>
</pin_list>
<bind>
<opcode="getelementptr(29) " fcode="getelementptr"/>
<opset="RECIP_M_Q30_addr/25 "/>
</bind>
</comp>

<comp id="327" class="1004" name="grp_access_fu_327">
<pin_list>
<pin id="328" dir="0" index="0" bw="4" slack="0"/>
<pin id="329" dir="0" index="1" bw="31" slack="2147483647"/>
<pin id="330" dir="0" index="2" bw="0" slack="2147483647"/>
<pin id="331" dir="1" index="3" bw="31" slack="1"/>
</pin_list>
<bind>
<opcode="load(27) " fcode="load"/>
<opset="m/25 RECIP_M_Q30_load/25 "/>
</bind>
</comp>

<comp id="333" class="1004" name="RECIP_B_Q30_addr_gep_fu_333">
<pin_list>
<pin id="334" dir="0" index="0" bw="31" slack="0"/>
<pin id="335" dir="0" index="1" bw="1" slack="0"/>
<pin id="336" dir="0" index="2" bw="4" slack="0"/>
<pin id="337" dir="1" index="3" bw="4" slack="0"/>
</pin_list>
<bind>
<opcode="getelementptr(29) " fcode="getelementptr"/>
<opset="RECIP_B_Q30_addr/25 "/>
</bind>
</comp>

<comp id="340" class="1004" name="grp_access_fu_340">
<pin_list>
<pin id="341" dir="0" index="0" bw="4" slack="0"/>
<pin id="342" dir="0" index="1" bw="31" slack="2147483647"/>
<pin id="343" dir="0" index="2" bw="0" slack="2147483647"/>
<pin id="344" dir="1" index="3" bw="31" slack="2"/>
</pin_list>
<bind>
<opcode="load(27) " fcode="load"/>
<opset="b/25 RECIP_B_Q30_load/25 "/>
</bind>
</comp>

<comp id="346" class="1004" name="RECIP_M_Q30_addr_1_gep_fu_346">
<pin_list>
<pin id="347" dir="0" index="0" bw="31" slack="0"/>
<pin id="348" dir="0" index="1" bw="1" slack="0"/>
<pin id="349" dir="0" index="2" bw="4" slack="0"/>
<pin id="350" dir="1" index="3" bw="4" slack="0"/>
</pin_list>
<bind>
<opcode="getelementptr(29) " fcode="getelementptr"/>
<opset="RECIP_M_Q30_addr_1/25 "/>
</bind>
</comp>

<comp id="354" class="1004" name="RECIP_B_Q30_addr_1_gep_fu_354">
<pin_list>
<pin id="355" dir="0" index="0" bw="31" slack="0"/>
<pin id="356" dir="0" index="1" bw="1" slack="0"/>
<pin id="357" dir="0" index="2" bw="4" slack="0"/>
<pin id="358" dir="1" index="3" bw="4" slack="0"/>
</pin_list>
<bind>
<opcode="getelementptr(29) " fcode="getelementptr"/>
<opset="RECIP_B_Q30_addr_1/25 "/>
</bind>
</comp>

<comp id="362" class="1004" name="grp_readreq_fu_362">
<pin_list>
<pin id="363" dir="0" index="0" bw="1" slack="0"/>
<pin id="364" dir="0" index="1" bw="32" slack="0"/>
<pin id="365" dir="0" index="2" bw="9" slack="0"/>
<pin id="366" dir="1" index="3" bw="1" slack="2147483647"/>
</pin_list>
<bind>
<opcode="readreq(1154) " fcode="readreq"/>
<opset="max_x_req/2 empty_36/3 empty_37/13 "/>
</bind>
</comp>

<comp id="370" class="1004" name="max_x_read_fu_370">
<pin_list>
<pin id="371" dir="0" index="0" bw="32" slack="0"/>
<pin id="372" dir="0" index="1" bw="32" slack="8"/>
<pin id="373" dir="1" index="2" bw="32" slack="1"/>
</pin_list>
<bind>
<opcode="read(1150) " fcode="read"/>
<opset="max_x/10 "/>
</bind>
</comp>

<comp id="375" class="1004" name="grp_writereq_fu_375">
<pin_list>
<pin id="376" dir="0" index="0" bw="1" slack="0"/>
<pin id="377" dir="0" index="1" bw="32" slack="1"/>
<pin id="378" dir="0" index="2" bw="1" slack="0"/>
<pin id="379" dir="1" index="3" bw="1" slack="2147483647"/>
</pin_list>
<bind>
<opcode="writereq(1155) " fcode="writereq"/>
<opset="gmem_addr_3_req/36 gmem_addr_4_req/37 gmem_addr_5_req/38 "/>
</bind>
</comp>

<comp id="382" class="1004" name="grp_write_fu_382">
<pin_list>
<pin id="383" dir="0" index="0" bw="0" slack="0"/>
<pin id="384" dir="0" index="1" bw="32" slack="2"/>
<pin id="385" dir="0" index="2" bw="32" slack="0"/>
<pin id="386" dir="0" index="3" bw="1" slack="0"/>
<pin id="387" dir="1" index="4" bw="0" slack="2147483647"/>
</pin_list>
<bind>
<opcode="write(1151) " fcode="write"/>
<opset="write_ln221/37 write_ln222/38 write_ln223/39 "/>
</bind>
</comp>

<comp id="390" class="1004" name="grp_writeresp_fu_390">
<pin_list>
<pin id="391" dir="0" index="0" bw="1" slack="0"/>
<pin id="392" dir="0" index="1" bw="32" slack="3"/>
<pin id="393" dir="1" index="2" bw="1" slack="2147483647"/>
</pin_list>
<bind>
<opcode="writeresp(1158) " fcode="writeresp"/>
<opset="gmem_addr_3_resp/38 gmem_addr_4_resp/39 gmem_addr_5_resp/40 "/>
</bind>
</comp>

<comp id="395" class="1005" name="msb_reg_395">
<pin_list>
<pin id="396" dir="0" index="0" bw="5" slack="1"/>
<pin id="397" dir="1" index="1" bw="5" slack="1"/>
</pin_list>
<bind>
<opset="msb (phireg) "/>
</bind>
</comp>

<comp id="429" class="1004" name="msb_phi_fu_429">
<pin_list>
<pin id="430" dir="0" index="0" bw="1" slack="1"/>
<pin id="431" dir="0" index="1" bw="0" slack="2147483647"/>
<pin id="432" dir="0" index="2" bw="2" slack="1"/>
<pin id="433" dir="0" index="3" bw="0" slack="2147483647"/>
<pin id="434" dir="0" index="4" bw="3" slack="1"/>
<pin id="435" dir="0" index="5" bw="0" slack="2147483647"/>
<pin id="436" dir="0" index="6" bw="3" slack="1"/>
<pin id="437" dir="0" index="7" bw="0" slack="2147483647"/>
<pin id="438" dir="0" index="8" bw="4" slack="1"/>
<pin id="439" dir="0" index="9" bw="0" slack="2147483647"/>
<pin id="440" dir="0" index="10" bw="4" slack="1"/>
<pin id="441" dir="0" index="11" bw="0" slack="2147483647"/>
<pin id="442" dir="0" index="12" bw="4" slack="1"/>
<pin id="443" dir="0" index="13" bw="0" slack="2147483647"/>
<pin id="444" dir="0" index="14" bw="4" slack="1"/>
<pin id="445" dir="0" index="15" bw="0" slack="2147483647"/>
<pin id="446" dir="0" index="16" bw="5" slack="1"/>
<pin id="447" dir="0" index="17" bw="0" slack="2147483647"/>
<pin id="448" dir="0" index="18" bw="5" slack="1"/>
<pin id="449" dir="0" index="19" bw="0" slack="2147483647"/>
<pin id="450" dir="0" index="20" bw="5" slack="1"/>
<pin id="451" dir="0" index="21" bw="0" slack="2147483647"/>
<pin id="452" dir="0" index="22" bw="5" slack="1"/>
<pin id="453" dir="0" index="23" bw="0" slack="2147483647"/>
<pin id="454" dir="0" index="24" bw="5" slack="1"/>
<pin id="455" dir="0" index="25" bw="0" slack="2147483647"/>
<pin id="456" dir="0" index="26" bw="5" slack="1"/>
<pin id="457" dir="0" index="27" bw="0" slack="2147483647"/>
<pin id="458" dir="0" index="28" bw="5" slack="1"/>
<pin id="459" dir="0" index="29" bw="0" slack="2147483647"/>
<pin id="460" dir="0" index="30" bw="5" slack="1"/>
<pin id="461" dir="0" index="31" bw="0" slack="2147483647"/>
<pin id="462" dir="0" index="32" bw="5" slack="1"/>
<pin id="463" dir="0" index="33" bw="0" slack="2147483647"/>
<pin id="464" dir="0" index="34" bw="5" slack="1"/>
<pin id="465" dir="0" index="35" bw="0" slack="2147483647"/>
<pin id="466" dir="0" index="36" bw="5" slack="1"/>
<pin id="467" dir="0" index="37" bw="0" slack="2147483647"/>
<pin id="468" dir="0" index="38" bw="5" slack="1"/>
<pin id="469" dir="0" index="39" bw="0" slack="2147483647"/>
<pin id="470" dir="0" index="40" bw="5" slack="1"/>
<pin id="471" dir="0" index="41" bw="0" slack="2147483647"/>
<pin id="472" dir="0" index="42" bw="5" slack="1"/>
<pin id="473" dir="0" index="43" bw="0" slack="2147483647"/>
<pin id="474" dir="0" index="44" bw="5" slack="1"/>
<pin id="475" dir="0" index="45" bw="0" slack="2147483647"/>
<pin id="476" dir="0" index="46" bw="5" slack="1"/>
<pin id="477" dir="0" index="47" bw="0" slack="2147483647"/>
<pin id="478" dir="0" index="48" bw="4" slack="1"/>
<pin id="479" dir="0" index="49" bw="0" slack="2147483647"/>
<pin id="480" dir="0" index="50" bw="4" slack="1"/>
<pin id="481" dir="0" index="51" bw="0" slack="2147483647"/>
<pin id="482" dir="0" index="52" bw="4" slack="1"/>
<pin id="483" dir="0" index="53" bw="0" slack="2147483647"/>
<pin id="484" dir="0" index="54" bw="4" slack="1"/>
<pin id="485" dir="0" index="55" bw="0" slack="2147483647"/>
<pin id="486" dir="0" index="56" bw="3" slack="1"/>
<pin id="487" dir="0" index="57" bw="0" slack="2147483647"/>
<pin id="488" dir="0" index="58" bw="3" slack="1"/>
<pin id="489" dir="0" index="59" bw="0" slack="2147483647"/>
<pin id="490" dir="0" index="60" bw="1" slack="1"/>
<pin id="491" dir="0" index="61" bw="0" slack="2147483647"/>
<pin id="492" dir="0" index="62" bw="5" slack="1"/>
<pin id="493" dir="0" index="63" bw="0" slack="2147483647"/>
<pin id="494" dir="1" index="64" bw="5" slack="0"/>
</pin_list>
<bind>
<opcode="phi(47) " fcode="phi"/>
<opset="msb/25 "/>
</bind>
</comp>

<comp id="527" class="1005" name="inv_sum_2_reg_527">
<pin_list>
<pin id="528" dir="0" index="0" bw="48" slack="2147483647"/>
<pin id="529" dir="1" index="1" bw="48" slack="2147483647"/>
</pin_list>
<bind>
<opset="inv_sum_2 (phireg) "/>
</bind>
</comp>

<comp id="530" class="1004" name="inv_sum_2_phi_fu_530">
<pin_list>
<pin id="531" dir="0" index="0" bw="32" slack="1"/>
<pin id="532" dir="0" index="1" bw="0" slack="2147483647"/>
<pin id="533" dir="0" index="2" bw="48" slack="1"/>
<pin id="534" dir="0" index="3" bw="0" slack="2147483647"/>
<pin id="535" dir="1" index="4" bw="48" slack="0"/>
</pin_list>
<bind>
<opcode="phi(47) " fcode="phi"/>
<opset="inv_sum_2/32 "/>
</bind>
</comp>

<comp id="536" class="1005" name="inv_sum_q30_1_reg_536">
<pin_list>
<pin id="537" dir="0" index="0" bw="31" slack="1"/>
<pin id="538" dir="1" index="1" bw="31" slack="6"/>
</pin_list>
<bind>
<opset="inv_sum_q30_1 (phireg) "/>
</bind>
</comp>

<comp id="540" class="1004" name="inv_sum_q30_1_phi_fu_540">
<pin_list>
<pin id="541" dir="0" index="0" bw="31" slack="1"/>
<pin id="542" dir="0" index="1" bw="0" slack="2147483647"/>
<pin id="543" dir="0" index="2" bw="1" slack="6"/>
<pin id="544" dir="0" index="3" bw="0" slack="2147483647"/>
<pin id="545" dir="1" index="4" bw="31" slack="0"/>
</pin_list>
<bind>
<opcode="phi(47) " fcode="phi"/>
<opset="inv_sum_q30_1/33 "/>
</bind>
</comp>

<comp id="548" class="1005" name="shift_dbg_reg_548">
<pin_list>
<pin id="549" dir="0" index="0" bw="5" slack="5"/>
<pin id="550" dir="1" index="1" bw="5" slack="5"/>
</pin_list>
<bind>
<opset="shift_dbg (phireg) "/>
</bind>
</comp>

<comp id="582" class="1004" name="shift_dbg_phi_fu_582">
<pin_list>
<pin id="583" dir="0" index="0" bw="5" slack="5"/>
<pin id="584" dir="0" index="1" bw="0" slack="2147483647"/>
<pin id="585" dir="0" index="2" bw="5" slack="5"/>
<pin id="586" dir="0" index="3" bw="0" slack="2147483647"/>
<pin id="587" dir="0" index="4" bw="5" slack="5"/>
<pin id="588" dir="0" index="5" bw="0" slack="2147483647"/>
<pin id="589" dir="0" index="6" bw="5" slack="5"/>
<pin id="590" dir="0" index="7" bw="0" slack="2147483647"/>
<pin id="591" dir="0" index="8" bw="5" slack="5"/>
<pin id="592" dir="0" index="9" bw="0" slack="2147483647"/>
<pin id="593" dir="0" index="10" bw="5" slack="5"/>
<pin id="594" dir="0" index="11" bw="0" slack="2147483647"/>
<pin id="595" dir="0" index="12" bw="5" slack="5"/>
<pin id="596" dir="0" index="13" bw="0" slack="2147483647"/>
<pin id="597" dir="0" index="14" bw="5" slack="5"/>
<pin id="598" dir="0" index="15" bw="0" slack="2147483647"/>
<pin id="599" dir="0" index="16" bw="4" slack="5"/>
<pin id="600" dir="0" index="17" bw="0" slack="2147483647"/>
<pin id="601" dir="0" index="18" bw="4" slack="5"/>
<pin id="602" dir="0" index="19" bw="0" slack="2147483647"/>
<pin id="603" dir="0" index="20" bw="4" slack="5"/>
<pin id="604" dir="0" index="21" bw="0" slack="2147483647"/>
<pin id="605" dir="0" index="22" bw="4" slack="5"/>
<pin id="606" dir="0" index="23" bw="0" slack="2147483647"/>
<pin id="607" dir="0" index="24" bw="3" slack="5"/>
<pin id="608" dir="0" index="25" bw="0" slack="2147483647"/>
<pin id="609" dir="0" index="26" bw="3" slack="5"/>
<pin id="610" dir="0" index="27" bw="0" slack="2147483647"/>
<pin id="611" dir="0" index="28" bw="1" slack="5"/>
<pin id="612" dir="0" index="29" bw="0" slack="2147483647"/>
<pin id="613" dir="0" index="30" bw="1" slack="5"/>
<pin id="614" dir="0" index="31" bw="0" slack="2147483647"/>
<pin id="615" dir="0" index="32" bw="1" slack="5"/>
<pin id="616" dir="0" index="33" bw="0" slack="2147483647"/>
<pin id="617" dir="0" index="34" bw="2" slack="5"/>
<pin id="618" dir="0" index="35" bw="0" slack="2147483647"/>
<pin id="619" dir="0" index="36" bw="3" slack="5"/>
<pin id="620" dir="0" index="37" bw="0" slack="2147483647"/>
<pin id="621" dir="0" index="38" bw="3" slack="5"/>
<pin id="622" dir="0" index="39" bw="0" slack="2147483647"/>
<pin id="623" dir="0" index="40" bw="4" slack="5"/>
<pin id="624" dir="0" index="41" bw="0" slack="2147483647"/>
<pin id="625" dir="0" index="42" bw="4" slack="5"/>
<pin id="626" dir="0" index="43" bw="0" slack="2147483647"/>
<pin id="627" dir="0" index="44" bw="4" slack="5"/>
<pin id="628" dir="0" index="45" bw="0" slack="2147483647"/>
<pin id="629" dir="0" index="46" bw="4" slack="5"/>
<pin id="630" dir="0" index="47" bw="0" slack="2147483647"/>
<pin id="631" dir="0" index="48" bw="5" slack="5"/>
<pin id="632" dir="0" index="49" bw="0" slack="2147483647"/>
<pin id="633" dir="0" index="50" bw="5" slack="5"/>
<pin id="634" dir="0" index="51" bw="0" slack="2147483647"/>
<pin id="635" dir="0" index="52" bw="5" slack="5"/>
<pin id="636" dir="0" index="53" bw="0" slack="2147483647"/>
<pin id="637" dir="0" index="54" bw="5" slack="5"/>
<pin id="638" dir="0" index="55" bw="0" slack="2147483647"/>
<pin id="639" dir="0" index="56" bw="5" slack="5"/>
<pin id="640" dir="0" index="57" bw="0" slack="2147483647"/>
<pin id="641" dir="0" index="58" bw="5" slack="5"/>
<pin id="642" dir="0" index="59" bw="0" slack="2147483647"/>
<pin id="643" dir="0" index="60" bw="5" slack="5"/>
<pin id="644" dir="0" index="61" bw="0" slack="2147483647"/>
<pin id="645" dir="0" index="62" bw="5" slack="5"/>
<pin id="646" dir="0" index="63" bw="0" slack="2147483647"/>
<pin id="647" dir="1" index="64" bw="5" slack="0"/>
</pin_list>
<bind>
<opcode="phi(47) " fcode="phi"/>
<opset="shift_dbg/39 "/>
</bind>
</comp>

<comp id="679" class="1004" name="grp_softmax_accel_Pipeline_VITIS_LOOP_177_1_fu_679">
<pin_list>
<pin id="680" dir="0" index="0" bw="0" slack="0"/>
<pin id="681" dir="0" index="1" bw="32" slack="1"/>
<pin id="682" dir="0" index="2" bw="32" slack="0"/>
<pin id="683" dir="0" index="3" bw="9" slack="9"/>
<pin id="684" dir="0" index="4" bw="62" slack="9"/>
<pin id="685" dir="0" index="5" bw="32" slack="10"/>
<pin id="686" dir="1" index="6" bw="0" slack="2147483647"/>
</pin_list>
<bind>
<opcode="call(48) " fcode="call"/>
<opset="call_ln176/11 "/>
</bind>
</comp>

<comp id="689" class="1004" name="grp_softmax_accel_Pipeline_VITIS_LOOP_188_2_fu_689">
<pin_list>
<pin id="690" dir="0" index="0" bw="0" slack="0"/>
<pin id="691" dir="0" index="1" bw="32" slack="0"/>
<pin id="692" dir="0" index="2" bw="9" slack="19"/>
<pin id="693" dir="0" index="3" bw="62" slack="20"/>
<pin id="694" dir="0" index="4" bw="32" slack="0"/>
<pin id="695" dir="0" index="5" bw="32" slack="2147483647"/>
<pin id="696" dir="0" index="6" bw="40" slack="20"/>
<pin id="697" dir="0" index="7" bw="18" slack="0"/>
<pin id="698" dir="1" index="8" bw="0" slack="2147483647"/>
</pin_list>
<bind>
<opcode="call(48) " fcode="call"/>
<opset="call_ln169/21 "/>
</bind>
</comp>

<comp id="702" class="1004" name="grp_softmax_accel_Pipeline_VITIS_LOOP_202_3_fu_702">
<pin_list>
<pin id="703" dir="0" index="0" bw="0" slack="0"/>
<pin id="704" dir="0" index="1" bw="32" slack="0"/>
<pin id="705" dir="0" index="2" bw="9" slack="28"/>
<pin id="706" dir="0" index="3" bw="32" slack="2147483647"/>
<pin id="707" dir="0" index="4" bw="31" slack="0"/>
<pin id="708" dir="0" index="5" bw="30" slack="1"/>
<pin id="709" dir="0" index="6" bw="64" slack="29"/>
<pin id="710" dir="1" index="7" bw="0" slack="2147483647"/>
</pin_list>
<bind>
<opcode="call(48) " fcode="call"/>
<opset="call_ln169/33 "/>
</bind>
</comp>

<comp id="714" class="1004" name="grp_fu_714">
<pin_list>
<pin id="715" dir="0" index="0" bw="31" slack="0"/>
<pin id="716" dir="0" index="1" bw="16" slack="0"/>
<pin id="717" dir="1" index="2" bw="47" slack="0"/>
</pin_list>
<bind>
<opcode="mul(12) " fcode="mul"/>
<opset="mx/27 mul_ln136/30 "/>
</bind>
</comp>

<comp id="718" class="1004" name="grp_fu_718">
<pin_list>
<pin id="719" dir="0" index="0" bw="1" slack="0"/>
<pin id="720" dir="0" index="1" bw="32" slack="1"/>
<pin id="721" dir="0" index="2" bw="6" slack="0"/>
<pin id="722" dir="1" index="3" bw="1" slack="2147483647"/>
</pin_list>
<bind>
<opcode="bitselect(1000) " fcode="bitselect"/>
<opset="tmp_10/24 tmp_44/34 "/>
</bind>
</comp>

<comp id="725" class="1004" name="grp_fu_725">
<pin_list>
<pin id="726" dir="0" index="0" bw="1" slack="0"/>
<pin id="727" dir="0" index="1" bw="32" slack="1"/>
<pin id="728" dir="0" index="2" bw="6" slack="0"/>
<pin id="729" dir="1" index="3" bw="1" slack="2147483647"/>
</pin_list>
<bind>
<opcode="bitselect(1000) " fcode="bitselect"/>
<opset="tmp_11/24 tmp_45/34 "/>
</bind>
</comp>

<comp id="732" class="1004" name="grp_fu_732">
<pin_list>
<pin id="733" dir="0" index="0" bw="1" slack="0"/>
<pin id="734" dir="0" index="1" bw="32" slack="1"/>
<pin id="735" dir="0" index="2" bw="6" slack="0"/>
<pin id="736" dir="1" index="3" bw="1" slack="2147483647"/>
</pin_list>
<bind>
<opcode="bitselect(1000) " fcode="bitselect"/>
<opset="tmp_12/24 tmp_46/34 "/>
</bind>
</comp>

<comp id="739" class="1004" name="grp_fu_739">
<pin_list>
<pin id="740" dir="0" index="0" bw="1" slack="0"/>
<pin id="741" dir="0" index="1" bw="32" slack="1"/>
<pin id="742" dir="0" index="2" bw="6" slack="0"/>
<pin id="743" dir="1" index="3" bw="1" slack="2147483647"/>
</pin_list>
<bind>
<opcode="bitselect(1000) " fcode="bitselect"/>
<opset="tmp_13/24 tmp_47/34 "/>
</bind>
</comp>

<comp id="746" class="1004" name="grp_fu_746">
<pin_list>
<pin id="747" dir="0" index="0" bw="1" slack="0"/>
<pin id="748" dir="0" index="1" bw="32" slack="1"/>
<pin id="749" dir="0" index="2" bw="6" slack="0"/>
<pin id="750" dir="1" index="3" bw="1" slack="2147483647"/>
</pin_list>
<bind>
<opcode="bitselect(1000) " fcode="bitselect"/>
<opset="tmp_14/24 tmp_48/34 "/>
</bind>
</comp>

<comp id="753" class="1004" name="grp_fu_753">
<pin_list>
<pin id="754" dir="0" index="0" bw="1" slack="0"/>
<pin id="755" dir="0" index="1" bw="32" slack="1"/>
<pin id="756" dir="0" index="2" bw="6" slack="0"/>
<pin id="757" dir="1" index="3" bw="1" slack="2147483647"/>
</pin_list>
<bind>
<opcode="bitselect(1000) " fcode="bitselect"/>
<opset="tmp_15/24 tmp_49/34 "/>
</bind>
</comp>

<comp id="760" class="1004" name="grp_fu_760">
<pin_list>
<pin id="761" dir="0" index="0" bw="1" slack="0"/>
<pin id="762" dir="0" index="1" bw="32" slack="1"/>
<pin id="763" dir="0" index="2" bw="6" slack="0"/>
<pin id="764" dir="1" index="3" bw="1" slack="2147483647"/>
</pin_list>
<bind>
<opcode="bitselect(1000) " fcode="bitselect"/>
<opset="tmp_16/24 tmp_50/34 "/>
</bind>
</comp>

<comp id="767" class="1004" name="grp_fu_767">
<pin_list>
<pin id="768" dir="0" index="0" bw="1" slack="0"/>
<pin id="769" dir="0" index="1" bw="32" slack="1"/>
<pin id="770" dir="0" index="2" bw="6" slack="0"/>
<pin id="771" dir="1" index="3" bw="1" slack="2147483647"/>
</pin_list>
<bind>
<opcode="bitselect(1000) " fcode="bitselect"/>
<opset="tmp_17/24 tmp_51/34 "/>
</bind>
</comp>

<comp id="774" class="1004" name="grp_fu_774">
<pin_list>
<pin id="775" dir="0" index="0" bw="1" slack="0"/>
<pin id="776" dir="0" index="1" bw="32" slack="1"/>
<pin id="777" dir="0" index="2" bw="6" slack="0"/>
<pin id="778" dir="1" index="3" bw="1" slack="2147483647"/>
</pin_list>
<bind>
<opcode="bitselect(1000) " fcode="bitselect"/>
<opset="tmp_18/24 tmp_52/34 "/>
</bind>
</comp>

<comp id="781" class="1004" name="grp_fu_781">
<pin_list>
<pin id="782" dir="0" index="0" bw="1" slack="0"/>
<pin id="783" dir="0" index="1" bw="32" slack="1"/>
<pin id="784" dir="0" index="2" bw="6" slack="0"/>
<pin id="785" dir="1" index="3" bw="1" slack="2147483647"/>
</pin_list>
<bind>
<opcode="bitselect(1000) " fcode="bitselect"/>
<opset="tmp_19/24 tmp_53/34 "/>
</bind>
</comp>

<comp id="788" class="1004" name="grp_fu_788">
<pin_list>
<pin id="789" dir="0" index="0" bw="1" slack="0"/>
<pin id="790" dir="0" index="1" bw="32" slack="1"/>
<pin id="791" dir="0" index="2" bw="6" slack="0"/>
<pin id="792" dir="1" index="3" bw="1" slack="2147483647"/>
</pin_list>
<bind>
<opcode="bitselect(1000) " fcode="bitselect"/>
<opset="tmp_20/24 tmp_54/34 "/>
</bind>
</comp>

<comp id="795" class="1004" name="grp_fu_795">
<pin_list>
<pin id="796" dir="0" index="0" bw="1" slack="0"/>
<pin id="797" dir="0" index="1" bw="32" slack="1"/>
<pin id="798" dir="0" index="2" bw="6" slack="0"/>
<pin id="799" dir="1" index="3" bw="1" slack="2147483647"/>
</pin_list>
<bind>
<opcode="bitselect(1000) " fcode="bitselect"/>
<opset="tmp_21/24 tmp_55/34 "/>
</bind>
</comp>

<comp id="802" class="1004" name="grp_fu_802">
<pin_list>
<pin id="803" dir="0" index="0" bw="1" slack="0"/>
<pin id="804" dir="0" index="1" bw="32" slack="1"/>
<pin id="805" dir="0" index="2" bw="6" slack="0"/>
<pin id="806" dir="1" index="3" bw="1" slack="2147483647"/>
</pin_list>
<bind>
<opcode="bitselect(1000) " fcode="bitselect"/>
<opset="tmp_22/24 tmp_56/34 "/>
</bind>
</comp>

<comp id="809" class="1004" name="grp_fu_809">
<pin_list>
<pin id="810" dir="0" index="0" bw="1" slack="0"/>
<pin id="811" dir="0" index="1" bw="32" slack="1"/>
<pin id="812" dir="0" index="2" bw="6" slack="0"/>
<pin id="813" dir="1" index="3" bw="1" slack="2147483647"/>
</pin_list>
<bind>
<opcode="bitselect(1000) " fcode="bitselect"/>
<opset="tmp_23/24 tmp_57/34 "/>
</bind>
</comp>

<comp id="816" class="1004" name="grp_fu_816">
<pin_list>
<pin id="817" dir="0" index="0" bw="1" slack="0"/>
<pin id="818" dir="0" index="1" bw="32" slack="1"/>
<pin id="819" dir="0" index="2" bw="6" slack="0"/>
<pin id="820" dir="1" index="3" bw="1" slack="2147483647"/>
</pin_list>
<bind>
<opcode="bitselect(1000) " fcode="bitselect"/>
<opset="tmp_24/24 tmp_58/34 "/>
</bind>
</comp>

<comp id="823" class="1004" name="grp_fu_823">
<pin_list>
<pin id="824" dir="0" index="0" bw="1" slack="0"/>
<pin id="825" dir="0" index="1" bw="32" slack="1"/>
<pin id="826" dir="0" index="2" bw="6" slack="0"/>
<pin id="827" dir="1" index="3" bw="1" slack="2147483647"/>
</pin_list>
<bind>
<opcode="bitselect(1000) " fcode="bitselect"/>
<opset="tmp_25/24 tmp_59/34 "/>
</bind>
</comp>

<comp id="830" class="1004" name="grp_fu_830">
<pin_list>
<pin id="831" dir="0" index="0" bw="1" slack="0"/>
<pin id="832" dir="0" index="1" bw="32" slack="1"/>
<pin id="833" dir="0" index="2" bw="5" slack="0"/>
<pin id="834" dir="1" index="3" bw="1" slack="2147483647"/>
</pin_list>
<bind>
<opcode="bitselect(1000) " fcode="bitselect"/>
<opset="tmp_26/24 tmp_60/34 "/>
</bind>
</comp>

<comp id="837" class="1004" name="grp_fu_837">
<pin_list>
<pin id="838" dir="0" index="0" bw="1" slack="0"/>
<pin id="839" dir="0" index="1" bw="32" slack="1"/>
<pin id="840" dir="0" index="2" bw="5" slack="0"/>
<pin id="841" dir="1" index="3" bw="1" slack="2147483647"/>
</pin_list>
<bind>
<opcode="bitselect(1000) " fcode="bitselect"/>
<opset="tmp_27/24 tmp_61/34 "/>
</bind>
</comp>

<comp id="844" class="1004" name="grp_fu_844">
<pin_list>
<pin id="845" dir="0" index="0" bw="1" slack="0"/>
<pin id="846" dir="0" index="1" bw="32" slack="1"/>
<pin id="847" dir="0" index="2" bw="5" slack="0"/>
<pin id="848" dir="1" index="3" bw="1" slack="2147483647"/>
</pin_list>
<bind>
<opcode="bitselect(1000) " fcode="bitselect"/>
<opset="tmp_28/24 tmp_62/34 "/>
</bind>
</comp>

<comp id="851" class="1004" name="grp_fu_851">
<pin_list>
<pin id="852" dir="0" index="0" bw="1" slack="0"/>
<pin id="853" dir="0" index="1" bw="32" slack="1"/>
<pin id="854" dir="0" index="2" bw="5" slack="0"/>
<pin id="855" dir="1" index="3" bw="1" slack="2147483647"/>
</pin_list>
<bind>
<opcode="bitselect(1000) " fcode="bitselect"/>
<opset="tmp_29/24 tmp_63/34 "/>
</bind>
</comp>

<comp id="858" class="1004" name="grp_fu_858">
<pin_list>
<pin id="859" dir="0" index="0" bw="1" slack="0"/>
<pin id="860" dir="0" index="1" bw="32" slack="1"/>
<pin id="861" dir="0" index="2" bw="5" slack="0"/>
<pin id="862" dir="1" index="3" bw="1" slack="2147483647"/>
</pin_list>
<bind>
<opcode="bitselect(1000) " fcode="bitselect"/>
<opset="tmp_30/24 tmp_64/34 "/>
</bind>
</comp>

<comp id="865" class="1004" name="grp_fu_865">
<pin_list>
<pin id="866" dir="0" index="0" bw="1" slack="0"/>
<pin id="867" dir="0" index="1" bw="32" slack="1"/>
<pin id="868" dir="0" index="2" bw="5" slack="0"/>
<pin id="869" dir="1" index="3" bw="1" slack="2147483647"/>
</pin_list>
<bind>
<opcode="bitselect(1000) " fcode="bitselect"/>
<opset="tmp_31/24 tmp_65/34 "/>
</bind>
</comp>

<comp id="872" class="1004" name="grp_fu_872">
<pin_list>
<pin id="873" dir="0" index="0" bw="1" slack="0"/>
<pin id="874" dir="0" index="1" bw="32" slack="1"/>
<pin id="875" dir="0" index="2" bw="5" slack="0"/>
<pin id="876" dir="1" index="3" bw="1" slack="2147483647"/>
</pin_list>
<bind>
<opcode="bitselect(1000) " fcode="bitselect"/>
<opset="tmp_32/24 tmp_66/34 "/>
</bind>
</comp>

<comp id="879" class="1004" name="grp_fu_879">
<pin_list>
<pin id="880" dir="0" index="0" bw="1" slack="0"/>
<pin id="881" dir="0" index="1" bw="32" slack="1"/>
<pin id="882" dir="0" index="2" bw="5" slack="0"/>
<pin id="883" dir="1" index="3" bw="1" slack="2147483647"/>
</pin_list>
<bind>
<opcode="bitselect(1000) " fcode="bitselect"/>
<opset="tmp_33/24 tmp_67/34 "/>
</bind>
</comp>

<comp id="886" class="1004" name="grp_fu_886">
<pin_list>
<pin id="887" dir="0" index="0" bw="1" slack="0"/>
<pin id="888" dir="0" index="1" bw="32" slack="1"/>
<pin id="889" dir="0" index="2" bw="4" slack="0"/>
<pin id="890" dir="1" index="3" bw="1" slack="2147483647"/>
</pin_list>
<bind>
<opcode="bitselect(1000) " fcode="bitselect"/>
<opset="tmp_34/24 tmp_68/34 "/>
</bind>
</comp>

<comp id="893" class="1004" name="grp_fu_893">
<pin_list>
<pin id="894" dir="0" index="0" bw="1" slack="0"/>
<pin id="895" dir="0" index="1" bw="32" slack="1"/>
<pin id="896" dir="0" index="2" bw="4" slack="0"/>
<pin id="897" dir="1" index="3" bw="1" slack="2147483647"/>
</pin_list>
<bind>
<opcode="bitselect(1000) " fcode="bitselect"/>
<opset="tmp_35/24 tmp_69/34 "/>
</bind>
</comp>

<comp id="900" class="1004" name="grp_fu_900">
<pin_list>
<pin id="901" dir="0" index="0" bw="1" slack="0"/>
<pin id="902" dir="0" index="1" bw="32" slack="1"/>
<pin id="903" dir="0" index="2" bw="4" slack="0"/>
<pin id="904" dir="1" index="3" bw="1" slack="2147483647"/>
</pin_list>
<bind>
<opcode="bitselect(1000) " fcode="bitselect"/>
<opset="tmp_36/24 tmp_70/34 "/>
</bind>
</comp>

<comp id="907" class="1004" name="grp_fu_907">
<pin_list>
<pin id="908" dir="0" index="0" bw="1" slack="0"/>
<pin id="909" dir="0" index="1" bw="32" slack="1"/>
<pin id="910" dir="0" index="2" bw="4" slack="0"/>
<pin id="911" dir="1" index="3" bw="1" slack="2147483647"/>
</pin_list>
<bind>
<opcode="bitselect(1000) " fcode="bitselect"/>
<opset="tmp_37/24 tmp_71/34 "/>
</bind>
</comp>

<comp id="914" class="1004" name="grp_fu_914">
<pin_list>
<pin id="915" dir="0" index="0" bw="1" slack="0"/>
<pin id="916" dir="0" index="1" bw="32" slack="1"/>
<pin id="917" dir="0" index="2" bw="3" slack="0"/>
<pin id="918" dir="1" index="3" bw="1" slack="2147483647"/>
</pin_list>
<bind>
<opcode="bitselect(1000) " fcode="bitselect"/>
<opset="tmp_38/24 tmp_72/34 "/>
</bind>
</comp>

<comp id="921" class="1004" name="grp_fu_921">
<pin_list>
<pin id="922" dir="0" index="0" bw="1" slack="0"/>
<pin id="923" dir="0" index="1" bw="32" slack="1"/>
<pin id="924" dir="0" index="2" bw="3" slack="0"/>
<pin id="925" dir="1" index="3" bw="1" slack="2147483647"/>
</pin_list>
<bind>
<opcode="bitselect(1000) " fcode="bitselect"/>
<opset="tmp_39/24 tmp_73/34 "/>
</bind>
</comp>

<comp id="928" class="1004" name="grp_fu_928">
<pin_list>
<pin id="929" dir="0" index="0" bw="1" slack="0"/>
<pin id="930" dir="0" index="1" bw="32" slack="1"/>
<pin id="931" dir="0" index="2" bw="1" slack="0"/>
<pin id="932" dir="1" index="3" bw="1" slack="2147483647"/>
</pin_list>
<bind>
<opcode="bitselect(1000) " fcode="bitselect"/>
<opset="tmp_40/24 tmp_74/34 "/>
</bind>
</comp>

<comp id="935" class="1004" name="grp_fu_935">
<pin_list>
<pin id="936" dir="0" index="0" bw="32" slack="0"/>
<pin id="937" dir="0" index="1" bw="47" slack="0"/>
<pin id="938" dir="0" index="2" bw="5" slack="0"/>
<pin id="939" dir="0" index="3" bw="7" slack="0"/>
<pin id="940" dir="1" index="4" bw="32" slack="1"/>
</pin_list>
<bind>
<opcode="partselect(1002) " fcode="partselect"/>
<opset="trunc_ln4/27 trunc_ln137_1/30 "/>
</bind>
</comp>

<comp id="945" class="1005" name="reg_945">
<pin_list>
<pin id="946" dir="0" index="0" bw="31" slack="1"/>
<pin id="947" dir="1" index="1" bw="31" slack="1"/>
</pin_list>
<bind>
<opset="m RECIP_M_Q30_load "/>
</bind>
</comp>

<comp id="949" class="1005" name="reg_949">
<pin_list>
<pin id="950" dir="0" index="0" bw="31" slack="2"/>
<pin id="951" dir="1" index="1" bw="31" slack="2"/>
</pin_list>
<bind>
<opset="b RECIP_B_Q30_load "/>
</bind>
</comp>

<comp id="953" class="1005" name="reg_953">
<pin_list>
<pin id="954" dir="0" index="0" bw="32" slack="1"/>
<pin id="955" dir="1" index="1" bw="32" slack="1"/>
</pin_list>
<bind>
<opset="trunc_ln4 trunc_ln137_1 "/>
</bind>
</comp>

<comp id="957" class="1004" name="trunc_ln154_fu_957">
<pin_list>
<pin id="958" dir="0" index="0" bw="32" slack="0"/>
<pin id="959" dir="1" index="1" bw="9" slack="1"/>
</pin_list>
<bind>
<opcode="trunc(33) " fcode="trunc"/>
<opset="trunc_ln154/1 "/>
</bind>
</comp>

<comp id="961" class="1004" name="icmp_ln168_fu_961">
<pin_list>
<pin id="962" dir="0" index="0" bw="32" slack="0"/>
<pin id="963" dir="0" index="1" bw="1" slack="0"/>
<pin id="964" dir="1" index="2" bw="1" slack="40"/>
</pin_list>
<bind>
<opcode="icmp(45) " fcode="icmp"/>
<opset="icmp_ln168/1 "/>
</bind>
</comp>

<comp id="967" class="1004" name="icmp_ln169_fu_967">
<pin_list>
<pin id="968" dir="0" index="0" bw="32" slack="0"/>
<pin id="969" dir="0" index="1" bw="10" slack="0"/>
<pin id="970" dir="1" index="2" bw="1" slack="1"/>
</pin_list>
<bind>
<opcode="icmp(45) " fcode="icmp"/>
<opset="icmp_ln169/1 "/>
</bind>
</comp>

<comp id="973" class="1004" name="tmp_s_fu_973">
<pin_list>
<pin id="974" dir="0" index="0" bw="30" slack="0"/>
<pin id="975" dir="0" index="1" bw="32" slack="0"/>
<pin id="976" dir="0" index="2" bw="3" slack="0"/>
<pin id="977" dir="0" index="3" bw="6" slack="0"/>
<pin id="978" dir="1" index="4" bw="30" slack="0"/>
</pin_list>
<bind>
<opcode="partselect(1002) " fcode="partselect"/>
<opset="tmp_s/1 "/>
</bind>
</comp>

<comp id="983" class="1004" name="and_ln_fu_983">
<pin_list>
<pin id="984" dir="0" index="0" bw="32" slack="0"/>
<pin id="985" dir="0" index="1" bw="30" slack="0"/>
<pin id="986" dir="0" index="2" bw="1" slack="0"/>
<pin id="987" dir="1" index="3" bw="32" slack="0"/>
</pin_list>
<bind>
<opcode="bitconcatenate(1004) " fcode="bitconcatenate"/>
<opset="and_ln/1 "/>
</bind>
</comp>

<comp id="991" class="1004" name="zext_ln176_fu_991">
<pin_list>
<pin id="992" dir="0" index="0" bw="32" slack="0"/>
<pin id="993" dir="1" index="1" bw="64" slack="0"/>
</pin_list>
<bind>
<opcode="zext(34) " fcode="zext"/>
<opset="zext_ln176/1 "/>
</bind>
</comp>

<comp id="995" class="1004" name="add_ln176_fu_995">
<pin_list>
<pin id="996" dir="0" index="0" bw="32" slack="0"/>
<pin id="997" dir="0" index="1" bw="64" slack="0"/>
<pin id="998" dir="1" index="2" bw="64" slack="0"/>
</pin_list>
<bind>
<opcode="add(8) " fcode="add"/>
<opset="add_ln176/1 "/>
</bind>
</comp>

<comp id="1001" class="1004" name="trunc_ln1_fu_1001">
<pin_list>
<pin id="1002" dir="0" index="0" bw="62" slack="0"/>
<pin id="1003" dir="0" index="1" bw="64" slack="0"/>
<pin id="1004" dir="0" index="2" bw="3" slack="0"/>
<pin id="1005" dir="0" index="3" bw="7" slack="0"/>
<pin id="1006" dir="1" index="4" bw="62" slack="1"/>
</pin_list>
<bind>
<opcode="partselect(1002) " fcode="partselect"/>
<opset="trunc_ln1/1 "/>
</bind>
</comp>

<comp id="1011" class="1004" name="tmp_1_fu_1011">
<pin_list>
<pin id="1012" dir="0" index="0" bw="30" slack="0"/>
<pin id="1013" dir="0" index="1" bw="32" slack="0"/>
<pin id="1014" dir="0" index="2" bw="3" slack="0"/>
<pin id="1015" dir="0" index="3" bw="6" slack="0"/>
<pin id="1016" dir="1" index="4" bw="30" slack="23"/>
</pin_list>
<bind>
<opcode="partselect(1002) " fcode="partselect"/>
<opset="tmp_1/1 "/>
</bind>
</comp>

<comp id="1021" class="1004" name="select_ln169_fu_1021">
<pin_list>
<pin id="1022" dir="0" index="0" bw="1" slack="1"/>
<pin id="1023" dir="0" index="1" bw="9" slack="0"/>
<pin id="1024" dir="0" index="2" bw="9" slack="1"/>
<pin id="1025" dir="1" index="3" bw="9" slack="0"/>
</pin_list>
<bind>
<opcode="select(49) " fcode="select"/>
<opset="select_ln169/2 "/>
</bind>
</comp>

<comp id="1027" class="1004" name="zext_ln176_1_fu_1027">
<pin_list>
<pin id="1028" dir="0" index="0" bw="32" slack="1"/>
<pin id="1029" dir="1" index="1" bw="33" slack="0"/>
</pin_list>
<bind>
<opcode="zext(34) " fcode="zext"/>
<opset="zext_ln176_1/2 "/>
</bind>
</comp>

<comp id="1030" class="1004" name="sext_ln176_fu_1030">
<pin_list>
<pin id="1031" dir="0" index="0" bw="62" slack="1"/>
<pin id="1032" dir="1" index="1" bw="64" slack="0"/>
</pin_list>
<bind>
<opcode="sext(35) " fcode="sext"/>
<opset="sext_ln176/2 "/>
</bind>
</comp>

<comp id="1033" class="1004" name="gmem_addr_fu_1033">
<pin_list>
<pin id="1034" dir="0" index="0" bw="32" slack="0"/>
<pin id="1035" dir="0" index="1" bw="62" slack="0"/>
<pin id="1036" dir="1" index="2" bw="32" slack="0"/>
</pin_list>
<bind>
<opcode="getelementptr(29) " fcode="getelementptr"/>
<opset="gmem_addr/2 "/>
</bind>
</comp>

<comp id="1040" class="1004" name="tmp_fu_1040">
<pin_list>
<pin id="1041" dir="0" index="0" bw="8" slack="0"/>
<pin id="1042" dir="0" index="1" bw="9" slack="0"/>
<pin id="1043" dir="0" index="2" bw="1" slack="0"/>
<pin id="1044" dir="0" index="3" bw="5" slack="0"/>
<pin id="1045" dir="1" index="4" bw="8" slack="0"/>
</pin_list>
<bind>
<opcode="partselect(1002) " fcode="partselect"/>
<opset="tmp/2 "/>
</bind>
</comp>

<comp id="1050" class="1004" name="icmp_ln177_fu_1050">
<pin_list>
<pin id="1051" dir="0" index="0" bw="8" slack="0"/>
<pin id="1052" dir="0" index="1" bw="1" slack="0"/>
<pin id="1053" dir="1" index="2" bw="1" slack="0"/>
</pin_list>
<bind>
<opcode="icmp(45) " fcode="icmp"/>
<opset="icmp_ln177/2 "/>
</bind>
</comp>

<comp id="1056" class="1004" name="trunc_ln177_fu_1056">
<pin_list>
<pin id="1057" dir="0" index="0" bw="9" slack="0"/>
<pin id="1058" dir="1" index="1" bw="8" slack="0"/>
</pin_list>
<bind>
<opcode="trunc(33) " fcode="trunc"/>
<opset="trunc_ln177/2 "/>
</bind>
</comp>

<comp id="1060" class="1004" name="add_ln177_fu_1060">
<pin_list>
<pin id="1061" dir="0" index="0" bw="8" slack="0"/>
<pin id="1062" dir="0" index="1" bw="1" slack="0"/>
<pin id="1063" dir="1" index="2" bw="8" slack="0"/>
</pin_list>
<bind>
<opcode="add(8) " fcode="add"/>
<opset="add_ln177/2 "/>
</bind>
</comp>

<comp id="1066" class="1004" name="add_ln177_1_fu_1066">
<pin_list>
<pin id="1067" dir="0" index="0" bw="32" slack="0"/>
<pin id="1068" dir="0" index="1" bw="4" slack="0"/>
<pin id="1069" dir="1" index="2" bw="33" slack="0"/>
</pin_list>
<bind>
<opcode="add(8) " fcode="add"/>
<opset="add_ln177_1/2 "/>
</bind>
</comp>

<comp id="1072" class="1004" name="zext_ln177_fu_1072">
<pin_list>
<pin id="1073" dir="0" index="0" bw="33" slack="0"/>
<pin id="1074" dir="1" index="1" bw="64" slack="0"/>
</pin_list>
<bind>
<opcode="zext(34) " fcode="zext"/>
<opset="zext_ln177/2 "/>
</bind>
</comp>

<comp id="1076" class="1004" name="add_ln177_2_fu_1076">
<pin_list>
<pin id="1077" dir="0" index="0" bw="33" slack="0"/>
<pin id="1078" dir="0" index="1" bw="64" slack="1"/>
<pin id="1079" dir="1" index="2" bw="64" slack="0"/>
</pin_list>
<bind>
<opcode="add(8) " fcode="add"/>
<opset="add_ln177_2/2 "/>
</bind>
</comp>

<comp id="1081" class="1004" name="trunc_ln2_fu_1081">
<pin_list>
<pin id="1082" dir="0" index="0" bw="62" slack="0"/>
<pin id="1083" dir="0" index="1" bw="64" slack="0"/>
<pin id="1084" dir="0" index="2" bw="3" slack="0"/>
<pin id="1085" dir="0" index="3" bw="7" slack="0"/>
<pin id="1086" dir="1" index="4" bw="62" slack="1"/>
</pin_list>
<bind>
<opcode="partselect(1002) " fcode="partselect"/>
<opset="trunc_ln2/2 "/>
</bind>
</comp>

<comp id="1091" class="1004" name="empty_fu_1091">
<pin_list>
<pin id="1092" dir="0" index="0" bw="1" slack="0"/>
<pin id="1093" dir="0" index="1" bw="8" slack="0"/>
<pin id="1094" dir="0" index="2" bw="1" slack="0"/>
<pin id="1095" dir="1" index="3" bw="8" slack="1"/>
</pin_list>
<bind>
<opcode="select(49) " fcode="select"/>
<opset="empty/2 "/>
</bind>
</comp>

<comp id="1099" class="1004" name="sext_ln177_fu_1099">
<pin_list>
<pin id="1100" dir="0" index="0" bw="62" slack="1"/>
<pin id="1101" dir="1" index="1" bw="64" slack="0"/>
</pin_list>
<bind>
<opcode="sext(35) " fcode="sext"/>
<opset="sext_ln177/3 "/>
</bind>
</comp>

<comp id="1102" class="1004" name="gmem_addr_1_fu_1102">
<pin_list>
<pin id="1103" dir="0" index="0" bw="32" slack="0"/>
<pin id="1104" dir="0" index="1" bw="62" slack="0"/>
<pin id="1105" dir="1" index="2" bw="32" slack="0"/>
</pin_list>
<bind>
<opcode="getelementptr(29) " fcode="getelementptr"/>
<opset="gmem_addr_1/3 "/>
</bind>
</comp>

<comp id="1109" class="1004" name="zext_ln177_1_fu_1109">
<pin_list>
<pin id="1110" dir="0" index="0" bw="8" slack="1"/>
<pin id="1111" dir="1" index="1" bw="64" slack="0"/>
</pin_list>
<bind>
<opcode="zext(34) " fcode="zext"/>
<opset="zext_ln177_1/3 "/>
</bind>
</comp>

<comp id="1113" class="1004" name="select_ln188_fu_1113">
<pin_list>
<pin id="1114" dir="0" index="0" bw="1" slack="10"/>
<pin id="1115" dir="0" index="1" bw="9" slack="10"/>
<pin id="1116" dir="0" index="2" bw="1" slack="0"/>
<pin id="1117" dir="1" index="3" bw="9" slack="1"/>
</pin_list>
<bind>
<opcode="select(49) " fcode="select"/>
<opset="select_ln188/12 "/>
</bind>
</comp>

<comp id="1119" class="1004" name="zext_ln188_fu_1119">
<pin_list>
<pin id="1120" dir="0" index="0" bw="9" slack="1"/>
<pin id="1121" dir="1" index="1" bw="64" slack="0"/>
</pin_list>
<bind>
<opcode="zext(34) " fcode="zext"/>
<opset="zext_ln188/13 "/>
</bind>
</comp>

<comp id="1123" class="1004" name="max_x_1_loc_load_load_fu_1123">
<pin_list>
<pin id="1124" dir="0" index="0" bw="32" slack="20"/>
<pin id="1125" dir="1" index="1" bw="32" slack="0"/>
</pin_list>
<bind>
<opcode="load(27) " fcode="load"/>
<opset="max_x_1_loc_load/21 "/>
</bind>
</comp>

<comp id="1127" class="1004" name="sum64_loc_load_load_fu_1127">
<pin_list>
<pin id="1128" dir="0" index="0" bw="40" slack="22"/>
<pin id="1129" dir="1" index="1" bw="40" slack="0"/>
</pin_list>
<bind>
<opcode="load(27) " fcode="load"/>
<opset="sum64_loc_load/23 "/>
</bind>
</comp>

<comp id="1130" class="1004" name="icmp_ln197_fu_1130">
<pin_list>
<pin id="1131" dir="0" index="0" bw="40" slack="0"/>
<pin id="1132" dir="0" index="1" bw="1" slack="0"/>
<pin id="1133" dir="1" index="2" bw="1" slack="0"/>
</pin_list>
<bind>
<opcode="icmp(45) " fcode="icmp"/>
<opset="icmp_ln197/23 "/>
</bind>
</comp>

<comp id="1136" class="1004" name="sum_fu_1136">
<pin_list>
<pin id="1137" dir="0" index="0" bw="40" slack="0"/>
<pin id="1138" dir="1" index="1" bw="32" slack="0"/>
</pin_list>
<bind>
<opcode="trunc(33) " fcode="trunc"/>
<opset="sum/23 "/>
</bind>
</comp>

<comp id="1140" class="1004" name="sum_2_fu_1140">
<pin_list>
<pin id="1141" dir="0" index="0" bw="1" slack="0"/>
<pin id="1142" dir="0" index="1" bw="1" slack="0"/>
<pin id="1143" dir="0" index="2" bw="32" slack="0"/>
<pin id="1144" dir="1" index="3" bw="32" slack="1"/>
</pin_list>
<bind>
<opcode="select(49) " fcode="select"/>
<opset="sum_2/23 "/>
</bind>
</comp>

<comp id="1148" class="1004" name="zext_ln184_fu_1148">
<pin_list>
<pin id="1149" dir="0" index="0" bw="30" slack="23"/>
<pin id="1150" dir="1" index="1" bw="31" slack="8"/>
</pin_list>
<bind>
<opcode="zext(34) " fcode="zext"/>
<opset="zext_ln184/24 "/>
</bind>
</comp>

<comp id="1151" class="1004" name="icmp_ln112_fu_1151">
<pin_list>
<pin id="1152" dir="0" index="0" bw="32" slack="1"/>
<pin id="1153" dir="0" index="1" bw="1" slack="0"/>
<pin id="1154" dir="1" index="2" bw="1" slack="5"/>
</pin_list>
<bind>
<opcode="icmp(45) " fcode="icmp"/>
<opset="icmp_ln112/24 "/>
</bind>
</comp>

<comp id="1156" class="1004" name="trunc_ln119_fu_1156">
<pin_list>
<pin id="1157" dir="0" index="0" bw="32" slack="1"/>
<pin id="1158" dir="1" index="1" bw="1" slack="0"/>
</pin_list>
<bind>
<opcode="trunc(33) " fcode="trunc"/>
<opset="trunc_ln119/24 "/>
</bind>
</comp>

<comp id="1159" class="1004" name="xor_ln119_fu_1159">
<pin_list>
<pin id="1160" dir="0" index="0" bw="1" slack="0"/>
<pin id="1161" dir="0" index="1" bw="1" slack="0"/>
<pin id="1162" dir="1" index="2" bw="1" slack="0"/>
</pin_list>
<bind>
<opcode="xor(25) " fcode="xor"/>
<opset="xor_ln119/24 "/>
</bind>
</comp>

<comp id="1165" class="1004" name="select_ln119_fu_1165">
<pin_list>
<pin id="1166" dir="0" index="0" bw="1" slack="0"/>
<pin id="1167" dir="0" index="1" bw="1" slack="0"/>
<pin id="1168" dir="0" index="2" bw="1" slack="0"/>
<pin id="1169" dir="1" index="3" bw="5" slack="1"/>
</pin_list>
<bind>
<opcode="select(49) " fcode="select"/>
<opset="select_ln119/24 "/>
</bind>
</comp>

<comp id="1173" class="1004" name="tmp_41_fu_1173">
<pin_list>
<pin id="1174" dir="0" index="0" bw="1" slack="0"/>
<pin id="1175" dir="0" index="1" bw="5" slack="0"/>
<pin id="1176" dir="0" index="2" bw="4" slack="0"/>
<pin id="1177" dir="1" index="3" bw="1" slack="2147483647"/>
</pin_list>
<bind>
<opcode="bitselect(1000) " fcode="bitselect"/>
<opset="tmp_41/25 "/>
</bind>
</comp>

<comp id="1181" class="1004" name="sub_ln126_fu_1181">
<pin_list>
<pin id="1182" dir="0" index="0" bw="5" slack="0"/>
<pin id="1183" dir="0" index="1" bw="5" slack="0"/>
<pin id="1184" dir="1" index="2" bw="5" slack="0"/>
</pin_list>
<bind>
<opcode="sub(10) " fcode="sub"/>
<opset="sub_ln126/25 "/>
</bind>
</comp>

<comp id="1187" class="1004" name="sext_ln126_fu_1187">
<pin_list>
<pin id="1188" dir="0" index="0" bw="5" slack="0"/>
<pin id="1189" dir="1" index="1" bw="32" slack="0"/>
</pin_list>
<bind>
<opcode="sext(35) " fcode="sext"/>
<opset="sext_ln126/25 "/>
</bind>
</comp>

<comp id="1191" class="1004" name="shl_ln126_fu_1191">
<pin_list>
<pin id="1192" dir="0" index="0" bw="32" slack="2"/>
<pin id="1193" dir="0" index="1" bw="5" slack="0"/>
<pin id="1194" dir="1" index="2" bw="32" slack="0"/>
</pin_list>
<bind>
<opcode="shl(20) " fcode="shl"/>
<opset="shl_ln126/25 "/>
</bind>
</comp>

<comp id="1196" class="1004" name="x_q1_15_fu_1196">
<pin_list>
<pin id="1197" dir="0" index="0" bw="32" slack="0"/>
<pin id="1198" dir="1" index="1" bw="16" slack="2"/>
</pin_list>
<bind>
<opcode="trunc(33) " fcode="trunc"/>
<opset="x_q1_15/25 "/>
</bind>
</comp>

<comp id="1200" class="1004" name="seg_fu_1200">
<pin_list>
<pin id="1201" dir="0" index="0" bw="4" slack="0"/>
<pin id="1202" dir="0" index="1" bw="32" slack="0"/>
<pin id="1203" dir="0" index="2" bw="5" slack="0"/>
<pin id="1204" dir="0" index="3" bw="5" slack="0"/>
<pin id="1205" dir="1" index="4" bw="4" slack="0"/>
</pin_list>
<bind>
<opcode="partselect(1002) " fcode="partselect"/>
<opset="seg/25 "/>
</bind>
</comp>

<comp id="1210" class="1004" name="zext_ln133_fu_1210">
<pin_list>
<pin id="1211" dir="0" index="0" bw="4" slack="0"/>
<pin id="1212" dir="1" index="1" bw="64" slack="0"/>
</pin_list>
<bind>
<opcode="zext(34) " fcode="zext"/>
<opset="zext_ln133/25 "/>
</bind>
</comp>

<comp id="1216" class="1004" name="add_ln127_fu_1216">
<pin_list>
<pin id="1217" dir="0" index="0" bw="5" slack="0"/>
<pin id="1218" dir="0" index="1" bw="5" slack="0"/>
<pin id="1219" dir="1" index="2" bw="5" slack="0"/>
</pin_list>
<bind>
<opcode="add(8) " fcode="add"/>
<opset="add_ln127/25 "/>
</bind>
</comp>

<comp id="1222" class="1004" name="zext_ln127_fu_1222">
<pin_list>
<pin id="1223" dir="0" index="0" bw="5" slack="0"/>
<pin id="1224" dir="1" index="1" bw="32" slack="0"/>
</pin_list>
<bind>
<opcode="zext(34) " fcode="zext"/>
<opset="zext_ln127/25 "/>
</bind>
</comp>

<comp id="1226" class="1004" name="lshr_ln127_fu_1226">
<pin_list>
<pin id="1227" dir="0" index="0" bw="32" slack="2"/>
<pin id="1228" dir="0" index="1" bw="5" slack="0"/>
<pin id="1229" dir="1" index="2" bw="32" slack="0"/>
</pin_list>
<bind>
<opcode="lshr(21) " fcode="lshr"/>
<opset="lshr_ln127/25 "/>
</bind>
</comp>

<comp id="1231" class="1004" name="trunc_ln127_fu_1231">
<pin_list>
<pin id="1232" dir="0" index="0" bw="32" slack="0"/>
<pin id="1233" dir="1" index="1" bw="16" slack="2"/>
</pin_list>
<bind>
<opcode="trunc(33) " fcode="trunc"/>
<opset="trunc_ln127/25 "/>
</bind>
</comp>

<comp id="1235" class="1004" name="lshr_ln_fu_1235">
<pin_list>
<pin id="1236" dir="0" index="0" bw="4" slack="0"/>
<pin id="1237" dir="0" index="1" bw="32" slack="0"/>
<pin id="1238" dir="0" index="2" bw="5" slack="0"/>
<pin id="1239" dir="0" index="3" bw="5" slack="0"/>
<pin id="1240" dir="1" index="4" bw="4" slack="0"/>
</pin_list>
<bind>
<opcode="partselect(1002) " fcode="partselect"/>
<opset="lshr_ln/25 "/>
</bind>
</comp>

<comp id="1245" class="1004" name="zext_ln133_1_fu_1245">
<pin_list>
<pin id="1246" dir="0" index="0" bw="4" slack="0"/>
<pin id="1247" dir="1" index="1" bw="64" slack="0"/>
</pin_list>
<bind>
<opcode="zext(34) " fcode="zext"/>
<opset="zext_ln133_1/25 "/>
</bind>
</comp>

<comp id="1251" class="1004" name="sext_ln136_fu_1251">
<pin_list>
<pin id="1252" dir="0" index="0" bw="31" slack="1"/>
<pin id="1253" dir="1" index="1" bw="47" slack="0"/>
</pin_list>
<bind>
<opcode="sext(35) " fcode="sext"/>
<opset="sext_ln136/27 "/>
</bind>
</comp>

<comp id="1256" class="1004" name="zext_ln136_fu_1256">
<pin_list>
<pin id="1257" dir="0" index="0" bw="16" slack="2"/>
<pin id="1258" dir="1" index="1" bw="47" slack="0"/>
</pin_list>
<bind>
<opcode="zext(34) " fcode="zext"/>
<opset="zext_ln136/27 "/>
</bind>
</comp>

<comp id="1260" class="1004" name="zext_ln134_fu_1260">
<pin_list>
<pin id="1261" dir="0" index="0" bw="31" slack="2"/>
<pin id="1262" dir="1" index="1" bw="32" slack="0"/>
</pin_list>
<bind>
<opcode="zext(34) " fcode="zext"/>
<opset="zext_ln134/28 "/>
</bind>
</comp>

<comp id="1264" class="1004" name="inv_x_q30_fu_1264">
<pin_list>
<pin id="1265" dir="0" index="0" bw="31" slack="0"/>
<pin id="1266" dir="0" index="1" bw="32" slack="1"/>
<pin id="1267" dir="1" index="2" bw="32" slack="0"/>
</pin_list>
<bind>
<opcode="add(8) " fcode="add"/>
<opset="inv_x_q30/28 "/>
</bind>
</comp>

<comp id="1270" class="1004" name="sext_ln143_fu_1270">
<pin_list>
<pin id="1271" dir="0" index="0" bw="32" slack="0"/>
<pin id="1272" dir="1" index="1" bw="48" slack="0"/>
</pin_list>
<bind>
<opcode="sext(35) " fcode="sext"/>
<opset="sext_ln143/28 "/>
</bind>
</comp>

<comp id="1274" class="1004" name="sub_ln145_fu_1274">
<pin_list>
<pin id="1275" dir="0" index="0" bw="5" slack="0"/>
<pin id="1276" dir="0" index="1" bw="5" slack="3"/>
<pin id="1277" dir="1" index="2" bw="5" slack="0"/>
</pin_list>
<bind>
<opcode="sub(10) " fcode="sub"/>
<opset="sub_ln145/28 "/>
</bind>
</comp>

<comp id="1280" class="1004" name="zext_ln145_fu_1280">
<pin_list>
<pin id="1281" dir="0" index="0" bw="5" slack="0"/>
<pin id="1282" dir="1" index="1" bw="48" slack="0"/>
</pin_list>
<bind>
<opcode="zext(34) " fcode="zext"/>
<opset="zext_ln145/28 "/>
</bind>
</comp>

<comp id="1284" class="1004" name="shl_ln145_fu_1284">
<pin_list>
<pin id="1285" dir="0" index="0" bw="32" slack="0"/>
<pin id="1286" dir="0" index="1" bw="5" slack="0"/>
<pin id="1287" dir="1" index="2" bw="48" slack="1"/>
</pin_list>
<bind>
<opcode="shl(20) " fcode="shl"/>
<opset="shl_ln145/28 "/>
</bind>
</comp>

<comp id="1290" class="1004" name="sext_ln136_1_fu_1290">
<pin_list>
<pin id="1291" dir="0" index="0" bw="31" slack="1"/>
<pin id="1292" dir="1" index="1" bw="47" slack="0"/>
</pin_list>
<bind>
<opcode="sext(35) " fcode="sext"/>
<opset="sext_ln136_1/30 "/>
</bind>
</comp>

<comp id="1295" class="1004" name="zext_ln136_1_fu_1295">
<pin_list>
<pin id="1296" dir="0" index="0" bw="16" slack="2"/>
<pin id="1297" dir="1" index="1" bw="47" slack="0"/>
</pin_list>
<bind>
<opcode="zext(34) " fcode="zext"/>
<opset="zext_ln136_1/30 "/>
</bind>
</comp>

<comp id="1299" class="1004" name="zext_ln134_1_fu_1299">
<pin_list>
<pin id="1300" dir="0" index="0" bw="31" slack="2"/>
<pin id="1301" dir="1" index="1" bw="32" slack="0"/>
</pin_list>
<bind>
<opcode="zext(34) " fcode="zext"/>
<opset="zext_ln134_1/31 "/>
</bind>
</comp>

<comp id="1303" class="1004" name="add_ln137_fu_1303">
<pin_list>
<pin id="1304" dir="0" index="0" bw="31" slack="0"/>
<pin id="1305" dir="0" index="1" bw="32" slack="1"/>
<pin id="1306" dir="1" index="2" bw="32" slack="0"/>
</pin_list>
<bind>
<opcode="add(8) " fcode="add"/>
<opset="add_ln137/31 "/>
</bind>
</comp>

<comp id="1309" class="1004" name="trunc_ln144_fu_1309">
<pin_list>
<pin id="1310" dir="0" index="0" bw="5" slack="3"/>
<pin id="1311" dir="1" index="1" bw="4" slack="0"/>
</pin_list>
<bind>
<opcode="trunc(33) " fcode="trunc"/>
<opset="trunc_ln144/31 "/>
</bind>
</comp>

<comp id="1313" class="1004" name="zext_ln144_fu_1313">
<pin_list>
<pin id="1314" dir="0" index="0" bw="4" slack="0"/>
<pin id="1315" dir="1" index="1" bw="32" slack="0"/>
</pin_list>
<bind>
<opcode="zext(34) " fcode="zext"/>
<opset="zext_ln144/31 "/>
</bind>
</comp>

<comp id="1317" class="1004" name="inv_sum_1_fu_1317">
<pin_list>
<pin id="1318" dir="0" index="0" bw="32" slack="0"/>
<pin id="1319" dir="0" index="1" bw="4" slack="0"/>
<pin id="1320" dir="1" index="2" bw="32" slack="0"/>
</pin_list>
<bind>
<opcode="ashr(22) " fcode="ashr"/>
<opset="inv_sum_1/31 "/>
</bind>
</comp>

<comp id="1323" class="1004" name="sext_ln143_1_fu_1323">
<pin_list>
<pin id="1324" dir="0" index="0" bw="32" slack="0"/>
<pin id="1325" dir="1" index="1" bw="48" slack="1"/>
</pin_list>
<bind>
<opcode="sext(35) " fcode="sext"/>
<opset="sext_ln143_1/31 "/>
</bind>
</comp>

<comp id="1327" class="1004" name="trunc_ln143_fu_1327">
<pin_list>
<pin id="1328" dir="0" index="0" bw="48" slack="0"/>
<pin id="1329" dir="1" index="1" bw="47" slack="0"/>
</pin_list>
<bind>
<opcode="trunc(33) " fcode="trunc"/>
<opset="trunc_ln143/32 "/>
</bind>
</comp>

<comp id="1331" class="1004" name="tmp_42_fu_1331">
<pin_list>
<pin id="1332" dir="0" index="0" bw="1" slack="0"/>
<pin id="1333" dir="0" index="1" bw="48" slack="0"/>
<pin id="1334" dir="0" index="2" bw="7" slack="0"/>
<pin id="1335" dir="1" index="3" bw="1" slack="0"/>
</pin_list>
<bind>
<opcode="bitselect(1000) " fcode="bitselect"/>
<opset="tmp_42/32 "/>
</bind>
</comp>

<comp id="1339" class="1004" name="inv_sum_3_fu_1339">
<pin_list>
<pin id="1340" dir="0" index="0" bw="1" slack="0"/>
<pin id="1341" dir="0" index="1" bw="1" slack="0"/>
<pin id="1342" dir="0" index="2" bw="47" slack="0"/>
<pin id="1343" dir="1" index="3" bw="47" slack="0"/>
</pin_list>
<bind>
<opcode="select(49) " fcode="select"/>
<opset="inv_sum_3/32 "/>
</bind>
</comp>

<comp id="1347" class="1004" name="tmp_43_fu_1347">
<pin_list>
<pin id="1348" dir="0" index="0" bw="16" slack="0"/>
<pin id="1349" dir="0" index="1" bw="47" slack="0"/>
<pin id="1350" dir="0" index="2" bw="6" slack="0"/>
<pin id="1351" dir="0" index="3" bw="7" slack="0"/>
<pin id="1352" dir="1" index="4" bw="16" slack="0"/>
</pin_list>
<bind>
<opcode="partselect(1002) " fcode="partselect"/>
<opset="tmp_43/32 "/>
</bind>
</comp>

<comp id="1357" class="1004" name="icmp_ln148_fu_1357">
<pin_list>
<pin id="1358" dir="0" index="0" bw="16" slack="0"/>
<pin id="1359" dir="0" index="1" bw="1" slack="0"/>
<pin id="1360" dir="1" index="2" bw="1" slack="0"/>
</pin_list>
<bind>
<opcode="icmp(45) " fcode="icmp"/>
<opset="icmp_ln148/32 "/>
</bind>
</comp>

<comp id="1363" class="1004" name="trunc_ln149_fu_1363">
<pin_list>
<pin id="1364" dir="0" index="0" bw="47" slack="0"/>
<pin id="1365" dir="1" index="1" bw="31" slack="0"/>
</pin_list>
<bind>
<opcode="trunc(33) " fcode="trunc"/>
<opset="trunc_ln149/32 "/>
</bind>
</comp>

<comp id="1367" class="1004" name="inv_sum_q30_fu_1367">
<pin_list>
<pin id="1368" dir="0" index="0" bw="1" slack="0"/>
<pin id="1369" dir="0" index="1" bw="1" slack="0"/>
<pin id="1370" dir="0" index="2" bw="31" slack="0"/>
<pin id="1371" dir="1" index="3" bw="31" slack="1"/>
</pin_list>
<bind>
<opcode="select(49) " fcode="select"/>
<opset="inv_sum_q30/32 "/>
</bind>
</comp>

<comp id="1375" class="1004" name="tmp_2_fu_1375">
<pin_list>
<pin id="1376" dir="0" index="0" bw="30" slack="0"/>
<pin id="1377" dir="0" index="1" bw="32" slack="28"/>
<pin id="1378" dir="0" index="2" bw="3" slack="0"/>
<pin id="1379" dir="0" index="3" bw="6" slack="0"/>
<pin id="1380" dir="1" index="4" bw="30" slack="1"/>
</pin_list>
<bind>
<opcode="partselect(1002) " fcode="partselect"/>
<opset="tmp_2/32 "/>
</bind>
</comp>

<comp id="1384" class="1004" name="trunc_ln217_fu_1384">
<pin_list>
<pin id="1385" dir="0" index="0" bw="32" slack="8"/>
<pin id="1386" dir="1" index="1" bw="1" slack="0"/>
</pin_list>
<bind>
<opcode="trunc(33) " fcode="trunc"/>
<opset="trunc_ln217/34 "/>
</bind>
</comp>

<comp id="1387" class="1004" name="select_ln217_fu_1387">
<pin_list>
<pin id="1388" dir="0" index="0" bw="1" slack="0"/>
<pin id="1389" dir="0" index="1" bw="5" slack="0"/>
<pin id="1390" dir="0" index="2" bw="5" slack="0"/>
<pin id="1391" dir="1" index="3" bw="5" slack="5"/>
</pin_list>
<bind>
<opcode="select(49) " fcode="select"/>
<opset="select_ln217/34 "/>
</bind>
</comp>

<comp id="1395" class="1004" name="and_ln1_fu_1395">
<pin_list>
<pin id="1396" dir="0" index="0" bw="32" slack="0"/>
<pin id="1397" dir="0" index="1" bw="30" slack="31"/>
<pin id="1398" dir="0" index="2" bw="1" slack="0"/>
<pin id="1399" dir="1" index="3" bw="32" slack="0"/>
</pin_list>
<bind>
<opcode="bitconcatenate(1004) " fcode="bitconcatenate"/>
<opset="and_ln1/35 "/>
</bind>
</comp>

<comp id="1402" class="1004" name="zext_ln221_fu_1402">
<pin_list>
<pin id="1403" dir="0" index="0" bw="32" slack="0"/>
<pin id="1404" dir="1" index="1" bw="64" slack="0"/>
</pin_list>
<bind>
<opcode="zext(34) " fcode="zext"/>
<opset="zext_ln221/35 "/>
</bind>
</comp>

<comp id="1406" class="1004" name="add_ln221_fu_1406">
<pin_list>
<pin id="1407" dir="0" index="0" bw="32" slack="0"/>
<pin id="1408" dir="0" index="1" bw="64" slack="31"/>
<pin id="1409" dir="1" index="2" bw="64" slack="0"/>
</pin_list>
<bind>
<opcode="add(8) " fcode="add"/>
<opset="add_ln221/35 "/>
</bind>
</comp>

<comp id="1411" class="1004" name="trunc_ln_fu_1411">
<pin_list>
<pin id="1412" dir="0" index="0" bw="62" slack="0"/>
<pin id="1413" dir="0" index="1" bw="64" slack="0"/>
<pin id="1414" dir="0" index="2" bw="3" slack="0"/>
<pin id="1415" dir="0" index="3" bw="7" slack="0"/>
<pin id="1416" dir="1" index="4" bw="62" slack="0"/>
</pin_list>
<bind>
<opcode="partselect(1002) " fcode="partselect"/>
<opset="trunc_ln/35 "/>
</bind>
</comp>

<comp id="1421" class="1004" name="sext_ln221_fu_1421">
<pin_list>
<pin id="1422" dir="0" index="0" bw="62" slack="0"/>
<pin id="1423" dir="1" index="1" bw="64" slack="0"/>
</pin_list>
<bind>
<opcode="sext(35) " fcode="sext"/>
<opset="sext_ln221/35 "/>
</bind>
</comp>

<comp id="1425" class="1004" name="gmem_addr_2_fu_1425">
<pin_list>
<pin id="1426" dir="0" index="0" bw="32" slack="0"/>
<pin id="1427" dir="0" index="1" bw="62" slack="0"/>
<pin id="1428" dir="1" index="2" bw="32" slack="1"/>
</pin_list>
<bind>
<opcode="getelementptr(29) " fcode="getelementptr"/>
<opset="gmem_addr_2/35 "/>
</bind>
</comp>

<comp id="1431" class="1004" name="add_ln222_fu_1431">
<pin_list>
<pin id="1432" dir="0" index="0" bw="30" slack="8"/>
<pin id="1433" dir="0" index="1" bw="1" slack="0"/>
<pin id="1434" dir="1" index="2" bw="31" slack="0"/>
</pin_list>
<bind>
<opcode="add(8) " fcode="add"/>
<opset="add_ln222/35 "/>
</bind>
</comp>

<comp id="1436" class="1004" name="shl_ln1_fu_1436">
<pin_list>
<pin id="1437" dir="0" index="0" bw="33" slack="0"/>
<pin id="1438" dir="0" index="1" bw="31" slack="0"/>
<pin id="1439" dir="0" index="2" bw="1" slack="0"/>
<pin id="1440" dir="1" index="3" bw="33" slack="0"/>
</pin_list>
<bind>
<opcode="bitconcatenate(1004) " fcode="bitconcatenate"/>
<opset="shl_ln1/35 "/>
</bind>
</comp>

<comp id="1444" class="1004" name="zext_ln222_fu_1444">
<pin_list>
<pin id="1445" dir="0" index="0" bw="33" slack="0"/>
<pin id="1446" dir="1" index="1" bw="64" slack="0"/>
</pin_list>
<bind>
<opcode="zext(34) " fcode="zext"/>
<opset="zext_ln222/35 "/>
</bind>
</comp>

<comp id="1448" class="1004" name="add_ln222_1_fu_1448">
<pin_list>
<pin id="1449" dir="0" index="0" bw="33" slack="0"/>
<pin id="1450" dir="0" index="1" bw="64" slack="31"/>
<pin id="1451" dir="1" index="2" bw="64" slack="0"/>
</pin_list>
<bind>
<opcode="add(8) " fcode="add"/>
<opset="add_ln222_1/35 "/>
</bind>
</comp>

<comp id="1453" class="1004" name="trunc_ln3_fu_1453">
<pin_list>
<pin id="1454" dir="0" index="0" bw="62" slack="0"/>
<pin id="1455" dir="0" index="1" bw="64" slack="0"/>
<pin id="1456" dir="0" index="2" bw="3" slack="0"/>
<pin id="1457" dir="0" index="3" bw="7" slack="0"/>
<pin id="1458" dir="1" index="4" bw="62" slack="0"/>
</pin_list>
<bind>
<opcode="partselect(1002) " fcode="partselect"/>
<opset="trunc_ln3/35 "/>
</bind>
</comp>

<comp id="1463" class="1004" name="sext_ln222_fu_1463">
<pin_list>
<pin id="1464" dir="0" index="0" bw="62" slack="0"/>
<pin id="1465" dir="1" index="1" bw="64" slack="0"/>
</pin_list>
<bind>
<opcode="sext(35) " fcode="sext"/>
<opset="sext_ln222/35 "/>
</bind>
</comp>

<comp id="1467" class="1004" name="gmem_addr_3_fu_1467">
<pin_list>
<pin id="1468" dir="0" index="0" bw="32" slack="0"/>
<pin id="1469" dir="0" index="1" bw="62" slack="0"/>
<pin id="1470" dir="1" index="2" bw="32" slack="2"/>
</pin_list>
<bind>
<opcode="getelementptr(29) " fcode="getelementptr"/>
<opset="gmem_addr_3/35 "/>
</bind>
</comp>

<comp id="1473" class="1004" name="add_ln223_fu_1473">
<pin_list>
<pin id="1474" dir="0" index="0" bw="30" slack="8"/>
<pin id="1475" dir="0" index="1" bw="3" slack="0"/>
<pin id="1476" dir="1" index="2" bw="31" slack="0"/>
</pin_list>
<bind>
<opcode="add(8) " fcode="add"/>
<opset="add_ln223/35 "/>
</bind>
</comp>

<comp id="1478" class="1004" name="shl_ln2_fu_1478">
<pin_list>
<pin id="1479" dir="0" index="0" bw="33" slack="0"/>
<pin id="1480" dir="0" index="1" bw="31" slack="0"/>
<pin id="1481" dir="0" index="2" bw="1" slack="0"/>
<pin id="1482" dir="1" index="3" bw="33" slack="0"/>
</pin_list>
<bind>
<opcode="bitconcatenate(1004) " fcode="bitconcatenate"/>
<opset="shl_ln2/35 "/>
</bind>
</comp>

<comp id="1486" class="1004" name="zext_ln223_fu_1486">
<pin_list>
<pin id="1487" dir="0" index="0" bw="33" slack="0"/>
<pin id="1488" dir="1" index="1" bw="64" slack="0"/>
</pin_list>
<bind>
<opcode="zext(34) " fcode="zext"/>
<opset="zext_ln223/35 "/>
</bind>
</comp>

<comp id="1490" class="1004" name="add_ln223_1_fu_1490">
<pin_list>
<pin id="1491" dir="0" index="0" bw="33" slack="0"/>
<pin id="1492" dir="0" index="1" bw="64" slack="31"/>
<pin id="1493" dir="1" index="2" bw="64" slack="0"/>
</pin_list>
<bind>
<opcode="add(8) " fcode="add"/>
<opset="add_ln223_1/35 "/>
</bind>
</comp>

<comp id="1495" class="1004" name="trunc_ln5_fu_1495">
<pin_list>
<pin id="1496" dir="0" index="0" bw="62" slack="0"/>
<pin id="1497" dir="0" index="1" bw="64" slack="0"/>
<pin id="1498" dir="0" index="2" bw="3" slack="0"/>
<pin id="1499" dir="0" index="3" bw="7" slack="0"/>
<pin id="1500" dir="1" index="4" bw="62" slack="0"/>
</pin_list>
<bind>
<opcode="partselect(1002) " fcode="partselect"/>
<opset="trunc_ln5/35 "/>
</bind>
</comp>

<comp id="1505" class="1004" name="sext_ln223_fu_1505">
<pin_list>
<pin id="1506" dir="0" index="0" bw="62" slack="0"/>
<pin id="1507" dir="1" index="1" bw="64" slack="0"/>
</pin_list>
<bind>
<opcode="sext(35) " fcode="sext"/>
<opset="sext_ln223/35 "/>
</bind>
</comp>

<comp id="1509" class="1004" name="gmem_addr_4_fu_1509">
<pin_list>
<pin id="1510" dir="0" index="0" bw="32" slack="0"/>
<pin id="1511" dir="0" index="1" bw="62" slack="0"/>
<pin id="1512" dir="1" index="2" bw="32" slack="3"/>
</pin_list>
<bind>
<opcode="getelementptr(29) " fcode="getelementptr"/>
<opset="gmem_addr_4/35 "/>
</bind>
</comp>

<comp id="1515" class="1004" name="sext_ln219_fu_1515">
<pin_list>
<pin id="1516" dir="0" index="0" bw="5" slack="0"/>
<pin id="1517" dir="1" index="1" bw="32" slack="0"/>
</pin_list>
<bind>
<opcode="sext(35) " fcode="sext"/>
<opset="sext_ln219/39 "/>
</bind>
</comp>

<comp id="1520" class="1005" name="prob_base_read_reg_1520">
<pin_list>
<pin id="1521" dir="0" index="0" bw="32" slack="28"/>
<pin id="1522" dir="1" index="1" bw="32" slack="28"/>
</pin_list>
<bind>
<opset="prob_base_read "/>
</bind>
</comp>

<comp id="1525" class="1005" name="mem_read_reg_1525">
<pin_list>
<pin id="1526" dir="0" index="0" bw="64" slack="1"/>
<pin id="1527" dir="1" index="1" bw="64" slack="1"/>
</pin_list>
<bind>
<opset="mem_read "/>
</bind>
</comp>

<comp id="1534" class="1005" name="sum64_loc_reg_1534">
<pin_list>
<pin id="1535" dir="0" index="0" bw="40" slack="20"/>
<pin id="1536" dir="1" index="1" bw="40" slack="20"/>
</pin_list>
<bind>
<opset="sum64_loc "/>
</bind>
</comp>

<comp id="1540" class="1005" name="max_x_1_loc_reg_1540">
<pin_list>
<pin id="1541" dir="0" index="0" bw="32" slack="10"/>
<pin id="1542" dir="1" index="1" bw="32" slack="10"/>
</pin_list>
<bind>
<opset="max_x_1_loc "/>
</bind>
</comp>

<comp id="1546" class="1005" name="trunc_ln154_reg_1546">
<pin_list>
<pin id="1547" dir="0" index="0" bw="9" slack="1"/>
<pin id="1548" dir="1" index="1" bw="9" slack="1"/>
</pin_list>
<bind>
<opset="trunc_ln154 "/>
</bind>
</comp>

<comp id="1551" class="1005" name="icmp_ln168_reg_1551">
<pin_list>
<pin id="1552" dir="0" index="0" bw="1" slack="40"/>
<pin id="1553" dir="1" index="1" bw="1" slack="2147483647"/>
</pin_list>
<bind>
<opset="icmp_ln168 "/>
</bind>
</comp>

<comp id="1555" class="1005" name="icmp_ln169_reg_1555">
<pin_list>
<pin id="1556" dir="0" index="0" bw="1" slack="1"/>
<pin id="1557" dir="1" index="1" bw="1" slack="1"/>
</pin_list>
<bind>
<opset="icmp_ln169 "/>
</bind>
</comp>

<comp id="1560" class="1005" name="and_ln_reg_1560">
<pin_list>
<pin id="1561" dir="0" index="0" bw="32" slack="1"/>
<pin id="1562" dir="1" index="1" bw="32" slack="1"/>
</pin_list>
<bind>
<opset="and_ln "/>
</bind>
</comp>

<comp id="1565" class="1005" name="trunc_ln1_reg_1565">
<pin_list>
<pin id="1566" dir="0" index="0" bw="62" slack="1"/>
<pin id="1567" dir="1" index="1" bw="62" slack="1"/>
</pin_list>
<bind>
<opset="trunc_ln1 "/>
</bind>
</comp>

<comp id="1571" class="1005" name="tmp_1_reg_1571">
<pin_list>
<pin id="1572" dir="0" index="0" bw="30" slack="23"/>
<pin id="1573" dir="1" index="1" bw="30" slack="23"/>
</pin_list>
<bind>
<opset="tmp_1 "/>
</bind>
</comp>

<comp id="1577" class="1005" name="select_ln169_reg_1577">
<pin_list>
<pin id="1578" dir="0" index="0" bw="9" slack="9"/>
<pin id="1579" dir="1" index="1" bw="9" slack="9"/>
</pin_list>
<bind>
<opset="select_ln169 "/>
</bind>
</comp>

<comp id="1585" class="1005" name="gmem_addr_reg_1585">
<pin_list>
<pin id="1586" dir="0" index="0" bw="32" slack="1"/>
<pin id="1587" dir="1" index="1" bw="32" slack="1"/>
</pin_list>
<bind>
<opset="gmem_addr "/>
</bind>
</comp>

<comp id="1591" class="1005" name="icmp_ln177_reg_1591">
<pin_list>
<pin id="1592" dir="0" index="0" bw="1" slack="10"/>
<pin id="1593" dir="1" index="1" bw="1" slack="10"/>
</pin_list>
<bind>
<opset="icmp_ln177 "/>
</bind>
</comp>

<comp id="1596" class="1005" name="trunc_ln2_reg_1596">
<pin_list>
<pin id="1597" dir="0" index="0" bw="62" slack="1"/>
<pin id="1598" dir="1" index="1" bw="62" slack="1"/>
</pin_list>
<bind>
<opset="trunc_ln2 "/>
</bind>
</comp>

<comp id="1602" class="1005" name="empty_reg_1602">
<pin_list>
<pin id="1603" dir="0" index="0" bw="8" slack="1"/>
<pin id="1604" dir="1" index="1" bw="8" slack="1"/>
</pin_list>
<bind>
<opset="empty "/>
</bind>
</comp>

<comp id="1607" class="1005" name="gmem_addr_1_reg_1607">
<pin_list>
<pin id="1608" dir="0" index="0" bw="32" slack="1"/>
<pin id="1609" dir="1" index="1" bw="32" slack="1"/>
</pin_list>
<bind>
<opset="gmem_addr_1 "/>
</bind>
</comp>

<comp id="1612" class="1005" name="zext_ln177_1_reg_1612">
<pin_list>
<pin id="1613" dir="0" index="0" bw="64" slack="1"/>
<pin id="1614" dir="1" index="1" bw="64" slack="1"/>
</pin_list>
<bind>
<opset="zext_ln177_1 "/>
</bind>
</comp>

<comp id="1617" class="1005" name="max_x_reg_1617">
<pin_list>
<pin id="1618" dir="0" index="0" bw="32" slack="1"/>
<pin id="1619" dir="1" index="1" bw="32" slack="1"/>
</pin_list>
<bind>
<opset="max_x "/>
</bind>
</comp>

<comp id="1622" class="1005" name="select_ln188_reg_1622">
<pin_list>
<pin id="1623" dir="0" index="0" bw="9" slack="1"/>
<pin id="1624" dir="1" index="1" bw="9" slack="1"/>
</pin_list>
<bind>
<opset="select_ln188 "/>
</bind>
</comp>

<comp id="1627" class="1005" name="zext_ln188_reg_1627">
<pin_list>
<pin id="1628" dir="0" index="0" bw="64" slack="1"/>
<pin id="1629" dir="1" index="1" bw="64" slack="1"/>
</pin_list>
<bind>
<opset="zext_ln188 "/>
</bind>
</comp>

<comp id="1635" class="1005" name="sum_2_reg_1635">
<pin_list>
<pin id="1636" dir="0" index="0" bw="32" slack="1"/>
<pin id="1637" dir="1" index="1" bw="32" slack="1"/>
</pin_list>
<bind>
<opset="sum_2 "/>
</bind>
</comp>

<comp id="1676" class="1005" name="zext_ln184_reg_1676">
<pin_list>
<pin id="1677" dir="0" index="0" bw="31" slack="8"/>
<pin id="1678" dir="1" index="1" bw="31" slack="8"/>
</pin_list>
<bind>
<opset="zext_ln184 "/>
</bind>
</comp>

<comp id="1682" class="1005" name="icmp_ln112_reg_1682">
<pin_list>
<pin id="1683" dir="0" index="0" bw="1" slack="5"/>
<pin id="1684" dir="1" index="1" bw="1" slack="2147483647"/>
</pin_list>
<bind>
<opset="icmp_ln112 "/>
</bind>
</comp>

<comp id="1779" class="1005" name="select_ln119_reg_1779">
<pin_list>
<pin id="1780" dir="0" index="0" bw="5" slack="1"/>
<pin id="1781" dir="1" index="1" bw="5" slack="1"/>
</pin_list>
<bind>
<opset="select_ln119 "/>
</bind>
</comp>

<comp id="1787" class="1005" name="x_q1_15_reg_1787">
<pin_list>
<pin id="1788" dir="0" index="0" bw="16" slack="2"/>
<pin id="1789" dir="1" index="1" bw="16" slack="2"/>
</pin_list>
<bind>
<opset="x_q1_15 "/>
</bind>
</comp>

<comp id="1792" class="1005" name="RECIP_M_Q30_addr_reg_1792">
<pin_list>
<pin id="1793" dir="0" index="0" bw="4" slack="1"/>
<pin id="1794" dir="1" index="1" bw="4" slack="1"/>
</pin_list>
<bind>
<opset="RECIP_M_Q30_addr "/>
</bind>
</comp>

<comp id="1797" class="1005" name="RECIP_B_Q30_addr_reg_1797">
<pin_list>
<pin id="1798" dir="0" index="0" bw="4" slack="1"/>
<pin id="1799" dir="1" index="1" bw="4" slack="1"/>
</pin_list>
<bind>
<opset="RECIP_B_Q30_addr "/>
</bind>
</comp>

<comp id="1802" class="1005" name="trunc_ln127_reg_1802">
<pin_list>
<pin id="1803" dir="0" index="0" bw="16" slack="2"/>
<pin id="1804" dir="1" index="1" bw="16" slack="2"/>
</pin_list>
<bind>
<opset="trunc_ln127 "/>
</bind>
</comp>

<comp id="1807" class="1005" name="RECIP_M_Q30_addr_1_reg_1807">
<pin_list>
<pin id="1808" dir="0" index="0" bw="4" slack="1"/>
<pin id="1809" dir="1" index="1" bw="4" slack="1"/>
</pin_list>
<bind>
<opset="RECIP_M_Q30_addr_1 "/>
</bind>
</comp>

<comp id="1812" class="1005" name="RECIP_B_Q30_addr_1_reg_1812">
<pin_list>
<pin id="1813" dir="0" index="0" bw="4" slack="1"/>
<pin id="1814" dir="1" index="1" bw="4" slack="1"/>
</pin_list>
<bind>
<opset="RECIP_B_Q30_addr_1 "/>
</bind>
</comp>

<comp id="1817" class="1005" name="shl_ln145_reg_1817">
<pin_list>
<pin id="1818" dir="0" index="0" bw="48" slack="1"/>
<pin id="1819" dir="1" index="1" bw="48" slack="1"/>
</pin_list>
<bind>
<opset="shl_ln145 "/>
</bind>
</comp>

<comp id="1822" class="1005" name="sext_ln143_1_reg_1822">
<pin_list>
<pin id="1823" dir="0" index="0" bw="48" slack="1"/>
<pin id="1824" dir="1" index="1" bw="48" slack="1"/>
</pin_list>
<bind>
<opset="sext_ln143_1 "/>
</bind>
</comp>

<comp id="1827" class="1005" name="inv_sum_q30_reg_1827">
<pin_list>
<pin id="1828" dir="0" index="0" bw="31" slack="1"/>
<pin id="1829" dir="1" index="1" bw="31" slack="1"/>
</pin_list>
<bind>
<opset="inv_sum_q30 "/>
</bind>
</comp>

<comp id="1832" class="1005" name="tmp_2_reg_1832">
<pin_list>
<pin id="1833" dir="0" index="0" bw="30" slack="1"/>
<pin id="1834" dir="1" index="1" bw="30" slack="1"/>
</pin_list>
<bind>
<opset="tmp_2 "/>
</bind>
</comp>

<comp id="1930" class="1005" name="select_ln217_reg_1930">
<pin_list>
<pin id="1931" dir="0" index="0" bw="5" slack="5"/>
<pin id="1932" dir="1" index="1" bw="5" slack="5"/>
</pin_list>
<bind>
<opset="select_ln217 "/>
</bind>
</comp>

<comp id="1935" class="1005" name="gmem_addr_2_reg_1935">
<pin_list>
<pin id="1936" dir="0" index="0" bw="32" slack="1"/>
<pin id="1937" dir="1" index="1" bw="32" slack="1"/>
</pin_list>
<bind>
<opset="gmem_addr_2 "/>
</bind>
</comp>

<comp id="1942" class="1005" name="gmem_addr_3_reg_1942">
<pin_list>
<pin id="1943" dir="0" index="0" bw="32" slack="2"/>
<pin id="1944" dir="1" index="1" bw="32" slack="2"/>
</pin_list>
<bind>
<opset="gmem_addr_3 "/>
</bind>
</comp>

<comp id="1949" class="1005" name="gmem_addr_4_reg_1949">
<pin_list>
<pin id="1950" dir="0" index="0" bw="32" slack="3"/>
<pin id="1951" dir="1" index="1" bw="32" slack="3"/>
</pin_list>
<bind>
<opset="gmem_addr_4 "/>
</bind>
</comp>

</comp_list>

<net_list>
<net id="281"><net_src comp="22" pin="0"/><net_sink comp="278" pin=0"/></net>

<net id="285"><net_src comp="22" pin="0"/><net_sink comp="282" pin=0"/></net>

<net id="289"><net_src comp="22" pin="0"/><net_sink comp="286" pin=0"/></net>

<net id="294"><net_src comp="18" pin="0"/><net_sink comp="290" pin=0"/></net>

<net id="295"><net_src comp="10" pin="0"/><net_sink comp="290" pin=1"/></net>

<net id="300"><net_src comp="18" pin="0"/><net_sink comp="296" pin=0"/></net>

<net id="301"><net_src comp="8" pin="0"/><net_sink comp="296" pin=1"/></net>

<net id="306"><net_src comp="18" pin="0"/><net_sink comp="302" pin=0"/></net>

<net id="307"><net_src comp="6" pin="0"/><net_sink comp="302" pin=1"/></net>

<net id="312"><net_src comp="18" pin="0"/><net_sink comp="308" pin=0"/></net>

<net id="313"><net_src comp="4" pin="0"/><net_sink comp="308" pin=1"/></net>

<net id="318"><net_src comp="20" pin="0"/><net_sink comp="314" pin=0"/></net>

<net id="319"><net_src comp="2" pin="0"/><net_sink comp="314" pin=1"/></net>

<net id="325"><net_src comp="14" pin="0"/><net_sink comp="320" pin=0"/></net>

<net id="326"><net_src comp="244" pin="0"/><net_sink comp="320" pin=1"/></net>

<net id="332"><net_src comp="320" pin="3"/><net_sink comp="327" pin=0"/></net>

<net id="338"><net_src comp="16" pin="0"/><net_sink comp="333" pin=0"/></net>

<net id="339"><net_src comp="244" pin="0"/><net_sink comp="333" pin=1"/></net>

<net id="345"><net_src comp="333" pin="3"/><net_sink comp="340" pin=0"/></net>

<net id="351"><net_src comp="14" pin="0"/><net_sink comp="346" pin=0"/></net>

<net id="352"><net_src comp="244" pin="0"/><net_sink comp="346" pin=1"/></net>

<net id="353"><net_src comp="346" pin="3"/><net_sink comp="327" pin=0"/></net>

<net id="359"><net_src comp="16" pin="0"/><net_sink comp="354" pin=0"/></net>

<net id="360"><net_src comp="244" pin="0"/><net_sink comp="354" pin=1"/></net>

<net id="361"><net_src comp="354" pin="3"/><net_sink comp="340" pin=0"/></net>

<net id="367"><net_src comp="86" pin="0"/><net_sink comp="362" pin=0"/></net>

<net id="368"><net_src comp="22" pin="0"/><net_sink comp="362" pin=2"/></net>

<net id="369"><net_src comp="100" pin="0"/><net_sink comp="362" pin=0"/></net>

<net id="374"><net_src comp="102" pin="0"/><net_sink comp="370" pin=0"/></net>

<net id="380"><net_src comp="270" pin="0"/><net_sink comp="375" pin=0"/></net>

<net id="381"><net_src comp="22" pin="0"/><net_sink comp="375" pin=2"/></net>

<net id="388"><net_src comp="272" pin="0"/><net_sink comp="382" pin=0"/></net>

<net id="389"><net_src comp="274" pin="0"/><net_sink comp="382" pin=3"/></net>

<net id="394"><net_src comp="276" pin="0"/><net_sink comp="390" pin=0"/></net>

<net id="398"><net_src comp="176" pin="0"/><net_sink comp="395" pin=0"/></net>

<net id="399"><net_src comp="180" pin="0"/><net_sink comp="395" pin=0"/></net>

<net id="400"><net_src comp="182" pin="0"/><net_sink comp="395" pin=0"/></net>

<net id="401"><net_src comp="184" pin="0"/><net_sink comp="395" pin=0"/></net>

<net id="402"><net_src comp="186" pin="0"/><net_sink comp="395" pin=0"/></net>

<net id="403"><net_src comp="188" pin="0"/><net_sink comp="395" pin=0"/></net>

<net id="404"><net_src comp="190" pin="0"/><net_sink comp="395" pin=0"/></net>

<net id="405"><net_src comp="192" pin="0"/><net_sink comp="395" pin=0"/></net>

<net id="406"><net_src comp="194" pin="0"/><net_sink comp="395" pin=0"/></net>

<net id="407"><net_src comp="196" pin="0"/><net_sink comp="395" pin=0"/></net>

<net id="408"><net_src comp="198" pin="0"/><net_sink comp="395" pin=0"/></net>

<net id="409"><net_src comp="200" pin="0"/><net_sink comp="395" pin=0"/></net>

<net id="410"><net_src comp="202" pin="0"/><net_sink comp="395" pin=0"/></net>

<net id="411"><net_src comp="204" pin="0"/><net_sink comp="395" pin=0"/></net>

<net id="412"><net_src comp="206" pin="0"/><net_sink comp="395" pin=0"/></net>

<net id="413"><net_src comp="208" pin="0"/><net_sink comp="395" pin=0"/></net>

<net id="414"><net_src comp="210" pin="0"/><net_sink comp="395" pin=0"/></net>

<net id="415"><net_src comp="212" pin="0"/><net_sink comp="395" pin=0"/></net>

<net id="416"><net_src comp="214" pin="0"/><net_sink comp="395" pin=0"/></net>

<net id="417"><net_src comp="216" pin="0"/><net_sink comp="395" pin=0"/></net>

<net id="418"><net_src comp="218" pin="0"/><net_sink comp="395" pin=0"/></net>

<net id="419"><net_src comp="220" pin="0"/><net_sink comp="395" pin=0"/></net>

<net id="420"><net_src comp="222" pin="0"/><net_sink comp="395" pin=0"/></net>

<net id="421"><net_src comp="224" pin="0"/><net_sink comp="395" pin=0"/></net>

<net id="422"><net_src comp="226" pin="0"/><net_sink comp="395" pin=0"/></net>

<net id="423"><net_src comp="228" pin="0"/><net_sink comp="395" pin=0"/></net>

<net id="424"><net_src comp="230" pin="0"/><net_sink comp="395" pin=0"/></net>

<net id="425"><net_src comp="232" pin="0"/><net_sink comp="395" pin=0"/></net>

<net id="426"><net_src comp="234" pin="0"/><net_sink comp="395" pin=0"/></net>

<net id="427"><net_src comp="236" pin="0"/><net_sink comp="395" pin=0"/></net>

<net id="428"><net_src comp="238" pin="0"/><net_sink comp="395" pin=0"/></net>

<net id="495"><net_src comp="395" pin="1"/><net_sink comp="429" pin=0"/></net>

<net id="496"><net_src comp="395" pin="1"/><net_sink comp="429" pin=2"/></net>

<net id="497"><net_src comp="395" pin="1"/><net_sink comp="429" pin=4"/></net>

<net id="498"><net_src comp="395" pin="1"/><net_sink comp="429" pin=6"/></net>

<net id="499"><net_src comp="395" pin="1"/><net_sink comp="429" pin=8"/></net>

<net id="500"><net_src comp="395" pin="1"/><net_sink comp="429" pin=10"/></net>

<net id="501"><net_src comp="395" pin="1"/><net_sink comp="429" pin=12"/></net>

<net id="502"><net_src comp="395" pin="1"/><net_sink comp="429" pin=14"/></net>

<net id="503"><net_src comp="395" pin="1"/><net_sink comp="429" pin=16"/></net>

<net id="504"><net_src comp="395" pin="1"/><net_sink comp="429" pin=18"/></net>

<net id="505"><net_src comp="395" pin="1"/><net_sink comp="429" pin=20"/></net>

<net id="506"><net_src comp="395" pin="1"/><net_sink comp="429" pin=22"/></net>

<net id="507"><net_src comp="395" pin="1"/><net_sink comp="429" pin=24"/></net>

<net id="508"><net_src comp="395" pin="1"/><net_sink comp="429" pin=26"/></net>

<net id="509"><net_src comp="395" pin="1"/><net_sink comp="429" pin=28"/></net>

<net id="510"><net_src comp="395" pin="1"/><net_sink comp="429" pin=30"/></net>

<net id="511"><net_src comp="395" pin="1"/><net_sink comp="429" pin=32"/></net>

<net id="512"><net_src comp="395" pin="1"/><net_sink comp="429" pin=34"/></net>

<net id="513"><net_src comp="395" pin="1"/><net_sink comp="429" pin=36"/></net>

<net id="514"><net_src comp="395" pin="1"/><net_sink comp="429" pin=38"/></net>

<net id="515"><net_src comp="395" pin="1"/><net_sink comp="429" pin=40"/></net>

<net id="516"><net_src comp="395" pin="1"/><net_sink comp="429" pin=42"/></net>

<net id="517"><net_src comp="395" pin="1"/><net_sink comp="429" pin=44"/></net>

<net id="518"><net_src comp="395" pin="1"/><net_sink comp="429" pin=46"/></net>

<net id="519"><net_src comp="395" pin="1"/><net_sink comp="429" pin=48"/></net>

<net id="520"><net_src comp="395" pin="1"/><net_sink comp="429" pin=50"/></net>

<net id="521"><net_src comp="395" pin="1"/><net_sink comp="429" pin=52"/></net>

<net id="522"><net_src comp="395" pin="1"/><net_sink comp="429" pin=54"/></net>

<net id="523"><net_src comp="395" pin="1"/><net_sink comp="429" pin=56"/></net>

<net id="524"><net_src comp="395" pin="1"/><net_sink comp="429" pin=58"/></net>

<net id="525"><net_src comp="395" pin="1"/><net_sink comp="429" pin=60"/></net>

<net id="526"><net_src comp="429" pin="64"/><net_sink comp="395" pin=0"/></net>

<net id="539"><net_src comp="260" pin="0"/><net_sink comp="536" pin=0"/></net>

<net id="546"><net_src comp="536" pin="1"/><net_sink comp="540" pin=2"/></net>

<net id="547"><net_src comp="540" pin="4"/><net_sink comp="536" pin=0"/></net>

<net id="551"><net_src comp="210" pin="0"/><net_sink comp="548" pin=0"/></net>

<net id="552"><net_src comp="212" pin="0"/><net_sink comp="548" pin=0"/></net>

<net id="553"><net_src comp="214" pin="0"/><net_sink comp="548" pin=0"/></net>

<net id="554"><net_src comp="216" pin="0"/><net_sink comp="548" pin=0"/></net>

<net id="555"><net_src comp="218" pin="0"/><net_sink comp="548" pin=0"/></net>

<net id="556"><net_src comp="220" pin="0"/><net_sink comp="548" pin=0"/></net>

<net id="557"><net_src comp="222" pin="0"/><net_sink comp="548" pin=0"/></net>

<net id="558"><net_src comp="224" pin="0"/><net_sink comp="548" pin=0"/></net>

<net id="559"><net_src comp="226" pin="0"/><net_sink comp="548" pin=0"/></net>

<net id="560"><net_src comp="228" pin="0"/><net_sink comp="548" pin=0"/></net>

<net id="561"><net_src comp="230" pin="0"/><net_sink comp="548" pin=0"/></net>

<net id="562"><net_src comp="232" pin="0"/><net_sink comp="548" pin=0"/></net>

<net id="563"><net_src comp="234" pin="0"/><net_sink comp="548" pin=0"/></net>

<net id="564"><net_src comp="236" pin="0"/><net_sink comp="548" pin=0"/></net>

<net id="565"><net_src comp="238" pin="0"/><net_sink comp="548" pin=0"/></net>

<net id="566"><net_src comp="178" pin="0"/><net_sink comp="548" pin=0"/></net>

<net id="567"><net_src comp="176" pin="0"/><net_sink comp="548" pin=0"/></net>

<net id="568"><net_src comp="180" pin="0"/><net_sink comp="548" pin=0"/></net>

<net id="569"><net_src comp="182" pin="0"/><net_sink comp="548" pin=0"/></net>

<net id="570"><net_src comp="184" pin="0"/><net_sink comp="548" pin=0"/></net>

<net id="571"><net_src comp="186" pin="0"/><net_sink comp="548" pin=0"/></net>

<net id="572"><net_src comp="188" pin="0"/><net_sink comp="548" pin=0"/></net>

<net id="573"><net_src comp="190" pin="0"/><net_sink comp="548" pin=0"/></net>

<net id="574"><net_src comp="192" pin="0"/><net_sink comp="548" pin=0"/></net>

<net id="575"><net_src comp="194" pin="0"/><net_sink comp="548" pin=0"/></net>

<net id="576"><net_src comp="196" pin="0"/><net_sink comp="548" pin=0"/></net>

<net id="577"><net_src comp="198" pin="0"/><net_sink comp="548" pin=0"/></net>

<net id="578"><net_src comp="200" pin="0"/><net_sink comp="548" pin=0"/></net>

<net id="579"><net_src comp="202" pin="0"/><net_sink comp="548" pin=0"/></net>

<net id="580"><net_src comp="204" pin="0"/><net_sink comp="548" pin=0"/></net>

<net id="581"><net_src comp="206" pin="0"/><net_sink comp="548" pin=0"/></net>

<net id="648"><net_src comp="548" pin="1"/><net_sink comp="582" pin=0"/></net>

<net id="649"><net_src comp="548" pin="1"/><net_sink comp="582" pin=2"/></net>

<net id="650"><net_src comp="548" pin="1"/><net_sink comp="582" pin=4"/></net>

<net id="651"><net_src comp="548" pin="1"/><net_sink comp="582" pin=6"/></net>

<net id="652"><net_src comp="548" pin="1"/><net_sink comp="582" pin=8"/></net>

<net id="653"><net_src comp="548" pin="1"/><net_sink comp="582" pin=10"/></net>

<net id="654"><net_src comp="548" pin="1"/><net_sink comp="582" pin=12"/></net>

<net id="655"><net_src comp="548" pin="1"/><net_sink comp="582" pin=14"/></net>

<net id="656"><net_src comp="548" pin="1"/><net_sink comp="582" pin=16"/></net>

<net id="657"><net_src comp="548" pin="1"/><net_sink comp="582" pin=18"/></net>

<net id="658"><net_src comp="548" pin="1"/><net_sink comp="582" pin=20"/></net>

<net id="659"><net_src comp="548" pin="1"/><net_sink comp="582" pin=22"/></net>

<net id="660"><net_src comp="548" pin="1"/><net_sink comp="582" pin=24"/></net>

<net id="661"><net_src comp="548" pin="1"/><net_sink comp="582" pin=26"/></net>

<net id="662"><net_src comp="548" pin="1"/><net_sink comp="582" pin=28"/></net>

<net id="663"><net_src comp="548" pin="1"/><net_sink comp="582" pin=30"/></net>

<net id="664"><net_src comp="548" pin="1"/><net_sink comp="582" pin=32"/></net>

<net id="665"><net_src comp="548" pin="1"/><net_sink comp="582" pin=34"/></net>

<net id="666"><net_src comp="548" pin="1"/><net_sink comp="582" pin=36"/></net>

<net id="667"><net_src comp="548" pin="1"/><net_sink comp="582" pin=38"/></net>

<net id="668"><net_src comp="548" pin="1"/><net_sink comp="582" pin=40"/></net>

<net id="669"><net_src comp="548" pin="1"/><net_sink comp="582" pin=42"/></net>

<net id="670"><net_src comp="548" pin="1"/><net_sink comp="582" pin=44"/></net>

<net id="671"><net_src comp="548" pin="1"/><net_sink comp="582" pin=46"/></net>

<net id="672"><net_src comp="548" pin="1"/><net_sink comp="582" pin=48"/></net>

<net id="673"><net_src comp="548" pin="1"/><net_sink comp="582" pin=50"/></net>

<net id="674"><net_src comp="548" pin="1"/><net_sink comp="582" pin=52"/></net>

<net id="675"><net_src comp="548" pin="1"/><net_sink comp="582" pin=54"/></net>

<net id="676"><net_src comp="548" pin="1"/><net_sink comp="582" pin=56"/></net>

<net id="677"><net_src comp="548" pin="1"/><net_sink comp="582" pin=58"/></net>

<net id="678"><net_src comp="548" pin="1"/><net_sink comp="582" pin=60"/></net>

<net id="687"><net_src comp="104" pin="0"/><net_sink comp="679" pin=0"/></net>

<net id="688"><net_src comp="0" pin="0"/><net_sink comp="679" pin=2"/></net>

<net id="699"><net_src comp="108" pin="0"/><net_sink comp="689" pin=0"/></net>

<net id="700"><net_src comp="0" pin="0"/><net_sink comp="689" pin=1"/></net>

<net id="701"><net_src comp="12" pin="0"/><net_sink comp="689" pin=7"/></net>

<net id="711"><net_src comp="262" pin="0"/><net_sink comp="702" pin=0"/></net>

<net id="712"><net_src comp="0" pin="0"/><net_sink comp="702" pin=1"/></net>

<net id="713"><net_src comp="540" pin="4"/><net_sink comp="702" pin=4"/></net>

<net id="723"><net_src comp="120" pin="0"/><net_sink comp="718" pin=0"/></net>

<net id="724"><net_src comp="74" pin="0"/><net_sink comp="718" pin=2"/></net>

<net id="730"><net_src comp="120" pin="0"/><net_sink comp="725" pin=0"/></net>

<net id="731"><net_src comp="122" pin="0"/><net_sink comp="725" pin=2"/></net>

<net id="737"><net_src comp="120" pin="0"/><net_sink comp="732" pin=0"/></net>

<net id="738"><net_src comp="124" pin="0"/><net_sink comp="732" pin=2"/></net>

<net id="744"><net_src comp="120" pin="0"/><net_sink comp="739" pin=0"/></net>

<net id="745"><net_src comp="126" pin="0"/><net_sink comp="739" pin=2"/></net>

<net id="751"><net_src comp="120" pin="0"/><net_sink comp="746" pin=0"/></net>

<net id="752"><net_src comp="128" pin="0"/><net_sink comp="746" pin=2"/></net>

<net id="758"><net_src comp="120" pin="0"/><net_sink comp="753" pin=0"/></net>

<net id="759"><net_src comp="130" pin="0"/><net_sink comp="753" pin=2"/></net>

<net id="765"><net_src comp="120" pin="0"/><net_sink comp="760" pin=0"/></net>

<net id="766"><net_src comp="132" pin="0"/><net_sink comp="760" pin=2"/></net>

<net id="772"><net_src comp="120" pin="0"/><net_sink comp="767" pin=0"/></net>

<net id="773"><net_src comp="134" pin="0"/><net_sink comp="767" pin=2"/></net>

<net id="779"><net_src comp="120" pin="0"/><net_sink comp="774" pin=0"/></net>

<net id="780"><net_src comp="136" pin="0"/><net_sink comp="774" pin=2"/></net>

<net id="786"><net_src comp="120" pin="0"/><net_sink comp="781" pin=0"/></net>

<net id="787"><net_src comp="138" pin="0"/><net_sink comp="781" pin=2"/></net>

<net id="793"><net_src comp="120" pin="0"/><net_sink comp="788" pin=0"/></net>

<net id="794"><net_src comp="140" pin="0"/><net_sink comp="788" pin=2"/></net>

<net id="800"><net_src comp="120" pin="0"/><net_sink comp="795" pin=0"/></net>

<net id="801"><net_src comp="142" pin="0"/><net_sink comp="795" pin=2"/></net>

<net id="807"><net_src comp="120" pin="0"/><net_sink comp="802" pin=0"/></net>

<net id="808"><net_src comp="144" pin="0"/><net_sink comp="802" pin=2"/></net>

<net id="814"><net_src comp="120" pin="0"/><net_sink comp="809" pin=0"/></net>

<net id="815"><net_src comp="146" pin="0"/><net_sink comp="809" pin=2"/></net>

<net id="821"><net_src comp="120" pin="0"/><net_sink comp="816" pin=0"/></net>

<net id="822"><net_src comp="148" pin="0"/><net_sink comp="816" pin=2"/></net>

<net id="828"><net_src comp="120" pin="0"/><net_sink comp="823" pin=0"/></net>

<net id="829"><net_src comp="42" pin="0"/><net_sink comp="823" pin=2"/></net>

<net id="835"><net_src comp="120" pin="0"/><net_sink comp="830" pin=0"/></net>

<net id="836"><net_src comp="150" pin="0"/><net_sink comp="830" pin=2"/></net>

<net id="842"><net_src comp="120" pin="0"/><net_sink comp="837" pin=0"/></net>

<net id="843"><net_src comp="152" pin="0"/><net_sink comp="837" pin=2"/></net>

<net id="849"><net_src comp="120" pin="0"/><net_sink comp="844" pin=0"/></net>

<net id="850"><net_src comp="154" pin="0"/><net_sink comp="844" pin=2"/></net>

<net id="856"><net_src comp="120" pin="0"/><net_sink comp="851" pin=0"/></net>

<net id="857"><net_src comp="156" pin="0"/><net_sink comp="851" pin=2"/></net>

<net id="863"><net_src comp="120" pin="0"/><net_sink comp="858" pin=0"/></net>

<net id="864"><net_src comp="158" pin="0"/><net_sink comp="858" pin=2"/></net>

<net id="870"><net_src comp="120" pin="0"/><net_sink comp="865" pin=0"/></net>

<net id="871"><net_src comp="160" pin="0"/><net_sink comp="865" pin=2"/></net>

<net id="877"><net_src comp="120" pin="0"/><net_sink comp="872" pin=0"/></net>

<net id="878"><net_src comp="162" pin="0"/><net_sink comp="872" pin=2"/></net>

<net id="884"><net_src comp="120" pin="0"/><net_sink comp="879" pin=0"/></net>

<net id="885"><net_src comp="92" pin="0"/><net_sink comp="879" pin=2"/></net>

<net id="891"><net_src comp="120" pin="0"/><net_sink comp="886" pin=0"/></net>

<net id="892"><net_src comp="164" pin="0"/><net_sink comp="886" pin=2"/></net>

<net id="898"><net_src comp="120" pin="0"/><net_sink comp="893" pin=0"/></net>

<net id="899"><net_src comp="166" pin="0"/><net_sink comp="893" pin=2"/></net>

<net id="905"><net_src comp="120" pin="0"/><net_sink comp="900" pin=0"/></net>

<net id="906"><net_src comp="168" pin="0"/><net_sink comp="900" pin=2"/></net>

<net id="912"><net_src comp="120" pin="0"/><net_sink comp="907" pin=0"/></net>

<net id="913"><net_src comp="170" pin="0"/><net_sink comp="907" pin=2"/></net>

<net id="919"><net_src comp="120" pin="0"/><net_sink comp="914" pin=0"/></net>

<net id="920"><net_src comp="172" pin="0"/><net_sink comp="914" pin=2"/></net>

<net id="926"><net_src comp="120" pin="0"/><net_sink comp="921" pin=0"/></net>

<net id="927"><net_src comp="72" pin="0"/><net_sink comp="921" pin=2"/></net>

<net id="933"><net_src comp="120" pin="0"/><net_sink comp="928" pin=0"/></net>

<net id="934"><net_src comp="90" pin="0"/><net_sink comp="928" pin=2"/></net>

<net id="941"><net_src comp="246" pin="0"/><net_sink comp="935" pin=0"/></net>

<net id="942"><net_src comp="714" pin="2"/><net_sink comp="935" pin=1"/></net>

<net id="943"><net_src comp="150" pin="0"/><net_sink comp="935" pin=2"/></net>

<net id="944"><net_src comp="248" pin="0"/><net_sink comp="935" pin=3"/></net>

<net id="948"><net_src comp="327" pin="3"/><net_sink comp="945" pin=0"/></net>

<net id="952"><net_src comp="340" pin="3"/><net_sink comp="949" pin=0"/></net>

<net id="956"><net_src comp="935" pin="4"/><net_sink comp="953" pin=0"/></net>

<net id="960"><net_src comp="290" pin="2"/><net_sink comp="957" pin=0"/></net>

<net id="965"><net_src comp="290" pin="2"/><net_sink comp="961" pin=0"/></net>

<net id="966"><net_src comp="32" pin="0"/><net_sink comp="961" pin=1"/></net>

<net id="971"><net_src comp="290" pin="2"/><net_sink comp="967" pin=0"/></net>

<net id="972"><net_src comp="68" pin="0"/><net_sink comp="967" pin=1"/></net>

<net id="979"><net_src comp="70" pin="0"/><net_sink comp="973" pin=0"/></net>

<net id="980"><net_src comp="308" pin="2"/><net_sink comp="973" pin=1"/></net>

<net id="981"><net_src comp="72" pin="0"/><net_sink comp="973" pin=2"/></net>

<net id="982"><net_src comp="74" pin="0"/><net_sink comp="973" pin=3"/></net>

<net id="988"><net_src comp="76" pin="0"/><net_sink comp="983" pin=0"/></net>

<net id="989"><net_src comp="973" pin="4"/><net_sink comp="983" pin=1"/></net>

<net id="990"><net_src comp="78" pin="0"/><net_sink comp="983" pin=2"/></net>

<net id="994"><net_src comp="983" pin="3"/><net_sink comp="991" pin=0"/></net>

<net id="999"><net_src comp="991" pin="1"/><net_sink comp="995" pin=0"/></net>

<net id="1000"><net_src comp="314" pin="2"/><net_sink comp="995" pin=1"/></net>

<net id="1007"><net_src comp="80" pin="0"/><net_sink comp="1001" pin=0"/></net>

<net id="1008"><net_src comp="995" pin="2"/><net_sink comp="1001" pin=1"/></net>

<net id="1009"><net_src comp="72" pin="0"/><net_sink comp="1001" pin=2"/></net>

<net id="1010"><net_src comp="82" pin="0"/><net_sink comp="1001" pin=3"/></net>

<net id="1017"><net_src comp="70" pin="0"/><net_sink comp="1011" pin=0"/></net>

<net id="1018"><net_src comp="296" pin="2"/><net_sink comp="1011" pin=1"/></net>

<net id="1019"><net_src comp="72" pin="0"/><net_sink comp="1011" pin=2"/></net>

<net id="1020"><net_src comp="74" pin="0"/><net_sink comp="1011" pin=3"/></net>

<net id="1026"><net_src comp="84" pin="0"/><net_sink comp="1021" pin=1"/></net>

<net id="1037"><net_src comp="0" pin="0"/><net_sink comp="1033" pin=0"/></net>

<net id="1038"><net_src comp="1030" pin="1"/><net_sink comp="1033" pin=1"/></net>

<net id="1039"><net_src comp="1033" pin="2"/><net_sink comp="362" pin=1"/></net>

<net id="1046"><net_src comp="88" pin="0"/><net_sink comp="1040" pin=0"/></net>

<net id="1047"><net_src comp="1021" pin="3"/><net_sink comp="1040" pin=1"/></net>

<net id="1048"><net_src comp="90" pin="0"/><net_sink comp="1040" pin=2"/></net>

<net id="1049"><net_src comp="92" pin="0"/><net_sink comp="1040" pin=3"/></net>

<net id="1054"><net_src comp="1040" pin="4"/><net_sink comp="1050" pin=0"/></net>

<net id="1055"><net_src comp="94" pin="0"/><net_sink comp="1050" pin=1"/></net>

<net id="1059"><net_src comp="1021" pin="3"/><net_sink comp="1056" pin=0"/></net>

<net id="1064"><net_src comp="1056" pin="1"/><net_sink comp="1060" pin=0"/></net>

<net id="1065"><net_src comp="96" pin="0"/><net_sink comp="1060" pin=1"/></net>

<net id="1070"><net_src comp="1027" pin="1"/><net_sink comp="1066" pin=0"/></net>

<net id="1071"><net_src comp="98" pin="0"/><net_sink comp="1066" pin=1"/></net>

<net id="1075"><net_src comp="1066" pin="2"/><net_sink comp="1072" pin=0"/></net>

<net id="1080"><net_src comp="1072" pin="1"/><net_sink comp="1076" pin=0"/></net>

<net id="1087"><net_src comp="80" pin="0"/><net_sink comp="1081" pin=0"/></net>

<net id="1088"><net_src comp="1076" pin="2"/><net_sink comp="1081" pin=1"/></net>

<net id="1089"><net_src comp="72" pin="0"/><net_sink comp="1081" pin=2"/></net>

<net id="1090"><net_src comp="82" pin="0"/><net_sink comp="1081" pin=3"/></net>

<net id="1096"><net_src comp="1050" pin="2"/><net_sink comp="1091" pin=0"/></net>

<net id="1097"><net_src comp="1060" pin="2"/><net_sink comp="1091" pin=1"/></net>

<net id="1098"><net_src comp="94" pin="0"/><net_sink comp="1091" pin=2"/></net>

<net id="1106"><net_src comp="0" pin="0"/><net_sink comp="1102" pin=0"/></net>

<net id="1107"><net_src comp="1099" pin="1"/><net_sink comp="1102" pin=1"/></net>

<net id="1108"><net_src comp="1102" pin="2"/><net_sink comp="362" pin=1"/></net>

<net id="1112"><net_src comp="1109" pin="1"/><net_sink comp="362" pin=2"/></net>

<net id="1118"><net_src comp="106" pin="0"/><net_sink comp="1113" pin=2"/></net>

<net id="1122"><net_src comp="1119" pin="1"/><net_sink comp="362" pin=2"/></net>

<net id="1126"><net_src comp="1123" pin="1"/><net_sink comp="689" pin=4"/></net>

<net id="1134"><net_src comp="1127" pin="1"/><net_sink comp="1130" pin=0"/></net>

<net id="1135"><net_src comp="110" pin="0"/><net_sink comp="1130" pin=1"/></net>

<net id="1139"><net_src comp="1127" pin="1"/><net_sink comp="1136" pin=0"/></net>

<net id="1145"><net_src comp="1130" pin="2"/><net_sink comp="1140" pin=0"/></net>

<net id="1146"><net_src comp="90" pin="0"/><net_sink comp="1140" pin=1"/></net>

<net id="1147"><net_src comp="1136" pin="1"/><net_sink comp="1140" pin=2"/></net>

<net id="1155"><net_src comp="32" pin="0"/><net_sink comp="1151" pin=1"/></net>

<net id="1163"><net_src comp="1156" pin="1"/><net_sink comp="1159" pin=0"/></net>

<net id="1164"><net_src comp="174" pin="0"/><net_sink comp="1159" pin=1"/></net>

<net id="1170"><net_src comp="1159" pin="2"/><net_sink comp="1165" pin=0"/></net>

<net id="1171"><net_src comp="176" pin="0"/><net_sink comp="1165" pin=1"/></net>

<net id="1172"><net_src comp="178" pin="0"/><net_sink comp="1165" pin=2"/></net>

<net id="1178"><net_src comp="240" pin="0"/><net_sink comp="1173" pin=0"/></net>

<net id="1179"><net_src comp="429" pin="64"/><net_sink comp="1173" pin=1"/></net>

<net id="1180"><net_src comp="170" pin="0"/><net_sink comp="1173" pin=2"/></net>

<net id="1185"><net_src comp="210" pin="0"/><net_sink comp="1181" pin=0"/></net>

<net id="1186"><net_src comp="429" pin="64"/><net_sink comp="1181" pin=1"/></net>

<net id="1190"><net_src comp="1181" pin="2"/><net_sink comp="1187" pin=0"/></net>

<net id="1195"><net_src comp="1187" pin="1"/><net_sink comp="1191" pin=1"/></net>

<net id="1199"><net_src comp="1191" pin="2"/><net_sink comp="1196" pin=0"/></net>

<net id="1206"><net_src comp="242" pin="0"/><net_sink comp="1200" pin=0"/></net>

<net id="1207"><net_src comp="1191" pin="2"/><net_sink comp="1200" pin=1"/></net>

<net id="1208"><net_src comp="158" pin="0"/><net_sink comp="1200" pin=2"/></net>

<net id="1209"><net_src comp="152" pin="0"/><net_sink comp="1200" pin=3"/></net>

<net id="1213"><net_src comp="1200" pin="4"/><net_sink comp="1210" pin=0"/></net>

<net id="1214"><net_src comp="1210" pin="1"/><net_sink comp="320" pin=2"/></net>

<net id="1215"><net_src comp="1210" pin="1"/><net_sink comp="333" pin=2"/></net>

<net id="1220"><net_src comp="429" pin="64"/><net_sink comp="1216" pin=0"/></net>

<net id="1221"><net_src comp="206" pin="0"/><net_sink comp="1216" pin=1"/></net>

<net id="1225"><net_src comp="1216" pin="2"/><net_sink comp="1222" pin=0"/></net>

<net id="1230"><net_src comp="1222" pin="1"/><net_sink comp="1226" pin=1"/></net>

<net id="1234"><net_src comp="1226" pin="2"/><net_sink comp="1231" pin=0"/></net>

<net id="1241"><net_src comp="242" pin="0"/><net_sink comp="1235" pin=0"/></net>

<net id="1242"><net_src comp="1226" pin="2"/><net_sink comp="1235" pin=1"/></net>

<net id="1243"><net_src comp="158" pin="0"/><net_sink comp="1235" pin=2"/></net>

<net id="1244"><net_src comp="152" pin="0"/><net_sink comp="1235" pin=3"/></net>

<net id="1248"><net_src comp="1235" pin="4"/><net_sink comp="1245" pin=0"/></net>

<net id="1249"><net_src comp="1245" pin="1"/><net_sink comp="346" pin=2"/></net>

<net id="1250"><net_src comp="1245" pin="1"/><net_sink comp="354" pin=2"/></net>

<net id="1254"><net_src comp="945" pin="1"/><net_sink comp="1251" pin=0"/></net>

<net id="1255"><net_src comp="1251" pin="1"/><net_sink comp="714" pin=0"/></net>

<net id="1259"><net_src comp="1256" pin="1"/><net_sink comp="714" pin=1"/></net>

<net id="1263"><net_src comp="949" pin="1"/><net_sink comp="1260" pin=0"/></net>

<net id="1268"><net_src comp="1260" pin="1"/><net_sink comp="1264" pin=0"/></net>

<net id="1269"><net_src comp="953" pin="1"/><net_sink comp="1264" pin=1"/></net>

<net id="1273"><net_src comp="1264" pin="2"/><net_sink comp="1270" pin=0"/></net>

<net id="1278"><net_src comp="208" pin="0"/><net_sink comp="1274" pin=0"/></net>

<net id="1279"><net_src comp="395" pin="1"/><net_sink comp="1274" pin=1"/></net>

<net id="1283"><net_src comp="1274" pin="2"/><net_sink comp="1280" pin=0"/></net>

<net id="1288"><net_src comp="1270" pin="1"/><net_sink comp="1284" pin=0"/></net>

<net id="1289"><net_src comp="1280" pin="1"/><net_sink comp="1284" pin=1"/></net>

<net id="1293"><net_src comp="945" pin="1"/><net_sink comp="1290" pin=0"/></net>

<net id="1294"><net_src comp="1290" pin="1"/><net_sink comp="714" pin=0"/></net>

<net id="1298"><net_src comp="1295" pin="1"/><net_sink comp="714" pin=1"/></net>

<net id="1302"><net_src comp="949" pin="1"/><net_sink comp="1299" pin=0"/></net>

<net id="1307"><net_src comp="1299" pin="1"/><net_sink comp="1303" pin=0"/></net>

<net id="1308"><net_src comp="953" pin="1"/><net_sink comp="1303" pin=1"/></net>

<net id="1312"><net_src comp="395" pin="1"/><net_sink comp="1309" pin=0"/></net>

<net id="1316"><net_src comp="1309" pin="1"/><net_sink comp="1313" pin=0"/></net>

<net id="1321"><net_src comp="1303" pin="2"/><net_sink comp="1317" pin=0"/></net>

<net id="1322"><net_src comp="1313" pin="1"/><net_sink comp="1317" pin=1"/></net>

<net id="1326"><net_src comp="1317" pin="2"/><net_sink comp="1323" pin=0"/></net>

<net id="1330"><net_src comp="530" pin="4"/><net_sink comp="1327" pin=0"/></net>

<net id="1336"><net_src comp="250" pin="0"/><net_sink comp="1331" pin=0"/></net>

<net id="1337"><net_src comp="530" pin="4"/><net_sink comp="1331" pin=1"/></net>

<net id="1338"><net_src comp="252" pin="0"/><net_sink comp="1331" pin=2"/></net>

<net id="1344"><net_src comp="1331" pin="3"/><net_sink comp="1339" pin=0"/></net>

<net id="1345"><net_src comp="254" pin="0"/><net_sink comp="1339" pin=1"/></net>

<net id="1346"><net_src comp="1327" pin="1"/><net_sink comp="1339" pin=2"/></net>

<net id="1353"><net_src comp="256" pin="0"/><net_sink comp="1347" pin=0"/></net>

<net id="1354"><net_src comp="1339" pin="3"/><net_sink comp="1347" pin=1"/></net>

<net id="1355"><net_src comp="74" pin="0"/><net_sink comp="1347" pin=2"/></net>

<net id="1356"><net_src comp="248" pin="0"/><net_sink comp="1347" pin=3"/></net>

<net id="1361"><net_src comp="1347" pin="4"/><net_sink comp="1357" pin=0"/></net>

<net id="1362"><net_src comp="258" pin="0"/><net_sink comp="1357" pin=1"/></net>

<net id="1366"><net_src comp="1339" pin="3"/><net_sink comp="1363" pin=0"/></net>

<net id="1372"><net_src comp="1357" pin="2"/><net_sink comp="1367" pin=0"/></net>

<net id="1373"><net_src comp="260" pin="0"/><net_sink comp="1367" pin=1"/></net>

<net id="1374"><net_src comp="1363" pin="1"/><net_sink comp="1367" pin=2"/></net>

<net id="1381"><net_src comp="70" pin="0"/><net_sink comp="1375" pin=0"/></net>

<net id="1382"><net_src comp="72" pin="0"/><net_sink comp="1375" pin=2"/></net>

<net id="1383"><net_src comp="74" pin="0"/><net_sink comp="1375" pin=3"/></net>

<net id="1392"><net_src comp="1384" pin="1"/><net_sink comp="1387" pin=0"/></net>

<net id="1393"><net_src comp="208" pin="0"/><net_sink comp="1387" pin=1"/></net>

<net id="1394"><net_src comp="210" pin="0"/><net_sink comp="1387" pin=2"/></net>

<net id="1400"><net_src comp="76" pin="0"/><net_sink comp="1395" pin=0"/></net>

<net id="1401"><net_src comp="78" pin="0"/><net_sink comp="1395" pin=2"/></net>

<net id="1405"><net_src comp="1395" pin="3"/><net_sink comp="1402" pin=0"/></net>

<net id="1410"><net_src comp="1402" pin="1"/><net_sink comp="1406" pin=0"/></net>

<net id="1417"><net_src comp="80" pin="0"/><net_sink comp="1411" pin=0"/></net>

<net id="1418"><net_src comp="1406" pin="2"/><net_sink comp="1411" pin=1"/></net>

<net id="1419"><net_src comp="72" pin="0"/><net_sink comp="1411" pin=2"/></net>

<net id="1420"><net_src comp="82" pin="0"/><net_sink comp="1411" pin=3"/></net>

<net id="1424"><net_src comp="1411" pin="4"/><net_sink comp="1421" pin=0"/></net>

<net id="1429"><net_src comp="0" pin="0"/><net_sink comp="1425" pin=0"/></net>

<net id="1430"><net_src comp="1421" pin="1"/><net_sink comp="1425" pin=1"/></net>

<net id="1435"><net_src comp="264" pin="0"/><net_sink comp="1431" pin=1"/></net>

<net id="1441"><net_src comp="266" pin="0"/><net_sink comp="1436" pin=0"/></net>

<net id="1442"><net_src comp="1431" pin="2"/><net_sink comp="1436" pin=1"/></net>

<net id="1443"><net_src comp="78" pin="0"/><net_sink comp="1436" pin=2"/></net>

<net id="1447"><net_src comp="1436" pin="3"/><net_sink comp="1444" pin=0"/></net>

<net id="1452"><net_src comp="1444" pin="1"/><net_sink comp="1448" pin=0"/></net>

<net id="1459"><net_src comp="80" pin="0"/><net_sink comp="1453" pin=0"/></net>

<net id="1460"><net_src comp="1448" pin="2"/><net_sink comp="1453" pin=1"/></net>

<net id="1461"><net_src comp="72" pin="0"/><net_sink comp="1453" pin=2"/></net>

<net id="1462"><net_src comp="82" pin="0"/><net_sink comp="1453" pin=3"/></net>

<net id="1466"><net_src comp="1453" pin="4"/><net_sink comp="1463" pin=0"/></net>

<net id="1471"><net_src comp="0" pin="0"/><net_sink comp="1467" pin=0"/></net>

<net id="1472"><net_src comp="1463" pin="1"/><net_sink comp="1467" pin=1"/></net>

<net id="1477"><net_src comp="268" pin="0"/><net_sink comp="1473" pin=1"/></net>

<net id="1483"><net_src comp="266" pin="0"/><net_sink comp="1478" pin=0"/></net>

<net id="1484"><net_src comp="1473" pin="2"/><net_sink comp="1478" pin=1"/></net>

<net id="1485"><net_src comp="78" pin="0"/><net_sink comp="1478" pin=2"/></net>

<net id="1489"><net_src comp="1478" pin="3"/><net_sink comp="1486" pin=0"/></net>

<net id="1494"><net_src comp="1486" pin="1"/><net_sink comp="1490" pin=0"/></net>

<net id="1501"><net_src comp="80" pin="0"/><net_sink comp="1495" pin=0"/></net>

<net id="1502"><net_src comp="1490" pin="2"/><net_sink comp="1495" pin=1"/></net>

<net id="1503"><net_src comp="72" pin="0"/><net_sink comp="1495" pin=2"/></net>

<net id="1504"><net_src comp="82" pin="0"/><net_sink comp="1495" pin=3"/></net>

<net id="1508"><net_src comp="1495" pin="4"/><net_sink comp="1505" pin=0"/></net>

<net id="1513"><net_src comp="0" pin="0"/><net_sink comp="1509" pin=0"/></net>

<net id="1514"><net_src comp="1505" pin="1"/><net_sink comp="1509" pin=1"/></net>

<net id="1518"><net_src comp="582" pin="64"/><net_sink comp="1515" pin=0"/></net>

<net id="1519"><net_src comp="1515" pin="1"/><net_sink comp="382" pin=2"/></net>

<net id="1523"><net_src comp="302" pin="2"/><net_sink comp="1520" pin=0"/></net>

<net id="1524"><net_src comp="1520" pin="1"/><net_sink comp="1375" pin=1"/></net>

<net id="1528"><net_src comp="314" pin="2"/><net_sink comp="1525" pin=0"/></net>

<net id="1529"><net_src comp="1525" pin="1"/><net_sink comp="1076" pin=1"/></net>

<net id="1530"><net_src comp="1525" pin="1"/><net_sink comp="702" pin=6"/></net>

<net id="1531"><net_src comp="1525" pin="1"/><net_sink comp="1406" pin=1"/></net>

<net id="1532"><net_src comp="1525" pin="1"/><net_sink comp="1448" pin=1"/></net>

<net id="1533"><net_src comp="1525" pin="1"/><net_sink comp="1490" pin=1"/></net>

<net id="1537"><net_src comp="278" pin="1"/><net_sink comp="1534" pin=0"/></net>

<net id="1538"><net_src comp="1534" pin="1"/><net_sink comp="689" pin=6"/></net>

<net id="1539"><net_src comp="1534" pin="1"/><net_sink comp="1127" pin=0"/></net>

<net id="1543"><net_src comp="282" pin="1"/><net_sink comp="1540" pin=0"/></net>

<net id="1544"><net_src comp="1540" pin="1"/><net_sink comp="679" pin=5"/></net>

<net id="1545"><net_src comp="1540" pin="1"/><net_sink comp="1123" pin=0"/></net>

<net id="1549"><net_src comp="957" pin="1"/><net_sink comp="1546" pin=0"/></net>

<net id="1550"><net_src comp="1546" pin="1"/><net_sink comp="1021" pin=2"/></net>

<net id="1554"><net_src comp="961" pin="2"/><net_sink comp="1551" pin=0"/></net>

<net id="1558"><net_src comp="967" pin="2"/><net_sink comp="1555" pin=0"/></net>

<net id="1559"><net_src comp="1555" pin="1"/><net_sink comp="1021" pin=0"/></net>

<net id="1563"><net_src comp="983" pin="3"/><net_sink comp="1560" pin=0"/></net>

<net id="1564"><net_src comp="1560" pin="1"/><net_sink comp="1027" pin=0"/></net>

<net id="1568"><net_src comp="1001" pin="4"/><net_sink comp="1565" pin=0"/></net>

<net id="1569"><net_src comp="1565" pin="1"/><net_sink comp="1030" pin=0"/></net>

<net id="1570"><net_src comp="1565" pin="1"/><net_sink comp="689" pin=3"/></net>

<net id="1574"><net_src comp="1011" pin="4"/><net_sink comp="1571" pin=0"/></net>

<net id="1575"><net_src comp="1571" pin="1"/><net_sink comp="1148" pin=0"/></net>

<net id="1576"><net_src comp="1571" pin="1"/><net_sink comp="1395" pin=1"/></net>

<net id="1580"><net_src comp="1021" pin="3"/><net_sink comp="1577" pin=0"/></net>

<net id="1581"><net_src comp="1577" pin="1"/><net_sink comp="679" pin=3"/></net>

<net id="1582"><net_src comp="1577" pin="1"/><net_sink comp="1113" pin=1"/></net>

<net id="1583"><net_src comp="1577" pin="1"/><net_sink comp="689" pin=2"/></net>

<net id="1584"><net_src comp="1577" pin="1"/><net_sink comp="702" pin=2"/></net>

<net id="1588"><net_src comp="1033" pin="2"/><net_sink comp="1585" pin=0"/></net>

<net id="1589"><net_src comp="1585" pin="1"/><net_sink comp="362" pin=1"/></net>

<net id="1590"><net_src comp="1585" pin="1"/><net_sink comp="370" pin=1"/></net>

<net id="1594"><net_src comp="1050" pin="2"/><net_sink comp="1591" pin=0"/></net>

<net id="1595"><net_src comp="1591" pin="1"/><net_sink comp="1113" pin=0"/></net>

<net id="1599"><net_src comp="1081" pin="4"/><net_sink comp="1596" pin=0"/></net>

<net id="1600"><net_src comp="1596" pin="1"/><net_sink comp="1099" pin=0"/></net>

<net id="1601"><net_src comp="1596" pin="1"/><net_sink comp="679" pin=4"/></net>

<net id="1605"><net_src comp="1091" pin="3"/><net_sink comp="1602" pin=0"/></net>

<net id="1606"><net_src comp="1602" pin="1"/><net_sink comp="1109" pin=0"/></net>

<net id="1610"><net_src comp="1102" pin="2"/><net_sink comp="1607" pin=0"/></net>

<net id="1611"><net_src comp="1607" pin="1"/><net_sink comp="362" pin=1"/></net>

<net id="1615"><net_src comp="1109" pin="1"/><net_sink comp="1612" pin=0"/></net>

<net id="1616"><net_src comp="1612" pin="1"/><net_sink comp="362" pin=2"/></net>

<net id="1620"><net_src comp="370" pin="2"/><net_sink comp="1617" pin=0"/></net>

<net id="1621"><net_src comp="1617" pin="1"/><net_sink comp="679" pin=1"/></net>

<net id="1625"><net_src comp="1113" pin="3"/><net_sink comp="1622" pin=0"/></net>

<net id="1626"><net_src comp="1622" pin="1"/><net_sink comp="1119" pin=0"/></net>

<net id="1630"><net_src comp="1119" pin="1"/><net_sink comp="1627" pin=0"/></net>

<net id="1631"><net_src comp="1627" pin="1"/><net_sink comp="362" pin=2"/></net>

<net id="1638"><net_src comp="1140" pin="3"/><net_sink comp="1635" pin=0"/></net>

<net id="1639"><net_src comp="1635" pin="1"/><net_sink comp="1151" pin=0"/></net>

<net id="1640"><net_src comp="1635" pin="1"/><net_sink comp="718" pin=1"/></net>

<net id="1641"><net_src comp="1635" pin="1"/><net_sink comp="725" pin=1"/></net>

<net id="1642"><net_src comp="1635" pin="1"/><net_sink comp="732" pin=1"/></net>

<net id="1643"><net_src comp="1635" pin="1"/><net_sink comp="739" pin=1"/></net>

<net id="1644"><net_src comp="1635" pin="1"/><net_sink comp="746" pin=1"/></net>

<net id="1645"><net_src comp="1635" pin="1"/><net_sink comp="753" pin=1"/></net>

<net id="1646"><net_src comp="1635" pin="1"/><net_sink comp="760" pin=1"/></net>

<net id="1647"><net_src comp="1635" pin="1"/><net_sink comp="767" pin=1"/></net>

<net id="1648"><net_src comp="1635" pin="1"/><net_sink comp="774" pin=1"/></net>

<net id="1649"><net_src comp="1635" pin="1"/><net_sink comp="781" pin=1"/></net>

<net id="1650"><net_src comp="1635" pin="1"/><net_sink comp="788" pin=1"/></net>

<net id="1651"><net_src comp="1635" pin="1"/><net_sink comp="795" pin=1"/></net>

<net id="1652"><net_src comp="1635" pin="1"/><net_sink comp="802" pin=1"/></net>

<net id="1653"><net_src comp="1635" pin="1"/><net_sink comp="809" pin=1"/></net>

<net id="1654"><net_src comp="1635" pin="1"/><net_sink comp="816" pin=1"/></net>

<net id="1655"><net_src comp="1635" pin="1"/><net_sink comp="823" pin=1"/></net>

<net id="1656"><net_src comp="1635" pin="1"/><net_sink comp="830" pin=1"/></net>

<net id="1657"><net_src comp="1635" pin="1"/><net_sink comp="837" pin=1"/></net>

<net id="1658"><net_src comp="1635" pin="1"/><net_sink comp="844" pin=1"/></net>

<net id="1659"><net_src comp="1635" pin="1"/><net_sink comp="851" pin=1"/></net>

<net id="1660"><net_src comp="1635" pin="1"/><net_sink comp="858" pin=1"/></net>

<net id="1661"><net_src comp="1635" pin="1"/><net_sink comp="865" pin=1"/></net>

<net id="1662"><net_src comp="1635" pin="1"/><net_sink comp="872" pin=1"/></net>

<net id="1663"><net_src comp="1635" pin="1"/><net_sink comp="879" pin=1"/></net>

<net id="1664"><net_src comp="1635" pin="1"/><net_sink comp="886" pin=1"/></net>

<net id="1665"><net_src comp="1635" pin="1"/><net_sink comp="893" pin=1"/></net>

<net id="1666"><net_src comp="1635" pin="1"/><net_sink comp="900" pin=1"/></net>

<net id="1667"><net_src comp="1635" pin="1"/><net_sink comp="907" pin=1"/></net>

<net id="1668"><net_src comp="1635" pin="1"/><net_sink comp="914" pin=1"/></net>

<net id="1669"><net_src comp="1635" pin="1"/><net_sink comp="921" pin=1"/></net>

<net id="1670"><net_src comp="1635" pin="1"/><net_sink comp="928" pin=1"/></net>

<net id="1671"><net_src comp="1635" pin="1"/><net_sink comp="1156" pin=0"/></net>

<net id="1672"><net_src comp="1635" pin="1"/><net_sink comp="1191" pin=0"/></net>

<net id="1673"><net_src comp="1635" pin="1"/><net_sink comp="1226" pin=0"/></net>

<net id="1674"><net_src comp="1635" pin="1"/><net_sink comp="1384" pin=0"/></net>

<net id="1675"><net_src comp="1635" pin="1"/><net_sink comp="382" pin=2"/></net>

<net id="1679"><net_src comp="1148" pin="1"/><net_sink comp="1676" pin=0"/></net>

<net id="1680"><net_src comp="1676" pin="1"/><net_sink comp="1431" pin=0"/></net>

<net id="1681"><net_src comp="1676" pin="1"/><net_sink comp="1473" pin=0"/></net>

<net id="1685"><net_src comp="1151" pin="2"/><net_sink comp="1682" pin=0"/></net>

<net id="1782"><net_src comp="1165" pin="3"/><net_sink comp="1779" pin=0"/></net>

<net id="1783"><net_src comp="1779" pin="1"/><net_sink comp="429" pin=62"/></net>

<net id="1790"><net_src comp="1196" pin="1"/><net_sink comp="1787" pin=0"/></net>

<net id="1791"><net_src comp="1787" pin="1"/><net_sink comp="1256" pin=0"/></net>

<net id="1795"><net_src comp="320" pin="3"/><net_sink comp="1792" pin=0"/></net>

<net id="1796"><net_src comp="1792" pin="1"/><net_sink comp="327" pin=0"/></net>

<net id="1800"><net_src comp="333" pin="3"/><net_sink comp="1797" pin=0"/></net>

<net id="1801"><net_src comp="1797" pin="1"/><net_sink comp="340" pin=0"/></net>

<net id="1805"><net_src comp="1231" pin="1"/><net_sink comp="1802" pin=0"/></net>

<net id="1806"><net_src comp="1802" pin="1"/><net_sink comp="1295" pin=0"/></net>

<net id="1810"><net_src comp="346" pin="3"/><net_sink comp="1807" pin=0"/></net>

<net id="1811"><net_src comp="1807" pin="1"/><net_sink comp="327" pin=0"/></net>

<net id="1815"><net_src comp="354" pin="3"/><net_sink comp="1812" pin=0"/></net>

<net id="1816"><net_src comp="1812" pin="1"/><net_sink comp="340" pin=0"/></net>

<net id="1820"><net_src comp="1284" pin="2"/><net_sink comp="1817" pin=0"/></net>

<net id="1821"><net_src comp="1817" pin="1"/><net_sink comp="530" pin=2"/></net>

<net id="1825"><net_src comp="1323" pin="1"/><net_sink comp="1822" pin=0"/></net>

<net id="1826"><net_src comp="1822" pin="1"/><net_sink comp="530" pin=0"/></net>

<net id="1830"><net_src comp="1367" pin="3"/><net_sink comp="1827" pin=0"/></net>

<net id="1831"><net_src comp="1827" pin="1"/><net_sink comp="540" pin=0"/></net>

<net id="1835"><net_src comp="1375" pin="4"/><net_sink comp="1832" pin=0"/></net>

<net id="1836"><net_src comp="1832" pin="1"/><net_sink comp="702" pin=5"/></net>

<net id="1933"><net_src comp="1387" pin="3"/><net_sink comp="1930" pin=0"/></net>

<net id="1934"><net_src comp="1930" pin="1"/><net_sink comp="582" pin=62"/></net>

<net id="1938"><net_src comp="1425" pin="2"/><net_sink comp="1935" pin=0"/></net>

<net id="1939"><net_src comp="1935" pin="1"/><net_sink comp="375" pin=1"/></net>

<net id="1940"><net_src comp="1935" pin="1"/><net_sink comp="382" pin=1"/></net>

<net id="1941"><net_src comp="1935" pin="1"/><net_sink comp="390" pin=1"/></net>

<net id="1945"><net_src comp="1467" pin="2"/><net_sink comp="1942" pin=0"/></net>

<net id="1946"><net_src comp="1942" pin="1"/><net_sink comp="375" pin=1"/></net>

<net id="1947"><net_src comp="1942" pin="1"/><net_sink comp="382" pin=1"/></net>

<net id="1948"><net_src comp="1942" pin="1"/><net_sink comp="390" pin=1"/></net>

<net id="1952"><net_src comp="1509" pin="2"/><net_sink comp="1949" pin=0"/></net>

<net id="1953"><net_src comp="1949" pin="1"/><net_sink comp="375" pin=1"/></net>

<net id="1954"><net_src comp="1949" pin="1"/><net_sink comp="382" pin=1"/></net>

<net id="1955"><net_src comp="1949" pin="1"/><net_sink comp="390" pin=1"/></net>

</net_list>

</model> 
---------------- Datapath Model END ------------------

* FSMD analyzer results:
  - Output states:
	Port: gmem | {33 34 36 37 38 39 40 41 42 43 44 }
 - Input state : 
	Port: softmax_accel : gmem | {2 3 4 5 6 7 8 9 10 11 12 13 14 15 16 17 18 19 20 21 22 }
	Port: softmax_accel : mem | {1 }
	Port: softmax_accel : input_base | {1 }
	Port: softmax_accel : prob_base | {1 }
	Port: softmax_accel : dbg_base | {1 }
	Port: softmax_accel : n | {1 }
	Port: softmax_accel : EXP2_PTS_Q16 | {21 22 }
	Port: softmax_accel : RECIP_M_Q30 | {25 26 29 }
	Port: softmax_accel : RECIP_B_Q30 | {25 26 29 }
  - Chain level:
	State 1
		br_ln168 : 1
		and_ln : 1
		zext_ln176 : 2
		add_ln176 : 3
		trunc_ln1 : 4
	State 2
		gmem_addr : 1
		max_x_req : 2
		tmp : 1
		icmp_ln177 : 2
		trunc_ln177 : 1
		add_ln177 : 2
		add_ln177_1 : 1
		zext_ln177 : 2
		add_ln177_2 : 3
		trunc_ln2 : 4
		empty : 3
	State 3
		gmem_addr_1 : 1
		empty_36 : 2
	State 4
	State 5
	State 6
	State 7
	State 8
	State 9
	State 10
	State 11
	State 12
	State 13
		empty_37 : 1
	State 14
	State 15
	State 16
	State 17
	State 18
	State 19
	State 20
	State 21
		call_ln169 : 1
	State 22
	State 23
		icmp_ln197 : 1
		sum : 1
		sum_2 : 2
	State 24
		br_ln112 : 1
		br_ln119 : 1
		br_ln119 : 1
		br_ln119 : 1
		br_ln119 : 1
		br_ln119 : 1
		br_ln119 : 1
		br_ln119 : 1
		br_ln119 : 1
		br_ln119 : 1
		br_ln119 : 1
		br_ln119 : 1
		br_ln119 : 1
		br_ln119 : 1
		br_ln119 : 1
		br_ln119 : 1
		br_ln119 : 1
		br_ln119 : 1
		br_ln119 : 1
		br_ln119 : 1
		br_ln119 : 1
		br_ln119 : 1
		br_ln119 : 1
		br_ln119 : 1
		br_ln119 : 1
		br_ln119 : 1
		br_ln119 : 1
		br_ln119 : 1
		br_ln119 : 1
		br_ln119 : 1
		br_ln119 : 1
		br_ln119 : 1
		xor_ln119 : 1
		select_ln119 : 1
	State 25
		tmp_41 : 1
		sub_ln126 : 1
		sext_ln126 : 2
		shl_ln126 : 3
		br_ln126 : 2
		x_q1_15 : 4
		seg : 4
		zext_ln133 : 5
		RECIP_M_Q30_addr : 6
		m : 7
		RECIP_B_Q30_addr : 6
		b : 7
		add_ln127 : 1
		zext_ln127 : 2
		lshr_ln127 : 3
		trunc_ln127 : 4
		lshr_ln : 4
		zext_ln133_1 : 5
		RECIP_M_Q30_addr_1 : 6
		RECIP_M_Q30_load : 7
		RECIP_B_Q30_addr_1 : 6
		RECIP_B_Q30_load : 7
	State 26
	State 27
		mx : 1
		trunc_ln4 : 2
	State 28
		inv_x_q30 : 1
		sext_ln143 : 2
		zext_ln145 : 1
		shl_ln145 : 3
	State 29
	State 30
		mul_ln136 : 1
		trunc_ln137_1 : 2
	State 31
		add_ln137 : 1
		zext_ln144 : 1
		inv_sum_1 : 2
		sext_ln143_1 : 3
	State 32
		trunc_ln143 : 1
		tmp_42 : 1
		inv_sum_3 : 2
		tmp_43 : 3
		icmp_ln148 : 4
		trunc_ln149 : 3
		inv_sum_q30 : 5
	State 33
		call_ln169 : 1
	State 34
		br_ln217 : 1
		br_ln217 : 1
		br_ln217 : 1
		br_ln217 : 1
		br_ln217 : 1
		br_ln217 : 1
		br_ln217 : 1
		br_ln217 : 1
		br_ln217 : 1
		br_ln217 : 1
		br_ln217 : 1
		br_ln217 : 1
		br_ln217 : 1
		br_ln217 : 1
		br_ln217 : 1
		br_ln217 : 1
		br_ln217 : 1
		br_ln217 : 1
		br_ln217 : 1
		br_ln217 : 1
		br_ln217 : 1
		br_ln217 : 1
		br_ln217 : 1
		br_ln217 : 1
		br_ln217 : 1
		br_ln217 : 1
		br_ln217 : 1
		br_ln217 : 1
		br_ln217 : 1
		br_ln217 : 1
		br_ln217 : 1
		select_ln217 : 1
	State 35
		zext_ln221 : 1
		add_ln221 : 2
		trunc_ln : 3
		sext_ln221 : 4
		gmem_addr_2 : 5
		shl_ln1 : 1
		zext_ln222 : 2
		add_ln222_1 : 3
		trunc_ln3 : 4
		sext_ln222 : 5
		gmem_addr_3 : 6
		shl_ln2 : 1
		zext_ln223 : 2
		add_ln223_1 : 3
		trunc_ln5 : 4
		sext_ln223 : 5
		gmem_addr_4 : 6
	State 36
	State 37
	State 38
	State 39
		sext_ln219 : 1
		write_ln223 : 2
	State 40
	State 41
	State 42
	State 43
	State 44


============================================================
+ Verbose Summary: Datapath Resource usage 
============================================================

* Functional unit list:
|----------|----------------------------------------------------|---------|---------|---------|---------|
| Operation|                   Functional Unit                  |   DSP   |  Delay  |    FF   |   LUT   |
|----------|----------------------------------------------------|---------|---------|---------|---------|
|          | grp_softmax_accel_Pipeline_VITIS_LOOP_177_1_fu_679 |    0    |    0    |   138   |    99   |
|   call   | grp_softmax_accel_Pipeline_VITIS_LOOP_188_2_fu_689 |    1    |  3.176  |   483   |   749   |
|          | grp_softmax_accel_Pipeline_VITIS_LOOP_202_3_fu_702 |    4    |  1.588  |   279   |   165   |
|----------|----------------------------------------------------|---------|---------|---------|---------|
|          |                  add_ln176_fu_995                  |    0    |    0    |    0    |    71   |
|          |                  add_ln177_fu_1060                 |    0    |    0    |    0    |    15   |
|          |                 add_ln177_1_fu_1066                |    0    |    0    |    0    |    39   |
|          |                 add_ln177_2_fu_1076                |    0    |    0    |    0    |    71   |
|          |                  add_ln127_fu_1216                 |    0    |    0    |    0    |    13   |
|    add   |                  inv_x_q30_fu_1264                 |    0    |    0    |    0    |    39   |
|          |                  add_ln137_fu_1303                 |    0    |    0    |    0    |    39   |
|          |                  add_ln221_fu_1406                 |    0    |    0    |    0    |    71   |
|          |                  add_ln222_fu_1431                 |    0    |    0    |    0    |    37   |
|          |                 add_ln222_1_fu_1448                |    0    |    0    |    0    |    71   |
|          |                  add_ln223_fu_1473                 |    0    |    0    |    0    |    37   |
|          |                 add_ln223_1_fu_1490                |    0    |    0    |    0    |    71   |
|----------|----------------------------------------------------|---------|---------|---------|---------|
|          |                  icmp_ln168_fu_961                 |    0    |    0    |    0    |    39   |
|          |                  icmp_ln169_fu_967                 |    0    |    0    |    0    |    39   |
|   icmp   |                 icmp_ln177_fu_1050                 |    0    |    0    |    0    |    15   |
|          |                 icmp_ln197_fu_1130                 |    0    |    0    |    0    |    47   |
|          |                 icmp_ln112_fu_1151                 |    0    |    0    |    0    |    39   |
|          |                 icmp_ln148_fu_1357                 |    0    |    0    |    0    |    23   |
|----------|----------------------------------------------------|---------|---------|---------|---------|
|    shl   |                  shl_ln126_fu_1191                 |    0    |    0    |    0    |   100   |
|          |                  shl_ln145_fu_1284                 |    0    |    0    |    0    |   100   |
|----------|----------------------------------------------------|---------|---------|---------|---------|
|          |                select_ln169_fu_1021                |    0    |    0    |    0    |    9    |
|          |                    empty_fu_1091                   |    0    |    0    |    0    |    8    |
|          |                select_ln188_fu_1113                |    0    |    0    |    0    |    9    |
|  select  |                    sum_2_fu_1140                   |    0    |    0    |    0    |    32   |
|          |                select_ln119_fu_1165                |    0    |    0    |    0    |    2    |
|          |                  inv_sum_3_fu_1339                 |    0    |    0    |    0    |    47   |
|          |                 inv_sum_q30_fu_1367                |    0    |    0    |    0    |    31   |
|          |                select_ln217_fu_1387                |    0    |    0    |    0    |    5    |
|----------|----------------------------------------------------|---------|---------|---------|---------|
|   lshr   |                 lshr_ln127_fu_1226                 |    0    |    0    |    0    |   100   |
|----------|----------------------------------------------------|---------|---------|---------|---------|
|   ashr   |                  inv_sum_1_fu_1317                 |    0    |    0    |    0    |   100   |
|----------|----------------------------------------------------|---------|---------|---------|---------|
|    sub   |                  sub_ln126_fu_1181                 |    0    |    0    |    0    |    13   |
|          |                  sub_ln145_fu_1274                 |    0    |    0    |    0    |    13   |
|----------|----------------------------------------------------|---------|---------|---------|---------|
|    mul   |                     grp_fu_714                     |    2    |    0    |    0    |    23   |
|----------|----------------------------------------------------|---------|---------|---------|---------|
|    xor   |                  xor_ln119_fu_1159                 |    0    |    0    |    0    |    2    |
|----------|----------------------------------------------------|---------|---------|---------|---------|
|          |                 n_read_read_fu_290                 |    0    |    0    |    0    |    0    |
|          |              dbg_base_read_read_fu_296             |    0    |    0    |    0    |    0    |
|   read   |             prob_base_read_read_fu_302             |    0    |    0    |    0    |    0    |
|          |             input_base_read_read_fu_308            |    0    |    0    |    0    |    0    |
|          |                mem_read_read_fu_314                |    0    |    0    |    0    |    0    |
|          |                  max_x_read_fu_370                 |    0    |    0    |    0    |    0    |
|----------|----------------------------------------------------|---------|---------|---------|---------|
|  readreq |                 grp_readreq_fu_362                 |    0    |    0    |    0    |    0    |
|----------|----------------------------------------------------|---------|---------|---------|---------|
| writereq |                 grp_writereq_fu_375                |    0    |    0    |    0    |    0    |
|----------|----------------------------------------------------|---------|---------|---------|---------|
|   write  |                  grp_write_fu_382                  |    0    |    0    |    0    |    0    |
|----------|----------------------------------------------------|---------|---------|---------|---------|
| writeresp|                grp_writeresp_fu_390                |    0    |    0    |    0    |    0    |
|----------|----------------------------------------------------|---------|---------|---------|---------|
|          |                     grp_fu_718                     |    0    |    0    |    0    |    0    |
|          |                     grp_fu_725                     |    0    |    0    |    0    |    0    |
|          |                     grp_fu_732                     |    0    |    0    |    0    |    0    |
|          |                     grp_fu_739                     |    0    |    0    |    0    |    0    |
|          |                     grp_fu_746                     |    0    |    0    |    0    |    0    |
|          |                     grp_fu_753                     |    0    |    0    |    0    |    0    |
|          |                     grp_fu_760                     |    0    |    0    |    0    |    0    |
|          |                     grp_fu_767                     |    0    |    0    |    0    |    0    |
|          |                     grp_fu_774                     |    0    |    0    |    0    |    0    |
|          |                     grp_fu_781                     |    0    |    0    |    0    |    0    |
|          |                     grp_fu_788                     |    0    |    0    |    0    |    0    |
|          |                     grp_fu_795                     |    0    |    0    |    0    |    0    |
|          |                     grp_fu_802                     |    0    |    0    |    0    |    0    |
|          |                     grp_fu_809                     |    0    |    0    |    0    |    0    |
|          |                     grp_fu_816                     |    0    |    0    |    0    |    0    |
|          |                     grp_fu_823                     |    0    |    0    |    0    |    0    |
| bitselect|                     grp_fu_830                     |    0    |    0    |    0    |    0    |
|          |                     grp_fu_837                     |    0    |    0    |    0    |    0    |
|          |                     grp_fu_844                     |    0    |    0    |    0    |    0    |
|          |                     grp_fu_851                     |    0    |    0    |    0    |    0    |
|          |                     grp_fu_858                     |    0    |    0    |    0    |    0    |
|          |                     grp_fu_865                     |    0    |    0    |    0    |    0    |
|          |                     grp_fu_872                     |    0    |    0    |    0    |    0    |
|          |                     grp_fu_879                     |    0    |    0    |    0    |    0    |
|          |                     grp_fu_886                     |    0    |    0    |    0    |    0    |
|          |                     grp_fu_893                     |    0    |    0    |    0    |    0    |
|          |                     grp_fu_900                     |    0    |    0    |    0    |    0    |
|          |                     grp_fu_907                     |    0    |    0    |    0    |    0    |
|          |                     grp_fu_914                     |    0    |    0    |    0    |    0    |
|          |                     grp_fu_921                     |    0    |    0    |    0    |    0    |
|          |                     grp_fu_928                     |    0    |    0    |    0    |    0    |
|          |                   tmp_41_fu_1173                   |    0    |    0    |    0    |    0    |
|          |                   tmp_42_fu_1331                   |    0    |    0    |    0    |    0    |
|----------|----------------------------------------------------|---------|---------|---------|---------|
|          |                     grp_fu_935                     |    0    |    0    |    0    |    0    |
|          |                    tmp_s_fu_973                    |    0    |    0    |    0    |    0    |
|          |                  trunc_ln1_fu_1001                 |    0    |    0    |    0    |    0    |
|          |                    tmp_1_fu_1011                   |    0    |    0    |    0    |    0    |
|          |                     tmp_fu_1040                    |    0    |    0    |    0    |    0    |
|          |                  trunc_ln2_fu_1081                 |    0    |    0    |    0    |    0    |
|partselect|                     seg_fu_1200                    |    0    |    0    |    0    |    0    |
|          |                   lshr_ln_fu_1235                  |    0    |    0    |    0    |    0    |
|          |                   tmp_43_fu_1347                   |    0    |    0    |    0    |    0    |
|          |                    tmp_2_fu_1375                   |    0    |    0    |    0    |    0    |
|          |                  trunc_ln_fu_1411                  |    0    |    0    |    0    |    0    |
|          |                  trunc_ln3_fu_1453                 |    0    |    0    |    0    |    0    |
|          |                  trunc_ln5_fu_1495                 |    0    |    0    |    0    |    0    |
|----------|----------------------------------------------------|---------|---------|---------|---------|
|          |                 trunc_ln154_fu_957                 |    0    |    0    |    0    |    0    |
|          |                 trunc_ln177_fu_1056                |    0    |    0    |    0    |    0    |
|          |                     sum_fu_1136                    |    0    |    0    |    0    |    0    |
|          |                 trunc_ln119_fu_1156                |    0    |    0    |    0    |    0    |
|   trunc  |                   x_q1_15_fu_1196                  |    0    |    0    |    0    |    0    |
|          |                 trunc_ln127_fu_1231                |    0    |    0    |    0    |    0    |
|          |                 trunc_ln144_fu_1309                |    0    |    0    |    0    |    0    |
|          |                 trunc_ln143_fu_1327                |    0    |    0    |    0    |    0    |
|          |                 trunc_ln149_fu_1363                |    0    |    0    |    0    |    0    |
|          |                 trunc_ln217_fu_1384                |    0    |    0    |    0    |    0    |
|----------|----------------------------------------------------|---------|---------|---------|---------|
|          |                    and_ln_fu_983                   |    0    |    0    |    0    |    0    |
|bitconcatenate|                   and_ln1_fu_1395                  |    0    |    0    |    0    |    0    |
|          |                   shl_ln1_fu_1436                  |    0    |    0    |    0    |    0    |
|          |                   shl_ln2_fu_1478                  |    0    |    0    |    0    |    0    |
|----------|----------------------------------------------------|---------|---------|---------|---------|
|          |                  zext_ln176_fu_991                 |    0    |    0    |    0    |    0    |
|          |                zext_ln176_1_fu_1027                |    0    |    0    |    0    |    0    |
|          |                 zext_ln177_fu_1072                 |    0    |    0    |    0    |    0    |
|          |                zext_ln177_1_fu_1109                |    0    |    0    |    0    |    0    |
|          |                 zext_ln188_fu_1119                 |    0    |    0    |    0    |    0    |
|          |                 zext_ln184_fu_1148                 |    0    |    0    |    0    |    0    |
|          |                 zext_ln133_fu_1210                 |    0    |    0    |    0    |    0    |
|          |                 zext_ln127_fu_1222                 |    0    |    0    |    0    |    0    |
|   zext   |                zext_ln133_1_fu_1245                |    0    |    0    |    0    |    0    |
|          |                 zext_ln136_fu_1256                 |    0    |    0    |    0    |    0    |
|          |                 zext_ln134_fu_1260                 |    0    |    0    |    0    |    0    |
|          |                 zext_ln145_fu_1280                 |    0    |    0    |    0    |    0    |
|          |                zext_ln136_1_fu_1295                |    0    |    0    |    0    |    0    |
|          |                zext_ln134_1_fu_1299                |    0    |    0    |    0    |    0    |
|          |                 zext_ln144_fu_1313                 |    0    |    0    |    0    |    0    |
|          |                 zext_ln221_fu_1402                 |    0    |    0    |    0    |    0    |
|          |                 zext_ln222_fu_1444                 |    0    |    0    |    0    |    0    |
|          |                 zext_ln223_fu_1486                 |    0    |    0    |    0    |    0    |
|----------|----------------------------------------------------|---------|---------|---------|---------|
|          |                 sext_ln176_fu_1030                 |    0    |    0    |    0    |    0    |
|          |                 sext_ln177_fu_1099                 |    0    |    0    |    0    |    0    |
|          |                 sext_ln126_fu_1187                 |    0    |    0    |    0    |    0    |
|          |                 sext_ln136_fu_1251                 |    0    |    0    |    0    |    0    |
|          |                 sext_ln143_fu_1270                 |    0    |    0    |    0    |    0    |
|   sext   |                sext_ln136_1_fu_1290                |    0    |    0    |    0    |    0    |
|          |                sext_ln143_1_fu_1323                |    0    |    0    |    0    |    0    |
|          |                 sext_ln221_fu_1421                 |    0    |    0    |    0    |    0    |
|          |                 sext_ln222_fu_1463                 |    0    |    0    |    0    |    0    |
|          |                 sext_ln223_fu_1505                 |    0    |    0    |    0    |    0    |
|          |                 sext_ln219_fu_1515                 |    0    |    0    |    0    |    0    |
|----------|----------------------------------------------------|---------|---------|---------|---------|
|   Total  |                                                    |    7    |  4.764  |   900   |   2383  |
|----------|----------------------------------------------------|---------|---------|---------|---------|

Memories:
+------------+--------+--------+--------+
|            |  BRAM  |   FF   |   LUT  |
+------------+--------+--------+--------+
|EXP2_PTS_Q16|    0   |   36   |    5   |
| RECIP_B_Q30|    0   |   31   |    8   |
| RECIP_M_Q30|    0   |   31   |    8   |
|   exp_buf  |    1   |    0   |    0   |
+------------+--------+--------+--------+
|    Total   |    1   |   98   |   21   |
+------------+--------+--------+--------+

* Register list:
+---------------------------+--------+
|                           |   FF   |
+---------------------------+--------+
|RECIP_B_Q30_addr_1_reg_1812|    4   |
| RECIP_B_Q30_addr_reg_1797 |    4   |
|RECIP_M_Q30_addr_1_reg_1807|    4   |
| RECIP_M_Q30_addr_reg_1792 |    4   |
|      and_ln_reg_1560      |   32   |
|       empty_reg_1602      |    8   |
|    gmem_addr_1_reg_1607   |   32   |
|    gmem_addr_2_reg_1935   |   32   |
|    gmem_addr_3_reg_1942   |   32   |
|    gmem_addr_4_reg_1949   |   32   |
|     gmem_addr_reg_1585    |   32   |
|    icmp_ln112_reg_1682    |    1   |
|    icmp_ln168_reg_1551    |    1   |
|    icmp_ln169_reg_1555    |    1   |
|    icmp_ln177_reg_1591    |    1   |
|     inv_sum_2_reg_527     |   48   |
|   inv_sum_q30_1_reg_536   |   31   |
|    inv_sum_q30_reg_1827   |   31   |
|    max_x_1_loc_reg_1540   |   32   |
|       max_x_reg_1617      |   32   |
|     mem_read_reg_1525     |   64   |
|        msb_reg_395        |    5   |
|  prob_base_read_reg_1520  |   32   |
|          reg_945          |   31   |
|          reg_949          |   31   |
|          reg_953          |   32   |
|   select_ln119_reg_1779   |    5   |
|   select_ln169_reg_1577   |    9   |
|   select_ln188_reg_1622   |    9   |
|   select_ln217_reg_1930   |    5   |
|   sext_ln143_1_reg_1822   |   48   |
|     shift_dbg_reg_548     |    5   |
|     shl_ln145_reg_1817    |   48   |
|     sum64_loc_reg_1534    |   40   |
|       sum_2_reg_1635      |   32   |
|       tmp_1_reg_1571      |   30   |
|       tmp_2_reg_1832      |   30   |
|    trunc_ln127_reg_1802   |   16   |
|    trunc_ln154_reg_1546   |    9   |
|     trunc_ln1_reg_1565    |   62   |
|     trunc_ln2_reg_1596    |   62   |
|      x_q1_15_reg_1787     |   16   |
|   zext_ln177_1_reg_1612   |   64   |
|    zext_ln184_reg_1676    |   31   |
|    zext_ln188_reg_1627    |   64   |
+---------------------------+--------+
|           Total           |  1174  |
+---------------------------+--------+

* Multiplexer (MUX) list: 
|-----------------------|------|------|------|--------||---------||---------||---------|
|          Comp         |  Pin | Size |  BW  | S x BW ||  Delay  ||    FF   ||   LUT   |
|-----------------------|------|------|------|--------||---------||---------||---------|
|   grp_access_fu_327   |  p0  |   4  |   4  |   16   ||    0    ||    20   |
|   grp_access_fu_340   |  p0  |   4  |   4  |   16   ||    0    ||    20   |
|   grp_readreq_fu_362  |  p0  |   2  |   1  |    2   |
|   grp_readreq_fu_362  |  p1  |   4  |  32  |   128  ||    0    ||    20   |
|   grp_readreq_fu_362  |  p2  |   5  |   9  |   45   ||    0    ||    25   |
|  grp_writereq_fu_375  |  p1  |   3  |  32  |   96   ||    0    ||    14   |
|    grp_write_fu_382   |  p1  |   3  |  32  |   96   ||    0    ||    14   |
|    grp_write_fu_382   |  p2  |   2  |  32  |   64   ||    0    ||    9    |
|  grp_writeresp_fu_390 |  p1  |   3  |  32  |   96   ||    0    ||    14   |
|      msb_reg_395      |  p0  |  32  |   5  |   160  ||    0    ||    65   |
| inv_sum_q30_1_reg_536 |  p0  |   2  |  31  |   62   ||    0    ||    9    |
|   shift_dbg_reg_548   |  p0  |  31  |   5  |   155  ||    0    ||    59   |
|       grp_fu_714      |  p0  |   2  |  31  |   62   ||    0    ||    9    |
|       grp_fu_714      |  p1  |   2  |  16  |   32   ||    0    ||    9    |
|-----------------------|------|------|------|--------||---------||---------||---------|
|         Total         |      |      |      |  1030  || 26.8976 ||    0    ||   287   |
|-----------------------|------|------|------|--------||---------||---------||---------|



* Summary:
+-----------+--------+--------+--------+--------+--------+
|           |  BRAM  |   DSP  |  Delay |   FF   |   LUT  |
+-----------+--------+--------+--------+--------+--------+
|  Function |    -   |    7   |    4   |   900  |  2383  |
|   Memory  |    1   |    -   |    -   |   98   |   21   |
|Multiplexer|    -   |    -   |   26   |    0   |   287  |
|  Register |    -   |    -   |    -   |  1174  |    -   |
+-----------+--------+--------+--------+--------+--------+
|   Total   |    1   |    7   |   31   |  2172  |  2691  |
+-----------+--------+--------+--------+--------+--------+
