

================================================================
== Vitis HLS Report for 'softmax_accel_Pipeline_VITIS_LOOP_188_2'
================================================================
* Date:           Fri Feb 27 18:14:38 2026

* Version:        2025.1 (Build 6135595 on May 21 2025)
* Project:        Prometheus
* Solution:       hls (Vivado IP Flow Target)
* Product family: zynq
* Target device:  xc7z020-clg400-1


================================================================
== Performance Estimates
================================================================
+ Timing: 
    * Summary: 
    +--------+----------+----------+------------+
    |  Clock |  Target  | Estimated| Uncertainty|
    +--------+----------+----------+------------+
    |ap_clk  |  11.80 ns|  8.614 ns|     3.19 ns|
    +--------+----------+----------+------------+

+ Latency: 
    * Summary: 
    +---------+---------+----------+----------+-----+-----+------------------------------------------------+
    |  Latency (cycles) |  Latency (absolute) |  Interval |                    Pipeline                    |
    |   min   |   max   |    min   |    max   | min | max |                      Type                      |
    +---------+---------+----------+----------+-----+-----+------------------------------------------------+
    |       12|      267|  0.142 us|  3.151 us|    2|  257|  loop auto-rewind stp (delay=0 clock cycles(s))|
    +---------+---------+----------+----------+-----+-----+------------------------------------------------+

    + Detail: 
        * Instance: 
        N/A

        * Loop: 
        +--------------------+---------+---------+----------+-----------+-----------+---------+----------+
        |                    |  Latency (cycles) | Iteration|  Initiation Interval  |   Trip  |          |
        |      Loop Name     |   min   |   max   |  Latency |  achieved |   target  |  Count  | Pipelined|
        +--------------------+---------+---------+----------+-----------+-----------+---------+----------+
        |- VITIS_LOOP_188_2  |       10|      265|        11|          1|          1|  1 ~ 256|       yes|
        +--------------------+---------+---------+----------+-----------+-----------+---------+----------+



================================================================
== Utilization Estimates
================================================================
* Summary: 
+-----------------+---------+-----+--------+-------+-----+
|       Name      | BRAM_18K| DSP |   FF   |  LUT  | URAM|
+-----------------+---------+-----+--------+-------+-----+
|DSP              |        -|    -|       -|      -|    -|
|Expression       |        -|    -|       0|    822|    -|
|FIFO             |        -|    -|       -|      -|    -|
|Instance         |        -|    1|       0|     15|    -|
|Memory           |        0|    -|      36|      5|    -|
|Multiplexer      |        -|    -|       0|     54|    -|
|Register         |        -|    -|     797|    192|    -|
+-----------------+---------+-----+--------+-------+-----+
|Total            |        0|    1|     833|   1088|    0|
+-----------------+---------+-----+--------+-------+-----+
|Available        |      280|  220|  106400|  53200|    0|
+-----------------+---------+-----+--------+-------+-----+
|Utilization (%)  |        0|   ~0|      ~0|      2|    0|
+-----------------+---------+-----+--------+-------+-----+

+ Detail: 
    * Instance: 
    +-------------------------+----------------------+---------+----+---+----+-----+
    |         Instance        |        Module        | BRAM_18K| DSP| FF| LUT| URAM|
    +-------------------------+----------------------+---------+----+---+----+-----+
    |mul_18s_12ns_30_1_1_U6   |mul_18s_12ns_30_1_1   |        0|   1|  0|   6|    0|
    |sparsemux_7_2_32_1_1_U7  |sparsemux_7_2_32_1_1  |        0|   0|  0|   9|    0|
    +-------------------------+----------------------+---------+----+---+----+-----+
    |Total                    |                      |        0|   1|  0|  15|    0|
    +-------------------------+----------------------+---------+----+---+----+-----+

    * DSP: 
    N/A

    * Memory: 
    +----------------+------------------------------------------------------------------+---------+----+----+-----+------+-----+------+-------------+
    |     Memory     |                              Module                              | BRAM_18K| FF | LUT| URAM| Words| Bits| Banks| W*Bits*Banks|
    +----------------+------------------------------------------------------------------+---------+----+----+-----+------+-----+------+-------------+
    |EXP2_PTS_Q16_U  |softmax_accel_Pipeline_VITIS_LOOP_188_2_EXP2_PTS_Q16_ROM_AUTO_1R  |        0|  36|   5|    0|    17|   18|     1|          306|
    +----------------+------------------------------------------------------------------+---------+----+----+-----+------+-----+------+-------------+
    |Total           |                                                                  |        0|  36|   5|    0|    17|   18|     1|          306|
    +----------------+------------------------------------------------------------------+---------+----+----+-----+------+-----+------+-------------+

    * FIFO: 
    N/A

    * Expression: 
    +---------------------------+----------+----+---+-----+------------+------------+
    |       Variable Name       | Operation| DSP| FF| LUT | Bitwidth P0| Bitwidth P1|
    +---------------------------+----------+----+---+-----+------------+------------+
    |add_ln188_fu_251_p2        |         +|   0|  0|   14|           9|           1|
    |add_ln56_1_fu_359_p2       |         +|   0|  0|   50|          50|          50|
    |add_ln56_2_fu_376_p2       |         +|   0|  0|   50|          50|          50|
    |add_ln56_fu_343_p2         |         +|   0|  0|   50|          50|          50|
    |add_ln68_fu_459_p2         |         +|   0|  0|   13|           5|           1|
    |sum64_1_fu_613_p2          |         +|   0|  0|   47|          40|          40|
    |t64_fu_392_p2              |         +|   0|  0|   50|          50|          50|
    |y_frac_fu_505_p2           |         +|   0|  0|   27|          20|          20|
    |dy_fu_470_p2               |         -|   0|  0|   25|          18|          18|
    |sh_2_fu_538_p2             |         -|   0|  0|   24|           1|          17|
    |sub_ln56_1_fu_326_p2       |         -|   0|  0|   50|          50|          50|
    |sub_ln56_fu_308_p2         |         -|   0|  0|   50|          50|          50|
    |x_fu_268_p2                |         -|   0|  0|   39|          32|          32|
    |and_ln84_fu_570_p2         |       and|   0|  0|    2|           1|           1|
    |ap_block_pp0_stage0_11001  |       and|   0|  0|    2|           1|           1|
    |icmp_ln188_fu_245_p2       |      icmp|   0|  0|   14|           9|           9|
    |icmp_ln53_fu_272_p2        |      icmp|   0|  0|   39|          32|          21|
    |icmp_ln80_fu_446_p2        |      icmp|   0|  0|   12|          12|           1|
    |icmp_ln84_fu_558_p2        |      icmp|   0|  0|   12|          12|           1|
    |y_fu_583_p6                |      lshr|   0|  0|  100|          32|          32|
    |sh_1_fu_519_p3             |    select|   0|  0|   16|           1|           4|
    |x_q16_1_fu_277_p3          |    select|   0|  0|   32|           1|          21|
    |y_fu_583_p2                |       shl|   0|  0|  100|          32|          32|
    |ap_enable_pp0              |       xor|   0|  0|    2|           1|           2|
    |xor_ln78_fu_514_p2         |       xor|   0|  0|    2|           1|           2|
    +---------------------------+----------+----+---+-----+------------+------------+
    |Total                      |          |   0|  0|  822|         560|         556|
    +---------------------------+----------+----+---+-----+------------+------------+

    * Multiplexer: 
    +-------------------------+----+-----------+-----+-----------+
    |           Name          | LUT| Input Size| Bits| Total Bits|
    +-------------------------+----+-----------+-----+-----------+
    |ap_done_int              |   9|          2|    1|          2|
    |ap_enable_reg_pp0_iter1  |   9|          2|    1|          2|
    |ap_sig_allocacmp_i       |   9|          2|    9|         18|
    |gmem_blk_n_R             |   9|          2|    1|          2|
    |i_1_fu_156               |   9|          2|    9|         18|
    |sum64_fu_152             |   9|          2|   40|         80|
    +-------------------------+----+-----------+-----+-----------+
    |Total                    |  54|         12|   61|        122|
    +-------------------------+----+-----------+-----+-----------+

    * Register: 
    +-------------------------------------------+----+----+-----+-----------+
    |                    Name                   | FF | LUT| Bits| Const Bits|
    +-------------------------------------------+----+----+-----+-----------+
    |add_ln56_1_reg_686                         |  44|   0|   50|          6|
    |ap_CS_fsm                                  |   1|   0|    1|          0|
    |ap_block_pp0_stage0_subdone_grp0_done_reg  |   1|   0|    1|          0|
    |ap_done_reg                                |   1|   0|    1|          0|
    |ap_enable_reg_pp0_iter1                    |   1|   0|    1|          0|
    |ap_enable_reg_pp0_iter10                   |   1|   0|    1|          0|
    |ap_enable_reg_pp0_iter2                    |   1|   0|    1|          0|
    |ap_enable_reg_pp0_iter3                    |   1|   0|    1|          0|
    |ap_enable_reg_pp0_iter4                    |   1|   0|    1|          0|
    |ap_enable_reg_pp0_iter5                    |   1|   0|    1|          0|
    |ap_enable_reg_pp0_iter6                    |   1|   0|    1|          0|
    |ap_enable_reg_pp0_iter7                    |   1|   0|    1|          0|
    |ap_enable_reg_pp0_iter8                    |   1|   0|    1|          0|
    |ap_enable_reg_pp0_iter9                    |   1|   0|    1|          0|
    |ap_loop_exit_ready_pp0_iter1_reg           |   1|   0|    1|          0|
    |ap_loop_exit_ready_pp0_iter2_reg           |   1|   0|    1|          0|
    |ap_loop_exit_ready_pp0_iter3_reg           |   1|   0|    1|          0|
    |ap_loop_exit_ready_pp0_iter4_reg           |   1|   0|    1|          0|
    |ap_loop_exit_ready_pp0_iter5_reg           |   1|   0|    1|          0|
    |ap_loop_exit_ready_pp0_iter6_reg           |   1|   0|    1|          0|
    |ap_loop_exit_ready_pp0_iter7_reg           |   1|   0|    1|          0|
    |ap_loop_exit_ready_pp0_iter8_reg           |   1|   0|    1|          0|
    |ap_loop_exit_ready_pp0_iter9_reg           |   1|   0|    1|          0|
    |dy_reg_734                                 |  18|   0|   18|          0|
    |i_1_fu_156                                 |   9|   0|    9|          0|
    |i_reg_653                                  |   9|   0|    9|          0|
    |icmp_ln188_reg_658                         |   1|   0|    1|          0|
    |icmp_ln80_reg_714                          |   1|   0|    1|          0|
    |idx_reg_702                                |   4|   0|    4|          0|
    |k_reg_696                                  |  16|   0|   16|          0|
    |rem_reg_691                                |  12|   0|   12|          0|
    |sub_ln56_1_reg_681                         |  38|   0|   50|         12|
    |sum64_fu_152                               |  40|   0|   40|          0|
    |tmp_7_reg_708                              |   1|   0|    1|          0|
    |x_q16_1_reg_673                            |  32|   0|   32|          0|
    |x_q16_1_reg_673_pp0_iter4_reg              |  32|   0|   32|          0|
    |x_reg_667                                  |  32|   0|   32|          0|
    |xi_reg_662                                 |  32|   0|   32|          0|
    |y0_reg_729                                 |  18|   0|   18|          0|
    |y_frac_reg_739                             |  20|   0|   20|          0|
    |y_reg_744                                  |  32|   0|   32|          0|
    |i_reg_653                                  |  64|  32|    9|          0|
    |icmp_ln188_reg_658                         |  64|  32|    1|          0|
    |icmp_ln80_reg_714                          |  64|  32|    1|          0|
    |k_reg_696                                  |  64|  32|   16|          0|
    |rem_reg_691                                |  64|  32|   12|          0|
    |tmp_7_reg_708                              |  64|  32|    1|          0|
    +-------------------------------------------+----+----+-----+-----------+
    |Total                                      | 797| 192|  471|         18|
    +-------------------------------------------+----+----+-----+-----------+



================================================================
== Interface
================================================================
* Summary: 
+-----------------------+-----+-----+------------+-----------------------------------------+--------------+
|       RTL Ports       | Dir | Bits|  Protocol  |              Source Object              |    C Type    |
+-----------------------+-----+-----+------------+-----------------------------------------+--------------+
|ap_clk                 |   in|    1|  ap_ctrl_hs|  softmax_accel_Pipeline_VITIS_LOOP_188_2|  return value|
|ap_rst                 |   in|    1|  ap_ctrl_hs|  softmax_accel_Pipeline_VITIS_LOOP_188_2|  return value|
|ap_start               |   in|    1|  ap_ctrl_hs|  softmax_accel_Pipeline_VITIS_LOOP_188_2|  return value|
|ap_done                |  out|    1|  ap_ctrl_hs|  softmax_accel_Pipeline_VITIS_LOOP_188_2|  return value|
|ap_idle                |  out|    1|  ap_ctrl_hs|  softmax_accel_Pipeline_VITIS_LOOP_188_2|  return value|
|ap_ready               |  out|    1|  ap_ctrl_hs|  softmax_accel_Pipeline_VITIS_LOOP_188_2|  return value|
|m_axi_gmem_0_AWVALID   |  out|    1|       m_axi|                                     gmem|       pointer|
|m_axi_gmem_0_AWREADY   |   in|    1|       m_axi|                                     gmem|       pointer|
|m_axi_gmem_0_AWADDR    |  out|   64|       m_axi|                                     gmem|       pointer|
|m_axi_gmem_0_AWID      |  out|    1|       m_axi|                                     gmem|       pointer|
|m_axi_gmem_0_AWLEN     |  out|   32|       m_axi|                                     gmem|       pointer|
|m_axi_gmem_0_AWSIZE    |  out|    3|       m_axi|                                     gmem|       pointer|
|m_axi_gmem_0_AWBURST   |  out|    2|       m_axi|                                     gmem|       pointer|
|m_axi_gmem_0_AWLOCK    |  out|    2|       m_axi|                                     gmem|       pointer|
|m_axi_gmem_0_AWCACHE   |  out|    4|       m_axi|                                     gmem|       pointer|
|m_axi_gmem_0_AWPROT    |  out|    3|       m_axi|                                     gmem|       pointer|
|m_axi_gmem_0_AWQOS     |  out|    4|       m_axi|                                     gmem|       pointer|
|m_axi_gmem_0_AWREGION  |  out|    4|       m_axi|                                     gmem|       pointer|
|m_axi_gmem_0_AWUSER    |  out|    1|       m_axi|                                     gmem|       pointer|
|m_axi_gmem_0_WVALID    |  out|    1|       m_axi|                                     gmem|       pointer|
|m_axi_gmem_0_WREADY    |   in|    1|       m_axi|                                     gmem|       pointer|
|m_axi_gmem_0_WDATA     |  out|   32|       m_axi|                                     gmem|       pointer|
|m_axi_gmem_0_WSTRB     |  out|    4|       m_axi|                                     gmem|       pointer|
|m_axi_gmem_0_WLAST     |  out|    1|       m_axi|                                     gmem|       pointer|
|m_axi_gmem_0_WID       |  out|    1|       m_axi|                                     gmem|       pointer|
|m_axi_gmem_0_WUSER     |  out|    1|       m_axi|                                     gmem|       pointer|
|m_axi_gmem_0_ARVALID   |  out|    1|       m_axi|                                     gmem|       pointer|
|m_axi_gmem_0_ARREADY   |   in|    1|       m_axi|                                     gmem|       pointer|
|m_axi_gmem_0_ARADDR    |  out|   64|       m_axi|                                     gmem|       pointer|
|m_axi_gmem_0_ARID      |  out|    1|       m_axi|                                     gmem|       pointer|
|m_axi_gmem_0_ARLEN     |  out|   32|       m_axi|                                     gmem|       pointer|
|m_axi_gmem_0_ARSIZE    |  out|    3|       m_axi|                                     gmem|       pointer|
|m_axi_gmem_0_ARBURST   |  out|    2|       m_axi|                                     gmem|       pointer|
|m_axi_gmem_0_ARLOCK    |  out|    2|       m_axi|                                     gmem|       pointer|
|m_axi_gmem_0_ARCACHE   |  out|    4|       m_axi|                                     gmem|       pointer|
|m_axi_gmem_0_ARPROT    |  out|    3|       m_axi|                                     gmem|       pointer|
|m_axi_gmem_0_ARQOS     |  out|    4|       m_axi|                                     gmem|       pointer|
|m_axi_gmem_0_ARREGION  |  out|    4|       m_axi|                                     gmem|       pointer|
|m_axi_gmem_0_ARUSER    |  out|    1|       m_axi|                                     gmem|       pointer|
|m_axi_gmem_0_RVALID    |   in|    1|       m_axi|                                     gmem|       pointer|
|m_axi_gmem_0_RREADY    |  out|    1|       m_axi|                                     gmem|       pointer|
|m_axi_gmem_0_RDATA     |   in|   32|       m_axi|                                     gmem|       pointer|
|m_axi_gmem_0_RLAST     |   in|    1|       m_axi|                                     gmem|       pointer|
|m_axi_gmem_0_RID       |   in|    1|       m_axi|                                     gmem|       pointer|
|m_axi_gmem_0_RFIFONUM  |   in|    9|       m_axi|                                     gmem|       pointer|
|m_axi_gmem_0_RUSER     |   in|    1|       m_axi|                                     gmem|       pointer|
|m_axi_gmem_0_RRESP     |   in|    2|       m_axi|                                     gmem|       pointer|
|m_axi_gmem_0_BVALID    |   in|    1|       m_axi|                                     gmem|       pointer|
|m_axi_gmem_0_BREADY    |  out|    1|       m_axi|                                     gmem|       pointer|
|m_axi_gmem_0_BRESP     |   in|    2|       m_axi|                                     gmem|       pointer|
|m_axi_gmem_0_BID       |   in|    1|       m_axi|                                     gmem|       pointer|
|m_axi_gmem_0_BUSER     |   in|    1|       m_axi|                                     gmem|       pointer|
|select_ln169           |   in|    9|     ap_none|                             select_ln169|        scalar|
|sext_ln176             |   in|   62|     ap_none|                               sext_ln176|        scalar|
|max_x_1_reload         |   in|   32|     ap_none|                           max_x_1_reload|        scalar|
|exp_buf_address0       |  out|    8|   ap_memory|                                  exp_buf|         array|
|exp_buf_ce0            |  out|    1|   ap_memory|                                  exp_buf|         array|
|exp_buf_we0            |  out|    1|   ap_memory|                                  exp_buf|         array|
|exp_buf_d0             |  out|   32|   ap_memory|                                  exp_buf|         array|
|sum64_out              |  out|   40|      ap_vld|                                sum64_out|       pointer|
|sum64_out_ap_vld       |  out|    1|      ap_vld|                                sum64_out|       pointer|
+-----------------------+-----+-----+------------+-----------------------------------------+--------------+

============================================================
+ Verbose Summary: Synthesis Manager
============================================================
InlineROM: 1
ExposeGlobal: 0
============================================================
+ Verbose Summary: CDFG Model
============================================================
IsTopModel: 0
ResetActiveHigh: 1
IsCombinational: 2
IsDatapathOnly: 2
HasWiredReturn: 1
HasMFsm: 2
HasVarLatency: 1
IsPipeline: 0
IsRtlPipelined: 0
IsInstanceOverlapped: 0
IsDontTouch: 0
HasImplIP: 0
IsGatedGlobalClock: 0

+ Individual pipeline summary: 
  * Pipeline-0: initiation interval (II) = 1, depth = 11


============================================================
+ Verbose Summary: Schedule
============================================================
* Number of FSM states : 11
* Pipeline : 1
  Pipeline-0 : II = 1, D = 11, States = { 1 2 3 4 5 6 7 8 9 10 11 }
* Dataflow Pipeline: 0

* FSM state transitions: 
1 --> 2 
2 --> 3 
3 --> 4 
4 --> 5 
5 --> 6 
6 --> 7 
7 --> 8 
8 --> 9 
9 --> 10 
10 --> 11 
11 --> 

* FSM state operations: 

State 1 <SV = 0> <Delay = 4.99>
ST_1 : Operation 14 [1/1] (0.00ns)   --->   "%sum64 = alloca i32 1" [softmax_accel_hls.cc:187]   --->   Operation 14 'alloca' 'sum64' <Predicate = true> <Delay = 0.00>
ST_1 : Operation 15 [1/1] (0.00ns)   --->   "%i_1 = alloca i32 1" [softmax_accel_hls.cc:188]   --->   Operation 15 'alloca' 'i_1' <Predicate = true> <Delay = 0.00>
ST_1 : Operation 16 [1/1] (0.00ns)   --->   "%max_x_1_reload_read = read i32 @_ssdm_op_Read.ap_auto.i32, i32 %max_x_1_reload"   --->   Operation 16 'read' 'max_x_1_reload_read' <Predicate = true> <Delay = 0.00>
ST_1 : Operation 17 [1/1] (0.00ns)   --->   "%sext_ln176_read = read i62 @_ssdm_op_Read.ap_auto.i62, i62 %sext_ln176"   --->   Operation 17 'read' 'sext_ln176_read' <Predicate = true> <Delay = 0.00>
ST_1 : Operation 18 [1/1] (0.00ns)   --->   "%select_ln169_read = read i9 @_ssdm_op_Read.ap_auto.i9, i9 %select_ln169"   --->   Operation 18 'read' 'select_ln169_read' <Predicate = true> <Delay = 0.00>
ST_1 : Operation 19 [1/1] (0.00ns)   --->   "%sext_ln176_cast = sext i62 %sext_ln176_read"   --->   Operation 19 'sext' 'sext_ln176_cast' <Predicate = true> <Delay = 0.00>
ST_1 : Operation 20 [1/1] (0.00ns)   --->   "%specmemcore_ln0 = specmemcore void @_ssdm_op_SpecMemCore, i32 %exp_buf, i64 666, i64 18, i64 18446744073709551615"   --->   Operation 20 'specmemcore' 'specmemcore_ln0' <Predicate = true> <Delay = 0.00>
ST_1 : Operation 21 [1/1] (0.00ns)   --->   "%specinterface_ln0 = specinterface void @_ssdm_op_SpecInterface, i32 %gmem, void @empty, i32 0, i32 0, void @empty_0, i32 0, i32 16384, void @empty_1, void @empty_2, void @empty_0, i32 16, i32 16, i32 16, i32 16, void @empty_0, void @empty_0, i32 4294967295, i32 0, i32 0"   --->   Operation 21 'specinterface' 'specinterface_ln0' <Predicate = true> <Delay = 0.00>
ST_1 : Operation 22 [1/1] (1.58ns)   --->   "%store_ln188 = store i9 0, i9 %i_1" [softmax_accel_hls.cc:188]   --->   Operation 22 'store' 'store_ln188' <Predicate = true> <Delay = 1.58>
ST_1 : Operation 23 [1/1] (1.58ns)   --->   "%store_ln187 = store i40 0, i40 %sum64" [softmax_accel_hls.cc:187]   --->   Operation 23 'store' 'store_ln187' <Predicate = true> <Delay = 1.58>
ST_1 : Operation 24 [1/1] (0.00ns)   --->   "%br_ln0 = br void %for.body16"   --->   Operation 24 'br' 'br_ln0' <Predicate = true> <Delay = 0.00>
ST_1 : Operation 25 [1/1] (0.00ns)   --->   "%i = load i9 %i_1" [softmax_accel_hls.cc:188]   --->   Operation 25 'load' 'i' <Predicate = true> <Delay = 0.00>
ST_1 : Operation 26 [1/1] (0.00ns)   --->   "%specbitsmap_ln0 = specbitsmap void @_ssdm_op_SpecBitsMap, i32 %gmem"   --->   Operation 26 'specbitsmap' 'specbitsmap_ln0' <Predicate = true> <Delay = 0.00>
ST_1 : Operation 27 [1/1] (1.82ns)   --->   "%icmp_ln188 = icmp_eq  i9 %i, i9 %select_ln169_read" [softmax_accel_hls.cc:188]   --->   Operation 27 'icmp' 'icmp_ln188' <Predicate = true> <Delay = 1.82> <CoreInst = "Cmp">   --->   Core 9 'Cmp' <Latency = 0> <II = 1> <Delay = 1.82> <FuncUnit> <Opcode : 'seteq' 'setne' 'setle' 'setge' 'setlt' 'setgt'> <InPorts = 2> <OutPorts = 1>
ST_1 : Operation 28 [1/1] (0.00ns)   --->   "%speclooptripcount_ln0 = speclooptripcount void @_ssdm_op_SpecLoopTripCount, i64 1, i64 256, i64 128"   --->   Operation 28 'speclooptripcount' 'speclooptripcount_ln0' <Predicate = true> <Delay = 0.00>
ST_1 : Operation 29 [1/1] (1.82ns)   --->   "%add_ln188 = add i9 %i, i9 1" [softmax_accel_hls.cc:188]   --->   Operation 29 'add' 'add_ln188' <Predicate = true> <Delay = 1.82> <CoreInst = "Adder">   --->   Core 1 'Adder' <Latency = 0> <II = 1> <Delay = 1.82> <FuncUnit> <Opcode : 'add' 'sub'> <InPorts = 2> <OutPorts = 1>
ST_1 : Operation 30 [1/1] (0.00ns)   --->   "%br_ln188 = br i1 %icmp_ln188, void %for.body16.split_ifconv, void %for.end27.exitStub" [softmax_accel_hls.cc:188]   --->   Operation 30 'br' 'br_ln188' <Predicate = true> <Delay = 0.00>
ST_1 : Operation 31 [1/1] (1.58ns)   --->   "%store_ln188 = store i9 %add_ln188, i9 %i_1" [softmax_accel_hls.cc:188]   --->   Operation 31 'store' 'store_ln188' <Predicate = (!icmp_ln188)> <Delay = 1.58>

State 2 <SV = 1> <Delay = 8.61>
ST_2 : Operation 32 [1/1] (0.00ns)   --->   "%gmem_addr = getelementptr i32 %gmem, i64 %sext_ln176_cast" [softmax_accel_hls.cc:176]   --->   Operation 32 'getelementptr' 'gmem_addr' <Predicate = true> <Delay = 0.00>
ST_2 : Operation 33 [1/1] (8.61ns)   --->   "%xi = read i32 @_ssdm_op_Read.m_axi.p1i32, i64 %gmem_addr" [softmax_accel_hls.cc:190]   --->   Operation 33 'read' 'xi' <Predicate = true> <Delay = 8.61> <CoreInst = "m_axi">   --->   Core 111 'm_axi' <Latency = 3> <II = 1> <Delay = 1.00> <Adapter> <Opcode : 'read' 'write' 'readreq' 'writereq' 'writeresp'>

State 3 <SV = 2> <Delay = 2.55>
ST_3 : Operation 34 [1/1] (2.55ns)   --->   "%x = sub i32 %xi, i32 %max_x_1_reload_read" [softmax_accel_hls.cc:191]   --->   Operation 34 'sub' 'x' <Predicate = true> <Delay = 2.55> <CoreInst = "Adder">   --->   Core 1 'Adder' <Latency = 0> <II = 1> <Delay = 2.55> <FuncUnit> <Opcode : 'add' 'sub'> <InPorts = 2> <OutPorts = 1>

State 4 <SV = 3> <Delay = 8.20>
ST_4 : Operation 35 [1/1] (2.55ns)   --->   "%icmp_ln53 = icmp_slt  i32 %x, i32 4294443008" [softmax_accel_hls.cc:53->softmax_accel_hls.cc:192]   --->   Operation 35 'icmp' 'icmp_ln53' <Predicate = true> <Delay = 2.55> <CoreInst = "Cmp">   --->   Core 9 'Cmp' <Latency = 0> <II = 1> <Delay = 2.55> <FuncUnit> <Opcode : 'seteq' 'setne' 'setle' 'setge' 'setlt' 'setgt'> <InPorts = 2> <OutPorts = 1>
ST_4 : Operation 36 [1/1] (0.69ns)   --->   "%x_q16_1 = select i1 %icmp_ln53, i32 4294443008, i32 %x" [softmax_accel_hls.cc:53->softmax_accel_hls.cc:192]   --->   Operation 36 'select' 'x_q16_1' <Predicate = true> <Delay = 0.69> <CoreInst = "Sel">   --->   Core 73 'Sel' <Latency = 0> <II = 1> <Delay = 0.69> <FuncUnit> <Opcode : 'select'> <InPorts = 3> <OutPorts = 1>
ST_4 : Operation 37 [1/1] (0.00ns)   --->   "%tmp = bitconcatenate i49 @_ssdm_op_BitConcatenate.i49.i32.i17, i32 %x_q16_1, i17 0" [softmax_accel_hls.cc:56->softmax_accel_hls.cc:192]   --->   Operation 37 'bitconcatenate' 'tmp' <Predicate = true> <Delay = 0.00>
ST_4 : Operation 38 [1/1] (0.00ns)   --->   "%sext_ln56 = sext i49 %tmp" [softmax_accel_hls.cc:56->softmax_accel_hls.cc:192]   --->   Operation 38 'sext' 'sext_ln56' <Predicate = true> <Delay = 0.00>
ST_4 : Operation 39 [1/1] (0.00ns)   --->   "%tmp_1 = bitconcatenate i47 @_ssdm_op_BitConcatenate.i47.i32.i15, i32 %x_q16_1, i15 0" [softmax_accel_hls.cc:56->softmax_accel_hls.cc:192]   --->   Operation 39 'bitconcatenate' 'tmp_1' <Predicate = true> <Delay = 0.00>
ST_4 : Operation 40 [1/1] (0.00ns)   --->   "%sext_ln56_1 = sext i47 %tmp_1" [softmax_accel_hls.cc:56->softmax_accel_hls.cc:192]   --->   Operation 40 'sext' 'sext_ln56_1' <Predicate = true> <Delay = 0.00>
ST_4 : Operation 41 [1/1] (0.00ns) (grouped into TernaryAdder)   --->   "%sub_ln56 = sub i50 %sext_ln56, i50 %sext_ln56_1" [softmax_accel_hls.cc:56->softmax_accel_hls.cc:192]   --->   Operation 41 'sub' 'sub_ln56' <Predicate = true> <Delay = 0.00> <CoreInst = "TAddSub">   --->   Core 10 'TAddSub' <Latency = 0> <II = 1> <Delay = 2.47> <IPBlock> <Opcode : 'add' 'sub'> <InPorts = 3> <OutPorts = 1> <Sync> <CReg>
ST_4 : Operation 42 [1/1] (0.00ns)   --->   "%tmp_2 = bitconcatenate i44 @_ssdm_op_BitConcatenate.i44.i32.i12, i32 %x_q16_1, i12 0" [softmax_accel_hls.cc:56->softmax_accel_hls.cc:192]   --->   Operation 42 'bitconcatenate' 'tmp_2' <Predicate = true> <Delay = 0.00>
ST_4 : Operation 43 [1/1] (0.00ns)   --->   "%sext_ln56_2 = sext i44 %tmp_2" [softmax_accel_hls.cc:56->softmax_accel_hls.cc:192]   --->   Operation 43 'sext' 'sext_ln56_2' <Predicate = true> <Delay = 0.00>
ST_4 : Operation 44 [1/1] (4.95ns) (root node of TernaryAdder)   --->   "%sub_ln56_1 = sub i50 %sub_ln56, i50 %sext_ln56_2" [softmax_accel_hls.cc:56->softmax_accel_hls.cc:192]   --->   Operation 44 'sub' 'sub_ln56_1' <Predicate = true> <Delay = 4.95> <CoreInst = "TAddSub">   --->   Core 10 'TAddSub' <Latency = 0> <II = 1> <Delay = 2.47> <IPBlock> <Opcode : 'add' 'sub'> <InPorts = 3> <OutPorts = 1> <Sync> <CReg>

State 5 <SV = 4> <Delay = 4.95>
ST_5 : Operation 45 [1/1] (0.00ns)   --->   "%tmp_3 = bitconcatenate i40 @_ssdm_op_BitConcatenate.i40.i32.i8, i32 %x_q16_1, i8 0" [softmax_accel_hls.cc:56->softmax_accel_hls.cc:192]   --->   Operation 45 'bitconcatenate' 'tmp_3' <Predicate = true> <Delay = 0.00>
ST_5 : Operation 46 [1/1] (0.00ns)   --->   "%sext_ln56_3 = sext i40 %tmp_3" [softmax_accel_hls.cc:56->softmax_accel_hls.cc:192]   --->   Operation 46 'sext' 'sext_ln56_3' <Predicate = true> <Delay = 0.00>
ST_5 : Operation 47 [1/1] (0.00ns) (grouped into TernaryAdder)   --->   "%add_ln56 = add i50 %sub_ln56_1, i50 %sext_ln56_3" [softmax_accel_hls.cc:56->softmax_accel_hls.cc:192]   --->   Operation 47 'add' 'add_ln56' <Predicate = true> <Delay = 0.00> <CoreInst = "TAddSub">   --->   Core 10 'TAddSub' <Latency = 0> <II = 1> <Delay = 2.47> <IPBlock> <Opcode : 'add' 'sub'> <InPorts = 3> <OutPorts = 1> <Sync> <CReg>
ST_5 : Operation 48 [1/1] (0.00ns)   --->   "%tmp_4 = bitconcatenate i38 @_ssdm_op_BitConcatenate.i38.i32.i6, i32 %x_q16_1, i6 0" [softmax_accel_hls.cc:56->softmax_accel_hls.cc:192]   --->   Operation 48 'bitconcatenate' 'tmp_4' <Predicate = true> <Delay = 0.00>
ST_5 : Operation 49 [1/1] (0.00ns)   --->   "%sext_ln56_4 = sext i38 %tmp_4" [softmax_accel_hls.cc:56->softmax_accel_hls.cc:192]   --->   Operation 49 'sext' 'sext_ln56_4' <Predicate = true> <Delay = 0.00>
ST_5 : Operation 50 [1/1] (4.95ns) (root node of TernaryAdder)   --->   "%add_ln56_1 = add i50 %add_ln56, i50 %sext_ln56_4" [softmax_accel_hls.cc:56->softmax_accel_hls.cc:192]   --->   Operation 50 'add' 'add_ln56_1' <Predicate = true> <Delay = 4.95> <CoreInst = "TAddSub">   --->   Core 10 'TAddSub' <Latency = 0> <II = 1> <Delay = 2.47> <IPBlock> <Opcode : 'add' 'sub'> <InPorts = 3> <OutPorts = 1> <Sync> <CReg>

State 6 <SV = 5> <Delay = 6.50>
ST_6 : Operation 51 [1/1] (0.00ns)   --->   "%tmp_5 = bitconcatenate i36 @_ssdm_op_BitConcatenate.i36.i32.i4, i32 %x_q16_1, i4 0" [softmax_accel_hls.cc:56->softmax_accel_hls.cc:192]   --->   Operation 51 'bitconcatenate' 'tmp_5' <Predicate = true> <Delay = 0.00>
ST_6 : Operation 52 [1/1] (0.00ns)   --->   "%sext_ln56_5 = sext i36 %tmp_5" [softmax_accel_hls.cc:56->softmax_accel_hls.cc:192]   --->   Operation 52 'sext' 'sext_ln56_5' <Predicate = true> <Delay = 0.00>
ST_6 : Operation 53 [1/1] (0.00ns) (grouped into TernaryAdder)   --->   "%add_ln56_2 = add i50 %add_ln56_1, i50 %sext_ln56_5" [softmax_accel_hls.cc:56->softmax_accel_hls.cc:192]   --->   Operation 53 'add' 'add_ln56_2' <Predicate = true> <Delay = 0.00> <CoreInst = "TAddSub">   --->   Core 10 'TAddSub' <Latency = 0> <II = 1> <Delay = 2.47> <IPBlock> <Opcode : 'add' 'sub'> <InPorts = 3> <OutPorts = 1> <Sync> <CReg>
ST_6 : Operation 54 [1/1] (0.00ns)   --->   "%tmp_6 = bitconcatenate i34 @_ssdm_op_BitConcatenate.i34.i32.i2, i32 %x_q16_1, i2 0" [softmax_accel_hls.cc:56->softmax_accel_hls.cc:192]   --->   Operation 54 'bitconcatenate' 'tmp_6' <Predicate = true> <Delay = 0.00>
ST_6 : Operation 55 [1/1] (0.00ns)   --->   "%sext_ln56_6 = sext i34 %tmp_6" [softmax_accel_hls.cc:56->softmax_accel_hls.cc:192]   --->   Operation 55 'sext' 'sext_ln56_6' <Predicate = true> <Delay = 0.00>
ST_6 : Operation 56 [1/1] (4.95ns) (root node of TernaryAdder)   --->   "%t64 = add i50 %add_ln56_2, i50 %sext_ln56_6" [softmax_accel_hls.cc:56->softmax_accel_hls.cc:192]   --->   Operation 56 'add' 't64' <Predicate = true> <Delay = 4.95> <CoreInst = "TAddSub">   --->   Core 10 'TAddSub' <Latency = 0> <II = 1> <Delay = 2.47> <IPBlock> <Opcode : 'add' 'sub'> <InPorts = 3> <OutPorts = 1> <Sync> <CReg>
ST_6 : Operation 57 [1/1] (0.00ns)   --->   "%rem = partselect i12 @_ssdm_op_PartSelect.i12.i50.i32.i32, i50 %t64, i32 16, i32 27" [softmax_accel_hls.cc:57->softmax_accel_hls.cc:192]   --->   Operation 57 'partselect' 'rem' <Predicate = true> <Delay = 0.00>
ST_6 : Operation 58 [1/1] (0.00ns)   --->   "%k = partselect i16 @_ssdm_op_PartSelect.i16.i50.i32.i32, i50 %t64, i32 32, i32 47" [softmax_accel_hls.cc:60->softmax_accel_hls.cc:192]   --->   Operation 58 'partselect' 'k' <Predicate = true> <Delay = 0.00>
ST_6 : Operation 59 [1/1] (0.00ns)   --->   "%idx = partselect i4 @_ssdm_op_PartSelect.i4.i50.i32.i32, i50 %t64, i32 28, i32 31" [softmax_accel_hls.cc:64->softmax_accel_hls.cc:192]   --->   Operation 59 'partselect' 'idx' <Predicate = true> <Delay = 0.00>
ST_6 : Operation 60 [1/1] (0.00ns)   --->   "%tmp_7 = bitselect i1 @_ssdm_op_BitSelect.i1.i50.i32, i50 %t64, i32 47" [softmax_accel_hls.cc:78->softmax_accel_hls.cc:192]   --->   Operation 60 'bitselect' 'tmp_7' <Predicate = true> <Delay = 0.00>
ST_6 : Operation 61 [1/1] (0.00ns)   --->   "%tmp_8 = partselect i12 @_ssdm_op_PartSelect.i12.i50.i32.i32, i50 %t64, i32 36, i32 47" [softmax_accel_hls.cc:80->softmax_accel_hls.cc:192]   --->   Operation 61 'partselect' 'tmp_8' <Predicate = true> <Delay = 0.00>
ST_6 : Operation 62 [1/1] (1.54ns)   --->   "%icmp_ln80 = icmp_sgt  i12 %tmp_8, i12 0" [softmax_accel_hls.cc:80->softmax_accel_hls.cc:192]   --->   Operation 62 'icmp' 'icmp_ln80' <Predicate = true> <Delay = 1.54> <CoreInst = "Cmp">   --->   Core 9 'Cmp' <Latency = 0> <II = 1> <Delay = 1.54> <FuncUnit> <Opcode : 'seteq' 'setne' 'setle' 'setge' 'setlt' 'setgt'> <InPorts = 2> <OutPorts = 1>

State 7 <SV = 6> <Delay = 4.05>
ST_7 : Operation 63 [1/1] (0.00ns)   --->   "%zext_ln67_1 = zext i4 %idx" [softmax_accel_hls.cc:67->softmax_accel_hls.cc:192]   --->   Operation 63 'zext' 'zext_ln67_1' <Predicate = true> <Delay = 0.00>
ST_7 : Operation 64 [1/1] (0.00ns)   --->   "%zext_ln67 = zext i4 %idx" [softmax_accel_hls.cc:67->softmax_accel_hls.cc:192]   --->   Operation 64 'zext' 'zext_ln67' <Predicate = true> <Delay = 0.00>
ST_7 : Operation 65 [1/1] (0.00ns)   --->   "%EXP2_PTS_Q16_addr = getelementptr i18 %EXP2_PTS_Q16, i64 0, i64 %zext_ln67" [softmax_accel_hls.cc:67->softmax_accel_hls.cc:192]   --->   Operation 65 'getelementptr' 'EXP2_PTS_Q16_addr' <Predicate = true> <Delay = 0.00>
ST_7 : Operation 66 [2/2] (2.32ns)   --->   "%y0 = load i5 %EXP2_PTS_Q16_addr" [softmax_accel_hls.cc:67->softmax_accel_hls.cc:192]   --->   Operation 66 'load' 'y0' <Predicate = true> <Delay = 2.32> <CoreInst = "ROM">   --->   Core 94 'ROM' <Latency = 1> <II = 1> <Delay = 2.32> <Storage> <Opcode : 'load'> <Ports = 0> <Width = 18> <Depth = 17> <ROM>
ST_7 : Operation 67 [1/1] (1.73ns)   --->   "%add_ln68 = add i5 %zext_ln67_1, i5 1" [softmax_accel_hls.cc:68->softmax_accel_hls.cc:192]   --->   Operation 67 'add' 'add_ln68' <Predicate = true> <Delay = 1.73> <CoreInst = "Adder">   --->   Core 1 'Adder' <Latency = 0> <II = 1> <Delay = 1.78> <FuncUnit> <Opcode : 'add' 'sub'> <InPorts = 2> <OutPorts = 1>
ST_7 : Operation 68 [1/1] (0.00ns)   --->   "%zext_ln68 = zext i5 %add_ln68" [softmax_accel_hls.cc:68->softmax_accel_hls.cc:192]   --->   Operation 68 'zext' 'zext_ln68' <Predicate = true> <Delay = 0.00>
ST_7 : Operation 69 [1/1] (0.00ns)   --->   "%EXP2_PTS_Q16_addr_1 = getelementptr i18 %EXP2_PTS_Q16, i64 0, i64 %zext_ln68" [softmax_accel_hls.cc:68->softmax_accel_hls.cc:192]   --->   Operation 69 'getelementptr' 'EXP2_PTS_Q16_addr_1' <Predicate = true> <Delay = 0.00>
ST_7 : Operation 70 [2/2] (2.32ns)   --->   "%y1 = load i5 %EXP2_PTS_Q16_addr_1" [softmax_accel_hls.cc:68->softmax_accel_hls.cc:192]   --->   Operation 70 'load' 'y1' <Predicate = true> <Delay = 2.32> <CoreInst = "ROM">   --->   Core 94 'ROM' <Latency = 1> <II = 1> <Delay = 2.32> <Storage> <Opcode : 'load'> <Ports = 0> <Width = 18> <Depth = 17> <ROM>

State 8 <SV = 7> <Delay = 4.45>
ST_8 : Operation 71 [1/2] ( I:2.32ns O:2.32ns )   --->   "%y0 = load i5 %EXP2_PTS_Q16_addr" [softmax_accel_hls.cc:67->softmax_accel_hls.cc:192]   --->   Operation 71 'load' 'y0' <Predicate = true> <Delay = 2.32> <CoreInst = "ROM">   --->   Core 94 'ROM' <Latency = 1> <II = 1> <Delay = 2.32> <Storage> <Opcode : 'load'> <Ports = 0> <Width = 18> <Depth = 17> <ROM>
ST_8 : Operation 72 [1/2] ( I:2.32ns O:2.32ns )   --->   "%y1 = load i5 %EXP2_PTS_Q16_addr_1" [softmax_accel_hls.cc:68->softmax_accel_hls.cc:192]   --->   Operation 72 'load' 'y1' <Predicate = true> <Delay = 2.32> <CoreInst = "ROM">   --->   Core 94 'ROM' <Latency = 1> <II = 1> <Delay = 2.32> <Storage> <Opcode : 'load'> <Ports = 0> <Width = 18> <Depth = 17> <ROM>
ST_8 : Operation 73 [1/1] (2.13ns)   --->   "%dy = sub i18 %y1, i18 %y0" [softmax_accel_hls.cc:69->softmax_accel_hls.cc:192]   --->   Operation 73 'sub' 'dy' <Predicate = true> <Delay = 2.13> <CoreInst = "Adder">   --->   Core 1 'Adder' <Latency = 0> <II = 1> <Delay = 2.13> <FuncUnit> <Opcode : 'add' 'sub'> <InPorts = 2> <OutPorts = 1>

State 9 <SV = 8> <Delay = 7.72>
ST_9 : Operation 74 [1/1] (0.00ns)   --->   "%zext_ln67_2 = zext i18 %y0" [softmax_accel_hls.cc:67->softmax_accel_hls.cc:192]   --->   Operation 74 'zext' 'zext_ln67_2' <Predicate = true> <Delay = 0.00>
ST_9 : Operation 75 [1/1] (0.00ns)   --->   "%sext_ln72 = sext i18 %dy" [softmax_accel_hls.cc:72->softmax_accel_hls.cc:192]   --->   Operation 75 'sext' 'sext_ln72' <Predicate = true> <Delay = 0.00>
ST_9 : Operation 76 [1/1] (0.00ns)   --->   "%zext_ln72 = zext i12 %rem" [softmax_accel_hls.cc:72->softmax_accel_hls.cc:192]   --->   Operation 76 'zext' 'zext_ln72' <Predicate = true> <Delay = 0.00>
ST_9 : Operation 77 [1/1] (5.59ns)   --->   "%interp = mul i30 %sext_ln72, i30 %zext_ln72" [softmax_accel_hls.cc:72->softmax_accel_hls.cc:192]   --->   Operation 77 'mul' 'interp' <Predicate = true> <Delay = 5.59> <CoreInst = "Multiplier">   --->   Core 3 'Multiplier' <Latency = 0> <II = 1> <Delay = 5.59> <FuncUnit> <Opcode : 'mul'> <InPorts = 2> <OutPorts = 1>
ST_9 : Operation 78 [1/1] (0.00ns)   --->   "%trunc_ln3 = partselect i18 @_ssdm_op_PartSelect.i18.i30.i32.i32, i30 %interp, i32 12, i32 29" [softmax_accel_hls.cc:73->softmax_accel_hls.cc:192]   --->   Operation 78 'partselect' 'trunc_ln3' <Predicate = true> <Delay = 0.00>
ST_9 : Operation 79 [1/1] (0.00ns)   --->   "%sext_ln73 = sext i18 %trunc_ln3" [softmax_accel_hls.cc:73->softmax_accel_hls.cc:192]   --->   Operation 79 'sext' 'sext_ln73' <Predicate = true> <Delay = 0.00>
ST_9 : Operation 80 [1/1] (2.13ns)   --->   "%y_frac = add i20 %zext_ln67_2, i20 %sext_ln73" [softmax_accel_hls.cc:73->softmax_accel_hls.cc:192]   --->   Operation 80 'add' 'y_frac' <Predicate = true> <Delay = 2.13> <CoreInst = "Adder">   --->   Core 1 'Adder' <Latency = 0> <II = 1> <Delay = 2.19> <FuncUnit> <Opcode : 'add' 'sub'> <InPorts = 2> <OutPorts = 1>

State 10 <SV = 9> <Delay = 7.76>
ST_10 : Operation 81 [1/1] (0.00ns)   --->   "%sext_ln73_1 = sext i20 %y_frac" [softmax_accel_hls.cc:73->softmax_accel_hls.cc:192]   --->   Operation 81 'sext' 'sext_ln73_1' <Predicate = true> <Delay = 0.00>
ST_10 : Operation 82 [1/1] (0.00ns) (grouped into LUT with out node y)   --->   "%xor_ln78 = xor i1 %tmp_7, i1 1" [softmax_accel_hls.cc:78->softmax_accel_hls.cc:192]   --->   Operation 82 'xor' 'xor_ln78' <Predicate = true> <Delay = 0.00> <CoreInst = "LogicGate">   --->   Core 74 'LogicGate' <Latency = 0> <II = 1> <Delay = 0.97> <FuncUnit> <Opcode : 'and' 'or' 'xor'> <InPorts = 2> <OutPorts = 1>
ST_10 : Operation 83 [1/1] (0.00ns) (grouped into LUT with out node y_2)   --->   "%sh_1 = select i1 %icmp_ln80, i16 15, i16 %k" [softmax_accel_hls.cc:80->softmax_accel_hls.cc:192]   --->   Operation 83 'select' 'sh_1' <Predicate = true> <Delay = 0.00> <CoreInst = "Sel">   --->   Core 73 'Sel' <Latency = 0> <II = 1> <Delay = 0.80> <FuncUnit> <Opcode : 'select'> <InPorts = 3> <OutPorts = 1>
ST_10 : Operation 84 [1/1] (0.00ns) (grouped into LUT with out node y_2)   --->   "%zext_ln79 = zext i16 %sh_1" [softmax_accel_hls.cc:79->softmax_accel_hls.cc:192]   --->   Operation 84 'zext' 'zext_ln79' <Predicate = true> <Delay = 0.00>
ST_10 : Operation 85 [1/1] (4.09ns) (out node of the LUT)   --->   "%y_2 = shl i32 %sext_ln73_1, i32 %zext_ln79" [softmax_accel_hls.cc:81->softmax_accel_hls.cc:192]   --->   Operation 85 'shl' 'y_2' <Predicate = true> <Delay = 4.09> <CoreInst = "Shifter">   --->   Core 75 'Shifter' <Latency = 0> <II = 1> <Delay = 4.42> <FuncUnit> <Opcode : 'shl' 'lshr' 'ashr'> <InPorts = 2> <OutPorts = 1>
ST_10 : Operation 86 [1/1] (0.00ns)   --->   "%sext_ln83 = sext i16 %k" [softmax_accel_hls.cc:83->softmax_accel_hls.cc:192]   --->   Operation 86 'sext' 'sext_ln83' <Predicate = true> <Delay = 0.00>
ST_10 : Operation 87 [1/1] (2.07ns)   --->   "%sh_2 = sub i17 0, i17 %sext_ln83" [softmax_accel_hls.cc:83->softmax_accel_hls.cc:192]   --->   Operation 87 'sub' 'sh_2' <Predicate = true> <Delay = 2.07> <CoreInst = "Adder">   --->   Core 1 'Adder' <Latency = 0> <II = 1> <Delay = 2.10> <FuncUnit> <Opcode : 'add' 'sub'> <InPorts = 2> <OutPorts = 1>
ST_10 : Operation 88 [1/1] (0.00ns)   --->   "%zext_ln83 = zext i17 %sh_2" [softmax_accel_hls.cc:83->softmax_accel_hls.cc:192]   --->   Operation 88 'zext' 'zext_ln83' <Predicate = true> <Delay = 0.00>
ST_10 : Operation 89 [1/1] (0.00ns)   --->   "%tmp_9 = partselect i12 @_ssdm_op_PartSelect.i12.i17.i32.i32, i17 %sh_2, i32 5, i32 16" [softmax_accel_hls.cc:84->softmax_accel_hls.cc:192]   --->   Operation 89 'partselect' 'tmp_9' <Predicate = true> <Delay = 0.00>
ST_10 : Operation 90 [1/1] (1.54ns)   --->   "%icmp_ln84 = icmp_sgt  i12 %tmp_9, i12 0" [softmax_accel_hls.cc:84->softmax_accel_hls.cc:192]   --->   Operation 90 'icmp' 'icmp_ln84' <Predicate = true> <Delay = 1.54> <CoreInst = "Cmp">   --->   Core 9 'Cmp' <Latency = 0> <II = 1> <Delay = 1.54> <FuncUnit> <Opcode : 'seteq' 'setne' 'setle' 'setge' 'setlt' 'setgt'> <InPorts = 2> <OutPorts = 1>
ST_10 : Operation 91 [1/1] (4.09ns)   --->   "%y_3 = lshr i32 %sext_ln73_1, i32 %zext_ln83" [softmax_accel_hls.cc:85->softmax_accel_hls.cc:192]   --->   Operation 91 'lshr' 'y_3' <Predicate = true> <Delay = 4.09> <CoreInst = "Shifter">   --->   Core 75 'Shifter' <Latency = 0> <II = 1> <Delay = 4.42> <FuncUnit> <Opcode : 'shl' 'lshr' 'ashr'> <InPorts = 2> <OutPorts = 1>
ST_10 : Operation 92 [1/1] (0.00ns) (grouped into LUT with out node y)   --->   "%and_ln84 = and i1 %icmp_ln84, i1 %tmp_7" [softmax_accel_hls.cc:84->softmax_accel_hls.cc:192]   --->   Operation 92 'and' 'and_ln84' <Predicate = true> <Delay = 0.00> <CoreInst = "LogicGate">   --->   Core 74 'LogicGate' <Latency = 0> <II = 1> <Delay = 0.97> <FuncUnit> <Opcode : 'and' 'or' 'xor'> <InPorts = 2> <OutPorts = 1>
ST_10 : Operation 93 [1/1] (0.00ns) (grouped into LUT with out node y)   --->   "%sel_tmp2 = bitconcatenate i2 @_ssdm_op_BitConcatenate.i2.i1.i1, i1 %xor_ln78, i1 %and_ln84" [softmax_accel_hls.cc:78->softmax_accel_hls.cc:192]   --->   Operation 93 'bitconcatenate' 'sel_tmp2' <Predicate = true> <Delay = 0.00>
ST_10 : Operation 94 [1/1] (1.58ns) (out node of the LUT)   --->   "%y = sparsemux i32 @_ssdm_op_SparseMux.ap_auto.3i32.i32.i2, i2 2, i32 %y_2, i2 1, i32 0, i2 0, i32 %y_3, i32 0, i2 %sel_tmp2" [softmax_accel_hls.cc:81->softmax_accel_hls.cc:192]   --->   Operation 94 'sparsemux' 'y' <Predicate = true> <Delay = 1.58> <CoreInst = "OneHotSparseMux_HasDef">   --->   Core 140 'OneHotSparseMux_HasDef' <Latency = 0> <II = 1> <Delay = 1.58> <FuncUnit> <Opcode : 'sparsemux'> <InPorts = 2> <OutPorts = 1>
ST_10 : Operation 105 [1/1] (0.00ns)   --->   "%sum64_load_1 = load i40 %sum64"   --->   Operation 105 'load' 'sum64_load_1' <Predicate = (icmp_ln188)> <Delay = 0.00>
ST_10 : Operation 106 [1/1] (0.00ns)   --->   "%write_ln0 = write void @_ssdm_op_Write.ap_auto.i40P0A, i40 %sum64_out, i40 %sum64_load_1"   --->   Operation 106 'write' 'write_ln0' <Predicate = (icmp_ln188)> <Delay = 0.00>
ST_10 : Operation 107 [1/1] (1.58ns)   --->   "%ret_ln0 = ret"   --->   Operation 107 'ret' 'ret_ln0' <Predicate = (icmp_ln188)> <Delay = 1.58>

State 11 <SV = 10> <Delay = 4.46>
ST_11 : Operation 95 [1/1] (0.00ns)   --->   "%sum64_load = load i40 %sum64" [softmax_accel_hls.cc:194]   --->   Operation 95 'load' 'sum64_load' <Predicate = true> <Delay = 0.00>
ST_11 : Operation 96 [1/1] (0.00ns)   --->   "%zext_ln188 = zext i9 %i" [softmax_accel_hls.cc:188]   --->   Operation 96 'zext' 'zext_ln188' <Predicate = true> <Delay = 0.00>
ST_11 : Operation 97 [1/1] (0.00ns)   --->   "%specpipeline_ln189 = specpipeline void @_ssdm_op_SpecPipeline, i32 1, i32 0, i32 0, i32 0, void @empty_0" [softmax_accel_hls.cc:189]   --->   Operation 97 'specpipeline' 'specpipeline_ln189' <Predicate = true> <Delay = 0.00>
ST_11 : Operation 98 [1/1] (0.00ns)   --->   "%specloopname_ln188 = specloopname void @_ssdm_op_SpecLoopName, void @empty_12" [softmax_accel_hls.cc:188]   --->   Operation 98 'specloopname' 'specloopname_ln188' <Predicate = true> <Delay = 0.00>
ST_11 : Operation 99 [1/1] (0.00ns)   --->   "%exp_buf_addr = getelementptr i32 %exp_buf, i64 0, i64 %zext_ln188" [softmax_accel_hls.cc:193]   --->   Operation 99 'getelementptr' 'exp_buf_addr' <Predicate = true> <Delay = 0.00>
ST_11 : Operation 100 [1/1] ( I:3.25ns O:3.25ns )   --->   "%store_ln193 = store i32 %y, i8 %exp_buf_addr" [softmax_accel_hls.cc:193]   --->   Operation 100 'store' 'store_ln193' <Predicate = true> <Delay = 3.25> <CoreInst = "RAM_1P_BRAM">   --->   Core 87 'RAM_1P_BRAM' <Latency = 1> <II = 1> <Delay = 3.25> <Storage> <Opcode : 'load' 'store'> <Ports = 1> <Width = 32> <Depth = 256> <RAM>
ST_11 : Operation 101 [1/1] (0.00ns)   --->   "%zext_ln194 = zext i32 %y" [softmax_accel_hls.cc:194]   --->   Operation 101 'zext' 'zext_ln194' <Predicate = true> <Delay = 0.00>
ST_11 : Operation 102 [1/1] (2.87ns)   --->   "%sum64_1 = add i40 %zext_ln194, i40 %sum64_load" [softmax_accel_hls.cc:194]   --->   Operation 102 'add' 'sum64_1' <Predicate = true> <Delay = 2.87> <CoreInst = "Adder">   --->   Core 1 'Adder' <Latency = 0> <II = 1> <Delay = 2.87> <FuncUnit> <Opcode : 'add' 'sub'> <InPorts = 2> <OutPorts = 1>
ST_11 : Operation 103 [1/1] (1.58ns)   --->   "%store_ln187 = store i40 %sum64_1, i40 %sum64" [softmax_accel_hls.cc:187]   --->   Operation 103 'store' 'store_ln187' <Predicate = true> <Delay = 1.58>
ST_11 : Operation 104 [1/1] (0.00ns)   --->   "%br_ln188 = br void %for.body16" [softmax_accel_hls.cc:188]   --->   Operation 104 'br' 'br_ln188' <Predicate = true> <Delay = 0.00>


============================================================
+ Verbose Summary: Binding
============================================================
STG Binding: 
---------------- STG Properties BEGIN ----------------
- Is combinational: 0
- Is one-state seq: 0
- Is datapath-only: 0
- Is pipelined: 0
- Is top level: 0
Port [ Return ] is wired: 1; IO mode=ap_ctrl_hs:ce=0
Port [ gmem]:  wired=1; compound=1; hidden=0; nouse=0; global=0; static=0; extern=0; dir=0; type=4; pingpong=0; private_global=0; IO mode=m_axi:ce=0
Port [ select_ln169]:  wired=1; compound=0; hidden=0; nouse=0; global=0; static=0; extern=0; dir=0; type=0; pingpong=0; private_global=0; IO mode=ap_none:ce=0
Port [ sext_ln176]:  wired=1; compound=0; hidden=0; nouse=0; global=0; static=0; extern=0; dir=0; type=0; pingpong=0; private_global=0; IO mode=ap_none:ce=0
Port [ max_x_1_reload]:  wired=1; compound=0; hidden=0; nouse=0; global=0; static=0; extern=0; dir=0; type=0; pingpong=0; private_global=0; IO mode=ap_none:ce=0
Port [ exp_buf]:  wired=1; compound=1; hidden=0; nouse=0; global=0; static=0; extern=0; dir=1; type=1; pingpong=0; private_global=0; MemPort=[0]; IO mode=ap_memory:ce=0
Port [ sum64_out]:  wired=1; compound=0; hidden=0; nouse=0; global=0; static=0; extern=0; dir=1; type=0; pingpong=0; private_global=0; IO mode=ap_vld:ce=0
Port [ EXP2_PTS_Q16]:  wired=0; compound=1; hidden=1; nouse=0; global=1; static=1; extern=0; dir=0; type=1; pingpong=0; private_global=1; MemPort=[11]; IO mode=ap_memory:ce=0
---------------- STG Properties END ------------------

---------------- Datapath Model BEGIN ----------------

<LifeTime>
<method=bitvector/>
sum64                 (alloca           ) [ 011111111111]
i_1                   (alloca           ) [ 010000000000]
max_x_1_reload_read   (read             ) [ 011100000000]
sext_ln176_read       (read             ) [ 000000000000]
select_ln169_read     (read             ) [ 000000000000]
sext_ln176_cast       (sext             ) [ 011000000000]
specmemcore_ln0       (specmemcore      ) [ 000000000000]
specinterface_ln0     (specinterface    ) [ 000000000000]
store_ln188           (store            ) [ 000000000000]
store_ln187           (store            ) [ 000000000000]
br_ln0                (br               ) [ 000000000000]
i                     (load             ) [ 011111111111]
specbitsmap_ln0       (specbitsmap      ) [ 000000000000]
icmp_ln188            (icmp             ) [ 011111111110]
speclooptripcount_ln0 (speclooptripcount) [ 000000000000]
add_ln188             (add              ) [ 000000000000]
br_ln188              (br               ) [ 000000000000]
store_ln188           (store            ) [ 000000000000]
gmem_addr             (getelementptr    ) [ 000000000000]
xi                    (read             ) [ 010100000000]
x                     (sub              ) [ 010010000000]
icmp_ln53             (icmp             ) [ 000000000000]
x_q16_1               (select           ) [ 010001100000]
tmp                   (bitconcatenate   ) [ 000000000000]
sext_ln56             (sext             ) [ 000000000000]
tmp_1                 (bitconcatenate   ) [ 000000000000]
sext_ln56_1           (sext             ) [ 000000000000]
sub_ln56              (sub              ) [ 000000000000]
tmp_2                 (bitconcatenate   ) [ 000000000000]
sext_ln56_2           (sext             ) [ 000000000000]
sub_ln56_1            (sub              ) [ 010001000000]
tmp_3                 (bitconcatenate   ) [ 000000000000]
sext_ln56_3           (sext             ) [ 000000000000]
add_ln56              (add              ) [ 000000000000]
tmp_4                 (bitconcatenate   ) [ 000000000000]
sext_ln56_4           (sext             ) [ 000000000000]
add_ln56_1            (add              ) [ 010000100000]
tmp_5                 (bitconcatenate   ) [ 000000000000]
sext_ln56_5           (sext             ) [ 000000000000]
add_ln56_2            (add              ) [ 000000000000]
tmp_6                 (bitconcatenate   ) [ 000000000000]
sext_ln56_6           (sext             ) [ 000000000000]
t64                   (add              ) [ 000000000000]
rem                   (partselect       ) [ 010000011100]
k                     (partselect       ) [ 010000011110]
idx                   (partselect       ) [ 010000010000]
tmp_7                 (bitselect        ) [ 010000011110]
tmp_8                 (partselect       ) [ 000000000000]
icmp_ln80             (icmp             ) [ 010000011110]
zext_ln67_1           (zext             ) [ 000000000000]
zext_ln67             (zext             ) [ 000000000000]
EXP2_PTS_Q16_addr     (getelementptr    ) [ 010000001000]
add_ln68              (add              ) [ 000000000000]
zext_ln68             (zext             ) [ 000000000000]
EXP2_PTS_Q16_addr_1   (getelementptr    ) [ 010000001000]
y0                    (load             ) [ 010000000100]
y1                    (load             ) [ 000000000000]
dy                    (sub              ) [ 010000000100]
zext_ln67_2           (zext             ) [ 000000000000]
sext_ln72             (sext             ) [ 000000000000]
zext_ln72             (zext             ) [ 000000000000]
interp                (mul              ) [ 000000000000]
trunc_ln3             (partselect       ) [ 000000000000]
sext_ln73             (sext             ) [ 000000000000]
y_frac                (add              ) [ 010000000010]
sext_ln73_1           (sext             ) [ 000000000000]
xor_ln78              (xor              ) [ 000000000000]
sh_1                  (select           ) [ 000000000000]
zext_ln79             (zext             ) [ 000000000000]
y_2                   (shl              ) [ 000000000000]
sext_ln83             (sext             ) [ 000000000000]
sh_2                  (sub              ) [ 000000000000]
zext_ln83             (zext             ) [ 000000000000]
tmp_9                 (partselect       ) [ 000000000000]
icmp_ln84             (icmp             ) [ 000000000000]
y_3                   (lshr             ) [ 000000000000]
and_ln84              (and              ) [ 000000000000]
sel_tmp2              (bitconcatenate   ) [ 000000000000]
y                     (sparsemux        ) [ 010000000001]
sum64_load            (load             ) [ 000000000000]
zext_ln188            (zext             ) [ 000000000000]
specpipeline_ln189    (specpipeline     ) [ 000000000000]
specloopname_ln188    (specloopname     ) [ 000000000000]
exp_buf_addr          (getelementptr    ) [ 000000000000]
store_ln193           (store            ) [ 000000000000]
zext_ln194            (zext             ) [ 000000000000]
sum64_1               (add              ) [ 000000000000]
store_ln187           (store            ) [ 000000000000]
br_ln188              (br               ) [ 000000000000]
sum64_load_1          (load             ) [ 000000000000]
write_ln0             (write            ) [ 000000000000]
ret_ln0               (ret              ) [ 000000000000]
</LifeTime>

<model>

<comp_list>
<comp id="0" class="1000" name="gmem">
<pin_list>
<pin id="1" dir="1" index="0" bw="1" slack="0"/>
</pin_list>
<bind>
<StgValue><ssdm name="gmem"/><MemPortTyVec>0 </MemPortTyVec>
</StgValue>
</bind>
</comp>

<comp id="2" class="1000" name="select_ln169">
<pin_list>
<pin id="3" dir="1" index="0" bw="1" slack="0"/>
</pin_list>
<bind>
<StgValue><ssdm name="select_ln169"/></StgValue>
</bind>
</comp>

<comp id="4" class="1000" name="sext_ln176">
<pin_list>
<pin id="5" dir="1" index="0" bw="1" slack="0"/>
</pin_list>
<bind>
<StgValue><ssdm name="sext_ln176"/></StgValue>
</bind>
</comp>

<comp id="6" class="1000" name="max_x_1_reload">
<pin_list>
<pin id="7" dir="1" index="0" bw="1" slack="0"/>
</pin_list>
<bind>
<StgValue><ssdm name="max_x_1_reload"/></StgValue>
</bind>
</comp>

<comp id="8" class="1000" name="exp_buf">
<pin_list>
<pin id="9" dir="1" index="0" bw="1" slack="0"/>
</pin_list>
<bind>
<StgValue><ssdm name="exp_buf"/><MemPortTyVec>0 </MemPortTyVec>
</StgValue>
</bind>
</comp>

<comp id="10" class="1000" name="sum64_out">
<pin_list>
<pin id="11" dir="1" index="0" bw="1" slack="0"/>
</pin_list>
<bind>
<StgValue><ssdm name="sum64_out"/></StgValue>
</bind>
</comp>

<comp id="12" class="1000" name="EXP2_PTS_Q16">
<pin_list>
<pin id="13" dir="1" index="0" bw="1" slack="0"/>
</pin_list>
<bind>
<StgValue><ssdm name="EXP2_PTS_Q16"/><MemPortTyVec>1 1 </MemPortTyVec>
</StgValue>
</bind>
</comp>

<comp id="14" class="1001" name="const_14">
<pin_list>
<pin id="15" dir="1" index="0" bw="1" slack="0"/>
</pin_list>
<bind>
<StgValue><ssdm name=""/></StgValue>
</bind>
</comp>

<comp id="16" class="1001" name="const_16">
<pin_list>
<pin id="17" dir="1" index="0" bw="1" slack="0"/>
</pin_list>
<bind>
<StgValue><ssdm name="_ssdm_op_Read.ap_auto.i32"/></StgValue>
</bind>
</comp>

<comp id="18" class="1001" name="const_18">
<pin_list>
<pin id="19" dir="1" index="0" bw="1" slack="0"/>
</pin_list>
<bind>
<StgValue><ssdm name="_ssdm_op_Read.ap_auto.i62"/></StgValue>
</bind>
</comp>

<comp id="20" class="1001" name="const_20">
<pin_list>
<pin id="21" dir="1" index="0" bw="1" slack="0"/>
</pin_list>
<bind>
<StgValue><ssdm name="_ssdm_op_Read.ap_auto.i9"/></StgValue>
</bind>
</comp>

<comp id="22" class="1001" name="const_22">
<pin_list>
<pin id="23" dir="1" index="0" bw="1" slack="2147483647"/>
</pin_list>
<bind>
<StgValue><ssdm name="_ssdm_op_SpecMemCore"/></StgValue>
</bind>
</comp>

<comp id="24" class="1001" name="const_24">
<pin_list>
<pin id="25" dir="1" index="0" bw="1" slack="2147483647"/>
</pin_list>
<bind>
<StgValue><ssdm name=""/></StgValue>
</bind>
</comp>

<comp id="26" class="1001" name="const_26">
<pin_list>
<pin id="27" dir="1" index="0" bw="1" slack="2147483647"/>
</pin_list>
<bind>
<StgValue><ssdm name=""/></StgValue>
</bind>
</comp>

<comp id="28" class="1001" name="const_28">
<pin_list>
<pin id="29" dir="1" index="0" bw="1" slack="2147483647"/>
</pin_list>
<bind>
<StgValue><ssdm name=""/></StgValue>
</bind>
</comp>

<comp id="30" class="1001" name="const_30">
<pin_list>
<pin id="31" dir="1" index="0" bw="1" slack="2147483647"/>
</pin_list>
<bind>
<StgValue><ssdm name="_ssdm_op_SpecInterface"/></StgValue>
</bind>
</comp>

<comp id="32" class="1001" name="const_32">
<pin_list>
<pin id="33" dir="1" index="0" bw="1" slack="2147483647"/>
</pin_list>
<bind>
<StgValue><ssdm name="empty"/></StgValue>
</bind>
</comp>

<comp id="34" class="1001" name="const_34">
<pin_list>
<pin id="35" dir="1" index="0" bw="1" slack="0"/>
</pin_list>
<bind>
<StgValue><ssdm name=""/></StgValue>
</bind>
</comp>

<comp id="36" class="1001" name="const_36">
<pin_list>
<pin id="37" dir="1" index="0" bw="1" slack="2147483647"/>
</pin_list>
<bind>
<StgValue><ssdm name="empty_0"/></StgValue>
</bind>
</comp>

<comp id="38" class="1001" name="const_38">
<pin_list>
<pin id="39" dir="1" index="0" bw="1" slack="2147483647"/>
</pin_list>
<bind>
<StgValue><ssdm name=""/></StgValue>
</bind>
</comp>

<comp id="40" class="1001" name="const_40">
<pin_list>
<pin id="41" dir="1" index="0" bw="1" slack="2147483647"/>
</pin_list>
<bind>
<StgValue><ssdm name="empty_1"/></StgValue>
</bind>
</comp>

<comp id="42" class="1001" name="const_42">
<pin_list>
<pin id="43" dir="1" index="0" bw="1" slack="2147483647"/>
</pin_list>
<bind>
<StgValue><ssdm name="empty_2"/></StgValue>
</bind>
</comp>

<comp id="44" class="1001" name="const_44">
<pin_list>
<pin id="45" dir="1" index="0" bw="1" slack="0"/>
</pin_list>
<bind>
<StgValue><ssdm name=""/></StgValue>
</bind>
</comp>

<comp id="46" class="1001" name="const_46">
<pin_list>
<pin id="47" dir="1" index="0" bw="1" slack="2147483647"/>
</pin_list>
<bind>
<StgValue><ssdm name=""/></StgValue>
</bind>
</comp>

<comp id="48" class="1001" name="const_48">
<pin_list>
<pin id="49" dir="1" index="0" bw="1" slack="0"/>
</pin_list>
<bind>
<StgValue><ssdm name=""/></StgValue>
</bind>
</comp>

<comp id="50" class="1001" name="const_50">
<pin_list>
<pin id="51" dir="1" index="0" bw="1" slack="0"/>
</pin_list>
<bind>
<StgValue><ssdm name=""/></StgValue>
</bind>
</comp>

<comp id="52" class="1001" name="const_52">
<pin_list>
<pin id="53" dir="1" index="0" bw="1" slack="2147483647"/>
</pin_list>
<bind>
<StgValue><ssdm name="_ssdm_op_SpecBitsMap"/></StgValue>
</bind>
</comp>

<comp id="54" class="1001" name="const_54">
<pin_list>
<pin id="55" dir="1" index="0" bw="1" slack="2147483647"/>
</pin_list>
<bind>
<StgValue><ssdm name="_ssdm_op_SpecLoopTripCount"/></StgValue>
</bind>
</comp>

<comp id="56" class="1001" name="const_56">
<pin_list>
<pin id="57" dir="1" index="0" bw="1" slack="2147483647"/>
</pin_list>
<bind>
<StgValue><ssdm name=""/></StgValue>
</bind>
</comp>

<comp id="58" class="1001" name="const_58">
<pin_list>
<pin id="59" dir="1" index="0" bw="1" slack="2147483647"/>
</pin_list>
<bind>
<StgValue><ssdm name=""/></StgValue>
</bind>
</comp>

<comp id="60" class="1001" name="const_60">
<pin_list>
<pin id="61" dir="1" index="0" bw="1" slack="2147483647"/>
</pin_list>
<bind>
<StgValue><ssdm name=""/></StgValue>
</bind>
</comp>

<comp id="62" class="1001" name="const_62">
<pin_list>
<pin id="63" dir="1" index="0" bw="1" slack="0"/>
</pin_list>
<bind>
<StgValue><ssdm name=""/></StgValue>
</bind>
</comp>

<comp id="64" class="1001" name="const_64">
<pin_list>
<pin id="65" dir="1" index="0" bw="1" slack="0"/>
</pin_list>
<bind>
<StgValue><ssdm name="_ssdm_op_Read.m_axi.p1i32"/></StgValue>
</bind>
</comp>

<comp id="66" class="1001" name="const_66">
<pin_list>
<pin id="67" dir="1" index="0" bw="1" slack="0"/>
</pin_list>
<bind>
<StgValue><ssdm name=""/></StgValue>
</bind>
</comp>

<comp id="68" class="1001" name="const_68">
<pin_list>
<pin id="69" dir="1" index="0" bw="1" slack="0"/>
</pin_list>
<bind>
<StgValue><ssdm name="_ssdm_op_BitConcatenate.i49.i32.i17"/></StgValue>
</bind>
</comp>

<comp id="70" class="1001" name="const_70">
<pin_list>
<pin id="71" dir="1" index="0" bw="1" slack="0"/>
</pin_list>
<bind>
<StgValue><ssdm name=""/></StgValue>
</bind>
</comp>

<comp id="72" class="1001" name="const_72">
<pin_list>
<pin id="73" dir="1" index="0" bw="1" slack="0"/>
</pin_list>
<bind>
<StgValue><ssdm name="_ssdm_op_BitConcatenate.i47.i32.i15"/></StgValue>
</bind>
</comp>

<comp id="74" class="1001" name="const_74">
<pin_list>
<pin id="75" dir="1" index="0" bw="1" slack="0"/>
</pin_list>
<bind>
<StgValue><ssdm name=""/></StgValue>
</bind>
</comp>

<comp id="76" class="1001" name="const_76">
<pin_list>
<pin id="77" dir="1" index="0" bw="1" slack="0"/>
</pin_list>
<bind>
<StgValue><ssdm name="_ssdm_op_BitConcatenate.i44.i32.i12"/></StgValue>
</bind>
</comp>

<comp id="78" class="1001" name="const_78">
<pin_list>
<pin id="79" dir="1" index="0" bw="1" slack="0"/>
</pin_list>
<bind>
<StgValue><ssdm name=""/></StgValue>
</bind>
</comp>

<comp id="80" class="1001" name="const_80">
<pin_list>
<pin id="81" dir="1" index="0" bw="1" slack="0"/>
</pin_list>
<bind>
<StgValue><ssdm name="_ssdm_op_BitConcatenate.i40.i32.i8"/></StgValue>
</bind>
</comp>

<comp id="82" class="1001" name="const_82">
<pin_list>
<pin id="83" dir="1" index="0" bw="1" slack="0"/>
</pin_list>
<bind>
<StgValue><ssdm name=""/></StgValue>
</bind>
</comp>

<comp id="84" class="1001" name="const_84">
<pin_list>
<pin id="85" dir="1" index="0" bw="1" slack="0"/>
</pin_list>
<bind>
<StgValue><ssdm name="_ssdm_op_BitConcatenate.i38.i32.i6"/></StgValue>
</bind>
</comp>

<comp id="86" class="1001" name="const_86">
<pin_list>
<pin id="87" dir="1" index="0" bw="1" slack="0"/>
</pin_list>
<bind>
<StgValue><ssdm name=""/></StgValue>
</bind>
</comp>

<comp id="88" class="1001" name="const_88">
<pin_list>
<pin id="89" dir="1" index="0" bw="1" slack="0"/>
</pin_list>
<bind>
<StgValue><ssdm name="_ssdm_op_BitConcatenate.i36.i32.i4"/></StgValue>
</bind>
</comp>

<comp id="90" class="1001" name="const_90">
<pin_list>
<pin id="91" dir="1" index="0" bw="1" slack="0"/>
</pin_list>
<bind>
<StgValue><ssdm name=""/></StgValue>
</bind>
</comp>

<comp id="92" class="1001" name="const_92">
<pin_list>
<pin id="93" dir="1" index="0" bw="1" slack="0"/>
</pin_list>
<bind>
<StgValue><ssdm name="_ssdm_op_BitConcatenate.i34.i32.i2"/></StgValue>
</bind>
</comp>

<comp id="94" class="1001" name="const_94">
<pin_list>
<pin id="95" dir="1" index="0" bw="1" slack="0"/>
</pin_list>
<bind>
<StgValue><ssdm name=""/></StgValue>
</bind>
</comp>

<comp id="96" class="1001" name="const_96">
<pin_list>
<pin id="97" dir="1" index="0" bw="1" slack="0"/>
</pin_list>
<bind>
<StgValue><ssdm name="_ssdm_op_PartSelect.i12.i50.i32.i32"/></StgValue>
</bind>
</comp>

<comp id="98" class="1001" name="const_98">
<pin_list>
<pin id="99" dir="1" index="0" bw="1" slack="0"/>
</pin_list>
<bind>
<StgValue><ssdm name=""/></StgValue>
</bind>
</comp>

<comp id="100" class="1001" name="const_100">
<pin_list>
<pin id="101" dir="1" index="0" bw="1" slack="0"/>
</pin_list>
<bind>
<StgValue><ssdm name="_ssdm_op_PartSelect.i16.i50.i32.i32"/></StgValue>
</bind>
</comp>

<comp id="102" class="1001" name="const_102">
<pin_list>
<pin id="103" dir="1" index="0" bw="1" slack="0"/>
</pin_list>
<bind>
<StgValue><ssdm name=""/></StgValue>
</bind>
</comp>

<comp id="104" class="1001" name="const_104">
<pin_list>
<pin id="105" dir="1" index="0" bw="1" slack="0"/>
</pin_list>
<bind>
<StgValue><ssdm name=""/></StgValue>
</bind>
</comp>

<comp id="106" class="1001" name="const_106">
<pin_list>
<pin id="107" dir="1" index="0" bw="1" slack="0"/>
</pin_list>
<bind>
<StgValue><ssdm name="_ssdm_op_PartSelect.i4.i50.i32.i32"/></StgValue>
</bind>
</comp>

<comp id="108" class="1001" name="const_108">
<pin_list>
<pin id="109" dir="1" index="0" bw="1" slack="0"/>
</pin_list>
<bind>
<StgValue><ssdm name=""/></StgValue>
</bind>
</comp>

<comp id="110" class="1001" name="const_110">
<pin_list>
<pin id="111" dir="1" index="0" bw="1" slack="0"/>
</pin_list>
<bind>
<StgValue><ssdm name=""/></StgValue>
</bind>
</comp>

<comp id="112" class="1001" name="const_112">
<pin_list>
<pin id="113" dir="1" index="0" bw="1" slack="0"/>
</pin_list>
<bind>
<StgValue><ssdm name="_ssdm_op_BitSelect.i1.i50.i32"/></StgValue>
</bind>
</comp>

<comp id="114" class="1001" name="const_114">
<pin_list>
<pin id="115" dir="1" index="0" bw="1" slack="0"/>
</pin_list>
<bind>
<StgValue><ssdm name=""/></StgValue>
</bind>
</comp>

<comp id="116" class="1001" name="const_116">
<pin_list>
<pin id="117" dir="1" index="0" bw="1" slack="0"/>
</pin_list>
<bind>
<StgValue><ssdm name=""/></StgValue>
</bind>
</comp>

<comp id="118" class="1001" name="const_118">
<pin_list>
<pin id="119" dir="1" index="0" bw="1" slack="0"/>
</pin_list>
<bind>
<StgValue><ssdm name=""/></StgValue>
</bind>
</comp>

<comp id="120" class="1001" name="const_120">
<pin_list>
<pin id="121" dir="1" index="0" bw="1" slack="0"/>
</pin_list>
<bind>
<StgValue><ssdm name="_ssdm_op_PartSelect.i18.i30.i32.i32"/></StgValue>
</bind>
</comp>

<comp id="122" class="1001" name="const_122">
<pin_list>
<pin id="123" dir="1" index="0" bw="1" slack="0"/>
</pin_list>
<bind>
<StgValue><ssdm name=""/></StgValue>
</bind>
</comp>

<comp id="124" class="1001" name="const_124">
<pin_list>
<pin id="125" dir="1" index="0" bw="1" slack="0"/>
</pin_list>
<bind>
<StgValue><ssdm name=""/></StgValue>
</bind>
</comp>

<comp id="126" class="1001" name="const_126">
<pin_list>
<pin id="127" dir="1" index="0" bw="1" slack="0"/>
</pin_list>
<bind>
<StgValue><ssdm name=""/></StgValue>
</bind>
</comp>

<comp id="128" class="1001" name="const_128">
<pin_list>
<pin id="129" dir="1" index="0" bw="1" slack="0"/>
</pin_list>
<bind>
<StgValue><ssdm name=""/></StgValue>
</bind>
</comp>

<comp id="130" class="1001" name="const_130">
<pin_list>
<pin id="131" dir="1" index="0" bw="1" slack="0"/>
</pin_list>
<bind>
<StgValue><ssdm name="_ssdm_op_PartSelect.i12.i17.i32.i32"/></StgValue>
</bind>
</comp>

<comp id="132" class="1001" name="const_132">
<pin_list>
<pin id="133" dir="1" index="0" bw="1" slack="0"/>
</pin_list>
<bind>
<StgValue><ssdm name=""/></StgValue>
</bind>
</comp>

<comp id="134" class="1001" name="const_134">
<pin_list>
<pin id="135" dir="1" index="0" bw="1" slack="0"/>
</pin_list>
<bind>
<StgValue><ssdm name="_ssdm_op_BitConcatenate.i2.i1.i1"/></StgValue>
</bind>
</comp>

<comp id="136" class="1001" name="const_136">
<pin_list>
<pin id="137" dir="1" index="0" bw="1" slack="0"/>
</pin_list>
<bind>
<StgValue><ssdm name="_ssdm_op_SparseMux.ap_auto.3i32.i32.i2"/></StgValue>
</bind>
</comp>

<comp id="138" class="1001" name="const_138">
<pin_list>
<pin id="139" dir="1" index="0" bw="1" slack="0"/>
</pin_list>
<bind>
<StgValue><ssdm name=""/></StgValue>
</bind>
</comp>

<comp id="140" class="1001" name="const_140">
<pin_list>
<pin id="141" dir="1" index="0" bw="1" slack="0"/>
</pin_list>
<bind>
<StgValue><ssdm name=""/></StgValue>
</bind>
</comp>

<comp id="142" class="1001" name="const_142">
<pin_list>
<pin id="143" dir="1" index="0" bw="1" slack="0"/>
</pin_list>
<bind>
<StgValue><ssdm name=""/></StgValue>
</bind>
</comp>

<comp id="144" class="1001" name="const_144">
<pin_list>
<pin id="145" dir="1" index="0" bw="1" slack="2147483647"/>
</pin_list>
<bind>
<StgValue><ssdm name="_ssdm_op_SpecPipeline"/></StgValue>
</bind>
</comp>

<comp id="146" class="1001" name="const_146">
<pin_list>
<pin id="147" dir="1" index="0" bw="1" slack="2147483647"/>
</pin_list>
<bind>
<StgValue><ssdm name="_ssdm_op_SpecLoopName"/></StgValue>
</bind>
</comp>

<comp id="148" class="1001" name="const_148">
<pin_list>
<pin id="149" dir="1" index="0" bw="1" slack="2147483647"/>
</pin_list>
<bind>
<StgValue><ssdm name="empty_12"/></StgValue>
</bind>
</comp>

<comp id="150" class="1001" name="const_150">
<pin_list>
<pin id="151" dir="1" index="0" bw="1" slack="0"/>
</pin_list>
<bind>
<StgValue><ssdm name="_ssdm_op_Write.ap_auto.i40P0A"/></StgValue>
</bind>
</comp>

<comp id="152" class="1004" name="sum64_fu_152">
<pin_list>
<pin id="153" dir="0" index="0" bw="1" slack="0"/>
<pin id="154" dir="1" index="1" bw="40" slack="0"/>
</pin_list>
<bind>
<opcode="alloca(26) " fcode="alloca"/>
<opset="sum64/1 "/>
</bind>
</comp>

<comp id="156" class="1004" name="i_1_fu_156">
<pin_list>
<pin id="157" dir="0" index="0" bw="1" slack="0"/>
<pin id="158" dir="1" index="1" bw="9" slack="0"/>
</pin_list>
<bind>
<opcode="alloca(26) " fcode="alloca"/>
<opset="i_1/1 "/>
</bind>
</comp>

<comp id="160" class="1004" name="max_x_1_reload_read_read_fu_160">
<pin_list>
<pin id="161" dir="0" index="0" bw="32" slack="0"/>
<pin id="162" dir="0" index="1" bw="32" slack="0"/>
<pin id="163" dir="1" index="2" bw="32" slack="2"/>
</pin_list>
<bind>
<opcode="read(1150) " fcode="read"/>
<opset="max_x_1_reload_read/1 "/>
</bind>
</comp>

<comp id="166" class="1004" name="sext_ln176_read_read_fu_166">
<pin_list>
<pin id="167" dir="0" index="0" bw="62" slack="0"/>
<pin id="168" dir="0" index="1" bw="62" slack="0"/>
<pin id="169" dir="1" index="2" bw="62" slack="0"/>
</pin_list>
<bind>
<opcode="read(1150) " fcode="read"/>
<opset="sext_ln176_read/1 "/>
</bind>
</comp>

<comp id="172" class="1004" name="select_ln169_read_read_fu_172">
<pin_list>
<pin id="173" dir="0" index="0" bw="9" slack="0"/>
<pin id="174" dir="0" index="1" bw="9" slack="0"/>
<pin id="175" dir="1" index="2" bw="9" slack="0"/>
</pin_list>
<bind>
<opcode="read(1150) " fcode="read"/>
<opset="select_ln169_read/1 "/>
</bind>
</comp>

<comp id="178" class="1004" name="write_ln0_write_fu_178">
<pin_list>
<pin id="179" dir="0" index="0" bw="0" slack="0"/>
<pin id="180" dir="0" index="1" bw="40" slack="0"/>
<pin id="181" dir="0" index="2" bw="40" slack="0"/>
<pin id="182" dir="1" index="3" bw="0" slack="2147483647"/>
</pin_list>
<bind>
<opcode="write(1151) " fcode="write"/>
<opset="write_ln0/10 "/>
</bind>
</comp>

<comp id="185" class="1004" name="EXP2_PTS_Q16_addr_gep_fu_185">
<pin_list>
<pin id="186" dir="0" index="0" bw="18" slack="0"/>
<pin id="187" dir="0" index="1" bw="1" slack="0"/>
<pin id="188" dir="0" index="2" bw="4" slack="0"/>
<pin id="189" dir="1" index="3" bw="5" slack="0"/>
</pin_list>
<bind>
<opcode="getelementptr(29) " fcode="getelementptr"/>
<opset="EXP2_PTS_Q16_addr/7 "/>
</bind>
</comp>

<comp id="192" class="1004" name="grp_access_fu_192">
<pin_list>
<pin id="193" dir="0" index="0" bw="5" slack="0"/>
<pin id="194" dir="0" index="1" bw="18" slack="2147483647"/>
<pin id="195" dir="0" index="2" bw="0" slack="0"/>
<pin id="197" dir="0" index="4" bw="5" slack="2147483647"/>
<pin id="198" dir="0" index="5" bw="18" slack="2147483647"/>
<pin id="199" dir="0" index="6" bw="0" slack="2147483647"/>
<pin id="196" dir="1" index="3" bw="18" slack="0"/>
<pin id="200" dir="1" index="7" bw="18" slack="0"/>
</pin_list>
<bind>
<opcode="load(27) " fcode="load"/>
<opset="y0/7 y1/7 "/>
</bind>
</comp>

<comp id="202" class="1004" name="EXP2_PTS_Q16_addr_1_gep_fu_202">
<pin_list>
<pin id="203" dir="0" index="0" bw="18" slack="0"/>
<pin id="204" dir="0" index="1" bw="1" slack="0"/>
<pin id="205" dir="0" index="2" bw="5" slack="0"/>
<pin id="206" dir="1" index="3" bw="5" slack="0"/>
</pin_list>
<bind>
<opcode="getelementptr(29) " fcode="getelementptr"/>
<opset="EXP2_PTS_Q16_addr_1/7 "/>
</bind>
</comp>

<comp id="210" class="1004" name="exp_buf_addr_gep_fu_210">
<pin_list>
<pin id="211" dir="0" index="0" bw="32" slack="0"/>
<pin id="212" dir="0" index="1" bw="1" slack="0"/>
<pin id="213" dir="0" index="2" bw="9" slack="0"/>
<pin id="214" dir="1" index="3" bw="8" slack="0"/>
</pin_list>
<bind>
<opcode="getelementptr(29) " fcode="getelementptr"/>
<opset="exp_buf_addr/11 "/>
</bind>
</comp>

<comp id="217" class="1004" name="store_ln193_access_fu_217">
<pin_list>
<pin id="218" dir="0" index="0" bw="8" slack="0"/>
<pin id="219" dir="0" index="1" bw="32" slack="1"/>
<pin id="220" dir="0" index="2" bw="0" slack="2147483647"/>
<pin id="221" dir="1" index="3" bw="32" slack="2147483647"/>
</pin_list>
<bind>
<opcode="store(28) " fcode="store"/>
<opset="store_ln193/11 "/>
</bind>
</comp>

<comp id="223" class="1004" name="xi_read_fu_223">
<pin_list>
<pin id="224" dir="0" index="0" bw="32" slack="0"/>
<pin id="225" dir="0" index="1" bw="32" slack="0"/>
<pin id="226" dir="1" index="2" bw="32" slack="1"/>
</pin_list>
<bind>
<opcode="read(1150) " fcode="read"/>
<opset="xi/2 "/>
</bind>
</comp>

<comp id="228" class="1004" name="sext_ln176_cast_fu_228">
<pin_list>
<pin id="229" dir="0" index="0" bw="62" slack="0"/>
<pin id="230" dir="1" index="1" bw="64" slack="1"/>
</pin_list>
<bind>
<opcode="sext(35) " fcode="sext"/>
<opset="sext_ln176_cast/1 "/>
</bind>
</comp>

<comp id="232" class="1004" name="store_ln188_store_fu_232">
<pin_list>
<pin id="233" dir="0" index="0" bw="1" slack="0"/>
<pin id="234" dir="0" index="1" bw="9" slack="0"/>
<pin id="235" dir="1" index="2" bw="0" slack="2147483647"/>
</pin_list>
<bind>
<opcode="store(28) " fcode="store"/>
<opset="store_ln188/1 "/>
</bind>
</comp>

<comp id="237" class="1004" name="store_ln187_store_fu_237">
<pin_list>
<pin id="238" dir="0" index="0" bw="1" slack="0"/>
<pin id="239" dir="0" index="1" bw="40" slack="0"/>
<pin id="240" dir="1" index="2" bw="0" slack="2147483647"/>
</pin_list>
<bind>
<opcode="store(28) " fcode="store"/>
<opset="store_ln187/1 "/>
</bind>
</comp>

<comp id="242" class="1004" name="i_load_fu_242">
<pin_list>
<pin id="243" dir="0" index="0" bw="9" slack="0"/>
<pin id="244" dir="1" index="1" bw="9" slack="0"/>
</pin_list>
<bind>
<opcode="load(27) " fcode="load"/>
<opset="i/1 "/>
</bind>
</comp>

<comp id="245" class="1004" name="icmp_ln188_fu_245">
<pin_list>
<pin id="246" dir="0" index="0" bw="9" slack="0"/>
<pin id="247" dir="0" index="1" bw="9" slack="0"/>
<pin id="248" dir="1" index="2" bw="1" slack="9"/>
</pin_list>
<bind>
<opcode="icmp(45) " fcode="icmp"/>
<opset="icmp_ln188/1 "/>
</bind>
</comp>

<comp id="251" class="1004" name="add_ln188_fu_251">
<pin_list>
<pin id="252" dir="0" index="0" bw="9" slack="0"/>
<pin id="253" dir="0" index="1" bw="1" slack="0"/>
<pin id="254" dir="1" index="2" bw="9" slack="0"/>
</pin_list>
<bind>
<opcode="add(8) " fcode="add"/>
<opset="add_ln188/1 "/>
</bind>
</comp>

<comp id="257" class="1004" name="store_ln188_store_fu_257">
<pin_list>
<pin id="258" dir="0" index="0" bw="9" slack="0"/>
<pin id="259" dir="0" index="1" bw="9" slack="0"/>
<pin id="260" dir="1" index="2" bw="0" slack="2147483647"/>
</pin_list>
<bind>
<opcode="store(28) " fcode="store"/>
<opset="store_ln188/1 "/>
</bind>
</comp>

<comp id="262" class="1004" name="gmem_addr_fu_262">
<pin_list>
<pin id="263" dir="0" index="0" bw="64" slack="0"/>
<pin id="264" dir="0" index="1" bw="64" slack="1"/>
<pin id="265" dir="1" index="2" bw="64" slack="0"/>
</pin_list>
<bind>
<opcode="getelementptr(29) " fcode="getelementptr"/>
<opset="gmem_addr/2 "/>
</bind>
</comp>

<comp id="268" class="1004" name="x_fu_268">
<pin_list>
<pin id="269" dir="0" index="0" bw="32" slack="1"/>
<pin id="270" dir="0" index="1" bw="32" slack="2"/>
<pin id="271" dir="1" index="2" bw="32" slack="1"/>
</pin_list>
<bind>
<opcode="sub(10) " fcode="sub"/>
<opset="x/3 "/>
</bind>
</comp>

<comp id="272" class="1004" name="icmp_ln53_fu_272">
<pin_list>
<pin id="273" dir="0" index="0" bw="32" slack="1"/>
<pin id="274" dir="0" index="1" bw="32" slack="0"/>
<pin id="275" dir="1" index="2" bw="1" slack="0"/>
</pin_list>
<bind>
<opcode="icmp(45) " fcode="icmp"/>
<opset="icmp_ln53/4 "/>
</bind>
</comp>

<comp id="277" class="1004" name="x_q16_1_fu_277">
<pin_list>
<pin id="278" dir="0" index="0" bw="1" slack="0"/>
<pin id="279" dir="0" index="1" bw="32" slack="0"/>
<pin id="280" dir="0" index="2" bw="32" slack="1"/>
<pin id="281" dir="1" index="3" bw="32" slack="0"/>
</pin_list>
<bind>
<opcode="select(49) " fcode="select"/>
<opset="x_q16_1/4 "/>
</bind>
</comp>

<comp id="284" class="1004" name="tmp_fu_284">
<pin_list>
<pin id="285" dir="0" index="0" bw="49" slack="0"/>
<pin id="286" dir="0" index="1" bw="32" slack="0"/>
<pin id="287" dir="0" index="2" bw="1" slack="0"/>
<pin id="288" dir="1" index="3" bw="49" slack="0"/>
</pin_list>
<bind>
<opcode="bitconcatenate(1004) " fcode="bitconcatenate"/>
<opset="tmp/4 "/>
</bind>
</comp>

<comp id="292" class="1004" name="sext_ln56_fu_292">
<pin_list>
<pin id="293" dir="0" index="0" bw="49" slack="0"/>
<pin id="294" dir="1" index="1" bw="50" slack="0"/>
</pin_list>
<bind>
<opcode="sext(35) " fcode="sext"/>
<opset="sext_ln56/4 "/>
</bind>
</comp>

<comp id="296" class="1004" name="tmp_1_fu_296">
<pin_list>
<pin id="297" dir="0" index="0" bw="47" slack="0"/>
<pin id="298" dir="0" index="1" bw="32" slack="0"/>
<pin id="299" dir="0" index="2" bw="1" slack="0"/>
<pin id="300" dir="1" index="3" bw="47" slack="0"/>
</pin_list>
<bind>
<opcode="bitconcatenate(1004) " fcode="bitconcatenate"/>
<opset="tmp_1/4 "/>
</bind>
</comp>

<comp id="304" class="1004" name="sext_ln56_1_fu_304">
<pin_list>
<pin id="305" dir="0" index="0" bw="47" slack="0"/>
<pin id="306" dir="1" index="1" bw="50" slack="0"/>
</pin_list>
<bind>
<opcode="sext(35) " fcode="sext"/>
<opset="sext_ln56_1/4 "/>
</bind>
</comp>

<comp id="308" class="1004" name="sub_ln56_fu_308">
<pin_list>
<pin id="309" dir="0" index="0" bw="49" slack="0"/>
<pin id="310" dir="0" index="1" bw="47" slack="0"/>
<pin id="311" dir="1" index="2" bw="50" slack="0"/>
</pin_list>
<bind>
<opcode="sub(10) " fcode="sub"/>
<opset="sub_ln56/4 "/>
</bind>
</comp>

<comp id="314" class="1004" name="tmp_2_fu_314">
<pin_list>
<pin id="315" dir="0" index="0" bw="44" slack="0"/>
<pin id="316" dir="0" index="1" bw="32" slack="0"/>
<pin id="317" dir="0" index="2" bw="1" slack="0"/>
<pin id="318" dir="1" index="3" bw="44" slack="0"/>
</pin_list>
<bind>
<opcode="bitconcatenate(1004) " fcode="bitconcatenate"/>
<opset="tmp_2/4 "/>
</bind>
</comp>

<comp id="322" class="1004" name="sext_ln56_2_fu_322">
<pin_list>
<pin id="323" dir="0" index="0" bw="44" slack="0"/>
<pin id="324" dir="1" index="1" bw="50" slack="0"/>
</pin_list>
<bind>
<opcode="sext(35) " fcode="sext"/>
<opset="sext_ln56_2/4 "/>
</bind>
</comp>

<comp id="326" class="1004" name="sub_ln56_1_fu_326">
<pin_list>
<pin id="327" dir="0" index="0" bw="50" slack="0"/>
<pin id="328" dir="0" index="1" bw="44" slack="0"/>
<pin id="329" dir="1" index="2" bw="50" slack="1"/>
</pin_list>
<bind>
<opcode="sub(10) " fcode="sub"/>
<opset="sub_ln56_1/4 "/>
</bind>
</comp>

<comp id="332" class="1004" name="tmp_3_fu_332">
<pin_list>
<pin id="333" dir="0" index="0" bw="40" slack="0"/>
<pin id="334" dir="0" index="1" bw="32" slack="1"/>
<pin id="335" dir="0" index="2" bw="1" slack="0"/>
<pin id="336" dir="1" index="3" bw="40" slack="0"/>
</pin_list>
<bind>
<opcode="bitconcatenate(1004) " fcode="bitconcatenate"/>
<opset="tmp_3/5 "/>
</bind>
</comp>

<comp id="339" class="1004" name="sext_ln56_3_fu_339">
<pin_list>
<pin id="340" dir="0" index="0" bw="40" slack="0"/>
<pin id="341" dir="1" index="1" bw="50" slack="0"/>
</pin_list>
<bind>
<opcode="sext(35) " fcode="sext"/>
<opset="sext_ln56_3/5 "/>
</bind>
</comp>

<comp id="343" class="1004" name="add_ln56_fu_343">
<pin_list>
<pin id="344" dir="0" index="0" bw="50" slack="1"/>
<pin id="345" dir="0" index="1" bw="40" slack="0"/>
<pin id="346" dir="1" index="2" bw="50" slack="0"/>
</pin_list>
<bind>
<opcode="add(8) " fcode="add"/>
<opset="add_ln56/5 "/>
</bind>
</comp>

<comp id="348" class="1004" name="tmp_4_fu_348">
<pin_list>
<pin id="349" dir="0" index="0" bw="38" slack="0"/>
<pin id="350" dir="0" index="1" bw="32" slack="1"/>
<pin id="351" dir="0" index="2" bw="1" slack="0"/>
<pin id="352" dir="1" index="3" bw="38" slack="0"/>
</pin_list>
<bind>
<opcode="bitconcatenate(1004) " fcode="bitconcatenate"/>
<opset="tmp_4/5 "/>
</bind>
</comp>

<comp id="355" class="1004" name="sext_ln56_4_fu_355">
<pin_list>
<pin id="356" dir="0" index="0" bw="38" slack="0"/>
<pin id="357" dir="1" index="1" bw="50" slack="0"/>
</pin_list>
<bind>
<opcode="sext(35) " fcode="sext"/>
<opset="sext_ln56_4/5 "/>
</bind>
</comp>

<comp id="359" class="1004" name="add_ln56_1_fu_359">
<pin_list>
<pin id="360" dir="0" index="0" bw="50" slack="0"/>
<pin id="361" dir="0" index="1" bw="38" slack="0"/>
<pin id="362" dir="1" index="2" bw="50" slack="1"/>
</pin_list>
<bind>
<opcode="add(8) " fcode="add"/>
<opset="add_ln56_1/5 "/>
</bind>
</comp>

<comp id="365" class="1004" name="tmp_5_fu_365">
<pin_list>
<pin id="366" dir="0" index="0" bw="36" slack="0"/>
<pin id="367" dir="0" index="1" bw="32" slack="2"/>
<pin id="368" dir="0" index="2" bw="1" slack="0"/>
<pin id="369" dir="1" index="3" bw="36" slack="0"/>
</pin_list>
<bind>
<opcode="bitconcatenate(1004) " fcode="bitconcatenate"/>
<opset="tmp_5/6 "/>
</bind>
</comp>

<comp id="372" class="1004" name="sext_ln56_5_fu_372">
<pin_list>
<pin id="373" dir="0" index="0" bw="36" slack="0"/>
<pin id="374" dir="1" index="1" bw="50" slack="0"/>
</pin_list>
<bind>
<opcode="sext(35) " fcode="sext"/>
<opset="sext_ln56_5/6 "/>
</bind>
</comp>

<comp id="376" class="1004" name="add_ln56_2_fu_376">
<pin_list>
<pin id="377" dir="0" index="0" bw="50" slack="1"/>
<pin id="378" dir="0" index="1" bw="36" slack="0"/>
<pin id="379" dir="1" index="2" bw="50" slack="0"/>
</pin_list>
<bind>
<opcode="add(8) " fcode="add"/>
<opset="add_ln56_2/6 "/>
</bind>
</comp>

<comp id="381" class="1004" name="tmp_6_fu_381">
<pin_list>
<pin id="382" dir="0" index="0" bw="34" slack="0"/>
<pin id="383" dir="0" index="1" bw="32" slack="2"/>
<pin id="384" dir="0" index="2" bw="1" slack="0"/>
<pin id="385" dir="1" index="3" bw="34" slack="0"/>
</pin_list>
<bind>
<opcode="bitconcatenate(1004) " fcode="bitconcatenate"/>
<opset="tmp_6/6 "/>
</bind>
</comp>

<comp id="388" class="1004" name="sext_ln56_6_fu_388">
<pin_list>
<pin id="389" dir="0" index="0" bw="34" slack="0"/>
<pin id="390" dir="1" index="1" bw="50" slack="0"/>
</pin_list>
<bind>
<opcode="sext(35) " fcode="sext"/>
<opset="sext_ln56_6/6 "/>
</bind>
</comp>

<comp id="392" class="1004" name="t64_fu_392">
<pin_list>
<pin id="393" dir="0" index="0" bw="50" slack="0"/>
<pin id="394" dir="0" index="1" bw="34" slack="0"/>
<pin id="395" dir="1" index="2" bw="50" slack="0"/>
</pin_list>
<bind>
<opcode="add(8) " fcode="add"/>
<opset="t64/6 "/>
</bind>
</comp>

<comp id="398" class="1004" name="rem_fu_398">
<pin_list>
<pin id="399" dir="0" index="0" bw="12" slack="0"/>
<pin id="400" dir="0" index="1" bw="50" slack="0"/>
<pin id="401" dir="0" index="2" bw="6" slack="0"/>
<pin id="402" dir="0" index="3" bw="6" slack="0"/>
<pin id="403" dir="1" index="4" bw="12" slack="3"/>
</pin_list>
<bind>
<opcode="partselect(1002) " fcode="partselect"/>
<opset="rem/6 "/>
</bind>
</comp>

<comp id="408" class="1004" name="k_fu_408">
<pin_list>
<pin id="409" dir="0" index="0" bw="16" slack="0"/>
<pin id="410" dir="0" index="1" bw="50" slack="0"/>
<pin id="411" dir="0" index="2" bw="7" slack="0"/>
<pin id="412" dir="0" index="3" bw="7" slack="0"/>
<pin id="413" dir="1" index="4" bw="16" slack="4"/>
</pin_list>
<bind>
<opcode="partselect(1002) " fcode="partselect"/>
<opset="k/6 "/>
</bind>
</comp>

<comp id="418" class="1004" name="idx_fu_418">
<pin_list>
<pin id="419" dir="0" index="0" bw="4" slack="0"/>
<pin id="420" dir="0" index="1" bw="50" slack="0"/>
<pin id="421" dir="0" index="2" bw="6" slack="0"/>
<pin id="422" dir="0" index="3" bw="6" slack="0"/>
<pin id="423" dir="1" index="4" bw="4" slack="1"/>
</pin_list>
<bind>
<opcode="partselect(1002) " fcode="partselect"/>
<opset="idx/6 "/>
</bind>
</comp>

<comp id="428" class="1004" name="tmp_7_fu_428">
<pin_list>
<pin id="429" dir="0" index="0" bw="1" slack="0"/>
<pin id="430" dir="0" index="1" bw="50" slack="0"/>
<pin id="431" dir="0" index="2" bw="7" slack="0"/>
<pin id="432" dir="1" index="3" bw="1" slack="4"/>
</pin_list>
<bind>
<opcode="bitselect(1000) " fcode="bitselect"/>
<opset="tmp_7/6 "/>
</bind>
</comp>

<comp id="436" class="1004" name="tmp_8_fu_436">
<pin_list>
<pin id="437" dir="0" index="0" bw="12" slack="0"/>
<pin id="438" dir="0" index="1" bw="50" slack="0"/>
<pin id="439" dir="0" index="2" bw="7" slack="0"/>
<pin id="440" dir="0" index="3" bw="7" slack="0"/>
<pin id="441" dir="1" index="4" bw="12" slack="0"/>
</pin_list>
<bind>
<opcode="partselect(1002) " fcode="partselect"/>
<opset="tmp_8/6 "/>
</bind>
</comp>

<comp id="446" class="1004" name="icmp_ln80_fu_446">
<pin_list>
<pin id="447" dir="0" index="0" bw="12" slack="0"/>
<pin id="448" dir="0" index="1" bw="12" slack="0"/>
<pin id="449" dir="1" index="2" bw="1" slack="4"/>
</pin_list>
<bind>
<opcode="icmp(45) " fcode="icmp"/>
<opset="icmp_ln80/6 "/>
</bind>
</comp>

<comp id="452" class="1004" name="zext_ln67_1_fu_452">
<pin_list>
<pin id="453" dir="0" index="0" bw="4" slack="1"/>
<pin id="454" dir="1" index="1" bw="5" slack="0"/>
</pin_list>
<bind>
<opcode="zext(34) " fcode="zext"/>
<opset="zext_ln67_1/7 "/>
</bind>
</comp>

<comp id="455" class="1004" name="zext_ln67_fu_455">
<pin_list>
<pin id="456" dir="0" index="0" bw="4" slack="1"/>
<pin id="457" dir="1" index="1" bw="64" slack="0"/>
</pin_list>
<bind>
<opcode="zext(34) " fcode="zext"/>
<opset="zext_ln67/7 "/>
</bind>
</comp>

<comp id="459" class="1004" name="add_ln68_fu_459">
<pin_list>
<pin id="460" dir="0" index="0" bw="4" slack="0"/>
<pin id="461" dir="0" index="1" bw="1" slack="0"/>
<pin id="462" dir="1" index="2" bw="5" slack="0"/>
</pin_list>
<bind>
<opcode="add(8) " fcode="add"/>
<opset="add_ln68/7 "/>
</bind>
</comp>

<comp id="465" class="1004" name="zext_ln68_fu_465">
<pin_list>
<pin id="466" dir="0" index="0" bw="5" slack="0"/>
<pin id="467" dir="1" index="1" bw="64" slack="0"/>
</pin_list>
<bind>
<opcode="zext(34) " fcode="zext"/>
<opset="zext_ln68/7 "/>
</bind>
</comp>

<comp id="470" class="1004" name="dy_fu_470">
<pin_list>
<pin id="471" dir="0" index="0" bw="18" slack="0"/>
<pin id="472" dir="0" index="1" bw="18" slack="0"/>
<pin id="473" dir="1" index="2" bw="18" slack="1"/>
</pin_list>
<bind>
<opcode="sub(10) " fcode="sub"/>
<opset="dy/8 "/>
</bind>
</comp>

<comp id="476" class="1004" name="zext_ln67_2_fu_476">
<pin_list>
<pin id="477" dir="0" index="0" bw="18" slack="1"/>
<pin id="478" dir="1" index="1" bw="20" slack="0"/>
</pin_list>
<bind>
<opcode="zext(34) " fcode="zext"/>
<opset="zext_ln67_2/9 "/>
</bind>
</comp>

<comp id="479" class="1004" name="sext_ln72_fu_479">
<pin_list>
<pin id="480" dir="0" index="0" bw="18" slack="1"/>
<pin id="481" dir="1" index="1" bw="30" slack="0"/>
</pin_list>
<bind>
<opcode="sext(35) " fcode="sext"/>
<opset="sext_ln72/9 "/>
</bind>
</comp>

<comp id="482" class="1004" name="zext_ln72_fu_482">
<pin_list>
<pin id="483" dir="0" index="0" bw="12" slack="3"/>
<pin id="484" dir="1" index="1" bw="30" slack="0"/>
</pin_list>
<bind>
<opcode="zext(34) " fcode="zext"/>
<opset="zext_ln72/9 "/>
</bind>
</comp>

<comp id="485" class="1004" name="interp_fu_485">
<pin_list>
<pin id="486" dir="0" index="0" bw="18" slack="0"/>
<pin id="487" dir="0" index="1" bw="12" slack="0"/>
<pin id="488" dir="1" index="2" bw="30" slack="0"/>
</pin_list>
<bind>
<opcode="mul(12) " fcode="mul"/>
<opset="interp/9 "/>
</bind>
</comp>

<comp id="491" class="1004" name="trunc_ln3_fu_491">
<pin_list>
<pin id="492" dir="0" index="0" bw="18" slack="0"/>
<pin id="493" dir="0" index="1" bw="30" slack="0"/>
<pin id="494" dir="0" index="2" bw="5" slack="0"/>
<pin id="495" dir="0" index="3" bw="6" slack="0"/>
<pin id="496" dir="1" index="4" bw="18" slack="0"/>
</pin_list>
<bind>
<opcode="partselect(1002) " fcode="partselect"/>
<opset="trunc_ln3/9 "/>
</bind>
</comp>

<comp id="501" class="1004" name="sext_ln73_fu_501">
<pin_list>
<pin id="502" dir="0" index="0" bw="18" slack="0"/>
<pin id="503" dir="1" index="1" bw="20" slack="0"/>
</pin_list>
<bind>
<opcode="sext(35) " fcode="sext"/>
<opset="sext_ln73/9 "/>
</bind>
</comp>

<comp id="505" class="1004" name="y_frac_fu_505">
<pin_list>
<pin id="506" dir="0" index="0" bw="18" slack="0"/>
<pin id="507" dir="0" index="1" bw="18" slack="0"/>
<pin id="508" dir="1" index="2" bw="20" slack="1"/>
</pin_list>
<bind>
<opcode="add(8) " fcode="add"/>
<opset="y_frac/9 "/>
</bind>
</comp>

<comp id="511" class="1004" name="sext_ln73_1_fu_511">
<pin_list>
<pin id="512" dir="0" index="0" bw="20" slack="1"/>
<pin id="513" dir="1" index="1" bw="32" slack="0"/>
</pin_list>
<bind>
<opcode="sext(35) " fcode="sext"/>
<opset="sext_ln73_1/10 "/>
</bind>
</comp>

<comp id="514" class="1004" name="xor_ln78_fu_514">
<pin_list>
<pin id="515" dir="0" index="0" bw="1" slack="4"/>
<pin id="516" dir="0" index="1" bw="1" slack="0"/>
<pin id="517" dir="1" index="2" bw="1" slack="0"/>
</pin_list>
<bind>
<opcode="xor(25) " fcode="xor"/>
<opset="xor_ln78/10 "/>
</bind>
</comp>

<comp id="519" class="1004" name="sh_1_fu_519">
<pin_list>
<pin id="520" dir="0" index="0" bw="1" slack="4"/>
<pin id="521" dir="0" index="1" bw="16" slack="0"/>
<pin id="522" dir="0" index="2" bw="16" slack="4"/>
<pin id="523" dir="1" index="3" bw="16" slack="0"/>
</pin_list>
<bind>
<opcode="select(49) " fcode="select"/>
<opset="sh_1/10 "/>
</bind>
</comp>

<comp id="525" class="1004" name="zext_ln79_fu_525">
<pin_list>
<pin id="526" dir="0" index="0" bw="16" slack="0"/>
<pin id="527" dir="1" index="1" bw="32" slack="0"/>
</pin_list>
<bind>
<opcode="zext(34) " fcode="zext"/>
<opset="zext_ln79/10 "/>
</bind>
</comp>

<comp id="529" class="1004" name="y_2_fu_529">
<pin_list>
<pin id="530" dir="0" index="0" bw="20" slack="0"/>
<pin id="531" dir="0" index="1" bw="16" slack="0"/>
<pin id="532" dir="1" index="2" bw="32" slack="0"/>
</pin_list>
<bind>
<opcode="shl(20) " fcode="shl"/>
<opset="y_2/10 "/>
</bind>
</comp>

<comp id="535" class="1004" name="sext_ln83_fu_535">
<pin_list>
<pin id="536" dir="0" index="0" bw="16" slack="4"/>
<pin id="537" dir="1" index="1" bw="17" slack="0"/>
</pin_list>
<bind>
<opcode="sext(35) " fcode="sext"/>
<opset="sext_ln83/10 "/>
</bind>
</comp>

<comp id="538" class="1004" name="sh_2_fu_538">
<pin_list>
<pin id="539" dir="0" index="0" bw="1" slack="0"/>
<pin id="540" dir="0" index="1" bw="16" slack="0"/>
<pin id="541" dir="1" index="2" bw="17" slack="0"/>
</pin_list>
<bind>
<opcode="sub(10) " fcode="sub"/>
<opset="sh_2/10 "/>
</bind>
</comp>

<comp id="544" class="1004" name="zext_ln83_fu_544">
<pin_list>
<pin id="545" dir="0" index="0" bw="17" slack="0"/>
<pin id="546" dir="1" index="1" bw="32" slack="0"/>
</pin_list>
<bind>
<opcode="zext(34) " fcode="zext"/>
<opset="zext_ln83/10 "/>
</bind>
</comp>

<comp id="548" class="1004" name="tmp_9_fu_548">
<pin_list>
<pin id="549" dir="0" index="0" bw="12" slack="0"/>
<pin id="550" dir="0" index="1" bw="17" slack="0"/>
<pin id="551" dir="0" index="2" bw="4" slack="0"/>
<pin id="552" dir="0" index="3" bw="6" slack="0"/>
<pin id="553" dir="1" index="4" bw="12" slack="0"/>
</pin_list>
<bind>
<opcode="partselect(1002) " fcode="partselect"/>
<opset="tmp_9/10 "/>
</bind>
</comp>

<comp id="558" class="1004" name="icmp_ln84_fu_558">
<pin_list>
<pin id="559" dir="0" index="0" bw="12" slack="0"/>
<pin id="560" dir="0" index="1" bw="12" slack="0"/>
<pin id="561" dir="1" index="2" bw="1" slack="0"/>
</pin_list>
<bind>
<opcode="icmp(45) " fcode="icmp"/>
<opset="icmp_ln84/10 "/>
</bind>
</comp>

<comp id="564" class="1004" name="y_3_fu_564">
<pin_list>
<pin id="565" dir="0" index="0" bw="20" slack="0"/>
<pin id="566" dir="0" index="1" bw="17" slack="0"/>
<pin id="567" dir="1" index="2" bw="32" slack="0"/>
</pin_list>
<bind>
<opcode="lshr(21) " fcode="lshr"/>
<opset="y_3/10 "/>
</bind>
</comp>

<comp id="570" class="1004" name="and_ln84_fu_570">
<pin_list>
<pin id="571" dir="0" index="0" bw="1" slack="0"/>
<pin id="572" dir="0" index="1" bw="1" slack="4"/>
<pin id="573" dir="1" index="2" bw="1" slack="0"/>
</pin_list>
<bind>
<opcode="and(23) " fcode="and"/>
<opset="and_ln84/10 "/>
</bind>
</comp>

<comp id="575" class="1004" name="sel_tmp2_fu_575">
<pin_list>
<pin id="576" dir="0" index="0" bw="2" slack="0"/>
<pin id="577" dir="0" index="1" bw="1" slack="0"/>
<pin id="578" dir="0" index="2" bw="1" slack="0"/>
<pin id="579" dir="1" index="3" bw="2" slack="0"/>
</pin_list>
<bind>
<opcode="bitconcatenate(1004) " fcode="bitconcatenate"/>
<opset="sel_tmp2/10 "/>
</bind>
</comp>

<comp id="583" class="1004" name="y_fu_583">
<pin_list>
<pin id="584" dir="0" index="0" bw="32" slack="0"/>
<pin id="585" dir="0" index="1" bw="2" slack="0"/>
<pin id="586" dir="0" index="2" bw="32" slack="0"/>
<pin id="587" dir="0" index="3" bw="2" slack="0"/>
<pin id="588" dir="0" index="4" bw="32" slack="0"/>
<pin id="589" dir="0" index="5" bw="2" slack="0"/>
<pin id="590" dir="0" index="6" bw="32" slack="0"/>
<pin id="591" dir="0" index="7" bw="32" slack="0"/>
<pin id="592" dir="0" index="8" bw="2" slack="0"/>
<pin id="593" dir="1" index="9" bw="32" slack="1"/>
</pin_list>
<bind>
<opcode="sparsemux(1197) " fcode="sparsemux"/>
<opset="y/10 "/>
</bind>
</comp>

<comp id="603" class="1004" name="sum64_load_load_fu_603">
<pin_list>
<pin id="604" dir="0" index="0" bw="40" slack="10"/>
<pin id="605" dir="1" index="1" bw="40" slack="0"/>
</pin_list>
<bind>
<opcode="load(27) " fcode="load"/>
<opset="sum64_load/11 "/>
</bind>
</comp>

<comp id="606" class="1004" name="zext_ln188_fu_606">
<pin_list>
<pin id="607" dir="0" index="0" bw="9" slack="10"/>
<pin id="608" dir="1" index="1" bw="64" slack="0"/>
</pin_list>
<bind>
<opcode="zext(34) " fcode="zext"/>
<opset="zext_ln188/11 "/>
</bind>
</comp>

<comp id="610" class="1004" name="zext_ln194_fu_610">
<pin_list>
<pin id="611" dir="0" index="0" bw="32" slack="1"/>
<pin id="612" dir="1" index="1" bw="40" slack="0"/>
</pin_list>
<bind>
<opcode="zext(34) " fcode="zext"/>
<opset="zext_ln194/11 "/>
</bind>
</comp>

<comp id="613" class="1004" name="sum64_1_fu_613">
<pin_list>
<pin id="614" dir="0" index="0" bw="32" slack="0"/>
<pin id="615" dir="0" index="1" bw="40" slack="0"/>
<pin id="616" dir="1" index="2" bw="40" slack="0"/>
</pin_list>
<bind>
<opcode="add(8) " fcode="add"/>
<opset="sum64_1/11 "/>
</bind>
</comp>

<comp id="619" class="1004" name="store_ln187_store_fu_619">
<pin_list>
<pin id="620" dir="0" index="0" bw="40" slack="0"/>
<pin id="621" dir="0" index="1" bw="40" slack="10"/>
<pin id="622" dir="1" index="2" bw="0" slack="2147483647"/>
</pin_list>
<bind>
<opcode="store(28) " fcode="store"/>
<opset="store_ln187/11 "/>
</bind>
</comp>

<comp id="624" class="1004" name="sum64_load_1_load_fu_624">
<pin_list>
<pin id="625" dir="0" index="0" bw="40" slack="9"/>
<pin id="626" dir="1" index="1" bw="40" slack="0"/>
</pin_list>
<bind>
<opcode="load(27) " fcode="load"/>
<opset="sum64_load_1/10 "/>
</bind>
</comp>

<comp id="628" class="1005" name="sum64_reg_628">
<pin_list>
<pin id="629" dir="0" index="0" bw="40" slack="0"/>
<pin id="630" dir="1" index="1" bw="40" slack="0"/>
</pin_list>
<bind>
<opset="sum64 "/>
</bind>
</comp>

<comp id="636" class="1005" name="i_1_reg_636">
<pin_list>
<pin id="637" dir="0" index="0" bw="9" slack="0"/>
<pin id="638" dir="1" index="1" bw="9" slack="0"/>
</pin_list>
<bind>
<opset="i_1 "/>
</bind>
</comp>

<comp id="643" class="1005" name="max_x_1_reload_read_reg_643">
<pin_list>
<pin id="644" dir="0" index="0" bw="32" slack="2"/>
<pin id="645" dir="1" index="1" bw="32" slack="2"/>
</pin_list>
<bind>
<opset="max_x_1_reload_read "/>
</bind>
</comp>

<comp id="648" class="1005" name="sext_ln176_cast_reg_648">
<pin_list>
<pin id="649" dir="0" index="0" bw="64" slack="1"/>
<pin id="650" dir="1" index="1" bw="64" slack="1"/>
</pin_list>
<bind>
<opset="sext_ln176_cast "/>
</bind>
</comp>

<comp id="653" class="1005" name="i_reg_653">
<pin_list>
<pin id="654" dir="0" index="0" bw="9" slack="10"/>
<pin id="655" dir="1" index="1" bw="9" slack="10"/>
</pin_list>
<bind>
<opset="i "/>
</bind>
</comp>

<comp id="658" class="1005" name="icmp_ln188_reg_658">
<pin_list>
<pin id="659" dir="0" index="0" bw="1" slack="9"/>
<pin id="660" dir="1" index="1" bw="1" slack="2147483647"/>
</pin_list>
<bind>
<opset="icmp_ln188 "/>
</bind>
</comp>

<comp id="662" class="1005" name="xi_reg_662">
<pin_list>
<pin id="663" dir="0" index="0" bw="32" slack="1"/>
<pin id="664" dir="1" index="1" bw="32" slack="1"/>
</pin_list>
<bind>
<opset="xi "/>
</bind>
</comp>

<comp id="667" class="1005" name="x_reg_667">
<pin_list>
<pin id="668" dir="0" index="0" bw="32" slack="1"/>
<pin id="669" dir="1" index="1" bw="32" slack="1"/>
</pin_list>
<bind>
<opset="x "/>
</bind>
</comp>

<comp id="673" class="1005" name="x_q16_1_reg_673">
<pin_list>
<pin id="674" dir="0" index="0" bw="32" slack="1"/>
<pin id="675" dir="1" index="1" bw="32" slack="1"/>
</pin_list>
<bind>
<opset="x_q16_1 "/>
</bind>
</comp>

<comp id="681" class="1005" name="sub_ln56_1_reg_681">
<pin_list>
<pin id="682" dir="0" index="0" bw="50" slack="1"/>
<pin id="683" dir="1" index="1" bw="50" slack="1"/>
</pin_list>
<bind>
<opset="sub_ln56_1 "/>
</bind>
</comp>

<comp id="686" class="1005" name="add_ln56_1_reg_686">
<pin_list>
<pin id="687" dir="0" index="0" bw="50" slack="1"/>
<pin id="688" dir="1" index="1" bw="50" slack="1"/>
</pin_list>
<bind>
<opset="add_ln56_1 "/>
</bind>
</comp>

<comp id="691" class="1005" name="rem_reg_691">
<pin_list>
<pin id="692" dir="0" index="0" bw="12" slack="3"/>
<pin id="693" dir="1" index="1" bw="12" slack="3"/>
</pin_list>
<bind>
<opset="rem "/>
</bind>
</comp>

<comp id="696" class="1005" name="k_reg_696">
<pin_list>
<pin id="697" dir="0" index="0" bw="16" slack="4"/>
<pin id="698" dir="1" index="1" bw="16" slack="4"/>
</pin_list>
<bind>
<opset="k "/>
</bind>
</comp>

<comp id="702" class="1005" name="idx_reg_702">
<pin_list>
<pin id="703" dir="0" index="0" bw="4" slack="1"/>
<pin id="704" dir="1" index="1" bw="4" slack="1"/>
</pin_list>
<bind>
<opset="idx "/>
</bind>
</comp>

<comp id="708" class="1005" name="tmp_7_reg_708">
<pin_list>
<pin id="709" dir="0" index="0" bw="1" slack="4"/>
<pin id="710" dir="1" index="1" bw="1" slack="4"/>
</pin_list>
<bind>
<opset="tmp_7 "/>
</bind>
</comp>

<comp id="714" class="1005" name="icmp_ln80_reg_714">
<pin_list>
<pin id="715" dir="0" index="0" bw="1" slack="4"/>
<pin id="716" dir="1" index="1" bw="1" slack="4"/>
</pin_list>
<bind>
<opset="icmp_ln80 "/>
</bind>
</comp>

<comp id="719" class="1005" name="EXP2_PTS_Q16_addr_reg_719">
<pin_list>
<pin id="720" dir="0" index="0" bw="5" slack="1"/>
<pin id="721" dir="1" index="1" bw="5" slack="1"/>
</pin_list>
<bind>
<opset="EXP2_PTS_Q16_addr "/>
</bind>
</comp>

<comp id="724" class="1005" name="EXP2_PTS_Q16_addr_1_reg_724">
<pin_list>
<pin id="725" dir="0" index="0" bw="5" slack="1"/>
<pin id="726" dir="1" index="1" bw="5" slack="1"/>
</pin_list>
<bind>
<opset="EXP2_PTS_Q16_addr_1 "/>
</bind>
</comp>

<comp id="729" class="1005" name="y0_reg_729">
<pin_list>
<pin id="730" dir="0" index="0" bw="18" slack="1"/>
<pin id="731" dir="1" index="1" bw="18" slack="1"/>
</pin_list>
<bind>
<opset="y0 "/>
</bind>
</comp>

<comp id="734" class="1005" name="dy_reg_734">
<pin_list>
<pin id="735" dir="0" index="0" bw="18" slack="1"/>
<pin id="736" dir="1" index="1" bw="18" slack="1"/>
</pin_list>
<bind>
<opset="dy "/>
</bind>
</comp>

<comp id="739" class="1005" name="y_frac_reg_739">
<pin_list>
<pin id="740" dir="0" index="0" bw="20" slack="1"/>
<pin id="741" dir="1" index="1" bw="20" slack="1"/>
</pin_list>
<bind>
<opset="y_frac "/>
</bind>
</comp>

<comp id="744" class="1005" name="y_reg_744">
<pin_list>
<pin id="745" dir="0" index="0" bw="32" slack="1"/>
<pin id="746" dir="1" index="1" bw="32" slack="1"/>
</pin_list>
<bind>
<opset="y "/>
</bind>
</comp>

</comp_list>

<net_list>
<net id="155"><net_src comp="14" pin="0"/><net_sink comp="152" pin=0"/></net>

<net id="159"><net_src comp="14" pin="0"/><net_sink comp="156" pin=0"/></net>

<net id="164"><net_src comp="16" pin="0"/><net_sink comp="160" pin=0"/></net>

<net id="165"><net_src comp="6" pin="0"/><net_sink comp="160" pin=1"/></net>

<net id="170"><net_src comp="18" pin="0"/><net_sink comp="166" pin=0"/></net>

<net id="171"><net_src comp="4" pin="0"/><net_sink comp="166" pin=1"/></net>

<net id="176"><net_src comp="20" pin="0"/><net_sink comp="172" pin=0"/></net>

<net id="177"><net_src comp="2" pin="0"/><net_sink comp="172" pin=1"/></net>

<net id="183"><net_src comp="150" pin="0"/><net_sink comp="178" pin=0"/></net>

<net id="184"><net_src comp="10" pin="0"/><net_sink comp="178" pin=1"/></net>

<net id="190"><net_src comp="12" pin="0"/><net_sink comp="185" pin=0"/></net>

<net id="191"><net_src comp="116" pin="0"/><net_sink comp="185" pin=1"/></net>

<net id="201"><net_src comp="185" pin="3"/><net_sink comp="192" pin=2"/></net>

<net id="207"><net_src comp="12" pin="0"/><net_sink comp="202" pin=0"/></net>

<net id="208"><net_src comp="116" pin="0"/><net_sink comp="202" pin=1"/></net>

<net id="209"><net_src comp="202" pin="3"/><net_sink comp="192" pin=0"/></net>

<net id="215"><net_src comp="8" pin="0"/><net_sink comp="210" pin=0"/></net>

<net id="216"><net_src comp="116" pin="0"/><net_sink comp="210" pin=1"/></net>

<net id="222"><net_src comp="210" pin="3"/><net_sink comp="217" pin=0"/></net>

<net id="227"><net_src comp="64" pin="0"/><net_sink comp="223" pin=0"/></net>

<net id="231"><net_src comp="166" pin="2"/><net_sink comp="228" pin=0"/></net>

<net id="236"><net_src comp="48" pin="0"/><net_sink comp="232" pin=0"/></net>

<net id="241"><net_src comp="50" pin="0"/><net_sink comp="237" pin=0"/></net>

<net id="249"><net_src comp="242" pin="1"/><net_sink comp="245" pin=0"/></net>

<net id="250"><net_src comp="172" pin="2"/><net_sink comp="245" pin=1"/></net>

<net id="255"><net_src comp="242" pin="1"/><net_sink comp="251" pin=0"/></net>

<net id="256"><net_src comp="62" pin="0"/><net_sink comp="251" pin=1"/></net>

<net id="261"><net_src comp="251" pin="2"/><net_sink comp="257" pin=0"/></net>

<net id="266"><net_src comp="0" pin="0"/><net_sink comp="262" pin=0"/></net>

<net id="267"><net_src comp="262" pin="2"/><net_sink comp="223" pin=1"/></net>

<net id="276"><net_src comp="66" pin="0"/><net_sink comp="272" pin=1"/></net>

<net id="282"><net_src comp="272" pin="2"/><net_sink comp="277" pin=0"/></net>

<net id="283"><net_src comp="66" pin="0"/><net_sink comp="277" pin=1"/></net>

<net id="289"><net_src comp="68" pin="0"/><net_sink comp="284" pin=0"/></net>

<net id="290"><net_src comp="277" pin="3"/><net_sink comp="284" pin=1"/></net>

<net id="291"><net_src comp="70" pin="0"/><net_sink comp="284" pin=2"/></net>

<net id="295"><net_src comp="284" pin="3"/><net_sink comp="292" pin=0"/></net>

<net id="301"><net_src comp="72" pin="0"/><net_sink comp="296" pin=0"/></net>

<net id="302"><net_src comp="277" pin="3"/><net_sink comp="296" pin=1"/></net>

<net id="303"><net_src comp="74" pin="0"/><net_sink comp="296" pin=2"/></net>

<net id="307"><net_src comp="296" pin="3"/><net_sink comp="304" pin=0"/></net>

<net id="312"><net_src comp="292" pin="1"/><net_sink comp="308" pin=0"/></net>

<net id="313"><net_src comp="304" pin="1"/><net_sink comp="308" pin=1"/></net>

<net id="319"><net_src comp="76" pin="0"/><net_sink comp="314" pin=0"/></net>

<net id="320"><net_src comp="277" pin="3"/><net_sink comp="314" pin=1"/></net>

<net id="321"><net_src comp="78" pin="0"/><net_sink comp="314" pin=2"/></net>

<net id="325"><net_src comp="314" pin="3"/><net_sink comp="322" pin=0"/></net>

<net id="330"><net_src comp="308" pin="2"/><net_sink comp="326" pin=0"/></net>

<net id="331"><net_src comp="322" pin="1"/><net_sink comp="326" pin=1"/></net>

<net id="337"><net_src comp="80" pin="0"/><net_sink comp="332" pin=0"/></net>

<net id="338"><net_src comp="82" pin="0"/><net_sink comp="332" pin=2"/></net>

<net id="342"><net_src comp="332" pin="3"/><net_sink comp="339" pin=0"/></net>

<net id="347"><net_src comp="339" pin="1"/><net_sink comp="343" pin=1"/></net>

<net id="353"><net_src comp="84" pin="0"/><net_sink comp="348" pin=0"/></net>

<net id="354"><net_src comp="86" pin="0"/><net_sink comp="348" pin=2"/></net>

<net id="358"><net_src comp="348" pin="3"/><net_sink comp="355" pin=0"/></net>

<net id="363"><net_src comp="343" pin="2"/><net_sink comp="359" pin=0"/></net>

<net id="364"><net_src comp="355" pin="1"/><net_sink comp="359" pin=1"/></net>

<net id="370"><net_src comp="88" pin="0"/><net_sink comp="365" pin=0"/></net>

<net id="371"><net_src comp="90" pin="0"/><net_sink comp="365" pin=2"/></net>

<net id="375"><net_src comp="365" pin="3"/><net_sink comp="372" pin=0"/></net>

<net id="380"><net_src comp="372" pin="1"/><net_sink comp="376" pin=1"/></net>

<net id="386"><net_src comp="92" pin="0"/><net_sink comp="381" pin=0"/></net>

<net id="387"><net_src comp="94" pin="0"/><net_sink comp="381" pin=2"/></net>

<net id="391"><net_src comp="381" pin="3"/><net_sink comp="388" pin=0"/></net>

<net id="396"><net_src comp="376" pin="2"/><net_sink comp="392" pin=0"/></net>

<net id="397"><net_src comp="388" pin="1"/><net_sink comp="392" pin=1"/></net>

<net id="404"><net_src comp="96" pin="0"/><net_sink comp="398" pin=0"/></net>

<net id="405"><net_src comp="392" pin="2"/><net_sink comp="398" pin=1"/></net>

<net id="406"><net_src comp="44" pin="0"/><net_sink comp="398" pin=2"/></net>

<net id="407"><net_src comp="98" pin="0"/><net_sink comp="398" pin=3"/></net>

<net id="414"><net_src comp="100" pin="0"/><net_sink comp="408" pin=0"/></net>

<net id="415"><net_src comp="392" pin="2"/><net_sink comp="408" pin=1"/></net>

<net id="416"><net_src comp="102" pin="0"/><net_sink comp="408" pin=2"/></net>

<net id="417"><net_src comp="104" pin="0"/><net_sink comp="408" pin=3"/></net>

<net id="424"><net_src comp="106" pin="0"/><net_sink comp="418" pin=0"/></net>

<net id="425"><net_src comp="392" pin="2"/><net_sink comp="418" pin=1"/></net>

<net id="426"><net_src comp="108" pin="0"/><net_sink comp="418" pin=2"/></net>

<net id="427"><net_src comp="110" pin="0"/><net_sink comp="418" pin=3"/></net>

<net id="433"><net_src comp="112" pin="0"/><net_sink comp="428" pin=0"/></net>

<net id="434"><net_src comp="392" pin="2"/><net_sink comp="428" pin=1"/></net>

<net id="435"><net_src comp="104" pin="0"/><net_sink comp="428" pin=2"/></net>

<net id="442"><net_src comp="96" pin="0"/><net_sink comp="436" pin=0"/></net>

<net id="443"><net_src comp="392" pin="2"/><net_sink comp="436" pin=1"/></net>

<net id="444"><net_src comp="114" pin="0"/><net_sink comp="436" pin=2"/></net>

<net id="445"><net_src comp="104" pin="0"/><net_sink comp="436" pin=3"/></net>

<net id="450"><net_src comp="436" pin="4"/><net_sink comp="446" pin=0"/></net>

<net id="451"><net_src comp="78" pin="0"/><net_sink comp="446" pin=1"/></net>

<net id="458"><net_src comp="455" pin="1"/><net_sink comp="185" pin=2"/></net>

<net id="463"><net_src comp="452" pin="1"/><net_sink comp="459" pin=0"/></net>

<net id="464"><net_src comp="118" pin="0"/><net_sink comp="459" pin=1"/></net>

<net id="468"><net_src comp="459" pin="2"/><net_sink comp="465" pin=0"/></net>

<net id="469"><net_src comp="465" pin="1"/><net_sink comp="202" pin=2"/></net>

<net id="474"><net_src comp="192" pin="3"/><net_sink comp="470" pin=0"/></net>

<net id="475"><net_src comp="192" pin="7"/><net_sink comp="470" pin=1"/></net>

<net id="489"><net_src comp="479" pin="1"/><net_sink comp="485" pin=0"/></net>

<net id="490"><net_src comp="482" pin="1"/><net_sink comp="485" pin=1"/></net>

<net id="497"><net_src comp="120" pin="0"/><net_sink comp="491" pin=0"/></net>

<net id="498"><net_src comp="485" pin="2"/><net_sink comp="491" pin=1"/></net>

<net id="499"><net_src comp="122" pin="0"/><net_sink comp="491" pin=2"/></net>

<net id="500"><net_src comp="124" pin="0"/><net_sink comp="491" pin=3"/></net>

<net id="504"><net_src comp="491" pin="4"/><net_sink comp="501" pin=0"/></net>

<net id="509"><net_src comp="476" pin="1"/><net_sink comp="505" pin=0"/></net>

<net id="510"><net_src comp="501" pin="1"/><net_sink comp="505" pin=1"/></net>

<net id="518"><net_src comp="126" pin="0"/><net_sink comp="514" pin=1"/></net>

<net id="524"><net_src comp="128" pin="0"/><net_sink comp="519" pin=1"/></net>

<net id="528"><net_src comp="519" pin="3"/><net_sink comp="525" pin=0"/></net>

<net id="533"><net_src comp="511" pin="1"/><net_sink comp="529" pin=0"/></net>

<net id="534"><net_src comp="525" pin="1"/><net_sink comp="529" pin=1"/></net>

<net id="542"><net_src comp="70" pin="0"/><net_sink comp="538" pin=0"/></net>

<net id="543"><net_src comp="535" pin="1"/><net_sink comp="538" pin=1"/></net>

<net id="547"><net_src comp="538" pin="2"/><net_sink comp="544" pin=0"/></net>

<net id="554"><net_src comp="130" pin="0"/><net_sink comp="548" pin=0"/></net>

<net id="555"><net_src comp="538" pin="2"/><net_sink comp="548" pin=1"/></net>

<net id="556"><net_src comp="132" pin="0"/><net_sink comp="548" pin=2"/></net>

<net id="557"><net_src comp="44" pin="0"/><net_sink comp="548" pin=3"/></net>

<net id="562"><net_src comp="548" pin="4"/><net_sink comp="558" pin=0"/></net>

<net id="563"><net_src comp="78" pin="0"/><net_sink comp="558" pin=1"/></net>

<net id="568"><net_src comp="511" pin="1"/><net_sink comp="564" pin=0"/></net>

<net id="569"><net_src comp="544" pin="1"/><net_sink comp="564" pin=1"/></net>

<net id="574"><net_src comp="558" pin="2"/><net_sink comp="570" pin=0"/></net>

<net id="580"><net_src comp="134" pin="0"/><net_sink comp="575" pin=0"/></net>

<net id="581"><net_src comp="514" pin="2"/><net_sink comp="575" pin=1"/></net>

<net id="582"><net_src comp="570" pin="2"/><net_sink comp="575" pin=2"/></net>

<net id="594"><net_src comp="136" pin="0"/><net_sink comp="583" pin=0"/></net>

<net id="595"><net_src comp="138" pin="0"/><net_sink comp="583" pin=1"/></net>

<net id="596"><net_src comp="529" pin="2"/><net_sink comp="583" pin=2"/></net>

<net id="597"><net_src comp="140" pin="0"/><net_sink comp="583" pin=3"/></net>

<net id="598"><net_src comp="34" pin="0"/><net_sink comp="583" pin=4"/></net>

<net id="599"><net_src comp="94" pin="0"/><net_sink comp="583" pin=5"/></net>

<net id="600"><net_src comp="564" pin="2"/><net_sink comp="583" pin=6"/></net>

<net id="601"><net_src comp="142" pin="0"/><net_sink comp="583" pin=7"/></net>

<net id="602"><net_src comp="575" pin="3"/><net_sink comp="583" pin=8"/></net>

<net id="609"><net_src comp="606" pin="1"/><net_sink comp="210" pin=2"/></net>

<net id="617"><net_src comp="610" pin="1"/><net_sink comp="613" pin=0"/></net>

<net id="618"><net_src comp="603" pin="1"/><net_sink comp="613" pin=1"/></net>

<net id="623"><net_src comp="613" pin="2"/><net_sink comp="619" pin=0"/></net>

<net id="627"><net_src comp="624" pin="1"/><net_sink comp="178" pin=2"/></net>

<net id="631"><net_src comp="152" pin="1"/><net_sink comp="628" pin=0"/></net>

<net id="632"><net_src comp="628" pin="1"/><net_sink comp="237" pin=1"/></net>

<net id="633"><net_src comp="628" pin="1"/><net_sink comp="603" pin=0"/></net>

<net id="634"><net_src comp="628" pin="1"/><net_sink comp="619" pin=1"/></net>

<net id="635"><net_src comp="628" pin="1"/><net_sink comp="624" pin=0"/></net>

<net id="639"><net_src comp="156" pin="1"/><net_sink comp="636" pin=0"/></net>

<net id="640"><net_src comp="636" pin="1"/><net_sink comp="232" pin=1"/></net>

<net id="641"><net_src comp="636" pin="1"/><net_sink comp="242" pin=0"/></net>

<net id="642"><net_src comp="636" pin="1"/><net_sink comp="257" pin=1"/></net>

<net id="646"><net_src comp="160" pin="2"/><net_sink comp="643" pin=0"/></net>

<net id="647"><net_src comp="643" pin="1"/><net_sink comp="268" pin=1"/></net>

<net id="651"><net_src comp="228" pin="1"/><net_sink comp="648" pin=0"/></net>

<net id="652"><net_src comp="648" pin="1"/><net_sink comp="262" pin=1"/></net>

<net id="656"><net_src comp="242" pin="1"/><net_sink comp="653" pin=0"/></net>

<net id="657"><net_src comp="653" pin="1"/><net_sink comp="606" pin=0"/></net>

<net id="661"><net_src comp="245" pin="2"/><net_sink comp="658" pin=0"/></net>

<net id="665"><net_src comp="223" pin="2"/><net_sink comp="662" pin=0"/></net>

<net id="666"><net_src comp="662" pin="1"/><net_sink comp="268" pin=0"/></net>

<net id="670"><net_src comp="268" pin="2"/><net_sink comp="667" pin=0"/></net>

<net id="671"><net_src comp="667" pin="1"/><net_sink comp="272" pin=0"/></net>

<net id="672"><net_src comp="667" pin="1"/><net_sink comp="277" pin=2"/></net>

<net id="676"><net_src comp="277" pin="3"/><net_sink comp="673" pin=0"/></net>

<net id="677"><net_src comp="673" pin="1"/><net_sink comp="332" pin=1"/></net>

<net id="678"><net_src comp="673" pin="1"/><net_sink comp="348" pin=1"/></net>

<net id="679"><net_src comp="673" pin="1"/><net_sink comp="365" pin=1"/></net>

<net id="680"><net_src comp="673" pin="1"/><net_sink comp="381" pin=1"/></net>

<net id="684"><net_src comp="326" pin="2"/><net_sink comp="681" pin=0"/></net>

<net id="685"><net_src comp="681" pin="1"/><net_sink comp="343" pin=0"/></net>

<net id="689"><net_src comp="359" pin="2"/><net_sink comp="686" pin=0"/></net>

<net id="690"><net_src comp="686" pin="1"/><net_sink comp="376" pin=0"/></net>

<net id="694"><net_src comp="398" pin="4"/><net_sink comp="691" pin=0"/></net>

<net id="695"><net_src comp="691" pin="1"/><net_sink comp="482" pin=0"/></net>

<net id="699"><net_src comp="408" pin="4"/><net_sink comp="696" pin=0"/></net>

<net id="700"><net_src comp="696" pin="1"/><net_sink comp="519" pin=2"/></net>

<net id="701"><net_src comp="696" pin="1"/><net_sink comp="535" pin=0"/></net>

<net id="705"><net_src comp="418" pin="4"/><net_sink comp="702" pin=0"/></net>

<net id="706"><net_src comp="702" pin="1"/><net_sink comp="452" pin=0"/></net>

<net id="707"><net_src comp="702" pin="1"/><net_sink comp="455" pin=0"/></net>

<net id="711"><net_src comp="428" pin="3"/><net_sink comp="708" pin=0"/></net>

<net id="712"><net_src comp="708" pin="1"/><net_sink comp="514" pin=0"/></net>

<net id="713"><net_src comp="708" pin="1"/><net_sink comp="570" pin=1"/></net>

<net id="717"><net_src comp="446" pin="2"/><net_sink comp="714" pin=0"/></net>

<net id="718"><net_src comp="714" pin="1"/><net_sink comp="519" pin=0"/></net>

<net id="722"><net_src comp="185" pin="3"/><net_sink comp="719" pin=0"/></net>

<net id="723"><net_src comp="719" pin="1"/><net_sink comp="192" pin=2"/></net>

<net id="727"><net_src comp="202" pin="3"/><net_sink comp="724" pin=0"/></net>

<net id="728"><net_src comp="724" pin="1"/><net_sink comp="192" pin=0"/></net>

<net id="732"><net_src comp="192" pin="7"/><net_sink comp="729" pin=0"/></net>

<net id="733"><net_src comp="729" pin="1"/><net_sink comp="476" pin=0"/></net>

<net id="737"><net_src comp="470" pin="2"/><net_sink comp="734" pin=0"/></net>

<net id="738"><net_src comp="734" pin="1"/><net_sink comp="479" pin=0"/></net>

<net id="742"><net_src comp="505" pin="2"/><net_sink comp="739" pin=0"/></net>

<net id="743"><net_src comp="739" pin="1"/><net_sink comp="511" pin=0"/></net>

<net id="747"><net_src comp="583" pin="9"/><net_sink comp="744" pin=0"/></net>

<net id="748"><net_src comp="744" pin="1"/><net_sink comp="217" pin=1"/></net>

<net id="749"><net_src comp="744" pin="1"/><net_sink comp="610" pin=0"/></net>

</net_list>

</model> 
---------------- Datapath Model END ------------------

* FSMD analyzer results:
  - Output states:
	Port: gmem | {}
	Port: exp_buf | {11 }
	Port: sum64_out | {10 }
	Port: EXP2_PTS_Q16 | {}
 - Input state : 
	Port: softmax_accel_Pipeline_VITIS_LOOP_188_2 : gmem | {2 }
	Port: softmax_accel_Pipeline_VITIS_LOOP_188_2 : select_ln169 | {1 }
	Port: softmax_accel_Pipeline_VITIS_LOOP_188_2 : sext_ln176 | {1 }
	Port: softmax_accel_Pipeline_VITIS_LOOP_188_2 : max_x_1_reload | {1 }
	Port: softmax_accel_Pipeline_VITIS_LOOP_188_2 : EXP2_PTS_Q16 | {7 8 }
  - Chain level:
	State 1
		store_ln188 : 1
		store_ln187 : 1
		i : 1
		icmp_ln188 : 2
		add_ln188 : 2
		br_ln188 : 3
		store_ln188 : 3
	State 2
		xi : 1
	State 3
	State 4
		x_q16_1 : 1
		tmp : 2
		sext_ln56 : 3
		tmp_1 : 2
		sext_ln56_1 : 3
		sub_ln56 : 4
		tmp_2 : 2
		sext_ln56_2 : 3
		sub_ln56_1 : 5
	State 5
		sext_ln56_3 : 1
		add_ln56 : 2
		sext_ln56_4 : 1
		add_ln56_1 : 3
	State 6
		sext_ln56_5 : 1
		add_ln56_2 : 2
		sext_ln56_6 : 1
		t64 : 3
		rem : 4
		k : 4
		idx : 4
		tmp_7 : 4
		tmp_8 : 4
		icmp_ln80 : 5
	State 7
		EXP2_PTS_Q16_addr : 1
		y0 : 2
		add_ln68 : 1
		zext_ln68 : 2
		EXP2_PTS_Q16_addr_1 : 3
		y1 : 4
	State 8
		dy : 1
	State 9
		interp : 1
		trunc_ln3 : 2
		sext_ln73 : 3
		y_frac : 4
	State 10
		zext_ln79 : 1
		y_2 : 2
		sh_2 : 1
		zext_ln83 : 2
		tmp_9 : 2
		icmp_ln84 : 3
		y_3 : 3
		and_ln84 : 4
		sel_tmp2 : 4
		y : 5
		write_ln0 : 1
	State 11
		exp_buf_addr : 1
		store_ln193 : 2
		sum64_1 : 1
		store_ln187 : 2


============================================================
+ Verbose Summary: Datapath Resource usage 
============================================================

* Functional unit list:
|----------|---------------------------------|---------|---------|---------|
| Operation|         Functional Unit         |   DSP   |    FF   |   LUT   |
|----------|---------------------------------|---------|---------|---------|
|          |         add_ln188_fu_251        |    0    |    0    |    14   |
|          |         add_ln56_fu_343         |    0    |    0    |    50   |
|          |        add_ln56_1_fu_359        |    0    |    0    |    50   |
|    add   |        add_ln56_2_fu_376        |    0    |    0    |    50   |
|          |            t64_fu_392           |    0    |    0    |    50   |
|          |         add_ln68_fu_459         |    0    |    0    |    13   |
|          |          y_frac_fu_505          |    0    |    0    |    25   |
|          |          sum64_1_fu_613         |    0    |    0    |    47   |
|----------|---------------------------------|---------|---------|---------|
|          |             x_fu_268            |    0    |    0    |    39   |
|          |         sub_ln56_fu_308         |    0    |    0    |    49   |
|    sub   |        sub_ln56_1_fu_326        |    0    |    0    |    50   |
|          |            dy_fu_470            |    0    |    0    |    25   |
|          |           sh_2_fu_538           |    0    |    0    |    23   |
|----------|---------------------------------|---------|---------|---------|
|          |        icmp_ln188_fu_245        |    0    |    0    |    14   |
|   icmp   |         icmp_ln53_fu_272        |    0    |    0    |    39   |
|          |         icmp_ln80_fu_446        |    0    |    0    |    12   |
|          |         icmp_ln84_fu_558        |    0    |    0    |    12   |
|----------|---------------------------------|---------|---------|---------|
|    shl   |            y_2_fu_529           |    0    |    0    |    51   |
|----------|---------------------------------|---------|---------|---------|
|   lshr   |            y_3_fu_564           |    0    |    0    |    51   |
|----------|---------------------------------|---------|---------|---------|
|  select  |          x_q16_1_fu_277         |    0    |    0    |    32   |
|          |           sh_1_fu_519           |    0    |    0    |    16   |
|----------|---------------------------------|---------|---------|---------|
| sparsemux|             y_fu_583            |    0    |    0    |    9    |
|----------|---------------------------------|---------|---------|---------|
|    mul   |          interp_fu_485          |    1    |    0    |    6    |
|----------|---------------------------------|---------|---------|---------|
|    xor   |         xor_ln78_fu_514         |    0    |    0    |    2    |
|----------|---------------------------------|---------|---------|---------|
|    and   |         and_ln84_fu_570         |    0    |    0    |    2    |
|----------|---------------------------------|---------|---------|---------|
|          | max_x_1_reload_read_read_fu_160 |    0    |    0    |    0    |
|   read   |   sext_ln176_read_read_fu_166   |    0    |    0    |    0    |
|          |  select_ln169_read_read_fu_172  |    0    |    0    |    0    |
|          |          xi_read_fu_223         |    0    |    0    |    0    |
|----------|---------------------------------|---------|---------|---------|
|   write  |      write_ln0_write_fu_178     |    0    |    0    |    0    |
|----------|---------------------------------|---------|---------|---------|
|          |      sext_ln176_cast_fu_228     |    0    |    0    |    0    |
|          |         sext_ln56_fu_292        |    0    |    0    |    0    |
|          |        sext_ln56_1_fu_304       |    0    |    0    |    0    |
|          |        sext_ln56_2_fu_322       |    0    |    0    |    0    |
|          |        sext_ln56_3_fu_339       |    0    |    0    |    0    |
|   sext   |        sext_ln56_4_fu_355       |    0    |    0    |    0    |
|          |        sext_ln56_5_fu_372       |    0    |    0    |    0    |
|          |        sext_ln56_6_fu_388       |    0    |    0    |    0    |
|          |         sext_ln72_fu_479        |    0    |    0    |    0    |
|          |         sext_ln73_fu_501        |    0    |    0    |    0    |
|          |        sext_ln73_1_fu_511       |    0    |    0    |    0    |
|          |         sext_ln83_fu_535        |    0    |    0    |    0    |
|----------|---------------------------------|---------|---------|---------|
|          |            tmp_fu_284           |    0    |    0    |    0    |
|          |           tmp_1_fu_296          |    0    |    0    |    0    |
|          |           tmp_2_fu_314          |    0    |    0    |    0    |
|bitconcatenate|           tmp_3_fu_332          |    0    |    0    |    0    |
|          |           tmp_4_fu_348          |    0    |    0    |    0    |
|          |           tmp_5_fu_365          |    0    |    0    |    0    |
|          |           tmp_6_fu_381          |    0    |    0    |    0    |
|          |         sel_tmp2_fu_575         |    0    |    0    |    0    |
|----------|---------------------------------|---------|---------|---------|
|          |            rem_fu_398           |    0    |    0    |    0    |
|          |             k_fu_408            |    0    |    0    |    0    |
|partselect|            idx_fu_418           |    0    |    0    |    0    |
|          |           tmp_8_fu_436          |    0    |    0    |    0    |
|          |         trunc_ln3_fu_491        |    0    |    0    |    0    |
|          |           tmp_9_fu_548          |    0    |    0    |    0    |
|----------|---------------------------------|---------|---------|---------|
| bitselect|           tmp_7_fu_428          |    0    |    0    |    0    |
|----------|---------------------------------|---------|---------|---------|
|          |        zext_ln67_1_fu_452       |    0    |    0    |    0    |
|          |         zext_ln67_fu_455        |    0    |    0    |    0    |
|          |         zext_ln68_fu_465        |    0    |    0    |    0    |
|          |        zext_ln67_2_fu_476       |    0    |    0    |    0    |
|   zext   |         zext_ln72_fu_482        |    0    |    0    |    0    |
|          |         zext_ln79_fu_525        |    0    |    0    |    0    |
|          |         zext_ln83_fu_544        |    0    |    0    |    0    |
|          |        zext_ln188_fu_606        |    0    |    0    |    0    |
|          |        zext_ln194_fu_610        |    0    |    0    |    0    |
|----------|---------------------------------|---------|---------|---------|
|   Total  |                                 |    1    |    0    |   731   |
|----------|---------------------------------|---------|---------|---------|

Memories:
N/A

* Register list:
+---------------------------+--------+
|                           |   FF   |
+---------------------------+--------+
|EXP2_PTS_Q16_addr_1_reg_724|    5   |
| EXP2_PTS_Q16_addr_reg_719 |    5   |
|     add_ln56_1_reg_686    |   50   |
|         dy_reg_734        |   18   |
|        i_1_reg_636        |    9   |
|         i_reg_653         |    9   |
|     icmp_ln188_reg_658    |    1   |
|     icmp_ln80_reg_714     |    1   |
|        idx_reg_702        |    4   |
|         k_reg_696         |   16   |
|max_x_1_reload_read_reg_643|   32   |
|        rem_reg_691        |   12   |
|  sext_ln176_cast_reg_648  |   64   |
|     sub_ln56_1_reg_681    |   50   |
|       sum64_reg_628       |   40   |
|       tmp_7_reg_708       |    1   |
|      x_q16_1_reg_673      |   32   |
|         x_reg_667         |   32   |
|         xi_reg_662        |   32   |
|         y0_reg_729        |   18   |
|       y_frac_reg_739      |   20   |
|         y_reg_744         |   32   |
+---------------------------+--------+
|           Total           |   483  |
+---------------------------+--------+

* Multiplexer (MUX) list: 
|-------------------|------|------|------|--------||---------||---------||---------|
|        Comp       |  Pin | Size |  BW  | S x BW ||  Delay  ||    FF   ||   LUT   |
|-------------------|------|------|------|--------||---------||---------||---------|
| grp_access_fu_192 |  p0  |   2  |   5  |   10   ||    0    ||    9    |
| grp_access_fu_192 |  p2  |   2  |   0  |    0   ||    0    ||    9    |
|-------------------|------|------|------|--------||---------||---------||---------|
|       Total       |      |      |      |   10   ||  3.176  ||    0    ||    18   |
|-------------------|------|------|------|--------||---------||---------||---------|



* Summary:
+-----------+--------+--------+--------+--------+
|           |   DSP  |  Delay |   FF   |   LUT  |
+-----------+--------+--------+--------+--------+
|  Function |    1   |    -   |    0   |   731  |
|   Memory  |    -   |    -   |    -   |    -   |
|Multiplexer|    -   |    3   |    0   |   18   |
|  Register |    -   |    -   |   483  |    -   |
+-----------+--------+--------+--------+--------+
|   Total   |    1   |    3   |   483  |   749  |
+-----------+--------+--------+--------+--------+
