

================================================================
== Vitis HLS Report for 'softmax_accel'
================================================================
* Date:           Sat Feb 28 17:58:40 2026

* Version:        2025.1 (Build 6135595 on May 21 2025)
* Project:        Prometheus
* Solution:       hls (Vivado IP Flow Target)
* Product family: zynq
* Target device:  xc7z020-clg400-1


================================================================
== Performance Estimates
================================================================
+ Timing: 
    * Summary: 
    +--------+----------+----------+------------+
    |  Clock |  Target  | Estimated| Uncertainty|
    +--------+----------+----------+------------+
    |ap_clk  |  11.80 ns|  8.614 ns|     3.19 ns|
    +--------+----------+----------+------------+

+ Latency: 
    * Summary: 
    +---------+---------+-----------+----------+-----+-----+---------+
    |  Latency (cycles) |  Latency (absolute)  |  Interval | Pipeline|
    |   min   |   max   |    min    |    max   | min | max |   Type  |
    +---------+---------+-----------+----------+-----+-----+---------+
    |        1|      830|  11.800 ns|  9.794 us|    2|  831|       no|
    +---------+---------+-----------+----------+-----+-----+---------+

    + Detail: 
        * Instance: 
        N/A

        * Loop: 
        N/A

============================================================
+ Verbose Summary: Synthesis Manager
============================================================
InlineROM: 1
ExposeGlobal: 0
============================================================
+ Verbose Summary: CDFG Model
============================================================
IsTopModel: 1
ResetActiveHigh: 1
IsCombinational: 0
IsDatapathOnly: 0
HasWiredReturn: 1
HasMFsm: 0
HasVarLatency: 1
IsPipeline: 0
IsRtlPipelined: 0
IsInstanceOverlapped: 0
IsDontTouch: 0
HasImplIP: 0
IsGatedGlobalClock: 0


============================================================
+ Verbose Summary: Schedule
============================================================
* Number of FSM states : 44
* Pipeline : 0
* Dataflow Pipeline: 0

* FSM state transitions: 
1 --> 2 44 
2 --> 3 
3 --> 4 
4 --> 5 
5 --> 6 
6 --> 7 
7 --> 8 
8 --> 9 
9 --> 10 
10 --> 11 
11 --> 12 
12 --> 13 
13 --> 14 
14 --> 15 
15 --> 16 
16 --> 17 
17 --> 18 
18 --> 19 
19 --> 20 
20 --> 21 
21 --> 22 
22 --> 23 
23 --> 24 
24 --> 32 25 
25 --> 26 29 
26 --> 27 
27 --> 28 
28 --> 32 
29 --> 30 
30 --> 31 
31 --> 32 
32 --> 33 
33 --> 34 
34 --> 35 
35 --> 36 
36 --> 37 
37 --> 38 
38 --> 39 
39 --> 40 
40 --> 41 
41 --> 42 
42 --> 43 
43 --> 44 
44 --> 

* FSM state operations: 

State 1 <SV = 0> <Delay = 4.52>
ST_1 : Operation 45 [1/1] (1.00ns)   --->   "%n_read = read i32 @_ssdm_op_Read.s_axilite.i32, i32 %n"   --->   Operation 45 'read' 'n_read' <Predicate = true> <Delay = 1.00> <CoreInst = "s_axilite">   --->   Core 112 's_axilite' <Latency = 0> <II = 1> <Delay = 1.00> <Adapter> <Opcode : 'read' 'write'>
ST_1 : Operation 46 [1/1] (1.00ns)   --->   "%dbg_base_read = read i32 @_ssdm_op_Read.s_axilite.i32, i32 %dbg_base"   --->   Operation 46 'read' 'dbg_base_read' <Predicate = true> <Delay = 1.00> <CoreInst = "s_axilite">   --->   Core 112 's_axilite' <Latency = 0> <II = 1> <Delay = 1.00> <Adapter> <Opcode : 'read' 'write'>
ST_1 : Operation 47 [1/1] (1.00ns)   --->   "%prob_base_read = read i32 @_ssdm_op_Read.s_axilite.i32, i32 %prob_base"   --->   Operation 47 'read' 'prob_base_read' <Predicate = true> <Delay = 1.00> <CoreInst = "s_axilite">   --->   Core 112 's_axilite' <Latency = 0> <II = 1> <Delay = 1.00> <Adapter> <Opcode : 'read' 'write'>
ST_1 : Operation 48 [1/1] (1.00ns)   --->   "%input_base_read = read i32 @_ssdm_op_Read.s_axilite.i32, i32 %input_base"   --->   Operation 48 'read' 'input_base_read' <Predicate = true> <Delay = 1.00> <CoreInst = "s_axilite">   --->   Core 112 's_axilite' <Latency = 0> <II = 1> <Delay = 1.00> <Adapter> <Opcode : 'read' 'write'>
ST_1 : Operation 49 [1/1] (1.00ns)   --->   "%mem_read = read i64 @_ssdm_op_Read.s_axilite.i64, i64 %mem"   --->   Operation 49 'read' 'mem_read' <Predicate = true> <Delay = 1.00> <CoreInst = "s_axilite">   --->   Core 112 's_axilite' <Latency = 0> <II = 1> <Delay = 1.00> <Adapter> <Opcode : 'read' 'write'>
ST_1 : Operation 50 [1/1] (0.00ns)   --->   "%sum64_loc = alloca i64 1"   --->   Operation 50 'alloca' 'sum64_loc' <Predicate = true> <Delay = 0.00>
ST_1 : Operation 51 [1/1] (0.00ns)   --->   "%max_x_1_loc = alloca i64 1"   --->   Operation 51 'alloca' 'max_x_1_loc' <Predicate = true> <Delay = 0.00>
ST_1 : Operation 52 [1/1] (0.00ns)   --->   "%trunc_ln154 = trunc i32 %n_read" [softmax_accel_hls.cc:154]   --->   Operation 52 'trunc' 'trunc_ln154' <Predicate = true> <Delay = 0.00>
ST_1 : Operation 53 [1/1] (0.00ns)   --->   "%spectopmodule_ln154 = spectopmodule void @_ssdm_op_SpecTopModule, void @empty_5" [softmax_accel_hls.cc:154]   --->   Operation 53 'spectopmodule' 'spectopmodule_ln154' <Predicate = true> <Delay = 0.00>
ST_1 : Operation 54 [1/1] (0.00ns)   --->   "%specinterface_ln0 = specinterface void @_ssdm_op_SpecInterface, i32 %gmem, void @empty, i32 0, i32 0, void @empty_0, i32 0, i32 16384, void @empty_1, void @empty_2, void @empty_0, i32 16, i32 16, i32 16, i32 16, void @empty_0, void @empty_0, i32 4294967295, i32 0, i32 0"   --->   Operation 54 'specinterface' 'specinterface_ln0' <Predicate = true> <Delay = 0.00>
ST_1 : Operation 55 [1/1] (0.00ns)   --->   "%specbitsmap_ln0 = specbitsmap void @_ssdm_op_SpecBitsMap, i32 %gmem"   --->   Operation 55 'specbitsmap' 'specbitsmap_ln0' <Predicate = true> <Delay = 0.00>
ST_1 : Operation 56 [1/1] (0.00ns)   --->   "%specinterface_ln0 = specinterface void @_ssdm_op_SpecInterface, i64 %mem, void @empty_3, i32 4294967295, i32 4294967295, void @empty_4, i32 0, i32 0, void @empty_10, void @empty_14, void @empty_0, i32 0, i32 0, i32 0, i32 0, void @empty_0, void @empty_15, i32 4294967295, i32 0, i32 0"   --->   Operation 56 'specinterface' 'specinterface_ln0' <Predicate = true> <Delay = 0.00>
ST_1 : Operation 57 [1/1] (0.00ns)   --->   "%specinterface_ln0 = specinterface void @_ssdm_op_SpecInterface, i64 %mem, void @empty_16, i32 4294967295, i32 4294967295, void @empty_0, i32 0, i32 0, void @empty_0, void @empty_0, void @empty_0, i32 0, i32 0, i32 0, i32 0, void @empty_0, void @empty_15, i32 4294967295, i32 0, i32 0"   --->   Operation 57 'specinterface' 'specinterface_ln0' <Predicate = true> <Delay = 0.00>
ST_1 : Operation 58 [1/1] (0.00ns)   --->   "%specbitsmap_ln0 = specbitsmap void @_ssdm_op_SpecBitsMap, i32 %input_base"   --->   Operation 58 'specbitsmap' 'specbitsmap_ln0' <Predicate = true> <Delay = 0.00>
ST_1 : Operation 59 [1/1] (0.00ns)   --->   "%specinterface_ln0 = specinterface void @_ssdm_op_SpecInterface, i32 %input_base, void @empty_3, i32 4294967295, i32 4294967295, void @empty_4, i32 0, i32 0, void @empty_10, void @empty_6, void @empty_0, i32 0, i32 0, i32 0, i32 0, void @empty_0, void @empty_0, i32 4294967295, i32 0, i32 0"   --->   Operation 59 'specinterface' 'specinterface_ln0' <Predicate = true> <Delay = 0.00>
ST_1 : Operation 60 [1/1] (0.00ns)   --->   "%specinterface_ln0 = specinterface void @_ssdm_op_SpecInterface, i32 %input_base, void @empty_16, i32 4294967295, i32 4294967295, void @empty_0, i32 0, i32 0, void @empty_0, void @empty_0, void @empty_0, i32 0, i32 0, i32 0, i32 0, void @empty_0, void @empty_0, i32 4294967295, i32 0, i32 0"   --->   Operation 60 'specinterface' 'specinterface_ln0' <Predicate = true> <Delay = 0.00>
ST_1 : Operation 61 [1/1] (0.00ns)   --->   "%specbitsmap_ln0 = specbitsmap void @_ssdm_op_SpecBitsMap, i32 %prob_base"   --->   Operation 61 'specbitsmap' 'specbitsmap_ln0' <Predicate = true> <Delay = 0.00>
ST_1 : Operation 62 [1/1] (0.00ns)   --->   "%specinterface_ln0 = specinterface void @_ssdm_op_SpecInterface, i32 %prob_base, void @empty_3, i32 4294967295, i32 4294967295, void @empty_4, i32 0, i32 0, void @empty_10, void @empty_7, void @empty_0, i32 0, i32 0, i32 0, i32 0, void @empty_0, void @empty_0, i32 4294967295, i32 0, i32 0"   --->   Operation 62 'specinterface' 'specinterface_ln0' <Predicate = true> <Delay = 0.00>
ST_1 : Operation 63 [1/1] (0.00ns)   --->   "%specinterface_ln0 = specinterface void @_ssdm_op_SpecInterface, i32 %prob_base, void @empty_16, i32 4294967295, i32 4294967295, void @empty_0, i32 0, i32 0, void @empty_0, void @empty_0, void @empty_0, i32 0, i32 0, i32 0, i32 0, void @empty_0, void @empty_0, i32 4294967295, i32 0, i32 0"   --->   Operation 63 'specinterface' 'specinterface_ln0' <Predicate = true> <Delay = 0.00>
ST_1 : Operation 64 [1/1] (0.00ns)   --->   "%specbitsmap_ln0 = specbitsmap void @_ssdm_op_SpecBitsMap, i32 %dbg_base"   --->   Operation 64 'specbitsmap' 'specbitsmap_ln0' <Predicate = true> <Delay = 0.00>
ST_1 : Operation 65 [1/1] (0.00ns)   --->   "%specinterface_ln0 = specinterface void @_ssdm_op_SpecInterface, i32 %dbg_base, void @empty_3, i32 4294967295, i32 4294967295, void @empty_4, i32 0, i32 0, void @empty_10, void @empty_8, void @empty_0, i32 0, i32 0, i32 0, i32 0, void @empty_0, void @empty_0, i32 4294967295, i32 0, i32 0"   --->   Operation 65 'specinterface' 'specinterface_ln0' <Predicate = true> <Delay = 0.00>
ST_1 : Operation 66 [1/1] (0.00ns)   --->   "%specinterface_ln0 = specinterface void @_ssdm_op_SpecInterface, i32 %dbg_base, void @empty_16, i32 4294967295, i32 4294967295, void @empty_0, i32 0, i32 0, void @empty_0, void @empty_0, void @empty_0, i32 0, i32 0, i32 0, i32 0, void @empty_0, void @empty_0, i32 4294967295, i32 0, i32 0"   --->   Operation 66 'specinterface' 'specinterface_ln0' <Predicate = true> <Delay = 0.00>
ST_1 : Operation 67 [1/1] (0.00ns)   --->   "%specbitsmap_ln0 = specbitsmap void @_ssdm_op_SpecBitsMap, i32 %n"   --->   Operation 67 'specbitsmap' 'specbitsmap_ln0' <Predicate = true> <Delay = 0.00>
ST_1 : Operation 68 [1/1] (0.00ns)   --->   "%specinterface_ln0 = specinterface void @_ssdm_op_SpecInterface, i32 %n, void @empty_3, i32 4294967295, i32 4294967295, void @empty_4, i32 0, i32 0, void @empty_10, void @empty_9, void @empty_0, i32 0, i32 0, i32 0, i32 0, void @empty_0, void @empty_0, i32 4294967295, i32 0, i32 0"   --->   Operation 68 'specinterface' 'specinterface_ln0' <Predicate = true> <Delay = 0.00>
ST_1 : Operation 69 [1/1] (0.00ns)   --->   "%specinterface_ln0 = specinterface void @_ssdm_op_SpecInterface, i32 %n, void @empty_16, i32 4294967295, i32 4294967295, void @empty_0, i32 0, i32 0, void @empty_0, void @empty_0, void @empty_0, i32 0, i32 0, i32 0, i32 0, void @empty_0, void @empty_0, i32 4294967295, i32 0, i32 0"   --->   Operation 69 'specinterface' 'specinterface_ln0' <Predicate = true> <Delay = 0.00>
ST_1 : Operation 70 [1/1] (0.00ns)   --->   "%specinterface_ln0 = specinterface void @_ssdm_op_SpecInterface, i32 0, void @empty_3, i32 0, i32 0, void @empty_0, i32 0, i32 0, void @empty_10, void @empty_0, void @empty_0, i32 0, i32 0, i32 0, i32 0, void @empty_0, void @empty_0, i32 4294967295, i32 0, i32 0"   --->   Operation 70 'specinterface' 'specinterface_ln0' <Predicate = true> <Delay = 0.00>
ST_1 : Operation 71 [1/1] (0.00ns)   --->   "%exp_buf = alloca i64 1" [softmax_accel_hls.cc:184]   --->   Operation 71 'alloca' 'exp_buf' <Predicate = true> <Delay = 0.00> <CoreInst = "RAM_1P_BRAM">   --->   Core 87 'RAM_1P_BRAM' <Latency = 1> <II = 1> <Delay = 3.25> <Storage> <Opcode : 'load' 'store'> <Ports = 1> <Width = 32> <Depth = 256> <RAM>
ST_1 : Operation 72 [1/1] (2.55ns)   --->   "%icmp_ln168 = icmp_eq  i32 %n_read, i32 0" [softmax_accel_hls.cc:168]   --->   Operation 72 'icmp' 'icmp_ln168' <Predicate = true> <Delay = 2.55> <CoreInst = "Cmp">   --->   Core 9 'Cmp' <Latency = 0> <II = 1> <Delay = 2.55> <FuncUnit> <Opcode : 'seteq' 'setne' 'setle' 'setge' 'setlt' 'setgt'> <InPorts = 2> <OutPorts = 1>
ST_1 : Operation 73 [1/1] (0.00ns)   --->   "%br_ln168 = br i1 %icmp_ln168, void %if.end, void %return" [softmax_accel_hls.cc:168]   --->   Operation 73 'br' 'br_ln168' <Predicate = true> <Delay = 0.00>
ST_1 : Operation 74 [1/1] (2.55ns)   --->   "%icmp_ln169 = icmp_ugt  i32 %n_read, i32 256" [softmax_accel_hls.cc:169]   --->   Operation 74 'icmp' 'icmp_ln169' <Predicate = (!icmp_ln168)> <Delay = 2.55> <CoreInst = "Cmp">   --->   Core 9 'Cmp' <Latency = 0> <II = 1> <Delay = 2.55> <FuncUnit> <Opcode : 'seteq' 'setne' 'setle' 'setge' 'setlt' 'setgt'> <InPorts = 2> <OutPorts = 1>
ST_1 : Operation 75 [1/1] (0.00ns)   --->   "%tmp_s = partselect i30 @_ssdm_op_PartSelect.i30.i32.i32.i32, i32 %input_base_read, i32 2, i32 31" [softmax_accel_hls.cc:176]   --->   Operation 75 'partselect' 'tmp_s' <Predicate = (!icmp_ln168)> <Delay = 0.00>
ST_1 : Operation 76 [1/1] (0.00ns)   --->   "%and_ln = bitconcatenate i32 @_ssdm_op_BitConcatenate.i32.i30.i2, i30 %tmp_s, i2 0" [softmax_accel_hls.cc:176]   --->   Operation 76 'bitconcatenate' 'and_ln' <Predicate = (!icmp_ln168)> <Delay = 0.00>
ST_1 : Operation 77 [1/1] (0.00ns)   --->   "%zext_ln176 = zext i32 %and_ln" [softmax_accel_hls.cc:176]   --->   Operation 77 'zext' 'zext_ln176' <Predicate = (!icmp_ln168)> <Delay = 0.00>
ST_1 : Operation 78 [1/1] (3.52ns)   --->   "%add_ln176 = add i64 %zext_ln176, i64 %mem_read" [softmax_accel_hls.cc:176]   --->   Operation 78 'add' 'add_ln176' <Predicate = (!icmp_ln168)> <Delay = 3.52> <CoreInst = "Adder">   --->   Core 1 'Adder' <Latency = 0> <II = 1> <Delay = 3.52> <FuncUnit> <Opcode : 'add' 'sub'> <InPorts = 2> <OutPorts = 1>
ST_1 : Operation 79 [1/1] (0.00ns)   --->   "%trunc_ln1 = partselect i62 @_ssdm_op_PartSelect.i62.i64.i32.i32, i64 %add_ln176, i32 2, i32 63" [softmax_accel_hls.cc:176]   --->   Operation 79 'partselect' 'trunc_ln1' <Predicate = (!icmp_ln168)> <Delay = 0.00>
ST_1 : Operation 80 [1/1] (0.00ns)   --->   "%tmp_1 = partselect i30 @_ssdm_op_PartSelect.i30.i32.i32.i32, i32 %dbg_base_read, i32 2, i32 31" [softmax_accel_hls.cc:184]   --->   Operation 80 'partselect' 'tmp_1' <Predicate = (!icmp_ln168)> <Delay = 0.00>

State 2 <SV = 1> <Delay = 8.61>
ST_2 : Operation 81 [1/1] (0.96ns)   --->   "%select_ln169 = select i1 %icmp_ln169, i9 256, i9 %trunc_ln154" [softmax_accel_hls.cc:169]   --->   Operation 81 'select' 'select_ln169' <Predicate = true> <Delay = 0.96> <CoreInst = "Sel">   --->   Core 73 'Sel' <Latency = 0> <II = 1> <Delay = 0.96> <FuncUnit> <Opcode : 'select'> <InPorts = 3> <OutPorts = 1>
ST_2 : Operation 82 [1/1] (0.00ns)   --->   "%zext_ln176_1 = zext i32 %and_ln" [softmax_accel_hls.cc:176]   --->   Operation 82 'zext' 'zext_ln176_1' <Predicate = true> <Delay = 0.00>
ST_2 : Operation 83 [1/1] (0.00ns)   --->   "%sext_ln176 = sext i62 %trunc_ln1" [softmax_accel_hls.cc:176]   --->   Operation 83 'sext' 'sext_ln176' <Predicate = true> <Delay = 0.00>
ST_2 : Operation 84 [1/1] (0.00ns)   --->   "%gmem_addr = getelementptr i32 %gmem, i64 %sext_ln176" [softmax_accel_hls.cc:176]   --->   Operation 84 'getelementptr' 'gmem_addr' <Predicate = true> <Delay = 0.00>
ST_2 : Operation 85 [8/8] (8.61ns)   --->   "%max_x_req = readreq i1 @_ssdm_op_ReadReq.m_axi.i32P1A, i32 %gmem_addr, i64 1" [softmax_accel_hls.cc:176]   --->   Operation 85 'readreq' 'max_x_req' <Predicate = true> <Delay = 8.61> <CoreInst = "m_axi">   --->   Core 111 'm_axi' <Latency = 6> <II = 1> <Delay = 1.00> <Adapter> <Opcode : 'read' 'write' 'readreq' 'writereq' 'writeresp'>
ST_2 : Operation 86 [1/1] (0.00ns)   --->   "%tmp = partselect i8 @_ssdm_op_PartSelect.i8.i9.i32.i32, i9 %select_ln169, i32 1, i32 8" [softmax_accel_hls.cc:177]   --->   Operation 86 'partselect' 'tmp' <Predicate = true> <Delay = 0.00>
ST_2 : Operation 87 [1/1] (1.91ns)   --->   "%icmp_ln177 = icmp_ne  i8 %tmp, i8 0" [softmax_accel_hls.cc:177]   --->   Operation 87 'icmp' 'icmp_ln177' <Predicate = true> <Delay = 1.91> <CoreInst = "Cmp">   --->   Core 9 'Cmp' <Latency = 0> <II = 1> <Delay = 1.91> <FuncUnit> <Opcode : 'seteq' 'setne' 'setle' 'setge' 'setlt' 'setgt'> <InPorts = 2> <OutPorts = 1>
ST_2 : Operation 88 [1/1] (0.00ns)   --->   "%trunc_ln177 = trunc i9 %select_ln169" [softmax_accel_hls.cc:177]   --->   Operation 88 'trunc' 'trunc_ln177' <Predicate = true> <Delay = 0.00>
ST_2 : Operation 89 [1/1] (1.91ns)   --->   "%add_ln177 = add i8 %trunc_ln177, i8 255" [softmax_accel_hls.cc:177]   --->   Operation 89 'add' 'add_ln177' <Predicate = true> <Delay = 1.91> <CoreInst = "Adder">   --->   Core 1 'Adder' <Latency = 0> <II = 1> <Delay = 1.91> <FuncUnit> <Opcode : 'add' 'sub'> <InPorts = 2> <OutPorts = 1>
ST_2 : Operation 90 [1/1] (2.55ns)   --->   "%add_ln177_1 = add i33 %zext_ln176_1, i33 4" [softmax_accel_hls.cc:177]   --->   Operation 90 'add' 'add_ln177_1' <Predicate = true> <Delay = 2.55> <CoreInst = "Adder">   --->   Core 1 'Adder' <Latency = 0> <II = 1> <Delay = 2.55> <FuncUnit> <Opcode : 'add' 'sub'> <InPorts = 2> <OutPorts = 1>
ST_2 : Operation 91 [1/1] (0.00ns)   --->   "%zext_ln177 = zext i33 %add_ln177_1" [softmax_accel_hls.cc:177]   --->   Operation 91 'zext' 'zext_ln177' <Predicate = true> <Delay = 0.00>
ST_2 : Operation 92 [1/1] (3.52ns)   --->   "%add_ln177_2 = add i64 %zext_ln177, i64 %mem_read" [softmax_accel_hls.cc:177]   --->   Operation 92 'add' 'add_ln177_2' <Predicate = true> <Delay = 3.52> <CoreInst = "Adder">   --->   Core 1 'Adder' <Latency = 0> <II = 1> <Delay = 3.52> <FuncUnit> <Opcode : 'add' 'sub'> <InPorts = 2> <OutPorts = 1>
ST_2 : Operation 93 [1/1] (0.00ns)   --->   "%trunc_ln2 = partselect i62 @_ssdm_op_PartSelect.i62.i64.i32.i32, i64 %add_ln177_2, i32 2, i32 63" [softmax_accel_hls.cc:177]   --->   Operation 93 'partselect' 'trunc_ln2' <Predicate = true> <Delay = 0.00>
ST_2 : Operation 94 [1/1] (1.24ns)   --->   "%empty = select i1 %icmp_ln177, i8 %add_ln177, i8 0" [softmax_accel_hls.cc:177]   --->   Operation 94 'select' 'empty' <Predicate = true> <Delay = 1.24> <CoreInst = "Sel">   --->   Core 73 'Sel' <Latency = 0> <II = 1> <Delay = 1.24> <FuncUnit> <Opcode : 'select'> <InPorts = 3> <OutPorts = 1>

State 3 <SV = 2> <Delay = 8.61>
ST_3 : Operation 95 [7/8] (8.61ns)   --->   "%max_x_req = readreq i1 @_ssdm_op_ReadReq.m_axi.i32P1A, i32 %gmem_addr, i64 1" [softmax_accel_hls.cc:176]   --->   Operation 95 'readreq' 'max_x_req' <Predicate = true> <Delay = 8.61> <CoreInst = "m_axi">   --->   Core 111 'm_axi' <Latency = 6> <II = 1> <Delay = 1.00> <Adapter> <Opcode : 'read' 'write' 'readreq' 'writereq' 'writeresp'>
ST_3 : Operation 96 [1/1] (0.00ns)   --->   "%sext_ln177 = sext i62 %trunc_ln2" [softmax_accel_hls.cc:177]   --->   Operation 96 'sext' 'sext_ln177' <Predicate = true> <Delay = 0.00>
ST_3 : Operation 97 [1/1] (0.00ns)   --->   "%gmem_addr_1 = getelementptr i32 %gmem, i64 %sext_ln177" [softmax_accel_hls.cc:177]   --->   Operation 97 'getelementptr' 'gmem_addr_1' <Predicate = true> <Delay = 0.00>
ST_3 : Operation 98 [1/1] (0.00ns)   --->   "%zext_ln177_1 = zext i8 %empty" [softmax_accel_hls.cc:177]   --->   Operation 98 'zext' 'zext_ln177_1' <Predicate = true> <Delay = 0.00>
ST_3 : Operation 99 [8/8] (8.61ns)   --->   "%empty_36 = readreq i1 @_ssdm_op_ReadReq.m_axi.p1i32, i32 %gmem_addr_1, i64 %zext_ln177_1" [softmax_accel_hls.cc:177]   --->   Operation 99 'readreq' 'empty_36' <Predicate = true> <Delay = 8.61> <CoreInst = "m_axi">   --->   Core 111 'm_axi' <Latency = 6> <II = 1> <Delay = 1.00> <Adapter> <Opcode : 'read' 'write' 'readreq' 'writereq' 'writeresp'>

State 4 <SV = 3> <Delay = 8.61>
ST_4 : Operation 100 [6/8] (8.61ns)   --->   "%max_x_req = readreq i1 @_ssdm_op_ReadReq.m_axi.i32P1A, i32 %gmem_addr, i64 1" [softmax_accel_hls.cc:176]   --->   Operation 100 'readreq' 'max_x_req' <Predicate = true> <Delay = 8.61> <CoreInst = "m_axi">   --->   Core 111 'm_axi' <Latency = 6> <II = 1> <Delay = 1.00> <Adapter> <Opcode : 'read' 'write' 'readreq' 'writereq' 'writeresp'>
ST_4 : Operation 101 [7/8] (8.61ns)   --->   "%empty_36 = readreq i1 @_ssdm_op_ReadReq.m_axi.p1i32, i32 %gmem_addr_1, i64 %zext_ln177_1" [softmax_accel_hls.cc:177]   --->   Operation 101 'readreq' 'empty_36' <Predicate = true> <Delay = 8.61> <CoreInst = "m_axi">   --->   Core 111 'm_axi' <Latency = 6> <II = 1> <Delay = 1.00> <Adapter> <Opcode : 'read' 'write' 'readreq' 'writereq' 'writeresp'>

State 5 <SV = 4> <Delay = 8.61>
ST_5 : Operation 102 [5/8] (8.61ns)   --->   "%max_x_req = readreq i1 @_ssdm_op_ReadReq.m_axi.i32P1A, i32 %gmem_addr, i64 1" [softmax_accel_hls.cc:176]   --->   Operation 102 'readreq' 'max_x_req' <Predicate = true> <Delay = 8.61> <CoreInst = "m_axi">   --->   Core 111 'm_axi' <Latency = 6> <II = 1> <Delay = 1.00> <Adapter> <Opcode : 'read' 'write' 'readreq' 'writereq' 'writeresp'>
ST_5 : Operation 103 [6/8] (8.61ns)   --->   "%empty_36 = readreq i1 @_ssdm_op_ReadReq.m_axi.p1i32, i32 %gmem_addr_1, i64 %zext_ln177_1" [softmax_accel_hls.cc:177]   --->   Operation 103 'readreq' 'empty_36' <Predicate = true> <Delay = 8.61> <CoreInst = "m_axi">   --->   Core 111 'm_axi' <Latency = 6> <II = 1> <Delay = 1.00> <Adapter> <Opcode : 'read' 'write' 'readreq' 'writereq' 'writeresp'>

State 6 <SV = 5> <Delay = 8.61>
ST_6 : Operation 104 [4/8] (8.61ns)   --->   "%max_x_req = readreq i1 @_ssdm_op_ReadReq.m_axi.i32P1A, i32 %gmem_addr, i64 1" [softmax_accel_hls.cc:176]   --->   Operation 104 'readreq' 'max_x_req' <Predicate = true> <Delay = 8.61> <CoreInst = "m_axi">   --->   Core 111 'm_axi' <Latency = 6> <II = 1> <Delay = 1.00> <Adapter> <Opcode : 'read' 'write' 'readreq' 'writereq' 'writeresp'>
ST_6 : Operation 105 [5/8] (8.61ns)   --->   "%empty_36 = readreq i1 @_ssdm_op_ReadReq.m_axi.p1i32, i32 %gmem_addr_1, i64 %zext_ln177_1" [softmax_accel_hls.cc:177]   --->   Operation 105 'readreq' 'empty_36' <Predicate = true> <Delay = 8.61> <CoreInst = "m_axi">   --->   Core 111 'm_axi' <Latency = 6> <II = 1> <Delay = 1.00> <Adapter> <Opcode : 'read' 'write' 'readreq' 'writereq' 'writeresp'>

State 7 <SV = 6> <Delay = 8.61>
ST_7 : Operation 106 [3/8] (8.61ns)   --->   "%max_x_req = readreq i1 @_ssdm_op_ReadReq.m_axi.i32P1A, i32 %gmem_addr, i64 1" [softmax_accel_hls.cc:176]   --->   Operation 106 'readreq' 'max_x_req' <Predicate = true> <Delay = 8.61> <CoreInst = "m_axi">   --->   Core 111 'm_axi' <Latency = 6> <II = 1> <Delay = 1.00> <Adapter> <Opcode : 'read' 'write' 'readreq' 'writereq' 'writeresp'>
ST_7 : Operation 107 [4/8] (8.61ns)   --->   "%empty_36 = readreq i1 @_ssdm_op_ReadReq.m_axi.p1i32, i32 %gmem_addr_1, i64 %zext_ln177_1" [softmax_accel_hls.cc:177]   --->   Operation 107 'readreq' 'empty_36' <Predicate = true> <Delay = 8.61> <CoreInst = "m_axi">   --->   Core 111 'm_axi' <Latency = 6> <II = 1> <Delay = 1.00> <Adapter> <Opcode : 'read' 'write' 'readreq' 'writereq' 'writeresp'>

State 8 <SV = 7> <Delay = 8.61>
ST_8 : Operation 108 [2/8] (8.61ns)   --->   "%max_x_req = readreq i1 @_ssdm_op_ReadReq.m_axi.i32P1A, i32 %gmem_addr, i64 1" [softmax_accel_hls.cc:176]   --->   Operation 108 'readreq' 'max_x_req' <Predicate = true> <Delay = 8.61> <CoreInst = "m_axi">   --->   Core 111 'm_axi' <Latency = 6> <II = 1> <Delay = 1.00> <Adapter> <Opcode : 'read' 'write' 'readreq' 'writereq' 'writeresp'>
ST_8 : Operation 109 [3/8] (8.61ns)   --->   "%empty_36 = readreq i1 @_ssdm_op_ReadReq.m_axi.p1i32, i32 %gmem_addr_1, i64 %zext_ln177_1" [softmax_accel_hls.cc:177]   --->   Operation 109 'readreq' 'empty_36' <Predicate = true> <Delay = 8.61> <CoreInst = "m_axi">   --->   Core 111 'm_axi' <Latency = 6> <II = 1> <Delay = 1.00> <Adapter> <Opcode : 'read' 'write' 'readreq' 'writereq' 'writeresp'>

State 9 <SV = 8> <Delay = 8.61>
ST_9 : Operation 110 [1/8] (8.61ns)   --->   "%max_x_req = readreq i1 @_ssdm_op_ReadReq.m_axi.i32P1A, i32 %gmem_addr, i64 1" [softmax_accel_hls.cc:176]   --->   Operation 110 'readreq' 'max_x_req' <Predicate = true> <Delay = 8.61> <CoreInst = "m_axi">   --->   Core 111 'm_axi' <Latency = 6> <II = 1> <Delay = 1.00> <Adapter> <Opcode : 'read' 'write' 'readreq' 'writereq' 'writeresp'>
ST_9 : Operation 111 [2/8] (8.61ns)   --->   "%empty_36 = readreq i1 @_ssdm_op_ReadReq.m_axi.p1i32, i32 %gmem_addr_1, i64 %zext_ln177_1" [softmax_accel_hls.cc:177]   --->   Operation 111 'readreq' 'empty_36' <Predicate = true> <Delay = 8.61> <CoreInst = "m_axi">   --->   Core 111 'm_axi' <Latency = 6> <II = 1> <Delay = 1.00> <Adapter> <Opcode : 'read' 'write' 'readreq' 'writereq' 'writeresp'>

State 10 <SV = 9> <Delay = 8.61>
ST_10 : Operation 112 [1/1] (8.61ns)   --->   "%max_x = read i32 @_ssdm_op_Read.m_axi.i32P1A, i32 %gmem_addr" [softmax_accel_hls.cc:176]   --->   Operation 112 'read' 'max_x' <Predicate = true> <Delay = 8.61> <CoreInst = "m_axi">   --->   Core 111 'm_axi' <Latency = 3> <II = 1> <Delay = 1.00> <Adapter> <Opcode : 'read' 'write' 'readreq' 'writereq' 'writeresp'>
ST_10 : Operation 113 [1/8] (8.61ns)   --->   "%empty_36 = readreq i1 @_ssdm_op_ReadReq.m_axi.p1i32, i32 %gmem_addr_1, i64 %zext_ln177_1" [softmax_accel_hls.cc:177]   --->   Operation 113 'readreq' 'empty_36' <Predicate = true> <Delay = 8.61> <CoreInst = "m_axi">   --->   Core 111 'm_axi' <Latency = 6> <II = 1> <Delay = 1.00> <Adapter> <Opcode : 'read' 'write' 'readreq' 'writereq' 'writeresp'>

State 11 <SV = 10> <Delay = 3.41>
ST_11 : Operation 114 [2/2] (3.41ns)   --->   "%call_ln176 = call void @softmax_accel_Pipeline_VITIS_LOOP_177_1, i32 %max_x, i32 %gmem, i9 %select_ln169, i62 %trunc_ln2, i32 %max_x_1_loc" [softmax_accel_hls.cc:176]   --->   Operation 114 'call' 'call_ln176' <Predicate = true> <Delay = 3.41> <CoreType = "Generic">   --->   Generic Core

State 12 <SV = 11> <Delay = 0.96>
ST_12 : Operation 115 [1/2] (0.00ns)   --->   "%call_ln176 = call void @softmax_accel_Pipeline_VITIS_LOOP_177_1, i32 %max_x, i32 %gmem, i9 %select_ln169, i62 %trunc_ln2, i32 %max_x_1_loc" [softmax_accel_hls.cc:176]   --->   Operation 115 'call' 'call_ln176' <Predicate = true> <Delay = 0.00> <CoreType = "Generic">   --->   Generic Core
ST_12 : Operation 116 [1/1] (0.96ns)   --->   "%select_ln188 = select i1 %icmp_ln177, i9 %select_ln169, i9 1" [softmax_accel_hls.cc:188]   --->   Operation 116 'select' 'select_ln188' <Predicate = true> <Delay = 0.96> <CoreInst = "Sel">   --->   Core 73 'Sel' <Latency = 0> <II = 1> <Delay = 0.96> <FuncUnit> <Opcode : 'select'> <InPorts = 3> <OutPorts = 1>

State 13 <SV = 12> <Delay = 8.61>
ST_13 : Operation 117 [1/1] (0.00ns)   --->   "%zext_ln188 = zext i9 %select_ln188" [softmax_accel_hls.cc:188]   --->   Operation 117 'zext' 'zext_ln188' <Predicate = true> <Delay = 0.00>
ST_13 : Operation 118 [8/8] (8.61ns)   --->   "%empty_37 = readreq i1 @_ssdm_op_ReadReq.m_axi.p1i32, i32 %gmem_addr, i64 %zext_ln188" [softmax_accel_hls.cc:188]   --->   Operation 118 'readreq' 'empty_37' <Predicate = true> <Delay = 8.61> <CoreInst = "m_axi">   --->   Core 111 'm_axi' <Latency = 6> <II = 1> <Delay = 1.00> <Adapter> <Opcode : 'read' 'write' 'readreq' 'writereq' 'writeresp'>

State 14 <SV = 13> <Delay = 8.61>
ST_14 : Operation 119 [7/8] (8.61ns)   --->   "%empty_37 = readreq i1 @_ssdm_op_ReadReq.m_axi.p1i32, i32 %gmem_addr, i64 %zext_ln188" [softmax_accel_hls.cc:188]   --->   Operation 119 'readreq' 'empty_37' <Predicate = true> <Delay = 8.61> <CoreInst = "m_axi">   --->   Core 111 'm_axi' <Latency = 6> <II = 1> <Delay = 1.00> <Adapter> <Opcode : 'read' 'write' 'readreq' 'writereq' 'writeresp'>

State 15 <SV = 14> <Delay = 8.61>
ST_15 : Operation 120 [6/8] (8.61ns)   --->   "%empty_37 = readreq i1 @_ssdm_op_ReadReq.m_axi.p1i32, i32 %gmem_addr, i64 %zext_ln188" [softmax_accel_hls.cc:188]   --->   Operation 120 'readreq' 'empty_37' <Predicate = true> <Delay = 8.61> <CoreInst = "m_axi">   --->   Core 111 'm_axi' <Latency = 6> <II = 1> <Delay = 1.00> <Adapter> <Opcode : 'read' 'write' 'readreq' 'writereq' 'writeresp'>

State 16 <SV = 15> <Delay = 8.61>
ST_16 : Operation 121 [5/8] (8.61ns)   --->   "%empty_37 = readreq i1 @_ssdm_op_ReadReq.m_axi.p1i32, i32 %gmem_addr, i64 %zext_ln188" [softmax_accel_hls.cc:188]   --->   Operation 121 'readreq' 'empty_37' <Predicate = true> <Delay = 8.61> <CoreInst = "m_axi">   --->   Core 111 'm_axi' <Latency = 6> <II = 1> <Delay = 1.00> <Adapter> <Opcode : 'read' 'write' 'readreq' 'writereq' 'writeresp'>

State 17 <SV = 16> <Delay = 8.61>
ST_17 : Operation 122 [4/8] (8.61ns)   --->   "%empty_37 = readreq i1 @_ssdm_op_ReadReq.m_axi.p1i32, i32 %gmem_addr, i64 %zext_ln188" [softmax_accel_hls.cc:188]   --->   Operation 122 'readreq' 'empty_37' <Predicate = true> <Delay = 8.61> <CoreInst = "m_axi">   --->   Core 111 'm_axi' <Latency = 6> <II = 1> <Delay = 1.00> <Adapter> <Opcode : 'read' 'write' 'readreq' 'writereq' 'writeresp'>

State 18 <SV = 17> <Delay = 8.61>
ST_18 : Operation 123 [3/8] (8.61ns)   --->   "%empty_37 = readreq i1 @_ssdm_op_ReadReq.m_axi.p1i32, i32 %gmem_addr, i64 %zext_ln188" [softmax_accel_hls.cc:188]   --->   Operation 123 'readreq' 'empty_37' <Predicate = true> <Delay = 8.61> <CoreInst = "m_axi">   --->   Core 111 'm_axi' <Latency = 6> <II = 1> <Delay = 1.00> <Adapter> <Opcode : 'read' 'write' 'readreq' 'writereq' 'writeresp'>

State 19 <SV = 18> <Delay = 8.61>
ST_19 : Operation 124 [2/8] (8.61ns)   --->   "%empty_37 = readreq i1 @_ssdm_op_ReadReq.m_axi.p1i32, i32 %gmem_addr, i64 %zext_ln188" [softmax_accel_hls.cc:188]   --->   Operation 124 'readreq' 'empty_37' <Predicate = true> <Delay = 8.61> <CoreInst = "m_axi">   --->   Core 111 'm_axi' <Latency = 6> <II = 1> <Delay = 1.00> <Adapter> <Opcode : 'read' 'write' 'readreq' 'writereq' 'writeresp'>

State 20 <SV = 19> <Delay = 8.61>
ST_20 : Operation 125 [1/8] (8.61ns)   --->   "%empty_37 = readreq i1 @_ssdm_op_ReadReq.m_axi.p1i32, i32 %gmem_addr, i64 %zext_ln188" [softmax_accel_hls.cc:188]   --->   Operation 125 'readreq' 'empty_37' <Predicate = true> <Delay = 8.61> <CoreInst = "m_axi">   --->   Core 111 'm_axi' <Latency = 6> <II = 1> <Delay = 1.00> <Adapter> <Opcode : 'read' 'write' 'readreq' 'writereq' 'writeresp'>

State 21 <SV = 20> <Delay = 3.41>
ST_21 : Operation 126 [1/1] (0.00ns)   --->   "%max_x_1_loc_load = load i32 %max_x_1_loc"   --->   Operation 126 'load' 'max_x_1_loc_load' <Predicate = true> <Delay = 0.00>
ST_21 : Operation 127 [2/2] (3.41ns)   --->   "%call_ln169 = call void @softmax_accel_Pipeline_VITIS_LOOP_188_2, i32 %gmem, i9 %select_ln169, i62 %trunc_ln1, i32 %max_x_1_loc_load, i32 %exp_buf, i40 %sum64_loc, i18 %EXP2_PTS_Q16" [softmax_accel_hls.cc:169]   --->   Operation 127 'call' 'call_ln169' <Predicate = true> <Delay = 3.41> <CoreType = "Generic">   --->   Generic Core

State 22 <SV = 21> <Delay = 0.00>
ST_22 : Operation 128 [1/2] (0.00ns)   --->   "%call_ln169 = call void @softmax_accel_Pipeline_VITIS_LOOP_188_2, i32 %gmem, i9 %select_ln169, i62 %trunc_ln1, i32 %max_x_1_loc_load, i32 %exp_buf, i40 %sum64_loc, i18 %EXP2_PTS_Q16" [softmax_accel_hls.cc:169]   --->   Operation 128 'call' 'call_ln169' <Predicate = true> <Delay = 0.00> <CoreType = "Generic">   --->   Generic Core

State 23 <SV = 22> <Delay = 3.57>
ST_23 : Operation 129 [1/1] (0.00ns)   --->   "%sum64_loc_load = load i40 %sum64_loc"   --->   Operation 129 'load' 'sum64_loc_load' <Predicate = true> <Delay = 0.00>
ST_23 : Operation 130 [1/1] (2.87ns)   --->   "%icmp_ln197 = icmp_eq  i40 %sum64_loc_load, i40 0" [softmax_accel_hls.cc:197]   --->   Operation 130 'icmp' 'icmp_ln197' <Predicate = true> <Delay = 2.87> <CoreInst = "Cmp">   --->   Core 9 'Cmp' <Latency = 0> <II = 1> <Delay = 2.87> <FuncUnit> <Opcode : 'seteq' 'setne' 'setle' 'setge' 'setlt' 'setgt'> <InPorts = 2> <OutPorts = 1>
ST_23 : Operation 131 [1/1] (0.00ns)   --->   "%sum = trunc i40 %sum64_loc_load" [softmax_accel_hls.cc:197]   --->   Operation 131 'trunc' 'sum' <Predicate = true> <Delay = 0.00>
ST_23 : Operation 132 [1/1] (0.69ns)   --->   "%sum_2 = select i1 %icmp_ln197, i32 1, i32 %sum" [softmax_accel_hls.cc:197]   --->   Operation 132 'select' 'sum_2' <Predicate = true> <Delay = 0.69> <CoreInst = "Sel">   --->   Core 73 'Sel' <Latency = 0> <II = 1> <Delay = 0.69> <FuncUnit> <Opcode : 'select'> <InPorts = 3> <OutPorts = 1>

State 24 <SV = 23> <Delay = 5.75>
ST_24 : Operation 133 [1/1] (0.00ns)   --->   "%zext_ln184 = zext i30 %tmp_1" [softmax_accel_hls.cc:184]   --->   Operation 133 'zext' 'zext_ln184' <Predicate = true> <Delay = 0.00>
ST_24 : Operation 134 [1/1] (0.00ns)   --->   "%specmemcore_ln185 = specmemcore void @_ssdm_op_SpecMemCore, i32 %exp_buf, i64 666, i64 18, i64 18446744073709551615" [softmax_accel_hls.cc:185]   --->   Operation 134 'specmemcore' 'specmemcore_ln185' <Predicate = true> <Delay = 0.00>
ST_24 : Operation 135 [1/1] (2.55ns)   --->   "%icmp_ln112 = icmp_eq  i32 %sum_2, i32 0" [softmax_accel_hls.cc:112->softmax_accel_hls.cc:200]   --->   Operation 135 'icmp' 'icmp_ln112' <Predicate = true> <Delay = 2.55> <CoreInst = "Cmp">   --->   Core 9 'Cmp' <Latency = 0> <II = 1> <Delay = 2.55> <FuncUnit> <Opcode : 'seteq' 'setne' 'setle' 'setge' 'setlt' 'setgt'> <InPorts = 2> <OutPorts = 1>
ST_24 : Operation 136 [1/1] (1.58ns)   --->   "%br_ln112 = br i1 %icmp_ln112, void %for.body.i, void %VITIS_LOOP_202_3" [softmax_accel_hls.cc:112->softmax_accel_hls.cc:200]   --->   Operation 136 'br' 'br_ln112' <Predicate = true> <Delay = 1.58>
ST_24 : Operation 137 [1/1] (0.00ns)   --->   "%tmp_10 = bitselect i1 @_ssdm_op_BitSelect.i1.i32.i32, i32 %sum_2, i32 31" [softmax_accel_hls.cc:119->softmax_accel_hls.cc:200]   --->   Operation 137 'bitselect' 'tmp_10' <Predicate = (!icmp_ln112)> <Delay = 0.00>
ST_24 : Operation 138 [1/1] (3.20ns)   --->   "%br_ln119 = br i1 %tmp_10, void %if.end3.i, void %cleanup.i" [softmax_accel_hls.cc:119->softmax_accel_hls.cc:200]   --->   Operation 138 'br' 'br_ln119' <Predicate = (!icmp_ln112)> <Delay = 3.20>
ST_24 : Operation 139 [1/1] (0.00ns)   --->   "%tmp_11 = bitselect i1 @_ssdm_op_BitSelect.i1.i32.i32, i32 %sum_2, i32 30" [softmax_accel_hls.cc:119->softmax_accel_hls.cc:200]   --->   Operation 139 'bitselect' 'tmp_11' <Predicate = (!icmp_ln112 & !tmp_10)> <Delay = 0.00>
ST_24 : Operation 140 [1/1] (3.20ns)   --->   "%br_ln119 = br i1 %tmp_11, void %if.end3.i.1, void %cleanup.i" [softmax_accel_hls.cc:119->softmax_accel_hls.cc:200]   --->   Operation 140 'br' 'br_ln119' <Predicate = (!icmp_ln112 & !tmp_10)> <Delay = 3.20>
ST_24 : Operation 141 [1/1] (0.00ns)   --->   "%tmp_12 = bitselect i1 @_ssdm_op_BitSelect.i1.i32.i32, i32 %sum_2, i32 29" [softmax_accel_hls.cc:119->softmax_accel_hls.cc:200]   --->   Operation 141 'bitselect' 'tmp_12' <Predicate = (!icmp_ln112 & !tmp_10 & !tmp_11)> <Delay = 0.00>
ST_24 : Operation 142 [1/1] (3.20ns)   --->   "%br_ln119 = br i1 %tmp_12, void %if.end3.i.2, void %cleanup.i" [softmax_accel_hls.cc:119->softmax_accel_hls.cc:200]   --->   Operation 142 'br' 'br_ln119' <Predicate = (!icmp_ln112 & !tmp_10 & !tmp_11)> <Delay = 3.20>
ST_24 : Operation 143 [1/1] (0.00ns)   --->   "%tmp_13 = bitselect i1 @_ssdm_op_BitSelect.i1.i32.i32, i32 %sum_2, i32 28" [softmax_accel_hls.cc:119->softmax_accel_hls.cc:200]   --->   Operation 143 'bitselect' 'tmp_13' <Predicate = (!icmp_ln112 & !tmp_10 & !tmp_11 & !tmp_12)> <Delay = 0.00>
ST_24 : Operation 144 [1/1] (3.20ns)   --->   "%br_ln119 = br i1 %tmp_13, void %if.end3.i.3, void %cleanup.i" [softmax_accel_hls.cc:119->softmax_accel_hls.cc:200]   --->   Operation 144 'br' 'br_ln119' <Predicate = (!icmp_ln112 & !tmp_10 & !tmp_11 & !tmp_12)> <Delay = 3.20>
ST_24 : Operation 145 [1/1] (0.00ns)   --->   "%tmp_14 = bitselect i1 @_ssdm_op_BitSelect.i1.i32.i32, i32 %sum_2, i32 27" [softmax_accel_hls.cc:119->softmax_accel_hls.cc:200]   --->   Operation 145 'bitselect' 'tmp_14' <Predicate = (!icmp_ln112 & !tmp_10 & !tmp_11 & !tmp_12 & !tmp_13)> <Delay = 0.00>
ST_24 : Operation 146 [1/1] (3.20ns)   --->   "%br_ln119 = br i1 %tmp_14, void %if.end3.i.4, void %cleanup.i" [softmax_accel_hls.cc:119->softmax_accel_hls.cc:200]   --->   Operation 146 'br' 'br_ln119' <Predicate = (!icmp_ln112 & !tmp_10 & !tmp_11 & !tmp_12 & !tmp_13)> <Delay = 3.20>
ST_24 : Operation 147 [1/1] (0.00ns)   --->   "%tmp_15 = bitselect i1 @_ssdm_op_BitSelect.i1.i32.i32, i32 %sum_2, i32 26" [softmax_accel_hls.cc:119->softmax_accel_hls.cc:200]   --->   Operation 147 'bitselect' 'tmp_15' <Predicate = (!icmp_ln112 & !tmp_10 & !tmp_11 & !tmp_12 & !tmp_13 & !tmp_14)> <Delay = 0.00>
ST_24 : Operation 148 [1/1] (3.20ns)   --->   "%br_ln119 = br i1 %tmp_15, void %if.end3.i.5, void %cleanup.i" [softmax_accel_hls.cc:119->softmax_accel_hls.cc:200]   --->   Operation 148 'br' 'br_ln119' <Predicate = (!icmp_ln112 & !tmp_10 & !tmp_11 & !tmp_12 & !tmp_13 & !tmp_14)> <Delay = 3.20>
ST_24 : Operation 149 [1/1] (0.00ns)   --->   "%tmp_16 = bitselect i1 @_ssdm_op_BitSelect.i1.i32.i32, i32 %sum_2, i32 25" [softmax_accel_hls.cc:119->softmax_accel_hls.cc:200]   --->   Operation 149 'bitselect' 'tmp_16' <Predicate = (!icmp_ln112 & !tmp_10 & !tmp_11 & !tmp_12 & !tmp_13 & !tmp_14 & !tmp_15)> <Delay = 0.00>
ST_24 : Operation 150 [1/1] (3.20ns)   --->   "%br_ln119 = br i1 %tmp_16, void %if.end3.i.6, void %cleanup.i" [softmax_accel_hls.cc:119->softmax_accel_hls.cc:200]   --->   Operation 150 'br' 'br_ln119' <Predicate = (!icmp_ln112 & !tmp_10 & !tmp_11 & !tmp_12 & !tmp_13 & !tmp_14 & !tmp_15)> <Delay = 3.20>
ST_24 : Operation 151 [1/1] (0.00ns)   --->   "%tmp_17 = bitselect i1 @_ssdm_op_BitSelect.i1.i32.i32, i32 %sum_2, i32 24" [softmax_accel_hls.cc:119->softmax_accel_hls.cc:200]   --->   Operation 151 'bitselect' 'tmp_17' <Predicate = (!icmp_ln112 & !tmp_10 & !tmp_11 & !tmp_12 & !tmp_13 & !tmp_14 & !tmp_15 & !tmp_16)> <Delay = 0.00>
ST_24 : Operation 152 [1/1] (3.20ns)   --->   "%br_ln119 = br i1 %tmp_17, void %if.end3.i.7, void %cleanup.i" [softmax_accel_hls.cc:119->softmax_accel_hls.cc:200]   --->   Operation 152 'br' 'br_ln119' <Predicate = (!icmp_ln112 & !tmp_10 & !tmp_11 & !tmp_12 & !tmp_13 & !tmp_14 & !tmp_15 & !tmp_16)> <Delay = 3.20>
ST_24 : Operation 153 [1/1] (0.00ns)   --->   "%tmp_18 = bitselect i1 @_ssdm_op_BitSelect.i1.i32.i32, i32 %sum_2, i32 23" [softmax_accel_hls.cc:119->softmax_accel_hls.cc:200]   --->   Operation 153 'bitselect' 'tmp_18' <Predicate = (!icmp_ln112 & !tmp_10 & !tmp_11 & !tmp_12 & !tmp_13 & !tmp_14 & !tmp_15 & !tmp_16 & !tmp_17)> <Delay = 0.00>
ST_24 : Operation 154 [1/1] (3.20ns)   --->   "%br_ln119 = br i1 %tmp_18, void %if.end3.i.8, void %cleanup.i" [softmax_accel_hls.cc:119->softmax_accel_hls.cc:200]   --->   Operation 154 'br' 'br_ln119' <Predicate = (!icmp_ln112 & !tmp_10 & !tmp_11 & !tmp_12 & !tmp_13 & !tmp_14 & !tmp_15 & !tmp_16 & !tmp_17)> <Delay = 3.20>
ST_24 : Operation 155 [1/1] (0.00ns)   --->   "%tmp_19 = bitselect i1 @_ssdm_op_BitSelect.i1.i32.i32, i32 %sum_2, i32 22" [softmax_accel_hls.cc:119->softmax_accel_hls.cc:200]   --->   Operation 155 'bitselect' 'tmp_19' <Predicate = (!icmp_ln112 & !tmp_10 & !tmp_11 & !tmp_12 & !tmp_13 & !tmp_14 & !tmp_15 & !tmp_16 & !tmp_17 & !tmp_18)> <Delay = 0.00>
ST_24 : Operation 156 [1/1] (3.20ns)   --->   "%br_ln119 = br i1 %tmp_19, void %if.end3.i.9, void %cleanup.i" [softmax_accel_hls.cc:119->softmax_accel_hls.cc:200]   --->   Operation 156 'br' 'br_ln119' <Predicate = (!icmp_ln112 & !tmp_10 & !tmp_11 & !tmp_12 & !tmp_13 & !tmp_14 & !tmp_15 & !tmp_16 & !tmp_17 & !tmp_18)> <Delay = 3.20>
ST_24 : Operation 157 [1/1] (0.00ns)   --->   "%tmp_20 = bitselect i1 @_ssdm_op_BitSelect.i1.i32.i32, i32 %sum_2, i32 21" [softmax_accel_hls.cc:119->softmax_accel_hls.cc:200]   --->   Operation 157 'bitselect' 'tmp_20' <Predicate = (!icmp_ln112 & !tmp_10 & !tmp_11 & !tmp_12 & !tmp_13 & !tmp_14 & !tmp_15 & !tmp_16 & !tmp_17 & !tmp_18 & !tmp_19)> <Delay = 0.00>
ST_24 : Operation 158 [1/1] (3.20ns)   --->   "%br_ln119 = br i1 %tmp_20, void %if.end3.i.10, void %cleanup.i" [softmax_accel_hls.cc:119->softmax_accel_hls.cc:200]   --->   Operation 158 'br' 'br_ln119' <Predicate = (!icmp_ln112 & !tmp_10 & !tmp_11 & !tmp_12 & !tmp_13 & !tmp_14 & !tmp_15 & !tmp_16 & !tmp_17 & !tmp_18 & !tmp_19)> <Delay = 3.20>
ST_24 : Operation 159 [1/1] (0.00ns)   --->   "%tmp_21 = bitselect i1 @_ssdm_op_BitSelect.i1.i32.i32, i32 %sum_2, i32 20" [softmax_accel_hls.cc:119->softmax_accel_hls.cc:200]   --->   Operation 159 'bitselect' 'tmp_21' <Predicate = (!icmp_ln112 & !tmp_10 & !tmp_11 & !tmp_12 & !tmp_13 & !tmp_14 & !tmp_15 & !tmp_16 & !tmp_17 & !tmp_18 & !tmp_19 & !tmp_20)> <Delay = 0.00>
ST_24 : Operation 160 [1/1] (3.20ns)   --->   "%br_ln119 = br i1 %tmp_21, void %if.end3.i.11, void %cleanup.i" [softmax_accel_hls.cc:119->softmax_accel_hls.cc:200]   --->   Operation 160 'br' 'br_ln119' <Predicate = (!icmp_ln112 & !tmp_10 & !tmp_11 & !tmp_12 & !tmp_13 & !tmp_14 & !tmp_15 & !tmp_16 & !tmp_17 & !tmp_18 & !tmp_19 & !tmp_20)> <Delay = 3.20>
ST_24 : Operation 161 [1/1] (0.00ns)   --->   "%tmp_22 = bitselect i1 @_ssdm_op_BitSelect.i1.i32.i32, i32 %sum_2, i32 19" [softmax_accel_hls.cc:119->softmax_accel_hls.cc:200]   --->   Operation 161 'bitselect' 'tmp_22' <Predicate = (!icmp_ln112 & !tmp_10 & !tmp_11 & !tmp_12 & !tmp_13 & !tmp_14 & !tmp_15 & !tmp_16 & !tmp_17 & !tmp_18 & !tmp_19 & !tmp_20 & !tmp_21)> <Delay = 0.00>
ST_24 : Operation 162 [1/1] (3.20ns)   --->   "%br_ln119 = br i1 %tmp_22, void %if.end3.i.12, void %cleanup.i" [softmax_accel_hls.cc:119->softmax_accel_hls.cc:200]   --->   Operation 162 'br' 'br_ln119' <Predicate = (!icmp_ln112 & !tmp_10 & !tmp_11 & !tmp_12 & !tmp_13 & !tmp_14 & !tmp_15 & !tmp_16 & !tmp_17 & !tmp_18 & !tmp_19 & !tmp_20 & !tmp_21)> <Delay = 3.20>
ST_24 : Operation 163 [1/1] (0.00ns)   --->   "%tmp_23 = bitselect i1 @_ssdm_op_BitSelect.i1.i32.i32, i32 %sum_2, i32 18" [softmax_accel_hls.cc:119->softmax_accel_hls.cc:200]   --->   Operation 163 'bitselect' 'tmp_23' <Predicate = (!icmp_ln112 & !tmp_10 & !tmp_11 & !tmp_12 & !tmp_13 & !tmp_14 & !tmp_15 & !tmp_16 & !tmp_17 & !tmp_18 & !tmp_19 & !tmp_20 & !tmp_21 & !tmp_22)> <Delay = 0.00>
ST_24 : Operation 164 [1/1] (3.20ns)   --->   "%br_ln119 = br i1 %tmp_23, void %if.end3.i.13, void %cleanup.i" [softmax_accel_hls.cc:119->softmax_accel_hls.cc:200]   --->   Operation 164 'br' 'br_ln119' <Predicate = (!icmp_ln112 & !tmp_10 & !tmp_11 & !tmp_12 & !tmp_13 & !tmp_14 & !tmp_15 & !tmp_16 & !tmp_17 & !tmp_18 & !tmp_19 & !tmp_20 & !tmp_21 & !tmp_22)> <Delay = 3.20>
ST_24 : Operation 165 [1/1] (0.00ns)   --->   "%tmp_24 = bitselect i1 @_ssdm_op_BitSelect.i1.i32.i32, i32 %sum_2, i32 17" [softmax_accel_hls.cc:119->softmax_accel_hls.cc:200]   --->   Operation 165 'bitselect' 'tmp_24' <Predicate = (!icmp_ln112 & !tmp_10 & !tmp_11 & !tmp_12 & !tmp_13 & !tmp_14 & !tmp_15 & !tmp_16 & !tmp_17 & !tmp_18 & !tmp_19 & !tmp_20 & !tmp_21 & !tmp_22 & !tmp_23)> <Delay = 0.00>
ST_24 : Operation 166 [1/1] (3.20ns)   --->   "%br_ln119 = br i1 %tmp_24, void %if.end3.i.14, void %cleanup.i" [softmax_accel_hls.cc:119->softmax_accel_hls.cc:200]   --->   Operation 166 'br' 'br_ln119' <Predicate = (!icmp_ln112 & !tmp_10 & !tmp_11 & !tmp_12 & !tmp_13 & !tmp_14 & !tmp_15 & !tmp_16 & !tmp_17 & !tmp_18 & !tmp_19 & !tmp_20 & !tmp_21 & !tmp_22 & !tmp_23)> <Delay = 3.20>
ST_24 : Operation 167 [1/1] (0.00ns)   --->   "%tmp_25 = bitselect i1 @_ssdm_op_BitSelect.i1.i32.i32, i32 %sum_2, i32 16" [softmax_accel_hls.cc:119->softmax_accel_hls.cc:200]   --->   Operation 167 'bitselect' 'tmp_25' <Predicate = (!icmp_ln112 & !tmp_10 & !tmp_11 & !tmp_12 & !tmp_13 & !tmp_14 & !tmp_15 & !tmp_16 & !tmp_17 & !tmp_18 & !tmp_19 & !tmp_20 & !tmp_21 & !tmp_22 & !tmp_23 & !tmp_24)> <Delay = 0.00>
ST_24 : Operation 168 [1/1] (3.20ns)   --->   "%br_ln119 = br i1 %tmp_25, void %if.end3.i.15, void %cleanup.i" [softmax_accel_hls.cc:119->softmax_accel_hls.cc:200]   --->   Operation 168 'br' 'br_ln119' <Predicate = (!icmp_ln112 & !tmp_10 & !tmp_11 & !tmp_12 & !tmp_13 & !tmp_14 & !tmp_15 & !tmp_16 & !tmp_17 & !tmp_18 & !tmp_19 & !tmp_20 & !tmp_21 & !tmp_22 & !tmp_23 & !tmp_24)> <Delay = 3.20>
ST_24 : Operation 169 [1/1] (0.00ns)   --->   "%tmp_26 = bitselect i1 @_ssdm_op_BitSelect.i1.i32.i32, i32 %sum_2, i32 15" [softmax_accel_hls.cc:119->softmax_accel_hls.cc:200]   --->   Operation 169 'bitselect' 'tmp_26' <Predicate = (!icmp_ln112 & !tmp_10 & !tmp_11 & !tmp_12 & !tmp_13 & !tmp_14 & !tmp_15 & !tmp_16 & !tmp_17 & !tmp_18 & !tmp_19 & !tmp_20 & !tmp_21 & !tmp_22 & !tmp_23 & !tmp_24 & !tmp_25)> <Delay = 0.00>
ST_24 : Operation 170 [1/1] (3.20ns)   --->   "%br_ln119 = br i1 %tmp_26, void %if.end3.i.16, void %cleanup.i" [softmax_accel_hls.cc:119->softmax_accel_hls.cc:200]   --->   Operation 170 'br' 'br_ln119' <Predicate = (!icmp_ln112 & !tmp_10 & !tmp_11 & !tmp_12 & !tmp_13 & !tmp_14 & !tmp_15 & !tmp_16 & !tmp_17 & !tmp_18 & !tmp_19 & !tmp_20 & !tmp_21 & !tmp_22 & !tmp_23 & !tmp_24 & !tmp_25)> <Delay = 3.20>
ST_24 : Operation 171 [1/1] (0.00ns)   --->   "%tmp_27 = bitselect i1 @_ssdm_op_BitSelect.i1.i32.i32, i32 %sum_2, i32 14" [softmax_accel_hls.cc:119->softmax_accel_hls.cc:200]   --->   Operation 171 'bitselect' 'tmp_27' <Predicate = (!icmp_ln112 & !tmp_10 & !tmp_11 & !tmp_12 & !tmp_13 & !tmp_14 & !tmp_15 & !tmp_16 & !tmp_17 & !tmp_18 & !tmp_19 & !tmp_20 & !tmp_21 & !tmp_22 & !tmp_23 & !tmp_24 & !tmp_25 & !tmp_26)> <Delay = 0.00>
ST_24 : Operation 172 [1/1] (3.20ns)   --->   "%br_ln119 = br i1 %tmp_27, void %if.end3.i.17, void %cleanup.i" [softmax_accel_hls.cc:119->softmax_accel_hls.cc:200]   --->   Operation 172 'br' 'br_ln119' <Predicate = (!icmp_ln112 & !tmp_10 & !tmp_11 & !tmp_12 & !tmp_13 & !tmp_14 & !tmp_15 & !tmp_16 & !tmp_17 & !tmp_18 & !tmp_19 & !tmp_20 & !tmp_21 & !tmp_22 & !tmp_23 & !tmp_24 & !tmp_25 & !tmp_26)> <Delay = 3.20>
ST_24 : Operation 173 [1/1] (0.00ns)   --->   "%tmp_28 = bitselect i1 @_ssdm_op_BitSelect.i1.i32.i32, i32 %sum_2, i32 13" [softmax_accel_hls.cc:119->softmax_accel_hls.cc:200]   --->   Operation 173 'bitselect' 'tmp_28' <Predicate = (!icmp_ln112 & !tmp_10 & !tmp_11 & !tmp_12 & !tmp_13 & !tmp_14 & !tmp_15 & !tmp_16 & !tmp_17 & !tmp_18 & !tmp_19 & !tmp_20 & !tmp_21 & !tmp_22 & !tmp_23 & !tmp_24 & !tmp_25 & !tmp_26 & !tmp_27)> <Delay = 0.00>
ST_24 : Operation 174 [1/1] (3.20ns)   --->   "%br_ln119 = br i1 %tmp_28, void %if.end3.i.18, void %cleanup.i" [softmax_accel_hls.cc:119->softmax_accel_hls.cc:200]   --->   Operation 174 'br' 'br_ln119' <Predicate = (!icmp_ln112 & !tmp_10 & !tmp_11 & !tmp_12 & !tmp_13 & !tmp_14 & !tmp_15 & !tmp_16 & !tmp_17 & !tmp_18 & !tmp_19 & !tmp_20 & !tmp_21 & !tmp_22 & !tmp_23 & !tmp_24 & !tmp_25 & !tmp_26 & !tmp_27)> <Delay = 3.20>
ST_24 : Operation 175 [1/1] (0.00ns)   --->   "%tmp_29 = bitselect i1 @_ssdm_op_BitSelect.i1.i32.i32, i32 %sum_2, i32 12" [softmax_accel_hls.cc:119->softmax_accel_hls.cc:200]   --->   Operation 175 'bitselect' 'tmp_29' <Predicate = (!icmp_ln112 & !tmp_10 & !tmp_11 & !tmp_12 & !tmp_13 & !tmp_14 & !tmp_15 & !tmp_16 & !tmp_17 & !tmp_18 & !tmp_19 & !tmp_20 & !tmp_21 & !tmp_22 & !tmp_23 & !tmp_24 & !tmp_25 & !tmp_26 & !tmp_27 & !tmp_28)> <Delay = 0.00>
ST_24 : Operation 176 [1/1] (3.20ns)   --->   "%br_ln119 = br i1 %tmp_29, void %if.end3.i.19, void %cleanup.i" [softmax_accel_hls.cc:119->softmax_accel_hls.cc:200]   --->   Operation 176 'br' 'br_ln119' <Predicate = (!icmp_ln112 & !tmp_10 & !tmp_11 & !tmp_12 & !tmp_13 & !tmp_14 & !tmp_15 & !tmp_16 & !tmp_17 & !tmp_18 & !tmp_19 & !tmp_20 & !tmp_21 & !tmp_22 & !tmp_23 & !tmp_24 & !tmp_25 & !tmp_26 & !tmp_27 & !tmp_28)> <Delay = 3.20>
ST_24 : Operation 177 [1/1] (0.00ns)   --->   "%tmp_30 = bitselect i1 @_ssdm_op_BitSelect.i1.i32.i32, i32 %sum_2, i32 11" [softmax_accel_hls.cc:119->softmax_accel_hls.cc:200]   --->   Operation 177 'bitselect' 'tmp_30' <Predicate = (!icmp_ln112 & !tmp_10 & !tmp_11 & !tmp_12 & !tmp_13 & !tmp_14 & !tmp_15 & !tmp_16 & !tmp_17 & !tmp_18 & !tmp_19 & !tmp_20 & !tmp_21 & !tmp_22 & !tmp_23 & !tmp_24 & !tmp_25 & !tmp_26 & !tmp_27 & !tmp_28 & !tmp_29)> <Delay = 0.00>
ST_24 : Operation 178 [1/1] (3.20ns)   --->   "%br_ln119 = br i1 %tmp_30, void %if.end3.i.20, void %cleanup.i" [softmax_accel_hls.cc:119->softmax_accel_hls.cc:200]   --->   Operation 178 'br' 'br_ln119' <Predicate = (!icmp_ln112 & !tmp_10 & !tmp_11 & !tmp_12 & !tmp_13 & !tmp_14 & !tmp_15 & !tmp_16 & !tmp_17 & !tmp_18 & !tmp_19 & !tmp_20 & !tmp_21 & !tmp_22 & !tmp_23 & !tmp_24 & !tmp_25 & !tmp_26 & !tmp_27 & !tmp_28 & !tmp_29)> <Delay = 3.20>
ST_24 : Operation 179 [1/1] (0.00ns)   --->   "%tmp_31 = bitselect i1 @_ssdm_op_BitSelect.i1.i32.i32, i32 %sum_2, i32 10" [softmax_accel_hls.cc:119->softmax_accel_hls.cc:200]   --->   Operation 179 'bitselect' 'tmp_31' <Predicate = (!icmp_ln112 & !tmp_10 & !tmp_11 & !tmp_12 & !tmp_13 & !tmp_14 & !tmp_15 & !tmp_16 & !tmp_17 & !tmp_18 & !tmp_19 & !tmp_20 & !tmp_21 & !tmp_22 & !tmp_23 & !tmp_24 & !tmp_25 & !tmp_26 & !tmp_27 & !tmp_28 & !tmp_29 & !tmp_30)> <Delay = 0.00>
ST_24 : Operation 180 [1/1] (3.20ns)   --->   "%br_ln119 = br i1 %tmp_31, void %if.end3.i.21, void %cleanup.i" [softmax_accel_hls.cc:119->softmax_accel_hls.cc:200]   --->   Operation 180 'br' 'br_ln119' <Predicate = (!icmp_ln112 & !tmp_10 & !tmp_11 & !tmp_12 & !tmp_13 & !tmp_14 & !tmp_15 & !tmp_16 & !tmp_17 & !tmp_18 & !tmp_19 & !tmp_20 & !tmp_21 & !tmp_22 & !tmp_23 & !tmp_24 & !tmp_25 & !tmp_26 & !tmp_27 & !tmp_28 & !tmp_29 & !tmp_30)> <Delay = 3.20>
ST_24 : Operation 181 [1/1] (0.00ns)   --->   "%tmp_32 = bitselect i1 @_ssdm_op_BitSelect.i1.i32.i32, i32 %sum_2, i32 9" [softmax_accel_hls.cc:119->softmax_accel_hls.cc:200]   --->   Operation 181 'bitselect' 'tmp_32' <Predicate = (!icmp_ln112 & !tmp_10 & !tmp_11 & !tmp_12 & !tmp_13 & !tmp_14 & !tmp_15 & !tmp_16 & !tmp_17 & !tmp_18 & !tmp_19 & !tmp_20 & !tmp_21 & !tmp_22 & !tmp_23 & !tmp_24 & !tmp_25 & !tmp_26 & !tmp_27 & !tmp_28 & !tmp_29 & !tmp_30 & !tmp_31)> <Delay = 0.00>
ST_24 : Operation 182 [1/1] (3.20ns)   --->   "%br_ln119 = br i1 %tmp_32, void %if.end3.i.22, void %cleanup.i" [softmax_accel_hls.cc:119->softmax_accel_hls.cc:200]   --->   Operation 182 'br' 'br_ln119' <Predicate = (!icmp_ln112 & !tmp_10 & !tmp_11 & !tmp_12 & !tmp_13 & !tmp_14 & !tmp_15 & !tmp_16 & !tmp_17 & !tmp_18 & !tmp_19 & !tmp_20 & !tmp_21 & !tmp_22 & !tmp_23 & !tmp_24 & !tmp_25 & !tmp_26 & !tmp_27 & !tmp_28 & !tmp_29 & !tmp_30 & !tmp_31)> <Delay = 3.20>
ST_24 : Operation 183 [1/1] (0.00ns)   --->   "%tmp_33 = bitselect i1 @_ssdm_op_BitSelect.i1.i32.i32, i32 %sum_2, i32 8" [softmax_accel_hls.cc:119->softmax_accel_hls.cc:200]   --->   Operation 183 'bitselect' 'tmp_33' <Predicate = (!icmp_ln112 & !tmp_10 & !tmp_11 & !tmp_12 & !tmp_13 & !tmp_14 & !tmp_15 & !tmp_16 & !tmp_17 & !tmp_18 & !tmp_19 & !tmp_20 & !tmp_21 & !tmp_22 & !tmp_23 & !tmp_24 & !tmp_25 & !tmp_26 & !tmp_27 & !tmp_28 & !tmp_29 & !tmp_30 & !tmp_31 & !tmp_32)> <Delay = 0.00>
ST_24 : Operation 184 [1/1] (3.20ns)   --->   "%br_ln119 = br i1 %tmp_33, void %if.end3.i.23, void %cleanup.i" [softmax_accel_hls.cc:119->softmax_accel_hls.cc:200]   --->   Operation 184 'br' 'br_ln119' <Predicate = (!icmp_ln112 & !tmp_10 & !tmp_11 & !tmp_12 & !tmp_13 & !tmp_14 & !tmp_15 & !tmp_16 & !tmp_17 & !tmp_18 & !tmp_19 & !tmp_20 & !tmp_21 & !tmp_22 & !tmp_23 & !tmp_24 & !tmp_25 & !tmp_26 & !tmp_27 & !tmp_28 & !tmp_29 & !tmp_30 & !tmp_31 & !tmp_32)> <Delay = 3.20>
ST_24 : Operation 185 [1/1] (0.00ns)   --->   "%tmp_34 = bitselect i1 @_ssdm_op_BitSelect.i1.i32.i32, i32 %sum_2, i32 7" [softmax_accel_hls.cc:119->softmax_accel_hls.cc:200]   --->   Operation 185 'bitselect' 'tmp_34' <Predicate = (!icmp_ln112 & !tmp_10 & !tmp_11 & !tmp_12 & !tmp_13 & !tmp_14 & !tmp_15 & !tmp_16 & !tmp_17 & !tmp_18 & !tmp_19 & !tmp_20 & !tmp_21 & !tmp_22 & !tmp_23 & !tmp_24 & !tmp_25 & !tmp_26 & !tmp_27 & !tmp_28 & !tmp_29 & !tmp_30 & !tmp_31 & !tmp_32 & !tmp_33)> <Delay = 0.00>
ST_24 : Operation 186 [1/1] (3.20ns)   --->   "%br_ln119 = br i1 %tmp_34, void %if.end3.i.24, void %cleanup.i" [softmax_accel_hls.cc:119->softmax_accel_hls.cc:200]   --->   Operation 186 'br' 'br_ln119' <Predicate = (!icmp_ln112 & !tmp_10 & !tmp_11 & !tmp_12 & !tmp_13 & !tmp_14 & !tmp_15 & !tmp_16 & !tmp_17 & !tmp_18 & !tmp_19 & !tmp_20 & !tmp_21 & !tmp_22 & !tmp_23 & !tmp_24 & !tmp_25 & !tmp_26 & !tmp_27 & !tmp_28 & !tmp_29 & !tmp_30 & !tmp_31 & !tmp_32 & !tmp_33)> <Delay = 3.20>
ST_24 : Operation 187 [1/1] (0.00ns)   --->   "%tmp_35 = bitselect i1 @_ssdm_op_BitSelect.i1.i32.i32, i32 %sum_2, i32 6" [softmax_accel_hls.cc:119->softmax_accel_hls.cc:200]   --->   Operation 187 'bitselect' 'tmp_35' <Predicate = (!icmp_ln112 & !tmp_10 & !tmp_11 & !tmp_12 & !tmp_13 & !tmp_14 & !tmp_15 & !tmp_16 & !tmp_17 & !tmp_18 & !tmp_19 & !tmp_20 & !tmp_21 & !tmp_22 & !tmp_23 & !tmp_24 & !tmp_25 & !tmp_26 & !tmp_27 & !tmp_28 & !tmp_29 & !tmp_30 & !tmp_31 & !tmp_32 & !tmp_33 & !tmp_34)> <Delay = 0.00>
ST_24 : Operation 188 [1/1] (3.20ns)   --->   "%br_ln119 = br i1 %tmp_35, void %if.end3.i.25, void %cleanup.i" [softmax_accel_hls.cc:119->softmax_accel_hls.cc:200]   --->   Operation 188 'br' 'br_ln119' <Predicate = (!icmp_ln112 & !tmp_10 & !tmp_11 & !tmp_12 & !tmp_13 & !tmp_14 & !tmp_15 & !tmp_16 & !tmp_17 & !tmp_18 & !tmp_19 & !tmp_20 & !tmp_21 & !tmp_22 & !tmp_23 & !tmp_24 & !tmp_25 & !tmp_26 & !tmp_27 & !tmp_28 & !tmp_29 & !tmp_30 & !tmp_31 & !tmp_32 & !tmp_33 & !tmp_34)> <Delay = 3.20>
ST_24 : Operation 189 [1/1] (0.00ns)   --->   "%tmp_36 = bitselect i1 @_ssdm_op_BitSelect.i1.i32.i32, i32 %sum_2, i32 5" [softmax_accel_hls.cc:119->softmax_accel_hls.cc:200]   --->   Operation 189 'bitselect' 'tmp_36' <Predicate = (!icmp_ln112 & !tmp_10 & !tmp_11 & !tmp_12 & !tmp_13 & !tmp_14 & !tmp_15 & !tmp_16 & !tmp_17 & !tmp_18 & !tmp_19 & !tmp_20 & !tmp_21 & !tmp_22 & !tmp_23 & !tmp_24 & !tmp_25 & !tmp_26 & !tmp_27 & !tmp_28 & !tmp_29 & !tmp_30 & !tmp_31 & !tmp_32 & !tmp_33 & !tmp_34 & !tmp_35)> <Delay = 0.00>
ST_24 : Operation 190 [1/1] (3.20ns)   --->   "%br_ln119 = br i1 %tmp_36, void %if.end3.i.26, void %cleanup.i" [softmax_accel_hls.cc:119->softmax_accel_hls.cc:200]   --->   Operation 190 'br' 'br_ln119' <Predicate = (!icmp_ln112 & !tmp_10 & !tmp_11 & !tmp_12 & !tmp_13 & !tmp_14 & !tmp_15 & !tmp_16 & !tmp_17 & !tmp_18 & !tmp_19 & !tmp_20 & !tmp_21 & !tmp_22 & !tmp_23 & !tmp_24 & !tmp_25 & !tmp_26 & !tmp_27 & !tmp_28 & !tmp_29 & !tmp_30 & !tmp_31 & !tmp_32 & !tmp_33 & !tmp_34 & !tmp_35)> <Delay = 3.20>
ST_24 : Operation 191 [1/1] (0.00ns)   --->   "%tmp_37 = bitselect i1 @_ssdm_op_BitSelect.i1.i32.i32, i32 %sum_2, i32 4" [softmax_accel_hls.cc:119->softmax_accel_hls.cc:200]   --->   Operation 191 'bitselect' 'tmp_37' <Predicate = (!icmp_ln112 & !tmp_10 & !tmp_11 & !tmp_12 & !tmp_13 & !tmp_14 & !tmp_15 & !tmp_16 & !tmp_17 & !tmp_18 & !tmp_19 & !tmp_20 & !tmp_21 & !tmp_22 & !tmp_23 & !tmp_24 & !tmp_25 & !tmp_26 & !tmp_27 & !tmp_28 & !tmp_29 & !tmp_30 & !tmp_31 & !tmp_32 & !tmp_33 & !tmp_34 & !tmp_35 & !tmp_36)> <Delay = 0.00>
ST_24 : Operation 192 [1/1] (3.20ns)   --->   "%br_ln119 = br i1 %tmp_37, void %if.end3.i.27, void %cleanup.i" [softmax_accel_hls.cc:119->softmax_accel_hls.cc:200]   --->   Operation 192 'br' 'br_ln119' <Predicate = (!icmp_ln112 & !tmp_10 & !tmp_11 & !tmp_12 & !tmp_13 & !tmp_14 & !tmp_15 & !tmp_16 & !tmp_17 & !tmp_18 & !tmp_19 & !tmp_20 & !tmp_21 & !tmp_22 & !tmp_23 & !tmp_24 & !tmp_25 & !tmp_26 & !tmp_27 & !tmp_28 & !tmp_29 & !tmp_30 & !tmp_31 & !tmp_32 & !tmp_33 & !tmp_34 & !tmp_35 & !tmp_36)> <Delay = 3.20>
ST_24 : Operation 193 [1/1] (0.00ns)   --->   "%tmp_38 = bitselect i1 @_ssdm_op_BitSelect.i1.i32.i32, i32 %sum_2, i32 3" [softmax_accel_hls.cc:119->softmax_accel_hls.cc:200]   --->   Operation 193 'bitselect' 'tmp_38' <Predicate = (!icmp_ln112 & !tmp_10 & !tmp_11 & !tmp_12 & !tmp_13 & !tmp_14 & !tmp_15 & !tmp_16 & !tmp_17 & !tmp_18 & !tmp_19 & !tmp_20 & !tmp_21 & !tmp_22 & !tmp_23 & !tmp_24 & !tmp_25 & !tmp_26 & !tmp_27 & !tmp_28 & !tmp_29 & !tmp_30 & !tmp_31 & !tmp_32 & !tmp_33 & !tmp_34 & !tmp_35 & !tmp_36 & !tmp_37)> <Delay = 0.00>
ST_24 : Operation 194 [1/1] (3.20ns)   --->   "%br_ln119 = br i1 %tmp_38, void %if.end3.i.28, void %cleanup.i" [softmax_accel_hls.cc:119->softmax_accel_hls.cc:200]   --->   Operation 194 'br' 'br_ln119' <Predicate = (!icmp_ln112 & !tmp_10 & !tmp_11 & !tmp_12 & !tmp_13 & !tmp_14 & !tmp_15 & !tmp_16 & !tmp_17 & !tmp_18 & !tmp_19 & !tmp_20 & !tmp_21 & !tmp_22 & !tmp_23 & !tmp_24 & !tmp_25 & !tmp_26 & !tmp_27 & !tmp_28 & !tmp_29 & !tmp_30 & !tmp_31 & !tmp_32 & !tmp_33 & !tmp_34 & !tmp_35 & !tmp_36 & !tmp_37)> <Delay = 3.20>
ST_24 : Operation 195 [1/1] (0.00ns)   --->   "%tmp_39 = bitselect i1 @_ssdm_op_BitSelect.i1.i32.i32, i32 %sum_2, i32 2" [softmax_accel_hls.cc:119->softmax_accel_hls.cc:200]   --->   Operation 195 'bitselect' 'tmp_39' <Predicate = (!icmp_ln112 & !tmp_10 & !tmp_11 & !tmp_12 & !tmp_13 & !tmp_14 & !tmp_15 & !tmp_16 & !tmp_17 & !tmp_18 & !tmp_19 & !tmp_20 & !tmp_21 & !tmp_22 & !tmp_23 & !tmp_24 & !tmp_25 & !tmp_26 & !tmp_27 & !tmp_28 & !tmp_29 & !tmp_30 & !tmp_31 & !tmp_32 & !tmp_33 & !tmp_34 & !tmp_35 & !tmp_36 & !tmp_37 & !tmp_38)> <Delay = 0.00>
ST_24 : Operation 196 [1/1] (3.20ns)   --->   "%br_ln119 = br i1 %tmp_39, void %if.end3.i.29, void %cleanup.i" [softmax_accel_hls.cc:119->softmax_accel_hls.cc:200]   --->   Operation 196 'br' 'br_ln119' <Predicate = (!icmp_ln112 & !tmp_10 & !tmp_11 & !tmp_12 & !tmp_13 & !tmp_14 & !tmp_15 & !tmp_16 & !tmp_17 & !tmp_18 & !tmp_19 & !tmp_20 & !tmp_21 & !tmp_22 & !tmp_23 & !tmp_24 & !tmp_25 & !tmp_26 & !tmp_27 & !tmp_28 & !tmp_29 & !tmp_30 & !tmp_31 & !tmp_32 & !tmp_33 & !tmp_34 & !tmp_35 & !tmp_36 & !tmp_37 & !tmp_38)> <Delay = 3.20>
ST_24 : Operation 197 [1/1] (0.00ns)   --->   "%tmp_40 = bitselect i1 @_ssdm_op_BitSelect.i1.i32.i32, i32 %sum_2, i32 1" [softmax_accel_hls.cc:119->softmax_accel_hls.cc:200]   --->   Operation 197 'bitselect' 'tmp_40' <Predicate = (!icmp_ln112 & !tmp_10 & !tmp_11 & !tmp_12 & !tmp_13 & !tmp_14 & !tmp_15 & !tmp_16 & !tmp_17 & !tmp_18 & !tmp_19 & !tmp_20 & !tmp_21 & !tmp_22 & !tmp_23 & !tmp_24 & !tmp_25 & !tmp_26 & !tmp_27 & !tmp_28 & !tmp_29 & !tmp_30 & !tmp_31 & !tmp_32 & !tmp_33 & !tmp_34 & !tmp_35 & !tmp_36 & !tmp_37 & !tmp_38 & !tmp_39)> <Delay = 0.00>
ST_24 : Operation 198 [1/1] (3.20ns)   --->   "%br_ln119 = br i1 %tmp_40, void %if.end3.i.30, void %cleanup.i" [softmax_accel_hls.cc:119->softmax_accel_hls.cc:200]   --->   Operation 198 'br' 'br_ln119' <Predicate = (!icmp_ln112 & !tmp_10 & !tmp_11 & !tmp_12 & !tmp_13 & !tmp_14 & !tmp_15 & !tmp_16 & !tmp_17 & !tmp_18 & !tmp_19 & !tmp_20 & !tmp_21 & !tmp_22 & !tmp_23 & !tmp_24 & !tmp_25 & !tmp_26 & !tmp_27 & !tmp_28 & !tmp_29 & !tmp_30 & !tmp_31 & !tmp_32 & !tmp_33 & !tmp_34 & !tmp_35 & !tmp_36 & !tmp_37 & !tmp_38 & !tmp_39)> <Delay = 3.20>
ST_24 : Operation 199 [1/1] (0.00ns) (grouped into LUT with out node select_ln119)   --->   "%trunc_ln119 = trunc i32 %sum_2" [softmax_accel_hls.cc:119->softmax_accel_hls.cc:200]   --->   Operation 199 'trunc' 'trunc_ln119' <Predicate = (!icmp_ln112 & !tmp_10 & !tmp_11 & !tmp_12 & !tmp_13 & !tmp_14 & !tmp_15 & !tmp_16 & !tmp_17 & !tmp_18 & !tmp_19 & !tmp_20 & !tmp_21 & !tmp_22 & !tmp_23 & !tmp_24 & !tmp_25 & !tmp_26 & !tmp_27 & !tmp_28 & !tmp_29 & !tmp_30 & !tmp_31 & !tmp_32 & !tmp_33 & !tmp_34 & !tmp_35 & !tmp_36 & !tmp_37 & !tmp_38 & !tmp_39 & !tmp_40)> <Delay = 0.00>
ST_24 : Operation 200 [1/1] (0.00ns) (grouped into LUT with out node select_ln119)   --->   "%xor_ln119 = xor i1 %trunc_ln119, i1 1" [softmax_accel_hls.cc:119->softmax_accel_hls.cc:200]   --->   Operation 200 'xor' 'xor_ln119' <Predicate = (!icmp_ln112 & !tmp_10 & !tmp_11 & !tmp_12 & !tmp_13 & !tmp_14 & !tmp_15 & !tmp_16 & !tmp_17 & !tmp_18 & !tmp_19 & !tmp_20 & !tmp_21 & !tmp_22 & !tmp_23 & !tmp_24 & !tmp_25 & !tmp_26 & !tmp_27 & !tmp_28 & !tmp_29 & !tmp_30 & !tmp_31 & !tmp_32 & !tmp_33 & !tmp_34 & !tmp_35 & !tmp_36 & !tmp_37 & !tmp_38 & !tmp_39 & !tmp_40)> <Delay = 0.00> <CoreInst = "LogicGate">   --->   Core 74 'LogicGate' <Latency = 0> <II = 1> <Delay = 0.97> <FuncUnit> <Opcode : 'and' 'or' 'xor'> <InPorts = 2> <OutPorts = 1>
ST_24 : Operation 201 [1/1] (0.99ns) (out node of the LUT)   --->   "%select_ln119 = select i1 %xor_ln119, i5 31, i5 0" [softmax_accel_hls.cc:119->softmax_accel_hls.cc:200]   --->   Operation 201 'select' 'select_ln119' <Predicate = (!icmp_ln112 & !tmp_10 & !tmp_11 & !tmp_12 & !tmp_13 & !tmp_14 & !tmp_15 & !tmp_16 & !tmp_17 & !tmp_18 & !tmp_19 & !tmp_20 & !tmp_21 & !tmp_22 & !tmp_23 & !tmp_24 & !tmp_25 & !tmp_26 & !tmp_27 & !tmp_28 & !tmp_29 & !tmp_30 & !tmp_31 & !tmp_32 & !tmp_33 & !tmp_34 & !tmp_35 & !tmp_36 & !tmp_37 & !tmp_38 & !tmp_39 & !tmp_40)> <Delay = 0.99> <CoreInst = "Sel">   --->   Core 73 'Sel' <Latency = 0> <II = 1> <Delay = 0.99> <FuncUnit> <Opcode : 'select'> <InPorts = 3> <OutPorts = 1>
ST_24 : Operation 202 [1/1] (3.20ns)   --->   "%br_ln119 = br void %cleanup.i" [softmax_accel_hls.cc:119->softmax_accel_hls.cc:200]   --->   Operation 202 'br' 'br_ln119' <Predicate = (!icmp_ln112 & !tmp_10 & !tmp_11 & !tmp_12 & !tmp_13 & !tmp_14 & !tmp_15 & !tmp_16 & !tmp_17 & !tmp_18 & !tmp_19 & !tmp_20 & !tmp_21 & !tmp_22 & !tmp_23 & !tmp_24 & !tmp_25 & !tmp_26 & !tmp_27 & !tmp_28 & !tmp_29 & !tmp_30 & !tmp_31 & !tmp_32 & !tmp_33 & !tmp_34 & !tmp_35 & !tmp_36 & !tmp_37 & !tmp_38 & !tmp_39 & !tmp_40)> <Delay = 3.20>

State 25 <SV = 24> <Delay = 8.52>
ST_25 : Operation 203 [1/1] (0.00ns)   --->   "%msb = phi i5 31, void %for.body.i, i5 30, void %if.end3.i, i5 29, void %if.end3.i.1, i5 28, void %if.end3.i.2, i5 27, void %if.end3.i.3, i5 26, void %if.end3.i.4, i5 25, void %if.end3.i.5, i5 24, void %if.end3.i.6, i5 23, void %if.end3.i.7, i5 22, void %if.end3.i.8, i5 21, void %if.end3.i.9, i5 20, void %if.end3.i.10, i5 19, void %if.end3.i.11, i5 18, void %if.end3.i.12, i5 17, void %if.end3.i.13, i5 16, void %if.end3.i.14, i5 15, void %if.end3.i.15, i5 14, void %if.end3.i.16, i5 13, void %if.end3.i.17, i5 12, void %if.end3.i.18, i5 11, void %if.end3.i.19, i5 10, void %if.end3.i.20, i5 9, void %if.end3.i.21, i5 8, void %if.end3.i.22, i5 7, void %if.end3.i.23, i5 6, void %if.end3.i.24, i5 5, void %if.end3.i.25, i5 4, void %if.end3.i.26, i5 3, void %if.end3.i.27, i5 2, void %if.end3.i.28, i5 1, void %if.end3.i.29, i5 %select_ln119, void %if.end3.i.30" [softmax_accel_hls.cc:119->softmax_accel_hls.cc:200]   --->   Operation 203 'phi' 'msb' <Predicate = true> <Delay = 0.00>
ST_25 : Operation 204 [1/1] (0.00ns)   --->   "%tmp_41 = bitselect i1 @_ssdm_op_BitSelect.i1.i5.i32, i5 %msb, i32 4" [softmax_accel_hls.cc:126->softmax_accel_hls.cc:200]   --->   Operation 204 'bitselect' 'tmp_41' <Predicate = true> <Delay = 0.00>
ST_25 : Operation 205 [1/1] (1.78ns)   --->   "%sub_ln126 = sub i5 15, i5 %msb" [softmax_accel_hls.cc:126->softmax_accel_hls.cc:200]   --->   Operation 205 'sub' 'sub_ln126' <Predicate = true> <Delay = 1.78> <CoreInst = "Adder">   --->   Core 1 'Adder' <Latency = 0> <II = 1> <Delay = 1.78> <FuncUnit> <Opcode : 'add' 'sub'> <InPorts = 2> <OutPorts = 1>
ST_25 : Operation 206 [1/1] (0.00ns)   --->   "%sext_ln126 = sext i5 %sub_ln126" [softmax_accel_hls.cc:126->softmax_accel_hls.cc:200]   --->   Operation 206 'sext' 'sext_ln126' <Predicate = true> <Delay = 0.00>
ST_25 : Operation 207 [1/1] (4.42ns)   --->   "%shl_ln126 = shl i32 %sum_2, i32 %sext_ln126" [softmax_accel_hls.cc:126->softmax_accel_hls.cc:200]   --->   Operation 207 'shl' 'shl_ln126' <Predicate = true> <Delay = 4.42> <CoreInst = "Shifter">   --->   Core 75 'Shifter' <Latency = 0> <II = 1> <Delay = 4.42> <FuncUnit> <Opcode : 'shl' 'lshr' 'ashr'> <InPorts = 2> <OutPorts = 1>
ST_25 : Operation 208 [1/1] (0.00ns)   --->   "%br_ln126 = br i1 %tmp_41, void %if.end8.i, void %if.end8.i.thread" [softmax_accel_hls.cc:126->softmax_accel_hls.cc:200]   --->   Operation 208 'br' 'br_ln126' <Predicate = true> <Delay = 0.00>
ST_25 : Operation 209 [1/1] (0.00ns)   --->   "%x_q1_15 = trunc i32 %shl_ln126" [softmax_accel_hls.cc:126->softmax_accel_hls.cc:200]   --->   Operation 209 'trunc' 'x_q1_15' <Predicate = (!tmp_41)> <Delay = 0.00>
ST_25 : Operation 210 [1/1] (0.00ns)   --->   "%seg = partselect i4 @_ssdm_op_PartSelect.i4.i32.i32.i32, i32 %shl_ln126, i32 11, i32 14" [softmax_accel_hls.cc:130->softmax_accel_hls.cc:200]   --->   Operation 210 'partselect' 'seg' <Predicate = (!tmp_41)> <Delay = 0.00>
ST_25 : Operation 211 [1/1] (0.00ns)   --->   "%zext_ln133 = zext i4 %seg" [softmax_accel_hls.cc:133->softmax_accel_hls.cc:200]   --->   Operation 211 'zext' 'zext_ln133' <Predicate = (!tmp_41)> <Delay = 0.00>
ST_25 : Operation 212 [1/1] (0.00ns)   --->   "%RECIP_M_Q30_addr = getelementptr i31 %RECIP_M_Q30, i64 0, i64 %zext_ln133" [softmax_accel_hls.cc:133->softmax_accel_hls.cc:200]   --->   Operation 212 'getelementptr' 'RECIP_M_Q30_addr' <Predicate = (!tmp_41)> <Delay = 0.00>
ST_25 : Operation 213 [2/2] (2.32ns)   --->   "%m = load i4 %RECIP_M_Q30_addr" [softmax_accel_hls.cc:133->softmax_accel_hls.cc:200]   --->   Operation 213 'load' 'm' <Predicate = (!tmp_41)> <Delay = 2.32> <CoreInst = "ROM">   --->   Core 94 'ROM' <Latency = 1> <II = 1> <Delay = 2.32> <Storage> <Opcode : 'load'> <Ports = 0> <Width = 31> <Depth = 16> <ROM>
ST_25 : Operation 214 [1/1] (0.00ns)   --->   "%RECIP_B_Q30_addr = getelementptr i31 %RECIP_B_Q30, i64 0, i64 %zext_ln133" [softmax_accel_hls.cc:134->softmax_accel_hls.cc:200]   --->   Operation 214 'getelementptr' 'RECIP_B_Q30_addr' <Predicate = (!tmp_41)> <Delay = 0.00>
ST_25 : Operation 215 [2/2] (2.32ns)   --->   "%b = load i4 %RECIP_B_Q30_addr" [softmax_accel_hls.cc:134->softmax_accel_hls.cc:200]   --->   Operation 215 'load' 'b' <Predicate = (!tmp_41)> <Delay = 2.32> <CoreInst = "ROM">   --->   Core 94 'ROM' <Latency = 1> <II = 1> <Delay = 2.32> <Storage> <Opcode : 'load'> <Ports = 0> <Width = 31> <Depth = 16> <ROM>
ST_25 : Operation 216 [1/1] (1.78ns)   --->   "%add_ln127 = add i5 %msb, i5 17" [softmax_accel_hls.cc:127->softmax_accel_hls.cc:200]   --->   Operation 216 'add' 'add_ln127' <Predicate = (tmp_41)> <Delay = 1.78> <CoreInst = "Adder">   --->   Core 1 'Adder' <Latency = 0> <II = 1> <Delay = 1.78> <FuncUnit> <Opcode : 'add' 'sub'> <InPorts = 2> <OutPorts = 1>
ST_25 : Operation 217 [1/1] (0.00ns)   --->   "%zext_ln127 = zext i5 %add_ln127" [softmax_accel_hls.cc:127->softmax_accel_hls.cc:200]   --->   Operation 217 'zext' 'zext_ln127' <Predicate = (tmp_41)> <Delay = 0.00>
ST_25 : Operation 218 [1/1] (4.42ns)   --->   "%lshr_ln127 = lshr i32 %sum_2, i32 %zext_ln127" [softmax_accel_hls.cc:127->softmax_accel_hls.cc:200]   --->   Operation 218 'lshr' 'lshr_ln127' <Predicate = (tmp_41)> <Delay = 4.42> <CoreInst = "Shifter">   --->   Core 75 'Shifter' <Latency = 0> <II = 1> <Delay = 4.42> <FuncUnit> <Opcode : 'shl' 'lshr' 'ashr'> <InPorts = 2> <OutPorts = 1>
ST_25 : Operation 219 [1/1] (0.00ns)   --->   "%trunc_ln127 = trunc i32 %lshr_ln127" [softmax_accel_hls.cc:127->softmax_accel_hls.cc:200]   --->   Operation 219 'trunc' 'trunc_ln127' <Predicate = (tmp_41)> <Delay = 0.00>
ST_25 : Operation 220 [1/1] (0.00ns)   --->   "%lshr_ln = partselect i4 @_ssdm_op_PartSelect.i4.i32.i32.i32, i32 %lshr_ln127, i32 11, i32 14" [softmax_accel_hls.cc:130->softmax_accel_hls.cc:200]   --->   Operation 220 'partselect' 'lshr_ln' <Predicate = (tmp_41)> <Delay = 0.00>
ST_25 : Operation 221 [1/1] (0.00ns)   --->   "%zext_ln133_1 = zext i4 %lshr_ln" [softmax_accel_hls.cc:133->softmax_accel_hls.cc:200]   --->   Operation 221 'zext' 'zext_ln133_1' <Predicate = (tmp_41)> <Delay = 0.00>
ST_25 : Operation 222 [1/1] (0.00ns)   --->   "%RECIP_M_Q30_addr_1 = getelementptr i31 %RECIP_M_Q30, i64 0, i64 %zext_ln133_1" [softmax_accel_hls.cc:133->softmax_accel_hls.cc:200]   --->   Operation 222 'getelementptr' 'RECIP_M_Q30_addr_1' <Predicate = (tmp_41)> <Delay = 0.00>
ST_25 : Operation 223 [2/2] (2.32ns)   --->   "%RECIP_M_Q30_load = load i4 %RECIP_M_Q30_addr_1" [softmax_accel_hls.cc:133->softmax_accel_hls.cc:200]   --->   Operation 223 'load' 'RECIP_M_Q30_load' <Predicate = (tmp_41)> <Delay = 2.32> <CoreInst = "ROM">   --->   Core 94 'ROM' <Latency = 1> <II = 1> <Delay = 2.32> <Storage> <Opcode : 'load'> <Ports = 0> <Width = 31> <Depth = 16> <ROM>
ST_25 : Operation 224 [1/1] (0.00ns)   --->   "%RECIP_B_Q30_addr_1 = getelementptr i31 %RECIP_B_Q30, i64 0, i64 %zext_ln133_1" [softmax_accel_hls.cc:134->softmax_accel_hls.cc:200]   --->   Operation 224 'getelementptr' 'RECIP_B_Q30_addr_1' <Predicate = (tmp_41)> <Delay = 0.00>
ST_25 : Operation 225 [2/2] (2.32ns)   --->   "%RECIP_B_Q30_load = load i4 %RECIP_B_Q30_addr_1" [softmax_accel_hls.cc:134->softmax_accel_hls.cc:200]   --->   Operation 225 'load' 'RECIP_B_Q30_load' <Predicate = (tmp_41)> <Delay = 2.32> <CoreInst = "ROM">   --->   Core 94 'ROM' <Latency = 1> <II = 1> <Delay = 2.32> <Storage> <Opcode : 'load'> <Ports = 0> <Width = 31> <Depth = 16> <ROM>

State 26 <SV = 25> <Delay = 2.32>
ST_26 : Operation 226 [1/2] ( I:2.32ns O:2.32ns )   --->   "%m = load i4 %RECIP_M_Q30_addr" [softmax_accel_hls.cc:133->softmax_accel_hls.cc:200]   --->   Operation 226 'load' 'm' <Predicate = true> <Delay = 2.32> <CoreInst = "ROM">   --->   Core 94 'ROM' <Latency = 1> <II = 1> <Delay = 2.32> <Storage> <Opcode : 'load'> <Ports = 0> <Width = 31> <Depth = 16> <ROM>
ST_26 : Operation 227 [1/2] ( I:2.32ns O:2.32ns )   --->   "%b = load i4 %RECIP_B_Q30_addr" [softmax_accel_hls.cc:134->softmax_accel_hls.cc:200]   --->   Operation 227 'load' 'b' <Predicate = true> <Delay = 2.32> <CoreInst = "ROM">   --->   Core 94 'ROM' <Latency = 1> <II = 1> <Delay = 2.32> <Storage> <Opcode : 'load'> <Ports = 0> <Width = 31> <Depth = 16> <ROM>

State 27 <SV = 26> <Delay = 8.24>
ST_27 : Operation 228 [1/1] (0.00ns)   --->   "%sext_ln136 = sext i31 %m" [softmax_accel_hls.cc:136->softmax_accel_hls.cc:200]   --->   Operation 228 'sext' 'sext_ln136' <Predicate = true> <Delay = 0.00>
ST_27 : Operation 229 [1/1] (0.00ns)   --->   "%zext_ln136 = zext i16 %x_q1_15" [softmax_accel_hls.cc:136->softmax_accel_hls.cc:200]   --->   Operation 229 'zext' 'zext_ln136' <Predicate = true> <Delay = 0.00>
ST_27 : Operation 230 [1/1] (8.24ns)   --->   "%mx = mul i47 %sext_ln136, i47 %zext_ln136" [softmax_accel_hls.cc:136->softmax_accel_hls.cc:200]   --->   Operation 230 'mul' 'mx' <Predicate = true> <Delay = 8.24> <CoreInst = "Multiplier">   --->   Core 3 'Multiplier' <Latency = 0> <II = 1> <Delay = 8.24> <FuncUnit> <Opcode : 'mul'> <InPorts = 2> <OutPorts = 1>
ST_27 : Operation 231 [1/1] (0.00ns)   --->   "%trunc_ln4 = partselect i32 @_ssdm_op_PartSelect.i32.i47.i32.i32, i47 %mx, i32 15, i32 46" [softmax_accel_hls.cc:137->softmax_accel_hls.cc:200]   --->   Operation 231 'partselect' 'trunc_ln4' <Predicate = true> <Delay = 0.00>

State 28 <SV = 27> <Delay = 6.97>
ST_28 : Operation 232 [1/1] (0.00ns)   --->   "%zext_ln134 = zext i31 %b" [softmax_accel_hls.cc:134->softmax_accel_hls.cc:200]   --->   Operation 232 'zext' 'zext_ln134' <Predicate = true> <Delay = 0.00>
ST_28 : Operation 233 [1/1] (2.55ns)   --->   "%inv_x_q30 = add i32 %zext_ln134, i32 %trunc_ln4" [softmax_accel_hls.cc:137->softmax_accel_hls.cc:200]   --->   Operation 233 'add' 'inv_x_q30' <Predicate = true> <Delay = 2.55> <CoreInst = "Adder">   --->   Core 1 'Adder' <Latency = 0> <II = 1> <Delay = 2.55> <FuncUnit> <Opcode : 'add' 'sub'> <InPorts = 2> <OutPorts = 1>
ST_28 : Operation 234 [1/1] (0.00ns)   --->   "%sext_ln143 = sext i32 %inv_x_q30" [softmax_accel_hls.cc:143->softmax_accel_hls.cc:200]   --->   Operation 234 'sext' 'sext_ln143' <Predicate = true> <Delay = 0.00>
ST_28 : Operation 235 [1/1] (1.78ns)   --->   "%sub_ln145 = sub i5 16, i5 %msb" [softmax_accel_hls.cc:145->softmax_accel_hls.cc:200]   --->   Operation 235 'sub' 'sub_ln145' <Predicate = true> <Delay = 1.78> <CoreInst = "Adder">   --->   Core 1 'Adder' <Latency = 0> <II = 1> <Delay = 1.78> <FuncUnit> <Opcode : 'add' 'sub'> <InPorts = 2> <OutPorts = 1>
ST_28 : Operation 236 [1/1] (0.00ns)   --->   "%zext_ln145 = zext i5 %sub_ln145" [softmax_accel_hls.cc:145->softmax_accel_hls.cc:200]   --->   Operation 236 'zext' 'zext_ln145' <Predicate = true> <Delay = 0.00>
ST_28 : Operation 237 [1/1] (4.42ns)   --->   "%shl_ln145 = shl i48 %sext_ln143, i48 %zext_ln145" [softmax_accel_hls.cc:145->softmax_accel_hls.cc:200]   --->   Operation 237 'shl' 'shl_ln145' <Predicate = true> <Delay = 4.42> <CoreInst = "Shifter">   --->   Core 75 'Shifter' <Latency = 0> <II = 1> <Delay = 4.42> <FuncUnit> <Opcode : 'shl' 'lshr' 'ashr'> <InPorts = 2> <OutPorts = 1>
ST_28 : Operation 238 [1/1] (1.58ns)   --->   "%br_ln145 = br void %if.end34.i" [softmax_accel_hls.cc:145->softmax_accel_hls.cc:200]   --->   Operation 238 'br' 'br_ln145' <Predicate = true> <Delay = 1.58>

State 29 <SV = 25> <Delay = 2.32>
ST_29 : Operation 239 [1/2] ( I:2.32ns O:2.32ns )   --->   "%RECIP_M_Q30_load = load i4 %RECIP_M_Q30_addr_1" [softmax_accel_hls.cc:133->softmax_accel_hls.cc:200]   --->   Operation 239 'load' 'RECIP_M_Q30_load' <Predicate = true> <Delay = 2.32> <CoreInst = "ROM">   --->   Core 94 'ROM' <Latency = 1> <II = 1> <Delay = 2.32> <Storage> <Opcode : 'load'> <Ports = 0> <Width = 31> <Depth = 16> <ROM>
ST_29 : Operation 240 [1/2] ( I:2.32ns O:2.32ns )   --->   "%RECIP_B_Q30_load = load i4 %RECIP_B_Q30_addr_1" [softmax_accel_hls.cc:134->softmax_accel_hls.cc:200]   --->   Operation 240 'load' 'RECIP_B_Q30_load' <Predicate = true> <Delay = 2.32> <CoreInst = "ROM">   --->   Core 94 'ROM' <Latency = 1> <II = 1> <Delay = 2.32> <Storage> <Opcode : 'load'> <Ports = 0> <Width = 31> <Depth = 16> <ROM>

State 30 <SV = 26> <Delay = 8.24>
ST_30 : Operation 241 [1/1] (0.00ns)   --->   "%sext_ln136_1 = sext i31 %RECIP_M_Q30_load" [softmax_accel_hls.cc:136->softmax_accel_hls.cc:200]   --->   Operation 241 'sext' 'sext_ln136_1' <Predicate = true> <Delay = 0.00>
ST_30 : Operation 242 [1/1] (0.00ns)   --->   "%zext_ln136_1 = zext i16 %trunc_ln127" [softmax_accel_hls.cc:136->softmax_accel_hls.cc:200]   --->   Operation 242 'zext' 'zext_ln136_1' <Predicate = true> <Delay = 0.00>
ST_30 : Operation 243 [1/1] (8.24ns)   --->   "%mul_ln136 = mul i47 %sext_ln136_1, i47 %zext_ln136_1" [softmax_accel_hls.cc:136->softmax_accel_hls.cc:200]   --->   Operation 243 'mul' 'mul_ln136' <Predicate = true> <Delay = 8.24> <CoreInst = "Multiplier">   --->   Core 3 'Multiplier' <Latency = 0> <II = 1> <Delay = 8.24> <FuncUnit> <Opcode : 'mul'> <InPorts = 2> <OutPorts = 1>
ST_30 : Operation 244 [1/1] (0.00ns)   --->   "%trunc_ln137_1 = partselect i32 @_ssdm_op_PartSelect.i32.i47.i32.i32, i47 %mul_ln136, i32 15, i32 46" [softmax_accel_hls.cc:137->softmax_accel_hls.cc:200]   --->   Operation 244 'partselect' 'trunc_ln137_1' <Predicate = true> <Delay = 0.00>

State 31 <SV = 27> <Delay = 6.97>
ST_31 : Operation 245 [1/1] (0.00ns)   --->   "%zext_ln134_1 = zext i31 %RECIP_B_Q30_load" [softmax_accel_hls.cc:134->softmax_accel_hls.cc:200]   --->   Operation 245 'zext' 'zext_ln134_1' <Predicate = true> <Delay = 0.00>
ST_31 : Operation 246 [1/1] (2.55ns)   --->   "%add_ln137 = add i32 %zext_ln134_1, i32 %trunc_ln137_1" [softmax_accel_hls.cc:137->softmax_accel_hls.cc:200]   --->   Operation 246 'add' 'add_ln137' <Predicate = true> <Delay = 2.55> <CoreInst = "Adder">   --->   Core 1 'Adder' <Latency = 0> <II = 1> <Delay = 2.55> <FuncUnit> <Opcode : 'add' 'sub'> <InPorts = 2> <OutPorts = 1>
ST_31 : Operation 247 [1/1] (0.00ns)   --->   "%trunc_ln144 = trunc i5 %msb" [softmax_accel_hls.cc:144->softmax_accel_hls.cc:200]   --->   Operation 247 'trunc' 'trunc_ln144' <Predicate = true> <Delay = 0.00>
ST_31 : Operation 248 [1/1] (0.00ns)   --->   "%zext_ln144 = zext i4 %trunc_ln144" [softmax_accel_hls.cc:144->softmax_accel_hls.cc:200]   --->   Operation 248 'zext' 'zext_ln144' <Predicate = true> <Delay = 0.00>
ST_31 : Operation 249 [1/1] (4.42ns)   --->   "%inv_sum_1 = ashr i32 %add_ln137, i32 %zext_ln144" [softmax_accel_hls.cc:144->softmax_accel_hls.cc:200]   --->   Operation 249 'ashr' 'inv_sum_1' <Predicate = true> <Delay = 4.42> <CoreInst = "Shifter">   --->   Core 75 'Shifter' <Latency = 0> <II = 1> <Delay = 4.42> <FuncUnit> <Opcode : 'shl' 'lshr' 'ashr'> <InPorts = 2> <OutPorts = 1>
ST_31 : Operation 250 [1/1] (0.00ns)   --->   "%sext_ln143_1 = sext i32 %inv_sum_1" [softmax_accel_hls.cc:143->softmax_accel_hls.cc:200]   --->   Operation 250 'sext' 'sext_ln143_1' <Predicate = true> <Delay = 0.00>
ST_31 : Operation 251 [1/1] (1.58ns)   --->   "%br_ln144 = br void %if.end34.i" [softmax_accel_hls.cc:144->softmax_accel_hls.cc:200]   --->   Operation 251 'br' 'br_ln144' <Predicate = true> <Delay = 1.58>

State 32 <SV = 28> <Delay = 3.84>
ST_32 : Operation 252 [1/1] (0.00ns)   --->   "%inv_sum_2 = phi i48 %sext_ln143_1, void %if.end8.i.thread, i48 %shl_ln145, void %if.end8.i" [softmax_accel_hls.cc:143->softmax_accel_hls.cc:200]   --->   Operation 252 'phi' 'inv_sum_2' <Predicate = (!icmp_ln112)> <Delay = 0.00>
ST_32 : Operation 253 [1/1] (0.00ns)   --->   "%trunc_ln143 = trunc i48 %inv_sum_2" [softmax_accel_hls.cc:143->softmax_accel_hls.cc:200]   --->   Operation 253 'trunc' 'trunc_ln143' <Predicate = (!icmp_ln112)> <Delay = 0.00>
ST_32 : Operation 254 [1/1] (0.00ns)   --->   "%tmp_42 = bitselect i1 @_ssdm_op_BitSelect.i1.i48.i32, i48 %inv_sum_2, i32 47" [softmax_accel_hls.cc:147->softmax_accel_hls.cc:200]   --->   Operation 254 'bitselect' 'tmp_42' <Predicate = (!icmp_ln112)> <Delay = 0.00>
ST_32 : Operation 255 [1/1] (1.03ns)   --->   "%inv_sum_3 = select i1 %tmp_42, i47 0, i47 %trunc_ln143" [softmax_accel_hls.cc:147->softmax_accel_hls.cc:200]   --->   Operation 255 'select' 'inv_sum_3' <Predicate = (!icmp_ln112)> <Delay = 1.03> <CoreInst = "Sel">   --->   Core 73 'Sel' <Latency = 0> <II = 1> <Delay = 1.03> <FuncUnit> <Opcode : 'select'> <InPorts = 3> <OutPorts = 1>
ST_32 : Operation 256 [1/1] (0.00ns)   --->   "%tmp_43 = partselect i16 @_ssdm_op_PartSelect.i16.i47.i32.i32, i47 %inv_sum_3, i32 31, i32 46" [softmax_accel_hls.cc:148->softmax_accel_hls.cc:200]   --->   Operation 256 'partselect' 'tmp_43' <Predicate = (!icmp_ln112)> <Delay = 0.00>
ST_32 : Operation 257 [1/1] (2.07ns)   --->   "%icmp_ln148 = icmp_ne  i16 %tmp_43, i16 0" [softmax_accel_hls.cc:148->softmax_accel_hls.cc:200]   --->   Operation 257 'icmp' 'icmp_ln148' <Predicate = (!icmp_ln112)> <Delay = 2.07> <CoreInst = "Cmp">   --->   Core 9 'Cmp' <Latency = 0> <II = 1> <Delay = 2.07> <FuncUnit> <Opcode : 'seteq' 'setne' 'setle' 'setge' 'setlt' 'setgt'> <InPorts = 2> <OutPorts = 1>
ST_32 : Operation 258 [1/1] (0.00ns)   --->   "%trunc_ln149 = trunc i47 %inv_sum_3" [softmax_accel_hls.cc:149->softmax_accel_hls.cc:200]   --->   Operation 258 'trunc' 'trunc_ln149' <Predicate = (!icmp_ln112)> <Delay = 0.00>
ST_32 : Operation 259 [1/1] (0.73ns)   --->   "%inv_sum_q30 = select i1 %icmp_ln148, i31 2147483647, i31 %trunc_ln149" [softmax_accel_hls.cc:149->softmax_accel_hls.cc:200]   --->   Operation 259 'select' 'inv_sum_q30' <Predicate = (!icmp_ln112)> <Delay = 0.73> <CoreInst = "Sel">   --->   Core 73 'Sel' <Latency = 0> <II = 1> <Delay = 0.73> <FuncUnit> <Opcode : 'select'> <InPorts = 3> <OutPorts = 1>
ST_32 : Operation 260 [1/1] (1.58ns)   --->   "%br_ln0 = br void %VITIS_LOOP_202_3"   --->   Operation 260 'br' 'br_ln0' <Predicate = (!icmp_ln112)> <Delay = 1.58>
ST_32 : Operation 261 [1/1] (0.00ns)   --->   "%tmp_2 = partselect i30 @_ssdm_op_PartSelect.i30.i32.i32.i32, i32 %prob_base_read, i32 2, i32 31" [softmax_accel_hls.cc:202]   --->   Operation 261 'partselect' 'tmp_2' <Predicate = true> <Delay = 0.00>

State 33 <SV = 29> <Delay = 3.41>
ST_33 : Operation 262 [1/1] (0.00ns)   --->   "%inv_sum_q30_1 = phi i31 %inv_sum_q30, void %if.end34.i, i31 2147483647, void %if.end"   --->   Operation 262 'phi' 'inv_sum_q30_1' <Predicate = true> <Delay = 0.00>
ST_33 : Operation 263 [2/2] (3.41ns)   --->   "%call_ln169 = call void @softmax_accel_Pipeline_VITIS_LOOP_202_3, i32 %gmem, i9 %select_ln169, i32 %exp_buf, i31 %inv_sum_q30_1, i30 %tmp_2, i64 %mem_read" [softmax_accel_hls.cc:169]   --->   Operation 263 'call' 'call_ln169' <Predicate = true> <Delay = 3.41> <CoreType = "Generic">   --->   Generic Core

State 34 <SV = 30> <Delay = 3.20>
ST_34 : Operation 264 [1/2] (0.00ns)   --->   "%call_ln169 = call void @softmax_accel_Pipeline_VITIS_LOOP_202_3, i32 %gmem, i9 %select_ln169, i32 %exp_buf, i31 %inv_sum_q30_1, i30 %tmp_2, i64 %mem_read" [softmax_accel_hls.cc:169]   --->   Operation 264 'call' 'call_ln169' <Predicate = true> <Delay = 0.00> <CoreType = "Generic">   --->   Generic Core
ST_34 : Operation 265 [1/1] (0.00ns)   --->   "%tmp_44 = bitselect i1 @_ssdm_op_BitSelect.i1.i32.i32, i32 %sum_2, i32 31" [softmax_accel_hls.cc:217]   --->   Operation 265 'bitselect' 'tmp_44' <Predicate = true> <Delay = 0.00>
ST_34 : Operation 266 [1/1] (3.20ns)   --->   "%br_ln217 = br i1 %tmp_44, void %for.inc54, void %for.end55" [softmax_accel_hls.cc:217]   --->   Operation 266 'br' 'br_ln217' <Predicate = true> <Delay = 3.20>
ST_34 : Operation 267 [1/1] (0.00ns)   --->   "%tmp_45 = bitselect i1 @_ssdm_op_BitSelect.i1.i32.i32, i32 %sum_2, i32 30" [softmax_accel_hls.cc:217]   --->   Operation 267 'bitselect' 'tmp_45' <Predicate = (!tmp_44)> <Delay = 0.00>
ST_34 : Operation 268 [1/1] (3.20ns)   --->   "%br_ln217 = br i1 %tmp_45, void %for.inc54.1, void %for.end55" [softmax_accel_hls.cc:217]   --->   Operation 268 'br' 'br_ln217' <Predicate = (!tmp_44)> <Delay = 3.20>
ST_34 : Operation 269 [1/1] (0.00ns)   --->   "%tmp_46 = bitselect i1 @_ssdm_op_BitSelect.i1.i32.i32, i32 %sum_2, i32 29" [softmax_accel_hls.cc:217]   --->   Operation 269 'bitselect' 'tmp_46' <Predicate = (!tmp_44 & !tmp_45)> <Delay = 0.00>
ST_34 : Operation 270 [1/1] (3.20ns)   --->   "%br_ln217 = br i1 %tmp_46, void %for.inc54.2, void %for.end55" [softmax_accel_hls.cc:217]   --->   Operation 270 'br' 'br_ln217' <Predicate = (!tmp_44 & !tmp_45)> <Delay = 3.20>
ST_34 : Operation 271 [1/1] (0.00ns)   --->   "%tmp_47 = bitselect i1 @_ssdm_op_BitSelect.i1.i32.i32, i32 %sum_2, i32 28" [softmax_accel_hls.cc:217]   --->   Operation 271 'bitselect' 'tmp_47' <Predicate = (!tmp_44 & !tmp_45 & !tmp_46)> <Delay = 0.00>
ST_34 : Operation 272 [1/1] (3.20ns)   --->   "%br_ln217 = br i1 %tmp_47, void %for.inc54.3, void %for.end55" [softmax_accel_hls.cc:217]   --->   Operation 272 'br' 'br_ln217' <Predicate = (!tmp_44 & !tmp_45 & !tmp_46)> <Delay = 3.20>
ST_34 : Operation 273 [1/1] (0.00ns)   --->   "%tmp_48 = bitselect i1 @_ssdm_op_BitSelect.i1.i32.i32, i32 %sum_2, i32 27" [softmax_accel_hls.cc:217]   --->   Operation 273 'bitselect' 'tmp_48' <Predicate = (!tmp_44 & !tmp_45 & !tmp_46 & !tmp_47)> <Delay = 0.00>
ST_34 : Operation 274 [1/1] (3.20ns)   --->   "%br_ln217 = br i1 %tmp_48, void %for.inc54.4, void %for.end55" [softmax_accel_hls.cc:217]   --->   Operation 274 'br' 'br_ln217' <Predicate = (!tmp_44 & !tmp_45 & !tmp_46 & !tmp_47)> <Delay = 3.20>
ST_34 : Operation 275 [1/1] (0.00ns)   --->   "%tmp_49 = bitselect i1 @_ssdm_op_BitSelect.i1.i32.i32, i32 %sum_2, i32 26" [softmax_accel_hls.cc:217]   --->   Operation 275 'bitselect' 'tmp_49' <Predicate = (!tmp_44 & !tmp_45 & !tmp_46 & !tmp_47 & !tmp_48)> <Delay = 0.00>
ST_34 : Operation 276 [1/1] (3.20ns)   --->   "%br_ln217 = br i1 %tmp_49, void %for.inc54.5, void %for.end55" [softmax_accel_hls.cc:217]   --->   Operation 276 'br' 'br_ln217' <Predicate = (!tmp_44 & !tmp_45 & !tmp_46 & !tmp_47 & !tmp_48)> <Delay = 3.20>
ST_34 : Operation 277 [1/1] (0.00ns)   --->   "%tmp_50 = bitselect i1 @_ssdm_op_BitSelect.i1.i32.i32, i32 %sum_2, i32 25" [softmax_accel_hls.cc:217]   --->   Operation 277 'bitselect' 'tmp_50' <Predicate = (!tmp_44 & !tmp_45 & !tmp_46 & !tmp_47 & !tmp_48 & !tmp_49)> <Delay = 0.00>
ST_34 : Operation 278 [1/1] (3.20ns)   --->   "%br_ln217 = br i1 %tmp_50, void %for.inc54.6, void %for.end55" [softmax_accel_hls.cc:217]   --->   Operation 278 'br' 'br_ln217' <Predicate = (!tmp_44 & !tmp_45 & !tmp_46 & !tmp_47 & !tmp_48 & !tmp_49)> <Delay = 3.20>
ST_34 : Operation 279 [1/1] (0.00ns)   --->   "%tmp_51 = bitselect i1 @_ssdm_op_BitSelect.i1.i32.i32, i32 %sum_2, i32 24" [softmax_accel_hls.cc:217]   --->   Operation 279 'bitselect' 'tmp_51' <Predicate = (!tmp_44 & !tmp_45 & !tmp_46 & !tmp_47 & !tmp_48 & !tmp_49 & !tmp_50)> <Delay = 0.00>
ST_34 : Operation 280 [1/1] (3.20ns)   --->   "%br_ln217 = br i1 %tmp_51, void %for.inc54.7, void %for.end55" [softmax_accel_hls.cc:217]   --->   Operation 280 'br' 'br_ln217' <Predicate = (!tmp_44 & !tmp_45 & !tmp_46 & !tmp_47 & !tmp_48 & !tmp_49 & !tmp_50)> <Delay = 3.20>
ST_34 : Operation 281 [1/1] (0.00ns)   --->   "%tmp_52 = bitselect i1 @_ssdm_op_BitSelect.i1.i32.i32, i32 %sum_2, i32 23" [softmax_accel_hls.cc:217]   --->   Operation 281 'bitselect' 'tmp_52' <Predicate = (!tmp_44 & !tmp_45 & !tmp_46 & !tmp_47 & !tmp_48 & !tmp_49 & !tmp_50 & !tmp_51)> <Delay = 0.00>
ST_34 : Operation 282 [1/1] (3.20ns)   --->   "%br_ln217 = br i1 %tmp_52, void %for.inc54.8, void %for.end55" [softmax_accel_hls.cc:217]   --->   Operation 282 'br' 'br_ln217' <Predicate = (!tmp_44 & !tmp_45 & !tmp_46 & !tmp_47 & !tmp_48 & !tmp_49 & !tmp_50 & !tmp_51)> <Delay = 3.20>
ST_34 : Operation 283 [1/1] (0.00ns)   --->   "%tmp_53 = bitselect i1 @_ssdm_op_BitSelect.i1.i32.i32, i32 %sum_2, i32 22" [softmax_accel_hls.cc:217]   --->   Operation 283 'bitselect' 'tmp_53' <Predicate = (!tmp_44 & !tmp_45 & !tmp_46 & !tmp_47 & !tmp_48 & !tmp_49 & !tmp_50 & !tmp_51 & !tmp_52)> <Delay = 0.00>
ST_34 : Operation 284 [1/1] (3.20ns)   --->   "%br_ln217 = br i1 %tmp_53, void %for.inc54.9, void %for.end55" [softmax_accel_hls.cc:217]   --->   Operation 284 'br' 'br_ln217' <Predicate = (!tmp_44 & !tmp_45 & !tmp_46 & !tmp_47 & !tmp_48 & !tmp_49 & !tmp_50 & !tmp_51 & !tmp_52)> <Delay = 3.20>
ST_34 : Operation 285 [1/1] (0.00ns)   --->   "%tmp_54 = bitselect i1 @_ssdm_op_BitSelect.i1.i32.i32, i32 %sum_2, i32 21" [softmax_accel_hls.cc:217]   --->   Operation 285 'bitselect' 'tmp_54' <Predicate = (!tmp_44 & !tmp_45 & !tmp_46 & !tmp_47 & !tmp_48 & !tmp_49 & !tmp_50 & !tmp_51 & !tmp_52 & !tmp_53)> <Delay = 0.00>
ST_34 : Operation 286 [1/1] (3.20ns)   --->   "%br_ln217 = br i1 %tmp_54, void %for.inc54.10, void %for.end55" [softmax_accel_hls.cc:217]   --->   Operation 286 'br' 'br_ln217' <Predicate = (!tmp_44 & !tmp_45 & !tmp_46 & !tmp_47 & !tmp_48 & !tmp_49 & !tmp_50 & !tmp_51 & !tmp_52 & !tmp_53)> <Delay = 3.20>
ST_34 : Operation 287 [1/1] (0.00ns)   --->   "%tmp_55 = bitselect i1 @_ssdm_op_BitSelect.i1.i32.i32, i32 %sum_2, i32 20" [softmax_accel_hls.cc:217]   --->   Operation 287 'bitselect' 'tmp_55' <Predicate = (!tmp_44 & !tmp_45 & !tmp_46 & !tmp_47 & !tmp_48 & !tmp_49 & !tmp_50 & !tmp_51 & !tmp_52 & !tmp_53 & !tmp_54)> <Delay = 0.00>
ST_34 : Operation 288 [1/1] (3.20ns)   --->   "%br_ln217 = br i1 %tmp_55, void %for.inc54.11, void %for.end55" [softmax_accel_hls.cc:217]   --->   Operation 288 'br' 'br_ln217' <Predicate = (!tmp_44 & !tmp_45 & !tmp_46 & !tmp_47 & !tmp_48 & !tmp_49 & !tmp_50 & !tmp_51 & !tmp_52 & !tmp_53 & !tmp_54)> <Delay = 3.20>
ST_34 : Operation 289 [1/1] (0.00ns)   --->   "%tmp_56 = bitselect i1 @_ssdm_op_BitSelect.i1.i32.i32, i32 %sum_2, i32 19" [softmax_accel_hls.cc:217]   --->   Operation 289 'bitselect' 'tmp_56' <Predicate = (!tmp_44 & !tmp_45 & !tmp_46 & !tmp_47 & !tmp_48 & !tmp_49 & !tmp_50 & !tmp_51 & !tmp_52 & !tmp_53 & !tmp_54 & !tmp_55)> <Delay = 0.00>
ST_34 : Operation 290 [1/1] (3.20ns)   --->   "%br_ln217 = br i1 %tmp_56, void %for.inc54.12, void %for.end55" [softmax_accel_hls.cc:217]   --->   Operation 290 'br' 'br_ln217' <Predicate = (!tmp_44 & !tmp_45 & !tmp_46 & !tmp_47 & !tmp_48 & !tmp_49 & !tmp_50 & !tmp_51 & !tmp_52 & !tmp_53 & !tmp_54 & !tmp_55)> <Delay = 3.20>
ST_34 : Operation 291 [1/1] (0.00ns)   --->   "%tmp_57 = bitselect i1 @_ssdm_op_BitSelect.i1.i32.i32, i32 %sum_2, i32 18" [softmax_accel_hls.cc:217]   --->   Operation 291 'bitselect' 'tmp_57' <Predicate = (!tmp_44 & !tmp_45 & !tmp_46 & !tmp_47 & !tmp_48 & !tmp_49 & !tmp_50 & !tmp_51 & !tmp_52 & !tmp_53 & !tmp_54 & !tmp_55 & !tmp_56)> <Delay = 0.00>
ST_34 : Operation 292 [1/1] (3.20ns)   --->   "%br_ln217 = br i1 %tmp_57, void %for.inc54.13, void %for.end55" [softmax_accel_hls.cc:217]   --->   Operation 292 'br' 'br_ln217' <Predicate = (!tmp_44 & !tmp_45 & !tmp_46 & !tmp_47 & !tmp_48 & !tmp_49 & !tmp_50 & !tmp_51 & !tmp_52 & !tmp_53 & !tmp_54 & !tmp_55 & !tmp_56)> <Delay = 3.20>
ST_34 : Operation 293 [1/1] (0.00ns)   --->   "%tmp_58 = bitselect i1 @_ssdm_op_BitSelect.i1.i32.i32, i32 %sum_2, i32 17" [softmax_accel_hls.cc:217]   --->   Operation 293 'bitselect' 'tmp_58' <Predicate = (!tmp_44 & !tmp_45 & !tmp_46 & !tmp_47 & !tmp_48 & !tmp_49 & !tmp_50 & !tmp_51 & !tmp_52 & !tmp_53 & !tmp_54 & !tmp_55 & !tmp_56 & !tmp_57)> <Delay = 0.00>
ST_34 : Operation 294 [1/1] (3.20ns)   --->   "%br_ln217 = br i1 %tmp_58, void %for.inc54.14, void %for.end55" [softmax_accel_hls.cc:217]   --->   Operation 294 'br' 'br_ln217' <Predicate = (!tmp_44 & !tmp_45 & !tmp_46 & !tmp_47 & !tmp_48 & !tmp_49 & !tmp_50 & !tmp_51 & !tmp_52 & !tmp_53 & !tmp_54 & !tmp_55 & !tmp_56 & !tmp_57)> <Delay = 3.20>
ST_34 : Operation 295 [1/1] (0.00ns)   --->   "%tmp_59 = bitselect i1 @_ssdm_op_BitSelect.i1.i32.i32, i32 %sum_2, i32 16" [softmax_accel_hls.cc:217]   --->   Operation 295 'bitselect' 'tmp_59' <Predicate = (!tmp_44 & !tmp_45 & !tmp_46 & !tmp_47 & !tmp_48 & !tmp_49 & !tmp_50 & !tmp_51 & !tmp_52 & !tmp_53 & !tmp_54 & !tmp_55 & !tmp_56 & !tmp_57 & !tmp_58)> <Delay = 0.00>
ST_34 : Operation 296 [1/1] (3.20ns)   --->   "%br_ln217 = br i1 %tmp_59, void %for.inc54.15, void %for.end55" [softmax_accel_hls.cc:217]   --->   Operation 296 'br' 'br_ln217' <Predicate = (!tmp_44 & !tmp_45 & !tmp_46 & !tmp_47 & !tmp_48 & !tmp_49 & !tmp_50 & !tmp_51 & !tmp_52 & !tmp_53 & !tmp_54 & !tmp_55 & !tmp_56 & !tmp_57 & !tmp_58)> <Delay = 3.20>
ST_34 : Operation 297 [1/1] (0.00ns)   --->   "%tmp_60 = bitselect i1 @_ssdm_op_BitSelect.i1.i32.i32, i32 %sum_2, i32 15" [softmax_accel_hls.cc:217]   --->   Operation 297 'bitselect' 'tmp_60' <Predicate = (!tmp_44 & !tmp_45 & !tmp_46 & !tmp_47 & !tmp_48 & !tmp_49 & !tmp_50 & !tmp_51 & !tmp_52 & !tmp_53 & !tmp_54 & !tmp_55 & !tmp_56 & !tmp_57 & !tmp_58 & !tmp_59)> <Delay = 0.00>
ST_34 : Operation 298 [1/1] (3.20ns)   --->   "%br_ln217 = br i1 %tmp_60, void %for.inc54.16, void %for.end55" [softmax_accel_hls.cc:217]   --->   Operation 298 'br' 'br_ln217' <Predicate = (!tmp_44 & !tmp_45 & !tmp_46 & !tmp_47 & !tmp_48 & !tmp_49 & !tmp_50 & !tmp_51 & !tmp_52 & !tmp_53 & !tmp_54 & !tmp_55 & !tmp_56 & !tmp_57 & !tmp_58 & !tmp_59)> <Delay = 3.20>
ST_34 : Operation 299 [1/1] (0.00ns)   --->   "%tmp_61 = bitselect i1 @_ssdm_op_BitSelect.i1.i32.i32, i32 %sum_2, i32 14" [softmax_accel_hls.cc:217]   --->   Operation 299 'bitselect' 'tmp_61' <Predicate = (!tmp_44 & !tmp_45 & !tmp_46 & !tmp_47 & !tmp_48 & !tmp_49 & !tmp_50 & !tmp_51 & !tmp_52 & !tmp_53 & !tmp_54 & !tmp_55 & !tmp_56 & !tmp_57 & !tmp_58 & !tmp_59 & !tmp_60)> <Delay = 0.00>
ST_34 : Operation 300 [1/1] (3.20ns)   --->   "%br_ln217 = br i1 %tmp_61, void %for.inc54.17, void %for.end55" [softmax_accel_hls.cc:217]   --->   Operation 300 'br' 'br_ln217' <Predicate = (!tmp_44 & !tmp_45 & !tmp_46 & !tmp_47 & !tmp_48 & !tmp_49 & !tmp_50 & !tmp_51 & !tmp_52 & !tmp_53 & !tmp_54 & !tmp_55 & !tmp_56 & !tmp_57 & !tmp_58 & !tmp_59 & !tmp_60)> <Delay = 3.20>
ST_34 : Operation 301 [1/1] (0.00ns)   --->   "%tmp_62 = bitselect i1 @_ssdm_op_BitSelect.i1.i32.i32, i32 %sum_2, i32 13" [softmax_accel_hls.cc:217]   --->   Operation 301 'bitselect' 'tmp_62' <Predicate = (!tmp_44 & !tmp_45 & !tmp_46 & !tmp_47 & !tmp_48 & !tmp_49 & !tmp_50 & !tmp_51 & !tmp_52 & !tmp_53 & !tmp_54 & !tmp_55 & !tmp_56 & !tmp_57 & !tmp_58 & !tmp_59 & !tmp_60 & !tmp_61)> <Delay = 0.00>
ST_34 : Operation 302 [1/1] (3.20ns)   --->   "%br_ln217 = br i1 %tmp_62, void %for.inc54.18, void %for.end55" [softmax_accel_hls.cc:217]   --->   Operation 302 'br' 'br_ln217' <Predicate = (!tmp_44 & !tmp_45 & !tmp_46 & !tmp_47 & !tmp_48 & !tmp_49 & !tmp_50 & !tmp_51 & !tmp_52 & !tmp_53 & !tmp_54 & !tmp_55 & !tmp_56 & !tmp_57 & !tmp_58 & !tmp_59 & !tmp_60 & !tmp_61)> <Delay = 3.20>
ST_34 : Operation 303 [1/1] (0.00ns)   --->   "%tmp_63 = bitselect i1 @_ssdm_op_BitSelect.i1.i32.i32, i32 %sum_2, i32 12" [softmax_accel_hls.cc:217]   --->   Operation 303 'bitselect' 'tmp_63' <Predicate = (!tmp_44 & !tmp_45 & !tmp_46 & !tmp_47 & !tmp_48 & !tmp_49 & !tmp_50 & !tmp_51 & !tmp_52 & !tmp_53 & !tmp_54 & !tmp_55 & !tmp_56 & !tmp_57 & !tmp_58 & !tmp_59 & !tmp_60 & !tmp_61 & !tmp_62)> <Delay = 0.00>
ST_34 : Operation 304 [1/1] (3.20ns)   --->   "%br_ln217 = br i1 %tmp_63, void %for.inc54.19, void %for.end55" [softmax_accel_hls.cc:217]   --->   Operation 304 'br' 'br_ln217' <Predicate = (!tmp_44 & !tmp_45 & !tmp_46 & !tmp_47 & !tmp_48 & !tmp_49 & !tmp_50 & !tmp_51 & !tmp_52 & !tmp_53 & !tmp_54 & !tmp_55 & !tmp_56 & !tmp_57 & !tmp_58 & !tmp_59 & !tmp_60 & !tmp_61 & !tmp_62)> <Delay = 3.20>
ST_34 : Operation 305 [1/1] (0.00ns)   --->   "%tmp_64 = bitselect i1 @_ssdm_op_BitSelect.i1.i32.i32, i32 %sum_2, i32 11" [softmax_accel_hls.cc:217]   --->   Operation 305 'bitselect' 'tmp_64' <Predicate = (!tmp_44 & !tmp_45 & !tmp_46 & !tmp_47 & !tmp_48 & !tmp_49 & !tmp_50 & !tmp_51 & !tmp_52 & !tmp_53 & !tmp_54 & !tmp_55 & !tmp_56 & !tmp_57 & !tmp_58 & !tmp_59 & !tmp_60 & !tmp_61 & !tmp_62 & !tmp_63)> <Delay = 0.00>
ST_34 : Operation 306 [1/1] (3.20ns)   --->   "%br_ln217 = br i1 %tmp_64, void %for.inc54.20, void %for.end55" [softmax_accel_hls.cc:217]   --->   Operation 306 'br' 'br_ln217' <Predicate = (!tmp_44 & !tmp_45 & !tmp_46 & !tmp_47 & !tmp_48 & !tmp_49 & !tmp_50 & !tmp_51 & !tmp_52 & !tmp_53 & !tmp_54 & !tmp_55 & !tmp_56 & !tmp_57 & !tmp_58 & !tmp_59 & !tmp_60 & !tmp_61 & !tmp_62 & !tmp_63)> <Delay = 3.20>
ST_34 : Operation 307 [1/1] (0.00ns)   --->   "%tmp_65 = bitselect i1 @_ssdm_op_BitSelect.i1.i32.i32, i32 %sum_2, i32 10" [softmax_accel_hls.cc:217]   --->   Operation 307 'bitselect' 'tmp_65' <Predicate = (!tmp_44 & !tmp_45 & !tmp_46 & !tmp_47 & !tmp_48 & !tmp_49 & !tmp_50 & !tmp_51 & !tmp_52 & !tmp_53 & !tmp_54 & !tmp_55 & !tmp_56 & !tmp_57 & !tmp_58 & !tmp_59 & !tmp_60 & !tmp_61 & !tmp_62 & !tmp_63 & !tmp_64)> <Delay = 0.00>
ST_34 : Operation 308 [1/1] (3.20ns)   --->   "%br_ln217 = br i1 %tmp_65, void %for.inc54.21, void %for.end55" [softmax_accel_hls.cc:217]   --->   Operation 308 'br' 'br_ln217' <Predicate = (!tmp_44 & !tmp_45 & !tmp_46 & !tmp_47 & !tmp_48 & !tmp_49 & !tmp_50 & !tmp_51 & !tmp_52 & !tmp_53 & !tmp_54 & !tmp_55 & !tmp_56 & !tmp_57 & !tmp_58 & !tmp_59 & !tmp_60 & !tmp_61 & !tmp_62 & !tmp_63 & !tmp_64)> <Delay = 3.20>
ST_34 : Operation 309 [1/1] (0.00ns)   --->   "%tmp_66 = bitselect i1 @_ssdm_op_BitSelect.i1.i32.i32, i32 %sum_2, i32 9" [softmax_accel_hls.cc:217]   --->   Operation 309 'bitselect' 'tmp_66' <Predicate = (!tmp_44 & !tmp_45 & !tmp_46 & !tmp_47 & !tmp_48 & !tmp_49 & !tmp_50 & !tmp_51 & !tmp_52 & !tmp_53 & !tmp_54 & !tmp_55 & !tmp_56 & !tmp_57 & !tmp_58 & !tmp_59 & !tmp_60 & !tmp_61 & !tmp_62 & !tmp_63 & !tmp_64 & !tmp_65)> <Delay = 0.00>
ST_34 : Operation 310 [1/1] (3.20ns)   --->   "%br_ln217 = br i1 %tmp_66, void %for.inc54.22, void %for.end55" [softmax_accel_hls.cc:217]   --->   Operation 310 'br' 'br_ln217' <Predicate = (!tmp_44 & !tmp_45 & !tmp_46 & !tmp_47 & !tmp_48 & !tmp_49 & !tmp_50 & !tmp_51 & !tmp_52 & !tmp_53 & !tmp_54 & !tmp_55 & !tmp_56 & !tmp_57 & !tmp_58 & !tmp_59 & !tmp_60 & !tmp_61 & !tmp_62 & !tmp_63 & !tmp_64 & !tmp_65)> <Delay = 3.20>
ST_34 : Operation 311 [1/1] (0.00ns)   --->   "%tmp_67 = bitselect i1 @_ssdm_op_BitSelect.i1.i32.i32, i32 %sum_2, i32 8" [softmax_accel_hls.cc:217]   --->   Operation 311 'bitselect' 'tmp_67' <Predicate = (!tmp_44 & !tmp_45 & !tmp_46 & !tmp_47 & !tmp_48 & !tmp_49 & !tmp_50 & !tmp_51 & !tmp_52 & !tmp_53 & !tmp_54 & !tmp_55 & !tmp_56 & !tmp_57 & !tmp_58 & !tmp_59 & !tmp_60 & !tmp_61 & !tmp_62 & !tmp_63 & !tmp_64 & !tmp_65 & !tmp_66)> <Delay = 0.00>
ST_34 : Operation 312 [1/1] (3.20ns)   --->   "%br_ln217 = br i1 %tmp_67, void %for.inc54.23, void %for.end55" [softmax_accel_hls.cc:217]   --->   Operation 312 'br' 'br_ln217' <Predicate = (!tmp_44 & !tmp_45 & !tmp_46 & !tmp_47 & !tmp_48 & !tmp_49 & !tmp_50 & !tmp_51 & !tmp_52 & !tmp_53 & !tmp_54 & !tmp_55 & !tmp_56 & !tmp_57 & !tmp_58 & !tmp_59 & !tmp_60 & !tmp_61 & !tmp_62 & !tmp_63 & !tmp_64 & !tmp_65 & !tmp_66)> <Delay = 3.20>
ST_34 : Operation 313 [1/1] (0.00ns)   --->   "%tmp_68 = bitselect i1 @_ssdm_op_BitSelect.i1.i32.i32, i32 %sum_2, i32 7" [softmax_accel_hls.cc:217]   --->   Operation 313 'bitselect' 'tmp_68' <Predicate = (!tmp_44 & !tmp_45 & !tmp_46 & !tmp_47 & !tmp_48 & !tmp_49 & !tmp_50 & !tmp_51 & !tmp_52 & !tmp_53 & !tmp_54 & !tmp_55 & !tmp_56 & !tmp_57 & !tmp_58 & !tmp_59 & !tmp_60 & !tmp_61 & !tmp_62 & !tmp_63 & !tmp_64 & !tmp_65 & !tmp_66 & !tmp_67)> <Delay = 0.00>
ST_34 : Operation 314 [1/1] (3.20ns)   --->   "%br_ln217 = br i1 %tmp_68, void %for.inc54.24, void %for.end55" [softmax_accel_hls.cc:217]   --->   Operation 314 'br' 'br_ln217' <Predicate = (!tmp_44 & !tmp_45 & !tmp_46 & !tmp_47 & !tmp_48 & !tmp_49 & !tmp_50 & !tmp_51 & !tmp_52 & !tmp_53 & !tmp_54 & !tmp_55 & !tmp_56 & !tmp_57 & !tmp_58 & !tmp_59 & !tmp_60 & !tmp_61 & !tmp_62 & !tmp_63 & !tmp_64 & !tmp_65 & !tmp_66 & !tmp_67)> <Delay = 3.20>
ST_34 : Operation 315 [1/1] (0.00ns)   --->   "%tmp_69 = bitselect i1 @_ssdm_op_BitSelect.i1.i32.i32, i32 %sum_2, i32 6" [softmax_accel_hls.cc:217]   --->   Operation 315 'bitselect' 'tmp_69' <Predicate = (!tmp_44 & !tmp_45 & !tmp_46 & !tmp_47 & !tmp_48 & !tmp_49 & !tmp_50 & !tmp_51 & !tmp_52 & !tmp_53 & !tmp_54 & !tmp_55 & !tmp_56 & !tmp_57 & !tmp_58 & !tmp_59 & !tmp_60 & !tmp_61 & !tmp_62 & !tmp_63 & !tmp_64 & !tmp_65 & !tmp_66 & !tmp_67 & !tmp_68)> <Delay = 0.00>
ST_34 : Operation 316 [1/1] (3.20ns)   --->   "%br_ln217 = br i1 %tmp_69, void %for.inc54.25, void %for.end55" [softmax_accel_hls.cc:217]   --->   Operation 316 'br' 'br_ln217' <Predicate = (!tmp_44 & !tmp_45 & !tmp_46 & !tmp_47 & !tmp_48 & !tmp_49 & !tmp_50 & !tmp_51 & !tmp_52 & !tmp_53 & !tmp_54 & !tmp_55 & !tmp_56 & !tmp_57 & !tmp_58 & !tmp_59 & !tmp_60 & !tmp_61 & !tmp_62 & !tmp_63 & !tmp_64 & !tmp_65 & !tmp_66 & !tmp_67 & !tmp_68)> <Delay = 3.20>
ST_34 : Operation 317 [1/1] (0.00ns)   --->   "%tmp_70 = bitselect i1 @_ssdm_op_BitSelect.i1.i32.i32, i32 %sum_2, i32 5" [softmax_accel_hls.cc:217]   --->   Operation 317 'bitselect' 'tmp_70' <Predicate = (!tmp_44 & !tmp_45 & !tmp_46 & !tmp_47 & !tmp_48 & !tmp_49 & !tmp_50 & !tmp_51 & !tmp_52 & !tmp_53 & !tmp_54 & !tmp_55 & !tmp_56 & !tmp_57 & !tmp_58 & !tmp_59 & !tmp_60 & !tmp_61 & !tmp_62 & !tmp_63 & !tmp_64 & !tmp_65 & !tmp_66 & !tmp_67 & !tmp_68 & !tmp_69)> <Delay = 0.00>
ST_34 : Operation 318 [1/1] (3.20ns)   --->   "%br_ln217 = br i1 %tmp_70, void %for.inc54.26, void %for.end55" [softmax_accel_hls.cc:217]   --->   Operation 318 'br' 'br_ln217' <Predicate = (!tmp_44 & !tmp_45 & !tmp_46 & !tmp_47 & !tmp_48 & !tmp_49 & !tmp_50 & !tmp_51 & !tmp_52 & !tmp_53 & !tmp_54 & !tmp_55 & !tmp_56 & !tmp_57 & !tmp_58 & !tmp_59 & !tmp_60 & !tmp_61 & !tmp_62 & !tmp_63 & !tmp_64 & !tmp_65 & !tmp_66 & !tmp_67 & !tmp_68 & !tmp_69)> <Delay = 3.20>
ST_34 : Operation 319 [1/1] (0.00ns)   --->   "%tmp_71 = bitselect i1 @_ssdm_op_BitSelect.i1.i32.i32, i32 %sum_2, i32 4" [softmax_accel_hls.cc:217]   --->   Operation 319 'bitselect' 'tmp_71' <Predicate = (!tmp_44 & !tmp_45 & !tmp_46 & !tmp_47 & !tmp_48 & !tmp_49 & !tmp_50 & !tmp_51 & !tmp_52 & !tmp_53 & !tmp_54 & !tmp_55 & !tmp_56 & !tmp_57 & !tmp_58 & !tmp_59 & !tmp_60 & !tmp_61 & !tmp_62 & !tmp_63 & !tmp_64 & !tmp_65 & !tmp_66 & !tmp_67 & !tmp_68 & !tmp_69 & !tmp_70)> <Delay = 0.00>
ST_34 : Operation 320 [1/1] (3.20ns)   --->   "%br_ln217 = br i1 %tmp_71, void %for.inc54.27, void %for.end55" [softmax_accel_hls.cc:217]   --->   Operation 320 'br' 'br_ln217' <Predicate = (!tmp_44 & !tmp_45 & !tmp_46 & !tmp_47 & !tmp_48 & !tmp_49 & !tmp_50 & !tmp_51 & !tmp_52 & !tmp_53 & !tmp_54 & !tmp_55 & !tmp_56 & !tmp_57 & !tmp_58 & !tmp_59 & !tmp_60 & !tmp_61 & !tmp_62 & !tmp_63 & !tmp_64 & !tmp_65 & !tmp_66 & !tmp_67 & !tmp_68 & !tmp_69 & !tmp_70)> <Delay = 3.20>
ST_34 : Operation 321 [1/1] (0.00ns)   --->   "%tmp_72 = bitselect i1 @_ssdm_op_BitSelect.i1.i32.i32, i32 %sum_2, i32 3" [softmax_accel_hls.cc:217]   --->   Operation 321 'bitselect' 'tmp_72' <Predicate = (!tmp_44 & !tmp_45 & !tmp_46 & !tmp_47 & !tmp_48 & !tmp_49 & !tmp_50 & !tmp_51 & !tmp_52 & !tmp_53 & !tmp_54 & !tmp_55 & !tmp_56 & !tmp_57 & !tmp_58 & !tmp_59 & !tmp_60 & !tmp_61 & !tmp_62 & !tmp_63 & !tmp_64 & !tmp_65 & !tmp_66 & !tmp_67 & !tmp_68 & !tmp_69 & !tmp_70 & !tmp_71)> <Delay = 0.00>
ST_34 : Operation 322 [1/1] (3.20ns)   --->   "%br_ln217 = br i1 %tmp_72, void %for.inc54.28, void %for.end55" [softmax_accel_hls.cc:217]   --->   Operation 322 'br' 'br_ln217' <Predicate = (!tmp_44 & !tmp_45 & !tmp_46 & !tmp_47 & !tmp_48 & !tmp_49 & !tmp_50 & !tmp_51 & !tmp_52 & !tmp_53 & !tmp_54 & !tmp_55 & !tmp_56 & !tmp_57 & !tmp_58 & !tmp_59 & !tmp_60 & !tmp_61 & !tmp_62 & !tmp_63 & !tmp_64 & !tmp_65 & !tmp_66 & !tmp_67 & !tmp_68 & !tmp_69 & !tmp_70 & !tmp_71)> <Delay = 3.20>
ST_34 : Operation 323 [1/1] (0.00ns)   --->   "%tmp_73 = bitselect i1 @_ssdm_op_BitSelect.i1.i32.i32, i32 %sum_2, i32 2" [softmax_accel_hls.cc:217]   --->   Operation 323 'bitselect' 'tmp_73' <Predicate = (!tmp_44 & !tmp_45 & !tmp_46 & !tmp_47 & !tmp_48 & !tmp_49 & !tmp_50 & !tmp_51 & !tmp_52 & !tmp_53 & !tmp_54 & !tmp_55 & !tmp_56 & !tmp_57 & !tmp_58 & !tmp_59 & !tmp_60 & !tmp_61 & !tmp_62 & !tmp_63 & !tmp_64 & !tmp_65 & !tmp_66 & !tmp_67 & !tmp_68 & !tmp_69 & !tmp_70 & !tmp_71 & !tmp_72)> <Delay = 0.00>
ST_34 : Operation 324 [1/1] (3.20ns)   --->   "%br_ln217 = br i1 %tmp_73, void %for.inc54.29, void %for.end55" [softmax_accel_hls.cc:217]   --->   Operation 324 'br' 'br_ln217' <Predicate = (!tmp_44 & !tmp_45 & !tmp_46 & !tmp_47 & !tmp_48 & !tmp_49 & !tmp_50 & !tmp_51 & !tmp_52 & !tmp_53 & !tmp_54 & !tmp_55 & !tmp_56 & !tmp_57 & !tmp_58 & !tmp_59 & !tmp_60 & !tmp_61 & !tmp_62 & !tmp_63 & !tmp_64 & !tmp_65 & !tmp_66 & !tmp_67 & !tmp_68 & !tmp_69 & !tmp_70 & !tmp_71 & !tmp_72)> <Delay = 3.20>
ST_34 : Operation 325 [1/1] (0.00ns)   --->   "%tmp_74 = bitselect i1 @_ssdm_op_BitSelect.i1.i32.i32, i32 %sum_2, i32 1" [softmax_accel_hls.cc:217]   --->   Operation 325 'bitselect' 'tmp_74' <Predicate = (!tmp_44 & !tmp_45 & !tmp_46 & !tmp_47 & !tmp_48 & !tmp_49 & !tmp_50 & !tmp_51 & !tmp_52 & !tmp_53 & !tmp_54 & !tmp_55 & !tmp_56 & !tmp_57 & !tmp_58 & !tmp_59 & !tmp_60 & !tmp_61 & !tmp_62 & !tmp_63 & !tmp_64 & !tmp_65 & !tmp_66 & !tmp_67 & !tmp_68 & !tmp_69 & !tmp_70 & !tmp_71 & !tmp_72 & !tmp_73)> <Delay = 0.00>
ST_34 : Operation 326 [1/1] (3.20ns)   --->   "%br_ln217 = br i1 %tmp_74, void %for.inc54.30, void %for.end55" [softmax_accel_hls.cc:217]   --->   Operation 326 'br' 'br_ln217' <Predicate = (!tmp_44 & !tmp_45 & !tmp_46 & !tmp_47 & !tmp_48 & !tmp_49 & !tmp_50 & !tmp_51 & !tmp_52 & !tmp_53 & !tmp_54 & !tmp_55 & !tmp_56 & !tmp_57 & !tmp_58 & !tmp_59 & !tmp_60 & !tmp_61 & !tmp_62 & !tmp_63 & !tmp_64 & !tmp_65 & !tmp_66 & !tmp_67 & !tmp_68 & !tmp_69 & !tmp_70 & !tmp_71 & !tmp_72 & !tmp_73)> <Delay = 3.20>
ST_34 : Operation 327 [1/1] (0.00ns)   --->   "%trunc_ln217 = trunc i32 %sum_2" [softmax_accel_hls.cc:217]   --->   Operation 327 'trunc' 'trunc_ln217' <Predicate = (!tmp_44 & !tmp_45 & !tmp_46 & !tmp_47 & !tmp_48 & !tmp_49 & !tmp_50 & !tmp_51 & !tmp_52 & !tmp_53 & !tmp_54 & !tmp_55 & !tmp_56 & !tmp_57 & !tmp_58 & !tmp_59 & !tmp_60 & !tmp_61 & !tmp_62 & !tmp_63 & !tmp_64 & !tmp_65 & !tmp_66 & !tmp_67 & !tmp_68 & !tmp_69 & !tmp_70 & !tmp_71 & !tmp_72 & !tmp_73 & !tmp_74)> <Delay = 0.00>
ST_34 : Operation 328 [1/1] (1.21ns)   --->   "%select_ln217 = select i1 %trunc_ln217, i5 16, i5 15" [softmax_accel_hls.cc:217]   --->   Operation 328 'select' 'select_ln217' <Predicate = (!tmp_44 & !tmp_45 & !tmp_46 & !tmp_47 & !tmp_48 & !tmp_49 & !tmp_50 & !tmp_51 & !tmp_52 & !tmp_53 & !tmp_54 & !tmp_55 & !tmp_56 & !tmp_57 & !tmp_58 & !tmp_59 & !tmp_60 & !tmp_61 & !tmp_62 & !tmp_63 & !tmp_64 & !tmp_65 & !tmp_66 & !tmp_67 & !tmp_68 & !tmp_69 & !tmp_70 & !tmp_71 & !tmp_72 & !tmp_73 & !tmp_74)> <Delay = 1.21> <CoreInst = "Sel">   --->   Core 73 'Sel' <Latency = 0> <II = 1> <Delay = 1.21> <FuncUnit> <Opcode : 'select'> <InPorts = 3> <OutPorts = 1>
ST_34 : Operation 329 [1/1] (3.20ns)   --->   "%br_ln217 = br void %for.end55" [softmax_accel_hls.cc:217]   --->   Operation 329 'br' 'br_ln217' <Predicate = (!tmp_44 & !tmp_45 & !tmp_46 & !tmp_47 & !tmp_48 & !tmp_49 & !tmp_50 & !tmp_51 & !tmp_52 & !tmp_53 & !tmp_54 & !tmp_55 & !tmp_56 & !tmp_57 & !tmp_58 & !tmp_59 & !tmp_60 & !tmp_61 & !tmp_62 & !tmp_63 & !tmp_64 & !tmp_65 & !tmp_66 & !tmp_67 & !tmp_68 & !tmp_69 & !tmp_70 & !tmp_71 & !tmp_72 & !tmp_73 & !tmp_74)> <Delay = 3.20>

State 35 <SV = 31> <Delay = 6.01>
ST_35 : Operation 330 [1/1] (0.00ns)   --->   "%and_ln1 = bitconcatenate i32 @_ssdm_op_BitConcatenate.i32.i30.i2, i30 %tmp_1, i2 0" [softmax_accel_hls.cc:221]   --->   Operation 330 'bitconcatenate' 'and_ln1' <Predicate = true> <Delay = 0.00>
ST_35 : Operation 331 [1/1] (0.00ns)   --->   "%zext_ln221 = zext i32 %and_ln1" [softmax_accel_hls.cc:221]   --->   Operation 331 'zext' 'zext_ln221' <Predicate = true> <Delay = 0.00>
ST_35 : Operation 332 [1/1] (3.52ns)   --->   "%add_ln221 = add i64 %zext_ln221, i64 %mem_read" [softmax_accel_hls.cc:221]   --->   Operation 332 'add' 'add_ln221' <Predicate = true> <Delay = 3.52> <CoreInst = "Adder">   --->   Core 1 'Adder' <Latency = 0> <II = 1> <Delay = 3.52> <FuncUnit> <Opcode : 'add' 'sub'> <InPorts = 2> <OutPorts = 1>
ST_35 : Operation 333 [1/1] (0.00ns)   --->   "%trunc_ln = partselect i62 @_ssdm_op_PartSelect.i62.i64.i32.i32, i64 %add_ln221, i32 2, i32 63" [softmax_accel_hls.cc:221]   --->   Operation 333 'partselect' 'trunc_ln' <Predicate = true> <Delay = 0.00>
ST_35 : Operation 334 [1/1] (0.00ns)   --->   "%sext_ln221 = sext i62 %trunc_ln" [softmax_accel_hls.cc:221]   --->   Operation 334 'sext' 'sext_ln221' <Predicate = true> <Delay = 0.00>
ST_35 : Operation 335 [1/1] (0.00ns)   --->   "%gmem_addr_2 = getelementptr i32 %gmem, i64 %sext_ln221" [softmax_accel_hls.cc:221]   --->   Operation 335 'getelementptr' 'gmem_addr_2' <Predicate = true> <Delay = 0.00>
ST_35 : Operation 336 [1/1] (2.49ns)   --->   "%add_ln222 = add i31 %zext_ln184, i31 1" [softmax_accel_hls.cc:222]   --->   Operation 336 'add' 'add_ln222' <Predicate = true> <Delay = 2.49> <CoreInst = "Adder">   --->   Core 1 'Adder' <Latency = 0> <II = 1> <Delay = 2.49> <FuncUnit> <Opcode : 'add' 'sub'> <InPorts = 2> <OutPorts = 1>
ST_35 : Operation 337 [1/1] (0.00ns)   --->   "%shl_ln1 = bitconcatenate i33 @_ssdm_op_BitConcatenate.i33.i31.i2, i31 %add_ln222, i2 0" [softmax_accel_hls.cc:222]   --->   Operation 337 'bitconcatenate' 'shl_ln1' <Predicate = true> <Delay = 0.00>
ST_35 : Operation 338 [1/1] (0.00ns)   --->   "%zext_ln222 = zext i33 %shl_ln1" [softmax_accel_hls.cc:222]   --->   Operation 338 'zext' 'zext_ln222' <Predicate = true> <Delay = 0.00>
ST_35 : Operation 339 [1/1] (3.52ns)   --->   "%add_ln222_1 = add i64 %zext_ln222, i64 %mem_read" [softmax_accel_hls.cc:222]   --->   Operation 339 'add' 'add_ln222_1' <Predicate = true> <Delay = 3.52> <CoreInst = "Adder">   --->   Core 1 'Adder' <Latency = 0> <II = 1> <Delay = 3.52> <FuncUnit> <Opcode : 'add' 'sub'> <InPorts = 2> <OutPorts = 1>
ST_35 : Operation 340 [1/1] (0.00ns)   --->   "%trunc_ln3 = partselect i62 @_ssdm_op_PartSelect.i62.i64.i32.i32, i64 %add_ln222_1, i32 2, i32 63" [softmax_accel_hls.cc:222]   --->   Operation 340 'partselect' 'trunc_ln3' <Predicate = true> <Delay = 0.00>
ST_35 : Operation 341 [1/1] (0.00ns)   --->   "%sext_ln222 = sext i62 %trunc_ln3" [softmax_accel_hls.cc:222]   --->   Operation 341 'sext' 'sext_ln222' <Predicate = true> <Delay = 0.00>
ST_35 : Operation 342 [1/1] (0.00ns)   --->   "%gmem_addr_3 = getelementptr i32 %gmem, i64 %sext_ln222" [softmax_accel_hls.cc:222]   --->   Operation 342 'getelementptr' 'gmem_addr_3' <Predicate = true> <Delay = 0.00>
ST_35 : Operation 343 [1/1] (2.49ns)   --->   "%add_ln223 = add i31 %zext_ln184, i31 2" [softmax_accel_hls.cc:223]   --->   Operation 343 'add' 'add_ln223' <Predicate = true> <Delay = 2.49> <CoreInst = "Adder">   --->   Core 1 'Adder' <Latency = 0> <II = 1> <Delay = 2.49> <FuncUnit> <Opcode : 'add' 'sub'> <InPorts = 2> <OutPorts = 1>
ST_35 : Operation 344 [1/1] (0.00ns)   --->   "%shl_ln2 = bitconcatenate i33 @_ssdm_op_BitConcatenate.i33.i31.i2, i31 %add_ln223, i2 0" [softmax_accel_hls.cc:223]   --->   Operation 344 'bitconcatenate' 'shl_ln2' <Predicate = true> <Delay = 0.00>
ST_35 : Operation 345 [1/1] (0.00ns)   --->   "%zext_ln223 = zext i33 %shl_ln2" [softmax_accel_hls.cc:223]   --->   Operation 345 'zext' 'zext_ln223' <Predicate = true> <Delay = 0.00>
ST_35 : Operation 346 [1/1] (3.52ns)   --->   "%add_ln223_1 = add i64 %zext_ln223, i64 %mem_read" [softmax_accel_hls.cc:223]   --->   Operation 346 'add' 'add_ln223_1' <Predicate = true> <Delay = 3.52> <CoreInst = "Adder">   --->   Core 1 'Adder' <Latency = 0> <II = 1> <Delay = 3.52> <FuncUnit> <Opcode : 'add' 'sub'> <InPorts = 2> <OutPorts = 1>
ST_35 : Operation 347 [1/1] (0.00ns)   --->   "%trunc_ln5 = partselect i62 @_ssdm_op_PartSelect.i62.i64.i32.i32, i64 %add_ln223_1, i32 2, i32 63" [softmax_accel_hls.cc:223]   --->   Operation 347 'partselect' 'trunc_ln5' <Predicate = true> <Delay = 0.00>
ST_35 : Operation 348 [1/1] (0.00ns)   --->   "%sext_ln223 = sext i62 %trunc_ln5" [softmax_accel_hls.cc:223]   --->   Operation 348 'sext' 'sext_ln223' <Predicate = true> <Delay = 0.00>
ST_35 : Operation 349 [1/1] (0.00ns)   --->   "%gmem_addr_4 = getelementptr i32 %gmem, i64 %sext_ln223" [softmax_accel_hls.cc:223]   --->   Operation 349 'getelementptr' 'gmem_addr_4' <Predicate = true> <Delay = 0.00>

State 36 <SV = 32> <Delay = 8.61>
ST_36 : Operation 350 [1/1] (8.61ns)   --->   "%gmem_addr_3_req = writereq i1 @_ssdm_op_WriteReq.m_axi.i32P1A, i32 %gmem_addr_2, i64 1" [softmax_accel_hls.cc:221]   --->   Operation 350 'writereq' 'gmem_addr_3_req' <Predicate = true> <Delay = 8.61> <CoreInst = "m_axi">   --->   Core 111 'm_axi' <Latency = 9> <II = 1> <Delay = 1.00> <Adapter> <Opcode : 'read' 'write' 'readreq' 'writereq' 'writeresp'>

State 37 <SV = 33> <Delay = 8.61>
ST_37 : Operation 351 [1/1] (8.61ns)   --->   "%write_ln221 = write void @_ssdm_op_Write.m_axi.volatile.i32P1A, i32 %gmem_addr_2, i32 %max_x_1_loc_load, i4 15" [softmax_accel_hls.cc:221]   --->   Operation 351 'write' 'write_ln221' <Predicate = true> <Delay = 8.61> <CoreInst = "m_axi">   --->   Core 111 'm_axi' <Latency = 5> <II = 1> <Delay = 1.00> <Adapter> <Opcode : 'read' 'write' 'readreq' 'writereq' 'writeresp'>
ST_37 : Operation 352 [1/1] (8.61ns)   --->   "%gmem_addr_4_req = writereq i1 @_ssdm_op_WriteReq.m_axi.i32P1A, i32 %gmem_addr_3, i64 1" [softmax_accel_hls.cc:222]   --->   Operation 352 'writereq' 'gmem_addr_4_req' <Predicate = true> <Delay = 8.61> <CoreInst = "m_axi">   --->   Core 111 'm_axi' <Latency = 9> <II = 1> <Delay = 1.00> <Adapter> <Opcode : 'read' 'write' 'readreq' 'writereq' 'writeresp'>

State 38 <SV = 34> <Delay = 8.61>
ST_38 : Operation 353 [5/5] (8.61ns)   --->   "%gmem_addr_3_resp = writeresp i1 @_ssdm_op_WriteResp.m_axi.i32P1A, i32 %gmem_addr_2" [softmax_accel_hls.cc:221]   --->   Operation 353 'writeresp' 'gmem_addr_3_resp' <Predicate = true> <Delay = 8.61> <CoreInst = "m_axi">   --->   Core 111 'm_axi' <Latency = 3> <II = 1> <Delay = 1.00> <Adapter> <Opcode : 'read' 'write' 'readreq' 'writereq' 'writeresp'>
ST_38 : Operation 354 [1/1] (8.61ns)   --->   "%write_ln222 = write void @_ssdm_op_Write.m_axi.volatile.i32P1A, i32 %gmem_addr_3, i32 %sum_2, i4 15" [softmax_accel_hls.cc:222]   --->   Operation 354 'write' 'write_ln222' <Predicate = true> <Delay = 8.61> <CoreInst = "m_axi">   --->   Core 111 'm_axi' <Latency = 5> <II = 1> <Delay = 1.00> <Adapter> <Opcode : 'read' 'write' 'readreq' 'writereq' 'writeresp'>
ST_38 : Operation 355 [1/1] (8.61ns)   --->   "%gmem_addr_5_req = writereq i1 @_ssdm_op_WriteReq.m_axi.i32P1A, i32 %gmem_addr_4, i64 1" [softmax_accel_hls.cc:223]   --->   Operation 355 'writereq' 'gmem_addr_5_req' <Predicate = true> <Delay = 8.61> <CoreInst = "m_axi">   --->   Core 111 'm_axi' <Latency = 9> <II = 1> <Delay = 1.00> <Adapter> <Opcode : 'read' 'write' 'readreq' 'writereq' 'writeresp'>

State 39 <SV = 35> <Delay = 8.61>
ST_39 : Operation 356 [1/1] (0.00ns)   --->   "%shift_dbg = phi i5 15, void %VITIS_LOOP_202_3, i5 14, void %for.inc54, i5 13, void %for.inc54.1, i5 12, void %for.inc54.2, i5 11, void %for.inc54.3, i5 10, void %for.inc54.4, i5 9, void %for.inc54.5, i5 8, void %for.inc54.6, i5 7, void %for.inc54.7, i5 6, void %for.inc54.8, i5 5, void %for.inc54.9, i5 4, void %for.inc54.10, i5 3, void %for.inc54.11, i5 2, void %for.inc54.12, i5 1, void %for.inc54.13, i5 0, void %for.inc54.14, i5 31, void %for.inc54.15, i5 30, void %for.inc54.16, i5 29, void %for.inc54.17, i5 28, void %for.inc54.18, i5 27, void %for.inc54.19, i5 26, void %for.inc54.20, i5 25, void %for.inc54.21, i5 24, void %for.inc54.22, i5 23, void %for.inc54.23, i5 22, void %for.inc54.24, i5 21, void %for.inc54.25, i5 20, void %for.inc54.26, i5 19, void %for.inc54.27, i5 18, void %for.inc54.28, i5 17, void %for.inc54.29, i5 %select_ln217, void %for.inc54.30" [softmax_accel_hls.cc:219]   --->   Operation 356 'phi' 'shift_dbg' <Predicate = true> <Delay = 0.00>
ST_39 : Operation 357 [1/1] (0.00ns)   --->   "%sext_ln219 = sext i5 %shift_dbg" [softmax_accel_hls.cc:219]   --->   Operation 357 'sext' 'sext_ln219' <Predicate = true> <Delay = 0.00>
ST_39 : Operation 358 [4/5] (8.61ns)   --->   "%gmem_addr_3_resp = writeresp i1 @_ssdm_op_WriteResp.m_axi.i32P1A, i32 %gmem_addr_2" [softmax_accel_hls.cc:221]   --->   Operation 358 'writeresp' 'gmem_addr_3_resp' <Predicate = true> <Delay = 8.61> <CoreInst = "m_axi">   --->   Core 111 'm_axi' <Latency = 3> <II = 1> <Delay = 1.00> <Adapter> <Opcode : 'read' 'write' 'readreq' 'writereq' 'writeresp'>
ST_39 : Operation 359 [5/5] (8.61ns)   --->   "%gmem_addr_4_resp = writeresp i1 @_ssdm_op_WriteResp.m_axi.i32P1A, i32 %gmem_addr_3" [softmax_accel_hls.cc:222]   --->   Operation 359 'writeresp' 'gmem_addr_4_resp' <Predicate = true> <Delay = 8.61> <CoreInst = "m_axi">   --->   Core 111 'm_axi' <Latency = 3> <II = 1> <Delay = 1.00> <Adapter> <Opcode : 'read' 'write' 'readreq' 'writereq' 'writeresp'>
ST_39 : Operation 360 [1/1] (8.61ns)   --->   "%write_ln223 = write void @_ssdm_op_Write.m_axi.volatile.i32P1A, i32 %gmem_addr_4, i32 %sext_ln219, i4 15" [softmax_accel_hls.cc:223]   --->   Operation 360 'write' 'write_ln223' <Predicate = true> <Delay = 8.61> <CoreInst = "m_axi">   --->   Core 111 'm_axi' <Latency = 5> <II = 1> <Delay = 1.00> <Adapter> <Opcode : 'read' 'write' 'readreq' 'writereq' 'writeresp'>

State 40 <SV = 36> <Delay = 8.61>
ST_40 : Operation 361 [3/5] (8.61ns)   --->   "%gmem_addr_3_resp = writeresp i1 @_ssdm_op_WriteResp.m_axi.i32P1A, i32 %gmem_addr_2" [softmax_accel_hls.cc:221]   --->   Operation 361 'writeresp' 'gmem_addr_3_resp' <Predicate = true> <Delay = 8.61> <CoreInst = "m_axi">   --->   Core 111 'm_axi' <Latency = 3> <II = 1> <Delay = 1.00> <Adapter> <Opcode : 'read' 'write' 'readreq' 'writereq' 'writeresp'>
ST_40 : Operation 362 [4/5] (8.61ns)   --->   "%gmem_addr_4_resp = writeresp i1 @_ssdm_op_WriteResp.m_axi.i32P1A, i32 %gmem_addr_3" [softmax_accel_hls.cc:222]   --->   Operation 362 'writeresp' 'gmem_addr_4_resp' <Predicate = true> <Delay = 8.61> <CoreInst = "m_axi">   --->   Core 111 'm_axi' <Latency = 3> <II = 1> <Delay = 1.00> <Adapter> <Opcode : 'read' 'write' 'readreq' 'writereq' 'writeresp'>
ST_40 : Operation 363 [5/5] (8.61ns)   --->   "%gmem_addr_5_resp = writeresp i1 @_ssdm_op_WriteResp.m_axi.i32P1A, i32 %gmem_addr_4" [softmax_accel_hls.cc:223]   --->   Operation 363 'writeresp' 'gmem_addr_5_resp' <Predicate = true> <Delay = 8.61> <CoreInst = "m_axi">   --->   Core 111 'm_axi' <Latency = 3> <II = 1> <Delay = 1.00> <Adapter> <Opcode : 'read' 'write' 'readreq' 'writereq' 'writeresp'>

State 41 <SV = 37> <Delay = 8.61>
ST_41 : Operation 364 [2/5] (8.61ns)   --->   "%gmem_addr_3_resp = writeresp i1 @_ssdm_op_WriteResp.m_axi.i32P1A, i32 %gmem_addr_2" [softmax_accel_hls.cc:221]   --->   Operation 364 'writeresp' 'gmem_addr_3_resp' <Predicate = true> <Delay = 8.61> <CoreInst = "m_axi">   --->   Core 111 'm_axi' <Latency = 3> <II = 1> <Delay = 1.00> <Adapter> <Opcode : 'read' 'write' 'readreq' 'writereq' 'writeresp'>
ST_41 : Operation 365 [3/5] (8.61ns)   --->   "%gmem_addr_4_resp = writeresp i1 @_ssdm_op_WriteResp.m_axi.i32P1A, i32 %gmem_addr_3" [softmax_accel_hls.cc:222]   --->   Operation 365 'writeresp' 'gmem_addr_4_resp' <Predicate = true> <Delay = 8.61> <CoreInst = "m_axi">   --->   Core 111 'm_axi' <Latency = 3> <II = 1> <Delay = 1.00> <Adapter> <Opcode : 'read' 'write' 'readreq' 'writereq' 'writeresp'>
ST_41 : Operation 366 [4/5] (8.61ns)   --->   "%gmem_addr_5_resp = writeresp i1 @_ssdm_op_WriteResp.m_axi.i32P1A, i32 %gmem_addr_4" [softmax_accel_hls.cc:223]   --->   Operation 366 'writeresp' 'gmem_addr_5_resp' <Predicate = true> <Delay = 8.61> <CoreInst = "m_axi">   --->   Core 111 'm_axi' <Latency = 3> <II = 1> <Delay = 1.00> <Adapter> <Opcode : 'read' 'write' 'readreq' 'writereq' 'writeresp'>

State 42 <SV = 38> <Delay = 8.61>
ST_42 : Operation 367 [1/5] (8.61ns)   --->   "%gmem_addr_3_resp = writeresp i1 @_ssdm_op_WriteResp.m_axi.i32P1A, i32 %gmem_addr_2" [softmax_accel_hls.cc:221]   --->   Operation 367 'writeresp' 'gmem_addr_3_resp' <Predicate = true> <Delay = 8.61> <CoreInst = "m_axi">   --->   Core 111 'm_axi' <Latency = 3> <II = 1> <Delay = 1.00> <Adapter> <Opcode : 'read' 'write' 'readreq' 'writereq' 'writeresp'>
ST_42 : Operation 368 [2/5] (8.61ns)   --->   "%gmem_addr_4_resp = writeresp i1 @_ssdm_op_WriteResp.m_axi.i32P1A, i32 %gmem_addr_3" [softmax_accel_hls.cc:222]   --->   Operation 368 'writeresp' 'gmem_addr_4_resp' <Predicate = true> <Delay = 8.61> <CoreInst = "m_axi">   --->   Core 111 'm_axi' <Latency = 3> <II = 1> <Delay = 1.00> <Adapter> <Opcode : 'read' 'write' 'readreq' 'writereq' 'writeresp'>
ST_42 : Operation 369 [3/5] (8.61ns)   --->   "%gmem_addr_5_resp = writeresp i1 @_ssdm_op_WriteResp.m_axi.i32P1A, i32 %gmem_addr_4" [softmax_accel_hls.cc:223]   --->   Operation 369 'writeresp' 'gmem_addr_5_resp' <Predicate = true> <Delay = 8.61> <CoreInst = "m_axi">   --->   Core 111 'm_axi' <Latency = 3> <II = 1> <Delay = 1.00> <Adapter> <Opcode : 'read' 'write' 'readreq' 'writereq' 'writeresp'>

State 43 <SV = 39> <Delay = 8.61>
ST_43 : Operation 370 [1/5] (8.61ns)   --->   "%gmem_addr_4_resp = writeresp i1 @_ssdm_op_WriteResp.m_axi.i32P1A, i32 %gmem_addr_3" [softmax_accel_hls.cc:222]   --->   Operation 370 'writeresp' 'gmem_addr_4_resp' <Predicate = true> <Delay = 8.61> <CoreInst = "m_axi">   --->   Core 111 'm_axi' <Latency = 3> <II = 1> <Delay = 1.00> <Adapter> <Opcode : 'read' 'write' 'readreq' 'writereq' 'writeresp'>
ST_43 : Operation 371 [2/5] (8.61ns)   --->   "%gmem_addr_5_resp = writeresp i1 @_ssdm_op_WriteResp.m_axi.i32P1A, i32 %gmem_addr_4" [softmax_accel_hls.cc:223]   --->   Operation 371 'writeresp' 'gmem_addr_5_resp' <Predicate = true> <Delay = 8.61> <CoreInst = "m_axi">   --->   Core 111 'm_axi' <Latency = 3> <II = 1> <Delay = 1.00> <Adapter> <Opcode : 'read' 'write' 'readreq' 'writereq' 'writeresp'>

State 44 <SV = 40> <Delay = 8.61>
ST_44 : Operation 372 [1/5] (8.61ns)   --->   "%gmem_addr_5_resp = writeresp i1 @_ssdm_op_WriteResp.m_axi.i32P1A, i32 %gmem_addr_4" [softmax_accel_hls.cc:223]   --->   Operation 372 'writeresp' 'gmem_addr_5_resp' <Predicate = (!icmp_ln168)> <Delay = 8.61> <CoreInst = "m_axi">   --->   Core 111 'm_axi' <Latency = 3> <II = 1> <Delay = 1.00> <Adapter> <Opcode : 'read' 'write' 'readreq' 'writereq' 'writeresp'>
ST_44 : Operation 373 [1/1] (0.00ns)   --->   "%br_ln224 = br void %return" [softmax_accel_hls.cc:224]   --->   Operation 373 'br' 'br_ln224' <Predicate = (!icmp_ln168)> <Delay = 0.00>
ST_44 : Operation 374 [1/1] (0.00ns)   --->   "%ret_ln224 = ret" [softmax_accel_hls.cc:224]   --->   Operation 374 'ret' 'ret_ln224' <Predicate = true> <Delay = 0.00>


============================================================
+ Verbose Summary: Timing violations
============================================================
Target clock period: 11.800ns, clock uncertainty: 3.186ns.

 <State 1>: 4.520ns
The critical path consists of the following:
	s_axi read operation ('input_base_read') on port 'input_base' [13]  (1.000 ns)
	'add' operation 64 bit ('add_ln176', softmax_accel_hls.cc:176) [46]  (3.520 ns)

 <State 2>: 8.614ns
The critical path consists of the following:
	'getelementptr' operation 32 bit ('gmem_addr', softmax_accel_hls.cc:176) [49]  (0.000 ns)
	bus request operation ('max_x_req', softmax_accel_hls.cc:176) on port 'gmem' (softmax_accel_hls.cc:176) [50]  (8.614 ns)

 <State 3>: 8.614ns
The critical path consists of the following:
	bus request operation ('max_x_req', softmax_accel_hls.cc:176) on port 'gmem' (softmax_accel_hls.cc:176) [50]  (8.614 ns)

 <State 4>: 8.614ns
The critical path consists of the following:
	bus request operation ('max_x_req', softmax_accel_hls.cc:176) on port 'gmem' (softmax_accel_hls.cc:176) [50]  (8.614 ns)

 <State 5>: 8.614ns
The critical path consists of the following:
	bus request operation ('max_x_req', softmax_accel_hls.cc:176) on port 'gmem' (softmax_accel_hls.cc:176) [50]  (8.614 ns)

 <State 6>: 8.614ns
The critical path consists of the following:
	bus request operation ('max_x_req', softmax_accel_hls.cc:176) on port 'gmem' (softmax_accel_hls.cc:176) [50]  (8.614 ns)

 <State 7>: 8.614ns
The critical path consists of the following:
	bus request operation ('max_x_req', softmax_accel_hls.cc:176) on port 'gmem' (softmax_accel_hls.cc:176) [50]  (8.614 ns)

 <State 8>: 8.614ns
The critical path consists of the following:
	bus request operation ('max_x_req', softmax_accel_hls.cc:176) on port 'gmem' (softmax_accel_hls.cc:176) [50]  (8.614 ns)

 <State 9>: 8.614ns
The critical path consists of the following:
	bus request operation ('max_x_req', softmax_accel_hls.cc:176) on port 'gmem' (softmax_accel_hls.cc:176) [50]  (8.614 ns)

 <State 10>: 8.614ns
The critical path consists of the following:
	bus read operation ('max_x', softmax_accel_hls.cc:176) on port 'gmem' (softmax_accel_hls.cc:176) [51]  (8.614 ns)

 <State 11>: 3.411ns
The critical path consists of the following:
	'call' operation 0 bit ('call_ln176', softmax_accel_hls.cc:176) to 'softmax_accel_Pipeline_VITIS_LOOP_177_1' [65]  (3.411 ns)

 <State 12>: 0.968ns
The critical path consists of the following:
	'select' operation 9 bit ('select_ln188', softmax_accel_hls.cc:188) [70]  (0.968 ns)

 <State 13>: 8.614ns
The critical path consists of the following:
	bus request operation ('empty_37', softmax_accel_hls.cc:188) on port 'gmem' (softmax_accel_hls.cc:188) [72]  (8.614 ns)

 <State 14>: 8.614ns
The critical path consists of the following:
	bus request operation ('empty_37', softmax_accel_hls.cc:188) on port 'gmem' (softmax_accel_hls.cc:188) [72]  (8.614 ns)

 <State 15>: 8.614ns
The critical path consists of the following:
	bus request operation ('empty_37', softmax_accel_hls.cc:188) on port 'gmem' (softmax_accel_hls.cc:188) [72]  (8.614 ns)

 <State 16>: 8.614ns
The critical path consists of the following:
	bus request operation ('empty_37', softmax_accel_hls.cc:188) on port 'gmem' (softmax_accel_hls.cc:188) [72]  (8.614 ns)

 <State 17>: 8.614ns
The critical path consists of the following:
	bus request operation ('empty_37', softmax_accel_hls.cc:188) on port 'gmem' (softmax_accel_hls.cc:188) [72]  (8.614 ns)

 <State 18>: 8.614ns
The critical path consists of the following:
	bus request operation ('empty_37', softmax_accel_hls.cc:188) on port 'gmem' (softmax_accel_hls.cc:188) [72]  (8.614 ns)

 <State 19>: 8.614ns
The critical path consists of the following:
	bus request operation ('empty_37', softmax_accel_hls.cc:188) on port 'gmem' (softmax_accel_hls.cc:188) [72]  (8.614 ns)

 <State 20>: 8.614ns
The critical path consists of the following:
	bus request operation ('empty_37', softmax_accel_hls.cc:188) on port 'gmem' (softmax_accel_hls.cc:188) [72]  (8.614 ns)

 <State 21>: 3.411ns
The critical path consists of the following:
	'load' operation 32 bit ('max_x_1_loc_load') on local variable 'max_x_1_loc' [66]  (0.000 ns)
	'call' operation 0 bit ('call_ln169', softmax_accel_hls.cc:169) to 'softmax_accel_Pipeline_VITIS_LOOP_188_2' [73]  (3.411 ns)

 <State 22>: 0.000ns
The critical path consists of the following:

 <State 23>: 3.575ns
The critical path consists of the following:
	'load' operation 40 bit ('sum64_loc_load') on local variable 'sum64_loc' [74]  (0.000 ns)
	'icmp' operation 1 bit ('icmp_ln197', softmax_accel_hls.cc:197) [75]  (2.877 ns)
	'select' operation 32 bit ('sum', softmax_accel_hls.cc:197) [77]  (0.698 ns)

 <State 24>: 5.757ns
The critical path consists of the following:
	'icmp' operation 1 bit ('icmp_ln112', softmax_accel_hls.cc:112->softmax_accel_hls.cc:200) [78]  (2.552 ns)
	multiplexor before 'phi' operation 5 bit ('msb', softmax_accel_hls.cc:119->softmax_accel_hls.cc:200) with incoming values : ('select_ln119', softmax_accel_hls.cc:119->softmax_accel_hls.cc:200) [179]  (3.205 ns)

 <State 25>: 8.522ns
The critical path consists of the following:
	'phi' operation 5 bit ('msb', softmax_accel_hls.cc:119->softmax_accel_hls.cc:200) with incoming values : ('select_ln119', softmax_accel_hls.cc:119->softmax_accel_hls.cc:200) [179]  (0.000 ns)
	'sub' operation 5 bit ('sub_ln126', softmax_accel_hls.cc:126->softmax_accel_hls.cc:200) [181]  (1.780 ns)
	'shl' operation 32 bit ('shl_ln126', softmax_accel_hls.cc:126->softmax_accel_hls.cc:200) [183]  (4.420 ns)
	'getelementptr' operation 4 bit ('RECIP_M_Q30_addr', softmax_accel_hls.cc:133->softmax_accel_hls.cc:200) [189]  (0.000 ns)
	'load' operation 31 bit ('m', softmax_accel_hls.cc:133->softmax_accel_hls.cc:200) on array 'RECIP_M_Q30' [190]  (2.322 ns)

 <State 26>: 2.322ns
The critical path consists of the following:
	'load' operation 31 bit ('m', softmax_accel_hls.cc:133->softmax_accel_hls.cc:200) on array 'RECIP_M_Q30' [190]  (2.322 ns)

 <State 27>: 8.244ns
The critical path consists of the following:
	'mul' operation 47 bit ('mx', softmax_accel_hls.cc:136->softmax_accel_hls.cc:200) [196]  (8.244 ns)

 <State 28>: 6.972ns
The critical path consists of the following:
	'add' operation 32 bit ('inv_x_q30', softmax_accel_hls.cc:137->softmax_accel_hls.cc:200) [198]  (2.552 ns)
	'shl' operation 48 bit ('shl_ln145', softmax_accel_hls.cc:145->softmax_accel_hls.cc:200) [202]  (4.420 ns)

 <State 29>: 2.322ns
The critical path consists of the following:
	'load' operation 31 bit ('RECIP_M_Q30_load', softmax_accel_hls.cc:133->softmax_accel_hls.cc:200) on array 'RECIP_M_Q30' [212]  (2.322 ns)

 <State 30>: 8.244ns
The critical path consists of the following:
	'mul' operation 47 bit ('mul_ln136', softmax_accel_hls.cc:136->softmax_accel_hls.cc:200) [218]  (8.244 ns)

 <State 31>: 6.972ns
The critical path consists of the following:
	'add' operation 32 bit ('add_ln137', softmax_accel_hls.cc:137->softmax_accel_hls.cc:200) [220]  (2.552 ns)
	'ashr' operation 32 bit ('inv_sum', softmax_accel_hls.cc:144->softmax_accel_hls.cc:200) [223]  (4.420 ns)

 <State 32>: 3.850ns
The critical path consists of the following:
	'phi' operation 48 bit ('inv_sum', softmax_accel_hls.cc:143->softmax_accel_hls.cc:200) with incoming values : ('shl_ln145', softmax_accel_hls.cc:145->softmax_accel_hls.cc:200) ('sext_ln143_1', softmax_accel_hls.cc:143->softmax_accel_hls.cc:200) [227]  (0.000 ns)
	'select' operation 47 bit ('inv_sum', softmax_accel_hls.cc:147->softmax_accel_hls.cc:200) [230]  (1.039 ns)
	'icmp' operation 1 bit ('icmp_ln148', softmax_accel_hls.cc:148->softmax_accel_hls.cc:200) [232]  (2.077 ns)
	'select' operation 31 bit ('inv_sum_q30', softmax_accel_hls.cc:149->softmax_accel_hls.cc:200) [234]  (0.733 ns)

 <State 33>: 3.411ns
The critical path consists of the following:
	'phi' operation 31 bit ('inv_sum_q30') with incoming values : ('inv_sum_q30', softmax_accel_hls.cc:149->softmax_accel_hls.cc:200) [237]  (0.000 ns)
	'call' operation 0 bit ('call_ln169', softmax_accel_hls.cc:169) to 'softmax_accel_Pipeline_VITIS_LOOP_202_3' [239]  (3.411 ns)

 <State 34>: 3.205ns
The critical path consists of the following:
	multiplexor before 'phi' operation 5 bit ('shift_dbg', softmax_accel_hls.cc:219) with incoming values : ('select_ln217', softmax_accel_hls.cc:217) [337]  (3.205 ns)

 <State 35>: 6.013ns
The critical path consists of the following:
	'add' operation 31 bit ('add_ln222', softmax_accel_hls.cc:222) [348]  (2.493 ns)
	'add' operation 64 bit ('add_ln222_1', softmax_accel_hls.cc:222) [351]  (3.520 ns)

 <State 36>: 8.614ns
The critical path consists of the following:
	bus request operation ('gmem_addr_3_req', softmax_accel_hls.cc:221) on port 'gmem' (softmax_accel_hls.cc:221) [345]  (8.614 ns)

 <State 37>: 8.614ns
The critical path consists of the following:
	bus write operation ('write_ln221', softmax_accel_hls.cc:221) on port 'gmem' (softmax_accel_hls.cc:221) [346]  (8.614 ns)

 <State 38>: 8.614ns
The critical path consists of the following:
	bus response operation ('gmem_addr_3_resp', softmax_accel_hls.cc:221) on port 'gmem' (softmax_accel_hls.cc:221) [347]  (8.614 ns)

 <State 39>: 8.614ns
The critical path consists of the following:
	bus response operation ('gmem_addr_3_resp', softmax_accel_hls.cc:221) on port 'gmem' (softmax_accel_hls.cc:221) [347]  (8.614 ns)

 <State 40>: 8.614ns
The critical path consists of the following:
	bus response operation ('gmem_addr_3_resp', softmax_accel_hls.cc:221) on port 'gmem' (softmax_accel_hls.cc:221) [347]  (8.614 ns)

 <State 41>: 8.614ns
The critical path consists of the following:
	bus response operation ('gmem_addr_3_resp', softmax_accel_hls.cc:221) on port 'gmem' (softmax_accel_hls.cc:221) [347]  (8.614 ns)

 <State 42>: 8.614ns
The critical path consists of the following:
	bus response operation ('gmem_addr_3_resp', softmax_accel_hls.cc:221) on port 'gmem' (softmax_accel_hls.cc:221) [347]  (8.614 ns)

 <State 43>: 8.614ns
The critical path consists of the following:
	bus response operation ('gmem_addr_4_resp', softmax_accel_hls.cc:222) on port 'gmem' (softmax_accel_hls.cc:222) [357]  (8.614 ns)

 <State 44>: 8.614ns
The critical path consists of the following:
	bus response operation ('gmem_addr_5_resp', softmax_accel_hls.cc:223) on port 'gmem' (softmax_accel_hls.cc:223) [367]  (8.614 ns)


============================================================
+ Verbose Summary: Binding
============================================================
N/A
* FSMD analyzer results:
  - Output states:
 - Input state : 
  - Chain level:
	State 1
	State 2
	State 3
	State 4
	State 5
	State 6
	State 7
	State 8
	State 9
	State 10
	State 11
	State 12
	State 13
	State 14
	State 15
	State 16
	State 17
	State 18
	State 19
	State 20
	State 21
	State 22
	State 23
	State 24
	State 25
	State 26
	State 27
	State 28
	State 29
	State 30
	State 31
	State 32
	State 33
	State 34
	State 35
	State 36
	State 37
	State 38
	State 39
	State 40
	State 41
	State 42
	State 43
	State 44


============================================================
+ Verbose Summary: Datapath Resource usage 
============================================================
N/A
