

================================================================
== Vitis HLS Report for 'emit_exp_stream_Pipeline_exp_emit_loop'
================================================================
* Date:           Sat Mar 14 16:27:07 2026

* Version:        2025.1 (Build 6135595 on May 21 2025)
* Project:        Prometheus_SoC
* Solution:       hls (Vivado IP Flow Target)
* Product family: zynq
* Target device:  xc7z020-clg400-1


================================================================
== Performance Estimates
================================================================
+ Timing: 
    * Summary: 
    +--------+----------+----------+------------+
    |  Clock |  Target  | Estimated| Uncertainty|
    +--------+----------+----------+------------+
    |ap_clk  |  11.80 ns|  8.206 ns|     3.19 ns|
    +--------+----------+----------+------------+

+ Latency: 
    * Summary: 
    +---------+---------+-----------+----------+-----+-----+------------------------------------------------+
    |  Latency (cycles) |  Latency (absolute)  |  Interval |                    Pipeline                    |
    |   min   |   max   |    min    |    max   | min | max |                      Type                      |
    +---------+---------+-----------+----------+-----+-----+------------------------------------------------+
    |        8|       71|  94.400 ns|  0.838 us|    2|   65|  loop auto-rewind stp (delay=0 clock cycles(s))|
    +---------+---------+-----------+----------+-----+-----+------------------------------------------------+

    + Detail: 
        * Instance: 
        N/A

        * Loop: 
        +-----------------+---------+---------+----------+-----------+-----------+--------+----------+
        |                 |  Latency (cycles) | Iteration|  Initiation Interval  |  Trip  |          |
        |    Loop Name    |   min   |   max   |  Latency |  achieved |   target  |  Count | Pipelined|
        +-----------------+---------+---------+----------+-----------+-----------+--------+----------+
        |- exp_emit_loop  |        6|       69|         7|          1|          1|  1 ~ 64|       yes|
        +-----------------+---------+---------+----------+-----------+-----------+--------+----------+



================================================================
== Utilization Estimates
================================================================
* Summary: 
+-----------------+---------+-----+--------+-------+-----+
|       Name      | BRAM_18K| DSP |   FF   |  LUT  | URAM|
+-----------------+---------+-----+--------+-------+-----+
|DSP              |        -|    -|       -|      -|    -|
|Expression       |        -|    -|       0|   3065|    -|
|FIFO             |        -|    -|       -|      -|    -|
|Instance         |        -|    4|       0|   1672|    -|
|Memory           |        -|    -|       -|      -|    -|
|Multiplexer      |        -|    -|       0|     45|    -|
|Register         |        -|    -|    1920|    128|    -|
+-----------------+---------+-----+--------+-------+-----+
|Total            |        0|    4|    1920|   4910|    0|
+-----------------+---------+-----+--------+-------+-----+
|Available        |      280|  220|  106400|  53200|    0|
+-----------------+---------+-----+--------+-------+-----+
|Utilization (%)  |        0|    1|       1|      9|    0|
+-----------------+---------+-----+--------+-------+-----+

+ Detail: 
    * Instance: 
    +-----------------------------+------------------------+---------+----+---+-----+-----+
    |           Instance          |         Module         | BRAM_18K| DSP| FF| LUT | URAM|
    +-----------------------------+------------------------+---------+----+---+-----+-----+
    |mul_12ns_18s_30_1_1_U531     |mul_12ns_18s_30_1_1     |        0|   1|  0|    6|    0|
    |mul_12ns_18s_30_1_1_U533     |mul_12ns_18s_30_1_1     |        0|   1|  0|    6|    0|
    |mul_12ns_18s_30_1_1_U535     |mul_12ns_18s_30_1_1     |        0|   1|  0|    6|    0|
    |mul_12ns_18s_30_1_1_U537     |mul_12ns_18s_30_1_1     |        0|   1|  0|    6|    0|
    |sparsemux_129_6_32_1_1_U522  |sparsemux_129_6_32_1_1  |        0|   0|  0|  273|    0|
    |sparsemux_129_6_32_1_1_U523  |sparsemux_129_6_32_1_1  |        0|   0|  0|  273|    0|
    |sparsemux_129_6_32_1_1_U524  |sparsemux_129_6_32_1_1  |        0|   0|  0|  273|    0|
    |sparsemux_129_6_32_1_1_U525  |sparsemux_129_6_32_1_1  |        0|   0|  0|  273|    0|
    |sparsemux_33_4_17_1_1_U526   |sparsemux_33_4_17_1_1   |        0|   0|  0|   65|    0|
    |sparsemux_33_4_17_1_1_U527   |sparsemux_33_4_17_1_1   |        0|   0|  0|   65|    0|
    |sparsemux_33_4_17_1_1_U528   |sparsemux_33_4_17_1_1   |        0|   0|  0|   65|    0|
    |sparsemux_33_4_17_1_1_U529   |sparsemux_33_4_17_1_1   |        0|   0|  0|   65|    0|
    |sparsemux_33_4_18_1_1_U530   |sparsemux_33_4_18_1_1   |        0|   0|  0|   65|    0|
    |sparsemux_33_4_18_1_1_U532   |sparsemux_33_4_18_1_1   |        0|   0|  0|   65|    0|
    |sparsemux_33_4_18_1_1_U534   |sparsemux_33_4_18_1_1   |        0|   0|  0|   65|    0|
    |sparsemux_33_4_18_1_1_U536   |sparsemux_33_4_18_1_1   |        0|   0|  0|   65|    0|
    |sparsemux_7_2_32_1_1_U538    |sparsemux_7_2_32_1_1    |        0|   0|  0|    9|    0|
    |sparsemux_7_2_32_1_1_U539    |sparsemux_7_2_32_1_1    |        0|   0|  0|    9|    0|
    |sparsemux_7_2_32_1_1_U540    |sparsemux_7_2_32_1_1    |        0|   0|  0|    9|    0|
    |sparsemux_7_2_32_1_1_U541    |sparsemux_7_2_32_1_1    |        0|   0|  0|    9|    0|
    +-----------------------------+------------------------+---------+----+---+-----+-----+
    |Total                        |                        |        0|   4|  0| 1672|    0|
    +-----------------------------+------------------------+---------+----+---+-----+-----+

    * DSP: 
    N/A

    * Memory: 
    N/A

    * FIFO: 
    N/A

    * Expression: 
    +--------------------------------+----------+----+---+-----+------------+------------+
    |          Variable Name         | Operation| DSP| FF| LUT | Bitwidth P0| Bitwidth P1|
    +--------------------------------+----------+----+---+-----+------------+------------+
    |add_ln233_fu_2461_p2            |         +|   0|  0|   14|           7|           1|
    |add_ln50_10_fu_4329_p2          |         +|   0|  0|   50|          50|          50|
    |add_ln50_12_fu_3978_p2          |         +|   0|  0|   50|          50|          50|
    |add_ln50_13_fu_3994_p2          |         +|   0|  0|   50|          50|          50|
    |add_ln50_14_fu_4488_p2          |         +|   0|  0|   50|          50|          50|
    |add_ln50_1_fu_3895_p2           |         +|   0|  0|   50|          50|          50|
    |add_ln50_2_fu_4011_p2           |         +|   0|  0|   50|          50|          50|
    |add_ln50_4_fu_3912_p2           |         +|   0|  0|   50|          50|          50|
    |add_ln50_5_fu_3928_p2           |         +|   0|  0|   50|          50|          50|
    |add_ln50_6_fu_4170_p2           |         +|   0|  0|   50|          50|          50|
    |add_ln50_8_fu_3945_p2           |         +|   0|  0|   50|          50|          50|
    |add_ln50_9_fu_3961_p2           |         +|   0|  0|   50|          50|          50|
    |add_ln50_fu_3879_p2             |         +|   0|  0|   50|          50|          50|
    |t64_1_fu_4186_p2                |         +|   0|  0|   50|          50|          50|
    |t64_2_fu_4345_p2                |         +|   0|  0|   50|          50|          50|
    |t64_3_fu_4504_p2                |         +|   0|  0|   50|          50|          50|
    |t64_fu_4027_p2                  |         +|   0|  0|   50|          50|          50|
    |y_frac_1_fu_5179_p2             |         +|   0|  0|   26|          19|          19|
    |y_frac_2_fu_5301_p2             |         +|   0|  0|   26|          19|          19|
    |y_frac_3_fu_5423_p2             |         +|   0|  0|   26|          19|          19|
    |y_frac_fu_5054_p2               |         +|   0|  0|   26|          19|          19|
    |dy_1_fu_4813_p2                 |         -|   0|  0|   25|          18|          18|
    |dy_2_fu_4916_p2                 |         -|   0|  0|   25|          18|          18|
    |dy_3_fu_5019_p2                 |         -|   0|  0|   25|          18|          18|
    |dy_fu_4710_p2                   |         -|   0|  0|   25|          18|          18|
    |sh_11_fu_5467_p2                |         -|   0|  0|   24|           1|          17|
    |sh_2_fu_5098_p2                 |         -|   0|  0|   24|           1|          17|
    |sh_5_fu_5223_p2                 |         -|   0|  0|   24|           1|          17|
    |sh_8_fu_5345_p2                 |         -|   0|  0|   24|           1|          17|
    |sub_ln50_1_fu_3682_p2           |         -|   0|  0|   50|          50|          50|
    |sub_ln50_2_fu_3724_p2           |         -|   0|  0|   50|          50|          50|
    |sub_ln50_3_fu_3742_p2           |         -|   0|  0|   50|          50|          50|
    |sub_ln50_4_fu_3784_p2           |         -|   0|  0|   50|          50|          50|
    |sub_ln50_5_fu_3802_p2           |         -|   0|  0|   50|          50|          50|
    |sub_ln50_6_fu_3844_p2           |         -|   0|  0|   50|          50|          50|
    |sub_ln50_7_fu_3862_p2           |         -|   0|  0|   50|          50|          50|
    |sub_ln50_fu_3664_p2             |         -|   0|  0|   50|          50|          50|
    |x_q16_2_fu_3041_p2              |         -|   0|  0|   39|          32|          32|
    |x_q16_4_fu_3329_p2              |         -|   0|  0|   39|          32|          32|
    |x_q16_6_fu_3617_p2              |         -|   0|  0|   39|          32|          32|
    |x_q16_fu_2753_p2                |         -|   0|  0|   39|          32|          32|
    |and_ln67_fu_5114_p2             |       and|   0|  0|    2|           1|           1|
    |and_ln73_1_fu_5140_p2           |       and|   0|  0|    2|           1|           1|
    |and_ln73_2_fu_5255_p2           |       and|   0|  0|    2|           1|           1|
    |and_ln73_3_fu_5377_p2           |       and|   0|  0|    2|           1|           1|
    |and_ln73_4_fu_5499_p2           |       and|   0|  0|    2|           1|           1|
    |and_ln73_fu_5135_p2             |       and|   0|  0|    2|           1|           1|
    |ap_block_pp0_stage0_01001_grp1  |       and|   0|  0|    2|           1|           1|
    |icmp_ln233_fu_2455_p2           |      icmp|   0|  0|   14|           7|           7|
    |icmp_ln247_fu_2771_p2           |      icmp|   0|  0|   14|           9|           9|
    |icmp_ln251_fu_3059_p2           |      icmp|   0|  0|   14|           9|           9|
    |icmp_ln255_fu_3347_p2           |      icmp|   0|  0|   14|           9|           9|
    |icmp_ln48_1_fu_3688_p2          |      icmp|   0|  0|   39|          32|          21|
    |icmp_ln48_2_fu_3748_p2          |      icmp|   0|  0|   39|          32|          21|
    |icmp_ln48_3_fu_3808_p2          |      icmp|   0|  0|   39|          32|          21|
    |icmp_ln48_fu_3628_p2            |      icmp|   0|  0|   39|          32|          21|
    |icmp_ln69_1_fu_4312_p2          |      icmp|   0|  0|   12|          12|           1|
    |icmp_ln69_2_fu_4471_p2          |      icmp|   0|  0|   12|          12|           1|
    |icmp_ln69_3_fu_4630_p2          |      icmp|   0|  0|   12|          12|           1|
    |icmp_ln69_fu_4153_p2            |      icmp|   0|  0|   12|          12|           1|
    |icmp_ln73_1_fu_5243_p2          |      icmp|   0|  0|   12|          12|           1|
    |icmp_ln73_2_fu_5365_p2          |      icmp|   0|  0|   12|          12|           1|
    |icmp_ln73_3_fu_5487_p2          |      icmp|   0|  0|   12|          12|           1|
    |icmp_ln73_fu_5129_p2            |      icmp|   0|  0|   12|          12|           1|
    |pkt_keep_fu_2483_p2             |      icmp|   0|  0|   14|           9|           9|
    |y_15_fu_5153_p4                 |      lshr|   0|  0|  100|          32|          32|
    |y_16_fu_5268_p6                 |      lshr|   0|  0|  100|          32|          32|
    |y_17_fu_5512_p6                 |      lshr|   0|  0|  100|          32|          32|
    |y_fu_5390_p6                    |      lshr|   0|  0|  100|          32|          32|
    |pkt_keep_2_fu_5568_p3           |    select|   0|  0|    3|           1|           3|
    |pkt_keep_3_fu_5589_p3           |    select|   0|  0|    4|           1|           4|
    |pkt_keep_8_fu_5549_p3           |    select|   0|  0|    2|           1|           2|
    |pkt_v1_2_fu_5288_p3             |    select|   0|  0|   32|           1|          32|
    |pkt_v2_2_fu_5410_p3             |    select|   0|  0|   32|           1|          32|
    |pkt_v3_2_fu_5532_p3             |    select|   0|  0|   32|           1|          32|
    |sh_10_fu_5447_p3                |    select|   0|  0|    4|           1|           2|
    |sh_1_fu_5078_p3                 |    select|   0|  0|    4|           1|           2|
    |sh_4_fu_5203_p3                 |    select|   0|  0|    4|           1|           2|
    |sh_7_fu_5325_p3                 |    select|   0|  0|    4|           1|           2|
    |x_q16_1_fu_3633_p3              |    select|   0|  0|   32|           1|          21|
    |x_q16_3_fu_3693_p3              |    select|   0|  0|   32|           1|          21|
    |x_q16_5_fu_3753_p3              |    select|   0|  0|   32|           1|          21|
    |x_q16_7_fu_3813_p3              |    select|   0|  0|   32|           1|          21|
    |y_15_fu_5153_p2                 |       shl|   0|  0|  100|          32|          32|
    |y_16_fu_5268_p2                 |       shl|   0|  0|  100|          32|          32|
    |y_17_fu_5512_p2                 |       shl|   0|  0|  100|          32|          32|
    |y_fu_5390_p2                    |       shl|   0|  0|  100|          32|          32|
    |ap_enable_pp0                   |       xor|   0|  0|    2|           1|           2|
    |xor_ln67_1_fu_5189_p2           |       xor|   0|  0|    2|           1|           2|
    |xor_ln67_2_fu_5311_p2           |       xor|   0|  0|    2|           1|           2|
    |xor_ln67_3_fu_5433_p2           |       xor|   0|  0|    2|           1|           2|
    |xor_ln67_fu_5064_p2             |       xor|   0|  0|    2|           1|           2|
    +--------------------------------+----------+----+---+-----+------------+------------+
    |Total                           |          |   0|  0| 3065|        2036|        2150|
    +--------------------------------+----------+----+---+-----+------------+------------+

    * Multiplexer: 
    +-------------------------+----+-----------+-----+-----------+
    |           Name          | LUT| Input Size| Bits| Total Bits|
    +-------------------------+----+-----------+-----+-----------+
    |ap_done_int              |   9|          2|    1|          2|
    |ap_enable_reg_pp0_iter1  |   9|          2|    1|          2|
    |ap_sig_allocacmp_blk_4   |   9|          2|    7|         14|
    |blk_fu_882               |   9|          2|    7|         14|
    |exp_stream_blk_n         |   9|          2|    1|          2|
    +-------------------------+----+-----------+-----+-----------+
    |Total                    |  45|         10|   17|         34|
    +-------------------------+----+-----------+-----+-----------+

    * Register: 
    +------------------------------------+----+----+-----+-----------+
    |                Name                | FF | LUT| Bits| Const Bits|
    +------------------------------------+----+----+-----+-----------+
    |add_ln50_13_reg_5735                |  44|   0|   50|          6|
    |add_ln50_1_reg_5720                 |  44|   0|   50|          6|
    |add_ln50_5_reg_5725                 |  44|   0|   50|          6|
    |add_ln50_9_reg_5730                 |  44|   0|   50|          6|
    |ap_CS_fsm                           |   1|   0|    1|          0|
    |ap_done_reg                         |   1|   0|    1|          0|
    |ap_enable_reg_pp0_iter1             |   1|   0|    1|          0|
    |ap_enable_reg_pp0_iter2             |   1|   0|    1|          0|
    |ap_enable_reg_pp0_iter3             |   1|   0|    1|          0|
    |ap_enable_reg_pp0_iter4             |   1|   0|    1|          0|
    |ap_enable_reg_pp0_iter5             |   1|   0|    1|          0|
    |ap_enable_reg_pp0_iter6             |   1|   0|    1|          0|
    |ap_loop_exit_ready_pp0_iter1_reg    |   1|   0|    1|          0|
    |ap_loop_exit_ready_pp0_iter2_reg    |   1|   0|    1|          0|
    |ap_loop_exit_ready_pp0_iter3_reg    |   1|   0|    1|          0|
    |ap_loop_exit_ready_pp0_iter4_reg    |   1|   0|    1|          0|
    |ap_loop_exit_ready_pp0_iter5_reg    |   1|   0|    1|          0|
    |blk_fu_882                          |   7|   0|    7|          0|
    |icmp_ln247_reg_5632                 |   1|   0|    1|          0|
    |icmp_ln251_reg_5644                 |   1|   0|    1|          0|
    |icmp_ln255_reg_5656                 |   1|   0|    1|          0|
    |icmp_ln69_1_reg_5809                |   1|   0|    1|          0|
    |icmp_ln69_1_reg_5809_pp0_iter4_reg  |   1|   0|    1|          0|
    |icmp_ln69_2_reg_5846                |   1|   0|    1|          0|
    |icmp_ln69_2_reg_5846_pp0_iter4_reg  |   1|   0|    1|          0|
    |icmp_ln69_3_reg_5883                |   1|   0|    1|          0|
    |icmp_ln69_3_reg_5883_pp0_iter4_reg  |   1|   0|    1|          0|
    |icmp_ln69_reg_5772                  |   1|   0|    1|          0|
    |icmp_ln69_reg_5772_pp0_iter4_reg    |   1|   0|    1|          0|
    |idx_1_reg_5792                      |   4|   0|    4|          0|
    |idx_2_reg_5829                      |   4|   0|    4|          0|
    |idx_3_reg_5866                      |   4|   0|    4|          0|
    |idx_reg_5755                        |   4|   0|    4|          0|
    |k_1_reg_5787                        |  16|   0|   16|          0|
    |k_1_reg_5787_pp0_iter4_reg          |  16|   0|   16|          0|
    |k_2_reg_5824                        |  16|   0|   16|          0|
    |k_2_reg_5824_pp0_iter4_reg          |  16|   0|   16|          0|
    |k_3_reg_5861                        |  16|   0|   16|          0|
    |k_3_reg_5861_pp0_iter4_reg          |  16|   0|   16|          0|
    |k_reg_5750                          |  16|   0|   16|          0|
    |k_reg_5750_pp0_iter4_reg            |  16|   0|   16|          0|
    |pkt_keep_reg_5618                   |   1|   0|    1|          0|
    |pkt_v1_2_reg_5913                   |  32|   0|   32|          0|
    |pkt_v2_2_reg_5918                   |  32|   0|   32|          0|
    |pkt_v3_2_reg_5923                   |  32|   0|   32|          0|
    |rem_1_reg_5782                      |  12|   0|   12|          0|
    |rem_2_reg_5819                      |  12|   0|   12|          0|
    |rem_3_reg_5856                      |  12|   0|   12|          0|
    |rem_reg_5745                        |  12|   0|   12|          0|
    |sub_ln50_1_reg_5676                 |  38|   0|   50|         12|
    |sub_ln50_3_reg_5689                 |  38|   0|   50|         12|
    |sub_ln50_5_reg_5702                 |  38|   0|   50|         12|
    |sub_ln50_7_reg_5715                 |  38|   0|   50|         12|
    |t64_1_reg_5777                      |  48|   0|   50|          2|
    |t64_1_reg_5777_pp0_iter4_reg        |  48|   0|   50|          2|
    |t64_2_reg_5814                      |  48|   0|   50|          2|
    |t64_2_reg_5814_pp0_iter4_reg        |  48|   0|   50|          2|
    |t64_3_reg_5851                      |  48|   0|   50|          2|
    |t64_3_reg_5851_pp0_iter4_reg        |  48|   0|   50|          2|
    |t64_reg_5740                        |  48|   0|   50|          2|
    |t64_reg_5740_pp0_iter4_reg          |  48|   0|   50|          2|
    |tmp_102_reg_5803                    |   1|   0|    1|          0|
    |tmp_102_reg_5803_pp0_iter4_reg      |   1|   0|    1|          0|
    |tmp_112_reg_5840                    |   1|   0|    1|          0|
    |tmp_112_reg_5840_pp0_iter4_reg      |   1|   0|    1|          0|
    |tmp_122_reg_5877                    |   1|   0|    1|          0|
    |tmp_122_reg_5877_pp0_iter4_reg      |   1|   0|    1|          0|
    |tmp_92_reg_5766                     |   1|   0|    1|          0|
    |tmp_92_reg_5766_pp0_iter4_reg       |   1|   0|    1|          0|
    |trunc_ln64_1_reg_5893               |  18|   0|   18|          0|
    |trunc_ln64_2_reg_5898               |  18|   0|   18|          0|
    |trunc_ln64_3_reg_5903               |  18|   0|   18|          0|
    |trunc_ln_reg_5888                   |  18|   0|   18|          0|
    |x_q16_1_reg_5668                    |  32|   0|   32|          0|
    |x_q16_1_reg_5668_pp0_iter2_reg      |  32|   0|   32|          0|
    |x_q16_2_reg_5638                    |  32|   0|   32|          0|
    |x_q16_3_reg_5681                    |  32|   0|   32|          0|
    |x_q16_3_reg_5681_pp0_iter2_reg      |  32|   0|   32|          0|
    |x_q16_4_reg_5650                    |  32|   0|   32|          0|
    |x_q16_5_reg_5694                    |  32|   0|   32|          0|
    |x_q16_5_reg_5694_pp0_iter2_reg      |  32|   0|   32|          0|
    |x_q16_6_reg_5662                    |  32|   0|   32|          0|
    |x_q16_7_reg_5707                    |  32|   0|   32|          0|
    |x_q16_7_reg_5707_pp0_iter2_reg      |  32|   0|   32|          0|
    |x_q16_reg_5626                      |  32|   0|   32|          0|
    |y0_1_reg_5797                       |  17|   0|   17|          0|
    |y0_1_reg_5797_pp0_iter4_reg         |  17|   0|   17|          0|
    |y0_2_reg_5834                       |  17|   0|   17|          0|
    |y0_2_reg_5834_pp0_iter4_reg         |  17|   0|   17|          0|
    |y0_3_reg_5871                       |  17|   0|   17|          0|
    |y0_3_reg_5871_pp0_iter4_reg         |  17|   0|   17|          0|
    |y0_reg_5760                         |  17|   0|   17|          0|
    |y0_reg_5760_pp0_iter4_reg           |  17|   0|   17|          0|
    |y_15_reg_5908                       |  32|   0|   32|          0|
    |icmp_ln247_reg_5632                 |  64|  32|    1|          0|
    |icmp_ln251_reg_5644                 |  64|  32|    1|          0|
    |icmp_ln255_reg_5656                 |  64|  32|    1|          0|
    |pkt_keep_reg_5618                   |  64|  32|    1|          0|
    +------------------------------------+----+----+-----+-----------+
    |Total                               |1920| 128| 1756|         88|
    +------------------------------------+----+----+-----+-----------+



================================================================
== Interface
================================================================
* Summary: 
+---------------------------+-----+-----+------------+----------------------------------------+--------------+
|         RTL Ports         | Dir | Bits|  Protocol  |              Source Object             |    C Type    |
+---------------------------+-----+-----+------------+----------------------------------------+--------------+
|ap_clk                     |   in|    1|  ap_ctrl_hs|  emit_exp_stream_Pipeline_exp_emit_loop|  return value|
|ap_rst                     |   in|    1|  ap_ctrl_hs|  emit_exp_stream_Pipeline_exp_emit_loop|  return value|
|ap_start                   |   in|    1|  ap_ctrl_hs|  emit_exp_stream_Pipeline_exp_emit_loop|  return value|
|ap_done                    |  out|    1|  ap_ctrl_hs|  emit_exp_stream_Pipeline_exp_emit_loop|  return value|
|ap_idle                    |  out|    1|  ap_ctrl_hs|  emit_exp_stream_Pipeline_exp_emit_loop|  return value|
|ap_ready                   |  out|    1|  ap_ctrl_hs|  emit_exp_stream_Pipeline_exp_emit_loop|  return value|
|exp_stream_din             |  out|  132|     ap_fifo|                              exp_stream|       pointer|
|exp_stream_full_n          |   in|    1|     ap_fifo|                              exp_stream|       pointer|
|exp_stream_write           |  out|    1|     ap_fifo|                              exp_stream|       pointer|
|exp_stream_num_data_valid  |   in|   32|     ap_fifo|                              exp_stream|       pointer|
|exp_stream_fifo_cap        |   in|   32|     ap_fifo|                              exp_stream|       pointer|
|blocks_cast                |   in|    7|   ap_stable|                             blocks_cast|        scalar|
|n                          |   in|    9|   ap_stable|                                       n|        scalar|
|logits_buf_0_0_load        |   in|   32|   ap_stable|                     logits_buf_0_0_load|        scalar|
|logits_buf_0_1_load        |   in|   32|   ap_stable|                     logits_buf_0_1_load|        scalar|
|logits_buf_0_2_load        |   in|   32|   ap_stable|                     logits_buf_0_2_load|        scalar|
|logits_buf_0_3_load        |   in|   32|   ap_stable|                     logits_buf_0_3_load|        scalar|
|logits_buf_0_4_load        |   in|   32|   ap_stable|                     logits_buf_0_4_load|        scalar|
|logits_buf_0_5_load        |   in|   32|   ap_stable|                     logits_buf_0_5_load|        scalar|
|logits_buf_0_6_load        |   in|   32|   ap_stable|                     logits_buf_0_6_load|        scalar|
|logits_buf_0_7_load        |   in|   32|   ap_stable|                     logits_buf_0_7_load|        scalar|
|logits_buf_0_8_load        |   in|   32|   ap_stable|                     logits_buf_0_8_load|        scalar|
|logits_buf_0_9_load        |   in|   32|   ap_stable|                     logits_buf_0_9_load|        scalar|
|logits_buf_0_10_load       |   in|   32|   ap_stable|                    logits_buf_0_10_load|        scalar|
|logits_buf_0_11_load       |   in|   32|   ap_stable|                    logits_buf_0_11_load|        scalar|
|logits_buf_0_12_load       |   in|   32|   ap_stable|                    logits_buf_0_12_load|        scalar|
|logits_buf_0_13_load       |   in|   32|   ap_stable|                    logits_buf_0_13_load|        scalar|
|logits_buf_0_14_load       |   in|   32|   ap_stable|                    logits_buf_0_14_load|        scalar|
|logits_buf_0_15_load       |   in|   32|   ap_stable|                    logits_buf_0_15_load|        scalar|
|logits_buf_0_16_load       |   in|   32|   ap_stable|                    logits_buf_0_16_load|        scalar|
|logits_buf_0_17_load       |   in|   32|   ap_stable|                    logits_buf_0_17_load|        scalar|
|logits_buf_0_18_load       |   in|   32|   ap_stable|                    logits_buf_0_18_load|        scalar|
|logits_buf_0_19_load       |   in|   32|   ap_stable|                    logits_buf_0_19_load|        scalar|
|logits_buf_0_20_load       |   in|   32|   ap_stable|                    logits_buf_0_20_load|        scalar|
|logits_buf_0_21_load       |   in|   32|   ap_stable|                    logits_buf_0_21_load|        scalar|
|logits_buf_0_22_load       |   in|   32|   ap_stable|                    logits_buf_0_22_load|        scalar|
|logits_buf_0_23_load       |   in|   32|   ap_stable|                    logits_buf_0_23_load|        scalar|
|logits_buf_0_24_load       |   in|   32|   ap_stable|                    logits_buf_0_24_load|        scalar|
|logits_buf_0_25_load       |   in|   32|   ap_stable|                    logits_buf_0_25_load|        scalar|
|logits_buf_0_26_load       |   in|   32|   ap_stable|                    logits_buf_0_26_load|        scalar|
|logits_buf_0_27_load       |   in|   32|   ap_stable|                    logits_buf_0_27_load|        scalar|
|logits_buf_0_28_load       |   in|   32|   ap_stable|                    logits_buf_0_28_load|        scalar|
|logits_buf_0_29_load       |   in|   32|   ap_stable|                    logits_buf_0_29_load|        scalar|
|logits_buf_0_30_load       |   in|   32|   ap_stable|                    logits_buf_0_30_load|        scalar|
|logits_buf_0_31_load       |   in|   32|   ap_stable|                    logits_buf_0_31_load|        scalar|
|logits_buf_0_32_load       |   in|   32|   ap_stable|                    logits_buf_0_32_load|        scalar|
|logits_buf_0_33_load       |   in|   32|   ap_stable|                    logits_buf_0_33_load|        scalar|
|logits_buf_0_34_load       |   in|   32|   ap_stable|                    logits_buf_0_34_load|        scalar|
|logits_buf_0_35_load       |   in|   32|   ap_stable|                    logits_buf_0_35_load|        scalar|
|logits_buf_0_36_load       |   in|   32|   ap_stable|                    logits_buf_0_36_load|        scalar|
|logits_buf_0_37_load       |   in|   32|   ap_stable|                    logits_buf_0_37_load|        scalar|
|logits_buf_0_38_load       |   in|   32|   ap_stable|                    logits_buf_0_38_load|        scalar|
|logits_buf_0_39_load       |   in|   32|   ap_stable|                    logits_buf_0_39_load|        scalar|
|logits_buf_0_40_load       |   in|   32|   ap_stable|                    logits_buf_0_40_load|        scalar|
|logits_buf_0_41_load       |   in|   32|   ap_stable|                    logits_buf_0_41_load|        scalar|
|logits_buf_0_42_load       |   in|   32|   ap_stable|                    logits_buf_0_42_load|        scalar|
|logits_buf_0_43_load       |   in|   32|   ap_stable|                    logits_buf_0_43_load|        scalar|
|logits_buf_0_44_load       |   in|   32|   ap_stable|                    logits_buf_0_44_load|        scalar|
|logits_buf_0_45_load       |   in|   32|   ap_stable|                    logits_buf_0_45_load|        scalar|
|logits_buf_0_46_load       |   in|   32|   ap_stable|                    logits_buf_0_46_load|        scalar|
|logits_buf_0_47_load       |   in|   32|   ap_stable|                    logits_buf_0_47_load|        scalar|
|logits_buf_0_48_load       |   in|   32|   ap_stable|                    logits_buf_0_48_load|        scalar|
|logits_buf_0_49_load       |   in|   32|   ap_stable|                    logits_buf_0_49_load|        scalar|
|logits_buf_0_50_load       |   in|   32|   ap_stable|                    logits_buf_0_50_load|        scalar|
|logits_buf_0_51_load       |   in|   32|   ap_stable|                    logits_buf_0_51_load|        scalar|
|logits_buf_0_52_load       |   in|   32|   ap_stable|                    logits_buf_0_52_load|        scalar|
|logits_buf_0_53_load       |   in|   32|   ap_stable|                    logits_buf_0_53_load|        scalar|
|logits_buf_0_54_load       |   in|   32|   ap_stable|                    logits_buf_0_54_load|        scalar|
|logits_buf_0_55_load       |   in|   32|   ap_stable|                    logits_buf_0_55_load|        scalar|
|logits_buf_0_56_load       |   in|   32|   ap_stable|                    logits_buf_0_56_load|        scalar|
|logits_buf_0_57_load       |   in|   32|   ap_stable|                    logits_buf_0_57_load|        scalar|
|logits_buf_0_58_load       |   in|   32|   ap_stable|                    logits_buf_0_58_load|        scalar|
|logits_buf_0_59_load       |   in|   32|   ap_stable|                    logits_buf_0_59_load|        scalar|
|logits_buf_0_60_load       |   in|   32|   ap_stable|                    logits_buf_0_60_load|        scalar|
|logits_buf_0_61_load       |   in|   32|   ap_stable|                    logits_buf_0_61_load|        scalar|
|logits_buf_0_62_load       |   in|   32|   ap_stable|                    logits_buf_0_62_load|        scalar|
|logits_buf_0_63_load       |   in|   32|   ap_stable|                    logits_buf_0_63_load|        scalar|
|max_x                      |   in|   32|   ap_stable|                                   max_x|        scalar|
|logits_buf_1_0_load        |   in|   32|   ap_stable|                     logits_buf_1_0_load|        scalar|
|logits_buf_1_1_load        |   in|   32|   ap_stable|                     logits_buf_1_1_load|        scalar|
|logits_buf_1_2_load        |   in|   32|   ap_stable|                     logits_buf_1_2_load|        scalar|
|logits_buf_1_3_load        |   in|   32|   ap_stable|                     logits_buf_1_3_load|        scalar|
|logits_buf_1_4_load        |   in|   32|   ap_stable|                     logits_buf_1_4_load|        scalar|
|logits_buf_1_5_load        |   in|   32|   ap_stable|                     logits_buf_1_5_load|        scalar|
|logits_buf_1_6_load        |   in|   32|   ap_stable|                     logits_buf_1_6_load|        scalar|
|logits_buf_1_7_load        |   in|   32|   ap_stable|                     logits_buf_1_7_load|        scalar|
|logits_buf_1_8_load        |   in|   32|   ap_stable|                     logits_buf_1_8_load|        scalar|
|logits_buf_1_9_load        |   in|   32|   ap_stable|                     logits_buf_1_9_load|        scalar|
|logits_buf_1_10_load       |   in|   32|   ap_stable|                    logits_buf_1_10_load|        scalar|
|logits_buf_1_11_load       |   in|   32|   ap_stable|                    logits_buf_1_11_load|        scalar|
|logits_buf_1_12_load       |   in|   32|   ap_stable|                    logits_buf_1_12_load|        scalar|
|logits_buf_1_13_load       |   in|   32|   ap_stable|                    logits_buf_1_13_load|        scalar|
|logits_buf_1_14_load       |   in|   32|   ap_stable|                    logits_buf_1_14_load|        scalar|
|logits_buf_1_15_load       |   in|   32|   ap_stable|                    logits_buf_1_15_load|        scalar|
|logits_buf_1_16_load       |   in|   32|   ap_stable|                    logits_buf_1_16_load|        scalar|
|logits_buf_1_17_load       |   in|   32|   ap_stable|                    logits_buf_1_17_load|        scalar|
|logits_buf_1_18_load       |   in|   32|   ap_stable|                    logits_buf_1_18_load|        scalar|
|logits_buf_1_19_load       |   in|   32|   ap_stable|                    logits_buf_1_19_load|        scalar|
|logits_buf_1_20_load       |   in|   32|   ap_stable|                    logits_buf_1_20_load|        scalar|
|logits_buf_1_21_load       |   in|   32|   ap_stable|                    logits_buf_1_21_load|        scalar|
|logits_buf_1_22_load       |   in|   32|   ap_stable|                    logits_buf_1_22_load|        scalar|
|logits_buf_1_23_load       |   in|   32|   ap_stable|                    logits_buf_1_23_load|        scalar|
|logits_buf_1_24_load       |   in|   32|   ap_stable|                    logits_buf_1_24_load|        scalar|
|logits_buf_1_25_load       |   in|   32|   ap_stable|                    logits_buf_1_25_load|        scalar|
|logits_buf_1_26_load       |   in|   32|   ap_stable|                    logits_buf_1_26_load|        scalar|
|logits_buf_1_27_load       |   in|   32|   ap_stable|                    logits_buf_1_27_load|        scalar|
|logits_buf_1_28_load       |   in|   32|   ap_stable|                    logits_buf_1_28_load|        scalar|
|logits_buf_1_29_load       |   in|   32|   ap_stable|                    logits_buf_1_29_load|        scalar|
|logits_buf_1_30_load       |   in|   32|   ap_stable|                    logits_buf_1_30_load|        scalar|
|logits_buf_1_31_load       |   in|   32|   ap_stable|                    logits_buf_1_31_load|        scalar|
|logits_buf_1_32_load       |   in|   32|   ap_stable|                    logits_buf_1_32_load|        scalar|
|logits_buf_1_33_load       |   in|   32|   ap_stable|                    logits_buf_1_33_load|        scalar|
|logits_buf_1_34_load       |   in|   32|   ap_stable|                    logits_buf_1_34_load|        scalar|
|logits_buf_1_35_load       |   in|   32|   ap_stable|                    logits_buf_1_35_load|        scalar|
|logits_buf_1_36_load       |   in|   32|   ap_stable|                    logits_buf_1_36_load|        scalar|
|logits_buf_1_37_load       |   in|   32|   ap_stable|                    logits_buf_1_37_load|        scalar|
|logits_buf_1_38_load       |   in|   32|   ap_stable|                    logits_buf_1_38_load|        scalar|
|logits_buf_1_39_load       |   in|   32|   ap_stable|                    logits_buf_1_39_load|        scalar|
|logits_buf_1_40_load       |   in|   32|   ap_stable|                    logits_buf_1_40_load|        scalar|
|logits_buf_1_41_load       |   in|   32|   ap_stable|                    logits_buf_1_41_load|        scalar|
|logits_buf_1_42_load       |   in|   32|   ap_stable|                    logits_buf_1_42_load|        scalar|
|logits_buf_1_43_load       |   in|   32|   ap_stable|                    logits_buf_1_43_load|        scalar|
|logits_buf_1_44_load       |   in|   32|   ap_stable|                    logits_buf_1_44_load|        scalar|
|logits_buf_1_45_load       |   in|   32|   ap_stable|                    logits_buf_1_45_load|        scalar|
|logits_buf_1_46_load       |   in|   32|   ap_stable|                    logits_buf_1_46_load|        scalar|
|logits_buf_1_47_load       |   in|   32|   ap_stable|                    logits_buf_1_47_load|        scalar|
|logits_buf_1_48_load       |   in|   32|   ap_stable|                    logits_buf_1_48_load|        scalar|
|logits_buf_1_49_load       |   in|   32|   ap_stable|                    logits_buf_1_49_load|        scalar|
|logits_buf_1_50_load       |   in|   32|   ap_stable|                    logits_buf_1_50_load|        scalar|
|logits_buf_1_51_load       |   in|   32|   ap_stable|                    logits_buf_1_51_load|        scalar|
|logits_buf_1_52_load       |   in|   32|   ap_stable|                    logits_buf_1_52_load|        scalar|
|logits_buf_1_53_load       |   in|   32|   ap_stable|                    logits_buf_1_53_load|        scalar|
|logits_buf_1_54_load       |   in|   32|   ap_stable|                    logits_buf_1_54_load|        scalar|
|logits_buf_1_55_load       |   in|   32|   ap_stable|                    logits_buf_1_55_load|        scalar|
|logits_buf_1_56_load       |   in|   32|   ap_stable|                    logits_buf_1_56_load|        scalar|
|logits_buf_1_57_load       |   in|   32|   ap_stable|                    logits_buf_1_57_load|        scalar|
|logits_buf_1_58_load       |   in|   32|   ap_stable|                    logits_buf_1_58_load|        scalar|
|logits_buf_1_59_load       |   in|   32|   ap_stable|                    logits_buf_1_59_load|        scalar|
|logits_buf_1_60_load       |   in|   32|   ap_stable|                    logits_buf_1_60_load|        scalar|
|logits_buf_1_61_load       |   in|   32|   ap_stable|                    logits_buf_1_61_load|        scalar|
|logits_buf_1_62_load       |   in|   32|   ap_stable|                    logits_buf_1_62_load|        scalar|
|logits_buf_1_63_load       |   in|   32|   ap_stable|                    logits_buf_1_63_load|        scalar|
|logits_buf_2_0_load        |   in|   32|   ap_stable|                     logits_buf_2_0_load|        scalar|
|logits_buf_2_1_load        |   in|   32|   ap_stable|                     logits_buf_2_1_load|        scalar|
|logits_buf_2_2_load        |   in|   32|   ap_stable|                     logits_buf_2_2_load|        scalar|
|logits_buf_2_3_load        |   in|   32|   ap_stable|                     logits_buf_2_3_load|        scalar|
|logits_buf_2_4_load        |   in|   32|   ap_stable|                     logits_buf_2_4_load|        scalar|
|logits_buf_2_5_load        |   in|   32|   ap_stable|                     logits_buf_2_5_load|        scalar|
|logits_buf_2_6_load        |   in|   32|   ap_stable|                     logits_buf_2_6_load|        scalar|
|logits_buf_2_7_load        |   in|   32|   ap_stable|                     logits_buf_2_7_load|        scalar|
|logits_buf_2_8_load        |   in|   32|   ap_stable|                     logits_buf_2_8_load|        scalar|
|logits_buf_2_9_load        |   in|   32|   ap_stable|                     logits_buf_2_9_load|        scalar|
|logits_buf_2_10_load       |   in|   32|   ap_stable|                    logits_buf_2_10_load|        scalar|
|logits_buf_2_11_load       |   in|   32|   ap_stable|                    logits_buf_2_11_load|        scalar|
|logits_buf_2_12_load       |   in|   32|   ap_stable|                    logits_buf_2_12_load|        scalar|
|logits_buf_2_13_load       |   in|   32|   ap_stable|                    logits_buf_2_13_load|        scalar|
|logits_buf_2_14_load       |   in|   32|   ap_stable|                    logits_buf_2_14_load|        scalar|
|logits_buf_2_15_load       |   in|   32|   ap_stable|                    logits_buf_2_15_load|        scalar|
|logits_buf_2_16_load       |   in|   32|   ap_stable|                    logits_buf_2_16_load|        scalar|
|logits_buf_2_17_load       |   in|   32|   ap_stable|                    logits_buf_2_17_load|        scalar|
|logits_buf_2_18_load       |   in|   32|   ap_stable|                    logits_buf_2_18_load|        scalar|
|logits_buf_2_19_load       |   in|   32|   ap_stable|                    logits_buf_2_19_load|        scalar|
|logits_buf_2_20_load       |   in|   32|   ap_stable|                    logits_buf_2_20_load|        scalar|
|logits_buf_2_21_load       |   in|   32|   ap_stable|                    logits_buf_2_21_load|        scalar|
|logits_buf_2_22_load       |   in|   32|   ap_stable|                    logits_buf_2_22_load|        scalar|
|logits_buf_2_23_load       |   in|   32|   ap_stable|                    logits_buf_2_23_load|        scalar|
|logits_buf_2_24_load       |   in|   32|   ap_stable|                    logits_buf_2_24_load|        scalar|
|logits_buf_2_25_load       |   in|   32|   ap_stable|                    logits_buf_2_25_load|        scalar|
|logits_buf_2_26_load       |   in|   32|   ap_stable|                    logits_buf_2_26_load|        scalar|
|logits_buf_2_27_load       |   in|   32|   ap_stable|                    logits_buf_2_27_load|        scalar|
|logits_buf_2_28_load       |   in|   32|   ap_stable|                    logits_buf_2_28_load|        scalar|
|logits_buf_2_29_load       |   in|   32|   ap_stable|                    logits_buf_2_29_load|        scalar|
|logits_buf_2_30_load       |   in|   32|   ap_stable|                    logits_buf_2_30_load|        scalar|
|logits_buf_2_31_load       |   in|   32|   ap_stable|                    logits_buf_2_31_load|        scalar|
|logits_buf_2_32_load       |   in|   32|   ap_stable|                    logits_buf_2_32_load|        scalar|
|logits_buf_2_33_load       |   in|   32|   ap_stable|                    logits_buf_2_33_load|        scalar|
|logits_buf_2_34_load       |   in|   32|   ap_stable|                    logits_buf_2_34_load|        scalar|
|logits_buf_2_35_load       |   in|   32|   ap_stable|                    logits_buf_2_35_load|        scalar|
|logits_buf_2_36_load       |   in|   32|   ap_stable|                    logits_buf_2_36_load|        scalar|
|logits_buf_2_37_load       |   in|   32|   ap_stable|                    logits_buf_2_37_load|        scalar|
|logits_buf_2_38_load       |   in|   32|   ap_stable|                    logits_buf_2_38_load|        scalar|
|logits_buf_2_39_load       |   in|   32|   ap_stable|                    logits_buf_2_39_load|        scalar|
|logits_buf_2_40_load       |   in|   32|   ap_stable|                    logits_buf_2_40_load|        scalar|
|logits_buf_2_41_load       |   in|   32|   ap_stable|                    logits_buf_2_41_load|        scalar|
|logits_buf_2_42_load       |   in|   32|   ap_stable|                    logits_buf_2_42_load|        scalar|
|logits_buf_2_43_load       |   in|   32|   ap_stable|                    logits_buf_2_43_load|        scalar|
|logits_buf_2_44_load       |   in|   32|   ap_stable|                    logits_buf_2_44_load|        scalar|
|logits_buf_2_45_load       |   in|   32|   ap_stable|                    logits_buf_2_45_load|        scalar|
|logits_buf_2_46_load       |   in|   32|   ap_stable|                    logits_buf_2_46_load|        scalar|
|logits_buf_2_47_load       |   in|   32|   ap_stable|                    logits_buf_2_47_load|        scalar|
|logits_buf_2_48_load       |   in|   32|   ap_stable|                    logits_buf_2_48_load|        scalar|
|logits_buf_2_49_load       |   in|   32|   ap_stable|                    logits_buf_2_49_load|        scalar|
|logits_buf_2_50_load       |   in|   32|   ap_stable|                    logits_buf_2_50_load|        scalar|
|logits_buf_2_51_load       |   in|   32|   ap_stable|                    logits_buf_2_51_load|        scalar|
|logits_buf_2_52_load       |   in|   32|   ap_stable|                    logits_buf_2_52_load|        scalar|
|logits_buf_2_53_load       |   in|   32|   ap_stable|                    logits_buf_2_53_load|        scalar|
|logits_buf_2_54_load       |   in|   32|   ap_stable|                    logits_buf_2_54_load|        scalar|
|logits_buf_2_55_load       |   in|   32|   ap_stable|                    logits_buf_2_55_load|        scalar|
|logits_buf_2_56_load       |   in|   32|   ap_stable|                    logits_buf_2_56_load|        scalar|
|logits_buf_2_57_load       |   in|   32|   ap_stable|                    logits_buf_2_57_load|        scalar|
|logits_buf_2_58_load       |   in|   32|   ap_stable|                    logits_buf_2_58_load|        scalar|
|logits_buf_2_59_load       |   in|   32|   ap_stable|                    logits_buf_2_59_load|        scalar|
|logits_buf_2_60_load       |   in|   32|   ap_stable|                    logits_buf_2_60_load|        scalar|
|logits_buf_2_61_load       |   in|   32|   ap_stable|                    logits_buf_2_61_load|        scalar|
|logits_buf_2_62_load       |   in|   32|   ap_stable|                    logits_buf_2_62_load|        scalar|
|logits_buf_2_63_load       |   in|   32|   ap_stable|                    logits_buf_2_63_load|        scalar|
|logits_buf_3_0_load        |   in|   32|   ap_stable|                     logits_buf_3_0_load|        scalar|
|logits_buf_3_1_load        |   in|   32|   ap_stable|                     logits_buf_3_1_load|        scalar|
|logits_buf_3_2_load        |   in|   32|   ap_stable|                     logits_buf_3_2_load|        scalar|
|logits_buf_3_3_load        |   in|   32|   ap_stable|                     logits_buf_3_3_load|        scalar|
|logits_buf_3_4_load        |   in|   32|   ap_stable|                     logits_buf_3_4_load|        scalar|
|logits_buf_3_5_load        |   in|   32|   ap_stable|                     logits_buf_3_5_load|        scalar|
|logits_buf_3_6_load        |   in|   32|   ap_stable|                     logits_buf_3_6_load|        scalar|
|logits_buf_3_7_load        |   in|   32|   ap_stable|                     logits_buf_3_7_load|        scalar|
|logits_buf_3_8_load        |   in|   32|   ap_stable|                     logits_buf_3_8_load|        scalar|
|logits_buf_3_9_load        |   in|   32|   ap_stable|                     logits_buf_3_9_load|        scalar|
|logits_buf_3_10_load       |   in|   32|   ap_stable|                    logits_buf_3_10_load|        scalar|
|logits_buf_3_11_load       |   in|   32|   ap_stable|                    logits_buf_3_11_load|        scalar|
|logits_buf_3_12_load       |   in|   32|   ap_stable|                    logits_buf_3_12_load|        scalar|
|logits_buf_3_13_load       |   in|   32|   ap_stable|                    logits_buf_3_13_load|        scalar|
|logits_buf_3_14_load       |   in|   32|   ap_stable|                    logits_buf_3_14_load|        scalar|
|logits_buf_3_15_load       |   in|   32|   ap_stable|                    logits_buf_3_15_load|        scalar|
|logits_buf_3_16_load       |   in|   32|   ap_stable|                    logits_buf_3_16_load|        scalar|
|logits_buf_3_17_load       |   in|   32|   ap_stable|                    logits_buf_3_17_load|        scalar|
|logits_buf_3_18_load       |   in|   32|   ap_stable|                    logits_buf_3_18_load|        scalar|
|logits_buf_3_19_load       |   in|   32|   ap_stable|                    logits_buf_3_19_load|        scalar|
|logits_buf_3_20_load       |   in|   32|   ap_stable|                    logits_buf_3_20_load|        scalar|
|logits_buf_3_21_load       |   in|   32|   ap_stable|                    logits_buf_3_21_load|        scalar|
|logits_buf_3_22_load       |   in|   32|   ap_stable|                    logits_buf_3_22_load|        scalar|
|logits_buf_3_23_load       |   in|   32|   ap_stable|                    logits_buf_3_23_load|        scalar|
|logits_buf_3_24_load       |   in|   32|   ap_stable|                    logits_buf_3_24_load|        scalar|
|logits_buf_3_25_load       |   in|   32|   ap_stable|                    logits_buf_3_25_load|        scalar|
|logits_buf_3_26_load       |   in|   32|   ap_stable|                    logits_buf_3_26_load|        scalar|
|logits_buf_3_27_load       |   in|   32|   ap_stable|                    logits_buf_3_27_load|        scalar|
|logits_buf_3_28_load       |   in|   32|   ap_stable|                    logits_buf_3_28_load|        scalar|
|logits_buf_3_29_load       |   in|   32|   ap_stable|                    logits_buf_3_29_load|        scalar|
|logits_buf_3_30_load       |   in|   32|   ap_stable|                    logits_buf_3_30_load|        scalar|
|logits_buf_3_31_load       |   in|   32|   ap_stable|                    logits_buf_3_31_load|        scalar|
|logits_buf_3_32_load       |   in|   32|   ap_stable|                    logits_buf_3_32_load|        scalar|
|logits_buf_3_33_load       |   in|   32|   ap_stable|                    logits_buf_3_33_load|        scalar|
|logits_buf_3_34_load       |   in|   32|   ap_stable|                    logits_buf_3_34_load|        scalar|
|logits_buf_3_35_load       |   in|   32|   ap_stable|                    logits_buf_3_35_load|        scalar|
|logits_buf_3_36_load       |   in|   32|   ap_stable|                    logits_buf_3_36_load|        scalar|
|logits_buf_3_37_load       |   in|   32|   ap_stable|                    logits_buf_3_37_load|        scalar|
|logits_buf_3_38_load       |   in|   32|   ap_stable|                    logits_buf_3_38_load|        scalar|
|logits_buf_3_39_load       |   in|   32|   ap_stable|                    logits_buf_3_39_load|        scalar|
|logits_buf_3_40_load       |   in|   32|   ap_stable|                    logits_buf_3_40_load|        scalar|
|logits_buf_3_41_load       |   in|   32|   ap_stable|                    logits_buf_3_41_load|        scalar|
|logits_buf_3_42_load       |   in|   32|   ap_stable|                    logits_buf_3_42_load|        scalar|
|logits_buf_3_43_load       |   in|   32|   ap_stable|                    logits_buf_3_43_load|        scalar|
|logits_buf_3_44_load       |   in|   32|   ap_stable|                    logits_buf_3_44_load|        scalar|
|logits_buf_3_45_load       |   in|   32|   ap_stable|                    logits_buf_3_45_load|        scalar|
|logits_buf_3_46_load       |   in|   32|   ap_stable|                    logits_buf_3_46_load|        scalar|
|logits_buf_3_47_load       |   in|   32|   ap_stable|                    logits_buf_3_47_load|        scalar|
|logits_buf_3_48_load       |   in|   32|   ap_stable|                    logits_buf_3_48_load|        scalar|
|logits_buf_3_49_load       |   in|   32|   ap_stable|                    logits_buf_3_49_load|        scalar|
|logits_buf_3_50_load       |   in|   32|   ap_stable|                    logits_buf_3_50_load|        scalar|
|logits_buf_3_51_load       |   in|   32|   ap_stable|                    logits_buf_3_51_load|        scalar|
|logits_buf_3_52_load       |   in|   32|   ap_stable|                    logits_buf_3_52_load|        scalar|
|logits_buf_3_53_load       |   in|   32|   ap_stable|                    logits_buf_3_53_load|        scalar|
|logits_buf_3_54_load       |   in|   32|   ap_stable|                    logits_buf_3_54_load|        scalar|
|logits_buf_3_55_load       |   in|   32|   ap_stable|                    logits_buf_3_55_load|        scalar|
|logits_buf_3_56_load       |   in|   32|   ap_stable|                    logits_buf_3_56_load|        scalar|
|logits_buf_3_57_load       |   in|   32|   ap_stable|                    logits_buf_3_57_load|        scalar|
|logits_buf_3_58_load       |   in|   32|   ap_stable|                    logits_buf_3_58_load|        scalar|
|logits_buf_3_59_load       |   in|   32|   ap_stable|                    logits_buf_3_59_load|        scalar|
|logits_buf_3_60_load       |   in|   32|   ap_stable|                    logits_buf_3_60_load|        scalar|
|logits_buf_3_61_load       |   in|   32|   ap_stable|                    logits_buf_3_61_load|        scalar|
|logits_buf_3_62_load       |   in|   32|   ap_stable|                    logits_buf_3_62_load|        scalar|
|logits_buf_3_63_load       |   in|   32|   ap_stable|                    logits_buf_3_63_load|        scalar|
+---------------------------+-----+-----+------------+----------------------------------------+--------------+

============================================================
+ Verbose Summary: Synthesis Manager
============================================================
InlineROM: 1
ExposeGlobal: 0
============================================================
+ Verbose Summary: CDFG Model
============================================================
IsTopModel: 0
ResetActiveHigh: 1
IsCombinational: 2
IsDatapathOnly: 2
HasWiredReturn: 1
HasMFsm: 2
HasVarLatency: 1
IsPipeline: 0
IsRtlPipelined: 0
IsInstanceOverlapped: 0
IsDontTouch: 0
HasImplIP: 0
IsGatedGlobalClock: 0

+ Individual pipeline summary: 
  * Pipeline-0: initiation interval (II) = 1, depth = 7


============================================================
+ Verbose Summary: Schedule
============================================================
* Number of FSM states : 7
* Pipeline : 1
  Pipeline-0 : II = 1, D = 7, States = { 1 2 3 4 5 6 7 }
* Dataflow Pipeline: 0

* FSM state transitions: 
1 --> 2 
2 --> 3 
3 --> 4 
4 --> 5 
5 --> 6 
6 --> 7 
7 --> 

* FSM state operations: 

State 1 <SV = 0> <Delay = 7.27>
ST_1 : Operation 10 [1/1] (0.00ns)   --->   "%blk = alloca i32 1" [softmax_accel_hls.cc:233]   --->   Operation 10 'alloca' 'blk' <Predicate = true> <Delay = 0.00>
ST_1 : Operation 11 [1/1] (0.00ns)   --->   "%specstablecontent_ln0 = specstablecontent void @_ssdm_op_SpecStableContent, i9 %n, i1 1, void @p_str"   --->   Operation 11 'specstablecontent' 'specstablecontent_ln0' <Predicate = true> <Delay = 0.00>
ST_1 : Operation 12 [1/1] (0.00ns)   --->   "%specstablecontent_ln0 = specstablecontent void @_ssdm_op_SpecStableContent, i32 %max_x, i1 1, void @p_str"   --->   Operation 12 'specstablecontent' 'specstablecontent_ln0' <Predicate = true> <Delay = 0.00>
ST_1 : Operation 13 [1/1] (0.00ns)   --->   "%specinterface_ln0 = specinterface void @_ssdm_op_SpecInterface, i132 %exp_stream, void @empty_9, i32 0, i32 0, void @empty_2, i32 0, i32 0, void @empty_2, void @empty_2, void @empty_2, i32 0, i32 0, i32 0, i32 0, void @empty_2, void @empty_2, i32 4294967295, i32 0, i32 0"   --->   Operation 13 'specinterface' 'specinterface_ln0' <Predicate = true> <Delay = 0.00>
ST_1 : Operation 14 [1/1] (0.00ns)   --->   "%logits_buf_3_63_load_read = read i32 @_ssdm_op_Read.ap_auto.i32, i32 %logits_buf_3_63_load" [softmax_accel_hls.cc:225]   --->   Operation 14 'read' 'logits_buf_3_63_load_read' <Predicate = true> <Delay = 0.00>
ST_1 : Operation 15 [1/1] (0.00ns)   --->   "%logits_buf_3_62_load_read = read i32 @_ssdm_op_Read.ap_auto.i32, i32 %logits_buf_3_62_load" [softmax_accel_hls.cc:225]   --->   Operation 15 'read' 'logits_buf_3_62_load_read' <Predicate = true> <Delay = 0.00>
ST_1 : Operation 16 [1/1] (0.00ns)   --->   "%logits_buf_3_61_load_read = read i32 @_ssdm_op_Read.ap_auto.i32, i32 %logits_buf_3_61_load" [softmax_accel_hls.cc:225]   --->   Operation 16 'read' 'logits_buf_3_61_load_read' <Predicate = true> <Delay = 0.00>
ST_1 : Operation 17 [1/1] (0.00ns)   --->   "%logits_buf_3_60_load_read = read i32 @_ssdm_op_Read.ap_auto.i32, i32 %logits_buf_3_60_load" [softmax_accel_hls.cc:225]   --->   Operation 17 'read' 'logits_buf_3_60_load_read' <Predicate = true> <Delay = 0.00>
ST_1 : Operation 18 [1/1] (0.00ns)   --->   "%logits_buf_3_59_load_read = read i32 @_ssdm_op_Read.ap_auto.i32, i32 %logits_buf_3_59_load" [softmax_accel_hls.cc:225]   --->   Operation 18 'read' 'logits_buf_3_59_load_read' <Predicate = true> <Delay = 0.00>
ST_1 : Operation 19 [1/1] (0.00ns)   --->   "%logits_buf_3_58_load_read = read i32 @_ssdm_op_Read.ap_auto.i32, i32 %logits_buf_3_58_load" [softmax_accel_hls.cc:225]   --->   Operation 19 'read' 'logits_buf_3_58_load_read' <Predicate = true> <Delay = 0.00>
ST_1 : Operation 20 [1/1] (0.00ns)   --->   "%logits_buf_3_57_load_read = read i32 @_ssdm_op_Read.ap_auto.i32, i32 %logits_buf_3_57_load" [softmax_accel_hls.cc:225]   --->   Operation 20 'read' 'logits_buf_3_57_load_read' <Predicate = true> <Delay = 0.00>
ST_1 : Operation 21 [1/1] (0.00ns)   --->   "%logits_buf_3_56_load_read = read i32 @_ssdm_op_Read.ap_auto.i32, i32 %logits_buf_3_56_load" [softmax_accel_hls.cc:225]   --->   Operation 21 'read' 'logits_buf_3_56_load_read' <Predicate = true> <Delay = 0.00>
ST_1 : Operation 22 [1/1] (0.00ns)   --->   "%logits_buf_3_55_load_read = read i32 @_ssdm_op_Read.ap_auto.i32, i32 %logits_buf_3_55_load" [softmax_accel_hls.cc:225]   --->   Operation 22 'read' 'logits_buf_3_55_load_read' <Predicate = true> <Delay = 0.00>
ST_1 : Operation 23 [1/1] (0.00ns)   --->   "%logits_buf_3_54_load_read = read i32 @_ssdm_op_Read.ap_auto.i32, i32 %logits_buf_3_54_load" [softmax_accel_hls.cc:225]   --->   Operation 23 'read' 'logits_buf_3_54_load_read' <Predicate = true> <Delay = 0.00>
ST_1 : Operation 24 [1/1] (0.00ns)   --->   "%logits_buf_3_53_load_read = read i32 @_ssdm_op_Read.ap_auto.i32, i32 %logits_buf_3_53_load" [softmax_accel_hls.cc:225]   --->   Operation 24 'read' 'logits_buf_3_53_load_read' <Predicate = true> <Delay = 0.00>
ST_1 : Operation 25 [1/1] (0.00ns)   --->   "%logits_buf_3_52_load_read = read i32 @_ssdm_op_Read.ap_auto.i32, i32 %logits_buf_3_52_load" [softmax_accel_hls.cc:225]   --->   Operation 25 'read' 'logits_buf_3_52_load_read' <Predicate = true> <Delay = 0.00>
ST_1 : Operation 26 [1/1] (0.00ns)   --->   "%logits_buf_3_51_load_read = read i32 @_ssdm_op_Read.ap_auto.i32, i32 %logits_buf_3_51_load" [softmax_accel_hls.cc:225]   --->   Operation 26 'read' 'logits_buf_3_51_load_read' <Predicate = true> <Delay = 0.00>
ST_1 : Operation 27 [1/1] (0.00ns)   --->   "%logits_buf_3_50_load_read = read i32 @_ssdm_op_Read.ap_auto.i32, i32 %logits_buf_3_50_load" [softmax_accel_hls.cc:225]   --->   Operation 27 'read' 'logits_buf_3_50_load_read' <Predicate = true> <Delay = 0.00>
ST_1 : Operation 28 [1/1] (0.00ns)   --->   "%logits_buf_3_49_load_read = read i32 @_ssdm_op_Read.ap_auto.i32, i32 %logits_buf_3_49_load" [softmax_accel_hls.cc:225]   --->   Operation 28 'read' 'logits_buf_3_49_load_read' <Predicate = true> <Delay = 0.00>
ST_1 : Operation 29 [1/1] (0.00ns)   --->   "%logits_buf_3_48_load_read = read i32 @_ssdm_op_Read.ap_auto.i32, i32 %logits_buf_3_48_load" [softmax_accel_hls.cc:225]   --->   Operation 29 'read' 'logits_buf_3_48_load_read' <Predicate = true> <Delay = 0.00>
ST_1 : Operation 30 [1/1] (0.00ns)   --->   "%logits_buf_3_47_load_read = read i32 @_ssdm_op_Read.ap_auto.i32, i32 %logits_buf_3_47_load" [softmax_accel_hls.cc:225]   --->   Operation 30 'read' 'logits_buf_3_47_load_read' <Predicate = true> <Delay = 0.00>
ST_1 : Operation 31 [1/1] (0.00ns)   --->   "%logits_buf_3_46_load_read = read i32 @_ssdm_op_Read.ap_auto.i32, i32 %logits_buf_3_46_load" [softmax_accel_hls.cc:225]   --->   Operation 31 'read' 'logits_buf_3_46_load_read' <Predicate = true> <Delay = 0.00>
ST_1 : Operation 32 [1/1] (0.00ns)   --->   "%logits_buf_3_45_load_read = read i32 @_ssdm_op_Read.ap_auto.i32, i32 %logits_buf_3_45_load" [softmax_accel_hls.cc:225]   --->   Operation 32 'read' 'logits_buf_3_45_load_read' <Predicate = true> <Delay = 0.00>
ST_1 : Operation 33 [1/1] (0.00ns)   --->   "%logits_buf_3_44_load_read = read i32 @_ssdm_op_Read.ap_auto.i32, i32 %logits_buf_3_44_load" [softmax_accel_hls.cc:225]   --->   Operation 33 'read' 'logits_buf_3_44_load_read' <Predicate = true> <Delay = 0.00>
ST_1 : Operation 34 [1/1] (0.00ns)   --->   "%logits_buf_3_43_load_read = read i32 @_ssdm_op_Read.ap_auto.i32, i32 %logits_buf_3_43_load" [softmax_accel_hls.cc:225]   --->   Operation 34 'read' 'logits_buf_3_43_load_read' <Predicate = true> <Delay = 0.00>
ST_1 : Operation 35 [1/1] (0.00ns)   --->   "%logits_buf_3_42_load_read = read i32 @_ssdm_op_Read.ap_auto.i32, i32 %logits_buf_3_42_load" [softmax_accel_hls.cc:225]   --->   Operation 35 'read' 'logits_buf_3_42_load_read' <Predicate = true> <Delay = 0.00>
ST_1 : Operation 36 [1/1] (0.00ns)   --->   "%logits_buf_3_41_load_read = read i32 @_ssdm_op_Read.ap_auto.i32, i32 %logits_buf_3_41_load" [softmax_accel_hls.cc:225]   --->   Operation 36 'read' 'logits_buf_3_41_load_read' <Predicate = true> <Delay = 0.00>
ST_1 : Operation 37 [1/1] (0.00ns)   --->   "%logits_buf_3_40_load_read = read i32 @_ssdm_op_Read.ap_auto.i32, i32 %logits_buf_3_40_load" [softmax_accel_hls.cc:225]   --->   Operation 37 'read' 'logits_buf_3_40_load_read' <Predicate = true> <Delay = 0.00>
ST_1 : Operation 38 [1/1] (0.00ns)   --->   "%logits_buf_3_39_load_read = read i32 @_ssdm_op_Read.ap_auto.i32, i32 %logits_buf_3_39_load" [softmax_accel_hls.cc:225]   --->   Operation 38 'read' 'logits_buf_3_39_load_read' <Predicate = true> <Delay = 0.00>
ST_1 : Operation 39 [1/1] (0.00ns)   --->   "%logits_buf_3_38_load_read = read i32 @_ssdm_op_Read.ap_auto.i32, i32 %logits_buf_3_38_load" [softmax_accel_hls.cc:225]   --->   Operation 39 'read' 'logits_buf_3_38_load_read' <Predicate = true> <Delay = 0.00>
ST_1 : Operation 40 [1/1] (0.00ns)   --->   "%logits_buf_3_37_load_read = read i32 @_ssdm_op_Read.ap_auto.i32, i32 %logits_buf_3_37_load" [softmax_accel_hls.cc:225]   --->   Operation 40 'read' 'logits_buf_3_37_load_read' <Predicate = true> <Delay = 0.00>
ST_1 : Operation 41 [1/1] (0.00ns)   --->   "%logits_buf_3_36_load_read = read i32 @_ssdm_op_Read.ap_auto.i32, i32 %logits_buf_3_36_load" [softmax_accel_hls.cc:225]   --->   Operation 41 'read' 'logits_buf_3_36_load_read' <Predicate = true> <Delay = 0.00>
ST_1 : Operation 42 [1/1] (0.00ns)   --->   "%logits_buf_3_35_load_read = read i32 @_ssdm_op_Read.ap_auto.i32, i32 %logits_buf_3_35_load" [softmax_accel_hls.cc:225]   --->   Operation 42 'read' 'logits_buf_3_35_load_read' <Predicate = true> <Delay = 0.00>
ST_1 : Operation 43 [1/1] (0.00ns)   --->   "%logits_buf_3_34_load_read = read i32 @_ssdm_op_Read.ap_auto.i32, i32 %logits_buf_3_34_load" [softmax_accel_hls.cc:225]   --->   Operation 43 'read' 'logits_buf_3_34_load_read' <Predicate = true> <Delay = 0.00>
ST_1 : Operation 44 [1/1] (0.00ns)   --->   "%logits_buf_3_33_load_read = read i32 @_ssdm_op_Read.ap_auto.i32, i32 %logits_buf_3_33_load" [softmax_accel_hls.cc:225]   --->   Operation 44 'read' 'logits_buf_3_33_load_read' <Predicate = true> <Delay = 0.00>
ST_1 : Operation 45 [1/1] (0.00ns)   --->   "%logits_buf_3_32_load_read = read i32 @_ssdm_op_Read.ap_auto.i32, i32 %logits_buf_3_32_load" [softmax_accel_hls.cc:225]   --->   Operation 45 'read' 'logits_buf_3_32_load_read' <Predicate = true> <Delay = 0.00>
ST_1 : Operation 46 [1/1] (0.00ns)   --->   "%logits_buf_3_31_load_read = read i32 @_ssdm_op_Read.ap_auto.i32, i32 %logits_buf_3_31_load" [softmax_accel_hls.cc:225]   --->   Operation 46 'read' 'logits_buf_3_31_load_read' <Predicate = true> <Delay = 0.00>
ST_1 : Operation 47 [1/1] (0.00ns)   --->   "%logits_buf_3_30_load_read = read i32 @_ssdm_op_Read.ap_auto.i32, i32 %logits_buf_3_30_load" [softmax_accel_hls.cc:225]   --->   Operation 47 'read' 'logits_buf_3_30_load_read' <Predicate = true> <Delay = 0.00>
ST_1 : Operation 48 [1/1] (0.00ns)   --->   "%logits_buf_3_29_load_read = read i32 @_ssdm_op_Read.ap_auto.i32, i32 %logits_buf_3_29_load" [softmax_accel_hls.cc:225]   --->   Operation 48 'read' 'logits_buf_3_29_load_read' <Predicate = true> <Delay = 0.00>
ST_1 : Operation 49 [1/1] (0.00ns)   --->   "%logits_buf_3_28_load_read = read i32 @_ssdm_op_Read.ap_auto.i32, i32 %logits_buf_3_28_load" [softmax_accel_hls.cc:225]   --->   Operation 49 'read' 'logits_buf_3_28_load_read' <Predicate = true> <Delay = 0.00>
ST_1 : Operation 50 [1/1] (0.00ns)   --->   "%logits_buf_3_27_load_read = read i32 @_ssdm_op_Read.ap_auto.i32, i32 %logits_buf_3_27_load" [softmax_accel_hls.cc:225]   --->   Operation 50 'read' 'logits_buf_3_27_load_read' <Predicate = true> <Delay = 0.00>
ST_1 : Operation 51 [1/1] (0.00ns)   --->   "%logits_buf_3_26_load_read = read i32 @_ssdm_op_Read.ap_auto.i32, i32 %logits_buf_3_26_load" [softmax_accel_hls.cc:225]   --->   Operation 51 'read' 'logits_buf_3_26_load_read' <Predicate = true> <Delay = 0.00>
ST_1 : Operation 52 [1/1] (0.00ns)   --->   "%logits_buf_3_25_load_read = read i32 @_ssdm_op_Read.ap_auto.i32, i32 %logits_buf_3_25_load" [softmax_accel_hls.cc:225]   --->   Operation 52 'read' 'logits_buf_3_25_load_read' <Predicate = true> <Delay = 0.00>
ST_1 : Operation 53 [1/1] (0.00ns)   --->   "%logits_buf_3_24_load_read = read i32 @_ssdm_op_Read.ap_auto.i32, i32 %logits_buf_3_24_load" [softmax_accel_hls.cc:225]   --->   Operation 53 'read' 'logits_buf_3_24_load_read' <Predicate = true> <Delay = 0.00>
ST_1 : Operation 54 [1/1] (0.00ns)   --->   "%logits_buf_3_23_load_read = read i32 @_ssdm_op_Read.ap_auto.i32, i32 %logits_buf_3_23_load" [softmax_accel_hls.cc:225]   --->   Operation 54 'read' 'logits_buf_3_23_load_read' <Predicate = true> <Delay = 0.00>
ST_1 : Operation 55 [1/1] (0.00ns)   --->   "%logits_buf_3_22_load_read = read i32 @_ssdm_op_Read.ap_auto.i32, i32 %logits_buf_3_22_load" [softmax_accel_hls.cc:225]   --->   Operation 55 'read' 'logits_buf_3_22_load_read' <Predicate = true> <Delay = 0.00>
ST_1 : Operation 56 [1/1] (0.00ns)   --->   "%logits_buf_3_21_load_read = read i32 @_ssdm_op_Read.ap_auto.i32, i32 %logits_buf_3_21_load" [softmax_accel_hls.cc:225]   --->   Operation 56 'read' 'logits_buf_3_21_load_read' <Predicate = true> <Delay = 0.00>
ST_1 : Operation 57 [1/1] (0.00ns)   --->   "%logits_buf_3_20_load_read = read i32 @_ssdm_op_Read.ap_auto.i32, i32 %logits_buf_3_20_load" [softmax_accel_hls.cc:225]   --->   Operation 57 'read' 'logits_buf_3_20_load_read' <Predicate = true> <Delay = 0.00>
ST_1 : Operation 58 [1/1] (0.00ns)   --->   "%logits_buf_3_19_load_read = read i32 @_ssdm_op_Read.ap_auto.i32, i32 %logits_buf_3_19_load" [softmax_accel_hls.cc:225]   --->   Operation 58 'read' 'logits_buf_3_19_load_read' <Predicate = true> <Delay = 0.00>
ST_1 : Operation 59 [1/1] (0.00ns)   --->   "%logits_buf_3_18_load_read = read i32 @_ssdm_op_Read.ap_auto.i32, i32 %logits_buf_3_18_load" [softmax_accel_hls.cc:225]   --->   Operation 59 'read' 'logits_buf_3_18_load_read' <Predicate = true> <Delay = 0.00>
ST_1 : Operation 60 [1/1] (0.00ns)   --->   "%logits_buf_3_17_load_read = read i32 @_ssdm_op_Read.ap_auto.i32, i32 %logits_buf_3_17_load" [softmax_accel_hls.cc:225]   --->   Operation 60 'read' 'logits_buf_3_17_load_read' <Predicate = true> <Delay = 0.00>
ST_1 : Operation 61 [1/1] (0.00ns)   --->   "%logits_buf_3_16_load_read = read i32 @_ssdm_op_Read.ap_auto.i32, i32 %logits_buf_3_16_load" [softmax_accel_hls.cc:225]   --->   Operation 61 'read' 'logits_buf_3_16_load_read' <Predicate = true> <Delay = 0.00>
ST_1 : Operation 62 [1/1] (0.00ns)   --->   "%logits_buf_3_15_load_read = read i32 @_ssdm_op_Read.ap_auto.i32, i32 %logits_buf_3_15_load" [softmax_accel_hls.cc:225]   --->   Operation 62 'read' 'logits_buf_3_15_load_read' <Predicate = true> <Delay = 0.00>
ST_1 : Operation 63 [1/1] (0.00ns)   --->   "%logits_buf_3_14_load_read = read i32 @_ssdm_op_Read.ap_auto.i32, i32 %logits_buf_3_14_load" [softmax_accel_hls.cc:225]   --->   Operation 63 'read' 'logits_buf_3_14_load_read' <Predicate = true> <Delay = 0.00>
ST_1 : Operation 64 [1/1] (0.00ns)   --->   "%logits_buf_3_13_load_read = read i32 @_ssdm_op_Read.ap_auto.i32, i32 %logits_buf_3_13_load" [softmax_accel_hls.cc:225]   --->   Operation 64 'read' 'logits_buf_3_13_load_read' <Predicate = true> <Delay = 0.00>
ST_1 : Operation 65 [1/1] (0.00ns)   --->   "%logits_buf_3_12_load_read = read i32 @_ssdm_op_Read.ap_auto.i32, i32 %logits_buf_3_12_load" [softmax_accel_hls.cc:225]   --->   Operation 65 'read' 'logits_buf_3_12_load_read' <Predicate = true> <Delay = 0.00>
ST_1 : Operation 66 [1/1] (0.00ns)   --->   "%logits_buf_3_11_load_read = read i32 @_ssdm_op_Read.ap_auto.i32, i32 %logits_buf_3_11_load" [softmax_accel_hls.cc:225]   --->   Operation 66 'read' 'logits_buf_3_11_load_read' <Predicate = true> <Delay = 0.00>
ST_1 : Operation 67 [1/1] (0.00ns)   --->   "%logits_buf_3_10_load_read = read i32 @_ssdm_op_Read.ap_auto.i32, i32 %logits_buf_3_10_load" [softmax_accel_hls.cc:225]   --->   Operation 67 'read' 'logits_buf_3_10_load_read' <Predicate = true> <Delay = 0.00>
ST_1 : Operation 68 [1/1] (0.00ns)   --->   "%logits_buf_3_9_load_read = read i32 @_ssdm_op_Read.ap_auto.i32, i32 %logits_buf_3_9_load" [softmax_accel_hls.cc:225]   --->   Operation 68 'read' 'logits_buf_3_9_load_read' <Predicate = true> <Delay = 0.00>
ST_1 : Operation 69 [1/1] (0.00ns)   --->   "%logits_buf_3_8_load_read = read i32 @_ssdm_op_Read.ap_auto.i32, i32 %logits_buf_3_8_load" [softmax_accel_hls.cc:225]   --->   Operation 69 'read' 'logits_buf_3_8_load_read' <Predicate = true> <Delay = 0.00>
ST_1 : Operation 70 [1/1] (0.00ns)   --->   "%logits_buf_3_7_load_read = read i32 @_ssdm_op_Read.ap_auto.i32, i32 %logits_buf_3_7_load" [softmax_accel_hls.cc:225]   --->   Operation 70 'read' 'logits_buf_3_7_load_read' <Predicate = true> <Delay = 0.00>
ST_1 : Operation 71 [1/1] (0.00ns)   --->   "%logits_buf_3_6_load_read = read i32 @_ssdm_op_Read.ap_auto.i32, i32 %logits_buf_3_6_load" [softmax_accel_hls.cc:225]   --->   Operation 71 'read' 'logits_buf_3_6_load_read' <Predicate = true> <Delay = 0.00>
ST_1 : Operation 72 [1/1] (0.00ns)   --->   "%logits_buf_3_5_load_read = read i32 @_ssdm_op_Read.ap_auto.i32, i32 %logits_buf_3_5_load" [softmax_accel_hls.cc:225]   --->   Operation 72 'read' 'logits_buf_3_5_load_read' <Predicate = true> <Delay = 0.00>
ST_1 : Operation 73 [1/1] (0.00ns)   --->   "%logits_buf_3_4_load_read = read i32 @_ssdm_op_Read.ap_auto.i32, i32 %logits_buf_3_4_load" [softmax_accel_hls.cc:225]   --->   Operation 73 'read' 'logits_buf_3_4_load_read' <Predicate = true> <Delay = 0.00>
ST_1 : Operation 74 [1/1] (0.00ns)   --->   "%logits_buf_3_3_load_read = read i32 @_ssdm_op_Read.ap_auto.i32, i32 %logits_buf_3_3_load" [softmax_accel_hls.cc:225]   --->   Operation 74 'read' 'logits_buf_3_3_load_read' <Predicate = true> <Delay = 0.00>
ST_1 : Operation 75 [1/1] (0.00ns)   --->   "%logits_buf_3_2_load_read = read i32 @_ssdm_op_Read.ap_auto.i32, i32 %logits_buf_3_2_load" [softmax_accel_hls.cc:225]   --->   Operation 75 'read' 'logits_buf_3_2_load_read' <Predicate = true> <Delay = 0.00>
ST_1 : Operation 76 [1/1] (0.00ns)   --->   "%logits_buf_3_1_load_read = read i32 @_ssdm_op_Read.ap_auto.i32, i32 %logits_buf_3_1_load" [softmax_accel_hls.cc:225]   --->   Operation 76 'read' 'logits_buf_3_1_load_read' <Predicate = true> <Delay = 0.00>
ST_1 : Operation 77 [1/1] (0.00ns)   --->   "%logits_buf_3_0_load_read = read i32 @_ssdm_op_Read.ap_auto.i32, i32 %logits_buf_3_0_load" [softmax_accel_hls.cc:225]   --->   Operation 77 'read' 'logits_buf_3_0_load_read' <Predicate = true> <Delay = 0.00>
ST_1 : Operation 78 [1/1] (0.00ns)   --->   "%logits_buf_2_63_load_read = read i32 @_ssdm_op_Read.ap_auto.i32, i32 %logits_buf_2_63_load" [softmax_accel_hls.cc:225]   --->   Operation 78 'read' 'logits_buf_2_63_load_read' <Predicate = true> <Delay = 0.00>
ST_1 : Operation 79 [1/1] (0.00ns)   --->   "%logits_buf_2_62_load_read = read i32 @_ssdm_op_Read.ap_auto.i32, i32 %logits_buf_2_62_load" [softmax_accel_hls.cc:225]   --->   Operation 79 'read' 'logits_buf_2_62_load_read' <Predicate = true> <Delay = 0.00>
ST_1 : Operation 80 [1/1] (0.00ns)   --->   "%logits_buf_2_61_load_read = read i32 @_ssdm_op_Read.ap_auto.i32, i32 %logits_buf_2_61_load" [softmax_accel_hls.cc:225]   --->   Operation 80 'read' 'logits_buf_2_61_load_read' <Predicate = true> <Delay = 0.00>
ST_1 : Operation 81 [1/1] (0.00ns)   --->   "%logits_buf_2_60_load_read = read i32 @_ssdm_op_Read.ap_auto.i32, i32 %logits_buf_2_60_load" [softmax_accel_hls.cc:225]   --->   Operation 81 'read' 'logits_buf_2_60_load_read' <Predicate = true> <Delay = 0.00>
ST_1 : Operation 82 [1/1] (0.00ns)   --->   "%logits_buf_2_59_load_read = read i32 @_ssdm_op_Read.ap_auto.i32, i32 %logits_buf_2_59_load" [softmax_accel_hls.cc:225]   --->   Operation 82 'read' 'logits_buf_2_59_load_read' <Predicate = true> <Delay = 0.00>
ST_1 : Operation 83 [1/1] (0.00ns)   --->   "%logits_buf_2_58_load_read = read i32 @_ssdm_op_Read.ap_auto.i32, i32 %logits_buf_2_58_load" [softmax_accel_hls.cc:225]   --->   Operation 83 'read' 'logits_buf_2_58_load_read' <Predicate = true> <Delay = 0.00>
ST_1 : Operation 84 [1/1] (0.00ns)   --->   "%logits_buf_2_57_load_read = read i32 @_ssdm_op_Read.ap_auto.i32, i32 %logits_buf_2_57_load" [softmax_accel_hls.cc:225]   --->   Operation 84 'read' 'logits_buf_2_57_load_read' <Predicate = true> <Delay = 0.00>
ST_1 : Operation 85 [1/1] (0.00ns)   --->   "%logits_buf_2_56_load_read = read i32 @_ssdm_op_Read.ap_auto.i32, i32 %logits_buf_2_56_load" [softmax_accel_hls.cc:225]   --->   Operation 85 'read' 'logits_buf_2_56_load_read' <Predicate = true> <Delay = 0.00>
ST_1 : Operation 86 [1/1] (0.00ns)   --->   "%logits_buf_2_55_load_read = read i32 @_ssdm_op_Read.ap_auto.i32, i32 %logits_buf_2_55_load" [softmax_accel_hls.cc:225]   --->   Operation 86 'read' 'logits_buf_2_55_load_read' <Predicate = true> <Delay = 0.00>
ST_1 : Operation 87 [1/1] (0.00ns)   --->   "%logits_buf_2_54_load_read = read i32 @_ssdm_op_Read.ap_auto.i32, i32 %logits_buf_2_54_load" [softmax_accel_hls.cc:225]   --->   Operation 87 'read' 'logits_buf_2_54_load_read' <Predicate = true> <Delay = 0.00>
ST_1 : Operation 88 [1/1] (0.00ns)   --->   "%logits_buf_2_53_load_read = read i32 @_ssdm_op_Read.ap_auto.i32, i32 %logits_buf_2_53_load" [softmax_accel_hls.cc:225]   --->   Operation 88 'read' 'logits_buf_2_53_load_read' <Predicate = true> <Delay = 0.00>
ST_1 : Operation 89 [1/1] (0.00ns)   --->   "%logits_buf_2_52_load_read = read i32 @_ssdm_op_Read.ap_auto.i32, i32 %logits_buf_2_52_load" [softmax_accel_hls.cc:225]   --->   Operation 89 'read' 'logits_buf_2_52_load_read' <Predicate = true> <Delay = 0.00>
ST_1 : Operation 90 [1/1] (0.00ns)   --->   "%logits_buf_2_51_load_read = read i32 @_ssdm_op_Read.ap_auto.i32, i32 %logits_buf_2_51_load" [softmax_accel_hls.cc:225]   --->   Operation 90 'read' 'logits_buf_2_51_load_read' <Predicate = true> <Delay = 0.00>
ST_1 : Operation 91 [1/1] (0.00ns)   --->   "%logits_buf_2_50_load_read = read i32 @_ssdm_op_Read.ap_auto.i32, i32 %logits_buf_2_50_load" [softmax_accel_hls.cc:225]   --->   Operation 91 'read' 'logits_buf_2_50_load_read' <Predicate = true> <Delay = 0.00>
ST_1 : Operation 92 [1/1] (0.00ns)   --->   "%logits_buf_2_49_load_read = read i32 @_ssdm_op_Read.ap_auto.i32, i32 %logits_buf_2_49_load" [softmax_accel_hls.cc:225]   --->   Operation 92 'read' 'logits_buf_2_49_load_read' <Predicate = true> <Delay = 0.00>
ST_1 : Operation 93 [1/1] (0.00ns)   --->   "%logits_buf_2_48_load_read = read i32 @_ssdm_op_Read.ap_auto.i32, i32 %logits_buf_2_48_load" [softmax_accel_hls.cc:225]   --->   Operation 93 'read' 'logits_buf_2_48_load_read' <Predicate = true> <Delay = 0.00>
ST_1 : Operation 94 [1/1] (0.00ns)   --->   "%logits_buf_2_47_load_read = read i32 @_ssdm_op_Read.ap_auto.i32, i32 %logits_buf_2_47_load" [softmax_accel_hls.cc:225]   --->   Operation 94 'read' 'logits_buf_2_47_load_read' <Predicate = true> <Delay = 0.00>
ST_1 : Operation 95 [1/1] (0.00ns)   --->   "%logits_buf_2_46_load_read = read i32 @_ssdm_op_Read.ap_auto.i32, i32 %logits_buf_2_46_load" [softmax_accel_hls.cc:225]   --->   Operation 95 'read' 'logits_buf_2_46_load_read' <Predicate = true> <Delay = 0.00>
ST_1 : Operation 96 [1/1] (0.00ns)   --->   "%logits_buf_2_45_load_read = read i32 @_ssdm_op_Read.ap_auto.i32, i32 %logits_buf_2_45_load" [softmax_accel_hls.cc:225]   --->   Operation 96 'read' 'logits_buf_2_45_load_read' <Predicate = true> <Delay = 0.00>
ST_1 : Operation 97 [1/1] (0.00ns)   --->   "%logits_buf_2_44_load_read = read i32 @_ssdm_op_Read.ap_auto.i32, i32 %logits_buf_2_44_load" [softmax_accel_hls.cc:225]   --->   Operation 97 'read' 'logits_buf_2_44_load_read' <Predicate = true> <Delay = 0.00>
ST_1 : Operation 98 [1/1] (0.00ns)   --->   "%logits_buf_2_43_load_read = read i32 @_ssdm_op_Read.ap_auto.i32, i32 %logits_buf_2_43_load" [softmax_accel_hls.cc:225]   --->   Operation 98 'read' 'logits_buf_2_43_load_read' <Predicate = true> <Delay = 0.00>
ST_1 : Operation 99 [1/1] (0.00ns)   --->   "%logits_buf_2_42_load_read = read i32 @_ssdm_op_Read.ap_auto.i32, i32 %logits_buf_2_42_load" [softmax_accel_hls.cc:225]   --->   Operation 99 'read' 'logits_buf_2_42_load_read' <Predicate = true> <Delay = 0.00>
ST_1 : Operation 100 [1/1] (0.00ns)   --->   "%logits_buf_2_41_load_read = read i32 @_ssdm_op_Read.ap_auto.i32, i32 %logits_buf_2_41_load" [softmax_accel_hls.cc:225]   --->   Operation 100 'read' 'logits_buf_2_41_load_read' <Predicate = true> <Delay = 0.00>
ST_1 : Operation 101 [1/1] (0.00ns)   --->   "%logits_buf_2_40_load_read = read i32 @_ssdm_op_Read.ap_auto.i32, i32 %logits_buf_2_40_load" [softmax_accel_hls.cc:225]   --->   Operation 101 'read' 'logits_buf_2_40_load_read' <Predicate = true> <Delay = 0.00>
ST_1 : Operation 102 [1/1] (0.00ns)   --->   "%logits_buf_2_39_load_read = read i32 @_ssdm_op_Read.ap_auto.i32, i32 %logits_buf_2_39_load" [softmax_accel_hls.cc:225]   --->   Operation 102 'read' 'logits_buf_2_39_load_read' <Predicate = true> <Delay = 0.00>
ST_1 : Operation 103 [1/1] (0.00ns)   --->   "%logits_buf_2_38_load_read = read i32 @_ssdm_op_Read.ap_auto.i32, i32 %logits_buf_2_38_load" [softmax_accel_hls.cc:225]   --->   Operation 103 'read' 'logits_buf_2_38_load_read' <Predicate = true> <Delay = 0.00>
ST_1 : Operation 104 [1/1] (0.00ns)   --->   "%logits_buf_2_37_load_read = read i32 @_ssdm_op_Read.ap_auto.i32, i32 %logits_buf_2_37_load" [softmax_accel_hls.cc:225]   --->   Operation 104 'read' 'logits_buf_2_37_load_read' <Predicate = true> <Delay = 0.00>
ST_1 : Operation 105 [1/1] (0.00ns)   --->   "%logits_buf_2_36_load_read = read i32 @_ssdm_op_Read.ap_auto.i32, i32 %logits_buf_2_36_load" [softmax_accel_hls.cc:225]   --->   Operation 105 'read' 'logits_buf_2_36_load_read' <Predicate = true> <Delay = 0.00>
ST_1 : Operation 106 [1/1] (0.00ns)   --->   "%logits_buf_2_35_load_read = read i32 @_ssdm_op_Read.ap_auto.i32, i32 %logits_buf_2_35_load" [softmax_accel_hls.cc:225]   --->   Operation 106 'read' 'logits_buf_2_35_load_read' <Predicate = true> <Delay = 0.00>
ST_1 : Operation 107 [1/1] (0.00ns)   --->   "%logits_buf_2_34_load_read = read i32 @_ssdm_op_Read.ap_auto.i32, i32 %logits_buf_2_34_load" [softmax_accel_hls.cc:225]   --->   Operation 107 'read' 'logits_buf_2_34_load_read' <Predicate = true> <Delay = 0.00>
ST_1 : Operation 108 [1/1] (0.00ns)   --->   "%logits_buf_2_33_load_read = read i32 @_ssdm_op_Read.ap_auto.i32, i32 %logits_buf_2_33_load" [softmax_accel_hls.cc:225]   --->   Operation 108 'read' 'logits_buf_2_33_load_read' <Predicate = true> <Delay = 0.00>
ST_1 : Operation 109 [1/1] (0.00ns)   --->   "%logits_buf_2_32_load_read = read i32 @_ssdm_op_Read.ap_auto.i32, i32 %logits_buf_2_32_load" [softmax_accel_hls.cc:225]   --->   Operation 109 'read' 'logits_buf_2_32_load_read' <Predicate = true> <Delay = 0.00>
ST_1 : Operation 110 [1/1] (0.00ns)   --->   "%logits_buf_2_31_load_read = read i32 @_ssdm_op_Read.ap_auto.i32, i32 %logits_buf_2_31_load" [softmax_accel_hls.cc:225]   --->   Operation 110 'read' 'logits_buf_2_31_load_read' <Predicate = true> <Delay = 0.00>
ST_1 : Operation 111 [1/1] (0.00ns)   --->   "%logits_buf_2_30_load_read = read i32 @_ssdm_op_Read.ap_auto.i32, i32 %logits_buf_2_30_load" [softmax_accel_hls.cc:225]   --->   Operation 111 'read' 'logits_buf_2_30_load_read' <Predicate = true> <Delay = 0.00>
ST_1 : Operation 112 [1/1] (0.00ns)   --->   "%logits_buf_2_29_load_read = read i32 @_ssdm_op_Read.ap_auto.i32, i32 %logits_buf_2_29_load" [softmax_accel_hls.cc:225]   --->   Operation 112 'read' 'logits_buf_2_29_load_read' <Predicate = true> <Delay = 0.00>
ST_1 : Operation 113 [1/1] (0.00ns)   --->   "%logits_buf_2_28_load_read = read i32 @_ssdm_op_Read.ap_auto.i32, i32 %logits_buf_2_28_load" [softmax_accel_hls.cc:225]   --->   Operation 113 'read' 'logits_buf_2_28_load_read' <Predicate = true> <Delay = 0.00>
ST_1 : Operation 114 [1/1] (0.00ns)   --->   "%logits_buf_2_27_load_read = read i32 @_ssdm_op_Read.ap_auto.i32, i32 %logits_buf_2_27_load" [softmax_accel_hls.cc:225]   --->   Operation 114 'read' 'logits_buf_2_27_load_read' <Predicate = true> <Delay = 0.00>
ST_1 : Operation 115 [1/1] (0.00ns)   --->   "%logits_buf_2_26_load_read = read i32 @_ssdm_op_Read.ap_auto.i32, i32 %logits_buf_2_26_load" [softmax_accel_hls.cc:225]   --->   Operation 115 'read' 'logits_buf_2_26_load_read' <Predicate = true> <Delay = 0.00>
ST_1 : Operation 116 [1/1] (0.00ns)   --->   "%logits_buf_2_25_load_read = read i32 @_ssdm_op_Read.ap_auto.i32, i32 %logits_buf_2_25_load" [softmax_accel_hls.cc:225]   --->   Operation 116 'read' 'logits_buf_2_25_load_read' <Predicate = true> <Delay = 0.00>
ST_1 : Operation 117 [1/1] (0.00ns)   --->   "%logits_buf_2_24_load_read = read i32 @_ssdm_op_Read.ap_auto.i32, i32 %logits_buf_2_24_load" [softmax_accel_hls.cc:225]   --->   Operation 117 'read' 'logits_buf_2_24_load_read' <Predicate = true> <Delay = 0.00>
ST_1 : Operation 118 [1/1] (0.00ns)   --->   "%logits_buf_2_23_load_read = read i32 @_ssdm_op_Read.ap_auto.i32, i32 %logits_buf_2_23_load" [softmax_accel_hls.cc:225]   --->   Operation 118 'read' 'logits_buf_2_23_load_read' <Predicate = true> <Delay = 0.00>
ST_1 : Operation 119 [1/1] (0.00ns)   --->   "%logits_buf_2_22_load_read = read i32 @_ssdm_op_Read.ap_auto.i32, i32 %logits_buf_2_22_load" [softmax_accel_hls.cc:225]   --->   Operation 119 'read' 'logits_buf_2_22_load_read' <Predicate = true> <Delay = 0.00>
ST_1 : Operation 120 [1/1] (0.00ns)   --->   "%logits_buf_2_21_load_read = read i32 @_ssdm_op_Read.ap_auto.i32, i32 %logits_buf_2_21_load" [softmax_accel_hls.cc:225]   --->   Operation 120 'read' 'logits_buf_2_21_load_read' <Predicate = true> <Delay = 0.00>
ST_1 : Operation 121 [1/1] (0.00ns)   --->   "%logits_buf_2_20_load_read = read i32 @_ssdm_op_Read.ap_auto.i32, i32 %logits_buf_2_20_load" [softmax_accel_hls.cc:225]   --->   Operation 121 'read' 'logits_buf_2_20_load_read' <Predicate = true> <Delay = 0.00>
ST_1 : Operation 122 [1/1] (0.00ns)   --->   "%logits_buf_2_19_load_read = read i32 @_ssdm_op_Read.ap_auto.i32, i32 %logits_buf_2_19_load" [softmax_accel_hls.cc:225]   --->   Operation 122 'read' 'logits_buf_2_19_load_read' <Predicate = true> <Delay = 0.00>
ST_1 : Operation 123 [1/1] (0.00ns)   --->   "%logits_buf_2_18_load_read = read i32 @_ssdm_op_Read.ap_auto.i32, i32 %logits_buf_2_18_load" [softmax_accel_hls.cc:225]   --->   Operation 123 'read' 'logits_buf_2_18_load_read' <Predicate = true> <Delay = 0.00>
ST_1 : Operation 124 [1/1] (0.00ns)   --->   "%logits_buf_2_17_load_read = read i32 @_ssdm_op_Read.ap_auto.i32, i32 %logits_buf_2_17_load" [softmax_accel_hls.cc:225]   --->   Operation 124 'read' 'logits_buf_2_17_load_read' <Predicate = true> <Delay = 0.00>
ST_1 : Operation 125 [1/1] (0.00ns)   --->   "%logits_buf_2_16_load_read = read i32 @_ssdm_op_Read.ap_auto.i32, i32 %logits_buf_2_16_load" [softmax_accel_hls.cc:225]   --->   Operation 125 'read' 'logits_buf_2_16_load_read' <Predicate = true> <Delay = 0.00>
ST_1 : Operation 126 [1/1] (0.00ns)   --->   "%logits_buf_2_15_load_read = read i32 @_ssdm_op_Read.ap_auto.i32, i32 %logits_buf_2_15_load" [softmax_accel_hls.cc:225]   --->   Operation 126 'read' 'logits_buf_2_15_load_read' <Predicate = true> <Delay = 0.00>
ST_1 : Operation 127 [1/1] (0.00ns)   --->   "%logits_buf_2_14_load_read = read i32 @_ssdm_op_Read.ap_auto.i32, i32 %logits_buf_2_14_load" [softmax_accel_hls.cc:225]   --->   Operation 127 'read' 'logits_buf_2_14_load_read' <Predicate = true> <Delay = 0.00>
ST_1 : Operation 128 [1/1] (0.00ns)   --->   "%logits_buf_2_13_load_read = read i32 @_ssdm_op_Read.ap_auto.i32, i32 %logits_buf_2_13_load" [softmax_accel_hls.cc:225]   --->   Operation 128 'read' 'logits_buf_2_13_load_read' <Predicate = true> <Delay = 0.00>
ST_1 : Operation 129 [1/1] (0.00ns)   --->   "%logits_buf_2_12_load_read = read i32 @_ssdm_op_Read.ap_auto.i32, i32 %logits_buf_2_12_load" [softmax_accel_hls.cc:225]   --->   Operation 129 'read' 'logits_buf_2_12_load_read' <Predicate = true> <Delay = 0.00>
ST_1 : Operation 130 [1/1] (0.00ns)   --->   "%logits_buf_2_11_load_read = read i32 @_ssdm_op_Read.ap_auto.i32, i32 %logits_buf_2_11_load" [softmax_accel_hls.cc:225]   --->   Operation 130 'read' 'logits_buf_2_11_load_read' <Predicate = true> <Delay = 0.00>
ST_1 : Operation 131 [1/1] (0.00ns)   --->   "%logits_buf_2_10_load_read = read i32 @_ssdm_op_Read.ap_auto.i32, i32 %logits_buf_2_10_load" [softmax_accel_hls.cc:225]   --->   Operation 131 'read' 'logits_buf_2_10_load_read' <Predicate = true> <Delay = 0.00>
ST_1 : Operation 132 [1/1] (0.00ns)   --->   "%logits_buf_2_9_load_read = read i32 @_ssdm_op_Read.ap_auto.i32, i32 %logits_buf_2_9_load" [softmax_accel_hls.cc:225]   --->   Operation 132 'read' 'logits_buf_2_9_load_read' <Predicate = true> <Delay = 0.00>
ST_1 : Operation 133 [1/1] (0.00ns)   --->   "%logits_buf_2_8_load_read = read i32 @_ssdm_op_Read.ap_auto.i32, i32 %logits_buf_2_8_load" [softmax_accel_hls.cc:225]   --->   Operation 133 'read' 'logits_buf_2_8_load_read' <Predicate = true> <Delay = 0.00>
ST_1 : Operation 134 [1/1] (0.00ns)   --->   "%logits_buf_2_7_load_read = read i32 @_ssdm_op_Read.ap_auto.i32, i32 %logits_buf_2_7_load" [softmax_accel_hls.cc:225]   --->   Operation 134 'read' 'logits_buf_2_7_load_read' <Predicate = true> <Delay = 0.00>
ST_1 : Operation 135 [1/1] (0.00ns)   --->   "%logits_buf_2_6_load_read = read i32 @_ssdm_op_Read.ap_auto.i32, i32 %logits_buf_2_6_load" [softmax_accel_hls.cc:225]   --->   Operation 135 'read' 'logits_buf_2_6_load_read' <Predicate = true> <Delay = 0.00>
ST_1 : Operation 136 [1/1] (0.00ns)   --->   "%logits_buf_2_5_load_read = read i32 @_ssdm_op_Read.ap_auto.i32, i32 %logits_buf_2_5_load" [softmax_accel_hls.cc:225]   --->   Operation 136 'read' 'logits_buf_2_5_load_read' <Predicate = true> <Delay = 0.00>
ST_1 : Operation 137 [1/1] (0.00ns)   --->   "%logits_buf_2_4_load_read = read i32 @_ssdm_op_Read.ap_auto.i32, i32 %logits_buf_2_4_load" [softmax_accel_hls.cc:225]   --->   Operation 137 'read' 'logits_buf_2_4_load_read' <Predicate = true> <Delay = 0.00>
ST_1 : Operation 138 [1/1] (0.00ns)   --->   "%logits_buf_2_3_load_read = read i32 @_ssdm_op_Read.ap_auto.i32, i32 %logits_buf_2_3_load" [softmax_accel_hls.cc:225]   --->   Operation 138 'read' 'logits_buf_2_3_load_read' <Predicate = true> <Delay = 0.00>
ST_1 : Operation 139 [1/1] (0.00ns)   --->   "%logits_buf_2_2_load_read = read i32 @_ssdm_op_Read.ap_auto.i32, i32 %logits_buf_2_2_load" [softmax_accel_hls.cc:225]   --->   Operation 139 'read' 'logits_buf_2_2_load_read' <Predicate = true> <Delay = 0.00>
ST_1 : Operation 140 [1/1] (0.00ns)   --->   "%logits_buf_2_1_load_read = read i32 @_ssdm_op_Read.ap_auto.i32, i32 %logits_buf_2_1_load" [softmax_accel_hls.cc:225]   --->   Operation 140 'read' 'logits_buf_2_1_load_read' <Predicate = true> <Delay = 0.00>
ST_1 : Operation 141 [1/1] (0.00ns)   --->   "%logits_buf_2_0_load_read = read i32 @_ssdm_op_Read.ap_auto.i32, i32 %logits_buf_2_0_load" [softmax_accel_hls.cc:225]   --->   Operation 141 'read' 'logits_buf_2_0_load_read' <Predicate = true> <Delay = 0.00>
ST_1 : Operation 142 [1/1] (0.00ns)   --->   "%logits_buf_1_63_load_read = read i32 @_ssdm_op_Read.ap_auto.i32, i32 %logits_buf_1_63_load" [softmax_accel_hls.cc:225]   --->   Operation 142 'read' 'logits_buf_1_63_load_read' <Predicate = true> <Delay = 0.00>
ST_1 : Operation 143 [1/1] (0.00ns)   --->   "%logits_buf_1_62_load_read = read i32 @_ssdm_op_Read.ap_auto.i32, i32 %logits_buf_1_62_load" [softmax_accel_hls.cc:225]   --->   Operation 143 'read' 'logits_buf_1_62_load_read' <Predicate = true> <Delay = 0.00>
ST_1 : Operation 144 [1/1] (0.00ns)   --->   "%logits_buf_1_61_load_read = read i32 @_ssdm_op_Read.ap_auto.i32, i32 %logits_buf_1_61_load" [softmax_accel_hls.cc:225]   --->   Operation 144 'read' 'logits_buf_1_61_load_read' <Predicate = true> <Delay = 0.00>
ST_1 : Operation 145 [1/1] (0.00ns)   --->   "%logits_buf_1_60_load_read = read i32 @_ssdm_op_Read.ap_auto.i32, i32 %logits_buf_1_60_load" [softmax_accel_hls.cc:225]   --->   Operation 145 'read' 'logits_buf_1_60_load_read' <Predicate = true> <Delay = 0.00>
ST_1 : Operation 146 [1/1] (0.00ns)   --->   "%logits_buf_1_59_load_read = read i32 @_ssdm_op_Read.ap_auto.i32, i32 %logits_buf_1_59_load" [softmax_accel_hls.cc:225]   --->   Operation 146 'read' 'logits_buf_1_59_load_read' <Predicate = true> <Delay = 0.00>
ST_1 : Operation 147 [1/1] (0.00ns)   --->   "%logits_buf_1_58_load_read = read i32 @_ssdm_op_Read.ap_auto.i32, i32 %logits_buf_1_58_load" [softmax_accel_hls.cc:225]   --->   Operation 147 'read' 'logits_buf_1_58_load_read' <Predicate = true> <Delay = 0.00>
ST_1 : Operation 148 [1/1] (0.00ns)   --->   "%logits_buf_1_57_load_read = read i32 @_ssdm_op_Read.ap_auto.i32, i32 %logits_buf_1_57_load" [softmax_accel_hls.cc:225]   --->   Operation 148 'read' 'logits_buf_1_57_load_read' <Predicate = true> <Delay = 0.00>
ST_1 : Operation 149 [1/1] (0.00ns)   --->   "%logits_buf_1_56_load_read = read i32 @_ssdm_op_Read.ap_auto.i32, i32 %logits_buf_1_56_load" [softmax_accel_hls.cc:225]   --->   Operation 149 'read' 'logits_buf_1_56_load_read' <Predicate = true> <Delay = 0.00>
ST_1 : Operation 150 [1/1] (0.00ns)   --->   "%logits_buf_1_55_load_read = read i32 @_ssdm_op_Read.ap_auto.i32, i32 %logits_buf_1_55_load" [softmax_accel_hls.cc:225]   --->   Operation 150 'read' 'logits_buf_1_55_load_read' <Predicate = true> <Delay = 0.00>
ST_1 : Operation 151 [1/1] (0.00ns)   --->   "%logits_buf_1_54_load_read = read i32 @_ssdm_op_Read.ap_auto.i32, i32 %logits_buf_1_54_load" [softmax_accel_hls.cc:225]   --->   Operation 151 'read' 'logits_buf_1_54_load_read' <Predicate = true> <Delay = 0.00>
ST_1 : Operation 152 [1/1] (0.00ns)   --->   "%logits_buf_1_53_load_read = read i32 @_ssdm_op_Read.ap_auto.i32, i32 %logits_buf_1_53_load" [softmax_accel_hls.cc:225]   --->   Operation 152 'read' 'logits_buf_1_53_load_read' <Predicate = true> <Delay = 0.00>
ST_1 : Operation 153 [1/1] (0.00ns)   --->   "%logits_buf_1_52_load_read = read i32 @_ssdm_op_Read.ap_auto.i32, i32 %logits_buf_1_52_load" [softmax_accel_hls.cc:225]   --->   Operation 153 'read' 'logits_buf_1_52_load_read' <Predicate = true> <Delay = 0.00>
ST_1 : Operation 154 [1/1] (0.00ns)   --->   "%logits_buf_1_51_load_read = read i32 @_ssdm_op_Read.ap_auto.i32, i32 %logits_buf_1_51_load" [softmax_accel_hls.cc:225]   --->   Operation 154 'read' 'logits_buf_1_51_load_read' <Predicate = true> <Delay = 0.00>
ST_1 : Operation 155 [1/1] (0.00ns)   --->   "%logits_buf_1_50_load_read = read i32 @_ssdm_op_Read.ap_auto.i32, i32 %logits_buf_1_50_load" [softmax_accel_hls.cc:225]   --->   Operation 155 'read' 'logits_buf_1_50_load_read' <Predicate = true> <Delay = 0.00>
ST_1 : Operation 156 [1/1] (0.00ns)   --->   "%logits_buf_1_49_load_read = read i32 @_ssdm_op_Read.ap_auto.i32, i32 %logits_buf_1_49_load" [softmax_accel_hls.cc:225]   --->   Operation 156 'read' 'logits_buf_1_49_load_read' <Predicate = true> <Delay = 0.00>
ST_1 : Operation 157 [1/1] (0.00ns)   --->   "%logits_buf_1_48_load_read = read i32 @_ssdm_op_Read.ap_auto.i32, i32 %logits_buf_1_48_load" [softmax_accel_hls.cc:225]   --->   Operation 157 'read' 'logits_buf_1_48_load_read' <Predicate = true> <Delay = 0.00>
ST_1 : Operation 158 [1/1] (0.00ns)   --->   "%logits_buf_1_47_load_read = read i32 @_ssdm_op_Read.ap_auto.i32, i32 %logits_buf_1_47_load" [softmax_accel_hls.cc:225]   --->   Operation 158 'read' 'logits_buf_1_47_load_read' <Predicate = true> <Delay = 0.00>
ST_1 : Operation 159 [1/1] (0.00ns)   --->   "%logits_buf_1_46_load_read = read i32 @_ssdm_op_Read.ap_auto.i32, i32 %logits_buf_1_46_load" [softmax_accel_hls.cc:225]   --->   Operation 159 'read' 'logits_buf_1_46_load_read' <Predicate = true> <Delay = 0.00>
ST_1 : Operation 160 [1/1] (0.00ns)   --->   "%logits_buf_1_45_load_read = read i32 @_ssdm_op_Read.ap_auto.i32, i32 %logits_buf_1_45_load" [softmax_accel_hls.cc:225]   --->   Operation 160 'read' 'logits_buf_1_45_load_read' <Predicate = true> <Delay = 0.00>
ST_1 : Operation 161 [1/1] (0.00ns)   --->   "%logits_buf_1_44_load_read = read i32 @_ssdm_op_Read.ap_auto.i32, i32 %logits_buf_1_44_load" [softmax_accel_hls.cc:225]   --->   Operation 161 'read' 'logits_buf_1_44_load_read' <Predicate = true> <Delay = 0.00>
ST_1 : Operation 162 [1/1] (0.00ns)   --->   "%logits_buf_1_43_load_read = read i32 @_ssdm_op_Read.ap_auto.i32, i32 %logits_buf_1_43_load" [softmax_accel_hls.cc:225]   --->   Operation 162 'read' 'logits_buf_1_43_load_read' <Predicate = true> <Delay = 0.00>
ST_1 : Operation 163 [1/1] (0.00ns)   --->   "%logits_buf_1_42_load_read = read i32 @_ssdm_op_Read.ap_auto.i32, i32 %logits_buf_1_42_load" [softmax_accel_hls.cc:225]   --->   Operation 163 'read' 'logits_buf_1_42_load_read' <Predicate = true> <Delay = 0.00>
ST_1 : Operation 164 [1/1] (0.00ns)   --->   "%logits_buf_1_41_load_read = read i32 @_ssdm_op_Read.ap_auto.i32, i32 %logits_buf_1_41_load" [softmax_accel_hls.cc:225]   --->   Operation 164 'read' 'logits_buf_1_41_load_read' <Predicate = true> <Delay = 0.00>
ST_1 : Operation 165 [1/1] (0.00ns)   --->   "%logits_buf_1_40_load_read = read i32 @_ssdm_op_Read.ap_auto.i32, i32 %logits_buf_1_40_load" [softmax_accel_hls.cc:225]   --->   Operation 165 'read' 'logits_buf_1_40_load_read' <Predicate = true> <Delay = 0.00>
ST_1 : Operation 166 [1/1] (0.00ns)   --->   "%logits_buf_1_39_load_read = read i32 @_ssdm_op_Read.ap_auto.i32, i32 %logits_buf_1_39_load" [softmax_accel_hls.cc:225]   --->   Operation 166 'read' 'logits_buf_1_39_load_read' <Predicate = true> <Delay = 0.00>
ST_1 : Operation 167 [1/1] (0.00ns)   --->   "%logits_buf_1_38_load_read = read i32 @_ssdm_op_Read.ap_auto.i32, i32 %logits_buf_1_38_load" [softmax_accel_hls.cc:225]   --->   Operation 167 'read' 'logits_buf_1_38_load_read' <Predicate = true> <Delay = 0.00>
ST_1 : Operation 168 [1/1] (0.00ns)   --->   "%logits_buf_1_37_load_read = read i32 @_ssdm_op_Read.ap_auto.i32, i32 %logits_buf_1_37_load" [softmax_accel_hls.cc:225]   --->   Operation 168 'read' 'logits_buf_1_37_load_read' <Predicate = true> <Delay = 0.00>
ST_1 : Operation 169 [1/1] (0.00ns)   --->   "%logits_buf_1_36_load_read = read i32 @_ssdm_op_Read.ap_auto.i32, i32 %logits_buf_1_36_load" [softmax_accel_hls.cc:225]   --->   Operation 169 'read' 'logits_buf_1_36_load_read' <Predicate = true> <Delay = 0.00>
ST_1 : Operation 170 [1/1] (0.00ns)   --->   "%logits_buf_1_35_load_read = read i32 @_ssdm_op_Read.ap_auto.i32, i32 %logits_buf_1_35_load" [softmax_accel_hls.cc:225]   --->   Operation 170 'read' 'logits_buf_1_35_load_read' <Predicate = true> <Delay = 0.00>
ST_1 : Operation 171 [1/1] (0.00ns)   --->   "%logits_buf_1_34_load_read = read i32 @_ssdm_op_Read.ap_auto.i32, i32 %logits_buf_1_34_load" [softmax_accel_hls.cc:225]   --->   Operation 171 'read' 'logits_buf_1_34_load_read' <Predicate = true> <Delay = 0.00>
ST_1 : Operation 172 [1/1] (0.00ns)   --->   "%logits_buf_1_33_load_read = read i32 @_ssdm_op_Read.ap_auto.i32, i32 %logits_buf_1_33_load" [softmax_accel_hls.cc:225]   --->   Operation 172 'read' 'logits_buf_1_33_load_read' <Predicate = true> <Delay = 0.00>
ST_1 : Operation 173 [1/1] (0.00ns)   --->   "%logits_buf_1_32_load_read = read i32 @_ssdm_op_Read.ap_auto.i32, i32 %logits_buf_1_32_load" [softmax_accel_hls.cc:225]   --->   Operation 173 'read' 'logits_buf_1_32_load_read' <Predicate = true> <Delay = 0.00>
ST_1 : Operation 174 [1/1] (0.00ns)   --->   "%logits_buf_1_31_load_read = read i32 @_ssdm_op_Read.ap_auto.i32, i32 %logits_buf_1_31_load" [softmax_accel_hls.cc:225]   --->   Operation 174 'read' 'logits_buf_1_31_load_read' <Predicate = true> <Delay = 0.00>
ST_1 : Operation 175 [1/1] (0.00ns)   --->   "%logits_buf_1_30_load_read = read i32 @_ssdm_op_Read.ap_auto.i32, i32 %logits_buf_1_30_load" [softmax_accel_hls.cc:225]   --->   Operation 175 'read' 'logits_buf_1_30_load_read' <Predicate = true> <Delay = 0.00>
ST_1 : Operation 176 [1/1] (0.00ns)   --->   "%logits_buf_1_29_load_read = read i32 @_ssdm_op_Read.ap_auto.i32, i32 %logits_buf_1_29_load" [softmax_accel_hls.cc:225]   --->   Operation 176 'read' 'logits_buf_1_29_load_read' <Predicate = true> <Delay = 0.00>
ST_1 : Operation 177 [1/1] (0.00ns)   --->   "%logits_buf_1_28_load_read = read i32 @_ssdm_op_Read.ap_auto.i32, i32 %logits_buf_1_28_load" [softmax_accel_hls.cc:225]   --->   Operation 177 'read' 'logits_buf_1_28_load_read' <Predicate = true> <Delay = 0.00>
ST_1 : Operation 178 [1/1] (0.00ns)   --->   "%logits_buf_1_27_load_read = read i32 @_ssdm_op_Read.ap_auto.i32, i32 %logits_buf_1_27_load" [softmax_accel_hls.cc:225]   --->   Operation 178 'read' 'logits_buf_1_27_load_read' <Predicate = true> <Delay = 0.00>
ST_1 : Operation 179 [1/1] (0.00ns)   --->   "%logits_buf_1_26_load_read = read i32 @_ssdm_op_Read.ap_auto.i32, i32 %logits_buf_1_26_load" [softmax_accel_hls.cc:225]   --->   Operation 179 'read' 'logits_buf_1_26_load_read' <Predicate = true> <Delay = 0.00>
ST_1 : Operation 180 [1/1] (0.00ns)   --->   "%logits_buf_1_25_load_read = read i32 @_ssdm_op_Read.ap_auto.i32, i32 %logits_buf_1_25_load" [softmax_accel_hls.cc:225]   --->   Operation 180 'read' 'logits_buf_1_25_load_read' <Predicate = true> <Delay = 0.00>
ST_1 : Operation 181 [1/1] (0.00ns)   --->   "%logits_buf_1_24_load_read = read i32 @_ssdm_op_Read.ap_auto.i32, i32 %logits_buf_1_24_load" [softmax_accel_hls.cc:225]   --->   Operation 181 'read' 'logits_buf_1_24_load_read' <Predicate = true> <Delay = 0.00>
ST_1 : Operation 182 [1/1] (0.00ns)   --->   "%logits_buf_1_23_load_read = read i32 @_ssdm_op_Read.ap_auto.i32, i32 %logits_buf_1_23_load" [softmax_accel_hls.cc:225]   --->   Operation 182 'read' 'logits_buf_1_23_load_read' <Predicate = true> <Delay = 0.00>
ST_1 : Operation 183 [1/1] (0.00ns)   --->   "%logits_buf_1_22_load_read = read i32 @_ssdm_op_Read.ap_auto.i32, i32 %logits_buf_1_22_load" [softmax_accel_hls.cc:225]   --->   Operation 183 'read' 'logits_buf_1_22_load_read' <Predicate = true> <Delay = 0.00>
ST_1 : Operation 184 [1/1] (0.00ns)   --->   "%logits_buf_1_21_load_read = read i32 @_ssdm_op_Read.ap_auto.i32, i32 %logits_buf_1_21_load" [softmax_accel_hls.cc:225]   --->   Operation 184 'read' 'logits_buf_1_21_load_read' <Predicate = true> <Delay = 0.00>
ST_1 : Operation 185 [1/1] (0.00ns)   --->   "%logits_buf_1_20_load_read = read i32 @_ssdm_op_Read.ap_auto.i32, i32 %logits_buf_1_20_load" [softmax_accel_hls.cc:225]   --->   Operation 185 'read' 'logits_buf_1_20_load_read' <Predicate = true> <Delay = 0.00>
ST_1 : Operation 186 [1/1] (0.00ns)   --->   "%logits_buf_1_19_load_read = read i32 @_ssdm_op_Read.ap_auto.i32, i32 %logits_buf_1_19_load" [softmax_accel_hls.cc:225]   --->   Operation 186 'read' 'logits_buf_1_19_load_read' <Predicate = true> <Delay = 0.00>
ST_1 : Operation 187 [1/1] (0.00ns)   --->   "%logits_buf_1_18_load_read = read i32 @_ssdm_op_Read.ap_auto.i32, i32 %logits_buf_1_18_load" [softmax_accel_hls.cc:225]   --->   Operation 187 'read' 'logits_buf_1_18_load_read' <Predicate = true> <Delay = 0.00>
ST_1 : Operation 188 [1/1] (0.00ns)   --->   "%logits_buf_1_17_load_read = read i32 @_ssdm_op_Read.ap_auto.i32, i32 %logits_buf_1_17_load" [softmax_accel_hls.cc:225]   --->   Operation 188 'read' 'logits_buf_1_17_load_read' <Predicate = true> <Delay = 0.00>
ST_1 : Operation 189 [1/1] (0.00ns)   --->   "%logits_buf_1_16_load_read = read i32 @_ssdm_op_Read.ap_auto.i32, i32 %logits_buf_1_16_load" [softmax_accel_hls.cc:225]   --->   Operation 189 'read' 'logits_buf_1_16_load_read' <Predicate = true> <Delay = 0.00>
ST_1 : Operation 190 [1/1] (0.00ns)   --->   "%logits_buf_1_15_load_read = read i32 @_ssdm_op_Read.ap_auto.i32, i32 %logits_buf_1_15_load" [softmax_accel_hls.cc:225]   --->   Operation 190 'read' 'logits_buf_1_15_load_read' <Predicate = true> <Delay = 0.00>
ST_1 : Operation 191 [1/1] (0.00ns)   --->   "%logits_buf_1_14_load_read = read i32 @_ssdm_op_Read.ap_auto.i32, i32 %logits_buf_1_14_load" [softmax_accel_hls.cc:225]   --->   Operation 191 'read' 'logits_buf_1_14_load_read' <Predicate = true> <Delay = 0.00>
ST_1 : Operation 192 [1/1] (0.00ns)   --->   "%logits_buf_1_13_load_read = read i32 @_ssdm_op_Read.ap_auto.i32, i32 %logits_buf_1_13_load" [softmax_accel_hls.cc:225]   --->   Operation 192 'read' 'logits_buf_1_13_load_read' <Predicate = true> <Delay = 0.00>
ST_1 : Operation 193 [1/1] (0.00ns)   --->   "%logits_buf_1_12_load_read = read i32 @_ssdm_op_Read.ap_auto.i32, i32 %logits_buf_1_12_load" [softmax_accel_hls.cc:225]   --->   Operation 193 'read' 'logits_buf_1_12_load_read' <Predicate = true> <Delay = 0.00>
ST_1 : Operation 194 [1/1] (0.00ns)   --->   "%logits_buf_1_11_load_read = read i32 @_ssdm_op_Read.ap_auto.i32, i32 %logits_buf_1_11_load" [softmax_accel_hls.cc:225]   --->   Operation 194 'read' 'logits_buf_1_11_load_read' <Predicate = true> <Delay = 0.00>
ST_1 : Operation 195 [1/1] (0.00ns)   --->   "%logits_buf_1_10_load_read = read i32 @_ssdm_op_Read.ap_auto.i32, i32 %logits_buf_1_10_load" [softmax_accel_hls.cc:225]   --->   Operation 195 'read' 'logits_buf_1_10_load_read' <Predicate = true> <Delay = 0.00>
ST_1 : Operation 196 [1/1] (0.00ns)   --->   "%logits_buf_1_9_load_read = read i32 @_ssdm_op_Read.ap_auto.i32, i32 %logits_buf_1_9_load" [softmax_accel_hls.cc:225]   --->   Operation 196 'read' 'logits_buf_1_9_load_read' <Predicate = true> <Delay = 0.00>
ST_1 : Operation 197 [1/1] (0.00ns)   --->   "%logits_buf_1_8_load_read = read i32 @_ssdm_op_Read.ap_auto.i32, i32 %logits_buf_1_8_load" [softmax_accel_hls.cc:225]   --->   Operation 197 'read' 'logits_buf_1_8_load_read' <Predicate = true> <Delay = 0.00>
ST_1 : Operation 198 [1/1] (0.00ns)   --->   "%logits_buf_1_7_load_read = read i32 @_ssdm_op_Read.ap_auto.i32, i32 %logits_buf_1_7_load" [softmax_accel_hls.cc:225]   --->   Operation 198 'read' 'logits_buf_1_7_load_read' <Predicate = true> <Delay = 0.00>
ST_1 : Operation 199 [1/1] (0.00ns)   --->   "%logits_buf_1_6_load_read = read i32 @_ssdm_op_Read.ap_auto.i32, i32 %logits_buf_1_6_load" [softmax_accel_hls.cc:225]   --->   Operation 199 'read' 'logits_buf_1_6_load_read' <Predicate = true> <Delay = 0.00>
ST_1 : Operation 200 [1/1] (0.00ns)   --->   "%logits_buf_1_5_load_read = read i32 @_ssdm_op_Read.ap_auto.i32, i32 %logits_buf_1_5_load" [softmax_accel_hls.cc:225]   --->   Operation 200 'read' 'logits_buf_1_5_load_read' <Predicate = true> <Delay = 0.00>
ST_1 : Operation 201 [1/1] (0.00ns)   --->   "%logits_buf_1_4_load_read = read i32 @_ssdm_op_Read.ap_auto.i32, i32 %logits_buf_1_4_load" [softmax_accel_hls.cc:225]   --->   Operation 201 'read' 'logits_buf_1_4_load_read' <Predicate = true> <Delay = 0.00>
ST_1 : Operation 202 [1/1] (0.00ns)   --->   "%logits_buf_1_3_load_read = read i32 @_ssdm_op_Read.ap_auto.i32, i32 %logits_buf_1_3_load" [softmax_accel_hls.cc:225]   --->   Operation 202 'read' 'logits_buf_1_3_load_read' <Predicate = true> <Delay = 0.00>
ST_1 : Operation 203 [1/1] (0.00ns)   --->   "%logits_buf_1_2_load_read = read i32 @_ssdm_op_Read.ap_auto.i32, i32 %logits_buf_1_2_load" [softmax_accel_hls.cc:225]   --->   Operation 203 'read' 'logits_buf_1_2_load_read' <Predicate = true> <Delay = 0.00>
ST_1 : Operation 204 [1/1] (0.00ns)   --->   "%logits_buf_1_1_load_read = read i32 @_ssdm_op_Read.ap_auto.i32, i32 %logits_buf_1_1_load" [softmax_accel_hls.cc:225]   --->   Operation 204 'read' 'logits_buf_1_1_load_read' <Predicate = true> <Delay = 0.00>
ST_1 : Operation 205 [1/1] (0.00ns)   --->   "%logits_buf_1_0_load_read = read i32 @_ssdm_op_Read.ap_auto.i32, i32 %logits_buf_1_0_load" [softmax_accel_hls.cc:225]   --->   Operation 205 'read' 'logits_buf_1_0_load_read' <Predicate = true> <Delay = 0.00>
ST_1 : Operation 206 [1/1] (0.00ns)   --->   "%max_x_read = read i32 @_ssdm_op_Read.ap_auto.i32, i32 %max_x" [softmax_accel_hls.cc:225]   --->   Operation 206 'read' 'max_x_read' <Predicate = true> <Delay = 0.00>
ST_1 : Operation 207 [1/1] (0.00ns)   --->   "%logits_buf_0_63_load_read = read i32 @_ssdm_op_Read.ap_auto.i32, i32 %logits_buf_0_63_load" [softmax_accel_hls.cc:225]   --->   Operation 207 'read' 'logits_buf_0_63_load_read' <Predicate = true> <Delay = 0.00>
ST_1 : Operation 208 [1/1] (0.00ns)   --->   "%logits_buf_0_62_load_read = read i32 @_ssdm_op_Read.ap_auto.i32, i32 %logits_buf_0_62_load" [softmax_accel_hls.cc:225]   --->   Operation 208 'read' 'logits_buf_0_62_load_read' <Predicate = true> <Delay = 0.00>
ST_1 : Operation 209 [1/1] (0.00ns)   --->   "%logits_buf_0_61_load_read = read i32 @_ssdm_op_Read.ap_auto.i32, i32 %logits_buf_0_61_load" [softmax_accel_hls.cc:225]   --->   Operation 209 'read' 'logits_buf_0_61_load_read' <Predicate = true> <Delay = 0.00>
ST_1 : Operation 210 [1/1] (0.00ns)   --->   "%logits_buf_0_60_load_read = read i32 @_ssdm_op_Read.ap_auto.i32, i32 %logits_buf_0_60_load" [softmax_accel_hls.cc:225]   --->   Operation 210 'read' 'logits_buf_0_60_load_read' <Predicate = true> <Delay = 0.00>
ST_1 : Operation 211 [1/1] (0.00ns)   --->   "%logits_buf_0_59_load_read = read i32 @_ssdm_op_Read.ap_auto.i32, i32 %logits_buf_0_59_load" [softmax_accel_hls.cc:225]   --->   Operation 211 'read' 'logits_buf_0_59_load_read' <Predicate = true> <Delay = 0.00>
ST_1 : Operation 212 [1/1] (0.00ns)   --->   "%logits_buf_0_58_load_read = read i32 @_ssdm_op_Read.ap_auto.i32, i32 %logits_buf_0_58_load" [softmax_accel_hls.cc:225]   --->   Operation 212 'read' 'logits_buf_0_58_load_read' <Predicate = true> <Delay = 0.00>
ST_1 : Operation 213 [1/1] (0.00ns)   --->   "%logits_buf_0_57_load_read = read i32 @_ssdm_op_Read.ap_auto.i32, i32 %logits_buf_0_57_load" [softmax_accel_hls.cc:225]   --->   Operation 213 'read' 'logits_buf_0_57_load_read' <Predicate = true> <Delay = 0.00>
ST_1 : Operation 214 [1/1] (0.00ns)   --->   "%logits_buf_0_56_load_read = read i32 @_ssdm_op_Read.ap_auto.i32, i32 %logits_buf_0_56_load" [softmax_accel_hls.cc:225]   --->   Operation 214 'read' 'logits_buf_0_56_load_read' <Predicate = true> <Delay = 0.00>
ST_1 : Operation 215 [1/1] (0.00ns)   --->   "%logits_buf_0_55_load_read = read i32 @_ssdm_op_Read.ap_auto.i32, i32 %logits_buf_0_55_load" [softmax_accel_hls.cc:225]   --->   Operation 215 'read' 'logits_buf_0_55_load_read' <Predicate = true> <Delay = 0.00>
ST_1 : Operation 216 [1/1] (0.00ns)   --->   "%logits_buf_0_54_load_read = read i32 @_ssdm_op_Read.ap_auto.i32, i32 %logits_buf_0_54_load" [softmax_accel_hls.cc:225]   --->   Operation 216 'read' 'logits_buf_0_54_load_read' <Predicate = true> <Delay = 0.00>
ST_1 : Operation 217 [1/1] (0.00ns)   --->   "%logits_buf_0_53_load_read = read i32 @_ssdm_op_Read.ap_auto.i32, i32 %logits_buf_0_53_load" [softmax_accel_hls.cc:225]   --->   Operation 217 'read' 'logits_buf_0_53_load_read' <Predicate = true> <Delay = 0.00>
ST_1 : Operation 218 [1/1] (0.00ns)   --->   "%logits_buf_0_52_load_read = read i32 @_ssdm_op_Read.ap_auto.i32, i32 %logits_buf_0_52_load" [softmax_accel_hls.cc:225]   --->   Operation 218 'read' 'logits_buf_0_52_load_read' <Predicate = true> <Delay = 0.00>
ST_1 : Operation 219 [1/1] (0.00ns)   --->   "%logits_buf_0_51_load_read = read i32 @_ssdm_op_Read.ap_auto.i32, i32 %logits_buf_0_51_load" [softmax_accel_hls.cc:225]   --->   Operation 219 'read' 'logits_buf_0_51_load_read' <Predicate = true> <Delay = 0.00>
ST_1 : Operation 220 [1/1] (0.00ns)   --->   "%logits_buf_0_50_load_read = read i32 @_ssdm_op_Read.ap_auto.i32, i32 %logits_buf_0_50_load" [softmax_accel_hls.cc:225]   --->   Operation 220 'read' 'logits_buf_0_50_load_read' <Predicate = true> <Delay = 0.00>
ST_1 : Operation 221 [1/1] (0.00ns)   --->   "%logits_buf_0_49_load_read = read i32 @_ssdm_op_Read.ap_auto.i32, i32 %logits_buf_0_49_load" [softmax_accel_hls.cc:225]   --->   Operation 221 'read' 'logits_buf_0_49_load_read' <Predicate = true> <Delay = 0.00>
ST_1 : Operation 222 [1/1] (0.00ns)   --->   "%logits_buf_0_48_load_read = read i32 @_ssdm_op_Read.ap_auto.i32, i32 %logits_buf_0_48_load" [softmax_accel_hls.cc:225]   --->   Operation 222 'read' 'logits_buf_0_48_load_read' <Predicate = true> <Delay = 0.00>
ST_1 : Operation 223 [1/1] (0.00ns)   --->   "%logits_buf_0_47_load_read = read i32 @_ssdm_op_Read.ap_auto.i32, i32 %logits_buf_0_47_load" [softmax_accel_hls.cc:225]   --->   Operation 223 'read' 'logits_buf_0_47_load_read' <Predicate = true> <Delay = 0.00>
ST_1 : Operation 224 [1/1] (0.00ns)   --->   "%logits_buf_0_46_load_read = read i32 @_ssdm_op_Read.ap_auto.i32, i32 %logits_buf_0_46_load" [softmax_accel_hls.cc:225]   --->   Operation 224 'read' 'logits_buf_0_46_load_read' <Predicate = true> <Delay = 0.00>
ST_1 : Operation 225 [1/1] (0.00ns)   --->   "%logits_buf_0_45_load_read = read i32 @_ssdm_op_Read.ap_auto.i32, i32 %logits_buf_0_45_load" [softmax_accel_hls.cc:225]   --->   Operation 225 'read' 'logits_buf_0_45_load_read' <Predicate = true> <Delay = 0.00>
ST_1 : Operation 226 [1/1] (0.00ns)   --->   "%logits_buf_0_44_load_read = read i32 @_ssdm_op_Read.ap_auto.i32, i32 %logits_buf_0_44_load" [softmax_accel_hls.cc:225]   --->   Operation 226 'read' 'logits_buf_0_44_load_read' <Predicate = true> <Delay = 0.00>
ST_1 : Operation 227 [1/1] (0.00ns)   --->   "%logits_buf_0_43_load_read = read i32 @_ssdm_op_Read.ap_auto.i32, i32 %logits_buf_0_43_load" [softmax_accel_hls.cc:225]   --->   Operation 227 'read' 'logits_buf_0_43_load_read' <Predicate = true> <Delay = 0.00>
ST_1 : Operation 228 [1/1] (0.00ns)   --->   "%logits_buf_0_42_load_read = read i32 @_ssdm_op_Read.ap_auto.i32, i32 %logits_buf_0_42_load" [softmax_accel_hls.cc:225]   --->   Operation 228 'read' 'logits_buf_0_42_load_read' <Predicate = true> <Delay = 0.00>
ST_1 : Operation 229 [1/1] (0.00ns)   --->   "%logits_buf_0_41_load_read = read i32 @_ssdm_op_Read.ap_auto.i32, i32 %logits_buf_0_41_load" [softmax_accel_hls.cc:225]   --->   Operation 229 'read' 'logits_buf_0_41_load_read' <Predicate = true> <Delay = 0.00>
ST_1 : Operation 230 [1/1] (0.00ns)   --->   "%logits_buf_0_40_load_read = read i32 @_ssdm_op_Read.ap_auto.i32, i32 %logits_buf_0_40_load" [softmax_accel_hls.cc:225]   --->   Operation 230 'read' 'logits_buf_0_40_load_read' <Predicate = true> <Delay = 0.00>
ST_1 : Operation 231 [1/1] (0.00ns)   --->   "%logits_buf_0_39_load_read = read i32 @_ssdm_op_Read.ap_auto.i32, i32 %logits_buf_0_39_load" [softmax_accel_hls.cc:225]   --->   Operation 231 'read' 'logits_buf_0_39_load_read' <Predicate = true> <Delay = 0.00>
ST_1 : Operation 232 [1/1] (0.00ns)   --->   "%logits_buf_0_38_load_read = read i32 @_ssdm_op_Read.ap_auto.i32, i32 %logits_buf_0_38_load" [softmax_accel_hls.cc:225]   --->   Operation 232 'read' 'logits_buf_0_38_load_read' <Predicate = true> <Delay = 0.00>
ST_1 : Operation 233 [1/1] (0.00ns)   --->   "%logits_buf_0_37_load_read = read i32 @_ssdm_op_Read.ap_auto.i32, i32 %logits_buf_0_37_load" [softmax_accel_hls.cc:225]   --->   Operation 233 'read' 'logits_buf_0_37_load_read' <Predicate = true> <Delay = 0.00>
ST_1 : Operation 234 [1/1] (0.00ns)   --->   "%logits_buf_0_36_load_read = read i32 @_ssdm_op_Read.ap_auto.i32, i32 %logits_buf_0_36_load" [softmax_accel_hls.cc:225]   --->   Operation 234 'read' 'logits_buf_0_36_load_read' <Predicate = true> <Delay = 0.00>
ST_1 : Operation 235 [1/1] (0.00ns)   --->   "%logits_buf_0_35_load_read = read i32 @_ssdm_op_Read.ap_auto.i32, i32 %logits_buf_0_35_load" [softmax_accel_hls.cc:225]   --->   Operation 235 'read' 'logits_buf_0_35_load_read' <Predicate = true> <Delay = 0.00>
ST_1 : Operation 236 [1/1] (0.00ns)   --->   "%logits_buf_0_34_load_read = read i32 @_ssdm_op_Read.ap_auto.i32, i32 %logits_buf_0_34_load" [softmax_accel_hls.cc:225]   --->   Operation 236 'read' 'logits_buf_0_34_load_read' <Predicate = true> <Delay = 0.00>
ST_1 : Operation 237 [1/1] (0.00ns)   --->   "%logits_buf_0_33_load_read = read i32 @_ssdm_op_Read.ap_auto.i32, i32 %logits_buf_0_33_load" [softmax_accel_hls.cc:225]   --->   Operation 237 'read' 'logits_buf_0_33_load_read' <Predicate = true> <Delay = 0.00>
ST_1 : Operation 238 [1/1] (0.00ns)   --->   "%logits_buf_0_32_load_read = read i32 @_ssdm_op_Read.ap_auto.i32, i32 %logits_buf_0_32_load" [softmax_accel_hls.cc:225]   --->   Operation 238 'read' 'logits_buf_0_32_load_read' <Predicate = true> <Delay = 0.00>
ST_1 : Operation 239 [1/1] (0.00ns)   --->   "%logits_buf_0_31_load_read = read i32 @_ssdm_op_Read.ap_auto.i32, i32 %logits_buf_0_31_load" [softmax_accel_hls.cc:225]   --->   Operation 239 'read' 'logits_buf_0_31_load_read' <Predicate = true> <Delay = 0.00>
ST_1 : Operation 240 [1/1] (0.00ns)   --->   "%logits_buf_0_30_load_read = read i32 @_ssdm_op_Read.ap_auto.i32, i32 %logits_buf_0_30_load" [softmax_accel_hls.cc:225]   --->   Operation 240 'read' 'logits_buf_0_30_load_read' <Predicate = true> <Delay = 0.00>
ST_1 : Operation 241 [1/1] (0.00ns)   --->   "%logits_buf_0_29_load_read = read i32 @_ssdm_op_Read.ap_auto.i32, i32 %logits_buf_0_29_load" [softmax_accel_hls.cc:225]   --->   Operation 241 'read' 'logits_buf_0_29_load_read' <Predicate = true> <Delay = 0.00>
ST_1 : Operation 242 [1/1] (0.00ns)   --->   "%logits_buf_0_28_load_read = read i32 @_ssdm_op_Read.ap_auto.i32, i32 %logits_buf_0_28_load" [softmax_accel_hls.cc:225]   --->   Operation 242 'read' 'logits_buf_0_28_load_read' <Predicate = true> <Delay = 0.00>
ST_1 : Operation 243 [1/1] (0.00ns)   --->   "%logits_buf_0_27_load_read = read i32 @_ssdm_op_Read.ap_auto.i32, i32 %logits_buf_0_27_load" [softmax_accel_hls.cc:225]   --->   Operation 243 'read' 'logits_buf_0_27_load_read' <Predicate = true> <Delay = 0.00>
ST_1 : Operation 244 [1/1] (0.00ns)   --->   "%logits_buf_0_26_load_read = read i32 @_ssdm_op_Read.ap_auto.i32, i32 %logits_buf_0_26_load" [softmax_accel_hls.cc:225]   --->   Operation 244 'read' 'logits_buf_0_26_load_read' <Predicate = true> <Delay = 0.00>
ST_1 : Operation 245 [1/1] (0.00ns)   --->   "%logits_buf_0_25_load_read = read i32 @_ssdm_op_Read.ap_auto.i32, i32 %logits_buf_0_25_load" [softmax_accel_hls.cc:225]   --->   Operation 245 'read' 'logits_buf_0_25_load_read' <Predicate = true> <Delay = 0.00>
ST_1 : Operation 246 [1/1] (0.00ns)   --->   "%logits_buf_0_24_load_read = read i32 @_ssdm_op_Read.ap_auto.i32, i32 %logits_buf_0_24_load" [softmax_accel_hls.cc:225]   --->   Operation 246 'read' 'logits_buf_0_24_load_read' <Predicate = true> <Delay = 0.00>
ST_1 : Operation 247 [1/1] (0.00ns)   --->   "%logits_buf_0_23_load_read = read i32 @_ssdm_op_Read.ap_auto.i32, i32 %logits_buf_0_23_load" [softmax_accel_hls.cc:225]   --->   Operation 247 'read' 'logits_buf_0_23_load_read' <Predicate = true> <Delay = 0.00>
ST_1 : Operation 248 [1/1] (0.00ns)   --->   "%logits_buf_0_22_load_read = read i32 @_ssdm_op_Read.ap_auto.i32, i32 %logits_buf_0_22_load" [softmax_accel_hls.cc:225]   --->   Operation 248 'read' 'logits_buf_0_22_load_read' <Predicate = true> <Delay = 0.00>
ST_1 : Operation 249 [1/1] (0.00ns)   --->   "%logits_buf_0_21_load_read = read i32 @_ssdm_op_Read.ap_auto.i32, i32 %logits_buf_0_21_load" [softmax_accel_hls.cc:225]   --->   Operation 249 'read' 'logits_buf_0_21_load_read' <Predicate = true> <Delay = 0.00>
ST_1 : Operation 250 [1/1] (0.00ns)   --->   "%logits_buf_0_20_load_read = read i32 @_ssdm_op_Read.ap_auto.i32, i32 %logits_buf_0_20_load" [softmax_accel_hls.cc:225]   --->   Operation 250 'read' 'logits_buf_0_20_load_read' <Predicate = true> <Delay = 0.00>
ST_1 : Operation 251 [1/1] (0.00ns)   --->   "%logits_buf_0_19_load_read = read i32 @_ssdm_op_Read.ap_auto.i32, i32 %logits_buf_0_19_load" [softmax_accel_hls.cc:225]   --->   Operation 251 'read' 'logits_buf_0_19_load_read' <Predicate = true> <Delay = 0.00>
ST_1 : Operation 252 [1/1] (0.00ns)   --->   "%logits_buf_0_18_load_read = read i32 @_ssdm_op_Read.ap_auto.i32, i32 %logits_buf_0_18_load" [softmax_accel_hls.cc:225]   --->   Operation 252 'read' 'logits_buf_0_18_load_read' <Predicate = true> <Delay = 0.00>
ST_1 : Operation 253 [1/1] (0.00ns)   --->   "%logits_buf_0_17_load_read = read i32 @_ssdm_op_Read.ap_auto.i32, i32 %logits_buf_0_17_load" [softmax_accel_hls.cc:225]   --->   Operation 253 'read' 'logits_buf_0_17_load_read' <Predicate = true> <Delay = 0.00>
ST_1 : Operation 254 [1/1] (0.00ns)   --->   "%logits_buf_0_16_load_read = read i32 @_ssdm_op_Read.ap_auto.i32, i32 %logits_buf_0_16_load" [softmax_accel_hls.cc:225]   --->   Operation 254 'read' 'logits_buf_0_16_load_read' <Predicate = true> <Delay = 0.00>
ST_1 : Operation 255 [1/1] (0.00ns)   --->   "%logits_buf_0_15_load_read = read i32 @_ssdm_op_Read.ap_auto.i32, i32 %logits_buf_0_15_load" [softmax_accel_hls.cc:225]   --->   Operation 255 'read' 'logits_buf_0_15_load_read' <Predicate = true> <Delay = 0.00>
ST_1 : Operation 256 [1/1] (0.00ns)   --->   "%logits_buf_0_14_load_read = read i32 @_ssdm_op_Read.ap_auto.i32, i32 %logits_buf_0_14_load" [softmax_accel_hls.cc:225]   --->   Operation 256 'read' 'logits_buf_0_14_load_read' <Predicate = true> <Delay = 0.00>
ST_1 : Operation 257 [1/1] (0.00ns)   --->   "%logits_buf_0_13_load_read = read i32 @_ssdm_op_Read.ap_auto.i32, i32 %logits_buf_0_13_load" [softmax_accel_hls.cc:225]   --->   Operation 257 'read' 'logits_buf_0_13_load_read' <Predicate = true> <Delay = 0.00>
ST_1 : Operation 258 [1/1] (0.00ns)   --->   "%logits_buf_0_12_load_read = read i32 @_ssdm_op_Read.ap_auto.i32, i32 %logits_buf_0_12_load" [softmax_accel_hls.cc:225]   --->   Operation 258 'read' 'logits_buf_0_12_load_read' <Predicate = true> <Delay = 0.00>
ST_1 : Operation 259 [1/1] (0.00ns)   --->   "%logits_buf_0_11_load_read = read i32 @_ssdm_op_Read.ap_auto.i32, i32 %logits_buf_0_11_load" [softmax_accel_hls.cc:225]   --->   Operation 259 'read' 'logits_buf_0_11_load_read' <Predicate = true> <Delay = 0.00>
ST_1 : Operation 260 [1/1] (0.00ns)   --->   "%logits_buf_0_10_load_read = read i32 @_ssdm_op_Read.ap_auto.i32, i32 %logits_buf_0_10_load" [softmax_accel_hls.cc:225]   --->   Operation 260 'read' 'logits_buf_0_10_load_read' <Predicate = true> <Delay = 0.00>
ST_1 : Operation 261 [1/1] (0.00ns)   --->   "%logits_buf_0_9_load_read = read i32 @_ssdm_op_Read.ap_auto.i32, i32 %logits_buf_0_9_load" [softmax_accel_hls.cc:225]   --->   Operation 261 'read' 'logits_buf_0_9_load_read' <Predicate = true> <Delay = 0.00>
ST_1 : Operation 262 [1/1] (0.00ns)   --->   "%logits_buf_0_8_load_read = read i32 @_ssdm_op_Read.ap_auto.i32, i32 %logits_buf_0_8_load" [softmax_accel_hls.cc:225]   --->   Operation 262 'read' 'logits_buf_0_8_load_read' <Predicate = true> <Delay = 0.00>
ST_1 : Operation 263 [1/1] (0.00ns)   --->   "%logits_buf_0_7_load_read = read i32 @_ssdm_op_Read.ap_auto.i32, i32 %logits_buf_0_7_load" [softmax_accel_hls.cc:225]   --->   Operation 263 'read' 'logits_buf_0_7_load_read' <Predicate = true> <Delay = 0.00>
ST_1 : Operation 264 [1/1] (0.00ns)   --->   "%logits_buf_0_6_load_read = read i32 @_ssdm_op_Read.ap_auto.i32, i32 %logits_buf_0_6_load" [softmax_accel_hls.cc:225]   --->   Operation 264 'read' 'logits_buf_0_6_load_read' <Predicate = true> <Delay = 0.00>
ST_1 : Operation 265 [1/1] (0.00ns)   --->   "%logits_buf_0_5_load_read = read i32 @_ssdm_op_Read.ap_auto.i32, i32 %logits_buf_0_5_load" [softmax_accel_hls.cc:225]   --->   Operation 265 'read' 'logits_buf_0_5_load_read' <Predicate = true> <Delay = 0.00>
ST_1 : Operation 266 [1/1] (0.00ns)   --->   "%logits_buf_0_4_load_read = read i32 @_ssdm_op_Read.ap_auto.i32, i32 %logits_buf_0_4_load" [softmax_accel_hls.cc:225]   --->   Operation 266 'read' 'logits_buf_0_4_load_read' <Predicate = true> <Delay = 0.00>
ST_1 : Operation 267 [1/1] (0.00ns)   --->   "%logits_buf_0_3_load_read = read i32 @_ssdm_op_Read.ap_auto.i32, i32 %logits_buf_0_3_load" [softmax_accel_hls.cc:225]   --->   Operation 267 'read' 'logits_buf_0_3_load_read' <Predicate = true> <Delay = 0.00>
ST_1 : Operation 268 [1/1] (0.00ns)   --->   "%logits_buf_0_2_load_read = read i32 @_ssdm_op_Read.ap_auto.i32, i32 %logits_buf_0_2_load" [softmax_accel_hls.cc:225]   --->   Operation 268 'read' 'logits_buf_0_2_load_read' <Predicate = true> <Delay = 0.00>
ST_1 : Operation 269 [1/1] (0.00ns)   --->   "%logits_buf_0_1_load_read = read i32 @_ssdm_op_Read.ap_auto.i32, i32 %logits_buf_0_1_load" [softmax_accel_hls.cc:225]   --->   Operation 269 'read' 'logits_buf_0_1_load_read' <Predicate = true> <Delay = 0.00>
ST_1 : Operation 270 [1/1] (0.00ns)   --->   "%logits_buf_0_0_load_read = read i32 @_ssdm_op_Read.ap_auto.i32, i32 %logits_buf_0_0_load" [softmax_accel_hls.cc:225]   --->   Operation 270 'read' 'logits_buf_0_0_load_read' <Predicate = true> <Delay = 0.00>
ST_1 : Operation 271 [1/1] (0.00ns)   --->   "%n_read = read i9 @_ssdm_op_Read.ap_auto.i9, i9 %n" [softmax_accel_hls.cc:225]   --->   Operation 271 'read' 'n_read' <Predicate = true> <Delay = 0.00>
ST_1 : Operation 272 [1/1] (0.00ns)   --->   "%blocks_cast_read = read i7 @_ssdm_op_Read.ap_auto.i7, i7 %blocks_cast" [softmax_accel_hls.cc:225]   --->   Operation 272 'read' 'blocks_cast_read' <Predicate = true> <Delay = 0.00>
ST_1 : Operation 273 [1/1] (1.58ns)   --->   "%store_ln233 = store i7 0, i7 %blk" [softmax_accel_hls.cc:233]   --->   Operation 273 'store' 'store_ln233' <Predicate = true> <Delay = 1.58>
ST_1 : Operation 274 [1/1] (0.00ns)   --->   "%br_ln0 = br void %for.body"   --->   Operation 274 'br' 'br_ln0' <Predicate = true> <Delay = 0.00>
ST_1 : Operation 275 [1/1] (0.00ns)   --->   "%blk_4 = load i7 %blk" [softmax_accel_hls.cc:233]   --->   Operation 275 'load' 'blk_4' <Predicate = true> <Delay = 0.00>
ST_1 : Operation 276 [1/1] (1.87ns)   --->   "%icmp_ln233 = icmp_eq  i7 %blk_4, i7 %blocks_cast_read" [softmax_accel_hls.cc:233]   --->   Operation 276 'icmp' 'icmp_ln233' <Predicate = true> <Delay = 1.87> <CoreInst = "Cmp">   --->   Core 9 'Cmp' <Latency = 0> <II = 1> <Delay = 1.87> <FuncUnit> <Opcode : 'seteq' 'setne' 'setle' 'setge' 'setlt' 'setgt'> <InPorts = 2> <OutPorts = 1>
ST_1 : Operation 277 [1/1] (0.00ns)   --->   "%speclooptripcount_ln0 = speclooptripcount void @_ssdm_op_SpecLoopTripCount, i64 1, i64 64, i64 0"   --->   Operation 277 'speclooptripcount' 'speclooptripcount_ln0' <Predicate = true> <Delay = 0.00>
ST_1 : Operation 278 [1/1] (1.87ns)   --->   "%add_ln233 = add i7 %blk_4, i7 1" [softmax_accel_hls.cc:233]   --->   Operation 278 'add' 'add_ln233' <Predicate = true> <Delay = 1.87> <CoreInst = "Adder">   --->   Core 1 'Adder' <Latency = 0> <II = 1> <Delay = 1.87> <FuncUnit> <Opcode : 'add' 'sub'> <InPorts = 2> <OutPorts = 1>
ST_1 : Operation 279 [1/1] (0.00ns)   --->   "%br_ln233 = br i1 %icmp_ln233, void %for.body.split_ifconv, void %for.end.exitStub" [softmax_accel_hls.cc:233]   --->   Operation 279 'br' 'br_ln233' <Predicate = true> <Delay = 0.00>
ST_1 : Operation 280 [1/1] (0.00ns)   --->   "%trunc_ln233 = trunc i7 %blk_4" [softmax_accel_hls.cc:233]   --->   Operation 280 'trunc' 'trunc_ln233' <Predicate = (!icmp_ln233)> <Delay = 0.00>
ST_1 : Operation 281 [1/1] (0.00ns)   --->   "%shl_ln = bitconcatenate i8 @_ssdm_op_BitConcatenate.i8.i6.i2, i6 %trunc_ln233, i2 0" [softmax_accel_hls.cc:235]   --->   Operation 281 'bitconcatenate' 'shl_ln' <Predicate = (!icmp_ln233)> <Delay = 0.00>
ST_1 : Operation 282 [1/1] (0.00ns)   --->   "%zext_ln243 = zext i8 %shl_ln" [softmax_accel_hls.cc:243]   --->   Operation 282 'zext' 'zext_ln243' <Predicate = (!icmp_ln233)> <Delay = 0.00>
ST_1 : Operation 283 [1/1] (1.82ns)   --->   "%pkt_keep = icmp_ult  i9 %zext_ln243, i9 %n_read" [softmax_accel_hls.cc:243]   --->   Operation 283 'icmp' 'pkt_keep' <Predicate = (!icmp_ln233)> <Delay = 1.82> <CoreInst = "Cmp">   --->   Core 9 'Cmp' <Latency = 0> <II = 1> <Delay = 1.82> <FuncUnit> <Opcode : 'seteq' 'setne' 'setle' 'setge' 'setlt' 'setgt'> <InPorts = 2> <OutPorts = 1>
ST_1 : Operation 284 [1/1] (3.13ns)   --->   "%tmp = sparsemux i32 @_ssdm_op_SparseMux.ap_auto.64i32.i32.i6, i6 0, i32 %logits_buf_0_0_load_read, i6 1, i32 %logits_buf_0_1_load_read, i6 2, i32 %logits_buf_0_2_load_read, i6 3, i32 %logits_buf_0_3_load_read, i6 4, i32 %logits_buf_0_4_load_read, i6 5, i32 %logits_buf_0_5_load_read, i6 6, i32 %logits_buf_0_6_load_read, i6 7, i32 %logits_buf_0_7_load_read, i6 8, i32 %logits_buf_0_8_load_read, i6 9, i32 %logits_buf_0_9_load_read, i6 10, i32 %logits_buf_0_10_load_read, i6 11, i32 %logits_buf_0_11_load_read, i6 12, i32 %logits_buf_0_12_load_read, i6 13, i32 %logits_buf_0_13_load_read, i6 14, i32 %logits_buf_0_14_load_read, i6 15, i32 %logits_buf_0_15_load_read, i6 16, i32 %logits_buf_0_16_load_read, i6 17, i32 %logits_buf_0_17_load_read, i6 18, i32 %logits_buf_0_18_load_read, i6 19, i32 %logits_buf_0_19_load_read, i6 20, i32 %logits_buf_0_20_load_read, i6 21, i32 %logits_buf_0_21_load_read, i6 22, i32 %logits_buf_0_22_load_read, i6 23, i32 %logits_buf_0_23_load_read, i6 24, i32 %logits_buf_0_24_load_read, i6 25, i32 %logits_buf_0_25_load_read, i6 26, i32 %logits_buf_0_26_load_read, i6 27, i32 %logits_buf_0_27_load_read, i6 28, i32 %logits_buf_0_28_load_read, i6 29, i32 %logits_buf_0_29_load_read, i6 30, i32 %logits_buf_0_30_load_read, i6 31, i32 %logits_buf_0_31_load_read, i6 32, i32 %logits_buf_0_32_load_read, i6 33, i32 %logits_buf_0_33_load_read, i6 34, i32 %logits_buf_0_34_load_read, i6 35, i32 %logits_buf_0_35_load_read, i6 36, i32 %logits_buf_0_36_load_read, i6 37, i32 %logits_buf_0_37_load_read, i6 38, i32 %logits_buf_0_38_load_read, i6 39, i32 %logits_buf_0_39_load_read, i6 40, i32 %logits_buf_0_40_load_read, i6 41, i32 %logits_buf_0_41_load_read, i6 42, i32 %logits_buf_0_42_load_read, i6 43, i32 %logits_buf_0_43_load_read, i6 44, i32 %logits_buf_0_44_load_read, i6 45, i32 %logits_buf_0_45_load_read, i6 46, i32 %logits_buf_0_46_load_read, i6 47, i32 %logits_buf_0_47_load_read, i6 48, i32 %logits_buf_0_48_load_read, i6 49, i32 %logits_buf_0_49_load_read, i6 50, i32 %logits_buf_0_50_load_read, i6 51, i32 %logits_buf_0_51_load_read, i6 52, i32 %logits_buf_0_52_load_read, i6 53, i32 %logits_buf_0_53_load_read, i6 54, i32 %logits_buf_0_54_load_read, i6 55, i32 %logits_buf_0_55_load_read, i6 56, i32 %logits_buf_0_56_load_read, i6 57, i32 %logits_buf_0_57_load_read, i6 58, i32 %logits_buf_0_58_load_read, i6 59, i32 %logits_buf_0_59_load_read, i6 60, i32 %logits_buf_0_60_load_read, i6 61, i32 %logits_buf_0_61_load_read, i6 62, i32 %logits_buf_0_62_load_read, i6 63, i32 %logits_buf_0_63_load_read, i32 0, i6 %trunc_ln233" [softmax_accel_hls.cc:244]   --->   Operation 284 'sparsemux' 'tmp' <Predicate = (!icmp_ln233)> <Delay = 3.13> <CoreInst = "BinarySparseMux_DontCare">   --->   Core 137 'BinarySparseMux_DontCare' <Latency = 0> <II = 1> <Delay = 3.13> <FuncUnit> <Opcode : 'sparsemux'> <InPorts = 2> <OutPorts = 1>
ST_1 : Operation 285 [1/1] (2.55ns)   --->   "%x_q16 = sub i32 %tmp, i32 %max_x_read" [softmax_accel_hls.cc:244]   --->   Operation 285 'sub' 'x_q16' <Predicate = (!icmp_ln233)> <Delay = 2.55> <CoreInst = "Adder">   --->   Core 1 'Adder' <Latency = 0> <II = 1> <Delay = 2.55> <FuncUnit> <Opcode : 'add' 'sub'> <InPorts = 2> <OutPorts = 1>
ST_1 : Operation 286 [1/1] (0.00ns)   --->   "%or_ln = bitconcatenate i8 @_ssdm_op_BitConcatenate.i8.i6.i2, i6 %trunc_ln233, i2 1" [softmax_accel_hls.cc:247]   --->   Operation 286 'bitconcatenate' 'or_ln' <Predicate = (!icmp_ln233)> <Delay = 0.00>
ST_1 : Operation 287 [1/1] (0.00ns)   --->   "%zext_ln247 = zext i8 %or_ln" [softmax_accel_hls.cc:247]   --->   Operation 287 'zext' 'zext_ln247' <Predicate = (!icmp_ln233)> <Delay = 0.00>
ST_1 : Operation 288 [1/1] (1.82ns)   --->   "%icmp_ln247 = icmp_ult  i9 %zext_ln247, i9 %n_read" [softmax_accel_hls.cc:247]   --->   Operation 288 'icmp' 'icmp_ln247' <Predicate = (!icmp_ln233)> <Delay = 1.82> <CoreInst = "Cmp">   --->   Core 9 'Cmp' <Latency = 0> <II = 1> <Delay = 1.82> <FuncUnit> <Opcode : 'seteq' 'setne' 'setle' 'setge' 'setlt' 'setgt'> <InPorts = 2> <OutPorts = 1>
ST_1 : Operation 289 [1/1] (3.13ns)   --->   "%tmp_s = sparsemux i32 @_ssdm_op_SparseMux.ap_auto.64i32.i32.i6, i6 0, i32 %logits_buf_1_0_load_read, i6 1, i32 %logits_buf_1_1_load_read, i6 2, i32 %logits_buf_1_2_load_read, i6 3, i32 %logits_buf_1_3_load_read, i6 4, i32 %logits_buf_1_4_load_read, i6 5, i32 %logits_buf_1_5_load_read, i6 6, i32 %logits_buf_1_6_load_read, i6 7, i32 %logits_buf_1_7_load_read, i6 8, i32 %logits_buf_1_8_load_read, i6 9, i32 %logits_buf_1_9_load_read, i6 10, i32 %logits_buf_1_10_load_read, i6 11, i32 %logits_buf_1_11_load_read, i6 12, i32 %logits_buf_1_12_load_read, i6 13, i32 %logits_buf_1_13_load_read, i6 14, i32 %logits_buf_1_14_load_read, i6 15, i32 %logits_buf_1_15_load_read, i6 16, i32 %logits_buf_1_16_load_read, i6 17, i32 %logits_buf_1_17_load_read, i6 18, i32 %logits_buf_1_18_load_read, i6 19, i32 %logits_buf_1_19_load_read, i6 20, i32 %logits_buf_1_20_load_read, i6 21, i32 %logits_buf_1_21_load_read, i6 22, i32 %logits_buf_1_22_load_read, i6 23, i32 %logits_buf_1_23_load_read, i6 24, i32 %logits_buf_1_24_load_read, i6 25, i32 %logits_buf_1_25_load_read, i6 26, i32 %logits_buf_1_26_load_read, i6 27, i32 %logits_buf_1_27_load_read, i6 28, i32 %logits_buf_1_28_load_read, i6 29, i32 %logits_buf_1_29_load_read, i6 30, i32 %logits_buf_1_30_load_read, i6 31, i32 %logits_buf_1_31_load_read, i6 32, i32 %logits_buf_1_32_load_read, i6 33, i32 %logits_buf_1_33_load_read, i6 34, i32 %logits_buf_1_34_load_read, i6 35, i32 %logits_buf_1_35_load_read, i6 36, i32 %logits_buf_1_36_load_read, i6 37, i32 %logits_buf_1_37_load_read, i6 38, i32 %logits_buf_1_38_load_read, i6 39, i32 %logits_buf_1_39_load_read, i6 40, i32 %logits_buf_1_40_load_read, i6 41, i32 %logits_buf_1_41_load_read, i6 42, i32 %logits_buf_1_42_load_read, i6 43, i32 %logits_buf_1_43_load_read, i6 44, i32 %logits_buf_1_44_load_read, i6 45, i32 %logits_buf_1_45_load_read, i6 46, i32 %logits_buf_1_46_load_read, i6 47, i32 %logits_buf_1_47_load_read, i6 48, i32 %logits_buf_1_48_load_read, i6 49, i32 %logits_buf_1_49_load_read, i6 50, i32 %logits_buf_1_50_load_read, i6 51, i32 %logits_buf_1_51_load_read, i6 52, i32 %logits_buf_1_52_load_read, i6 53, i32 %logits_buf_1_53_load_read, i6 54, i32 %logits_buf_1_54_load_read, i6 55, i32 %logits_buf_1_55_load_read, i6 56, i32 %logits_buf_1_56_load_read, i6 57, i32 %logits_buf_1_57_load_read, i6 58, i32 %logits_buf_1_58_load_read, i6 59, i32 %logits_buf_1_59_load_read, i6 60, i32 %logits_buf_1_60_load_read, i6 61, i32 %logits_buf_1_61_load_read, i6 62, i32 %logits_buf_1_62_load_read, i6 63, i32 %logits_buf_1_63_load_read, i32 0, i6 %trunc_ln233" [softmax_accel_hls.cc:248]   --->   Operation 289 'sparsemux' 'tmp_s' <Predicate = (!icmp_ln233)> <Delay = 3.13> <CoreInst = "BinarySparseMux_DontCare">   --->   Core 137 'BinarySparseMux_DontCare' <Latency = 0> <II = 1> <Delay = 3.13> <FuncUnit> <Opcode : 'sparsemux'> <InPorts = 2> <OutPorts = 1>
ST_1 : Operation 290 [1/1] (2.55ns)   --->   "%x_q16_2 = sub i32 %tmp_s, i32 %max_x_read" [softmax_accel_hls.cc:248]   --->   Operation 290 'sub' 'x_q16_2' <Predicate = (!icmp_ln233)> <Delay = 2.55> <CoreInst = "Adder">   --->   Core 1 'Adder' <Latency = 0> <II = 1> <Delay = 2.55> <FuncUnit> <Opcode : 'add' 'sub'> <InPorts = 2> <OutPorts = 1>
ST_1 : Operation 291 [1/1] (0.00ns)   --->   "%or_ln5 = bitconcatenate i8 @_ssdm_op_BitConcatenate.i8.i6.i2, i6 %trunc_ln233, i2 2" [softmax_accel_hls.cc:251]   --->   Operation 291 'bitconcatenate' 'or_ln5' <Predicate = (!icmp_ln233)> <Delay = 0.00>
ST_1 : Operation 292 [1/1] (0.00ns)   --->   "%zext_ln251 = zext i8 %or_ln5" [softmax_accel_hls.cc:251]   --->   Operation 292 'zext' 'zext_ln251' <Predicate = (!icmp_ln233)> <Delay = 0.00>
ST_1 : Operation 293 [1/1] (1.82ns)   --->   "%icmp_ln251 = icmp_ult  i9 %zext_ln251, i9 %n_read" [softmax_accel_hls.cc:251]   --->   Operation 293 'icmp' 'icmp_ln251' <Predicate = (!icmp_ln233)> <Delay = 1.82> <CoreInst = "Cmp">   --->   Core 9 'Cmp' <Latency = 0> <II = 1> <Delay = 1.82> <FuncUnit> <Opcode : 'seteq' 'setne' 'setle' 'setge' 'setlt' 'setgt'> <InPorts = 2> <OutPorts = 1>
ST_1 : Operation 294 [1/1] (3.13ns)   --->   "%tmp_52 = sparsemux i32 @_ssdm_op_SparseMux.ap_auto.64i32.i32.i6, i6 0, i32 %logits_buf_2_0_load_read, i6 1, i32 %logits_buf_2_1_load_read, i6 2, i32 %logits_buf_2_2_load_read, i6 3, i32 %logits_buf_2_3_load_read, i6 4, i32 %logits_buf_2_4_load_read, i6 5, i32 %logits_buf_2_5_load_read, i6 6, i32 %logits_buf_2_6_load_read, i6 7, i32 %logits_buf_2_7_load_read, i6 8, i32 %logits_buf_2_8_load_read, i6 9, i32 %logits_buf_2_9_load_read, i6 10, i32 %logits_buf_2_10_load_read, i6 11, i32 %logits_buf_2_11_load_read, i6 12, i32 %logits_buf_2_12_load_read, i6 13, i32 %logits_buf_2_13_load_read, i6 14, i32 %logits_buf_2_14_load_read, i6 15, i32 %logits_buf_2_15_load_read, i6 16, i32 %logits_buf_2_16_load_read, i6 17, i32 %logits_buf_2_17_load_read, i6 18, i32 %logits_buf_2_18_load_read, i6 19, i32 %logits_buf_2_19_load_read, i6 20, i32 %logits_buf_2_20_load_read, i6 21, i32 %logits_buf_2_21_load_read, i6 22, i32 %logits_buf_2_22_load_read, i6 23, i32 %logits_buf_2_23_load_read, i6 24, i32 %logits_buf_2_24_load_read, i6 25, i32 %logits_buf_2_25_load_read, i6 26, i32 %logits_buf_2_26_load_read, i6 27, i32 %logits_buf_2_27_load_read, i6 28, i32 %logits_buf_2_28_load_read, i6 29, i32 %logits_buf_2_29_load_read, i6 30, i32 %logits_buf_2_30_load_read, i6 31, i32 %logits_buf_2_31_load_read, i6 32, i32 %logits_buf_2_32_load_read, i6 33, i32 %logits_buf_2_33_load_read, i6 34, i32 %logits_buf_2_34_load_read, i6 35, i32 %logits_buf_2_35_load_read, i6 36, i32 %logits_buf_2_36_load_read, i6 37, i32 %logits_buf_2_37_load_read, i6 38, i32 %logits_buf_2_38_load_read, i6 39, i32 %logits_buf_2_39_load_read, i6 40, i32 %logits_buf_2_40_load_read, i6 41, i32 %logits_buf_2_41_load_read, i6 42, i32 %logits_buf_2_42_load_read, i6 43, i32 %logits_buf_2_43_load_read, i6 44, i32 %logits_buf_2_44_load_read, i6 45, i32 %logits_buf_2_45_load_read, i6 46, i32 %logits_buf_2_46_load_read, i6 47, i32 %logits_buf_2_47_load_read, i6 48, i32 %logits_buf_2_48_load_read, i6 49, i32 %logits_buf_2_49_load_read, i6 50, i32 %logits_buf_2_50_load_read, i6 51, i32 %logits_buf_2_51_load_read, i6 52, i32 %logits_buf_2_52_load_read, i6 53, i32 %logits_buf_2_53_load_read, i6 54, i32 %logits_buf_2_54_load_read, i6 55, i32 %logits_buf_2_55_load_read, i6 56, i32 %logits_buf_2_56_load_read, i6 57, i32 %logits_buf_2_57_load_read, i6 58, i32 %logits_buf_2_58_load_read, i6 59, i32 %logits_buf_2_59_load_read, i6 60, i32 %logits_buf_2_60_load_read, i6 61, i32 %logits_buf_2_61_load_read, i6 62, i32 %logits_buf_2_62_load_read, i6 63, i32 %logits_buf_2_63_load_read, i32 0, i6 %trunc_ln233" [softmax_accel_hls.cc:252]   --->   Operation 294 'sparsemux' 'tmp_52' <Predicate = (!icmp_ln233)> <Delay = 3.13> <CoreInst = "BinarySparseMux_DontCare">   --->   Core 137 'BinarySparseMux_DontCare' <Latency = 0> <II = 1> <Delay = 3.13> <FuncUnit> <Opcode : 'sparsemux'> <InPorts = 2> <OutPorts = 1>
ST_1 : Operation 295 [1/1] (2.55ns)   --->   "%x_q16_4 = sub i32 %tmp_52, i32 %max_x_read" [softmax_accel_hls.cc:252]   --->   Operation 295 'sub' 'x_q16_4' <Predicate = (!icmp_ln233)> <Delay = 2.55> <CoreInst = "Adder">   --->   Core 1 'Adder' <Latency = 0> <II = 1> <Delay = 2.55> <FuncUnit> <Opcode : 'add' 'sub'> <InPorts = 2> <OutPorts = 1>
ST_1 : Operation 296 [1/1] (0.00ns)   --->   "%or_ln6 = bitconcatenate i8 @_ssdm_op_BitConcatenate.i8.i6.i2, i6 %trunc_ln233, i2 3" [softmax_accel_hls.cc:255]   --->   Operation 296 'bitconcatenate' 'or_ln6' <Predicate = (!icmp_ln233)> <Delay = 0.00>
ST_1 : Operation 297 [1/1] (0.00ns)   --->   "%zext_ln255 = zext i8 %or_ln6" [softmax_accel_hls.cc:255]   --->   Operation 297 'zext' 'zext_ln255' <Predicate = (!icmp_ln233)> <Delay = 0.00>
ST_1 : Operation 298 [1/1] (1.82ns)   --->   "%icmp_ln255 = icmp_ult  i9 %zext_ln255, i9 %n_read" [softmax_accel_hls.cc:255]   --->   Operation 298 'icmp' 'icmp_ln255' <Predicate = (!icmp_ln233)> <Delay = 1.82> <CoreInst = "Cmp">   --->   Core 9 'Cmp' <Latency = 0> <II = 1> <Delay = 1.82> <FuncUnit> <Opcode : 'seteq' 'setne' 'setle' 'setge' 'setlt' 'setgt'> <InPorts = 2> <OutPorts = 1>
ST_1 : Operation 299 [1/1] (3.13ns)   --->   "%tmp_53 = sparsemux i32 @_ssdm_op_SparseMux.ap_auto.64i32.i32.i6, i6 0, i32 %logits_buf_3_0_load_read, i6 1, i32 %logits_buf_3_1_load_read, i6 2, i32 %logits_buf_3_2_load_read, i6 3, i32 %logits_buf_3_3_load_read, i6 4, i32 %logits_buf_3_4_load_read, i6 5, i32 %logits_buf_3_5_load_read, i6 6, i32 %logits_buf_3_6_load_read, i6 7, i32 %logits_buf_3_7_load_read, i6 8, i32 %logits_buf_3_8_load_read, i6 9, i32 %logits_buf_3_9_load_read, i6 10, i32 %logits_buf_3_10_load_read, i6 11, i32 %logits_buf_3_11_load_read, i6 12, i32 %logits_buf_3_12_load_read, i6 13, i32 %logits_buf_3_13_load_read, i6 14, i32 %logits_buf_3_14_load_read, i6 15, i32 %logits_buf_3_15_load_read, i6 16, i32 %logits_buf_3_16_load_read, i6 17, i32 %logits_buf_3_17_load_read, i6 18, i32 %logits_buf_3_18_load_read, i6 19, i32 %logits_buf_3_19_load_read, i6 20, i32 %logits_buf_3_20_load_read, i6 21, i32 %logits_buf_3_21_load_read, i6 22, i32 %logits_buf_3_22_load_read, i6 23, i32 %logits_buf_3_23_load_read, i6 24, i32 %logits_buf_3_24_load_read, i6 25, i32 %logits_buf_3_25_load_read, i6 26, i32 %logits_buf_3_26_load_read, i6 27, i32 %logits_buf_3_27_load_read, i6 28, i32 %logits_buf_3_28_load_read, i6 29, i32 %logits_buf_3_29_load_read, i6 30, i32 %logits_buf_3_30_load_read, i6 31, i32 %logits_buf_3_31_load_read, i6 32, i32 %logits_buf_3_32_load_read, i6 33, i32 %logits_buf_3_33_load_read, i6 34, i32 %logits_buf_3_34_load_read, i6 35, i32 %logits_buf_3_35_load_read, i6 36, i32 %logits_buf_3_36_load_read, i6 37, i32 %logits_buf_3_37_load_read, i6 38, i32 %logits_buf_3_38_load_read, i6 39, i32 %logits_buf_3_39_load_read, i6 40, i32 %logits_buf_3_40_load_read, i6 41, i32 %logits_buf_3_41_load_read, i6 42, i32 %logits_buf_3_42_load_read, i6 43, i32 %logits_buf_3_43_load_read, i6 44, i32 %logits_buf_3_44_load_read, i6 45, i32 %logits_buf_3_45_load_read, i6 46, i32 %logits_buf_3_46_load_read, i6 47, i32 %logits_buf_3_47_load_read, i6 48, i32 %logits_buf_3_48_load_read, i6 49, i32 %logits_buf_3_49_load_read, i6 50, i32 %logits_buf_3_50_load_read, i6 51, i32 %logits_buf_3_51_load_read, i6 52, i32 %logits_buf_3_52_load_read, i6 53, i32 %logits_buf_3_53_load_read, i6 54, i32 %logits_buf_3_54_load_read, i6 55, i32 %logits_buf_3_55_load_read, i6 56, i32 %logits_buf_3_56_load_read, i6 57, i32 %logits_buf_3_57_load_read, i6 58, i32 %logits_buf_3_58_load_read, i6 59, i32 %logits_buf_3_59_load_read, i6 60, i32 %logits_buf_3_60_load_read, i6 61, i32 %logits_buf_3_61_load_read, i6 62, i32 %logits_buf_3_62_load_read, i6 63, i32 %logits_buf_3_63_load_read, i32 0, i6 %trunc_ln233" [softmax_accel_hls.cc:256]   --->   Operation 299 'sparsemux' 'tmp_53' <Predicate = (!icmp_ln233)> <Delay = 3.13> <CoreInst = "BinarySparseMux_DontCare">   --->   Core 137 'BinarySparseMux_DontCare' <Latency = 0> <II = 1> <Delay = 3.13> <FuncUnit> <Opcode : 'sparsemux'> <InPorts = 2> <OutPorts = 1>
ST_1 : Operation 300 [1/1] (2.55ns)   --->   "%x_q16_6 = sub i32 %tmp_53, i32 %max_x_read" [softmax_accel_hls.cc:256]   --->   Operation 300 'sub' 'x_q16_6' <Predicate = (!icmp_ln233)> <Delay = 2.55> <CoreInst = "Adder">   --->   Core 1 'Adder' <Latency = 0> <II = 1> <Delay = 2.55> <FuncUnit> <Opcode : 'add' 'sub'> <InPorts = 2> <OutPorts = 1>
ST_1 : Operation 301 [1/1] (1.58ns)   --->   "%store_ln233 = store i7 %add_ln233, i7 %blk" [softmax_accel_hls.cc:233]   --->   Operation 301 'store' 'store_ln233' <Predicate = (!icmp_ln233)> <Delay = 1.58>

State 2 <SV = 1> <Delay = 8.20>
ST_2 : Operation 302 [1/1] (2.55ns)   --->   "%icmp_ln48 = icmp_slt  i32 %x_q16, i32 4294443008" [softmax_accel_hls.cc:48->softmax_accel_hls.cc:244]   --->   Operation 302 'icmp' 'icmp_ln48' <Predicate = true> <Delay = 2.55> <CoreInst = "Cmp">   --->   Core 9 'Cmp' <Latency = 0> <II = 1> <Delay = 2.55> <FuncUnit> <Opcode : 'seteq' 'setne' 'setle' 'setge' 'setlt' 'setgt'> <InPorts = 2> <OutPorts = 1>
ST_2 : Operation 303 [1/1] (0.69ns)   --->   "%x_q16_1 = select i1 %icmp_ln48, i32 4294443008, i32 %x_q16" [softmax_accel_hls.cc:48->softmax_accel_hls.cc:244]   --->   Operation 303 'select' 'x_q16_1' <Predicate = true> <Delay = 0.69> <CoreInst = "Sel">   --->   Core 73 'Sel' <Latency = 0> <II = 1> <Delay = 0.69> <FuncUnit> <Opcode : 'select'> <InPorts = 3> <OutPorts = 1>
ST_2 : Operation 304 [1/1] (0.00ns)   --->   "%tmp_85 = bitconcatenate i49 @_ssdm_op_BitConcatenate.i49.i32.i17, i32 %x_q16_1, i17 0" [softmax_accel_hls.cc:50->softmax_accel_hls.cc:244]   --->   Operation 304 'bitconcatenate' 'tmp_85' <Predicate = true> <Delay = 0.00>
ST_2 : Operation 305 [1/1] (0.00ns)   --->   "%sext_ln50 = sext i49 %tmp_85" [softmax_accel_hls.cc:50->softmax_accel_hls.cc:244]   --->   Operation 305 'sext' 'sext_ln50' <Predicate = true> <Delay = 0.00>
ST_2 : Operation 306 [1/1] (0.00ns)   --->   "%tmp_86 = bitconcatenate i47 @_ssdm_op_BitConcatenate.i47.i32.i15, i32 %x_q16_1, i15 0" [softmax_accel_hls.cc:50->softmax_accel_hls.cc:244]   --->   Operation 306 'bitconcatenate' 'tmp_86' <Predicate = true> <Delay = 0.00>
ST_2 : Operation 307 [1/1] (0.00ns)   --->   "%sext_ln50_1 = sext i47 %tmp_86" [softmax_accel_hls.cc:50->softmax_accel_hls.cc:244]   --->   Operation 307 'sext' 'sext_ln50_1' <Predicate = true> <Delay = 0.00>
ST_2 : Operation 308 [1/1] (0.00ns) (grouped into TernaryAdder)   --->   "%sub_ln50 = sub i50 %sext_ln50, i50 %sext_ln50_1" [softmax_accel_hls.cc:50->softmax_accel_hls.cc:244]   --->   Operation 308 'sub' 'sub_ln50' <Predicate = true> <Delay = 0.00> <CoreInst = "TAddSub">   --->   Core 10 'TAddSub' <Latency = 0> <II = 1> <Delay = 2.47> <IPBlock> <Opcode : 'add' 'sub'> <InPorts = 3> <OutPorts = 1> <Sync> <CReg>
ST_2 : Operation 309 [1/1] (0.00ns)   --->   "%tmp_87 = bitconcatenate i44 @_ssdm_op_BitConcatenate.i44.i32.i12, i32 %x_q16_1, i12 0" [softmax_accel_hls.cc:50->softmax_accel_hls.cc:244]   --->   Operation 309 'bitconcatenate' 'tmp_87' <Predicate = true> <Delay = 0.00>
ST_2 : Operation 310 [1/1] (0.00ns)   --->   "%sext_ln50_2 = sext i44 %tmp_87" [softmax_accel_hls.cc:50->softmax_accel_hls.cc:244]   --->   Operation 310 'sext' 'sext_ln50_2' <Predicate = true> <Delay = 0.00>
ST_2 : Operation 311 [1/1] (4.95ns) (root node of TernaryAdder)   --->   "%sub_ln50_1 = sub i50 %sub_ln50, i50 %sext_ln50_2" [softmax_accel_hls.cc:50->softmax_accel_hls.cc:244]   --->   Operation 311 'sub' 'sub_ln50_1' <Predicate = true> <Delay = 4.95> <CoreInst = "TAddSub">   --->   Core 10 'TAddSub' <Latency = 0> <II = 1> <Delay = 2.47> <IPBlock> <Opcode : 'add' 'sub'> <InPorts = 3> <OutPorts = 1> <Sync> <CReg>
ST_2 : Operation 312 [1/1] (2.55ns)   --->   "%icmp_ln48_1 = icmp_slt  i32 %x_q16_2, i32 4294443008" [softmax_accel_hls.cc:48->softmax_accel_hls.cc:248]   --->   Operation 312 'icmp' 'icmp_ln48_1' <Predicate = (icmp_ln247)> <Delay = 2.55> <CoreInst = "Cmp">   --->   Core 9 'Cmp' <Latency = 0> <II = 1> <Delay = 2.55> <FuncUnit> <Opcode : 'seteq' 'setne' 'setle' 'setge' 'setlt' 'setgt'> <InPorts = 2> <OutPorts = 1>
ST_2 : Operation 313 [1/1] (0.69ns)   --->   "%x_q16_3 = select i1 %icmp_ln48_1, i32 4294443008, i32 %x_q16_2" [softmax_accel_hls.cc:48->softmax_accel_hls.cc:248]   --->   Operation 313 'select' 'x_q16_3' <Predicate = (icmp_ln247)> <Delay = 0.69> <CoreInst = "Sel">   --->   Core 73 'Sel' <Latency = 0> <II = 1> <Delay = 0.69> <FuncUnit> <Opcode : 'select'> <InPorts = 3> <OutPorts = 1>
ST_2 : Operation 314 [1/1] (0.00ns)   --->   "%tmp_95 = bitconcatenate i49 @_ssdm_op_BitConcatenate.i49.i32.i17, i32 %x_q16_3, i17 0" [softmax_accel_hls.cc:50->softmax_accel_hls.cc:248]   --->   Operation 314 'bitconcatenate' 'tmp_95' <Predicate = (icmp_ln247)> <Delay = 0.00>
ST_2 : Operation 315 [1/1] (0.00ns)   --->   "%sext_ln50_7 = sext i49 %tmp_95" [softmax_accel_hls.cc:50->softmax_accel_hls.cc:248]   --->   Operation 315 'sext' 'sext_ln50_7' <Predicate = (icmp_ln247)> <Delay = 0.00>
ST_2 : Operation 316 [1/1] (0.00ns)   --->   "%tmp_96 = bitconcatenate i47 @_ssdm_op_BitConcatenate.i47.i32.i15, i32 %x_q16_3, i15 0" [softmax_accel_hls.cc:50->softmax_accel_hls.cc:248]   --->   Operation 316 'bitconcatenate' 'tmp_96' <Predicate = (icmp_ln247)> <Delay = 0.00>
ST_2 : Operation 317 [1/1] (0.00ns)   --->   "%sext_ln50_8 = sext i47 %tmp_96" [softmax_accel_hls.cc:50->softmax_accel_hls.cc:248]   --->   Operation 317 'sext' 'sext_ln50_8' <Predicate = (icmp_ln247)> <Delay = 0.00>
ST_2 : Operation 318 [1/1] (0.00ns) (grouped into TernaryAdder)   --->   "%sub_ln50_2 = sub i50 %sext_ln50_7, i50 %sext_ln50_8" [softmax_accel_hls.cc:50->softmax_accel_hls.cc:248]   --->   Operation 318 'sub' 'sub_ln50_2' <Predicate = (icmp_ln247)> <Delay = 0.00> <CoreInst = "TAddSub">   --->   Core 10 'TAddSub' <Latency = 0> <II = 1> <Delay = 2.47> <IPBlock> <Opcode : 'add' 'sub'> <InPorts = 3> <OutPorts = 1> <Sync> <CReg>
ST_2 : Operation 319 [1/1] (0.00ns)   --->   "%tmp_97 = bitconcatenate i44 @_ssdm_op_BitConcatenate.i44.i32.i12, i32 %x_q16_3, i12 0" [softmax_accel_hls.cc:50->softmax_accel_hls.cc:248]   --->   Operation 319 'bitconcatenate' 'tmp_97' <Predicate = (icmp_ln247)> <Delay = 0.00>
ST_2 : Operation 320 [1/1] (0.00ns)   --->   "%sext_ln50_9 = sext i44 %tmp_97" [softmax_accel_hls.cc:50->softmax_accel_hls.cc:248]   --->   Operation 320 'sext' 'sext_ln50_9' <Predicate = (icmp_ln247)> <Delay = 0.00>
ST_2 : Operation 321 [1/1] (4.95ns) (root node of TernaryAdder)   --->   "%sub_ln50_3 = sub i50 %sub_ln50_2, i50 %sext_ln50_9" [softmax_accel_hls.cc:50->softmax_accel_hls.cc:248]   --->   Operation 321 'sub' 'sub_ln50_3' <Predicate = (icmp_ln247)> <Delay = 4.95> <CoreInst = "TAddSub">   --->   Core 10 'TAddSub' <Latency = 0> <II = 1> <Delay = 2.47> <IPBlock> <Opcode : 'add' 'sub'> <InPorts = 3> <OutPorts = 1> <Sync> <CReg>
ST_2 : Operation 322 [1/1] (2.55ns)   --->   "%icmp_ln48_2 = icmp_slt  i32 %x_q16_4, i32 4294443008" [softmax_accel_hls.cc:48->softmax_accel_hls.cc:252]   --->   Operation 322 'icmp' 'icmp_ln48_2' <Predicate = (icmp_ln251)> <Delay = 2.55> <CoreInst = "Cmp">   --->   Core 9 'Cmp' <Latency = 0> <II = 1> <Delay = 2.55> <FuncUnit> <Opcode : 'seteq' 'setne' 'setle' 'setge' 'setlt' 'setgt'> <InPorts = 2> <OutPorts = 1>
ST_2 : Operation 323 [1/1] (0.69ns)   --->   "%x_q16_5 = select i1 %icmp_ln48_2, i32 4294443008, i32 %x_q16_4" [softmax_accel_hls.cc:48->softmax_accel_hls.cc:252]   --->   Operation 323 'select' 'x_q16_5' <Predicate = (icmp_ln251)> <Delay = 0.69> <CoreInst = "Sel">   --->   Core 73 'Sel' <Latency = 0> <II = 1> <Delay = 0.69> <FuncUnit> <Opcode : 'select'> <InPorts = 3> <OutPorts = 1>
ST_2 : Operation 324 [1/1] (0.00ns)   --->   "%tmp_105 = bitconcatenate i49 @_ssdm_op_BitConcatenate.i49.i32.i17, i32 %x_q16_5, i17 0" [softmax_accel_hls.cc:50->softmax_accel_hls.cc:252]   --->   Operation 324 'bitconcatenate' 'tmp_105' <Predicate = (icmp_ln251)> <Delay = 0.00>
ST_2 : Operation 325 [1/1] (0.00ns)   --->   "%sext_ln50_14 = sext i49 %tmp_105" [softmax_accel_hls.cc:50->softmax_accel_hls.cc:252]   --->   Operation 325 'sext' 'sext_ln50_14' <Predicate = (icmp_ln251)> <Delay = 0.00>
ST_2 : Operation 326 [1/1] (0.00ns)   --->   "%tmp_106 = bitconcatenate i47 @_ssdm_op_BitConcatenate.i47.i32.i15, i32 %x_q16_5, i15 0" [softmax_accel_hls.cc:50->softmax_accel_hls.cc:252]   --->   Operation 326 'bitconcatenate' 'tmp_106' <Predicate = (icmp_ln251)> <Delay = 0.00>
ST_2 : Operation 327 [1/1] (0.00ns)   --->   "%sext_ln50_15 = sext i47 %tmp_106" [softmax_accel_hls.cc:50->softmax_accel_hls.cc:252]   --->   Operation 327 'sext' 'sext_ln50_15' <Predicate = (icmp_ln251)> <Delay = 0.00>
ST_2 : Operation 328 [1/1] (0.00ns) (grouped into TernaryAdder)   --->   "%sub_ln50_4 = sub i50 %sext_ln50_14, i50 %sext_ln50_15" [softmax_accel_hls.cc:50->softmax_accel_hls.cc:252]   --->   Operation 328 'sub' 'sub_ln50_4' <Predicate = (icmp_ln251)> <Delay = 0.00> <CoreInst = "TAddSub">   --->   Core 10 'TAddSub' <Latency = 0> <II = 1> <Delay = 2.47> <IPBlock> <Opcode : 'add' 'sub'> <InPorts = 3> <OutPorts = 1> <Sync> <CReg>
ST_2 : Operation 329 [1/1] (0.00ns)   --->   "%tmp_107 = bitconcatenate i44 @_ssdm_op_BitConcatenate.i44.i32.i12, i32 %x_q16_5, i12 0" [softmax_accel_hls.cc:50->softmax_accel_hls.cc:252]   --->   Operation 329 'bitconcatenate' 'tmp_107' <Predicate = (icmp_ln251)> <Delay = 0.00>
ST_2 : Operation 330 [1/1] (0.00ns)   --->   "%sext_ln50_16 = sext i44 %tmp_107" [softmax_accel_hls.cc:50->softmax_accel_hls.cc:252]   --->   Operation 330 'sext' 'sext_ln50_16' <Predicate = (icmp_ln251)> <Delay = 0.00>
ST_2 : Operation 331 [1/1] (4.95ns) (root node of TernaryAdder)   --->   "%sub_ln50_5 = sub i50 %sub_ln50_4, i50 %sext_ln50_16" [softmax_accel_hls.cc:50->softmax_accel_hls.cc:252]   --->   Operation 331 'sub' 'sub_ln50_5' <Predicate = (icmp_ln251)> <Delay = 4.95> <CoreInst = "TAddSub">   --->   Core 10 'TAddSub' <Latency = 0> <II = 1> <Delay = 2.47> <IPBlock> <Opcode : 'add' 'sub'> <InPorts = 3> <OutPorts = 1> <Sync> <CReg>
ST_2 : Operation 332 [1/1] (2.55ns)   --->   "%icmp_ln48_3 = icmp_slt  i32 %x_q16_6, i32 4294443008" [softmax_accel_hls.cc:48->softmax_accel_hls.cc:256]   --->   Operation 332 'icmp' 'icmp_ln48_3' <Predicate = (icmp_ln255)> <Delay = 2.55> <CoreInst = "Cmp">   --->   Core 9 'Cmp' <Latency = 0> <II = 1> <Delay = 2.55> <FuncUnit> <Opcode : 'seteq' 'setne' 'setle' 'setge' 'setlt' 'setgt'> <InPorts = 2> <OutPorts = 1>
ST_2 : Operation 333 [1/1] (0.69ns)   --->   "%x_q16_7 = select i1 %icmp_ln48_3, i32 4294443008, i32 %x_q16_6" [softmax_accel_hls.cc:48->softmax_accel_hls.cc:256]   --->   Operation 333 'select' 'x_q16_7' <Predicate = (icmp_ln255)> <Delay = 0.69> <CoreInst = "Sel">   --->   Core 73 'Sel' <Latency = 0> <II = 1> <Delay = 0.69> <FuncUnit> <Opcode : 'select'> <InPorts = 3> <OutPorts = 1>
ST_2 : Operation 334 [1/1] (0.00ns)   --->   "%tmp_115 = bitconcatenate i49 @_ssdm_op_BitConcatenate.i49.i32.i17, i32 %x_q16_7, i17 0" [softmax_accel_hls.cc:50->softmax_accel_hls.cc:256]   --->   Operation 334 'bitconcatenate' 'tmp_115' <Predicate = (icmp_ln255)> <Delay = 0.00>
ST_2 : Operation 335 [1/1] (0.00ns)   --->   "%sext_ln50_21 = sext i49 %tmp_115" [softmax_accel_hls.cc:50->softmax_accel_hls.cc:256]   --->   Operation 335 'sext' 'sext_ln50_21' <Predicate = (icmp_ln255)> <Delay = 0.00>
ST_2 : Operation 336 [1/1] (0.00ns)   --->   "%tmp_116 = bitconcatenate i47 @_ssdm_op_BitConcatenate.i47.i32.i15, i32 %x_q16_7, i15 0" [softmax_accel_hls.cc:50->softmax_accel_hls.cc:256]   --->   Operation 336 'bitconcatenate' 'tmp_116' <Predicate = (icmp_ln255)> <Delay = 0.00>
ST_2 : Operation 337 [1/1] (0.00ns)   --->   "%sext_ln50_22 = sext i47 %tmp_116" [softmax_accel_hls.cc:50->softmax_accel_hls.cc:256]   --->   Operation 337 'sext' 'sext_ln50_22' <Predicate = (icmp_ln255)> <Delay = 0.00>
ST_2 : Operation 338 [1/1] (0.00ns) (grouped into TernaryAdder)   --->   "%sub_ln50_6 = sub i50 %sext_ln50_21, i50 %sext_ln50_22" [softmax_accel_hls.cc:50->softmax_accel_hls.cc:256]   --->   Operation 338 'sub' 'sub_ln50_6' <Predicate = (icmp_ln255)> <Delay = 0.00> <CoreInst = "TAddSub">   --->   Core 10 'TAddSub' <Latency = 0> <II = 1> <Delay = 2.47> <IPBlock> <Opcode : 'add' 'sub'> <InPorts = 3> <OutPorts = 1> <Sync> <CReg>
ST_2 : Operation 339 [1/1] (0.00ns)   --->   "%tmp_117 = bitconcatenate i44 @_ssdm_op_BitConcatenate.i44.i32.i12, i32 %x_q16_7, i12 0" [softmax_accel_hls.cc:50->softmax_accel_hls.cc:256]   --->   Operation 339 'bitconcatenate' 'tmp_117' <Predicate = (icmp_ln255)> <Delay = 0.00>
ST_2 : Operation 340 [1/1] (0.00ns)   --->   "%sext_ln50_23 = sext i44 %tmp_117" [softmax_accel_hls.cc:50->softmax_accel_hls.cc:256]   --->   Operation 340 'sext' 'sext_ln50_23' <Predicate = (icmp_ln255)> <Delay = 0.00>
ST_2 : Operation 341 [1/1] (4.95ns) (root node of TernaryAdder)   --->   "%sub_ln50_7 = sub i50 %sub_ln50_6, i50 %sext_ln50_23" [softmax_accel_hls.cc:50->softmax_accel_hls.cc:256]   --->   Operation 341 'sub' 'sub_ln50_7' <Predicate = (icmp_ln255)> <Delay = 4.95> <CoreInst = "TAddSub">   --->   Core 10 'TAddSub' <Latency = 0> <II = 1> <Delay = 2.47> <IPBlock> <Opcode : 'add' 'sub'> <InPorts = 3> <OutPorts = 1> <Sync> <CReg>

State 3 <SV = 2> <Delay = 4.95>
ST_3 : Operation 342 [1/1] (0.00ns)   --->   "%tmp_88 = bitconcatenate i40 @_ssdm_op_BitConcatenate.i40.i32.i8, i32 %x_q16_1, i8 0" [softmax_accel_hls.cc:50->softmax_accel_hls.cc:244]   --->   Operation 342 'bitconcatenate' 'tmp_88' <Predicate = true> <Delay = 0.00>
ST_3 : Operation 343 [1/1] (0.00ns)   --->   "%sext_ln50_3 = sext i40 %tmp_88" [softmax_accel_hls.cc:50->softmax_accel_hls.cc:244]   --->   Operation 343 'sext' 'sext_ln50_3' <Predicate = true> <Delay = 0.00>
ST_3 : Operation 344 [1/1] (0.00ns) (grouped into TernaryAdder)   --->   "%add_ln50 = add i50 %sub_ln50_1, i50 %sext_ln50_3" [softmax_accel_hls.cc:50->softmax_accel_hls.cc:244]   --->   Operation 344 'add' 'add_ln50' <Predicate = true> <Delay = 0.00> <CoreInst = "TAddSub">   --->   Core 10 'TAddSub' <Latency = 0> <II = 1> <Delay = 2.47> <IPBlock> <Opcode : 'add' 'sub'> <InPorts = 3> <OutPorts = 1> <Sync> <CReg>
ST_3 : Operation 345 [1/1] (0.00ns)   --->   "%tmp_89 = bitconcatenate i38 @_ssdm_op_BitConcatenate.i38.i32.i6, i32 %x_q16_1, i6 0" [softmax_accel_hls.cc:50->softmax_accel_hls.cc:244]   --->   Operation 345 'bitconcatenate' 'tmp_89' <Predicate = true> <Delay = 0.00>
ST_3 : Operation 346 [1/1] (0.00ns)   --->   "%sext_ln50_4 = sext i38 %tmp_89" [softmax_accel_hls.cc:50->softmax_accel_hls.cc:244]   --->   Operation 346 'sext' 'sext_ln50_4' <Predicate = true> <Delay = 0.00>
ST_3 : Operation 347 [1/1] (4.95ns) (root node of TernaryAdder)   --->   "%add_ln50_1 = add i50 %add_ln50, i50 %sext_ln50_4" [softmax_accel_hls.cc:50->softmax_accel_hls.cc:244]   --->   Operation 347 'add' 'add_ln50_1' <Predicate = true> <Delay = 4.95> <CoreInst = "TAddSub">   --->   Core 10 'TAddSub' <Latency = 0> <II = 1> <Delay = 2.47> <IPBlock> <Opcode : 'add' 'sub'> <InPorts = 3> <OutPorts = 1> <Sync> <CReg>
ST_3 : Operation 348 [1/1] (0.00ns)   --->   "%tmp_98 = bitconcatenate i40 @_ssdm_op_BitConcatenate.i40.i32.i8, i32 %x_q16_3, i8 0" [softmax_accel_hls.cc:50->softmax_accel_hls.cc:248]   --->   Operation 348 'bitconcatenate' 'tmp_98' <Predicate = (icmp_ln247)> <Delay = 0.00>
ST_3 : Operation 349 [1/1] (0.00ns)   --->   "%sext_ln50_10 = sext i40 %tmp_98" [softmax_accel_hls.cc:50->softmax_accel_hls.cc:248]   --->   Operation 349 'sext' 'sext_ln50_10' <Predicate = (icmp_ln247)> <Delay = 0.00>
ST_3 : Operation 350 [1/1] (0.00ns) (grouped into TernaryAdder)   --->   "%add_ln50_4 = add i50 %sub_ln50_3, i50 %sext_ln50_10" [softmax_accel_hls.cc:50->softmax_accel_hls.cc:248]   --->   Operation 350 'add' 'add_ln50_4' <Predicate = (icmp_ln247)> <Delay = 0.00> <CoreInst = "TAddSub">   --->   Core 10 'TAddSub' <Latency = 0> <II = 1> <Delay = 2.47> <IPBlock> <Opcode : 'add' 'sub'> <InPorts = 3> <OutPorts = 1> <Sync> <CReg>
ST_3 : Operation 351 [1/1] (0.00ns)   --->   "%tmp_99 = bitconcatenate i38 @_ssdm_op_BitConcatenate.i38.i32.i6, i32 %x_q16_3, i6 0" [softmax_accel_hls.cc:50->softmax_accel_hls.cc:248]   --->   Operation 351 'bitconcatenate' 'tmp_99' <Predicate = (icmp_ln247)> <Delay = 0.00>
ST_3 : Operation 352 [1/1] (0.00ns)   --->   "%sext_ln50_11 = sext i38 %tmp_99" [softmax_accel_hls.cc:50->softmax_accel_hls.cc:248]   --->   Operation 352 'sext' 'sext_ln50_11' <Predicate = (icmp_ln247)> <Delay = 0.00>
ST_3 : Operation 353 [1/1] (4.95ns) (root node of TernaryAdder)   --->   "%add_ln50_5 = add i50 %add_ln50_4, i50 %sext_ln50_11" [softmax_accel_hls.cc:50->softmax_accel_hls.cc:248]   --->   Operation 353 'add' 'add_ln50_5' <Predicate = (icmp_ln247)> <Delay = 4.95> <CoreInst = "TAddSub">   --->   Core 10 'TAddSub' <Latency = 0> <II = 1> <Delay = 2.47> <IPBlock> <Opcode : 'add' 'sub'> <InPorts = 3> <OutPorts = 1> <Sync> <CReg>
ST_3 : Operation 354 [1/1] (0.00ns)   --->   "%tmp_108 = bitconcatenate i40 @_ssdm_op_BitConcatenate.i40.i32.i8, i32 %x_q16_5, i8 0" [softmax_accel_hls.cc:50->softmax_accel_hls.cc:252]   --->   Operation 354 'bitconcatenate' 'tmp_108' <Predicate = (icmp_ln251)> <Delay = 0.00>
ST_3 : Operation 355 [1/1] (0.00ns)   --->   "%sext_ln50_17 = sext i40 %tmp_108" [softmax_accel_hls.cc:50->softmax_accel_hls.cc:252]   --->   Operation 355 'sext' 'sext_ln50_17' <Predicate = (icmp_ln251)> <Delay = 0.00>
ST_3 : Operation 356 [1/1] (0.00ns) (grouped into TernaryAdder)   --->   "%add_ln50_8 = add i50 %sub_ln50_5, i50 %sext_ln50_17" [softmax_accel_hls.cc:50->softmax_accel_hls.cc:252]   --->   Operation 356 'add' 'add_ln50_8' <Predicate = (icmp_ln251)> <Delay = 0.00> <CoreInst = "TAddSub">   --->   Core 10 'TAddSub' <Latency = 0> <II = 1> <Delay = 2.47> <IPBlock> <Opcode : 'add' 'sub'> <InPorts = 3> <OutPorts = 1> <Sync> <CReg>
ST_3 : Operation 357 [1/1] (0.00ns)   --->   "%tmp_109 = bitconcatenate i38 @_ssdm_op_BitConcatenate.i38.i32.i6, i32 %x_q16_5, i6 0" [softmax_accel_hls.cc:50->softmax_accel_hls.cc:252]   --->   Operation 357 'bitconcatenate' 'tmp_109' <Predicate = (icmp_ln251)> <Delay = 0.00>
ST_3 : Operation 358 [1/1] (0.00ns)   --->   "%sext_ln50_18 = sext i38 %tmp_109" [softmax_accel_hls.cc:50->softmax_accel_hls.cc:252]   --->   Operation 358 'sext' 'sext_ln50_18' <Predicate = (icmp_ln251)> <Delay = 0.00>
ST_3 : Operation 359 [1/1] (4.95ns) (root node of TernaryAdder)   --->   "%add_ln50_9 = add i50 %add_ln50_8, i50 %sext_ln50_18" [softmax_accel_hls.cc:50->softmax_accel_hls.cc:252]   --->   Operation 359 'add' 'add_ln50_9' <Predicate = (icmp_ln251)> <Delay = 4.95> <CoreInst = "TAddSub">   --->   Core 10 'TAddSub' <Latency = 0> <II = 1> <Delay = 2.47> <IPBlock> <Opcode : 'add' 'sub'> <InPorts = 3> <OutPorts = 1> <Sync> <CReg>
ST_3 : Operation 360 [1/1] (0.00ns)   --->   "%tmp_118 = bitconcatenate i40 @_ssdm_op_BitConcatenate.i40.i32.i8, i32 %x_q16_7, i8 0" [softmax_accel_hls.cc:50->softmax_accel_hls.cc:256]   --->   Operation 360 'bitconcatenate' 'tmp_118' <Predicate = (icmp_ln255)> <Delay = 0.00>
ST_3 : Operation 361 [1/1] (0.00ns)   --->   "%sext_ln50_24 = sext i40 %tmp_118" [softmax_accel_hls.cc:50->softmax_accel_hls.cc:256]   --->   Operation 361 'sext' 'sext_ln50_24' <Predicate = (icmp_ln255)> <Delay = 0.00>
ST_3 : Operation 362 [1/1] (0.00ns) (grouped into TernaryAdder)   --->   "%add_ln50_12 = add i50 %sub_ln50_7, i50 %sext_ln50_24" [softmax_accel_hls.cc:50->softmax_accel_hls.cc:256]   --->   Operation 362 'add' 'add_ln50_12' <Predicate = (icmp_ln255)> <Delay = 0.00> <CoreInst = "TAddSub">   --->   Core 10 'TAddSub' <Latency = 0> <II = 1> <Delay = 2.47> <IPBlock> <Opcode : 'add' 'sub'> <InPorts = 3> <OutPorts = 1> <Sync> <CReg>
ST_3 : Operation 363 [1/1] (0.00ns)   --->   "%tmp_119 = bitconcatenate i38 @_ssdm_op_BitConcatenate.i38.i32.i6, i32 %x_q16_7, i6 0" [softmax_accel_hls.cc:50->softmax_accel_hls.cc:256]   --->   Operation 363 'bitconcatenate' 'tmp_119' <Predicate = (icmp_ln255)> <Delay = 0.00>
ST_3 : Operation 364 [1/1] (0.00ns)   --->   "%sext_ln50_25 = sext i38 %tmp_119" [softmax_accel_hls.cc:50->softmax_accel_hls.cc:256]   --->   Operation 364 'sext' 'sext_ln50_25' <Predicate = (icmp_ln255)> <Delay = 0.00>
ST_3 : Operation 365 [1/1] (4.95ns) (root node of TernaryAdder)   --->   "%add_ln50_13 = add i50 %add_ln50_12, i50 %sext_ln50_25" [softmax_accel_hls.cc:50->softmax_accel_hls.cc:256]   --->   Operation 365 'add' 'add_ln50_13' <Predicate = (icmp_ln255)> <Delay = 4.95> <CoreInst = "TAddSub">   --->   Core 10 'TAddSub' <Latency = 0> <II = 1> <Delay = 2.47> <IPBlock> <Opcode : 'add' 'sub'> <InPorts = 3> <OutPorts = 1> <Sync> <CReg>

State 4 <SV = 3> <Delay = 7.02>
ST_4 : Operation 366 [1/1] (0.00ns)   --->   "%tmp_90 = bitconcatenate i36 @_ssdm_op_BitConcatenate.i36.i32.i4, i32 %x_q16_1, i4 0" [softmax_accel_hls.cc:50->softmax_accel_hls.cc:244]   --->   Operation 366 'bitconcatenate' 'tmp_90' <Predicate = true> <Delay = 0.00>
ST_4 : Operation 367 [1/1] (0.00ns)   --->   "%sext_ln50_5 = sext i36 %tmp_90" [softmax_accel_hls.cc:50->softmax_accel_hls.cc:244]   --->   Operation 367 'sext' 'sext_ln50_5' <Predicate = true> <Delay = 0.00>
ST_4 : Operation 368 [1/1] (0.00ns) (grouped into TernaryAdder)   --->   "%add_ln50_2 = add i50 %add_ln50_1, i50 %sext_ln50_5" [softmax_accel_hls.cc:50->softmax_accel_hls.cc:244]   --->   Operation 368 'add' 'add_ln50_2' <Predicate = true> <Delay = 0.00> <CoreInst = "TAddSub">   --->   Core 10 'TAddSub' <Latency = 0> <II = 1> <Delay = 2.47> <IPBlock> <Opcode : 'add' 'sub'> <InPorts = 3> <OutPorts = 1> <Sync> <CReg>
ST_4 : Operation 369 [1/1] (0.00ns)   --->   "%tmp_91 = bitconcatenate i34 @_ssdm_op_BitConcatenate.i34.i32.i2, i32 %x_q16_1, i2 0" [softmax_accel_hls.cc:50->softmax_accel_hls.cc:244]   --->   Operation 369 'bitconcatenate' 'tmp_91' <Predicate = true> <Delay = 0.00>
ST_4 : Operation 370 [1/1] (0.00ns)   --->   "%sext_ln50_6 = sext i34 %tmp_91" [softmax_accel_hls.cc:50->softmax_accel_hls.cc:244]   --->   Operation 370 'sext' 'sext_ln50_6' <Predicate = true> <Delay = 0.00>
ST_4 : Operation 371 [1/1] (4.95ns) (root node of TernaryAdder)   --->   "%t64 = add i50 %add_ln50_2, i50 %sext_ln50_6" [softmax_accel_hls.cc:50->softmax_accel_hls.cc:244]   --->   Operation 371 'add' 't64' <Predicate = true> <Delay = 4.95> <CoreInst = "TAddSub">   --->   Core 10 'TAddSub' <Latency = 0> <II = 1> <Delay = 2.47> <IPBlock> <Opcode : 'add' 'sub'> <InPorts = 3> <OutPorts = 1> <Sync> <CReg>
ST_4 : Operation 372 [1/1] (0.00ns)   --->   "%rem = partselect i12 @_ssdm_op_PartSelect.i12.i50.i32.i32, i50 %t64, i32 16, i32 27" [softmax_accel_hls.cc:51->softmax_accel_hls.cc:244]   --->   Operation 372 'partselect' 'rem' <Predicate = true> <Delay = 0.00>
ST_4 : Operation 373 [1/1] (0.00ns)   --->   "%k = partselect i16 @_ssdm_op_PartSelect.i16.i50.i32.i32, i50 %t64, i32 32, i32 47" [softmax_accel_hls.cc:53->softmax_accel_hls.cc:244]   --->   Operation 373 'partselect' 'k' <Predicate = true> <Delay = 0.00>
ST_4 : Operation 374 [1/1] (0.00ns)   --->   "%idx = partselect i4 @_ssdm_op_PartSelect.i4.i50.i32.i32, i50 %t64, i32 28, i32 31" [softmax_accel_hls.cc:56->softmax_accel_hls.cc:244]   --->   Operation 374 'partselect' 'idx' <Predicate = true> <Delay = 0.00>
ST_4 : Operation 375 [1/1] (2.06ns)   --->   "%y0 = sparsemux i17 @_ssdm_op_SparseMux.ap_auto.16i17.i17.i4, i4 0, i17 65536, i4 1, i17 68450, i4 2, i17 71495, i4 3, i17 74716, i4 4, i17 78085, i4 5, i17 81633, i4 6, i17 85355, i4 7, i17 89284, i4 8, i17 93423, i4 9, i17 97786, i4 10, i17 102391, i4 11, i17 107255, i4 12, i17 112401, i4 13, i17 117854, i4 14, i17 123642, i4 15, i17 129794, i17 0, i4 %idx" [softmax_accel_hls.cc:61->softmax_accel_hls.cc:244]   --->   Operation 375 'sparsemux' 'y0' <Predicate = true> <Delay = 2.06> <CoreInst = "BinarySparseMux_DontCare">   --->   Core 137 'BinarySparseMux_DontCare' <Latency = 0> <II = 1> <Delay = 2.06> <FuncUnit> <Opcode : 'sparsemux'> <InPorts = 2> <OutPorts = 1>
ST_4 : Operation 376 [1/1] (0.00ns)   --->   "%tmp_92 = bitselect i1 @_ssdm_op_BitSelect.i1.i50.i32, i50 %t64, i32 47" [softmax_accel_hls.cc:67->softmax_accel_hls.cc:244]   --->   Operation 376 'bitselect' 'tmp_92' <Predicate = true> <Delay = 0.00>
ST_4 : Operation 377 [1/1] (0.00ns)   --->   "%tmp_93 = partselect i12 @_ssdm_op_PartSelect.i12.i50.i32.i32, i50 %t64, i32 36, i32 47" [softmax_accel_hls.cc:69->softmax_accel_hls.cc:244]   --->   Operation 377 'partselect' 'tmp_93' <Predicate = true> <Delay = 0.00>
ST_4 : Operation 378 [1/1] (1.54ns)   --->   "%icmp_ln69 = icmp_sgt  i12 %tmp_93, i12 0" [softmax_accel_hls.cc:69->softmax_accel_hls.cc:244]   --->   Operation 378 'icmp' 'icmp_ln69' <Predicate = true> <Delay = 1.54> <CoreInst = "Cmp">   --->   Core 9 'Cmp' <Latency = 0> <II = 1> <Delay = 1.54> <FuncUnit> <Opcode : 'seteq' 'setne' 'setle' 'setge' 'setlt' 'setgt'> <InPorts = 2> <OutPorts = 1>
ST_4 : Operation 379 [1/1] (0.00ns)   --->   "%tmp_100 = bitconcatenate i36 @_ssdm_op_BitConcatenate.i36.i32.i4, i32 %x_q16_3, i4 0" [softmax_accel_hls.cc:50->softmax_accel_hls.cc:248]   --->   Operation 379 'bitconcatenate' 'tmp_100' <Predicate = (icmp_ln247)> <Delay = 0.00>
ST_4 : Operation 380 [1/1] (0.00ns)   --->   "%sext_ln50_12 = sext i36 %tmp_100" [softmax_accel_hls.cc:50->softmax_accel_hls.cc:248]   --->   Operation 380 'sext' 'sext_ln50_12' <Predicate = (icmp_ln247)> <Delay = 0.00>
ST_4 : Operation 381 [1/1] (0.00ns) (grouped into TernaryAdder)   --->   "%add_ln50_6 = add i50 %add_ln50_5, i50 %sext_ln50_12" [softmax_accel_hls.cc:50->softmax_accel_hls.cc:248]   --->   Operation 381 'add' 'add_ln50_6' <Predicate = (icmp_ln247)> <Delay = 0.00> <CoreInst = "TAddSub">   --->   Core 10 'TAddSub' <Latency = 0> <II = 1> <Delay = 2.47> <IPBlock> <Opcode : 'add' 'sub'> <InPorts = 3> <OutPorts = 1> <Sync> <CReg>
ST_4 : Operation 382 [1/1] (0.00ns)   --->   "%tmp_101 = bitconcatenate i34 @_ssdm_op_BitConcatenate.i34.i32.i2, i32 %x_q16_3, i2 0" [softmax_accel_hls.cc:50->softmax_accel_hls.cc:248]   --->   Operation 382 'bitconcatenate' 'tmp_101' <Predicate = (icmp_ln247)> <Delay = 0.00>
ST_4 : Operation 383 [1/1] (0.00ns)   --->   "%sext_ln50_13 = sext i34 %tmp_101" [softmax_accel_hls.cc:50->softmax_accel_hls.cc:248]   --->   Operation 383 'sext' 'sext_ln50_13' <Predicate = (icmp_ln247)> <Delay = 0.00>
ST_4 : Operation 384 [1/1] (4.95ns) (root node of TernaryAdder)   --->   "%t64_1 = add i50 %add_ln50_6, i50 %sext_ln50_13" [softmax_accel_hls.cc:50->softmax_accel_hls.cc:248]   --->   Operation 384 'add' 't64_1' <Predicate = (icmp_ln247)> <Delay = 4.95> <CoreInst = "TAddSub">   --->   Core 10 'TAddSub' <Latency = 0> <II = 1> <Delay = 2.47> <IPBlock> <Opcode : 'add' 'sub'> <InPorts = 3> <OutPorts = 1> <Sync> <CReg>
ST_4 : Operation 385 [1/1] (0.00ns)   --->   "%rem_1 = partselect i12 @_ssdm_op_PartSelect.i12.i50.i32.i32, i50 %t64_1, i32 16, i32 27" [softmax_accel_hls.cc:51->softmax_accel_hls.cc:248]   --->   Operation 385 'partselect' 'rem_1' <Predicate = (icmp_ln247)> <Delay = 0.00>
ST_4 : Operation 386 [1/1] (0.00ns)   --->   "%k_1 = partselect i16 @_ssdm_op_PartSelect.i16.i50.i32.i32, i50 %t64_1, i32 32, i32 47" [softmax_accel_hls.cc:53->softmax_accel_hls.cc:248]   --->   Operation 386 'partselect' 'k_1' <Predicate = (icmp_ln247)> <Delay = 0.00>
ST_4 : Operation 387 [1/1] (0.00ns)   --->   "%idx_1 = partselect i4 @_ssdm_op_PartSelect.i4.i50.i32.i32, i50 %t64_1, i32 28, i32 31" [softmax_accel_hls.cc:56->softmax_accel_hls.cc:248]   --->   Operation 387 'partselect' 'idx_1' <Predicate = (icmp_ln247)> <Delay = 0.00>
ST_4 : Operation 388 [1/1] (2.06ns)   --->   "%y0_1 = sparsemux i17 @_ssdm_op_SparseMux.ap_auto.16i17.i17.i4, i4 0, i17 65536, i4 1, i17 68450, i4 2, i17 71495, i4 3, i17 74716, i4 4, i17 78085, i4 5, i17 81633, i4 6, i17 85355, i4 7, i17 89284, i4 8, i17 93423, i4 9, i17 97786, i4 10, i17 102391, i4 11, i17 107255, i4 12, i17 112401, i4 13, i17 117854, i4 14, i17 123642, i4 15, i17 129794, i17 0, i4 %idx_1" [softmax_accel_hls.cc:61->softmax_accel_hls.cc:248]   --->   Operation 388 'sparsemux' 'y0_1' <Predicate = (icmp_ln247)> <Delay = 2.06> <CoreInst = "BinarySparseMux_DontCare">   --->   Core 137 'BinarySparseMux_DontCare' <Latency = 0> <II = 1> <Delay = 2.06> <FuncUnit> <Opcode : 'sparsemux'> <InPorts = 2> <OutPorts = 1>
ST_4 : Operation 389 [1/1] (0.00ns)   --->   "%tmp_102 = bitselect i1 @_ssdm_op_BitSelect.i1.i50.i32, i50 %t64_1, i32 47" [softmax_accel_hls.cc:67->softmax_accel_hls.cc:248]   --->   Operation 389 'bitselect' 'tmp_102' <Predicate = (icmp_ln247)> <Delay = 0.00>
ST_4 : Operation 390 [1/1] (0.00ns)   --->   "%tmp_103 = partselect i12 @_ssdm_op_PartSelect.i12.i50.i32.i32, i50 %t64_1, i32 36, i32 47" [softmax_accel_hls.cc:69->softmax_accel_hls.cc:248]   --->   Operation 390 'partselect' 'tmp_103' <Predicate = (icmp_ln247)> <Delay = 0.00>
ST_4 : Operation 391 [1/1] (1.54ns)   --->   "%icmp_ln69_1 = icmp_sgt  i12 %tmp_103, i12 0" [softmax_accel_hls.cc:69->softmax_accel_hls.cc:248]   --->   Operation 391 'icmp' 'icmp_ln69_1' <Predicate = (icmp_ln247)> <Delay = 1.54> <CoreInst = "Cmp">   --->   Core 9 'Cmp' <Latency = 0> <II = 1> <Delay = 1.54> <FuncUnit> <Opcode : 'seteq' 'setne' 'setle' 'setge' 'setlt' 'setgt'> <InPorts = 2> <OutPorts = 1>
ST_4 : Operation 392 [1/1] (0.00ns)   --->   "%tmp_110 = bitconcatenate i36 @_ssdm_op_BitConcatenate.i36.i32.i4, i32 %x_q16_5, i4 0" [softmax_accel_hls.cc:50->softmax_accel_hls.cc:252]   --->   Operation 392 'bitconcatenate' 'tmp_110' <Predicate = (icmp_ln251)> <Delay = 0.00>
ST_4 : Operation 393 [1/1] (0.00ns)   --->   "%sext_ln50_19 = sext i36 %tmp_110" [softmax_accel_hls.cc:50->softmax_accel_hls.cc:252]   --->   Operation 393 'sext' 'sext_ln50_19' <Predicate = (icmp_ln251)> <Delay = 0.00>
ST_4 : Operation 394 [1/1] (0.00ns) (grouped into TernaryAdder)   --->   "%add_ln50_10 = add i50 %add_ln50_9, i50 %sext_ln50_19" [softmax_accel_hls.cc:50->softmax_accel_hls.cc:252]   --->   Operation 394 'add' 'add_ln50_10' <Predicate = (icmp_ln251)> <Delay = 0.00> <CoreInst = "TAddSub">   --->   Core 10 'TAddSub' <Latency = 0> <II = 1> <Delay = 2.47> <IPBlock> <Opcode : 'add' 'sub'> <InPorts = 3> <OutPorts = 1> <Sync> <CReg>
ST_4 : Operation 395 [1/1] (0.00ns)   --->   "%tmp_111 = bitconcatenate i34 @_ssdm_op_BitConcatenate.i34.i32.i2, i32 %x_q16_5, i2 0" [softmax_accel_hls.cc:50->softmax_accel_hls.cc:252]   --->   Operation 395 'bitconcatenate' 'tmp_111' <Predicate = (icmp_ln251)> <Delay = 0.00>
ST_4 : Operation 396 [1/1] (0.00ns)   --->   "%sext_ln50_20 = sext i34 %tmp_111" [softmax_accel_hls.cc:50->softmax_accel_hls.cc:252]   --->   Operation 396 'sext' 'sext_ln50_20' <Predicate = (icmp_ln251)> <Delay = 0.00>
ST_4 : Operation 397 [1/1] (4.95ns) (root node of TernaryAdder)   --->   "%t64_2 = add i50 %add_ln50_10, i50 %sext_ln50_20" [softmax_accel_hls.cc:50->softmax_accel_hls.cc:252]   --->   Operation 397 'add' 't64_2' <Predicate = (icmp_ln251)> <Delay = 4.95> <CoreInst = "TAddSub">   --->   Core 10 'TAddSub' <Latency = 0> <II = 1> <Delay = 2.47> <IPBlock> <Opcode : 'add' 'sub'> <InPorts = 3> <OutPorts = 1> <Sync> <CReg>
ST_4 : Operation 398 [1/1] (0.00ns)   --->   "%rem_2 = partselect i12 @_ssdm_op_PartSelect.i12.i50.i32.i32, i50 %t64_2, i32 16, i32 27" [softmax_accel_hls.cc:51->softmax_accel_hls.cc:252]   --->   Operation 398 'partselect' 'rem_2' <Predicate = (icmp_ln251)> <Delay = 0.00>
ST_4 : Operation 399 [1/1] (0.00ns)   --->   "%k_2 = partselect i16 @_ssdm_op_PartSelect.i16.i50.i32.i32, i50 %t64_2, i32 32, i32 47" [softmax_accel_hls.cc:53->softmax_accel_hls.cc:252]   --->   Operation 399 'partselect' 'k_2' <Predicate = (icmp_ln251)> <Delay = 0.00>
ST_4 : Operation 400 [1/1] (0.00ns)   --->   "%idx_2 = partselect i4 @_ssdm_op_PartSelect.i4.i50.i32.i32, i50 %t64_2, i32 28, i32 31" [softmax_accel_hls.cc:56->softmax_accel_hls.cc:252]   --->   Operation 400 'partselect' 'idx_2' <Predicate = (icmp_ln251)> <Delay = 0.00>
ST_4 : Operation 401 [1/1] (2.06ns)   --->   "%y0_2 = sparsemux i17 @_ssdm_op_SparseMux.ap_auto.16i17.i17.i4, i4 0, i17 65536, i4 1, i17 68450, i4 2, i17 71495, i4 3, i17 74716, i4 4, i17 78085, i4 5, i17 81633, i4 6, i17 85355, i4 7, i17 89284, i4 8, i17 93423, i4 9, i17 97786, i4 10, i17 102391, i4 11, i17 107255, i4 12, i17 112401, i4 13, i17 117854, i4 14, i17 123642, i4 15, i17 129794, i17 0, i4 %idx_2" [softmax_accel_hls.cc:61->softmax_accel_hls.cc:252]   --->   Operation 401 'sparsemux' 'y0_2' <Predicate = (icmp_ln251)> <Delay = 2.06> <CoreInst = "BinarySparseMux_DontCare">   --->   Core 137 'BinarySparseMux_DontCare' <Latency = 0> <II = 1> <Delay = 2.06> <FuncUnit> <Opcode : 'sparsemux'> <InPorts = 2> <OutPorts = 1>
ST_4 : Operation 402 [1/1] (0.00ns)   --->   "%tmp_112 = bitselect i1 @_ssdm_op_BitSelect.i1.i50.i32, i50 %t64_2, i32 47" [softmax_accel_hls.cc:67->softmax_accel_hls.cc:252]   --->   Operation 402 'bitselect' 'tmp_112' <Predicate = (icmp_ln251)> <Delay = 0.00>
ST_4 : Operation 403 [1/1] (0.00ns)   --->   "%tmp_113 = partselect i12 @_ssdm_op_PartSelect.i12.i50.i32.i32, i50 %t64_2, i32 36, i32 47" [softmax_accel_hls.cc:69->softmax_accel_hls.cc:252]   --->   Operation 403 'partselect' 'tmp_113' <Predicate = (icmp_ln251)> <Delay = 0.00>
ST_4 : Operation 404 [1/1] (1.54ns)   --->   "%icmp_ln69_2 = icmp_sgt  i12 %tmp_113, i12 0" [softmax_accel_hls.cc:69->softmax_accel_hls.cc:252]   --->   Operation 404 'icmp' 'icmp_ln69_2' <Predicate = (icmp_ln251)> <Delay = 1.54> <CoreInst = "Cmp">   --->   Core 9 'Cmp' <Latency = 0> <II = 1> <Delay = 1.54> <FuncUnit> <Opcode : 'seteq' 'setne' 'setle' 'setge' 'setlt' 'setgt'> <InPorts = 2> <OutPorts = 1>
ST_4 : Operation 405 [1/1] (0.00ns)   --->   "%tmp_120 = bitconcatenate i36 @_ssdm_op_BitConcatenate.i36.i32.i4, i32 %x_q16_7, i4 0" [softmax_accel_hls.cc:50->softmax_accel_hls.cc:256]   --->   Operation 405 'bitconcatenate' 'tmp_120' <Predicate = (icmp_ln255)> <Delay = 0.00>
ST_4 : Operation 406 [1/1] (0.00ns)   --->   "%sext_ln50_26 = sext i36 %tmp_120" [softmax_accel_hls.cc:50->softmax_accel_hls.cc:256]   --->   Operation 406 'sext' 'sext_ln50_26' <Predicate = (icmp_ln255)> <Delay = 0.00>
ST_4 : Operation 407 [1/1] (0.00ns) (grouped into TernaryAdder)   --->   "%add_ln50_14 = add i50 %add_ln50_13, i50 %sext_ln50_26" [softmax_accel_hls.cc:50->softmax_accel_hls.cc:256]   --->   Operation 407 'add' 'add_ln50_14' <Predicate = (icmp_ln255)> <Delay = 0.00> <CoreInst = "TAddSub">   --->   Core 10 'TAddSub' <Latency = 0> <II = 1> <Delay = 2.47> <IPBlock> <Opcode : 'add' 'sub'> <InPorts = 3> <OutPorts = 1> <Sync> <CReg>
ST_4 : Operation 408 [1/1] (0.00ns)   --->   "%tmp_121 = bitconcatenate i34 @_ssdm_op_BitConcatenate.i34.i32.i2, i32 %x_q16_7, i2 0" [softmax_accel_hls.cc:50->softmax_accel_hls.cc:256]   --->   Operation 408 'bitconcatenate' 'tmp_121' <Predicate = (icmp_ln255)> <Delay = 0.00>
ST_4 : Operation 409 [1/1] (0.00ns)   --->   "%sext_ln50_27 = sext i34 %tmp_121" [softmax_accel_hls.cc:50->softmax_accel_hls.cc:256]   --->   Operation 409 'sext' 'sext_ln50_27' <Predicate = (icmp_ln255)> <Delay = 0.00>
ST_4 : Operation 410 [1/1] (4.95ns) (root node of TernaryAdder)   --->   "%t64_3 = add i50 %add_ln50_14, i50 %sext_ln50_27" [softmax_accel_hls.cc:50->softmax_accel_hls.cc:256]   --->   Operation 410 'add' 't64_3' <Predicate = (icmp_ln255)> <Delay = 4.95> <CoreInst = "TAddSub">   --->   Core 10 'TAddSub' <Latency = 0> <II = 1> <Delay = 2.47> <IPBlock> <Opcode : 'add' 'sub'> <InPorts = 3> <OutPorts = 1> <Sync> <CReg>
ST_4 : Operation 411 [1/1] (0.00ns)   --->   "%rem_3 = partselect i12 @_ssdm_op_PartSelect.i12.i50.i32.i32, i50 %t64_3, i32 16, i32 27" [softmax_accel_hls.cc:51->softmax_accel_hls.cc:256]   --->   Operation 411 'partselect' 'rem_3' <Predicate = (icmp_ln255)> <Delay = 0.00>
ST_4 : Operation 412 [1/1] (0.00ns)   --->   "%k_3 = partselect i16 @_ssdm_op_PartSelect.i16.i50.i32.i32, i50 %t64_3, i32 32, i32 47" [softmax_accel_hls.cc:53->softmax_accel_hls.cc:256]   --->   Operation 412 'partselect' 'k_3' <Predicate = (icmp_ln255)> <Delay = 0.00>
ST_4 : Operation 413 [1/1] (0.00ns)   --->   "%idx_3 = partselect i4 @_ssdm_op_PartSelect.i4.i50.i32.i32, i50 %t64_3, i32 28, i32 31" [softmax_accel_hls.cc:56->softmax_accel_hls.cc:256]   --->   Operation 413 'partselect' 'idx_3' <Predicate = (icmp_ln255)> <Delay = 0.00>
ST_4 : Operation 414 [1/1] (2.06ns)   --->   "%y0_3 = sparsemux i17 @_ssdm_op_SparseMux.ap_auto.16i17.i17.i4, i4 0, i17 65536, i4 1, i17 68450, i4 2, i17 71495, i4 3, i17 74716, i4 4, i17 78085, i4 5, i17 81633, i4 6, i17 85355, i4 7, i17 89284, i4 8, i17 93423, i4 9, i17 97786, i4 10, i17 102391, i4 11, i17 107255, i4 12, i17 112401, i4 13, i17 117854, i4 14, i17 123642, i4 15, i17 129794, i17 0, i4 %idx_3" [softmax_accel_hls.cc:61->softmax_accel_hls.cc:256]   --->   Operation 414 'sparsemux' 'y0_3' <Predicate = (icmp_ln255)> <Delay = 2.06> <CoreInst = "BinarySparseMux_DontCare">   --->   Core 137 'BinarySparseMux_DontCare' <Latency = 0> <II = 1> <Delay = 2.06> <FuncUnit> <Opcode : 'sparsemux'> <InPorts = 2> <OutPorts = 1>
ST_4 : Operation 415 [1/1] (0.00ns)   --->   "%tmp_122 = bitselect i1 @_ssdm_op_BitSelect.i1.i50.i32, i50 %t64_3, i32 47" [softmax_accel_hls.cc:67->softmax_accel_hls.cc:256]   --->   Operation 415 'bitselect' 'tmp_122' <Predicate = (icmp_ln255)> <Delay = 0.00>
ST_4 : Operation 416 [1/1] (0.00ns)   --->   "%tmp_123 = partselect i12 @_ssdm_op_PartSelect.i12.i50.i32.i32, i50 %t64_3, i32 36, i32 47" [softmax_accel_hls.cc:69->softmax_accel_hls.cc:256]   --->   Operation 416 'partselect' 'tmp_123' <Predicate = (icmp_ln255)> <Delay = 0.00>
ST_4 : Operation 417 [1/1] (1.54ns)   --->   "%icmp_ln69_3 = icmp_sgt  i12 %tmp_123, i12 0" [softmax_accel_hls.cc:69->softmax_accel_hls.cc:256]   --->   Operation 417 'icmp' 'icmp_ln69_3' <Predicate = (icmp_ln255)> <Delay = 1.54> <CoreInst = "Cmp">   --->   Core 9 'Cmp' <Latency = 0> <II = 1> <Delay = 1.54> <FuncUnit> <Opcode : 'seteq' 'setne' 'setle' 'setge' 'setlt' 'setgt'> <InPorts = 2> <OutPorts = 1>

State 5 <SV = 4> <Delay = 7.72>
ST_5 : Operation 418 [1/1] (0.00ns) (grouped into LUT with out node dy)   --->   "%y1 = sparsemux i18 @_ssdm_op_SparseMux.ap_auto.16i18.i18.i4, i4 0, i18 68450, i4 1, i18 71495, i4 2, i18 74716, i4 3, i18 78085, i4 4, i18 81633, i4 5, i18 85355, i4 6, i18 89284, i4 7, i18 93423, i4 8, i18 97786, i4 9, i18 102391, i4 10, i18 107255, i4 11, i18 112401, i4 12, i18 117854, i4 13, i18 123642, i4 14, i18 129794, i4 15, i18 136350, i18 0, i4 %idx" [softmax_accel_hls.cc:60->softmax_accel_hls.cc:244]   --->   Operation 418 'sparsemux' 'y1' <Predicate = true> <Delay = 0.00> <CoreInst = "BinarySparseMux_DontCare">   --->   Core 137 'BinarySparseMux_DontCare' <Latency = 0> <II = 1> <Delay = 2.06> <FuncUnit> <Opcode : 'sparsemux'> <InPorts = 2> <OutPorts = 1>
ST_5 : Operation 419 [1/1] (0.00ns) (grouped into LUT with out node dy)   --->   "%zext_ln61 = zext i17 %y0" [softmax_accel_hls.cc:61->softmax_accel_hls.cc:244]   --->   Operation 419 'zext' 'zext_ln61' <Predicate = true> <Delay = 0.00>
ST_5 : Operation 420 [1/1] (2.13ns) (out node of the LUT)   --->   "%dy = sub i18 %y1, i18 %zext_ln61" [softmax_accel_hls.cc:61->softmax_accel_hls.cc:244]   --->   Operation 420 'sub' 'dy' <Predicate = true> <Delay = 2.13> <CoreInst = "Adder">   --->   Core 1 'Adder' <Latency = 0> <II = 1> <Delay = 2.13> <FuncUnit> <Opcode : 'add' 'sub'> <InPorts = 2> <OutPorts = 1>
ST_5 : Operation 421 [1/1] (0.00ns)   --->   "%sext_ln63 = sext i18 %dy" [softmax_accel_hls.cc:63->softmax_accel_hls.cc:244]   --->   Operation 421 'sext' 'sext_ln63' <Predicate = true> <Delay = 0.00>
ST_5 : Operation 422 [1/1] (0.00ns)   --->   "%zext_ln63 = zext i12 %rem" [softmax_accel_hls.cc:63->softmax_accel_hls.cc:244]   --->   Operation 422 'zext' 'zext_ln63' <Predicate = true> <Delay = 0.00>
ST_5 : Operation 423 [1/1] (5.59ns)   --->   "%interp = mul i30 %zext_ln63, i30 %sext_ln63" [softmax_accel_hls.cc:63->softmax_accel_hls.cc:244]   --->   Operation 423 'mul' 'interp' <Predicate = true> <Delay = 5.59> <CoreInst = "Multiplier">   --->   Core 3 'Multiplier' <Latency = 0> <II = 1> <Delay = 5.59> <FuncUnit> <Opcode : 'mul'> <InPorts = 2> <OutPorts = 1>
ST_5 : Operation 424 [1/1] (0.00ns)   --->   "%trunc_ln = partselect i18 @_ssdm_op_PartSelect.i18.i30.i32.i32, i30 %interp, i32 12, i32 29" [softmax_accel_hls.cc:64->softmax_accel_hls.cc:244]   --->   Operation 424 'partselect' 'trunc_ln' <Predicate = true> <Delay = 0.00>
ST_5 : Operation 425 [1/1] (0.00ns) (grouped into LUT with out node dy_1)   --->   "%y1_1 = sparsemux i18 @_ssdm_op_SparseMux.ap_auto.16i18.i18.i4, i4 0, i18 68450, i4 1, i18 71495, i4 2, i18 74716, i4 3, i18 78085, i4 4, i18 81633, i4 5, i18 85355, i4 6, i18 89284, i4 7, i18 93423, i4 8, i18 97786, i4 9, i18 102391, i4 10, i18 107255, i4 11, i18 112401, i4 12, i18 117854, i4 13, i18 123642, i4 14, i18 129794, i4 15, i18 136350, i18 0, i4 %idx_1" [softmax_accel_hls.cc:60->softmax_accel_hls.cc:248]   --->   Operation 425 'sparsemux' 'y1_1' <Predicate = (icmp_ln247)> <Delay = 0.00> <CoreInst = "BinarySparseMux_DontCare">   --->   Core 137 'BinarySparseMux_DontCare' <Latency = 0> <II = 1> <Delay = 2.06> <FuncUnit> <Opcode : 'sparsemux'> <InPorts = 2> <OutPorts = 1>
ST_5 : Operation 426 [1/1] (0.00ns) (grouped into LUT with out node dy_1)   --->   "%zext_ln61_1 = zext i17 %y0_1" [softmax_accel_hls.cc:61->softmax_accel_hls.cc:248]   --->   Operation 426 'zext' 'zext_ln61_1' <Predicate = (icmp_ln247)> <Delay = 0.00>
ST_5 : Operation 427 [1/1] (2.13ns) (out node of the LUT)   --->   "%dy_1 = sub i18 %y1_1, i18 %zext_ln61_1" [softmax_accel_hls.cc:61->softmax_accel_hls.cc:248]   --->   Operation 427 'sub' 'dy_1' <Predicate = (icmp_ln247)> <Delay = 2.13> <CoreInst = "Adder">   --->   Core 1 'Adder' <Latency = 0> <II = 1> <Delay = 2.13> <FuncUnit> <Opcode : 'add' 'sub'> <InPorts = 2> <OutPorts = 1>
ST_5 : Operation 428 [1/1] (0.00ns)   --->   "%sext_ln63_1 = sext i18 %dy_1" [softmax_accel_hls.cc:63->softmax_accel_hls.cc:248]   --->   Operation 428 'sext' 'sext_ln63_1' <Predicate = (icmp_ln247)> <Delay = 0.00>
ST_5 : Operation 429 [1/1] (0.00ns)   --->   "%zext_ln63_1 = zext i12 %rem_1" [softmax_accel_hls.cc:63->softmax_accel_hls.cc:248]   --->   Operation 429 'zext' 'zext_ln63_1' <Predicate = (icmp_ln247)> <Delay = 0.00>
ST_5 : Operation 430 [1/1] (5.59ns)   --->   "%interp_1 = mul i30 %zext_ln63_1, i30 %sext_ln63_1" [softmax_accel_hls.cc:63->softmax_accel_hls.cc:248]   --->   Operation 430 'mul' 'interp_1' <Predicate = (icmp_ln247)> <Delay = 5.59> <CoreInst = "Multiplier">   --->   Core 3 'Multiplier' <Latency = 0> <II = 1> <Delay = 5.59> <FuncUnit> <Opcode : 'mul'> <InPorts = 2> <OutPorts = 1>
ST_5 : Operation 431 [1/1] (0.00ns)   --->   "%trunc_ln64_1 = partselect i18 @_ssdm_op_PartSelect.i18.i30.i32.i32, i30 %interp_1, i32 12, i32 29" [softmax_accel_hls.cc:64->softmax_accel_hls.cc:248]   --->   Operation 431 'partselect' 'trunc_ln64_1' <Predicate = (icmp_ln247)> <Delay = 0.00>
ST_5 : Operation 432 [1/1] (0.00ns) (grouped into LUT with out node dy_2)   --->   "%y1_2 = sparsemux i18 @_ssdm_op_SparseMux.ap_auto.16i18.i18.i4, i4 0, i18 68450, i4 1, i18 71495, i4 2, i18 74716, i4 3, i18 78085, i4 4, i18 81633, i4 5, i18 85355, i4 6, i18 89284, i4 7, i18 93423, i4 8, i18 97786, i4 9, i18 102391, i4 10, i18 107255, i4 11, i18 112401, i4 12, i18 117854, i4 13, i18 123642, i4 14, i18 129794, i4 15, i18 136350, i18 0, i4 %idx_2" [softmax_accel_hls.cc:60->softmax_accel_hls.cc:252]   --->   Operation 432 'sparsemux' 'y1_2' <Predicate = (icmp_ln251)> <Delay = 0.00> <CoreInst = "BinarySparseMux_DontCare">   --->   Core 137 'BinarySparseMux_DontCare' <Latency = 0> <II = 1> <Delay = 2.06> <FuncUnit> <Opcode : 'sparsemux'> <InPorts = 2> <OutPorts = 1>
ST_5 : Operation 433 [1/1] (0.00ns) (grouped into LUT with out node dy_2)   --->   "%zext_ln61_2 = zext i17 %y0_2" [softmax_accel_hls.cc:61->softmax_accel_hls.cc:252]   --->   Operation 433 'zext' 'zext_ln61_2' <Predicate = (icmp_ln251)> <Delay = 0.00>
ST_5 : Operation 434 [1/1] (2.13ns) (out node of the LUT)   --->   "%dy_2 = sub i18 %y1_2, i18 %zext_ln61_2" [softmax_accel_hls.cc:61->softmax_accel_hls.cc:252]   --->   Operation 434 'sub' 'dy_2' <Predicate = (icmp_ln251)> <Delay = 2.13> <CoreInst = "Adder">   --->   Core 1 'Adder' <Latency = 0> <II = 1> <Delay = 2.13> <FuncUnit> <Opcode : 'add' 'sub'> <InPorts = 2> <OutPorts = 1>
ST_5 : Operation 435 [1/1] (0.00ns)   --->   "%sext_ln63_2 = sext i18 %dy_2" [softmax_accel_hls.cc:63->softmax_accel_hls.cc:252]   --->   Operation 435 'sext' 'sext_ln63_2' <Predicate = (icmp_ln251)> <Delay = 0.00>
ST_5 : Operation 436 [1/1] (0.00ns)   --->   "%zext_ln63_2 = zext i12 %rem_2" [softmax_accel_hls.cc:63->softmax_accel_hls.cc:252]   --->   Operation 436 'zext' 'zext_ln63_2' <Predicate = (icmp_ln251)> <Delay = 0.00>
ST_5 : Operation 437 [1/1] (5.59ns)   --->   "%interp_2 = mul i30 %zext_ln63_2, i30 %sext_ln63_2" [softmax_accel_hls.cc:63->softmax_accel_hls.cc:252]   --->   Operation 437 'mul' 'interp_2' <Predicate = (icmp_ln251)> <Delay = 5.59> <CoreInst = "Multiplier">   --->   Core 3 'Multiplier' <Latency = 0> <II = 1> <Delay = 5.59> <FuncUnit> <Opcode : 'mul'> <InPorts = 2> <OutPorts = 1>
ST_5 : Operation 438 [1/1] (0.00ns)   --->   "%trunc_ln64_2 = partselect i18 @_ssdm_op_PartSelect.i18.i30.i32.i32, i30 %interp_2, i32 12, i32 29" [softmax_accel_hls.cc:64->softmax_accel_hls.cc:252]   --->   Operation 438 'partselect' 'trunc_ln64_2' <Predicate = (icmp_ln251)> <Delay = 0.00>
ST_5 : Operation 439 [1/1] (0.00ns) (grouped into LUT with out node dy_3)   --->   "%y1_3 = sparsemux i18 @_ssdm_op_SparseMux.ap_auto.16i18.i18.i4, i4 0, i18 68450, i4 1, i18 71495, i4 2, i18 74716, i4 3, i18 78085, i4 4, i18 81633, i4 5, i18 85355, i4 6, i18 89284, i4 7, i18 93423, i4 8, i18 97786, i4 9, i18 102391, i4 10, i18 107255, i4 11, i18 112401, i4 12, i18 117854, i4 13, i18 123642, i4 14, i18 129794, i4 15, i18 136350, i18 0, i4 %idx_3" [softmax_accel_hls.cc:60->softmax_accel_hls.cc:256]   --->   Operation 439 'sparsemux' 'y1_3' <Predicate = (icmp_ln255)> <Delay = 0.00> <CoreInst = "BinarySparseMux_DontCare">   --->   Core 137 'BinarySparseMux_DontCare' <Latency = 0> <II = 1> <Delay = 2.06> <FuncUnit> <Opcode : 'sparsemux'> <InPorts = 2> <OutPorts = 1>
ST_5 : Operation 440 [1/1] (0.00ns) (grouped into LUT with out node dy_3)   --->   "%zext_ln61_3 = zext i17 %y0_3" [softmax_accel_hls.cc:61->softmax_accel_hls.cc:256]   --->   Operation 440 'zext' 'zext_ln61_3' <Predicate = (icmp_ln255)> <Delay = 0.00>
ST_5 : Operation 441 [1/1] (2.13ns) (out node of the LUT)   --->   "%dy_3 = sub i18 %y1_3, i18 %zext_ln61_3" [softmax_accel_hls.cc:61->softmax_accel_hls.cc:256]   --->   Operation 441 'sub' 'dy_3' <Predicate = (icmp_ln255)> <Delay = 2.13> <CoreInst = "Adder">   --->   Core 1 'Adder' <Latency = 0> <II = 1> <Delay = 2.13> <FuncUnit> <Opcode : 'add' 'sub'> <InPorts = 2> <OutPorts = 1>
ST_5 : Operation 442 [1/1] (0.00ns)   --->   "%sext_ln63_3 = sext i18 %dy_3" [softmax_accel_hls.cc:63->softmax_accel_hls.cc:256]   --->   Operation 442 'sext' 'sext_ln63_3' <Predicate = (icmp_ln255)> <Delay = 0.00>
ST_5 : Operation 443 [1/1] (0.00ns)   --->   "%zext_ln63_3 = zext i12 %rem_3" [softmax_accel_hls.cc:63->softmax_accel_hls.cc:256]   --->   Operation 443 'zext' 'zext_ln63_3' <Predicate = (icmp_ln255)> <Delay = 0.00>
ST_5 : Operation 444 [1/1] (5.59ns)   --->   "%interp_3 = mul i30 %zext_ln63_3, i30 %sext_ln63_3" [softmax_accel_hls.cc:63->softmax_accel_hls.cc:256]   --->   Operation 444 'mul' 'interp_3' <Predicate = (icmp_ln255)> <Delay = 5.59> <CoreInst = "Multiplier">   --->   Core 3 'Multiplier' <Latency = 0> <II = 1> <Delay = 5.59> <FuncUnit> <Opcode : 'mul'> <InPorts = 2> <OutPorts = 1>
ST_5 : Operation 445 [1/1] (0.00ns)   --->   "%trunc_ln64_3 = partselect i18 @_ssdm_op_PartSelect.i18.i30.i32.i32, i30 %interp_3, i32 12, i32 29" [softmax_accel_hls.cc:64->softmax_accel_hls.cc:256]   --->   Operation 445 'partselect' 'trunc_ln64_3' <Predicate = (icmp_ln255)> <Delay = 0.00>

State 6 <SV = 5> <Delay = 7.79>
ST_6 : Operation 446 [1/1] (0.00ns)   --->   "%zext_ln59 = zext i17 %y0" [softmax_accel_hls.cc:59->softmax_accel_hls.cc:244]   --->   Operation 446 'zext' 'zext_ln59' <Predicate = true> <Delay = 0.00>
ST_6 : Operation 447 [1/1] (0.00ns)   --->   "%sext_ln64 = sext i18 %trunc_ln" [softmax_accel_hls.cc:64->softmax_accel_hls.cc:244]   --->   Operation 447 'sext' 'sext_ln64' <Predicate = true> <Delay = 0.00>
ST_6 : Operation 448 [1/1] (2.13ns)   --->   "%y_frac = add i19 %sext_ln64, i19 %zext_ln59" [softmax_accel_hls.cc:64->softmax_accel_hls.cc:244]   --->   Operation 448 'add' 'y_frac' <Predicate = true> <Delay = 2.13> <CoreInst = "Adder">   --->   Core 1 'Adder' <Latency = 0> <II = 1> <Delay = 2.16> <FuncUnit> <Opcode : 'add' 'sub'> <InPorts = 2> <OutPorts = 1>
ST_6 : Operation 449 [1/1] (0.00ns)   --->   "%sext_ln64_1 = sext i19 %y_frac" [softmax_accel_hls.cc:64->softmax_accel_hls.cc:244]   --->   Operation 449 'sext' 'sext_ln64_1' <Predicate = true> <Delay = 0.00>
ST_6 : Operation 450 [1/1] (0.00ns) (grouped into LUT with out node y_15)   --->   "%xor_ln67 = xor i1 %tmp_92, i1 1" [softmax_accel_hls.cc:67->softmax_accel_hls.cc:244]   --->   Operation 450 'xor' 'xor_ln67' <Predicate = true> <Delay = 0.00> <CoreInst = "LogicGate">   --->   Core 74 'LogicGate' <Latency = 0> <II = 1> <Delay = 0.97> <FuncUnit> <Opcode : 'and' 'or' 'xor'> <InPorts = 2> <OutPorts = 1>
ST_6 : Operation 451 [1/1] (0.00ns) (grouped into LUT with out node y_2)   --->   "%trunc_ln1 = partselect i4 @_ssdm_op_PartSelect.i4.i50.i32.i32, i50 %t64, i32 32, i32 35" [softmax_accel_hls.cc:68->softmax_accel_hls.cc:244]   --->   Operation 451 'partselect' 'trunc_ln1' <Predicate = (!icmp_ln69)> <Delay = 0.00>
ST_6 : Operation 452 [1/1] (0.00ns) (grouped into LUT with out node y_2)   --->   "%sh_1 = select i1 %icmp_ln69, i4 15, i4 %trunc_ln1" [softmax_accel_hls.cc:69->softmax_accel_hls.cc:244]   --->   Operation 452 'select' 'sh_1' <Predicate = true> <Delay = 0.00> <CoreInst = "Sel">   --->   Core 73 'Sel' <Latency = 0> <II = 1> <Delay = 1.02> <FuncUnit> <Opcode : 'select'> <InPorts = 3> <OutPorts = 1>
ST_6 : Operation 453 [1/1] (0.00ns) (grouped into LUT with out node y_2)   --->   "%zext_ln68 = zext i4 %sh_1" [softmax_accel_hls.cc:68->softmax_accel_hls.cc:244]   --->   Operation 453 'zext' 'zext_ln68' <Predicate = true> <Delay = 0.00>
ST_6 : Operation 454 [1/1] (4.06ns) (out node of the LUT)   --->   "%y_2 = shl i32 %sext_ln64_1, i32 %zext_ln68" [softmax_accel_hls.cc:70->softmax_accel_hls.cc:244]   --->   Operation 454 'shl' 'y_2' <Predicate = true> <Delay = 4.06> <CoreInst = "Shifter">   --->   Core 75 'Shifter' <Latency = 0> <II = 1> <Delay = 4.42> <FuncUnit> <Opcode : 'shl' 'lshr' 'ashr'> <InPorts = 2> <OutPorts = 1>
ST_6 : Operation 455 [1/1] (0.00ns)   --->   "%sext_ln72 = sext i16 %k" [softmax_accel_hls.cc:72->softmax_accel_hls.cc:244]   --->   Operation 455 'sext' 'sext_ln72' <Predicate = true> <Delay = 0.00>
ST_6 : Operation 456 [1/1] (2.07ns)   --->   "%sh_2 = sub i17 0, i17 %sext_ln72" [softmax_accel_hls.cc:72->softmax_accel_hls.cc:244]   --->   Operation 456 'sub' 'sh_2' <Predicate = true> <Delay = 2.07> <CoreInst = "Adder">   --->   Core 1 'Adder' <Latency = 0> <II = 1> <Delay = 2.10> <FuncUnit> <Opcode : 'add' 'sub'> <InPorts = 2> <OutPorts = 1>
ST_6 : Operation 457 [1/1] (0.00ns)   --->   "%zext_ln72 = zext i17 %sh_2" [softmax_accel_hls.cc:72->softmax_accel_hls.cc:244]   --->   Operation 457 'zext' 'zext_ln72' <Predicate = true> <Delay = 0.00>
ST_6 : Operation 458 [1/1] (4.06ns)   --->   "%y_3 = lshr i32 %sext_ln64_1, i32 %zext_ln72" [softmax_accel_hls.cc:74->softmax_accel_hls.cc:244]   --->   Operation 458 'lshr' 'y_3' <Predicate = true> <Delay = 4.06> <CoreInst = "Shifter">   --->   Core 75 'Shifter' <Latency = 0> <II = 1> <Delay = 4.42> <FuncUnit> <Opcode : 'shl' 'lshr' 'ashr'> <InPorts = 2> <OutPorts = 1>
ST_6 : Operation 459 [1/1] (0.00ns) (grouped into LUT with out node y_15)   --->   "%and_ln67 = and i1 %pkt_keep, i1 %xor_ln67" [softmax_accel_hls.cc:67->softmax_accel_hls.cc:244]   --->   Operation 459 'and' 'and_ln67' <Predicate = true> <Delay = 0.00> <CoreInst = "LogicGate">   --->   Core 74 'LogicGate' <Latency = 0> <II = 1> <Delay = 0.97> <FuncUnit> <Opcode : 'and' 'or' 'xor'> <InPorts = 2> <OutPorts = 1>
ST_6 : Operation 460 [1/1] (0.00ns)   --->   "%tmp_94 = partselect i12 @_ssdm_op_PartSelect.i12.i17.i32.i32, i17 %sh_2, i32 5, i32 16" [softmax_accel_hls.cc:73->softmax_accel_hls.cc:244]   --->   Operation 460 'partselect' 'tmp_94' <Predicate = true> <Delay = 0.00>
ST_6 : Operation 461 [1/1] (1.54ns)   --->   "%icmp_ln73 = icmp_slt  i12 %tmp_94, i12 1" [softmax_accel_hls.cc:73->softmax_accel_hls.cc:244]   --->   Operation 461 'icmp' 'icmp_ln73' <Predicate = true> <Delay = 1.54> <CoreInst = "Cmp">   --->   Core 9 'Cmp' <Latency = 0> <II = 1> <Delay = 1.54> <FuncUnit> <Opcode : 'seteq' 'setne' 'setle' 'setge' 'setlt' 'setgt'> <InPorts = 2> <OutPorts = 1>
ST_6 : Operation 462 [1/1] (0.00ns) (grouped into LUT with out node y_15)   --->   "%and_ln73 = and i1 %icmp_ln73, i1 %tmp_92" [softmax_accel_hls.cc:73->softmax_accel_hls.cc:244]   --->   Operation 462 'and' 'and_ln73' <Predicate = true> <Delay = 0.00> <CoreInst = "LogicGate">   --->   Core 74 'LogicGate' <Latency = 0> <II = 1> <Delay = 0.97> <FuncUnit> <Opcode : 'and' 'or' 'xor'> <InPorts = 2> <OutPorts = 1>
ST_6 : Operation 463 [1/1] (0.00ns) (grouped into LUT with out node y_15)   --->   "%and_ln73_1 = and i1 %and_ln73, i1 %pkt_keep" [softmax_accel_hls.cc:73->softmax_accel_hls.cc:244]   --->   Operation 463 'and' 'and_ln73_1' <Predicate = true> <Delay = 0.00> <CoreInst = "LogicGate">   --->   Core 74 'LogicGate' <Latency = 0> <II = 1> <Delay = 0.97> <FuncUnit> <Opcode : 'and' 'or' 'xor'> <InPorts = 2> <OutPorts = 1>
ST_6 : Operation 464 [1/1] (0.00ns) (grouped into LUT with out node y_15)   --->   "%sel_tmp5 = bitconcatenate i2 @_ssdm_op_BitConcatenate.i2.i1.i1, i1 %and_ln67, i1 %and_ln73_1" [softmax_accel_hls.cc:67->softmax_accel_hls.cc:244]   --->   Operation 464 'bitconcatenate' 'sel_tmp5' <Predicate = true> <Delay = 0.00>
ST_6 : Operation 465 [1/1] (1.58ns) (out node of the LUT)   --->   "%y_15 = sparsemux i32 @_ssdm_op_SparseMux.ap_auto.3i32.i32.i2, i2 2, i32 %y_2, i2 1, i32 %y_3, i2 0, i32 0, i32 0, i2 %sel_tmp5" [softmax_accel_hls.cc:70->softmax_accel_hls.cc:244]   --->   Operation 465 'sparsemux' 'y_15' <Predicate = true> <Delay = 1.58> <CoreInst = "OneHotSparseMux_HasDef">   --->   Core 140 'OneHotSparseMux_HasDef' <Latency = 0> <II = 1> <Delay = 1.58> <FuncUnit> <Opcode : 'sparsemux'> <InPorts = 2> <OutPorts = 1>
ST_6 : Operation 466 [1/1] (0.00ns)   --->   "%zext_ln59_1 = zext i17 %y0_1" [softmax_accel_hls.cc:59->softmax_accel_hls.cc:248]   --->   Operation 466 'zext' 'zext_ln59_1' <Predicate = (icmp_ln247)> <Delay = 0.00>
ST_6 : Operation 467 [1/1] (0.00ns)   --->   "%sext_ln64_2 = sext i18 %trunc_ln64_1" [softmax_accel_hls.cc:64->softmax_accel_hls.cc:248]   --->   Operation 467 'sext' 'sext_ln64_2' <Predicate = (icmp_ln247)> <Delay = 0.00>
ST_6 : Operation 468 [1/1] (2.13ns)   --->   "%y_frac_1 = add i19 %sext_ln64_2, i19 %zext_ln59_1" [softmax_accel_hls.cc:64->softmax_accel_hls.cc:248]   --->   Operation 468 'add' 'y_frac_1' <Predicate = (icmp_ln247)> <Delay = 2.13> <CoreInst = "Adder">   --->   Core 1 'Adder' <Latency = 0> <II = 1> <Delay = 2.16> <FuncUnit> <Opcode : 'add' 'sub'> <InPorts = 2> <OutPorts = 1>
ST_6 : Operation 469 [1/1] (0.00ns)   --->   "%sext_ln64_3 = sext i19 %y_frac_1" [softmax_accel_hls.cc:64->softmax_accel_hls.cc:248]   --->   Operation 469 'sext' 'sext_ln64_3' <Predicate = (icmp_ln247)> <Delay = 0.00>
ST_6 : Operation 470 [1/1] (0.00ns) (grouped into LUT with out node pkt_v1_2)   --->   "%xor_ln67_1 = xor i1 %tmp_102, i1 1" [softmax_accel_hls.cc:67->softmax_accel_hls.cc:248]   --->   Operation 470 'xor' 'xor_ln67_1' <Predicate = (icmp_ln247)> <Delay = 0.00> <CoreInst = "LogicGate">   --->   Core 74 'LogicGate' <Latency = 0> <II = 1> <Delay = 0.97> <FuncUnit> <Opcode : 'and' 'or' 'xor'> <InPorts = 2> <OutPorts = 1>
ST_6 : Operation 471 [1/1] (0.00ns) (grouped into LUT with out node y_6)   --->   "%trunc_ln68_1 = partselect i4 @_ssdm_op_PartSelect.i4.i50.i32.i32, i50 %t64_1, i32 32, i32 35" [softmax_accel_hls.cc:68->softmax_accel_hls.cc:248]   --->   Operation 471 'partselect' 'trunc_ln68_1' <Predicate = (!icmp_ln69_1 & icmp_ln247)> <Delay = 0.00>
ST_6 : Operation 472 [1/1] (0.00ns) (grouped into LUT with out node y_6)   --->   "%sh_4 = select i1 %icmp_ln69_1, i4 15, i4 %trunc_ln68_1" [softmax_accel_hls.cc:69->softmax_accel_hls.cc:248]   --->   Operation 472 'select' 'sh_4' <Predicate = (icmp_ln247)> <Delay = 0.00> <CoreInst = "Sel">   --->   Core 73 'Sel' <Latency = 0> <II = 1> <Delay = 1.02> <FuncUnit> <Opcode : 'select'> <InPorts = 3> <OutPorts = 1>
ST_6 : Operation 473 [1/1] (0.00ns) (grouped into LUT with out node y_6)   --->   "%zext_ln68_1 = zext i4 %sh_4" [softmax_accel_hls.cc:68->softmax_accel_hls.cc:248]   --->   Operation 473 'zext' 'zext_ln68_1' <Predicate = (icmp_ln247)> <Delay = 0.00>
ST_6 : Operation 474 [1/1] (4.06ns) (out node of the LUT)   --->   "%y_6 = shl i32 %sext_ln64_3, i32 %zext_ln68_1" [softmax_accel_hls.cc:70->softmax_accel_hls.cc:248]   --->   Operation 474 'shl' 'y_6' <Predicate = (icmp_ln247)> <Delay = 4.06> <CoreInst = "Shifter">   --->   Core 75 'Shifter' <Latency = 0> <II = 1> <Delay = 4.42> <FuncUnit> <Opcode : 'shl' 'lshr' 'ashr'> <InPorts = 2> <OutPorts = 1>
ST_6 : Operation 475 [1/1] (0.00ns)   --->   "%sext_ln72_1 = sext i16 %k_1" [softmax_accel_hls.cc:72->softmax_accel_hls.cc:248]   --->   Operation 475 'sext' 'sext_ln72_1' <Predicate = (icmp_ln247)> <Delay = 0.00>
ST_6 : Operation 476 [1/1] (2.07ns)   --->   "%sh_5 = sub i17 0, i17 %sext_ln72_1" [softmax_accel_hls.cc:72->softmax_accel_hls.cc:248]   --->   Operation 476 'sub' 'sh_5' <Predicate = (icmp_ln247)> <Delay = 2.07> <CoreInst = "Adder">   --->   Core 1 'Adder' <Latency = 0> <II = 1> <Delay = 2.10> <FuncUnit> <Opcode : 'add' 'sub'> <InPorts = 2> <OutPorts = 1>
ST_6 : Operation 477 [1/1] (0.00ns)   --->   "%zext_ln72_1 = zext i17 %sh_5" [softmax_accel_hls.cc:72->softmax_accel_hls.cc:248]   --->   Operation 477 'zext' 'zext_ln72_1' <Predicate = (icmp_ln247)> <Delay = 0.00>
ST_6 : Operation 478 [1/1] (0.00ns)   --->   "%tmp_104 = partselect i12 @_ssdm_op_PartSelect.i12.i17.i32.i32, i17 %sh_5, i32 5, i32 16" [softmax_accel_hls.cc:73->softmax_accel_hls.cc:248]   --->   Operation 478 'partselect' 'tmp_104' <Predicate = (icmp_ln247)> <Delay = 0.00>
ST_6 : Operation 479 [1/1] (1.54ns)   --->   "%icmp_ln73_1 = icmp_sgt  i12 %tmp_104, i12 0" [softmax_accel_hls.cc:73->softmax_accel_hls.cc:248]   --->   Operation 479 'icmp' 'icmp_ln73_1' <Predicate = (icmp_ln247)> <Delay = 1.54> <CoreInst = "Cmp">   --->   Core 9 'Cmp' <Latency = 0> <II = 1> <Delay = 1.54> <FuncUnit> <Opcode : 'seteq' 'setne' 'setle' 'setge' 'setlt' 'setgt'> <InPorts = 2> <OutPorts = 1>
ST_6 : Operation 480 [1/1] (4.06ns)   --->   "%y_7 = lshr i32 %sext_ln64_3, i32 %zext_ln72_1" [softmax_accel_hls.cc:74->softmax_accel_hls.cc:248]   --->   Operation 480 'lshr' 'y_7' <Predicate = (icmp_ln247)> <Delay = 4.06> <CoreInst = "Shifter">   --->   Core 75 'Shifter' <Latency = 0> <II = 1> <Delay = 4.42> <FuncUnit> <Opcode : 'shl' 'lshr' 'ashr'> <InPorts = 2> <OutPorts = 1>
ST_6 : Operation 481 [1/1] (0.00ns) (grouped into LUT with out node pkt_v1_2)   --->   "%and_ln73_2 = and i1 %icmp_ln73_1, i1 %tmp_102" [softmax_accel_hls.cc:73->softmax_accel_hls.cc:248]   --->   Operation 481 'and' 'and_ln73_2' <Predicate = (icmp_ln247)> <Delay = 0.00> <CoreInst = "LogicGate">   --->   Core 74 'LogicGate' <Latency = 0> <II = 1> <Delay = 0.97> <FuncUnit> <Opcode : 'and' 'or' 'xor'> <InPorts = 2> <OutPorts = 1>
ST_6 : Operation 482 [1/1] (0.00ns) (grouped into LUT with out node pkt_v1_2)   --->   "%sel_tmp = bitconcatenate i2 @_ssdm_op_BitConcatenate.i2.i1.i1, i1 %xor_ln67_1, i1 %and_ln73_2" [softmax_accel_hls.cc:67->softmax_accel_hls.cc:248]   --->   Operation 482 'bitconcatenate' 'sel_tmp' <Predicate = (icmp_ln247)> <Delay = 0.00>
ST_6 : Operation 483 [1/1] (0.00ns) (grouped into LUT with out node pkt_v1_2)   --->   "%y_16 = sparsemux i32 @_ssdm_op_SparseMux.ap_auto.3i32.i32.i2, i2 2, i32 %y_6, i2 1, i32 0, i2 0, i32 %y_7, i32 0, i2 %sel_tmp" [softmax_accel_hls.cc:70->softmax_accel_hls.cc:248]   --->   Operation 483 'sparsemux' 'y_16' <Predicate = (icmp_ln247)> <Delay = 0.00> <CoreInst = "OneHotSparseMux_HasDef">   --->   Core 140 'OneHotSparseMux_HasDef' <Latency = 0> <II = 1> <Delay = 1.58> <FuncUnit> <Opcode : 'sparsemux'> <InPorts = 2> <OutPorts = 1>
ST_6 : Operation 484 [1/1] (1.58ns) (out node of the LUT)   --->   "%pkt_v1_2 = select i1 %icmp_ln247, i32 %y_16, i32 0" [softmax_accel_hls.cc:247]   --->   Operation 484 'select' 'pkt_v1_2' <Predicate = true> <Delay = 1.58> <CoreInst = "Sel">   --->   Core 73 'Sel' <Latency = 0> <II = 1> <Delay = 0.69> <FuncUnit> <Opcode : 'select'> <InPorts = 3> <OutPorts = 1>
ST_6 : Operation 485 [1/1] (0.00ns)   --->   "%zext_ln59_2 = zext i17 %y0_2" [softmax_accel_hls.cc:59->softmax_accel_hls.cc:252]   --->   Operation 485 'zext' 'zext_ln59_2' <Predicate = (icmp_ln251)> <Delay = 0.00>
ST_6 : Operation 486 [1/1] (0.00ns)   --->   "%sext_ln64_4 = sext i18 %trunc_ln64_2" [softmax_accel_hls.cc:64->softmax_accel_hls.cc:252]   --->   Operation 486 'sext' 'sext_ln64_4' <Predicate = (icmp_ln251)> <Delay = 0.00>
ST_6 : Operation 487 [1/1] (2.13ns)   --->   "%y_frac_2 = add i19 %sext_ln64_4, i19 %zext_ln59_2" [softmax_accel_hls.cc:64->softmax_accel_hls.cc:252]   --->   Operation 487 'add' 'y_frac_2' <Predicate = (icmp_ln251)> <Delay = 2.13> <CoreInst = "Adder">   --->   Core 1 'Adder' <Latency = 0> <II = 1> <Delay = 2.16> <FuncUnit> <Opcode : 'add' 'sub'> <InPorts = 2> <OutPorts = 1>
ST_6 : Operation 488 [1/1] (0.00ns)   --->   "%sext_ln64_5 = sext i19 %y_frac_2" [softmax_accel_hls.cc:64->softmax_accel_hls.cc:252]   --->   Operation 488 'sext' 'sext_ln64_5' <Predicate = (icmp_ln251)> <Delay = 0.00>
ST_6 : Operation 489 [1/1] (0.00ns) (grouped into LUT with out node pkt_v2_2)   --->   "%xor_ln67_2 = xor i1 %tmp_112, i1 1" [softmax_accel_hls.cc:67->softmax_accel_hls.cc:252]   --->   Operation 489 'xor' 'xor_ln67_2' <Predicate = (icmp_ln251)> <Delay = 0.00> <CoreInst = "LogicGate">   --->   Core 74 'LogicGate' <Latency = 0> <II = 1> <Delay = 0.97> <FuncUnit> <Opcode : 'and' 'or' 'xor'> <InPorts = 2> <OutPorts = 1>
ST_6 : Operation 490 [1/1] (0.00ns) (grouped into LUT with out node y_8)   --->   "%trunc_ln68_2 = partselect i4 @_ssdm_op_PartSelect.i4.i50.i32.i32, i50 %t64_2, i32 32, i32 35" [softmax_accel_hls.cc:68->softmax_accel_hls.cc:252]   --->   Operation 490 'partselect' 'trunc_ln68_2' <Predicate = (!icmp_ln69_2 & icmp_ln251)> <Delay = 0.00>
ST_6 : Operation 491 [1/1] (0.00ns) (grouped into LUT with out node y_8)   --->   "%sh_7 = select i1 %icmp_ln69_2, i4 15, i4 %trunc_ln68_2" [softmax_accel_hls.cc:69->softmax_accel_hls.cc:252]   --->   Operation 491 'select' 'sh_7' <Predicate = (icmp_ln251)> <Delay = 0.00> <CoreInst = "Sel">   --->   Core 73 'Sel' <Latency = 0> <II = 1> <Delay = 1.02> <FuncUnit> <Opcode : 'select'> <InPorts = 3> <OutPorts = 1>
ST_6 : Operation 492 [1/1] (0.00ns) (grouped into LUT with out node y_8)   --->   "%zext_ln68_2 = zext i4 %sh_7" [softmax_accel_hls.cc:68->softmax_accel_hls.cc:252]   --->   Operation 492 'zext' 'zext_ln68_2' <Predicate = (icmp_ln251)> <Delay = 0.00>
ST_6 : Operation 493 [1/1] (4.06ns) (out node of the LUT)   --->   "%y_8 = shl i32 %sext_ln64_5, i32 %zext_ln68_2" [softmax_accel_hls.cc:70->softmax_accel_hls.cc:252]   --->   Operation 493 'shl' 'y_8' <Predicate = (icmp_ln251)> <Delay = 4.06> <CoreInst = "Shifter">   --->   Core 75 'Shifter' <Latency = 0> <II = 1> <Delay = 4.42> <FuncUnit> <Opcode : 'shl' 'lshr' 'ashr'> <InPorts = 2> <OutPorts = 1>
ST_6 : Operation 494 [1/1] (0.00ns)   --->   "%sext_ln72_2 = sext i16 %k_2" [softmax_accel_hls.cc:72->softmax_accel_hls.cc:252]   --->   Operation 494 'sext' 'sext_ln72_2' <Predicate = (icmp_ln251)> <Delay = 0.00>
ST_6 : Operation 495 [1/1] (2.07ns)   --->   "%sh_8 = sub i17 0, i17 %sext_ln72_2" [softmax_accel_hls.cc:72->softmax_accel_hls.cc:252]   --->   Operation 495 'sub' 'sh_8' <Predicate = (icmp_ln251)> <Delay = 2.07> <CoreInst = "Adder">   --->   Core 1 'Adder' <Latency = 0> <II = 1> <Delay = 2.10> <FuncUnit> <Opcode : 'add' 'sub'> <InPorts = 2> <OutPorts = 1>
ST_6 : Operation 496 [1/1] (0.00ns)   --->   "%zext_ln72_2 = zext i17 %sh_8" [softmax_accel_hls.cc:72->softmax_accel_hls.cc:252]   --->   Operation 496 'zext' 'zext_ln72_2' <Predicate = (icmp_ln251)> <Delay = 0.00>
ST_6 : Operation 497 [1/1] (0.00ns)   --->   "%tmp_114 = partselect i12 @_ssdm_op_PartSelect.i12.i17.i32.i32, i17 %sh_8, i32 5, i32 16" [softmax_accel_hls.cc:73->softmax_accel_hls.cc:252]   --->   Operation 497 'partselect' 'tmp_114' <Predicate = (icmp_ln251)> <Delay = 0.00>
ST_6 : Operation 498 [1/1] (1.54ns)   --->   "%icmp_ln73_2 = icmp_sgt  i12 %tmp_114, i12 0" [softmax_accel_hls.cc:73->softmax_accel_hls.cc:252]   --->   Operation 498 'icmp' 'icmp_ln73_2' <Predicate = (icmp_ln251)> <Delay = 1.54> <CoreInst = "Cmp">   --->   Core 9 'Cmp' <Latency = 0> <II = 1> <Delay = 1.54> <FuncUnit> <Opcode : 'seteq' 'setne' 'setle' 'setge' 'setlt' 'setgt'> <InPorts = 2> <OutPorts = 1>
ST_6 : Operation 499 [1/1] (4.06ns)   --->   "%y_9 = lshr i32 %sext_ln64_5, i32 %zext_ln72_2" [softmax_accel_hls.cc:74->softmax_accel_hls.cc:252]   --->   Operation 499 'lshr' 'y_9' <Predicate = (icmp_ln251)> <Delay = 4.06> <CoreInst = "Shifter">   --->   Core 75 'Shifter' <Latency = 0> <II = 1> <Delay = 4.42> <FuncUnit> <Opcode : 'shl' 'lshr' 'ashr'> <InPorts = 2> <OutPorts = 1>
ST_6 : Operation 500 [1/1] (0.00ns) (grouped into LUT with out node pkt_v2_2)   --->   "%and_ln73_3 = and i1 %icmp_ln73_2, i1 %tmp_112" [softmax_accel_hls.cc:73->softmax_accel_hls.cc:252]   --->   Operation 500 'and' 'and_ln73_3' <Predicate = (icmp_ln251)> <Delay = 0.00> <CoreInst = "LogicGate">   --->   Core 74 'LogicGate' <Latency = 0> <II = 1> <Delay = 0.97> <FuncUnit> <Opcode : 'and' 'or' 'xor'> <InPorts = 2> <OutPorts = 1>
ST_6 : Operation 501 [1/1] (0.00ns) (grouped into LUT with out node pkt_v2_2)   --->   "%sel_tmp1 = bitconcatenate i2 @_ssdm_op_BitConcatenate.i2.i1.i1, i1 %xor_ln67_2, i1 %and_ln73_3" [softmax_accel_hls.cc:67->softmax_accel_hls.cc:252]   --->   Operation 501 'bitconcatenate' 'sel_tmp1' <Predicate = (icmp_ln251)> <Delay = 0.00>
ST_6 : Operation 502 [1/1] (0.00ns) (grouped into LUT with out node pkt_v2_2)   --->   "%y = sparsemux i32 @_ssdm_op_SparseMux.ap_auto.3i32.i32.i2, i2 2, i32 %y_8, i2 1, i32 0, i2 0, i32 %y_9, i32 0, i2 %sel_tmp1" [softmax_accel_hls.cc:70->softmax_accel_hls.cc:252]   --->   Operation 502 'sparsemux' 'y' <Predicate = (icmp_ln251)> <Delay = 0.00> <CoreInst = "OneHotSparseMux_HasDef">   --->   Core 140 'OneHotSparseMux_HasDef' <Latency = 0> <II = 1> <Delay = 1.58> <FuncUnit> <Opcode : 'sparsemux'> <InPorts = 2> <OutPorts = 1>
ST_6 : Operation 503 [1/1] (1.58ns) (out node of the LUT)   --->   "%pkt_v2_2 = select i1 %icmp_ln251, i32 %y, i32 0" [softmax_accel_hls.cc:251]   --->   Operation 503 'select' 'pkt_v2_2' <Predicate = true> <Delay = 1.58> <CoreInst = "Sel">   --->   Core 73 'Sel' <Latency = 0> <II = 1> <Delay = 0.69> <FuncUnit> <Opcode : 'select'> <InPorts = 3> <OutPorts = 1>
ST_6 : Operation 504 [1/1] (0.00ns)   --->   "%zext_ln59_3 = zext i17 %y0_3" [softmax_accel_hls.cc:59->softmax_accel_hls.cc:256]   --->   Operation 504 'zext' 'zext_ln59_3' <Predicate = (icmp_ln255)> <Delay = 0.00>
ST_6 : Operation 505 [1/1] (0.00ns)   --->   "%sext_ln64_6 = sext i18 %trunc_ln64_3" [softmax_accel_hls.cc:64->softmax_accel_hls.cc:256]   --->   Operation 505 'sext' 'sext_ln64_6' <Predicate = (icmp_ln255)> <Delay = 0.00>
ST_6 : Operation 506 [1/1] (2.13ns)   --->   "%y_frac_3 = add i19 %sext_ln64_6, i19 %zext_ln59_3" [softmax_accel_hls.cc:64->softmax_accel_hls.cc:256]   --->   Operation 506 'add' 'y_frac_3' <Predicate = (icmp_ln255)> <Delay = 2.13> <CoreInst = "Adder">   --->   Core 1 'Adder' <Latency = 0> <II = 1> <Delay = 2.16> <FuncUnit> <Opcode : 'add' 'sub'> <InPorts = 2> <OutPorts = 1>
ST_6 : Operation 507 [1/1] (0.00ns)   --->   "%sext_ln64_7 = sext i19 %y_frac_3" [softmax_accel_hls.cc:64->softmax_accel_hls.cc:256]   --->   Operation 507 'sext' 'sext_ln64_7' <Predicate = (icmp_ln255)> <Delay = 0.00>
ST_6 : Operation 508 [1/1] (0.00ns) (grouped into LUT with out node pkt_v3_2)   --->   "%xor_ln67_3 = xor i1 %tmp_122, i1 1" [softmax_accel_hls.cc:67->softmax_accel_hls.cc:256]   --->   Operation 508 'xor' 'xor_ln67_3' <Predicate = (icmp_ln255)> <Delay = 0.00> <CoreInst = "LogicGate">   --->   Core 74 'LogicGate' <Latency = 0> <II = 1> <Delay = 0.97> <FuncUnit> <Opcode : 'and' 'or' 'xor'> <InPorts = 2> <OutPorts = 1>
ST_6 : Operation 509 [1/1] (0.00ns) (grouped into LUT with out node y_12)   --->   "%trunc_ln68_3 = partselect i4 @_ssdm_op_PartSelect.i4.i50.i32.i32, i50 %t64_3, i32 32, i32 35" [softmax_accel_hls.cc:68->softmax_accel_hls.cc:256]   --->   Operation 509 'partselect' 'trunc_ln68_3' <Predicate = (!icmp_ln69_3 & icmp_ln255)> <Delay = 0.00>
ST_6 : Operation 510 [1/1] (0.00ns) (grouped into LUT with out node y_12)   --->   "%sh_10 = select i1 %icmp_ln69_3, i4 15, i4 %trunc_ln68_3" [softmax_accel_hls.cc:69->softmax_accel_hls.cc:256]   --->   Operation 510 'select' 'sh_10' <Predicate = (icmp_ln255)> <Delay = 0.00> <CoreInst = "Sel">   --->   Core 73 'Sel' <Latency = 0> <II = 1> <Delay = 1.02> <FuncUnit> <Opcode : 'select'> <InPorts = 3> <OutPorts = 1>
ST_6 : Operation 511 [1/1] (0.00ns) (grouped into LUT with out node y_12)   --->   "%zext_ln68_3 = zext i4 %sh_10" [softmax_accel_hls.cc:68->softmax_accel_hls.cc:256]   --->   Operation 511 'zext' 'zext_ln68_3' <Predicate = (icmp_ln255)> <Delay = 0.00>
ST_6 : Operation 512 [1/1] (4.06ns) (out node of the LUT)   --->   "%y_12 = shl i32 %sext_ln64_7, i32 %zext_ln68_3" [softmax_accel_hls.cc:70->softmax_accel_hls.cc:256]   --->   Operation 512 'shl' 'y_12' <Predicate = (icmp_ln255)> <Delay = 4.06> <CoreInst = "Shifter">   --->   Core 75 'Shifter' <Latency = 0> <II = 1> <Delay = 4.42> <FuncUnit> <Opcode : 'shl' 'lshr' 'ashr'> <InPorts = 2> <OutPorts = 1>
ST_6 : Operation 513 [1/1] (0.00ns)   --->   "%sext_ln72_3 = sext i16 %k_3" [softmax_accel_hls.cc:72->softmax_accel_hls.cc:256]   --->   Operation 513 'sext' 'sext_ln72_3' <Predicate = (icmp_ln255)> <Delay = 0.00>
ST_6 : Operation 514 [1/1] (2.07ns)   --->   "%sh_11 = sub i17 0, i17 %sext_ln72_3" [softmax_accel_hls.cc:72->softmax_accel_hls.cc:256]   --->   Operation 514 'sub' 'sh_11' <Predicate = (icmp_ln255)> <Delay = 2.07> <CoreInst = "Adder">   --->   Core 1 'Adder' <Latency = 0> <II = 1> <Delay = 2.10> <FuncUnit> <Opcode : 'add' 'sub'> <InPorts = 2> <OutPorts = 1>
ST_6 : Operation 515 [1/1] (0.00ns)   --->   "%zext_ln72_3 = zext i17 %sh_11" [softmax_accel_hls.cc:72->softmax_accel_hls.cc:256]   --->   Operation 515 'zext' 'zext_ln72_3' <Predicate = (icmp_ln255)> <Delay = 0.00>
ST_6 : Operation 516 [1/1] (0.00ns)   --->   "%tmp_124 = partselect i12 @_ssdm_op_PartSelect.i12.i17.i32.i32, i17 %sh_11, i32 5, i32 16" [softmax_accel_hls.cc:73->softmax_accel_hls.cc:256]   --->   Operation 516 'partselect' 'tmp_124' <Predicate = (icmp_ln255)> <Delay = 0.00>
ST_6 : Operation 517 [1/1] (1.54ns)   --->   "%icmp_ln73_3 = icmp_sgt  i12 %tmp_124, i12 0" [softmax_accel_hls.cc:73->softmax_accel_hls.cc:256]   --->   Operation 517 'icmp' 'icmp_ln73_3' <Predicate = (icmp_ln255)> <Delay = 1.54> <CoreInst = "Cmp">   --->   Core 9 'Cmp' <Latency = 0> <II = 1> <Delay = 1.54> <FuncUnit> <Opcode : 'seteq' 'setne' 'setle' 'setge' 'setlt' 'setgt'> <InPorts = 2> <OutPorts = 1>
ST_6 : Operation 518 [1/1] (4.06ns)   --->   "%y_13 = lshr i32 %sext_ln64_7, i32 %zext_ln72_3" [softmax_accel_hls.cc:74->softmax_accel_hls.cc:256]   --->   Operation 518 'lshr' 'y_13' <Predicate = (icmp_ln255)> <Delay = 4.06> <CoreInst = "Shifter">   --->   Core 75 'Shifter' <Latency = 0> <II = 1> <Delay = 4.42> <FuncUnit> <Opcode : 'shl' 'lshr' 'ashr'> <InPorts = 2> <OutPorts = 1>
ST_6 : Operation 519 [1/1] (0.00ns) (grouped into LUT with out node pkt_v3_2)   --->   "%and_ln73_4 = and i1 %icmp_ln73_3, i1 %tmp_122" [softmax_accel_hls.cc:73->softmax_accel_hls.cc:256]   --->   Operation 519 'and' 'and_ln73_4' <Predicate = (icmp_ln255)> <Delay = 0.00> <CoreInst = "LogicGate">   --->   Core 74 'LogicGate' <Latency = 0> <II = 1> <Delay = 0.97> <FuncUnit> <Opcode : 'and' 'or' 'xor'> <InPorts = 2> <OutPorts = 1>
ST_6 : Operation 520 [1/1] (0.00ns) (grouped into LUT with out node pkt_v3_2)   --->   "%sel_tmp2 = bitconcatenate i2 @_ssdm_op_BitConcatenate.i2.i1.i1, i1 %xor_ln67_3, i1 %and_ln73_4" [softmax_accel_hls.cc:67->softmax_accel_hls.cc:256]   --->   Operation 520 'bitconcatenate' 'sel_tmp2' <Predicate = (icmp_ln255)> <Delay = 0.00>
ST_6 : Operation 521 [1/1] (0.00ns) (grouped into LUT with out node pkt_v3_2)   --->   "%y_17 = sparsemux i32 @_ssdm_op_SparseMux.ap_auto.3i32.i32.i2, i2 2, i32 %y_12, i2 1, i32 0, i2 0, i32 %y_13, i32 0, i2 %sel_tmp2" [softmax_accel_hls.cc:70->softmax_accel_hls.cc:256]   --->   Operation 521 'sparsemux' 'y_17' <Predicate = (icmp_ln255)> <Delay = 0.00> <CoreInst = "OneHotSparseMux_HasDef">   --->   Core 140 'OneHotSparseMux_HasDef' <Latency = 0> <II = 1> <Delay = 1.58> <FuncUnit> <Opcode : 'sparsemux'> <InPorts = 2> <OutPorts = 1>
ST_6 : Operation 522 [1/1] (1.58ns) (out node of the LUT)   --->   "%pkt_v3_2 = select i1 %icmp_ln255, i32 %y_17, i32 0" [softmax_accel_hls.cc:255]   --->   Operation 522 'select' 'pkt_v3_2' <Predicate = true> <Delay = 1.58> <CoreInst = "Sel">   --->   Core 73 'Sel' <Latency = 0> <II = 1> <Delay = 0.69> <FuncUnit> <Opcode : 'select'> <InPorts = 3> <OutPorts = 1>
ST_6 : Operation 537 [1/1] (1.58ns)   --->   "%ret_ln0 = ret"   --->   Operation 537 'ret' 'ret_ln0' <Predicate = (icmp_ln233)> <Delay = 1.58>

State 7 <SV = 6> <Delay = 6.70>
ST_7 : Operation 523 [1/1] (0.00ns)   --->   "%specpipeline_ln234 = specpipeline void @_ssdm_op_SpecPipeline, i32 1, i32 0, i32 0, i32 0, void @empty_2" [softmax_accel_hls.cc:234]   --->   Operation 523 'specpipeline' 'specpipeline_ln234' <Predicate = true> <Delay = 0.00>
ST_7 : Operation 524 [1/1] (0.00ns)   --->   "%specloopname_ln233 = specloopname void @_ssdm_op_SpecLoopName, void @empty_4" [softmax_accel_hls.cc:233]   --->   Operation 524 'specloopname' 'specloopname_ln233' <Predicate = true> <Delay = 0.00>
ST_7 : Operation 525 [1/1] (0.00ns)   --->   "%zext_ln236 = zext i1 %pkt_keep" [softmax_accel_hls.cc:236]   --->   Operation 525 'zext' 'zext_ln236' <Predicate = (!icmp_ln247)> <Delay = 0.00>
ST_7 : Operation 526 [1/1] (0.00ns)   --->   "%pkt_keep_7 = bitconcatenate i2 @_ssdm_op_BitConcatenate.i2.i1.i1, i1 1, i1 %pkt_keep" [softmax_accel_hls.cc:249]   --->   Operation 526 'bitconcatenate' 'pkt_keep_7' <Predicate = (icmp_ln247)> <Delay = 0.00>
ST_7 : Operation 527 [1/1] (0.99ns)   --->   "%pkt_keep_8 = select i1 %icmp_ln247, i2 %pkt_keep_7, i2 %zext_ln236" [softmax_accel_hls.cc:236]   --->   Operation 527 'select' 'pkt_keep_8' <Predicate = true> <Delay = 0.99> <CoreInst = "Sel">   --->   Core 73 'Sel' <Latency = 0> <II = 1> <Delay = 0.99> <FuncUnit> <Opcode : 'select'> <InPorts = 3> <OutPorts = 1>
ST_7 : Operation 528 [1/1] (0.00ns)   --->   "%zext_ln236_1 = zext i2 %pkt_keep_8" [softmax_accel_hls.cc:236]   --->   Operation 528 'zext' 'zext_ln236_1' <Predicate = (!icmp_ln251)> <Delay = 0.00>
ST_7 : Operation 529 [1/1] (0.00ns)   --->   "%pkt_keep_9 = bitconcatenate i3 @_ssdm_op_BitConcatenate.i3.i1.i2, i1 1, i2 %pkt_keep_8" [softmax_accel_hls.cc:253]   --->   Operation 529 'bitconcatenate' 'pkt_keep_9' <Predicate = (icmp_ln251)> <Delay = 0.00>
ST_7 : Operation 530 [1/1] (0.98ns)   --->   "%pkt_keep_2 = select i1 %icmp_ln251, i3 %pkt_keep_9, i3 %zext_ln236_1" [softmax_accel_hls.cc:251]   --->   Operation 530 'select' 'pkt_keep_2' <Predicate = true> <Delay = 0.98> <CoreInst = "Sel">   --->   Core 73 'Sel' <Latency = 0> <II = 1> <Delay = 0.98> <FuncUnit> <Opcode : 'select'> <InPorts = 3> <OutPorts = 1>
ST_7 : Operation 531 [1/1] (0.00ns)   --->   "%zext_ln236_2 = zext i3 %pkt_keep_2" [softmax_accel_hls.cc:236]   --->   Operation 531 'zext' 'zext_ln236_2' <Predicate = true> <Delay = 0.00>
ST_7 : Operation 532 [1/1] (0.00ns)   --->   "%pkt_keep_10 = bitset i4 @_ssdm_op_BitSet.i4.i4.i32.i1, i4 %zext_ln236_2, i32 3, i1 1" [softmax_accel_hls.cc:257]   --->   Operation 532 'bitset' 'pkt_keep_10' <Predicate = (icmp_ln255)> <Delay = 0.00>
ST_7 : Operation 533 [1/1] (1.02ns)   --->   "%pkt_keep_3 = select i1 %icmp_ln255, i4 %pkt_keep_10, i4 %zext_ln236_2" [softmax_accel_hls.cc:255]   --->   Operation 533 'select' 'pkt_keep_3' <Predicate = true> <Delay = 1.02> <CoreInst = "Sel">   --->   Core 73 'Sel' <Latency = 0> <II = 1> <Delay = 1.02> <FuncUnit> <Opcode : 'select'> <InPorts = 3> <OutPorts = 1>
ST_7 : Operation 534 [1/1] (0.00ns)   --->   "%p_0 = bitconcatenate i132 @_ssdm_op_BitConcatenate.i132.i4.i32.i32.i32.i32, i4 %pkt_keep_3, i32 %pkt_v3_2, i32 %pkt_v2_2, i32 %pkt_v1_2, i32 %y_15" [softmax_accel_hls.cc:260]   --->   Operation 534 'bitconcatenate' 'p_0' <Predicate = true> <Delay = 0.00>
ST_7 : Operation 535 [1/1] ( I:3.70ns O:3.70ns )   --->   "%write_ln260 = write void @_ssdm_op_Write.ap_fifo.volatile.i132P0A, i132 %exp_stream, i132 %p_0" [softmax_accel_hls.cc:260]   --->   Operation 535 'write' 'write_ln260' <Predicate = true> <Delay = 3.70> <CoreInst = "FIFO">   --->   Core 77 'FIFO' <Latency = 0> <II = 1> <Delay = 3.70> <Storage> <Opcode : 'read' 'write' 'nbread' 'nbwrite'> <Ports = 0> <Width = 132> <Depth = 16> <FIFO>
ST_7 : Operation 536 [1/1] (0.00ns)   --->   "%br_ln233 = br void %for.body" [softmax_accel_hls.cc:233]   --->   Operation 536 'br' 'br_ln233' <Predicate = true> <Delay = 0.00>


============================================================
+ Verbose Summary: Binding
============================================================
STG Binding: 
---------------- STG Properties BEGIN ----------------
- Is combinational: 0
- Is one-state seq: 0
- Is datapath-only: 0
- Is pipelined: 0
- Is top level: 0
Port [ Return ] is wired: 1; IO mode=ap_ctrl_hs:ce=0
Port [ blocks_cast]:  wired=1; compound=0; hidden=0; nouse=0; global=0; static=0; extern=0; dir=0; type=0; pingpong=0; private_global=0; IO mode=ap_stable:ce=0
Port [ n]:  wired=1; compound=0; hidden=0; nouse=0; global=0; static=0; extern=0; dir=0; type=0; pingpong=0; private_global=0; IO mode=ap_stable:ce=0
Port [ logits_buf_0_0_load]:  wired=1; compound=0; hidden=0; nouse=0; global=0; static=0; extern=0; dir=0; type=0; pingpong=0; private_global=0; IO mode=ap_stable:ce=0
Port [ logits_buf_0_1_load]:  wired=1; compound=0; hidden=0; nouse=0; global=0; static=0; extern=0; dir=0; type=0; pingpong=0; private_global=0; IO mode=ap_stable:ce=0
Port [ logits_buf_0_2_load]:  wired=1; compound=0; hidden=0; nouse=0; global=0; static=0; extern=0; dir=0; type=0; pingpong=0; private_global=0; IO mode=ap_stable:ce=0
Port [ logits_buf_0_3_load]:  wired=1; compound=0; hidden=0; nouse=0; global=0; static=0; extern=0; dir=0; type=0; pingpong=0; private_global=0; IO mode=ap_stable:ce=0
Port [ logits_buf_0_4_load]:  wired=1; compound=0; hidden=0; nouse=0; global=0; static=0; extern=0; dir=0; type=0; pingpong=0; private_global=0; IO mode=ap_stable:ce=0
Port [ logits_buf_0_5_load]:  wired=1; compound=0; hidden=0; nouse=0; global=0; static=0; extern=0; dir=0; type=0; pingpong=0; private_global=0; IO mode=ap_stable:ce=0
Port [ logits_buf_0_6_load]:  wired=1; compound=0; hidden=0; nouse=0; global=0; static=0; extern=0; dir=0; type=0; pingpong=0; private_global=0; IO mode=ap_stable:ce=0
Port [ logits_buf_0_7_load]:  wired=1; compound=0; hidden=0; nouse=0; global=0; static=0; extern=0; dir=0; type=0; pingpong=0; private_global=0; IO mode=ap_stable:ce=0
Port [ logits_buf_0_8_load]:  wired=1; compound=0; hidden=0; nouse=0; global=0; static=0; extern=0; dir=0; type=0; pingpong=0; private_global=0; IO mode=ap_stable:ce=0
Port [ logits_buf_0_9_load]:  wired=1; compound=0; hidden=0; nouse=0; global=0; static=0; extern=0; dir=0; type=0; pingpong=0; private_global=0; IO mode=ap_stable:ce=0
Port [ logits_buf_0_10_load]:  wired=1; compound=0; hidden=0; nouse=0; global=0; static=0; extern=0; dir=0; type=0; pingpong=0; private_global=0; IO mode=ap_stable:ce=0
Port [ logits_buf_0_11_load]:  wired=1; compound=0; hidden=0; nouse=0; global=0; static=0; extern=0; dir=0; type=0; pingpong=0; private_global=0; IO mode=ap_stable:ce=0
Port [ logits_buf_0_12_load]:  wired=1; compound=0; hidden=0; nouse=0; global=0; static=0; extern=0; dir=0; type=0; pingpong=0; private_global=0; IO mode=ap_stable:ce=0
Port [ logits_buf_0_13_load]:  wired=1; compound=0; hidden=0; nouse=0; global=0; static=0; extern=0; dir=0; type=0; pingpong=0; private_global=0; IO mode=ap_stable:ce=0
Port [ logits_buf_0_14_load]:  wired=1; compound=0; hidden=0; nouse=0; global=0; static=0; extern=0; dir=0; type=0; pingpong=0; private_global=0; IO mode=ap_stable:ce=0
Port [ logits_buf_0_15_load]:  wired=1; compound=0; hidden=0; nouse=0; global=0; static=0; extern=0; dir=0; type=0; pingpong=0; private_global=0; IO mode=ap_stable:ce=0
Port [ logits_buf_0_16_load]:  wired=1; compound=0; hidden=0; nouse=0; global=0; static=0; extern=0; dir=0; type=0; pingpong=0; private_global=0; IO mode=ap_stable:ce=0
Port [ logits_buf_0_17_load]:  wired=1; compound=0; hidden=0; nouse=0; global=0; static=0; extern=0; dir=0; type=0; pingpong=0; private_global=0; IO mode=ap_stable:ce=0
Port [ logits_buf_0_18_load]:  wired=1; compound=0; hidden=0; nouse=0; global=0; static=0; extern=0; dir=0; type=0; pingpong=0; private_global=0; IO mode=ap_stable:ce=0
Port [ logits_buf_0_19_load]:  wired=1; compound=0; hidden=0; nouse=0; global=0; static=0; extern=0; dir=0; type=0; pingpong=0; private_global=0; IO mode=ap_stable:ce=0
Port [ logits_buf_0_20_load]:  wired=1; compound=0; hidden=0; nouse=0; global=0; static=0; extern=0; dir=0; type=0; pingpong=0; private_global=0; IO mode=ap_stable:ce=0
Port [ logits_buf_0_21_load]:  wired=1; compound=0; hidden=0; nouse=0; global=0; static=0; extern=0; dir=0; type=0; pingpong=0; private_global=0; IO mode=ap_stable:ce=0
Port [ logits_buf_0_22_load]:  wired=1; compound=0; hidden=0; nouse=0; global=0; static=0; extern=0; dir=0; type=0; pingpong=0; private_global=0; IO mode=ap_stable:ce=0
Port [ logits_buf_0_23_load]:  wired=1; compound=0; hidden=0; nouse=0; global=0; static=0; extern=0; dir=0; type=0; pingpong=0; private_global=0; IO mode=ap_stable:ce=0
Port [ logits_buf_0_24_load]:  wired=1; compound=0; hidden=0; nouse=0; global=0; static=0; extern=0; dir=0; type=0; pingpong=0; private_global=0; IO mode=ap_stable:ce=0
Port [ logits_buf_0_25_load]:  wired=1; compound=0; hidden=0; nouse=0; global=0; static=0; extern=0; dir=0; type=0; pingpong=0; private_global=0; IO mode=ap_stable:ce=0
Port [ logits_buf_0_26_load]:  wired=1; compound=0; hidden=0; nouse=0; global=0; static=0; extern=0; dir=0; type=0; pingpong=0; private_global=0; IO mode=ap_stable:ce=0
Port [ logits_buf_0_27_load]:  wired=1; compound=0; hidden=0; nouse=0; global=0; static=0; extern=0; dir=0; type=0; pingpong=0; private_global=0; IO mode=ap_stable:ce=0
Port [ logits_buf_0_28_load]:  wired=1; compound=0; hidden=0; nouse=0; global=0; static=0; extern=0; dir=0; type=0; pingpong=0; private_global=0; IO mode=ap_stable:ce=0
Port [ logits_buf_0_29_load]:  wired=1; compound=0; hidden=0; nouse=0; global=0; static=0; extern=0; dir=0; type=0; pingpong=0; private_global=0; IO mode=ap_stable:ce=0
Port [ logits_buf_0_30_load]:  wired=1; compound=0; hidden=0; nouse=0; global=0; static=0; extern=0; dir=0; type=0; pingpong=0; private_global=0; IO mode=ap_stable:ce=0
Port [ logits_buf_0_31_load]:  wired=1; compound=0; hidden=0; nouse=0; global=0; static=0; extern=0; dir=0; type=0; pingpong=0; private_global=0; IO mode=ap_stable:ce=0
Port [ logits_buf_0_32_load]:  wired=1; compound=0; hidden=0; nouse=0; global=0; static=0; extern=0; dir=0; type=0; pingpong=0; private_global=0; IO mode=ap_stable:ce=0
Port [ logits_buf_0_33_load]:  wired=1; compound=0; hidden=0; nouse=0; global=0; static=0; extern=0; dir=0; type=0; pingpong=0; private_global=0; IO mode=ap_stable:ce=0
Port [ logits_buf_0_34_load]:  wired=1; compound=0; hidden=0; nouse=0; global=0; static=0; extern=0; dir=0; type=0; pingpong=0; private_global=0; IO mode=ap_stable:ce=0
Port [ logits_buf_0_35_load]:  wired=1; compound=0; hidden=0; nouse=0; global=0; static=0; extern=0; dir=0; type=0; pingpong=0; private_global=0; IO mode=ap_stable:ce=0
Port [ logits_buf_0_36_load]:  wired=1; compound=0; hidden=0; nouse=0; global=0; static=0; extern=0; dir=0; type=0; pingpong=0; private_global=0; IO mode=ap_stable:ce=0
Port [ logits_buf_0_37_load]:  wired=1; compound=0; hidden=0; nouse=0; global=0; static=0; extern=0; dir=0; type=0; pingpong=0; private_global=0; IO mode=ap_stable:ce=0
Port [ logits_buf_0_38_load]:  wired=1; compound=0; hidden=0; nouse=0; global=0; static=0; extern=0; dir=0; type=0; pingpong=0; private_global=0; IO mode=ap_stable:ce=0
Port [ logits_buf_0_39_load]:  wired=1; compound=0; hidden=0; nouse=0; global=0; static=0; extern=0; dir=0; type=0; pingpong=0; private_global=0; IO mode=ap_stable:ce=0
Port [ logits_buf_0_40_load]:  wired=1; compound=0; hidden=0; nouse=0; global=0; static=0; extern=0; dir=0; type=0; pingpong=0; private_global=0; IO mode=ap_stable:ce=0
Port [ logits_buf_0_41_load]:  wired=1; compound=0; hidden=0; nouse=0; global=0; static=0; extern=0; dir=0; type=0; pingpong=0; private_global=0; IO mode=ap_stable:ce=0
Port [ logits_buf_0_42_load]:  wired=1; compound=0; hidden=0; nouse=0; global=0; static=0; extern=0; dir=0; type=0; pingpong=0; private_global=0; IO mode=ap_stable:ce=0
Port [ logits_buf_0_43_load]:  wired=1; compound=0; hidden=0; nouse=0; global=0; static=0; extern=0; dir=0; type=0; pingpong=0; private_global=0; IO mode=ap_stable:ce=0
Port [ logits_buf_0_44_load]:  wired=1; compound=0; hidden=0; nouse=0; global=0; static=0; extern=0; dir=0; type=0; pingpong=0; private_global=0; IO mode=ap_stable:ce=0
Port [ logits_buf_0_45_load]:  wired=1; compound=0; hidden=0; nouse=0; global=0; static=0; extern=0; dir=0; type=0; pingpong=0; private_global=0; IO mode=ap_stable:ce=0
Port [ logits_buf_0_46_load]:  wired=1; compound=0; hidden=0; nouse=0; global=0; static=0; extern=0; dir=0; type=0; pingpong=0; private_global=0; IO mode=ap_stable:ce=0
Port [ logits_buf_0_47_load]:  wired=1; compound=0; hidden=0; nouse=0; global=0; static=0; extern=0; dir=0; type=0; pingpong=0; private_global=0; IO mode=ap_stable:ce=0
Port [ logits_buf_0_48_load]:  wired=1; compound=0; hidden=0; nouse=0; global=0; static=0; extern=0; dir=0; type=0; pingpong=0; private_global=0; IO mode=ap_stable:ce=0
Port [ logits_buf_0_49_load]:  wired=1; compound=0; hidden=0; nouse=0; global=0; static=0; extern=0; dir=0; type=0; pingpong=0; private_global=0; IO mode=ap_stable:ce=0
Port [ logits_buf_0_50_load]:  wired=1; compound=0; hidden=0; nouse=0; global=0; static=0; extern=0; dir=0; type=0; pingpong=0; private_global=0; IO mode=ap_stable:ce=0
Port [ logits_buf_0_51_load]:  wired=1; compound=0; hidden=0; nouse=0; global=0; static=0; extern=0; dir=0; type=0; pingpong=0; private_global=0; IO mode=ap_stable:ce=0
Port [ logits_buf_0_52_load]:  wired=1; compound=0; hidden=0; nouse=0; global=0; static=0; extern=0; dir=0; type=0; pingpong=0; private_global=0; IO mode=ap_stable:ce=0
Port [ logits_buf_0_53_load]:  wired=1; compound=0; hidden=0; nouse=0; global=0; static=0; extern=0; dir=0; type=0; pingpong=0; private_global=0; IO mode=ap_stable:ce=0
Port [ logits_buf_0_54_load]:  wired=1; compound=0; hidden=0; nouse=0; global=0; static=0; extern=0; dir=0; type=0; pingpong=0; private_global=0; IO mode=ap_stable:ce=0
Port [ logits_buf_0_55_load]:  wired=1; compound=0; hidden=0; nouse=0; global=0; static=0; extern=0; dir=0; type=0; pingpong=0; private_global=0; IO mode=ap_stable:ce=0
Port [ logits_buf_0_56_load]:  wired=1; compound=0; hidden=0; nouse=0; global=0; static=0; extern=0; dir=0; type=0; pingpong=0; private_global=0; IO mode=ap_stable:ce=0
Port [ logits_buf_0_57_load]:  wired=1; compound=0; hidden=0; nouse=0; global=0; static=0; extern=0; dir=0; type=0; pingpong=0; private_global=0; IO mode=ap_stable:ce=0
Port [ logits_buf_0_58_load]:  wired=1; compound=0; hidden=0; nouse=0; global=0; static=0; extern=0; dir=0; type=0; pingpong=0; private_global=0; IO mode=ap_stable:ce=0
Port [ logits_buf_0_59_load]:  wired=1; compound=0; hidden=0; nouse=0; global=0; static=0; extern=0; dir=0; type=0; pingpong=0; private_global=0; IO mode=ap_stable:ce=0
Port [ logits_buf_0_60_load]:  wired=1; compound=0; hidden=0; nouse=0; global=0; static=0; extern=0; dir=0; type=0; pingpong=0; private_global=0; IO mode=ap_stable:ce=0
Port [ logits_buf_0_61_load]:  wired=1; compound=0; hidden=0; nouse=0; global=0; static=0; extern=0; dir=0; type=0; pingpong=0; private_global=0; IO mode=ap_stable:ce=0
Port [ logits_buf_0_62_load]:  wired=1; compound=0; hidden=0; nouse=0; global=0; static=0; extern=0; dir=0; type=0; pingpong=0; private_global=0; IO mode=ap_stable:ce=0
Port [ logits_buf_0_63_load]:  wired=1; compound=0; hidden=0; nouse=0; global=0; static=0; extern=0; dir=0; type=0; pingpong=0; private_global=0; IO mode=ap_stable:ce=0
Port [ max_x]:  wired=1; compound=0; hidden=0; nouse=0; global=0; static=0; extern=0; dir=0; type=0; pingpong=0; private_global=0; IO mode=ap_stable:ce=0
Port [ logits_buf_1_0_load]:  wired=1; compound=0; hidden=0; nouse=0; global=0; static=0; extern=0; dir=0; type=0; pingpong=0; private_global=0; IO mode=ap_stable:ce=0
Port [ logits_buf_1_1_load]:  wired=1; compound=0; hidden=0; nouse=0; global=0; static=0; extern=0; dir=0; type=0; pingpong=0; private_global=0; IO mode=ap_stable:ce=0
Port [ logits_buf_1_2_load]:  wired=1; compound=0; hidden=0; nouse=0; global=0; static=0; extern=0; dir=0; type=0; pingpong=0; private_global=0; IO mode=ap_stable:ce=0
Port [ logits_buf_1_3_load]:  wired=1; compound=0; hidden=0; nouse=0; global=0; static=0; extern=0; dir=0; type=0; pingpong=0; private_global=0; IO mode=ap_stable:ce=0
Port [ logits_buf_1_4_load]:  wired=1; compound=0; hidden=0; nouse=0; global=0; static=0; extern=0; dir=0; type=0; pingpong=0; private_global=0; IO mode=ap_stable:ce=0
Port [ logits_buf_1_5_load]:  wired=1; compound=0; hidden=0; nouse=0; global=0; static=0; extern=0; dir=0; type=0; pingpong=0; private_global=0; IO mode=ap_stable:ce=0
Port [ logits_buf_1_6_load]:  wired=1; compound=0; hidden=0; nouse=0; global=0; static=0; extern=0; dir=0; type=0; pingpong=0; private_global=0; IO mode=ap_stable:ce=0
Port [ logits_buf_1_7_load]:  wired=1; compound=0; hidden=0; nouse=0; global=0; static=0; extern=0; dir=0; type=0; pingpong=0; private_global=0; IO mode=ap_stable:ce=0
Port [ logits_buf_1_8_load]:  wired=1; compound=0; hidden=0; nouse=0; global=0; static=0; extern=0; dir=0; type=0; pingpong=0; private_global=0; IO mode=ap_stable:ce=0
Port [ logits_buf_1_9_load]:  wired=1; compound=0; hidden=0; nouse=0; global=0; static=0; extern=0; dir=0; type=0; pingpong=0; private_global=0; IO mode=ap_stable:ce=0
Port [ logits_buf_1_10_load]:  wired=1; compound=0; hidden=0; nouse=0; global=0; static=0; extern=0; dir=0; type=0; pingpong=0; private_global=0; IO mode=ap_stable:ce=0
Port [ logits_buf_1_11_load]:  wired=1; compound=0; hidden=0; nouse=0; global=0; static=0; extern=0; dir=0; type=0; pingpong=0; private_global=0; IO mode=ap_stable:ce=0
Port [ logits_buf_1_12_load]:  wired=1; compound=0; hidden=0; nouse=0; global=0; static=0; extern=0; dir=0; type=0; pingpong=0; private_global=0; IO mode=ap_stable:ce=0
Port [ logits_buf_1_13_load]:  wired=1; compound=0; hidden=0; nouse=0; global=0; static=0; extern=0; dir=0; type=0; pingpong=0; private_global=0; IO mode=ap_stable:ce=0
Port [ logits_buf_1_14_load]:  wired=1; compound=0; hidden=0; nouse=0; global=0; static=0; extern=0; dir=0; type=0; pingpong=0; private_global=0; IO mode=ap_stable:ce=0
Port [ logits_buf_1_15_load]:  wired=1; compound=0; hidden=0; nouse=0; global=0; static=0; extern=0; dir=0; type=0; pingpong=0; private_global=0; IO mode=ap_stable:ce=0
Port [ logits_buf_1_16_load]:  wired=1; compound=0; hidden=0; nouse=0; global=0; static=0; extern=0; dir=0; type=0; pingpong=0; private_global=0; IO mode=ap_stable:ce=0
Port [ logits_buf_1_17_load]:  wired=1; compound=0; hidden=0; nouse=0; global=0; static=0; extern=0; dir=0; type=0; pingpong=0; private_global=0; IO mode=ap_stable:ce=0
Port [ logits_buf_1_18_load]:  wired=1; compound=0; hidden=0; nouse=0; global=0; static=0; extern=0; dir=0; type=0; pingpong=0; private_global=0; IO mode=ap_stable:ce=0
Port [ logits_buf_1_19_load]:  wired=1; compound=0; hidden=0; nouse=0; global=0; static=0; extern=0; dir=0; type=0; pingpong=0; private_global=0; IO mode=ap_stable:ce=0
Port [ logits_buf_1_20_load]:  wired=1; compound=0; hidden=0; nouse=0; global=0; static=0; extern=0; dir=0; type=0; pingpong=0; private_global=0; IO mode=ap_stable:ce=0
Port [ logits_buf_1_21_load]:  wired=1; compound=0; hidden=0; nouse=0; global=0; static=0; extern=0; dir=0; type=0; pingpong=0; private_global=0; IO mode=ap_stable:ce=0
Port [ logits_buf_1_22_load]:  wired=1; compound=0; hidden=0; nouse=0; global=0; static=0; extern=0; dir=0; type=0; pingpong=0; private_global=0; IO mode=ap_stable:ce=0
Port [ logits_buf_1_23_load]:  wired=1; compound=0; hidden=0; nouse=0; global=0; static=0; extern=0; dir=0; type=0; pingpong=0; private_global=0; IO mode=ap_stable:ce=0
Port [ logits_buf_1_24_load]:  wired=1; compound=0; hidden=0; nouse=0; global=0; static=0; extern=0; dir=0; type=0; pingpong=0; private_global=0; IO mode=ap_stable:ce=0
Port [ logits_buf_1_25_load]:  wired=1; compound=0; hidden=0; nouse=0; global=0; static=0; extern=0; dir=0; type=0; pingpong=0; private_global=0; IO mode=ap_stable:ce=0
Port [ logits_buf_1_26_load]:  wired=1; compound=0; hidden=0; nouse=0; global=0; static=0; extern=0; dir=0; type=0; pingpong=0; private_global=0; IO mode=ap_stable:ce=0
Port [ logits_buf_1_27_load]:  wired=1; compound=0; hidden=0; nouse=0; global=0; static=0; extern=0; dir=0; type=0; pingpong=0; private_global=0; IO mode=ap_stable:ce=0
Port [ logits_buf_1_28_load]:  wired=1; compound=0; hidden=0; nouse=0; global=0; static=0; extern=0; dir=0; type=0; pingpong=0; private_global=0; IO mode=ap_stable:ce=0
Port [ logits_buf_1_29_load]:  wired=1; compound=0; hidden=0; nouse=0; global=0; static=0; extern=0; dir=0; type=0; pingpong=0; private_global=0; IO mode=ap_stable:ce=0
Port [ logits_buf_1_30_load]:  wired=1; compound=0; hidden=0; nouse=0; global=0; static=0; extern=0; dir=0; type=0; pingpong=0; private_global=0; IO mode=ap_stable:ce=0
Port [ logits_buf_1_31_load]:  wired=1; compound=0; hidden=0; nouse=0; global=0; static=0; extern=0; dir=0; type=0; pingpong=0; private_global=0; IO mode=ap_stable:ce=0
Port [ logits_buf_1_32_load]:  wired=1; compound=0; hidden=0; nouse=0; global=0; static=0; extern=0; dir=0; type=0; pingpong=0; private_global=0; IO mode=ap_stable:ce=0
Port [ logits_buf_1_33_load]:  wired=1; compound=0; hidden=0; nouse=0; global=0; static=0; extern=0; dir=0; type=0; pingpong=0; private_global=0; IO mode=ap_stable:ce=0
Port [ logits_buf_1_34_load]:  wired=1; compound=0; hidden=0; nouse=0; global=0; static=0; extern=0; dir=0; type=0; pingpong=0; private_global=0; IO mode=ap_stable:ce=0
Port [ logits_buf_1_35_load]:  wired=1; compound=0; hidden=0; nouse=0; global=0; static=0; extern=0; dir=0; type=0; pingpong=0; private_global=0; IO mode=ap_stable:ce=0
Port [ logits_buf_1_36_load]:  wired=1; compound=0; hidden=0; nouse=0; global=0; static=0; extern=0; dir=0; type=0; pingpong=0; private_global=0; IO mode=ap_stable:ce=0
Port [ logits_buf_1_37_load]:  wired=1; compound=0; hidden=0; nouse=0; global=0; static=0; extern=0; dir=0; type=0; pingpong=0; private_global=0; IO mode=ap_stable:ce=0
Port [ logits_buf_1_38_load]:  wired=1; compound=0; hidden=0; nouse=0; global=0; static=0; extern=0; dir=0; type=0; pingpong=0; private_global=0; IO mode=ap_stable:ce=0
Port [ logits_buf_1_39_load]:  wired=1; compound=0; hidden=0; nouse=0; global=0; static=0; extern=0; dir=0; type=0; pingpong=0; private_global=0; IO mode=ap_stable:ce=0
Port [ logits_buf_1_40_load]:  wired=1; compound=0; hidden=0; nouse=0; global=0; static=0; extern=0; dir=0; type=0; pingpong=0; private_global=0; IO mode=ap_stable:ce=0
Port [ logits_buf_1_41_load]:  wired=1; compound=0; hidden=0; nouse=0; global=0; static=0; extern=0; dir=0; type=0; pingpong=0; private_global=0; IO mode=ap_stable:ce=0
Port [ logits_buf_1_42_load]:  wired=1; compound=0; hidden=0; nouse=0; global=0; static=0; extern=0; dir=0; type=0; pingpong=0; private_global=0; IO mode=ap_stable:ce=0
Port [ logits_buf_1_43_load]:  wired=1; compound=0; hidden=0; nouse=0; global=0; static=0; extern=0; dir=0; type=0; pingpong=0; private_global=0; IO mode=ap_stable:ce=0
Port [ logits_buf_1_44_load]:  wired=1; compound=0; hidden=0; nouse=0; global=0; static=0; extern=0; dir=0; type=0; pingpong=0; private_global=0; IO mode=ap_stable:ce=0
Port [ logits_buf_1_45_load]:  wired=1; compound=0; hidden=0; nouse=0; global=0; static=0; extern=0; dir=0; type=0; pingpong=0; private_global=0; IO mode=ap_stable:ce=0
Port [ logits_buf_1_46_load]:  wired=1; compound=0; hidden=0; nouse=0; global=0; static=0; extern=0; dir=0; type=0; pingpong=0; private_global=0; IO mode=ap_stable:ce=0
Port [ logits_buf_1_47_load]:  wired=1; compound=0; hidden=0; nouse=0; global=0; static=0; extern=0; dir=0; type=0; pingpong=0; private_global=0; IO mode=ap_stable:ce=0
Port [ logits_buf_1_48_load]:  wired=1; compound=0; hidden=0; nouse=0; global=0; static=0; extern=0; dir=0; type=0; pingpong=0; private_global=0; IO mode=ap_stable:ce=0
Port [ logits_buf_1_49_load]:  wired=1; compound=0; hidden=0; nouse=0; global=0; static=0; extern=0; dir=0; type=0; pingpong=0; private_global=0; IO mode=ap_stable:ce=0
Port [ logits_buf_1_50_load]:  wired=1; compound=0; hidden=0; nouse=0; global=0; static=0; extern=0; dir=0; type=0; pingpong=0; private_global=0; IO mode=ap_stable:ce=0
Port [ logits_buf_1_51_load]:  wired=1; compound=0; hidden=0; nouse=0; global=0; static=0; extern=0; dir=0; type=0; pingpong=0; private_global=0; IO mode=ap_stable:ce=0
Port [ logits_buf_1_52_load]:  wired=1; compound=0; hidden=0; nouse=0; global=0; static=0; extern=0; dir=0; type=0; pingpong=0; private_global=0; IO mode=ap_stable:ce=0
Port [ logits_buf_1_53_load]:  wired=1; compound=0; hidden=0; nouse=0; global=0; static=0; extern=0; dir=0; type=0; pingpong=0; private_global=0; IO mode=ap_stable:ce=0
Port [ logits_buf_1_54_load]:  wired=1; compound=0; hidden=0; nouse=0; global=0; static=0; extern=0; dir=0; type=0; pingpong=0; private_global=0; IO mode=ap_stable:ce=0
Port [ logits_buf_1_55_load]:  wired=1; compound=0; hidden=0; nouse=0; global=0; static=0; extern=0; dir=0; type=0; pingpong=0; private_global=0; IO mode=ap_stable:ce=0
Port [ logits_buf_1_56_load]:  wired=1; compound=0; hidden=0; nouse=0; global=0; static=0; extern=0; dir=0; type=0; pingpong=0; private_global=0; IO mode=ap_stable:ce=0
Port [ logits_buf_1_57_load]:  wired=1; compound=0; hidden=0; nouse=0; global=0; static=0; extern=0; dir=0; type=0; pingpong=0; private_global=0; IO mode=ap_stable:ce=0
Port [ logits_buf_1_58_load]:  wired=1; compound=0; hidden=0; nouse=0; global=0; static=0; extern=0; dir=0; type=0; pingpong=0; private_global=0; IO mode=ap_stable:ce=0
Port [ logits_buf_1_59_load]:  wired=1; compound=0; hidden=0; nouse=0; global=0; static=0; extern=0; dir=0; type=0; pingpong=0; private_global=0; IO mode=ap_stable:ce=0
Port [ logits_buf_1_60_load]:  wired=1; compound=0; hidden=0; nouse=0; global=0; static=0; extern=0; dir=0; type=0; pingpong=0; private_global=0; IO mode=ap_stable:ce=0
Port [ logits_buf_1_61_load]:  wired=1; compound=0; hidden=0; nouse=0; global=0; static=0; extern=0; dir=0; type=0; pingpong=0; private_global=0; IO mode=ap_stable:ce=0
Port [ logits_buf_1_62_load]:  wired=1; compound=0; hidden=0; nouse=0; global=0; static=0; extern=0; dir=0; type=0; pingpong=0; private_global=0; IO mode=ap_stable:ce=0
Port [ logits_buf_1_63_load]:  wired=1; compound=0; hidden=0; nouse=0; global=0; static=0; extern=0; dir=0; type=0; pingpong=0; private_global=0; IO mode=ap_stable:ce=0
Port [ logits_buf_2_0_load]:  wired=1; compound=0; hidden=0; nouse=0; global=0; static=0; extern=0; dir=0; type=0; pingpong=0; private_global=0; IO mode=ap_stable:ce=0
Port [ logits_buf_2_1_load]:  wired=1; compound=0; hidden=0; nouse=0; global=0; static=0; extern=0; dir=0; type=0; pingpong=0; private_global=0; IO mode=ap_stable:ce=0
Port [ logits_buf_2_2_load]:  wired=1; compound=0; hidden=0; nouse=0; global=0; static=0; extern=0; dir=0; type=0; pingpong=0; private_global=0; IO mode=ap_stable:ce=0
Port [ logits_buf_2_3_load]:  wired=1; compound=0; hidden=0; nouse=0; global=0; static=0; extern=0; dir=0; type=0; pingpong=0; private_global=0; IO mode=ap_stable:ce=0
Port [ logits_buf_2_4_load]:  wired=1; compound=0; hidden=0; nouse=0; global=0; static=0; extern=0; dir=0; type=0; pingpong=0; private_global=0; IO mode=ap_stable:ce=0
Port [ logits_buf_2_5_load]:  wired=1; compound=0; hidden=0; nouse=0; global=0; static=0; extern=0; dir=0; type=0; pingpong=0; private_global=0; IO mode=ap_stable:ce=0
Port [ logits_buf_2_6_load]:  wired=1; compound=0; hidden=0; nouse=0; global=0; static=0; extern=0; dir=0; type=0; pingpong=0; private_global=0; IO mode=ap_stable:ce=0
Port [ logits_buf_2_7_load]:  wired=1; compound=0; hidden=0; nouse=0; global=0; static=0; extern=0; dir=0; type=0; pingpong=0; private_global=0; IO mode=ap_stable:ce=0
Port [ logits_buf_2_8_load]:  wired=1; compound=0; hidden=0; nouse=0; global=0; static=0; extern=0; dir=0; type=0; pingpong=0; private_global=0; IO mode=ap_stable:ce=0
Port [ logits_buf_2_9_load]:  wired=1; compound=0; hidden=0; nouse=0; global=0; static=0; extern=0; dir=0; type=0; pingpong=0; private_global=0; IO mode=ap_stable:ce=0
Port [ logits_buf_2_10_load]:  wired=1; compound=0; hidden=0; nouse=0; global=0; static=0; extern=0; dir=0; type=0; pingpong=0; private_global=0; IO mode=ap_stable:ce=0
Port [ logits_buf_2_11_load]:  wired=1; compound=0; hidden=0; nouse=0; global=0; static=0; extern=0; dir=0; type=0; pingpong=0; private_global=0; IO mode=ap_stable:ce=0
Port [ logits_buf_2_12_load]:  wired=1; compound=0; hidden=0; nouse=0; global=0; static=0; extern=0; dir=0; type=0; pingpong=0; private_global=0; IO mode=ap_stable:ce=0
Port [ logits_buf_2_13_load]:  wired=1; compound=0; hidden=0; nouse=0; global=0; static=0; extern=0; dir=0; type=0; pingpong=0; private_global=0; IO mode=ap_stable:ce=0
Port [ logits_buf_2_14_load]:  wired=1; compound=0; hidden=0; nouse=0; global=0; static=0; extern=0; dir=0; type=0; pingpong=0; private_global=0; IO mode=ap_stable:ce=0
Port [ logits_buf_2_15_load]:  wired=1; compound=0; hidden=0; nouse=0; global=0; static=0; extern=0; dir=0; type=0; pingpong=0; private_global=0; IO mode=ap_stable:ce=0
Port [ logits_buf_2_16_load]:  wired=1; compound=0; hidden=0; nouse=0; global=0; static=0; extern=0; dir=0; type=0; pingpong=0; private_global=0; IO mode=ap_stable:ce=0
Port [ logits_buf_2_17_load]:  wired=1; compound=0; hidden=0; nouse=0; global=0; static=0; extern=0; dir=0; type=0; pingpong=0; private_global=0; IO mode=ap_stable:ce=0
Port [ logits_buf_2_18_load]:  wired=1; compound=0; hidden=0; nouse=0; global=0; static=0; extern=0; dir=0; type=0; pingpong=0; private_global=0; IO mode=ap_stable:ce=0
Port [ logits_buf_2_19_load]:  wired=1; compound=0; hidden=0; nouse=0; global=0; static=0; extern=0; dir=0; type=0; pingpong=0; private_global=0; IO mode=ap_stable:ce=0
Port [ logits_buf_2_20_load]:  wired=1; compound=0; hidden=0; nouse=0; global=0; static=0; extern=0; dir=0; type=0; pingpong=0; private_global=0; IO mode=ap_stable:ce=0
Port [ logits_buf_2_21_load]:  wired=1; compound=0; hidden=0; nouse=0; global=0; static=0; extern=0; dir=0; type=0; pingpong=0; private_global=0; IO mode=ap_stable:ce=0
Port [ logits_buf_2_22_load]:  wired=1; compound=0; hidden=0; nouse=0; global=0; static=0; extern=0; dir=0; type=0; pingpong=0; private_global=0; IO mode=ap_stable:ce=0
Port [ logits_buf_2_23_load]:  wired=1; compound=0; hidden=0; nouse=0; global=0; static=0; extern=0; dir=0; type=0; pingpong=0; private_global=0; IO mode=ap_stable:ce=0
Port [ logits_buf_2_24_load]:  wired=1; compound=0; hidden=0; nouse=0; global=0; static=0; extern=0; dir=0; type=0; pingpong=0; private_global=0; IO mode=ap_stable:ce=0
Port [ logits_buf_2_25_load]:  wired=1; compound=0; hidden=0; nouse=0; global=0; static=0; extern=0; dir=0; type=0; pingpong=0; private_global=0; IO mode=ap_stable:ce=0
Port [ logits_buf_2_26_load]:  wired=1; compound=0; hidden=0; nouse=0; global=0; static=0; extern=0; dir=0; type=0; pingpong=0; private_global=0; IO mode=ap_stable:ce=0
Port [ logits_buf_2_27_load]:  wired=1; compound=0; hidden=0; nouse=0; global=0; static=0; extern=0; dir=0; type=0; pingpong=0; private_global=0; IO mode=ap_stable:ce=0
Port [ logits_buf_2_28_load]:  wired=1; compound=0; hidden=0; nouse=0; global=0; static=0; extern=0; dir=0; type=0; pingpong=0; private_global=0; IO mode=ap_stable:ce=0
Port [ logits_buf_2_29_load]:  wired=1; compound=0; hidden=0; nouse=0; global=0; static=0; extern=0; dir=0; type=0; pingpong=0; private_global=0; IO mode=ap_stable:ce=0
Port [ logits_buf_2_30_load]:  wired=1; compound=0; hidden=0; nouse=0; global=0; static=0; extern=0; dir=0; type=0; pingpong=0; private_global=0; IO mode=ap_stable:ce=0
Port [ logits_buf_2_31_load]:  wired=1; compound=0; hidden=0; nouse=0; global=0; static=0; extern=0; dir=0; type=0; pingpong=0; private_global=0; IO mode=ap_stable:ce=0
Port [ logits_buf_2_32_load]:  wired=1; compound=0; hidden=0; nouse=0; global=0; static=0; extern=0; dir=0; type=0; pingpong=0; private_global=0; IO mode=ap_stable:ce=0
Port [ logits_buf_2_33_load]:  wired=1; compound=0; hidden=0; nouse=0; global=0; static=0; extern=0; dir=0; type=0; pingpong=0; private_global=0; IO mode=ap_stable:ce=0
Port [ logits_buf_2_34_load]:  wired=1; compound=0; hidden=0; nouse=0; global=0; static=0; extern=0; dir=0; type=0; pingpong=0; private_global=0; IO mode=ap_stable:ce=0
Port [ logits_buf_2_35_load]:  wired=1; compound=0; hidden=0; nouse=0; global=0; static=0; extern=0; dir=0; type=0; pingpong=0; private_global=0; IO mode=ap_stable:ce=0
Port [ logits_buf_2_36_load]:  wired=1; compound=0; hidden=0; nouse=0; global=0; static=0; extern=0; dir=0; type=0; pingpong=0; private_global=0; IO mode=ap_stable:ce=0
Port [ logits_buf_2_37_load]:  wired=1; compound=0; hidden=0; nouse=0; global=0; static=0; extern=0; dir=0; type=0; pingpong=0; private_global=0; IO mode=ap_stable:ce=0
Port [ logits_buf_2_38_load]:  wired=1; compound=0; hidden=0; nouse=0; global=0; static=0; extern=0; dir=0; type=0; pingpong=0; private_global=0; IO mode=ap_stable:ce=0
Port [ logits_buf_2_39_load]:  wired=1; compound=0; hidden=0; nouse=0; global=0; static=0; extern=0; dir=0; type=0; pingpong=0; private_global=0; IO mode=ap_stable:ce=0
Port [ logits_buf_2_40_load]:  wired=1; compound=0; hidden=0; nouse=0; global=0; static=0; extern=0; dir=0; type=0; pingpong=0; private_global=0; IO mode=ap_stable:ce=0
Port [ logits_buf_2_41_load]:  wired=1; compound=0; hidden=0; nouse=0; global=0; static=0; extern=0; dir=0; type=0; pingpong=0; private_global=0; IO mode=ap_stable:ce=0
Port [ logits_buf_2_42_load]:  wired=1; compound=0; hidden=0; nouse=0; global=0; static=0; extern=0; dir=0; type=0; pingpong=0; private_global=0; IO mode=ap_stable:ce=0
Port [ logits_buf_2_43_load]:  wired=1; compound=0; hidden=0; nouse=0; global=0; static=0; extern=0; dir=0; type=0; pingpong=0; private_global=0; IO mode=ap_stable:ce=0
Port [ logits_buf_2_44_load]:  wired=1; compound=0; hidden=0; nouse=0; global=0; static=0; extern=0; dir=0; type=0; pingpong=0; private_global=0; IO mode=ap_stable:ce=0
Port [ logits_buf_2_45_load]:  wired=1; compound=0; hidden=0; nouse=0; global=0; static=0; extern=0; dir=0; type=0; pingpong=0; private_global=0; IO mode=ap_stable:ce=0
Port [ logits_buf_2_46_load]:  wired=1; compound=0; hidden=0; nouse=0; global=0; static=0; extern=0; dir=0; type=0; pingpong=0; private_global=0; IO mode=ap_stable:ce=0
Port [ logits_buf_2_47_load]:  wired=1; compound=0; hidden=0; nouse=0; global=0; static=0; extern=0; dir=0; type=0; pingpong=0; private_global=0; IO mode=ap_stable:ce=0
Port [ logits_buf_2_48_load]:  wired=1; compound=0; hidden=0; nouse=0; global=0; static=0; extern=0; dir=0; type=0; pingpong=0; private_global=0; IO mode=ap_stable:ce=0
Port [ logits_buf_2_49_load]:  wired=1; compound=0; hidden=0; nouse=0; global=0; static=0; extern=0; dir=0; type=0; pingpong=0; private_global=0; IO mode=ap_stable:ce=0
Port [ logits_buf_2_50_load]:  wired=1; compound=0; hidden=0; nouse=0; global=0; static=0; extern=0; dir=0; type=0; pingpong=0; private_global=0; IO mode=ap_stable:ce=0
Port [ logits_buf_2_51_load]:  wired=1; compound=0; hidden=0; nouse=0; global=0; static=0; extern=0; dir=0; type=0; pingpong=0; private_global=0; IO mode=ap_stable:ce=0
Port [ logits_buf_2_52_load]:  wired=1; compound=0; hidden=0; nouse=0; global=0; static=0; extern=0; dir=0; type=0; pingpong=0; private_global=0; IO mode=ap_stable:ce=0
Port [ logits_buf_2_53_load]:  wired=1; compound=0; hidden=0; nouse=0; global=0; static=0; extern=0; dir=0; type=0; pingpong=0; private_global=0; IO mode=ap_stable:ce=0
Port [ logits_buf_2_54_load]:  wired=1; compound=0; hidden=0; nouse=0; global=0; static=0; extern=0; dir=0; type=0; pingpong=0; private_global=0; IO mode=ap_stable:ce=0
Port [ logits_buf_2_55_load]:  wired=1; compound=0; hidden=0; nouse=0; global=0; static=0; extern=0; dir=0; type=0; pingpong=0; private_global=0; IO mode=ap_stable:ce=0
Port [ logits_buf_2_56_load]:  wired=1; compound=0; hidden=0; nouse=0; global=0; static=0; extern=0; dir=0; type=0; pingpong=0; private_global=0; IO mode=ap_stable:ce=0
Port [ logits_buf_2_57_load]:  wired=1; compound=0; hidden=0; nouse=0; global=0; static=0; extern=0; dir=0; type=0; pingpong=0; private_global=0; IO mode=ap_stable:ce=0
Port [ logits_buf_2_58_load]:  wired=1; compound=0; hidden=0; nouse=0; global=0; static=0; extern=0; dir=0; type=0; pingpong=0; private_global=0; IO mode=ap_stable:ce=0
Port [ logits_buf_2_59_load]:  wired=1; compound=0; hidden=0; nouse=0; global=0; static=0; extern=0; dir=0; type=0; pingpong=0; private_global=0; IO mode=ap_stable:ce=0
Port [ logits_buf_2_60_load]:  wired=1; compound=0; hidden=0; nouse=0; global=0; static=0; extern=0; dir=0; type=0; pingpong=0; private_global=0; IO mode=ap_stable:ce=0
Port [ logits_buf_2_61_load]:  wired=1; compound=0; hidden=0; nouse=0; global=0; static=0; extern=0; dir=0; type=0; pingpong=0; private_global=0; IO mode=ap_stable:ce=0
Port [ logits_buf_2_62_load]:  wired=1; compound=0; hidden=0; nouse=0; global=0; static=0; extern=0; dir=0; type=0; pingpong=0; private_global=0; IO mode=ap_stable:ce=0
Port [ logits_buf_2_63_load]:  wired=1; compound=0; hidden=0; nouse=0; global=0; static=0; extern=0; dir=0; type=0; pingpong=0; private_global=0; IO mode=ap_stable:ce=0
Port [ logits_buf_3_0_load]:  wired=1; compound=0; hidden=0; nouse=0; global=0; static=0; extern=0; dir=0; type=0; pingpong=0; private_global=0; IO mode=ap_stable:ce=0
Port [ logits_buf_3_1_load]:  wired=1; compound=0; hidden=0; nouse=0; global=0; static=0; extern=0; dir=0; type=0; pingpong=0; private_global=0; IO mode=ap_stable:ce=0
Port [ logits_buf_3_2_load]:  wired=1; compound=0; hidden=0; nouse=0; global=0; static=0; extern=0; dir=0; type=0; pingpong=0; private_global=0; IO mode=ap_stable:ce=0
Port [ logits_buf_3_3_load]:  wired=1; compound=0; hidden=0; nouse=0; global=0; static=0; extern=0; dir=0; type=0; pingpong=0; private_global=0; IO mode=ap_stable:ce=0
Port [ logits_buf_3_4_load]:  wired=1; compound=0; hidden=0; nouse=0; global=0; static=0; extern=0; dir=0; type=0; pingpong=0; private_global=0; IO mode=ap_stable:ce=0
Port [ logits_buf_3_5_load]:  wired=1; compound=0; hidden=0; nouse=0; global=0; static=0; extern=0; dir=0; type=0; pingpong=0; private_global=0; IO mode=ap_stable:ce=0
Port [ logits_buf_3_6_load]:  wired=1; compound=0; hidden=0; nouse=0; global=0; static=0; extern=0; dir=0; type=0; pingpong=0; private_global=0; IO mode=ap_stable:ce=0
Port [ logits_buf_3_7_load]:  wired=1; compound=0; hidden=0; nouse=0; global=0; static=0; extern=0; dir=0; type=0; pingpong=0; private_global=0; IO mode=ap_stable:ce=0
Port [ logits_buf_3_8_load]:  wired=1; compound=0; hidden=0; nouse=0; global=0; static=0; extern=0; dir=0; type=0; pingpong=0; private_global=0; IO mode=ap_stable:ce=0
Port [ logits_buf_3_9_load]:  wired=1; compound=0; hidden=0; nouse=0; global=0; static=0; extern=0; dir=0; type=0; pingpong=0; private_global=0; IO mode=ap_stable:ce=0
Port [ logits_buf_3_10_load]:  wired=1; compound=0; hidden=0; nouse=0; global=0; static=0; extern=0; dir=0; type=0; pingpong=0; private_global=0; IO mode=ap_stable:ce=0
Port [ logits_buf_3_11_load]:  wired=1; compound=0; hidden=0; nouse=0; global=0; static=0; extern=0; dir=0; type=0; pingpong=0; private_global=0; IO mode=ap_stable:ce=0
Port [ logits_buf_3_12_load]:  wired=1; compound=0; hidden=0; nouse=0; global=0; static=0; extern=0; dir=0; type=0; pingpong=0; private_global=0; IO mode=ap_stable:ce=0
Port [ logits_buf_3_13_load]:  wired=1; compound=0; hidden=0; nouse=0; global=0; static=0; extern=0; dir=0; type=0; pingpong=0; private_global=0; IO mode=ap_stable:ce=0
Port [ logits_buf_3_14_load]:  wired=1; compound=0; hidden=0; nouse=0; global=0; static=0; extern=0; dir=0; type=0; pingpong=0; private_global=0; IO mode=ap_stable:ce=0
Port [ logits_buf_3_15_load]:  wired=1; compound=0; hidden=0; nouse=0; global=0; static=0; extern=0; dir=0; type=0; pingpong=0; private_global=0; IO mode=ap_stable:ce=0
Port [ logits_buf_3_16_load]:  wired=1; compound=0; hidden=0; nouse=0; global=0; static=0; extern=0; dir=0; type=0; pingpong=0; private_global=0; IO mode=ap_stable:ce=0
Port [ logits_buf_3_17_load]:  wired=1; compound=0; hidden=0; nouse=0; global=0; static=0; extern=0; dir=0; type=0; pingpong=0; private_global=0; IO mode=ap_stable:ce=0
Port [ logits_buf_3_18_load]:  wired=1; compound=0; hidden=0; nouse=0; global=0; static=0; extern=0; dir=0; type=0; pingpong=0; private_global=0; IO mode=ap_stable:ce=0
Port [ logits_buf_3_19_load]:  wired=1; compound=0; hidden=0; nouse=0; global=0; static=0; extern=0; dir=0; type=0; pingpong=0; private_global=0; IO mode=ap_stable:ce=0
Port [ logits_buf_3_20_load]:  wired=1; compound=0; hidden=0; nouse=0; global=0; static=0; extern=0; dir=0; type=0; pingpong=0; private_global=0; IO mode=ap_stable:ce=0
Port [ logits_buf_3_21_load]:  wired=1; compound=0; hidden=0; nouse=0; global=0; static=0; extern=0; dir=0; type=0; pingpong=0; private_global=0; IO mode=ap_stable:ce=0
Port [ logits_buf_3_22_load]:  wired=1; compound=0; hidden=0; nouse=0; global=0; static=0; extern=0; dir=0; type=0; pingpong=0; private_global=0; IO mode=ap_stable:ce=0
Port [ logits_buf_3_23_load]:  wired=1; compound=0; hidden=0; nouse=0; global=0; static=0; extern=0; dir=0; type=0; pingpong=0; private_global=0; IO mode=ap_stable:ce=0
Port [ logits_buf_3_24_load]:  wired=1; compound=0; hidden=0; nouse=0; global=0; static=0; extern=0; dir=0; type=0; pingpong=0; private_global=0; IO mode=ap_stable:ce=0
Port [ logits_buf_3_25_load]:  wired=1; compound=0; hidden=0; nouse=0; global=0; static=0; extern=0; dir=0; type=0; pingpong=0; private_global=0; IO mode=ap_stable:ce=0
Port [ logits_buf_3_26_load]:  wired=1; compound=0; hidden=0; nouse=0; global=0; static=0; extern=0; dir=0; type=0; pingpong=0; private_global=0; IO mode=ap_stable:ce=0
Port [ logits_buf_3_27_load]:  wired=1; compound=0; hidden=0; nouse=0; global=0; static=0; extern=0; dir=0; type=0; pingpong=0; private_global=0; IO mode=ap_stable:ce=0
Port [ logits_buf_3_28_load]:  wired=1; compound=0; hidden=0; nouse=0; global=0; static=0; extern=0; dir=0; type=0; pingpong=0; private_global=0; IO mode=ap_stable:ce=0
Port [ logits_buf_3_29_load]:  wired=1; compound=0; hidden=0; nouse=0; global=0; static=0; extern=0; dir=0; type=0; pingpong=0; private_global=0; IO mode=ap_stable:ce=0
Port [ logits_buf_3_30_load]:  wired=1; compound=0; hidden=0; nouse=0; global=0; static=0; extern=0; dir=0; type=0; pingpong=0; private_global=0; IO mode=ap_stable:ce=0
Port [ logits_buf_3_31_load]:  wired=1; compound=0; hidden=0; nouse=0; global=0; static=0; extern=0; dir=0; type=0; pingpong=0; private_global=0; IO mode=ap_stable:ce=0
Port [ logits_buf_3_32_load]:  wired=1; compound=0; hidden=0; nouse=0; global=0; static=0; extern=0; dir=0; type=0; pingpong=0; private_global=0; IO mode=ap_stable:ce=0
Port [ logits_buf_3_33_load]:  wired=1; compound=0; hidden=0; nouse=0; global=0; static=0; extern=0; dir=0; type=0; pingpong=0; private_global=0; IO mode=ap_stable:ce=0
Port [ logits_buf_3_34_load]:  wired=1; compound=0; hidden=0; nouse=0; global=0; static=0; extern=0; dir=0; type=0; pingpong=0; private_global=0; IO mode=ap_stable:ce=0
Port [ logits_buf_3_35_load]:  wired=1; compound=0; hidden=0; nouse=0; global=0; static=0; extern=0; dir=0; type=0; pingpong=0; private_global=0; IO mode=ap_stable:ce=0
Port [ logits_buf_3_36_load]:  wired=1; compound=0; hidden=0; nouse=0; global=0; static=0; extern=0; dir=0; type=0; pingpong=0; private_global=0; IO mode=ap_stable:ce=0
Port [ logits_buf_3_37_load]:  wired=1; compound=0; hidden=0; nouse=0; global=0; static=0; extern=0; dir=0; type=0; pingpong=0; private_global=0; IO mode=ap_stable:ce=0
Port [ logits_buf_3_38_load]:  wired=1; compound=0; hidden=0; nouse=0; global=0; static=0; extern=0; dir=0; type=0; pingpong=0; private_global=0; IO mode=ap_stable:ce=0
Port [ logits_buf_3_39_load]:  wired=1; compound=0; hidden=0; nouse=0; global=0; static=0; extern=0; dir=0; type=0; pingpong=0; private_global=0; IO mode=ap_stable:ce=0
Port [ logits_buf_3_40_load]:  wired=1; compound=0; hidden=0; nouse=0; global=0; static=0; extern=0; dir=0; type=0; pingpong=0; private_global=0; IO mode=ap_stable:ce=0
Port [ logits_buf_3_41_load]:  wired=1; compound=0; hidden=0; nouse=0; global=0; static=0; extern=0; dir=0; type=0; pingpong=0; private_global=0; IO mode=ap_stable:ce=0
Port [ logits_buf_3_42_load]:  wired=1; compound=0; hidden=0; nouse=0; global=0; static=0; extern=0; dir=0; type=0; pingpong=0; private_global=0; IO mode=ap_stable:ce=0
Port [ logits_buf_3_43_load]:  wired=1; compound=0; hidden=0; nouse=0; global=0; static=0; extern=0; dir=0; type=0; pingpong=0; private_global=0; IO mode=ap_stable:ce=0
Port [ logits_buf_3_44_load]:  wired=1; compound=0; hidden=0; nouse=0; global=0; static=0; extern=0; dir=0; type=0; pingpong=0; private_global=0; IO mode=ap_stable:ce=0
Port [ logits_buf_3_45_load]:  wired=1; compound=0; hidden=0; nouse=0; global=0; static=0; extern=0; dir=0; type=0; pingpong=0; private_global=0; IO mode=ap_stable:ce=0
Port [ logits_buf_3_46_load]:  wired=1; compound=0; hidden=0; nouse=0; global=0; static=0; extern=0; dir=0; type=0; pingpong=0; private_global=0; IO mode=ap_stable:ce=0
Port [ logits_buf_3_47_load]:  wired=1; compound=0; hidden=0; nouse=0; global=0; static=0; extern=0; dir=0; type=0; pingpong=0; private_global=0; IO mode=ap_stable:ce=0
Port [ logits_buf_3_48_load]:  wired=1; compound=0; hidden=0; nouse=0; global=0; static=0; extern=0; dir=0; type=0; pingpong=0; private_global=0; IO mode=ap_stable:ce=0
Port [ logits_buf_3_49_load]:  wired=1; compound=0; hidden=0; nouse=0; global=0; static=0; extern=0; dir=0; type=0; pingpong=0; private_global=0; IO mode=ap_stable:ce=0
Port [ logits_buf_3_50_load]:  wired=1; compound=0; hidden=0; nouse=0; global=0; static=0; extern=0; dir=0; type=0; pingpong=0; private_global=0; IO mode=ap_stable:ce=0
Port [ logits_buf_3_51_load]:  wired=1; compound=0; hidden=0; nouse=0; global=0; static=0; extern=0; dir=0; type=0; pingpong=0; private_global=0; IO mode=ap_stable:ce=0
Port [ logits_buf_3_52_load]:  wired=1; compound=0; hidden=0; nouse=0; global=0; static=0; extern=0; dir=0; type=0; pingpong=0; private_global=0; IO mode=ap_stable:ce=0
Port [ logits_buf_3_53_load]:  wired=1; compound=0; hidden=0; nouse=0; global=0; static=0; extern=0; dir=0; type=0; pingpong=0; private_global=0; IO mode=ap_stable:ce=0
Port [ logits_buf_3_54_load]:  wired=1; compound=0; hidden=0; nouse=0; global=0; static=0; extern=0; dir=0; type=0; pingpong=0; private_global=0; IO mode=ap_stable:ce=0
Port [ logits_buf_3_55_load]:  wired=1; compound=0; hidden=0; nouse=0; global=0; static=0; extern=0; dir=0; type=0; pingpong=0; private_global=0; IO mode=ap_stable:ce=0
Port [ logits_buf_3_56_load]:  wired=1; compound=0; hidden=0; nouse=0; global=0; static=0; extern=0; dir=0; type=0; pingpong=0; private_global=0; IO mode=ap_stable:ce=0
Port [ logits_buf_3_57_load]:  wired=1; compound=0; hidden=0; nouse=0; global=0; static=0; extern=0; dir=0; type=0; pingpong=0; private_global=0; IO mode=ap_stable:ce=0
Port [ logits_buf_3_58_load]:  wired=1; compound=0; hidden=0; nouse=0; global=0; static=0; extern=0; dir=0; type=0; pingpong=0; private_global=0; IO mode=ap_stable:ce=0
Port [ logits_buf_3_59_load]:  wired=1; compound=0; hidden=0; nouse=0; global=0; static=0; extern=0; dir=0; type=0; pingpong=0; private_global=0; IO mode=ap_stable:ce=0
Port [ logits_buf_3_60_load]:  wired=1; compound=0; hidden=0; nouse=0; global=0; static=0; extern=0; dir=0; type=0; pingpong=0; private_global=0; IO mode=ap_stable:ce=0
Port [ logits_buf_3_61_load]:  wired=1; compound=0; hidden=0; nouse=0; global=0; static=0; extern=0; dir=0; type=0; pingpong=0; private_global=0; IO mode=ap_stable:ce=0
Port [ logits_buf_3_62_load]:  wired=1; compound=0; hidden=0; nouse=0; global=0; static=0; extern=0; dir=0; type=0; pingpong=0; private_global=0; IO mode=ap_stable:ce=0
Port [ logits_buf_3_63_load]:  wired=1; compound=0; hidden=0; nouse=0; global=0; static=0; extern=0; dir=0; type=0; pingpong=0; private_global=0; IO mode=ap_stable:ce=0
Port [ exp_stream]:  wired=1; compound=1; hidden=0; nouse=0; global=0; static=0; extern=0; dir=1; type=3; pingpong=0; private_global=0; IO mode=ap_fifo:ce=0
---------------- STG Properties END ------------------

---------------- Datapath Model BEGIN ----------------

<LifeTime>
<method=bitvector/>
blk                       (alloca           ) [ 01000000]
specstablecontent_ln0     (specstablecontent) [ 00000000]
specstablecontent_ln0     (specstablecontent) [ 00000000]
specinterface_ln0         (specinterface    ) [ 00000000]
logits_buf_3_63_load_read (read             ) [ 00000000]
logits_buf_3_62_load_read (read             ) [ 00000000]
logits_buf_3_61_load_read (read             ) [ 00000000]
logits_buf_3_60_load_read (read             ) [ 00000000]
logits_buf_3_59_load_read (read             ) [ 00000000]
logits_buf_3_58_load_read (read             ) [ 00000000]
logits_buf_3_57_load_read (read             ) [ 00000000]
logits_buf_3_56_load_read (read             ) [ 00000000]
logits_buf_3_55_load_read (read             ) [ 00000000]
logits_buf_3_54_load_read (read             ) [ 00000000]
logits_buf_3_53_load_read (read             ) [ 00000000]
logits_buf_3_52_load_read (read             ) [ 00000000]
logits_buf_3_51_load_read (read             ) [ 00000000]
logits_buf_3_50_load_read (read             ) [ 00000000]
logits_buf_3_49_load_read (read             ) [ 00000000]
logits_buf_3_48_load_read (read             ) [ 00000000]
logits_buf_3_47_load_read (read             ) [ 00000000]
logits_buf_3_46_load_read (read             ) [ 00000000]
logits_buf_3_45_load_read (read             ) [ 00000000]
logits_buf_3_44_load_read (read             ) [ 00000000]
logits_buf_3_43_load_read (read             ) [ 00000000]
logits_buf_3_42_load_read (read             ) [ 00000000]
logits_buf_3_41_load_read (read             ) [ 00000000]
logits_buf_3_40_load_read (read             ) [ 00000000]
logits_buf_3_39_load_read (read             ) [ 00000000]
logits_buf_3_38_load_read (read             ) [ 00000000]
logits_buf_3_37_load_read (read             ) [ 00000000]
logits_buf_3_36_load_read (read             ) [ 00000000]
logits_buf_3_35_load_read (read             ) [ 00000000]
logits_buf_3_34_load_read (read             ) [ 00000000]
logits_buf_3_33_load_read (read             ) [ 00000000]
logits_buf_3_32_load_read (read             ) [ 00000000]
logits_buf_3_31_load_read (read             ) [ 00000000]
logits_buf_3_30_load_read (read             ) [ 00000000]
logits_buf_3_29_load_read (read             ) [ 00000000]
logits_buf_3_28_load_read (read             ) [ 00000000]
logits_buf_3_27_load_read (read             ) [ 00000000]
logits_buf_3_26_load_read (read             ) [ 00000000]
logits_buf_3_25_load_read (read             ) [ 00000000]
logits_buf_3_24_load_read (read             ) [ 00000000]
logits_buf_3_23_load_read (read             ) [ 00000000]
logits_buf_3_22_load_read (read             ) [ 00000000]
logits_buf_3_21_load_read (read             ) [ 00000000]
logits_buf_3_20_load_read (read             ) [ 00000000]
logits_buf_3_19_load_read (read             ) [ 00000000]
logits_buf_3_18_load_read (read             ) [ 00000000]
logits_buf_3_17_load_read (read             ) [ 00000000]
logits_buf_3_16_load_read (read             ) [ 00000000]
logits_buf_3_15_load_read (read             ) [ 00000000]
logits_buf_3_14_load_read (read             ) [ 00000000]
logits_buf_3_13_load_read (read             ) [ 00000000]
logits_buf_3_12_load_read (read             ) [ 00000000]
logits_buf_3_11_load_read (read             ) [ 00000000]
logits_buf_3_10_load_read (read             ) [ 00000000]
logits_buf_3_9_load_read  (read             ) [ 00000000]
logits_buf_3_8_load_read  (read             ) [ 00000000]
logits_buf_3_7_load_read  (read             ) [ 00000000]
logits_buf_3_6_load_read  (read             ) [ 00000000]
logits_buf_3_5_load_read  (read             ) [ 00000000]
logits_buf_3_4_load_read  (read             ) [ 00000000]
logits_buf_3_3_load_read  (read             ) [ 00000000]
logits_buf_3_2_load_read  (read             ) [ 00000000]
logits_buf_3_1_load_read  (read             ) [ 00000000]
logits_buf_3_0_load_read  (read             ) [ 00000000]
logits_buf_2_63_load_read (read             ) [ 00000000]
logits_buf_2_62_load_read (read             ) [ 00000000]
logits_buf_2_61_load_read (read             ) [ 00000000]
logits_buf_2_60_load_read (read             ) [ 00000000]
logits_buf_2_59_load_read (read             ) [ 00000000]
logits_buf_2_58_load_read (read             ) [ 00000000]
logits_buf_2_57_load_read (read             ) [ 00000000]
logits_buf_2_56_load_read (read             ) [ 00000000]
logits_buf_2_55_load_read (read             ) [ 00000000]
logits_buf_2_54_load_read (read             ) [ 00000000]
logits_buf_2_53_load_read (read             ) [ 00000000]
logits_buf_2_52_load_read (read             ) [ 00000000]
logits_buf_2_51_load_read (read             ) [ 00000000]
logits_buf_2_50_load_read (read             ) [ 00000000]
logits_buf_2_49_load_read (read             ) [ 00000000]
logits_buf_2_48_load_read (read             ) [ 00000000]
logits_buf_2_47_load_read (read             ) [ 00000000]
logits_buf_2_46_load_read (read             ) [ 00000000]
logits_buf_2_45_load_read (read             ) [ 00000000]
logits_buf_2_44_load_read (read             ) [ 00000000]
logits_buf_2_43_load_read (read             ) [ 00000000]
logits_buf_2_42_load_read (read             ) [ 00000000]
logits_buf_2_41_load_read (read             ) [ 00000000]
logits_buf_2_40_load_read (read             ) [ 00000000]
logits_buf_2_39_load_read (read             ) [ 00000000]
logits_buf_2_38_load_read (read             ) [ 00000000]
logits_buf_2_37_load_read (read             ) [ 00000000]
logits_buf_2_36_load_read (read             ) [ 00000000]
logits_buf_2_35_load_read (read             ) [ 00000000]
logits_buf_2_34_load_read (read             ) [ 00000000]
logits_buf_2_33_load_read (read             ) [ 00000000]
logits_buf_2_32_load_read (read             ) [ 00000000]
logits_buf_2_31_load_read (read             ) [ 00000000]
logits_buf_2_30_load_read (read             ) [ 00000000]
logits_buf_2_29_load_read (read             ) [ 00000000]
logits_buf_2_28_load_read (read             ) [ 00000000]
logits_buf_2_27_load_read (read             ) [ 00000000]
logits_buf_2_26_load_read (read             ) [ 00000000]
logits_buf_2_25_load_read (read             ) [ 00000000]
logits_buf_2_24_load_read (read             ) [ 00000000]
logits_buf_2_23_load_read (read             ) [ 00000000]
logits_buf_2_22_load_read (read             ) [ 00000000]
logits_buf_2_21_load_read (read             ) [ 00000000]
logits_buf_2_20_load_read (read             ) [ 00000000]
logits_buf_2_19_load_read (read             ) [ 00000000]
logits_buf_2_18_load_read (read             ) [ 00000000]
logits_buf_2_17_load_read (read             ) [ 00000000]
logits_buf_2_16_load_read (read             ) [ 00000000]
logits_buf_2_15_load_read (read             ) [ 00000000]
logits_buf_2_14_load_read (read             ) [ 00000000]
logits_buf_2_13_load_read (read             ) [ 00000000]
logits_buf_2_12_load_read (read             ) [ 00000000]
logits_buf_2_11_load_read (read             ) [ 00000000]
logits_buf_2_10_load_read (read             ) [ 00000000]
logits_buf_2_9_load_read  (read             ) [ 00000000]
logits_buf_2_8_load_read  (read             ) [ 00000000]
logits_buf_2_7_load_read  (read             ) [ 00000000]
logits_buf_2_6_load_read  (read             ) [ 00000000]
logits_buf_2_5_load_read  (read             ) [ 00000000]
logits_buf_2_4_load_read  (read             ) [ 00000000]
logits_buf_2_3_load_read  (read             ) [ 00000000]
logits_buf_2_2_load_read  (read             ) [ 00000000]
logits_buf_2_1_load_read  (read             ) [ 00000000]
logits_buf_2_0_load_read  (read             ) [ 00000000]
logits_buf_1_63_load_read (read             ) [ 00000000]
logits_buf_1_62_load_read (read             ) [ 00000000]
logits_buf_1_61_load_read (read             ) [ 00000000]
logits_buf_1_60_load_read (read             ) [ 00000000]
logits_buf_1_59_load_read (read             ) [ 00000000]
logits_buf_1_58_load_read (read             ) [ 00000000]
logits_buf_1_57_load_read (read             ) [ 00000000]
logits_buf_1_56_load_read (read             ) [ 00000000]
logits_buf_1_55_load_read (read             ) [ 00000000]
logits_buf_1_54_load_read (read             ) [ 00000000]
logits_buf_1_53_load_read (read             ) [ 00000000]
logits_buf_1_52_load_read (read             ) [ 00000000]
logits_buf_1_51_load_read (read             ) [ 00000000]
logits_buf_1_50_load_read (read             ) [ 00000000]
logits_buf_1_49_load_read (read             ) [ 00000000]
logits_buf_1_48_load_read (read             ) [ 00000000]
logits_buf_1_47_load_read (read             ) [ 00000000]
logits_buf_1_46_load_read (read             ) [ 00000000]
logits_buf_1_45_load_read (read             ) [ 00000000]
logits_buf_1_44_load_read (read             ) [ 00000000]
logits_buf_1_43_load_read (read             ) [ 00000000]
logits_buf_1_42_load_read (read             ) [ 00000000]
logits_buf_1_41_load_read (read             ) [ 00000000]
logits_buf_1_40_load_read (read             ) [ 00000000]
logits_buf_1_39_load_read (read             ) [ 00000000]
logits_buf_1_38_load_read (read             ) [ 00000000]
logits_buf_1_37_load_read (read             ) [ 00000000]
logits_buf_1_36_load_read (read             ) [ 00000000]
logits_buf_1_35_load_read (read             ) [ 00000000]
logits_buf_1_34_load_read (read             ) [ 00000000]
logits_buf_1_33_load_read (read             ) [ 00000000]
logits_buf_1_32_load_read (read             ) [ 00000000]
logits_buf_1_31_load_read (read             ) [ 00000000]
logits_buf_1_30_load_read (read             ) [ 00000000]
logits_buf_1_29_load_read (read             ) [ 00000000]
logits_buf_1_28_load_read (read             ) [ 00000000]
logits_buf_1_27_load_read (read             ) [ 00000000]
logits_buf_1_26_load_read (read             ) [ 00000000]
logits_buf_1_25_load_read (read             ) [ 00000000]
logits_buf_1_24_load_read (read             ) [ 00000000]
logits_buf_1_23_load_read (read             ) [ 00000000]
logits_buf_1_22_load_read (read             ) [ 00000000]
logits_buf_1_21_load_read (read             ) [ 00000000]
logits_buf_1_20_load_read (read             ) [ 00000000]
logits_buf_1_19_load_read (read             ) [ 00000000]
logits_buf_1_18_load_read (read             ) [ 00000000]
logits_buf_1_17_load_read (read             ) [ 00000000]
logits_buf_1_16_load_read (read             ) [ 00000000]
logits_buf_1_15_load_read (read             ) [ 00000000]
logits_buf_1_14_load_read (read             ) [ 00000000]
logits_buf_1_13_load_read (read             ) [ 00000000]
logits_buf_1_12_load_read (read             ) [ 00000000]
logits_buf_1_11_load_read (read             ) [ 00000000]
logits_buf_1_10_load_read (read             ) [ 00000000]
logits_buf_1_9_load_read  (read             ) [ 00000000]
logits_buf_1_8_load_read  (read             ) [ 00000000]
logits_buf_1_7_load_read  (read             ) [ 00000000]
logits_buf_1_6_load_read  (read             ) [ 00000000]
logits_buf_1_5_load_read  (read             ) [ 00000000]
logits_buf_1_4_load_read  (read             ) [ 00000000]
logits_buf_1_3_load_read  (read             ) [ 00000000]
logits_buf_1_2_load_read  (read             ) [ 00000000]
logits_buf_1_1_load_read  (read             ) [ 00000000]
logits_buf_1_0_load_read  (read             ) [ 00000000]
max_x_read                (read             ) [ 00000000]
logits_buf_0_63_load_read (read             ) [ 00000000]
logits_buf_0_62_load_read (read             ) [ 00000000]
logits_buf_0_61_load_read (read             ) [ 00000000]
logits_buf_0_60_load_read (read             ) [ 00000000]
logits_buf_0_59_load_read (read             ) [ 00000000]
logits_buf_0_58_load_read (read             ) [ 00000000]
logits_buf_0_57_load_read (read             ) [ 00000000]
logits_buf_0_56_load_read (read             ) [ 00000000]
logits_buf_0_55_load_read (read             ) [ 00000000]
logits_buf_0_54_load_read (read             ) [ 00000000]
logits_buf_0_53_load_read (read             ) [ 00000000]
logits_buf_0_52_load_read (read             ) [ 00000000]
logits_buf_0_51_load_read (read             ) [ 00000000]
logits_buf_0_50_load_read (read             ) [ 00000000]
logits_buf_0_49_load_read (read             ) [ 00000000]
logits_buf_0_48_load_read (read             ) [ 00000000]
logits_buf_0_47_load_read (read             ) [ 00000000]
logits_buf_0_46_load_read (read             ) [ 00000000]
logits_buf_0_45_load_read (read             ) [ 00000000]
logits_buf_0_44_load_read (read             ) [ 00000000]
logits_buf_0_43_load_read (read             ) [ 00000000]
logits_buf_0_42_load_read (read             ) [ 00000000]
logits_buf_0_41_load_read (read             ) [ 00000000]
logits_buf_0_40_load_read (read             ) [ 00000000]
logits_buf_0_39_load_read (read             ) [ 00000000]
logits_buf_0_38_load_read (read             ) [ 00000000]
logits_buf_0_37_load_read (read             ) [ 00000000]
logits_buf_0_36_load_read (read             ) [ 00000000]
logits_buf_0_35_load_read (read             ) [ 00000000]
logits_buf_0_34_load_read (read             ) [ 00000000]
logits_buf_0_33_load_read (read             ) [ 00000000]
logits_buf_0_32_load_read (read             ) [ 00000000]
logits_buf_0_31_load_read (read             ) [ 00000000]
logits_buf_0_30_load_read (read             ) [ 00000000]
logits_buf_0_29_load_read (read             ) [ 00000000]
logits_buf_0_28_load_read (read             ) [ 00000000]
logits_buf_0_27_load_read (read             ) [ 00000000]
logits_buf_0_26_load_read (read             ) [ 00000000]
logits_buf_0_25_load_read (read             ) [ 00000000]
logits_buf_0_24_load_read (read             ) [ 00000000]
logits_buf_0_23_load_read (read             ) [ 00000000]
logits_buf_0_22_load_read (read             ) [ 00000000]
logits_buf_0_21_load_read (read             ) [ 00000000]
logits_buf_0_20_load_read (read             ) [ 00000000]
logits_buf_0_19_load_read (read             ) [ 00000000]
logits_buf_0_18_load_read (read             ) [ 00000000]
logits_buf_0_17_load_read (read             ) [ 00000000]
logits_buf_0_16_load_read (read             ) [ 00000000]
logits_buf_0_15_load_read (read             ) [ 00000000]
logits_buf_0_14_load_read (read             ) [ 00000000]
logits_buf_0_13_load_read (read             ) [ 00000000]
logits_buf_0_12_load_read (read             ) [ 00000000]
logits_buf_0_11_load_read (read             ) [ 00000000]
logits_buf_0_10_load_read (read             ) [ 00000000]
logits_buf_0_9_load_read  (read             ) [ 00000000]
logits_buf_0_8_load_read  (read             ) [ 00000000]
logits_buf_0_7_load_read  (read             ) [ 00000000]
logits_buf_0_6_load_read  (read             ) [ 00000000]
logits_buf_0_5_load_read  (read             ) [ 00000000]
logits_buf_0_4_load_read  (read             ) [ 00000000]
logits_buf_0_3_load_read  (read             ) [ 00000000]
logits_buf_0_2_load_read  (read             ) [ 00000000]
logits_buf_0_1_load_read  (read             ) [ 00000000]
logits_buf_0_0_load_read  (read             ) [ 00000000]
n_read                    (read             ) [ 00000000]
blocks_cast_read          (read             ) [ 00000000]
store_ln233               (store            ) [ 00000000]
br_ln0                    (br               ) [ 00000000]
blk_4                     (load             ) [ 00000000]
icmp_ln233                (icmp             ) [ 01111110]
speclooptripcount_ln0     (speclooptripcount) [ 00000000]
add_ln233                 (add              ) [ 00000000]
br_ln233                  (br               ) [ 00000000]
trunc_ln233               (trunc            ) [ 00000000]
shl_ln                    (bitconcatenate   ) [ 00000000]
zext_ln243                (zext             ) [ 00000000]
pkt_keep                  (icmp             ) [ 01111111]
tmp                       (sparsemux        ) [ 00000000]
x_q16                     (sub              ) [ 01100000]
or_ln                     (bitconcatenate   ) [ 00000000]
zext_ln247                (zext             ) [ 00000000]
icmp_ln247                (icmp             ) [ 01111111]
tmp_s                     (sparsemux        ) [ 00000000]
x_q16_2                   (sub              ) [ 01100000]
or_ln5                    (bitconcatenate   ) [ 00000000]
zext_ln251                (zext             ) [ 00000000]
icmp_ln251                (icmp             ) [ 01111111]
tmp_52                    (sparsemux        ) [ 00000000]
x_q16_4                   (sub              ) [ 01100000]
or_ln6                    (bitconcatenate   ) [ 00000000]
zext_ln255                (zext             ) [ 00000000]
icmp_ln255                (icmp             ) [ 01111111]
tmp_53                    (sparsemux        ) [ 00000000]
x_q16_6                   (sub              ) [ 01100000]
store_ln233               (store            ) [ 00000000]
icmp_ln48                 (icmp             ) [ 00000000]
x_q16_1                   (select           ) [ 01011000]
tmp_85                    (bitconcatenate   ) [ 00000000]
sext_ln50                 (sext             ) [ 00000000]
tmp_86                    (bitconcatenate   ) [ 00000000]
sext_ln50_1               (sext             ) [ 00000000]
sub_ln50                  (sub              ) [ 00000000]
tmp_87                    (bitconcatenate   ) [ 00000000]
sext_ln50_2               (sext             ) [ 00000000]
sub_ln50_1                (sub              ) [ 01010000]
icmp_ln48_1               (icmp             ) [ 00000000]
x_q16_3                   (select           ) [ 01011000]
tmp_95                    (bitconcatenate   ) [ 00000000]
sext_ln50_7               (sext             ) [ 00000000]
tmp_96                    (bitconcatenate   ) [ 00000000]
sext_ln50_8               (sext             ) [ 00000000]
sub_ln50_2                (sub              ) [ 00000000]
tmp_97                    (bitconcatenate   ) [ 00000000]
sext_ln50_9               (sext             ) [ 00000000]
sub_ln50_3                (sub              ) [ 01010000]
icmp_ln48_2               (icmp             ) [ 00000000]
x_q16_5                   (select           ) [ 01011000]
tmp_105                   (bitconcatenate   ) [ 00000000]
sext_ln50_14              (sext             ) [ 00000000]
tmp_106                   (bitconcatenate   ) [ 00000000]
sext_ln50_15              (sext             ) [ 00000000]
sub_ln50_4                (sub              ) [ 00000000]
tmp_107                   (bitconcatenate   ) [ 00000000]
sext_ln50_16              (sext             ) [ 00000000]
sub_ln50_5                (sub              ) [ 01010000]
icmp_ln48_3               (icmp             ) [ 00000000]
x_q16_7                   (select           ) [ 01011000]
tmp_115                   (bitconcatenate   ) [ 00000000]
sext_ln50_21              (sext             ) [ 00000000]
tmp_116                   (bitconcatenate   ) [ 00000000]
sext_ln50_22              (sext             ) [ 00000000]
sub_ln50_6                (sub              ) [ 00000000]
tmp_117                   (bitconcatenate   ) [ 00000000]
sext_ln50_23              (sext             ) [ 00000000]
sub_ln50_7                (sub              ) [ 01010000]
tmp_88                    (bitconcatenate   ) [ 00000000]
sext_ln50_3               (sext             ) [ 00000000]
add_ln50                  (add              ) [ 00000000]
tmp_89                    (bitconcatenate   ) [ 00000000]
sext_ln50_4               (sext             ) [ 00000000]
add_ln50_1                (add              ) [ 01001000]
tmp_98                    (bitconcatenate   ) [ 00000000]
sext_ln50_10              (sext             ) [ 00000000]
add_ln50_4                (add              ) [ 00000000]
tmp_99                    (bitconcatenate   ) [ 00000000]
sext_ln50_11              (sext             ) [ 00000000]
add_ln50_5                (add              ) [ 01001000]
tmp_108                   (bitconcatenate   ) [ 00000000]
sext_ln50_17              (sext             ) [ 00000000]
add_ln50_8                (add              ) [ 00000000]
tmp_109                   (bitconcatenate   ) [ 00000000]
sext_ln50_18              (sext             ) [ 00000000]
add_ln50_9                (add              ) [ 01001000]
tmp_118                   (bitconcatenate   ) [ 00000000]
sext_ln50_24              (sext             ) [ 00000000]
add_ln50_12               (add              ) [ 00000000]
tmp_119                   (bitconcatenate   ) [ 00000000]
sext_ln50_25              (sext             ) [ 00000000]
add_ln50_13               (add              ) [ 01001000]
tmp_90                    (bitconcatenate   ) [ 00000000]
sext_ln50_5               (sext             ) [ 00000000]
add_ln50_2                (add              ) [ 00000000]
tmp_91                    (bitconcatenate   ) [ 00000000]
sext_ln50_6               (sext             ) [ 00000000]
t64                       (add              ) [ 01000110]
rem                       (partselect       ) [ 01000100]
k                         (partselect       ) [ 01000110]
idx                       (partselect       ) [ 01000100]
y0                        (sparsemux        ) [ 01000110]
tmp_92                    (bitselect        ) [ 01000110]
tmp_93                    (partselect       ) [ 00000000]
icmp_ln69                 (icmp             ) [ 01000110]
tmp_100                   (bitconcatenate   ) [ 00000000]
sext_ln50_12              (sext             ) [ 00000000]
add_ln50_6                (add              ) [ 00000000]
tmp_101                   (bitconcatenate   ) [ 00000000]
sext_ln50_13              (sext             ) [ 00000000]
t64_1                     (add              ) [ 01000110]
rem_1                     (partselect       ) [ 01000100]
k_1                       (partselect       ) [ 01000110]
idx_1                     (partselect       ) [ 01000100]
y0_1                      (sparsemux        ) [ 01000110]
tmp_102                   (bitselect        ) [ 01000110]
tmp_103                   (partselect       ) [ 00000000]
icmp_ln69_1               (icmp             ) [ 01000110]
tmp_110                   (bitconcatenate   ) [ 00000000]
sext_ln50_19              (sext             ) [ 00000000]
add_ln50_10               (add              ) [ 00000000]
tmp_111                   (bitconcatenate   ) [ 00000000]
sext_ln50_20              (sext             ) [ 00000000]
t64_2                     (add              ) [ 01000110]
rem_2                     (partselect       ) [ 01000100]
k_2                       (partselect       ) [ 01000110]
idx_2                     (partselect       ) [ 01000100]
y0_2                      (sparsemux        ) [ 01000110]
tmp_112                   (bitselect        ) [ 01000110]
tmp_113                   (partselect       ) [ 00000000]
icmp_ln69_2               (icmp             ) [ 01000110]
tmp_120                   (bitconcatenate   ) [ 00000000]
sext_ln50_26              (sext             ) [ 00000000]
add_ln50_14               (add              ) [ 00000000]
tmp_121                   (bitconcatenate   ) [ 00000000]
sext_ln50_27              (sext             ) [ 00000000]
t64_3                     (add              ) [ 01000110]
rem_3                     (partselect       ) [ 01000100]
k_3                       (partselect       ) [ 01000110]
idx_3                     (partselect       ) [ 01000100]
y0_3                      (sparsemux        ) [ 01000110]
tmp_122                   (bitselect        ) [ 01000110]
tmp_123                   (partselect       ) [ 00000000]
icmp_ln69_3               (icmp             ) [ 01000110]
y1                        (sparsemux        ) [ 00000000]
zext_ln61                 (zext             ) [ 00000000]
dy                        (sub              ) [ 00000000]
sext_ln63                 (sext             ) [ 00000000]
zext_ln63                 (zext             ) [ 00000000]
interp                    (mul              ) [ 00000000]
trunc_ln                  (partselect       ) [ 01000010]
y1_1                      (sparsemux        ) [ 00000000]
zext_ln61_1               (zext             ) [ 00000000]
dy_1                      (sub              ) [ 00000000]
sext_ln63_1               (sext             ) [ 00000000]
zext_ln63_1               (zext             ) [ 00000000]
interp_1                  (mul              ) [ 00000000]
trunc_ln64_1              (partselect       ) [ 01000010]
y1_2                      (sparsemux        ) [ 00000000]
zext_ln61_2               (zext             ) [ 00000000]
dy_2                      (sub              ) [ 00000000]
sext_ln63_2               (sext             ) [ 00000000]
zext_ln63_2               (zext             ) [ 00000000]
interp_2                  (mul              ) [ 00000000]
trunc_ln64_2              (partselect       ) [ 01000010]
y1_3                      (sparsemux        ) [ 00000000]
zext_ln61_3               (zext             ) [ 00000000]
dy_3                      (sub              ) [ 00000000]
sext_ln63_3               (sext             ) [ 00000000]
zext_ln63_3               (zext             ) [ 00000000]
interp_3                  (mul              ) [ 00000000]
trunc_ln64_3              (partselect       ) [ 01000010]
zext_ln59                 (zext             ) [ 00000000]
sext_ln64                 (sext             ) [ 00000000]
y_frac                    (add              ) [ 00000000]
sext_ln64_1               (sext             ) [ 00000000]
xor_ln67                  (xor              ) [ 00000000]
trunc_ln1                 (partselect       ) [ 00000000]
sh_1                      (select           ) [ 00000000]
zext_ln68                 (zext             ) [ 00000000]
y_2                       (shl              ) [ 00000000]
sext_ln72                 (sext             ) [ 00000000]
sh_2                      (sub              ) [ 00000000]
zext_ln72                 (zext             ) [ 00000000]
y_3                       (lshr             ) [ 00000000]
and_ln67                  (and              ) [ 00000000]
tmp_94                    (partselect       ) [ 00000000]
icmp_ln73                 (icmp             ) [ 00000000]
and_ln73                  (and              ) [ 00000000]
and_ln73_1                (and              ) [ 00000000]
sel_tmp5                  (bitconcatenate   ) [ 00000000]
y_15                      (sparsemux        ) [ 01000001]
zext_ln59_1               (zext             ) [ 00000000]
sext_ln64_2               (sext             ) [ 00000000]
y_frac_1                  (add              ) [ 00000000]
sext_ln64_3               (sext             ) [ 00000000]
xor_ln67_1                (xor              ) [ 00000000]
trunc_ln68_1              (partselect       ) [ 00000000]
sh_4                      (select           ) [ 00000000]
zext_ln68_1               (zext             ) [ 00000000]
y_6                       (shl              ) [ 00000000]
sext_ln72_1               (sext             ) [ 00000000]
sh_5                      (sub              ) [ 00000000]
zext_ln72_1               (zext             ) [ 00000000]
tmp_104                   (partselect       ) [ 00000000]
icmp_ln73_1               (icmp             ) [ 00000000]
y_7                       (lshr             ) [ 00000000]
and_ln73_2                (and              ) [ 00000000]
sel_tmp                   (bitconcatenate   ) [ 00000000]
y_16                      (sparsemux        ) [ 00000000]
pkt_v1_2                  (select           ) [ 01000001]
zext_ln59_2               (zext             ) [ 00000000]
sext_ln64_4               (sext             ) [ 00000000]
y_frac_2                  (add              ) [ 00000000]
sext_ln64_5               (sext             ) [ 00000000]
xor_ln67_2                (xor              ) [ 00000000]
trunc_ln68_2              (partselect       ) [ 00000000]
sh_7                      (select           ) [ 00000000]
zext_ln68_2               (zext             ) [ 00000000]
y_8                       (shl              ) [ 00000000]
sext_ln72_2               (sext             ) [ 00000000]
sh_8                      (sub              ) [ 00000000]
zext_ln72_2               (zext             ) [ 00000000]
tmp_114                   (partselect       ) [ 00000000]
icmp_ln73_2               (icmp             ) [ 00000000]
y_9                       (lshr             ) [ 00000000]
and_ln73_3                (and              ) [ 00000000]
sel_tmp1                  (bitconcatenate   ) [ 00000000]
y                         (sparsemux        ) [ 00000000]
pkt_v2_2                  (select           ) [ 01000001]
zext_ln59_3               (zext             ) [ 00000000]
sext_ln64_6               (sext             ) [ 00000000]
y_frac_3                  (add              ) [ 00000000]
sext_ln64_7               (sext             ) [ 00000000]
xor_ln67_3                (xor              ) [ 00000000]
trunc_ln68_3              (partselect       ) [ 00000000]
sh_10                     (select           ) [ 00000000]
zext_ln68_3               (zext             ) [ 00000000]
y_12                      (shl              ) [ 00000000]
sext_ln72_3               (sext             ) [ 00000000]
sh_11                     (sub              ) [ 00000000]
zext_ln72_3               (zext             ) [ 00000000]
tmp_124                   (partselect       ) [ 00000000]
icmp_ln73_3               (icmp             ) [ 00000000]
y_13                      (lshr             ) [ 00000000]
and_ln73_4                (and              ) [ 00000000]
sel_tmp2                  (bitconcatenate   ) [ 00000000]
y_17                      (sparsemux        ) [ 00000000]
pkt_v3_2                  (select           ) [ 01000001]
specpipeline_ln234        (specpipeline     ) [ 00000000]
specloopname_ln233        (specloopname     ) [ 00000000]
zext_ln236                (zext             ) [ 00000000]
pkt_keep_7                (bitconcatenate   ) [ 00000000]
pkt_keep_8                (select           ) [ 00000000]
zext_ln236_1              (zext             ) [ 00000000]
pkt_keep_9                (bitconcatenate   ) [ 00000000]
pkt_keep_2                (select           ) [ 00000000]
zext_ln236_2              (zext             ) [ 00000000]
pkt_keep_10               (bitset           ) [ 00000000]
pkt_keep_3                (select           ) [ 00000000]
p_0                       (bitconcatenate   ) [ 00000000]
write_ln260               (write            ) [ 00000000]
br_ln233                  (br               ) [ 00000000]
ret_ln0                   (ret              ) [ 00000000]
</LifeTime>

<model>

<comp_list>
<comp id="0" class="1000" name="blocks_cast">
<pin_list>
<pin id="1" dir="1" index="0" bw="1" slack="0"/>
</pin_list>
<bind>
<StgValue><ssdm name="blocks_cast"/></StgValue>
</bind>
</comp>

<comp id="2" class="1000" name="n">
<pin_list>
<pin id="3" dir="1" index="0" bw="1" slack="0"/>
</pin_list>
<bind>
<StgValue><ssdm name="n"/></StgValue>
</bind>
</comp>

<comp id="4" class="1000" name="logits_buf_0_0_load">
<pin_list>
<pin id="5" dir="1" index="0" bw="1" slack="0"/>
</pin_list>
<bind>
<StgValue><ssdm name="logits_buf_0_0_load"/></StgValue>
</bind>
</comp>

<comp id="6" class="1000" name="logits_buf_0_1_load">
<pin_list>
<pin id="7" dir="1" index="0" bw="1" slack="0"/>
</pin_list>
<bind>
<StgValue><ssdm name="logits_buf_0_1_load"/></StgValue>
</bind>
</comp>

<comp id="8" class="1000" name="logits_buf_0_2_load">
<pin_list>
<pin id="9" dir="1" index="0" bw="1" slack="0"/>
</pin_list>
<bind>
<StgValue><ssdm name="logits_buf_0_2_load"/></StgValue>
</bind>
</comp>

<comp id="10" class="1000" name="logits_buf_0_3_load">
<pin_list>
<pin id="11" dir="1" index="0" bw="1" slack="0"/>
</pin_list>
<bind>
<StgValue><ssdm name="logits_buf_0_3_load"/></StgValue>
</bind>
</comp>

<comp id="12" class="1000" name="logits_buf_0_4_load">
<pin_list>
<pin id="13" dir="1" index="0" bw="1" slack="0"/>
</pin_list>
<bind>
<StgValue><ssdm name="logits_buf_0_4_load"/></StgValue>
</bind>
</comp>

<comp id="14" class="1000" name="logits_buf_0_5_load">
<pin_list>
<pin id="15" dir="1" index="0" bw="1" slack="0"/>
</pin_list>
<bind>
<StgValue><ssdm name="logits_buf_0_5_load"/></StgValue>
</bind>
</comp>

<comp id="16" class="1000" name="logits_buf_0_6_load">
<pin_list>
<pin id="17" dir="1" index="0" bw="1" slack="0"/>
</pin_list>
<bind>
<StgValue><ssdm name="logits_buf_0_6_load"/></StgValue>
</bind>
</comp>

<comp id="18" class="1000" name="logits_buf_0_7_load">
<pin_list>
<pin id="19" dir="1" index="0" bw="1" slack="0"/>
</pin_list>
<bind>
<StgValue><ssdm name="logits_buf_0_7_load"/></StgValue>
</bind>
</comp>

<comp id="20" class="1000" name="logits_buf_0_8_load">
<pin_list>
<pin id="21" dir="1" index="0" bw="1" slack="0"/>
</pin_list>
<bind>
<StgValue><ssdm name="logits_buf_0_8_load"/></StgValue>
</bind>
</comp>

<comp id="22" class="1000" name="logits_buf_0_9_load">
<pin_list>
<pin id="23" dir="1" index="0" bw="1" slack="0"/>
</pin_list>
<bind>
<StgValue><ssdm name="logits_buf_0_9_load"/></StgValue>
</bind>
</comp>

<comp id="24" class="1000" name="logits_buf_0_10_load">
<pin_list>
<pin id="25" dir="1" index="0" bw="1" slack="0"/>
</pin_list>
<bind>
<StgValue><ssdm name="logits_buf_0_10_load"/></StgValue>
</bind>
</comp>

<comp id="26" class="1000" name="logits_buf_0_11_load">
<pin_list>
<pin id="27" dir="1" index="0" bw="1" slack="0"/>
</pin_list>
<bind>
<StgValue><ssdm name="logits_buf_0_11_load"/></StgValue>
</bind>
</comp>

<comp id="28" class="1000" name="logits_buf_0_12_load">
<pin_list>
<pin id="29" dir="1" index="0" bw="1" slack="0"/>
</pin_list>
<bind>
<StgValue><ssdm name="logits_buf_0_12_load"/></StgValue>
</bind>
</comp>

<comp id="30" class="1000" name="logits_buf_0_13_load">
<pin_list>
<pin id="31" dir="1" index="0" bw="1" slack="0"/>
</pin_list>
<bind>
<StgValue><ssdm name="logits_buf_0_13_load"/></StgValue>
</bind>
</comp>

<comp id="32" class="1000" name="logits_buf_0_14_load">
<pin_list>
<pin id="33" dir="1" index="0" bw="1" slack="0"/>
</pin_list>
<bind>
<StgValue><ssdm name="logits_buf_0_14_load"/></StgValue>
</bind>
</comp>

<comp id="34" class="1000" name="logits_buf_0_15_load">
<pin_list>
<pin id="35" dir="1" index="0" bw="1" slack="0"/>
</pin_list>
<bind>
<StgValue><ssdm name="logits_buf_0_15_load"/></StgValue>
</bind>
</comp>

<comp id="36" class="1000" name="logits_buf_0_16_load">
<pin_list>
<pin id="37" dir="1" index="0" bw="1" slack="0"/>
</pin_list>
<bind>
<StgValue><ssdm name="logits_buf_0_16_load"/></StgValue>
</bind>
</comp>

<comp id="38" class="1000" name="logits_buf_0_17_load">
<pin_list>
<pin id="39" dir="1" index="0" bw="1" slack="0"/>
</pin_list>
<bind>
<StgValue><ssdm name="logits_buf_0_17_load"/></StgValue>
</bind>
</comp>

<comp id="40" class="1000" name="logits_buf_0_18_load">
<pin_list>
<pin id="41" dir="1" index="0" bw="1" slack="0"/>
</pin_list>
<bind>
<StgValue><ssdm name="logits_buf_0_18_load"/></StgValue>
</bind>
</comp>

<comp id="42" class="1000" name="logits_buf_0_19_load">
<pin_list>
<pin id="43" dir="1" index="0" bw="1" slack="0"/>
</pin_list>
<bind>
<StgValue><ssdm name="logits_buf_0_19_load"/></StgValue>
</bind>
</comp>

<comp id="44" class="1000" name="logits_buf_0_20_load">
<pin_list>
<pin id="45" dir="1" index="0" bw="1" slack="0"/>
</pin_list>
<bind>
<StgValue><ssdm name="logits_buf_0_20_load"/></StgValue>
</bind>
</comp>

<comp id="46" class="1000" name="logits_buf_0_21_load">
<pin_list>
<pin id="47" dir="1" index="0" bw="1" slack="0"/>
</pin_list>
<bind>
<StgValue><ssdm name="logits_buf_0_21_load"/></StgValue>
</bind>
</comp>

<comp id="48" class="1000" name="logits_buf_0_22_load">
<pin_list>
<pin id="49" dir="1" index="0" bw="1" slack="0"/>
</pin_list>
<bind>
<StgValue><ssdm name="logits_buf_0_22_load"/></StgValue>
</bind>
</comp>

<comp id="50" class="1000" name="logits_buf_0_23_load">
<pin_list>
<pin id="51" dir="1" index="0" bw="1" slack="0"/>
</pin_list>
<bind>
<StgValue><ssdm name="logits_buf_0_23_load"/></StgValue>
</bind>
</comp>

<comp id="52" class="1000" name="logits_buf_0_24_load">
<pin_list>
<pin id="53" dir="1" index="0" bw="1" slack="0"/>
</pin_list>
<bind>
<StgValue><ssdm name="logits_buf_0_24_load"/></StgValue>
</bind>
</comp>

<comp id="54" class="1000" name="logits_buf_0_25_load">
<pin_list>
<pin id="55" dir="1" index="0" bw="1" slack="0"/>
</pin_list>
<bind>
<StgValue><ssdm name="logits_buf_0_25_load"/></StgValue>
</bind>
</comp>

<comp id="56" class="1000" name="logits_buf_0_26_load">
<pin_list>
<pin id="57" dir="1" index="0" bw="1" slack="0"/>
</pin_list>
<bind>
<StgValue><ssdm name="logits_buf_0_26_load"/></StgValue>
</bind>
</comp>

<comp id="58" class="1000" name="logits_buf_0_27_load">
<pin_list>
<pin id="59" dir="1" index="0" bw="1" slack="0"/>
</pin_list>
<bind>
<StgValue><ssdm name="logits_buf_0_27_load"/></StgValue>
</bind>
</comp>

<comp id="60" class="1000" name="logits_buf_0_28_load">
<pin_list>
<pin id="61" dir="1" index="0" bw="1" slack="0"/>
</pin_list>
<bind>
<StgValue><ssdm name="logits_buf_0_28_load"/></StgValue>
</bind>
</comp>

<comp id="62" class="1000" name="logits_buf_0_29_load">
<pin_list>
<pin id="63" dir="1" index="0" bw="1" slack="0"/>
</pin_list>
<bind>
<StgValue><ssdm name="logits_buf_0_29_load"/></StgValue>
</bind>
</comp>

<comp id="64" class="1000" name="logits_buf_0_30_load">
<pin_list>
<pin id="65" dir="1" index="0" bw="1" slack="0"/>
</pin_list>
<bind>
<StgValue><ssdm name="logits_buf_0_30_load"/></StgValue>
</bind>
</comp>

<comp id="66" class="1000" name="logits_buf_0_31_load">
<pin_list>
<pin id="67" dir="1" index="0" bw="1" slack="0"/>
</pin_list>
<bind>
<StgValue><ssdm name="logits_buf_0_31_load"/></StgValue>
</bind>
</comp>

<comp id="68" class="1000" name="logits_buf_0_32_load">
<pin_list>
<pin id="69" dir="1" index="0" bw="1" slack="0"/>
</pin_list>
<bind>
<StgValue><ssdm name="logits_buf_0_32_load"/></StgValue>
</bind>
</comp>

<comp id="70" class="1000" name="logits_buf_0_33_load">
<pin_list>
<pin id="71" dir="1" index="0" bw="1" slack="0"/>
</pin_list>
<bind>
<StgValue><ssdm name="logits_buf_0_33_load"/></StgValue>
</bind>
</comp>

<comp id="72" class="1000" name="logits_buf_0_34_load">
<pin_list>
<pin id="73" dir="1" index="0" bw="1" slack="0"/>
</pin_list>
<bind>
<StgValue><ssdm name="logits_buf_0_34_load"/></StgValue>
</bind>
</comp>

<comp id="74" class="1000" name="logits_buf_0_35_load">
<pin_list>
<pin id="75" dir="1" index="0" bw="1" slack="0"/>
</pin_list>
<bind>
<StgValue><ssdm name="logits_buf_0_35_load"/></StgValue>
</bind>
</comp>

<comp id="76" class="1000" name="logits_buf_0_36_load">
<pin_list>
<pin id="77" dir="1" index="0" bw="1" slack="0"/>
</pin_list>
<bind>
<StgValue><ssdm name="logits_buf_0_36_load"/></StgValue>
</bind>
</comp>

<comp id="78" class="1000" name="logits_buf_0_37_load">
<pin_list>
<pin id="79" dir="1" index="0" bw="1" slack="0"/>
</pin_list>
<bind>
<StgValue><ssdm name="logits_buf_0_37_load"/></StgValue>
</bind>
</comp>

<comp id="80" class="1000" name="logits_buf_0_38_load">
<pin_list>
<pin id="81" dir="1" index="0" bw="1" slack="0"/>
</pin_list>
<bind>
<StgValue><ssdm name="logits_buf_0_38_load"/></StgValue>
</bind>
</comp>

<comp id="82" class="1000" name="logits_buf_0_39_load">
<pin_list>
<pin id="83" dir="1" index="0" bw="1" slack="0"/>
</pin_list>
<bind>
<StgValue><ssdm name="logits_buf_0_39_load"/></StgValue>
</bind>
</comp>

<comp id="84" class="1000" name="logits_buf_0_40_load">
<pin_list>
<pin id="85" dir="1" index="0" bw="1" slack="0"/>
</pin_list>
<bind>
<StgValue><ssdm name="logits_buf_0_40_load"/></StgValue>
</bind>
</comp>

<comp id="86" class="1000" name="logits_buf_0_41_load">
<pin_list>
<pin id="87" dir="1" index="0" bw="1" slack="0"/>
</pin_list>
<bind>
<StgValue><ssdm name="logits_buf_0_41_load"/></StgValue>
</bind>
</comp>

<comp id="88" class="1000" name="logits_buf_0_42_load">
<pin_list>
<pin id="89" dir="1" index="0" bw="1" slack="0"/>
</pin_list>
<bind>
<StgValue><ssdm name="logits_buf_0_42_load"/></StgValue>
</bind>
</comp>

<comp id="90" class="1000" name="logits_buf_0_43_load">
<pin_list>
<pin id="91" dir="1" index="0" bw="1" slack="0"/>
</pin_list>
<bind>
<StgValue><ssdm name="logits_buf_0_43_load"/></StgValue>
</bind>
</comp>

<comp id="92" class="1000" name="logits_buf_0_44_load">
<pin_list>
<pin id="93" dir="1" index="0" bw="1" slack="0"/>
</pin_list>
<bind>
<StgValue><ssdm name="logits_buf_0_44_load"/></StgValue>
</bind>
</comp>

<comp id="94" class="1000" name="logits_buf_0_45_load">
<pin_list>
<pin id="95" dir="1" index="0" bw="1" slack="0"/>
</pin_list>
<bind>
<StgValue><ssdm name="logits_buf_0_45_load"/></StgValue>
</bind>
</comp>

<comp id="96" class="1000" name="logits_buf_0_46_load">
<pin_list>
<pin id="97" dir="1" index="0" bw="1" slack="0"/>
</pin_list>
<bind>
<StgValue><ssdm name="logits_buf_0_46_load"/></StgValue>
</bind>
</comp>

<comp id="98" class="1000" name="logits_buf_0_47_load">
<pin_list>
<pin id="99" dir="1" index="0" bw="1" slack="0"/>
</pin_list>
<bind>
<StgValue><ssdm name="logits_buf_0_47_load"/></StgValue>
</bind>
</comp>

<comp id="100" class="1000" name="logits_buf_0_48_load">
<pin_list>
<pin id="101" dir="1" index="0" bw="1" slack="0"/>
</pin_list>
<bind>
<StgValue><ssdm name="logits_buf_0_48_load"/></StgValue>
</bind>
</comp>

<comp id="102" class="1000" name="logits_buf_0_49_load">
<pin_list>
<pin id="103" dir="1" index="0" bw="1" slack="0"/>
</pin_list>
<bind>
<StgValue><ssdm name="logits_buf_0_49_load"/></StgValue>
</bind>
</comp>

<comp id="104" class="1000" name="logits_buf_0_50_load">
<pin_list>
<pin id="105" dir="1" index="0" bw="1" slack="0"/>
</pin_list>
<bind>
<StgValue><ssdm name="logits_buf_0_50_load"/></StgValue>
</bind>
</comp>

<comp id="106" class="1000" name="logits_buf_0_51_load">
<pin_list>
<pin id="107" dir="1" index="0" bw="1" slack="0"/>
</pin_list>
<bind>
<StgValue><ssdm name="logits_buf_0_51_load"/></StgValue>
</bind>
</comp>

<comp id="108" class="1000" name="logits_buf_0_52_load">
<pin_list>
<pin id="109" dir="1" index="0" bw="1" slack="0"/>
</pin_list>
<bind>
<StgValue><ssdm name="logits_buf_0_52_load"/></StgValue>
</bind>
</comp>

<comp id="110" class="1000" name="logits_buf_0_53_load">
<pin_list>
<pin id="111" dir="1" index="0" bw="1" slack="0"/>
</pin_list>
<bind>
<StgValue><ssdm name="logits_buf_0_53_load"/></StgValue>
</bind>
</comp>

<comp id="112" class="1000" name="logits_buf_0_54_load">
<pin_list>
<pin id="113" dir="1" index="0" bw="1" slack="0"/>
</pin_list>
<bind>
<StgValue><ssdm name="logits_buf_0_54_load"/></StgValue>
</bind>
</comp>

<comp id="114" class="1000" name="logits_buf_0_55_load">
<pin_list>
<pin id="115" dir="1" index="0" bw="1" slack="0"/>
</pin_list>
<bind>
<StgValue><ssdm name="logits_buf_0_55_load"/></StgValue>
</bind>
</comp>

<comp id="116" class="1000" name="logits_buf_0_56_load">
<pin_list>
<pin id="117" dir="1" index="0" bw="1" slack="0"/>
</pin_list>
<bind>
<StgValue><ssdm name="logits_buf_0_56_load"/></StgValue>
</bind>
</comp>

<comp id="118" class="1000" name="logits_buf_0_57_load">
<pin_list>
<pin id="119" dir="1" index="0" bw="1" slack="0"/>
</pin_list>
<bind>
<StgValue><ssdm name="logits_buf_0_57_load"/></StgValue>
</bind>
</comp>

<comp id="120" class="1000" name="logits_buf_0_58_load">
<pin_list>
<pin id="121" dir="1" index="0" bw="1" slack="0"/>
</pin_list>
<bind>
<StgValue><ssdm name="logits_buf_0_58_load"/></StgValue>
</bind>
</comp>

<comp id="122" class="1000" name="logits_buf_0_59_load">
<pin_list>
<pin id="123" dir="1" index="0" bw="1" slack="0"/>
</pin_list>
<bind>
<StgValue><ssdm name="logits_buf_0_59_load"/></StgValue>
</bind>
</comp>

<comp id="124" class="1000" name="logits_buf_0_60_load">
<pin_list>
<pin id="125" dir="1" index="0" bw="1" slack="0"/>
</pin_list>
<bind>
<StgValue><ssdm name="logits_buf_0_60_load"/></StgValue>
</bind>
</comp>

<comp id="126" class="1000" name="logits_buf_0_61_load">
<pin_list>
<pin id="127" dir="1" index="0" bw="1" slack="0"/>
</pin_list>
<bind>
<StgValue><ssdm name="logits_buf_0_61_load"/></StgValue>
</bind>
</comp>

<comp id="128" class="1000" name="logits_buf_0_62_load">
<pin_list>
<pin id="129" dir="1" index="0" bw="1" slack="0"/>
</pin_list>
<bind>
<StgValue><ssdm name="logits_buf_0_62_load"/></StgValue>
</bind>
</comp>

<comp id="130" class="1000" name="logits_buf_0_63_load">
<pin_list>
<pin id="131" dir="1" index="0" bw="1" slack="0"/>
</pin_list>
<bind>
<StgValue><ssdm name="logits_buf_0_63_load"/></StgValue>
</bind>
</comp>

<comp id="132" class="1000" name="max_x">
<pin_list>
<pin id="133" dir="1" index="0" bw="1" slack="0"/>
</pin_list>
<bind>
<StgValue><ssdm name="max_x"/></StgValue>
</bind>
</comp>

<comp id="134" class="1000" name="logits_buf_1_0_load">
<pin_list>
<pin id="135" dir="1" index="0" bw="1" slack="0"/>
</pin_list>
<bind>
<StgValue><ssdm name="logits_buf_1_0_load"/></StgValue>
</bind>
</comp>

<comp id="136" class="1000" name="logits_buf_1_1_load">
<pin_list>
<pin id="137" dir="1" index="0" bw="1" slack="0"/>
</pin_list>
<bind>
<StgValue><ssdm name="logits_buf_1_1_load"/></StgValue>
</bind>
</comp>

<comp id="138" class="1000" name="logits_buf_1_2_load">
<pin_list>
<pin id="139" dir="1" index="0" bw="1" slack="0"/>
</pin_list>
<bind>
<StgValue><ssdm name="logits_buf_1_2_load"/></StgValue>
</bind>
</comp>

<comp id="140" class="1000" name="logits_buf_1_3_load">
<pin_list>
<pin id="141" dir="1" index="0" bw="1" slack="0"/>
</pin_list>
<bind>
<StgValue><ssdm name="logits_buf_1_3_load"/></StgValue>
</bind>
</comp>

<comp id="142" class="1000" name="logits_buf_1_4_load">
<pin_list>
<pin id="143" dir="1" index="0" bw="1" slack="0"/>
</pin_list>
<bind>
<StgValue><ssdm name="logits_buf_1_4_load"/></StgValue>
</bind>
</comp>

<comp id="144" class="1000" name="logits_buf_1_5_load">
<pin_list>
<pin id="145" dir="1" index="0" bw="1" slack="0"/>
</pin_list>
<bind>
<StgValue><ssdm name="logits_buf_1_5_load"/></StgValue>
</bind>
</comp>

<comp id="146" class="1000" name="logits_buf_1_6_load">
<pin_list>
<pin id="147" dir="1" index="0" bw="1" slack="0"/>
</pin_list>
<bind>
<StgValue><ssdm name="logits_buf_1_6_load"/></StgValue>
</bind>
</comp>

<comp id="148" class="1000" name="logits_buf_1_7_load">
<pin_list>
<pin id="149" dir="1" index="0" bw="1" slack="0"/>
</pin_list>
<bind>
<StgValue><ssdm name="logits_buf_1_7_load"/></StgValue>
</bind>
</comp>

<comp id="150" class="1000" name="logits_buf_1_8_load">
<pin_list>
<pin id="151" dir="1" index="0" bw="1" slack="0"/>
</pin_list>
<bind>
<StgValue><ssdm name="logits_buf_1_8_load"/></StgValue>
</bind>
</comp>

<comp id="152" class="1000" name="logits_buf_1_9_load">
<pin_list>
<pin id="153" dir="1" index="0" bw="1" slack="0"/>
</pin_list>
<bind>
<StgValue><ssdm name="logits_buf_1_9_load"/></StgValue>
</bind>
</comp>

<comp id="154" class="1000" name="logits_buf_1_10_load">
<pin_list>
<pin id="155" dir="1" index="0" bw="1" slack="0"/>
</pin_list>
<bind>
<StgValue><ssdm name="logits_buf_1_10_load"/></StgValue>
</bind>
</comp>

<comp id="156" class="1000" name="logits_buf_1_11_load">
<pin_list>
<pin id="157" dir="1" index="0" bw="1" slack="0"/>
</pin_list>
<bind>
<StgValue><ssdm name="logits_buf_1_11_load"/></StgValue>
</bind>
</comp>

<comp id="158" class="1000" name="logits_buf_1_12_load">
<pin_list>
<pin id="159" dir="1" index="0" bw="1" slack="0"/>
</pin_list>
<bind>
<StgValue><ssdm name="logits_buf_1_12_load"/></StgValue>
</bind>
</comp>

<comp id="160" class="1000" name="logits_buf_1_13_load">
<pin_list>
<pin id="161" dir="1" index="0" bw="1" slack="0"/>
</pin_list>
<bind>
<StgValue><ssdm name="logits_buf_1_13_load"/></StgValue>
</bind>
</comp>

<comp id="162" class="1000" name="logits_buf_1_14_load">
<pin_list>
<pin id="163" dir="1" index="0" bw="1" slack="0"/>
</pin_list>
<bind>
<StgValue><ssdm name="logits_buf_1_14_load"/></StgValue>
</bind>
</comp>

<comp id="164" class="1000" name="logits_buf_1_15_load">
<pin_list>
<pin id="165" dir="1" index="0" bw="1" slack="0"/>
</pin_list>
<bind>
<StgValue><ssdm name="logits_buf_1_15_load"/></StgValue>
</bind>
</comp>

<comp id="166" class="1000" name="logits_buf_1_16_load">
<pin_list>
<pin id="167" dir="1" index="0" bw="1" slack="0"/>
</pin_list>
<bind>
<StgValue><ssdm name="logits_buf_1_16_load"/></StgValue>
</bind>
</comp>

<comp id="168" class="1000" name="logits_buf_1_17_load">
<pin_list>
<pin id="169" dir="1" index="0" bw="1" slack="0"/>
</pin_list>
<bind>
<StgValue><ssdm name="logits_buf_1_17_load"/></StgValue>
</bind>
</comp>

<comp id="170" class="1000" name="logits_buf_1_18_load">
<pin_list>
<pin id="171" dir="1" index="0" bw="1" slack="0"/>
</pin_list>
<bind>
<StgValue><ssdm name="logits_buf_1_18_load"/></StgValue>
</bind>
</comp>

<comp id="172" class="1000" name="logits_buf_1_19_load">
<pin_list>
<pin id="173" dir="1" index="0" bw="1" slack="0"/>
</pin_list>
<bind>
<StgValue><ssdm name="logits_buf_1_19_load"/></StgValue>
</bind>
</comp>

<comp id="174" class="1000" name="logits_buf_1_20_load">
<pin_list>
<pin id="175" dir="1" index="0" bw="1" slack="0"/>
</pin_list>
<bind>
<StgValue><ssdm name="logits_buf_1_20_load"/></StgValue>
</bind>
</comp>

<comp id="176" class="1000" name="logits_buf_1_21_load">
<pin_list>
<pin id="177" dir="1" index="0" bw="1" slack="0"/>
</pin_list>
<bind>
<StgValue><ssdm name="logits_buf_1_21_load"/></StgValue>
</bind>
</comp>

<comp id="178" class="1000" name="logits_buf_1_22_load">
<pin_list>
<pin id="179" dir="1" index="0" bw="1" slack="0"/>
</pin_list>
<bind>
<StgValue><ssdm name="logits_buf_1_22_load"/></StgValue>
</bind>
</comp>

<comp id="180" class="1000" name="logits_buf_1_23_load">
<pin_list>
<pin id="181" dir="1" index="0" bw="1" slack="0"/>
</pin_list>
<bind>
<StgValue><ssdm name="logits_buf_1_23_load"/></StgValue>
</bind>
</comp>

<comp id="182" class="1000" name="logits_buf_1_24_load">
<pin_list>
<pin id="183" dir="1" index="0" bw="1" slack="0"/>
</pin_list>
<bind>
<StgValue><ssdm name="logits_buf_1_24_load"/></StgValue>
</bind>
</comp>

<comp id="184" class="1000" name="logits_buf_1_25_load">
<pin_list>
<pin id="185" dir="1" index="0" bw="1" slack="0"/>
</pin_list>
<bind>
<StgValue><ssdm name="logits_buf_1_25_load"/></StgValue>
</bind>
</comp>

<comp id="186" class="1000" name="logits_buf_1_26_load">
<pin_list>
<pin id="187" dir="1" index="0" bw="1" slack="0"/>
</pin_list>
<bind>
<StgValue><ssdm name="logits_buf_1_26_load"/></StgValue>
</bind>
</comp>

<comp id="188" class="1000" name="logits_buf_1_27_load">
<pin_list>
<pin id="189" dir="1" index="0" bw="1" slack="0"/>
</pin_list>
<bind>
<StgValue><ssdm name="logits_buf_1_27_load"/></StgValue>
</bind>
</comp>

<comp id="190" class="1000" name="logits_buf_1_28_load">
<pin_list>
<pin id="191" dir="1" index="0" bw="1" slack="0"/>
</pin_list>
<bind>
<StgValue><ssdm name="logits_buf_1_28_load"/></StgValue>
</bind>
</comp>

<comp id="192" class="1000" name="logits_buf_1_29_load">
<pin_list>
<pin id="193" dir="1" index="0" bw="1" slack="0"/>
</pin_list>
<bind>
<StgValue><ssdm name="logits_buf_1_29_load"/></StgValue>
</bind>
</comp>

<comp id="194" class="1000" name="logits_buf_1_30_load">
<pin_list>
<pin id="195" dir="1" index="0" bw="1" slack="0"/>
</pin_list>
<bind>
<StgValue><ssdm name="logits_buf_1_30_load"/></StgValue>
</bind>
</comp>

<comp id="196" class="1000" name="logits_buf_1_31_load">
<pin_list>
<pin id="197" dir="1" index="0" bw="1" slack="0"/>
</pin_list>
<bind>
<StgValue><ssdm name="logits_buf_1_31_load"/></StgValue>
</bind>
</comp>

<comp id="198" class="1000" name="logits_buf_1_32_load">
<pin_list>
<pin id="199" dir="1" index="0" bw="1" slack="0"/>
</pin_list>
<bind>
<StgValue><ssdm name="logits_buf_1_32_load"/></StgValue>
</bind>
</comp>

<comp id="200" class="1000" name="logits_buf_1_33_load">
<pin_list>
<pin id="201" dir="1" index="0" bw="1" slack="0"/>
</pin_list>
<bind>
<StgValue><ssdm name="logits_buf_1_33_load"/></StgValue>
</bind>
</comp>

<comp id="202" class="1000" name="logits_buf_1_34_load">
<pin_list>
<pin id="203" dir="1" index="0" bw="1" slack="0"/>
</pin_list>
<bind>
<StgValue><ssdm name="logits_buf_1_34_load"/></StgValue>
</bind>
</comp>

<comp id="204" class="1000" name="logits_buf_1_35_load">
<pin_list>
<pin id="205" dir="1" index="0" bw="1" slack="0"/>
</pin_list>
<bind>
<StgValue><ssdm name="logits_buf_1_35_load"/></StgValue>
</bind>
</comp>

<comp id="206" class="1000" name="logits_buf_1_36_load">
<pin_list>
<pin id="207" dir="1" index="0" bw="1" slack="0"/>
</pin_list>
<bind>
<StgValue><ssdm name="logits_buf_1_36_load"/></StgValue>
</bind>
</comp>

<comp id="208" class="1000" name="logits_buf_1_37_load">
<pin_list>
<pin id="209" dir="1" index="0" bw="1" slack="0"/>
</pin_list>
<bind>
<StgValue><ssdm name="logits_buf_1_37_load"/></StgValue>
</bind>
</comp>

<comp id="210" class="1000" name="logits_buf_1_38_load">
<pin_list>
<pin id="211" dir="1" index="0" bw="1" slack="0"/>
</pin_list>
<bind>
<StgValue><ssdm name="logits_buf_1_38_load"/></StgValue>
</bind>
</comp>

<comp id="212" class="1000" name="logits_buf_1_39_load">
<pin_list>
<pin id="213" dir="1" index="0" bw="1" slack="0"/>
</pin_list>
<bind>
<StgValue><ssdm name="logits_buf_1_39_load"/></StgValue>
</bind>
</comp>

<comp id="214" class="1000" name="logits_buf_1_40_load">
<pin_list>
<pin id="215" dir="1" index="0" bw="1" slack="0"/>
</pin_list>
<bind>
<StgValue><ssdm name="logits_buf_1_40_load"/></StgValue>
</bind>
</comp>

<comp id="216" class="1000" name="logits_buf_1_41_load">
<pin_list>
<pin id="217" dir="1" index="0" bw="1" slack="0"/>
</pin_list>
<bind>
<StgValue><ssdm name="logits_buf_1_41_load"/></StgValue>
</bind>
</comp>

<comp id="218" class="1000" name="logits_buf_1_42_load">
<pin_list>
<pin id="219" dir="1" index="0" bw="1" slack="0"/>
</pin_list>
<bind>
<StgValue><ssdm name="logits_buf_1_42_load"/></StgValue>
</bind>
</comp>

<comp id="220" class="1000" name="logits_buf_1_43_load">
<pin_list>
<pin id="221" dir="1" index="0" bw="1" slack="0"/>
</pin_list>
<bind>
<StgValue><ssdm name="logits_buf_1_43_load"/></StgValue>
</bind>
</comp>

<comp id="222" class="1000" name="logits_buf_1_44_load">
<pin_list>
<pin id="223" dir="1" index="0" bw="1" slack="0"/>
</pin_list>
<bind>
<StgValue><ssdm name="logits_buf_1_44_load"/></StgValue>
</bind>
</comp>

<comp id="224" class="1000" name="logits_buf_1_45_load">
<pin_list>
<pin id="225" dir="1" index="0" bw="1" slack="0"/>
</pin_list>
<bind>
<StgValue><ssdm name="logits_buf_1_45_load"/></StgValue>
</bind>
</comp>

<comp id="226" class="1000" name="logits_buf_1_46_load">
<pin_list>
<pin id="227" dir="1" index="0" bw="1" slack="0"/>
</pin_list>
<bind>
<StgValue><ssdm name="logits_buf_1_46_load"/></StgValue>
</bind>
</comp>

<comp id="228" class="1000" name="logits_buf_1_47_load">
<pin_list>
<pin id="229" dir="1" index="0" bw="1" slack="0"/>
</pin_list>
<bind>
<StgValue><ssdm name="logits_buf_1_47_load"/></StgValue>
</bind>
</comp>

<comp id="230" class="1000" name="logits_buf_1_48_load">
<pin_list>
<pin id="231" dir="1" index="0" bw="1" slack="0"/>
</pin_list>
<bind>
<StgValue><ssdm name="logits_buf_1_48_load"/></StgValue>
</bind>
</comp>

<comp id="232" class="1000" name="logits_buf_1_49_load">
<pin_list>
<pin id="233" dir="1" index="0" bw="1" slack="0"/>
</pin_list>
<bind>
<StgValue><ssdm name="logits_buf_1_49_load"/></StgValue>
</bind>
</comp>

<comp id="234" class="1000" name="logits_buf_1_50_load">
<pin_list>
<pin id="235" dir="1" index="0" bw="1" slack="0"/>
</pin_list>
<bind>
<StgValue><ssdm name="logits_buf_1_50_load"/></StgValue>
</bind>
</comp>

<comp id="236" class="1000" name="logits_buf_1_51_load">
<pin_list>
<pin id="237" dir="1" index="0" bw="1" slack="0"/>
</pin_list>
<bind>
<StgValue><ssdm name="logits_buf_1_51_load"/></StgValue>
</bind>
</comp>

<comp id="238" class="1000" name="logits_buf_1_52_load">
<pin_list>
<pin id="239" dir="1" index="0" bw="1" slack="0"/>
</pin_list>
<bind>
<StgValue><ssdm name="logits_buf_1_52_load"/></StgValue>
</bind>
</comp>

<comp id="240" class="1000" name="logits_buf_1_53_load">
<pin_list>
<pin id="241" dir="1" index="0" bw="1" slack="0"/>
</pin_list>
<bind>
<StgValue><ssdm name="logits_buf_1_53_load"/></StgValue>
</bind>
</comp>

<comp id="242" class="1000" name="logits_buf_1_54_load">
<pin_list>
<pin id="243" dir="1" index="0" bw="1" slack="0"/>
</pin_list>
<bind>
<StgValue><ssdm name="logits_buf_1_54_load"/></StgValue>
</bind>
</comp>

<comp id="244" class="1000" name="logits_buf_1_55_load">
<pin_list>
<pin id="245" dir="1" index="0" bw="1" slack="0"/>
</pin_list>
<bind>
<StgValue><ssdm name="logits_buf_1_55_load"/></StgValue>
</bind>
</comp>

<comp id="246" class="1000" name="logits_buf_1_56_load">
<pin_list>
<pin id="247" dir="1" index="0" bw="1" slack="0"/>
</pin_list>
<bind>
<StgValue><ssdm name="logits_buf_1_56_load"/></StgValue>
</bind>
</comp>

<comp id="248" class="1000" name="logits_buf_1_57_load">
<pin_list>
<pin id="249" dir="1" index="0" bw="1" slack="0"/>
</pin_list>
<bind>
<StgValue><ssdm name="logits_buf_1_57_load"/></StgValue>
</bind>
</comp>

<comp id="250" class="1000" name="logits_buf_1_58_load">
<pin_list>
<pin id="251" dir="1" index="0" bw="1" slack="0"/>
</pin_list>
<bind>
<StgValue><ssdm name="logits_buf_1_58_load"/></StgValue>
</bind>
</comp>

<comp id="252" class="1000" name="logits_buf_1_59_load">
<pin_list>
<pin id="253" dir="1" index="0" bw="1" slack="0"/>
</pin_list>
<bind>
<StgValue><ssdm name="logits_buf_1_59_load"/></StgValue>
</bind>
</comp>

<comp id="254" class="1000" name="logits_buf_1_60_load">
<pin_list>
<pin id="255" dir="1" index="0" bw="1" slack="0"/>
</pin_list>
<bind>
<StgValue><ssdm name="logits_buf_1_60_load"/></StgValue>
</bind>
</comp>

<comp id="256" class="1000" name="logits_buf_1_61_load">
<pin_list>
<pin id="257" dir="1" index="0" bw="1" slack="0"/>
</pin_list>
<bind>
<StgValue><ssdm name="logits_buf_1_61_load"/></StgValue>
</bind>
</comp>

<comp id="258" class="1000" name="logits_buf_1_62_load">
<pin_list>
<pin id="259" dir="1" index="0" bw="1" slack="0"/>
</pin_list>
<bind>
<StgValue><ssdm name="logits_buf_1_62_load"/></StgValue>
</bind>
</comp>

<comp id="260" class="1000" name="logits_buf_1_63_load">
<pin_list>
<pin id="261" dir="1" index="0" bw="1" slack="0"/>
</pin_list>
<bind>
<StgValue><ssdm name="logits_buf_1_63_load"/></StgValue>
</bind>
</comp>

<comp id="262" class="1000" name="logits_buf_2_0_load">
<pin_list>
<pin id="263" dir="1" index="0" bw="1" slack="0"/>
</pin_list>
<bind>
<StgValue><ssdm name="logits_buf_2_0_load"/></StgValue>
</bind>
</comp>

<comp id="264" class="1000" name="logits_buf_2_1_load">
<pin_list>
<pin id="265" dir="1" index="0" bw="1" slack="0"/>
</pin_list>
<bind>
<StgValue><ssdm name="logits_buf_2_1_load"/></StgValue>
</bind>
</comp>

<comp id="266" class="1000" name="logits_buf_2_2_load">
<pin_list>
<pin id="267" dir="1" index="0" bw="1" slack="0"/>
</pin_list>
<bind>
<StgValue><ssdm name="logits_buf_2_2_load"/></StgValue>
</bind>
</comp>

<comp id="268" class="1000" name="logits_buf_2_3_load">
<pin_list>
<pin id="269" dir="1" index="0" bw="1" slack="0"/>
</pin_list>
<bind>
<StgValue><ssdm name="logits_buf_2_3_load"/></StgValue>
</bind>
</comp>

<comp id="270" class="1000" name="logits_buf_2_4_load">
<pin_list>
<pin id="271" dir="1" index="0" bw="1" slack="0"/>
</pin_list>
<bind>
<StgValue><ssdm name="logits_buf_2_4_load"/></StgValue>
</bind>
</comp>

<comp id="272" class="1000" name="logits_buf_2_5_load">
<pin_list>
<pin id="273" dir="1" index="0" bw="1" slack="0"/>
</pin_list>
<bind>
<StgValue><ssdm name="logits_buf_2_5_load"/></StgValue>
</bind>
</comp>

<comp id="274" class="1000" name="logits_buf_2_6_load">
<pin_list>
<pin id="275" dir="1" index="0" bw="1" slack="0"/>
</pin_list>
<bind>
<StgValue><ssdm name="logits_buf_2_6_load"/></StgValue>
</bind>
</comp>

<comp id="276" class="1000" name="logits_buf_2_7_load">
<pin_list>
<pin id="277" dir="1" index="0" bw="1" slack="0"/>
</pin_list>
<bind>
<StgValue><ssdm name="logits_buf_2_7_load"/></StgValue>
</bind>
</comp>

<comp id="278" class="1000" name="logits_buf_2_8_load">
<pin_list>
<pin id="279" dir="1" index="0" bw="1" slack="0"/>
</pin_list>
<bind>
<StgValue><ssdm name="logits_buf_2_8_load"/></StgValue>
</bind>
</comp>

<comp id="280" class="1000" name="logits_buf_2_9_load">
<pin_list>
<pin id="281" dir="1" index="0" bw="1" slack="0"/>
</pin_list>
<bind>
<StgValue><ssdm name="logits_buf_2_9_load"/></StgValue>
</bind>
</comp>

<comp id="282" class="1000" name="logits_buf_2_10_load">
<pin_list>
<pin id="283" dir="1" index="0" bw="1" slack="0"/>
</pin_list>
<bind>
<StgValue><ssdm name="logits_buf_2_10_load"/></StgValue>
</bind>
</comp>

<comp id="284" class="1000" name="logits_buf_2_11_load">
<pin_list>
<pin id="285" dir="1" index="0" bw="1" slack="0"/>
</pin_list>
<bind>
<StgValue><ssdm name="logits_buf_2_11_load"/></StgValue>
</bind>
</comp>

<comp id="286" class="1000" name="logits_buf_2_12_load">
<pin_list>
<pin id="287" dir="1" index="0" bw="1" slack="0"/>
</pin_list>
<bind>
<StgValue><ssdm name="logits_buf_2_12_load"/></StgValue>
</bind>
</comp>

<comp id="288" class="1000" name="logits_buf_2_13_load">
<pin_list>
<pin id="289" dir="1" index="0" bw="1" slack="0"/>
</pin_list>
<bind>
<StgValue><ssdm name="logits_buf_2_13_load"/></StgValue>
</bind>
</comp>

<comp id="290" class="1000" name="logits_buf_2_14_load">
<pin_list>
<pin id="291" dir="1" index="0" bw="1" slack="0"/>
</pin_list>
<bind>
<StgValue><ssdm name="logits_buf_2_14_load"/></StgValue>
</bind>
</comp>

<comp id="292" class="1000" name="logits_buf_2_15_load">
<pin_list>
<pin id="293" dir="1" index="0" bw="1" slack="0"/>
</pin_list>
<bind>
<StgValue><ssdm name="logits_buf_2_15_load"/></StgValue>
</bind>
</comp>

<comp id="294" class="1000" name="logits_buf_2_16_load">
<pin_list>
<pin id="295" dir="1" index="0" bw="1" slack="0"/>
</pin_list>
<bind>
<StgValue><ssdm name="logits_buf_2_16_load"/></StgValue>
</bind>
</comp>

<comp id="296" class="1000" name="logits_buf_2_17_load">
<pin_list>
<pin id="297" dir="1" index="0" bw="1" slack="0"/>
</pin_list>
<bind>
<StgValue><ssdm name="logits_buf_2_17_load"/></StgValue>
</bind>
</comp>

<comp id="298" class="1000" name="logits_buf_2_18_load">
<pin_list>
<pin id="299" dir="1" index="0" bw="1" slack="0"/>
</pin_list>
<bind>
<StgValue><ssdm name="logits_buf_2_18_load"/></StgValue>
</bind>
</comp>

<comp id="300" class="1000" name="logits_buf_2_19_load">
<pin_list>
<pin id="301" dir="1" index="0" bw="1" slack="0"/>
</pin_list>
<bind>
<StgValue><ssdm name="logits_buf_2_19_load"/></StgValue>
</bind>
</comp>

<comp id="302" class="1000" name="logits_buf_2_20_load">
<pin_list>
<pin id="303" dir="1" index="0" bw="1" slack="0"/>
</pin_list>
<bind>
<StgValue><ssdm name="logits_buf_2_20_load"/></StgValue>
</bind>
</comp>

<comp id="304" class="1000" name="logits_buf_2_21_load">
<pin_list>
<pin id="305" dir="1" index="0" bw="1" slack="0"/>
</pin_list>
<bind>
<StgValue><ssdm name="logits_buf_2_21_load"/></StgValue>
</bind>
</comp>

<comp id="306" class="1000" name="logits_buf_2_22_load">
<pin_list>
<pin id="307" dir="1" index="0" bw="1" slack="0"/>
</pin_list>
<bind>
<StgValue><ssdm name="logits_buf_2_22_load"/></StgValue>
</bind>
</comp>

<comp id="308" class="1000" name="logits_buf_2_23_load">
<pin_list>
<pin id="309" dir="1" index="0" bw="1" slack="0"/>
</pin_list>
<bind>
<StgValue><ssdm name="logits_buf_2_23_load"/></StgValue>
</bind>
</comp>

<comp id="310" class="1000" name="logits_buf_2_24_load">
<pin_list>
<pin id="311" dir="1" index="0" bw="1" slack="0"/>
</pin_list>
<bind>
<StgValue><ssdm name="logits_buf_2_24_load"/></StgValue>
</bind>
</comp>

<comp id="312" class="1000" name="logits_buf_2_25_load">
<pin_list>
<pin id="313" dir="1" index="0" bw="1" slack="0"/>
</pin_list>
<bind>
<StgValue><ssdm name="logits_buf_2_25_load"/></StgValue>
</bind>
</comp>

<comp id="314" class="1000" name="logits_buf_2_26_load">
<pin_list>
<pin id="315" dir="1" index="0" bw="1" slack="0"/>
</pin_list>
<bind>
<StgValue><ssdm name="logits_buf_2_26_load"/></StgValue>
</bind>
</comp>

<comp id="316" class="1000" name="logits_buf_2_27_load">
<pin_list>
<pin id="317" dir="1" index="0" bw="1" slack="0"/>
</pin_list>
<bind>
<StgValue><ssdm name="logits_buf_2_27_load"/></StgValue>
</bind>
</comp>

<comp id="318" class="1000" name="logits_buf_2_28_load">
<pin_list>
<pin id="319" dir="1" index="0" bw="1" slack="0"/>
</pin_list>
<bind>
<StgValue><ssdm name="logits_buf_2_28_load"/></StgValue>
</bind>
</comp>

<comp id="320" class="1000" name="logits_buf_2_29_load">
<pin_list>
<pin id="321" dir="1" index="0" bw="1" slack="0"/>
</pin_list>
<bind>
<StgValue><ssdm name="logits_buf_2_29_load"/></StgValue>
</bind>
</comp>

<comp id="322" class="1000" name="logits_buf_2_30_load">
<pin_list>
<pin id="323" dir="1" index="0" bw="1" slack="0"/>
</pin_list>
<bind>
<StgValue><ssdm name="logits_buf_2_30_load"/></StgValue>
</bind>
</comp>

<comp id="324" class="1000" name="logits_buf_2_31_load">
<pin_list>
<pin id="325" dir="1" index="0" bw="1" slack="0"/>
</pin_list>
<bind>
<StgValue><ssdm name="logits_buf_2_31_load"/></StgValue>
</bind>
</comp>

<comp id="326" class="1000" name="logits_buf_2_32_load">
<pin_list>
<pin id="327" dir="1" index="0" bw="1" slack="0"/>
</pin_list>
<bind>
<StgValue><ssdm name="logits_buf_2_32_load"/></StgValue>
</bind>
</comp>

<comp id="328" class="1000" name="logits_buf_2_33_load">
<pin_list>
<pin id="329" dir="1" index="0" bw="1" slack="0"/>
</pin_list>
<bind>
<StgValue><ssdm name="logits_buf_2_33_load"/></StgValue>
</bind>
</comp>

<comp id="330" class="1000" name="logits_buf_2_34_load">
<pin_list>
<pin id="331" dir="1" index="0" bw="1" slack="0"/>
</pin_list>
<bind>
<StgValue><ssdm name="logits_buf_2_34_load"/></StgValue>
</bind>
</comp>

<comp id="332" class="1000" name="logits_buf_2_35_load">
<pin_list>
<pin id="333" dir="1" index="0" bw="1" slack="0"/>
</pin_list>
<bind>
<StgValue><ssdm name="logits_buf_2_35_load"/></StgValue>
</bind>
</comp>

<comp id="334" class="1000" name="logits_buf_2_36_load">
<pin_list>
<pin id="335" dir="1" index="0" bw="1" slack="0"/>
</pin_list>
<bind>
<StgValue><ssdm name="logits_buf_2_36_load"/></StgValue>
</bind>
</comp>

<comp id="336" class="1000" name="logits_buf_2_37_load">
<pin_list>
<pin id="337" dir="1" index="0" bw="1" slack="0"/>
</pin_list>
<bind>
<StgValue><ssdm name="logits_buf_2_37_load"/></StgValue>
</bind>
</comp>

<comp id="338" class="1000" name="logits_buf_2_38_load">
<pin_list>
<pin id="339" dir="1" index="0" bw="1" slack="0"/>
</pin_list>
<bind>
<StgValue><ssdm name="logits_buf_2_38_load"/></StgValue>
</bind>
</comp>

<comp id="340" class="1000" name="logits_buf_2_39_load">
<pin_list>
<pin id="341" dir="1" index="0" bw="1" slack="0"/>
</pin_list>
<bind>
<StgValue><ssdm name="logits_buf_2_39_load"/></StgValue>
</bind>
</comp>

<comp id="342" class="1000" name="logits_buf_2_40_load">
<pin_list>
<pin id="343" dir="1" index="0" bw="1" slack="0"/>
</pin_list>
<bind>
<StgValue><ssdm name="logits_buf_2_40_load"/></StgValue>
</bind>
</comp>

<comp id="344" class="1000" name="logits_buf_2_41_load">
<pin_list>
<pin id="345" dir="1" index="0" bw="1" slack="0"/>
</pin_list>
<bind>
<StgValue><ssdm name="logits_buf_2_41_load"/></StgValue>
</bind>
</comp>

<comp id="346" class="1000" name="logits_buf_2_42_load">
<pin_list>
<pin id="347" dir="1" index="0" bw="1" slack="0"/>
</pin_list>
<bind>
<StgValue><ssdm name="logits_buf_2_42_load"/></StgValue>
</bind>
</comp>

<comp id="348" class="1000" name="logits_buf_2_43_load">
<pin_list>
<pin id="349" dir="1" index="0" bw="1" slack="0"/>
</pin_list>
<bind>
<StgValue><ssdm name="logits_buf_2_43_load"/></StgValue>
</bind>
</comp>

<comp id="350" class="1000" name="logits_buf_2_44_load">
<pin_list>
<pin id="351" dir="1" index="0" bw="1" slack="0"/>
</pin_list>
<bind>
<StgValue><ssdm name="logits_buf_2_44_load"/></StgValue>
</bind>
</comp>

<comp id="352" class="1000" name="logits_buf_2_45_load">
<pin_list>
<pin id="353" dir="1" index="0" bw="1" slack="0"/>
</pin_list>
<bind>
<StgValue><ssdm name="logits_buf_2_45_load"/></StgValue>
</bind>
</comp>

<comp id="354" class="1000" name="logits_buf_2_46_load">
<pin_list>
<pin id="355" dir="1" index="0" bw="1" slack="0"/>
</pin_list>
<bind>
<StgValue><ssdm name="logits_buf_2_46_load"/></StgValue>
</bind>
</comp>

<comp id="356" class="1000" name="logits_buf_2_47_load">
<pin_list>
<pin id="357" dir="1" index="0" bw="1" slack="0"/>
</pin_list>
<bind>
<StgValue><ssdm name="logits_buf_2_47_load"/></StgValue>
</bind>
</comp>

<comp id="358" class="1000" name="logits_buf_2_48_load">
<pin_list>
<pin id="359" dir="1" index="0" bw="1" slack="0"/>
</pin_list>
<bind>
<StgValue><ssdm name="logits_buf_2_48_load"/></StgValue>
</bind>
</comp>

<comp id="360" class="1000" name="logits_buf_2_49_load">
<pin_list>
<pin id="361" dir="1" index="0" bw="1" slack="0"/>
</pin_list>
<bind>
<StgValue><ssdm name="logits_buf_2_49_load"/></StgValue>
</bind>
</comp>

<comp id="362" class="1000" name="logits_buf_2_50_load">
<pin_list>
<pin id="363" dir="1" index="0" bw="1" slack="0"/>
</pin_list>
<bind>
<StgValue><ssdm name="logits_buf_2_50_load"/></StgValue>
</bind>
</comp>

<comp id="364" class="1000" name="logits_buf_2_51_load">
<pin_list>
<pin id="365" dir="1" index="0" bw="1" slack="0"/>
</pin_list>
<bind>
<StgValue><ssdm name="logits_buf_2_51_load"/></StgValue>
</bind>
</comp>

<comp id="366" class="1000" name="logits_buf_2_52_load">
<pin_list>
<pin id="367" dir="1" index="0" bw="1" slack="0"/>
</pin_list>
<bind>
<StgValue><ssdm name="logits_buf_2_52_load"/></StgValue>
</bind>
</comp>

<comp id="368" class="1000" name="logits_buf_2_53_load">
<pin_list>
<pin id="369" dir="1" index="0" bw="1" slack="0"/>
</pin_list>
<bind>
<StgValue><ssdm name="logits_buf_2_53_load"/></StgValue>
</bind>
</comp>

<comp id="370" class="1000" name="logits_buf_2_54_load">
<pin_list>
<pin id="371" dir="1" index="0" bw="1" slack="0"/>
</pin_list>
<bind>
<StgValue><ssdm name="logits_buf_2_54_load"/></StgValue>
</bind>
</comp>

<comp id="372" class="1000" name="logits_buf_2_55_load">
<pin_list>
<pin id="373" dir="1" index="0" bw="1" slack="0"/>
</pin_list>
<bind>
<StgValue><ssdm name="logits_buf_2_55_load"/></StgValue>
</bind>
</comp>

<comp id="374" class="1000" name="logits_buf_2_56_load">
<pin_list>
<pin id="375" dir="1" index="0" bw="1" slack="0"/>
</pin_list>
<bind>
<StgValue><ssdm name="logits_buf_2_56_load"/></StgValue>
</bind>
</comp>

<comp id="376" class="1000" name="logits_buf_2_57_load">
<pin_list>
<pin id="377" dir="1" index="0" bw="1" slack="0"/>
</pin_list>
<bind>
<StgValue><ssdm name="logits_buf_2_57_load"/></StgValue>
</bind>
</comp>

<comp id="378" class="1000" name="logits_buf_2_58_load">
<pin_list>
<pin id="379" dir="1" index="0" bw="1" slack="0"/>
</pin_list>
<bind>
<StgValue><ssdm name="logits_buf_2_58_load"/></StgValue>
</bind>
</comp>

<comp id="380" class="1000" name="logits_buf_2_59_load">
<pin_list>
<pin id="381" dir="1" index="0" bw="1" slack="0"/>
</pin_list>
<bind>
<StgValue><ssdm name="logits_buf_2_59_load"/></StgValue>
</bind>
</comp>

<comp id="382" class="1000" name="logits_buf_2_60_load">
<pin_list>
<pin id="383" dir="1" index="0" bw="1" slack="0"/>
</pin_list>
<bind>
<StgValue><ssdm name="logits_buf_2_60_load"/></StgValue>
</bind>
</comp>

<comp id="384" class="1000" name="logits_buf_2_61_load">
<pin_list>
<pin id="385" dir="1" index="0" bw="1" slack="0"/>
</pin_list>
<bind>
<StgValue><ssdm name="logits_buf_2_61_load"/></StgValue>
</bind>
</comp>

<comp id="386" class="1000" name="logits_buf_2_62_load">
<pin_list>
<pin id="387" dir="1" index="0" bw="1" slack="0"/>
</pin_list>
<bind>
<StgValue><ssdm name="logits_buf_2_62_load"/></StgValue>
</bind>
</comp>

<comp id="388" class="1000" name="logits_buf_2_63_load">
<pin_list>
<pin id="389" dir="1" index="0" bw="1" slack="0"/>
</pin_list>
<bind>
<StgValue><ssdm name="logits_buf_2_63_load"/></StgValue>
</bind>
</comp>

<comp id="390" class="1000" name="logits_buf_3_0_load">
<pin_list>
<pin id="391" dir="1" index="0" bw="1" slack="0"/>
</pin_list>
<bind>
<StgValue><ssdm name="logits_buf_3_0_load"/></StgValue>
</bind>
</comp>

<comp id="392" class="1000" name="logits_buf_3_1_load">
<pin_list>
<pin id="393" dir="1" index="0" bw="1" slack="0"/>
</pin_list>
<bind>
<StgValue><ssdm name="logits_buf_3_1_load"/></StgValue>
</bind>
</comp>

<comp id="394" class="1000" name="logits_buf_3_2_load">
<pin_list>
<pin id="395" dir="1" index="0" bw="1" slack="0"/>
</pin_list>
<bind>
<StgValue><ssdm name="logits_buf_3_2_load"/></StgValue>
</bind>
</comp>

<comp id="396" class="1000" name="logits_buf_3_3_load">
<pin_list>
<pin id="397" dir="1" index="0" bw="1" slack="0"/>
</pin_list>
<bind>
<StgValue><ssdm name="logits_buf_3_3_load"/></StgValue>
</bind>
</comp>

<comp id="398" class="1000" name="logits_buf_3_4_load">
<pin_list>
<pin id="399" dir="1" index="0" bw="1" slack="0"/>
</pin_list>
<bind>
<StgValue><ssdm name="logits_buf_3_4_load"/></StgValue>
</bind>
</comp>

<comp id="400" class="1000" name="logits_buf_3_5_load">
<pin_list>
<pin id="401" dir="1" index="0" bw="1" slack="0"/>
</pin_list>
<bind>
<StgValue><ssdm name="logits_buf_3_5_load"/></StgValue>
</bind>
</comp>

<comp id="402" class="1000" name="logits_buf_3_6_load">
<pin_list>
<pin id="403" dir="1" index="0" bw="1" slack="0"/>
</pin_list>
<bind>
<StgValue><ssdm name="logits_buf_3_6_load"/></StgValue>
</bind>
</comp>

<comp id="404" class="1000" name="logits_buf_3_7_load">
<pin_list>
<pin id="405" dir="1" index="0" bw="1" slack="0"/>
</pin_list>
<bind>
<StgValue><ssdm name="logits_buf_3_7_load"/></StgValue>
</bind>
</comp>

<comp id="406" class="1000" name="logits_buf_3_8_load">
<pin_list>
<pin id="407" dir="1" index="0" bw="1" slack="0"/>
</pin_list>
<bind>
<StgValue><ssdm name="logits_buf_3_8_load"/></StgValue>
</bind>
</comp>

<comp id="408" class="1000" name="logits_buf_3_9_load">
<pin_list>
<pin id="409" dir="1" index="0" bw="1" slack="0"/>
</pin_list>
<bind>
<StgValue><ssdm name="logits_buf_3_9_load"/></StgValue>
</bind>
</comp>

<comp id="410" class="1000" name="logits_buf_3_10_load">
<pin_list>
<pin id="411" dir="1" index="0" bw="1" slack="0"/>
</pin_list>
<bind>
<StgValue><ssdm name="logits_buf_3_10_load"/></StgValue>
</bind>
</comp>

<comp id="412" class="1000" name="logits_buf_3_11_load">
<pin_list>
<pin id="413" dir="1" index="0" bw="1" slack="0"/>
</pin_list>
<bind>
<StgValue><ssdm name="logits_buf_3_11_load"/></StgValue>
</bind>
</comp>

<comp id="414" class="1000" name="logits_buf_3_12_load">
<pin_list>
<pin id="415" dir="1" index="0" bw="1" slack="0"/>
</pin_list>
<bind>
<StgValue><ssdm name="logits_buf_3_12_load"/></StgValue>
</bind>
</comp>

<comp id="416" class="1000" name="logits_buf_3_13_load">
<pin_list>
<pin id="417" dir="1" index="0" bw="1" slack="0"/>
</pin_list>
<bind>
<StgValue><ssdm name="logits_buf_3_13_load"/></StgValue>
</bind>
</comp>

<comp id="418" class="1000" name="logits_buf_3_14_load">
<pin_list>
<pin id="419" dir="1" index="0" bw="1" slack="0"/>
</pin_list>
<bind>
<StgValue><ssdm name="logits_buf_3_14_load"/></StgValue>
</bind>
</comp>

<comp id="420" class="1000" name="logits_buf_3_15_load">
<pin_list>
<pin id="421" dir="1" index="0" bw="1" slack="0"/>
</pin_list>
<bind>
<StgValue><ssdm name="logits_buf_3_15_load"/></StgValue>
</bind>
</comp>

<comp id="422" class="1000" name="logits_buf_3_16_load">
<pin_list>
<pin id="423" dir="1" index="0" bw="1" slack="0"/>
</pin_list>
<bind>
<StgValue><ssdm name="logits_buf_3_16_load"/></StgValue>
</bind>
</comp>

<comp id="424" class="1000" name="logits_buf_3_17_load">
<pin_list>
<pin id="425" dir="1" index="0" bw="1" slack="0"/>
</pin_list>
<bind>
<StgValue><ssdm name="logits_buf_3_17_load"/></StgValue>
</bind>
</comp>

<comp id="426" class="1000" name="logits_buf_3_18_load">
<pin_list>
<pin id="427" dir="1" index="0" bw="1" slack="0"/>
</pin_list>
<bind>
<StgValue><ssdm name="logits_buf_3_18_load"/></StgValue>
</bind>
</comp>

<comp id="428" class="1000" name="logits_buf_3_19_load">
<pin_list>
<pin id="429" dir="1" index="0" bw="1" slack="0"/>
</pin_list>
<bind>
<StgValue><ssdm name="logits_buf_3_19_load"/></StgValue>
</bind>
</comp>

<comp id="430" class="1000" name="logits_buf_3_20_load">
<pin_list>
<pin id="431" dir="1" index="0" bw="1" slack="0"/>
</pin_list>
<bind>
<StgValue><ssdm name="logits_buf_3_20_load"/></StgValue>
</bind>
</comp>

<comp id="432" class="1000" name="logits_buf_3_21_load">
<pin_list>
<pin id="433" dir="1" index="0" bw="1" slack="0"/>
</pin_list>
<bind>
<StgValue><ssdm name="logits_buf_3_21_load"/></StgValue>
</bind>
</comp>

<comp id="434" class="1000" name="logits_buf_3_22_load">
<pin_list>
<pin id="435" dir="1" index="0" bw="1" slack="0"/>
</pin_list>
<bind>
<StgValue><ssdm name="logits_buf_3_22_load"/></StgValue>
</bind>
</comp>

<comp id="436" class="1000" name="logits_buf_3_23_load">
<pin_list>
<pin id="437" dir="1" index="0" bw="1" slack="0"/>
</pin_list>
<bind>
<StgValue><ssdm name="logits_buf_3_23_load"/></StgValue>
</bind>
</comp>

<comp id="438" class="1000" name="logits_buf_3_24_load">
<pin_list>
<pin id="439" dir="1" index="0" bw="1" slack="0"/>
</pin_list>
<bind>
<StgValue><ssdm name="logits_buf_3_24_load"/></StgValue>
</bind>
</comp>

<comp id="440" class="1000" name="logits_buf_3_25_load">
<pin_list>
<pin id="441" dir="1" index="0" bw="1" slack="0"/>
</pin_list>
<bind>
<StgValue><ssdm name="logits_buf_3_25_load"/></StgValue>
</bind>
</comp>

<comp id="442" class="1000" name="logits_buf_3_26_load">
<pin_list>
<pin id="443" dir="1" index="0" bw="1" slack="0"/>
</pin_list>
<bind>
<StgValue><ssdm name="logits_buf_3_26_load"/></StgValue>
</bind>
</comp>

<comp id="444" class="1000" name="logits_buf_3_27_load">
<pin_list>
<pin id="445" dir="1" index="0" bw="1" slack="0"/>
</pin_list>
<bind>
<StgValue><ssdm name="logits_buf_3_27_load"/></StgValue>
</bind>
</comp>

<comp id="446" class="1000" name="logits_buf_3_28_load">
<pin_list>
<pin id="447" dir="1" index="0" bw="1" slack="0"/>
</pin_list>
<bind>
<StgValue><ssdm name="logits_buf_3_28_load"/></StgValue>
</bind>
</comp>

<comp id="448" class="1000" name="logits_buf_3_29_load">
<pin_list>
<pin id="449" dir="1" index="0" bw="1" slack="0"/>
</pin_list>
<bind>
<StgValue><ssdm name="logits_buf_3_29_load"/></StgValue>
</bind>
</comp>

<comp id="450" class="1000" name="logits_buf_3_30_load">
<pin_list>
<pin id="451" dir="1" index="0" bw="1" slack="0"/>
</pin_list>
<bind>
<StgValue><ssdm name="logits_buf_3_30_load"/></StgValue>
</bind>
</comp>

<comp id="452" class="1000" name="logits_buf_3_31_load">
<pin_list>
<pin id="453" dir="1" index="0" bw="1" slack="0"/>
</pin_list>
<bind>
<StgValue><ssdm name="logits_buf_3_31_load"/></StgValue>
</bind>
</comp>

<comp id="454" class="1000" name="logits_buf_3_32_load">
<pin_list>
<pin id="455" dir="1" index="0" bw="1" slack="0"/>
</pin_list>
<bind>
<StgValue><ssdm name="logits_buf_3_32_load"/></StgValue>
</bind>
</comp>

<comp id="456" class="1000" name="logits_buf_3_33_load">
<pin_list>
<pin id="457" dir="1" index="0" bw="1" slack="0"/>
</pin_list>
<bind>
<StgValue><ssdm name="logits_buf_3_33_load"/></StgValue>
</bind>
</comp>

<comp id="458" class="1000" name="logits_buf_3_34_load">
<pin_list>
<pin id="459" dir="1" index="0" bw="1" slack="0"/>
</pin_list>
<bind>
<StgValue><ssdm name="logits_buf_3_34_load"/></StgValue>
</bind>
</comp>

<comp id="460" class="1000" name="logits_buf_3_35_load">
<pin_list>
<pin id="461" dir="1" index="0" bw="1" slack="0"/>
</pin_list>
<bind>
<StgValue><ssdm name="logits_buf_3_35_load"/></StgValue>
</bind>
</comp>

<comp id="462" class="1000" name="logits_buf_3_36_load">
<pin_list>
<pin id="463" dir="1" index="0" bw="1" slack="0"/>
</pin_list>
<bind>
<StgValue><ssdm name="logits_buf_3_36_load"/></StgValue>
</bind>
</comp>

<comp id="464" class="1000" name="logits_buf_3_37_load">
<pin_list>
<pin id="465" dir="1" index="0" bw="1" slack="0"/>
</pin_list>
<bind>
<StgValue><ssdm name="logits_buf_3_37_load"/></StgValue>
</bind>
</comp>

<comp id="466" class="1000" name="logits_buf_3_38_load">
<pin_list>
<pin id="467" dir="1" index="0" bw="1" slack="0"/>
</pin_list>
<bind>
<StgValue><ssdm name="logits_buf_3_38_load"/></StgValue>
</bind>
</comp>

<comp id="468" class="1000" name="logits_buf_3_39_load">
<pin_list>
<pin id="469" dir="1" index="0" bw="1" slack="0"/>
</pin_list>
<bind>
<StgValue><ssdm name="logits_buf_3_39_load"/></StgValue>
</bind>
</comp>

<comp id="470" class="1000" name="logits_buf_3_40_load">
<pin_list>
<pin id="471" dir="1" index="0" bw="1" slack="0"/>
</pin_list>
<bind>
<StgValue><ssdm name="logits_buf_3_40_load"/></StgValue>
</bind>
</comp>

<comp id="472" class="1000" name="logits_buf_3_41_load">
<pin_list>
<pin id="473" dir="1" index="0" bw="1" slack="0"/>
</pin_list>
<bind>
<StgValue><ssdm name="logits_buf_3_41_load"/></StgValue>
</bind>
</comp>

<comp id="474" class="1000" name="logits_buf_3_42_load">
<pin_list>
<pin id="475" dir="1" index="0" bw="1" slack="0"/>
</pin_list>
<bind>
<StgValue><ssdm name="logits_buf_3_42_load"/></StgValue>
</bind>
</comp>

<comp id="476" class="1000" name="logits_buf_3_43_load">
<pin_list>
<pin id="477" dir="1" index="0" bw="1" slack="0"/>
</pin_list>
<bind>
<StgValue><ssdm name="logits_buf_3_43_load"/></StgValue>
</bind>
</comp>

<comp id="478" class="1000" name="logits_buf_3_44_load">
<pin_list>
<pin id="479" dir="1" index="0" bw="1" slack="0"/>
</pin_list>
<bind>
<StgValue><ssdm name="logits_buf_3_44_load"/></StgValue>
</bind>
</comp>

<comp id="480" class="1000" name="logits_buf_3_45_load">
<pin_list>
<pin id="481" dir="1" index="0" bw="1" slack="0"/>
</pin_list>
<bind>
<StgValue><ssdm name="logits_buf_3_45_load"/></StgValue>
</bind>
</comp>

<comp id="482" class="1000" name="logits_buf_3_46_load">
<pin_list>
<pin id="483" dir="1" index="0" bw="1" slack="0"/>
</pin_list>
<bind>
<StgValue><ssdm name="logits_buf_3_46_load"/></StgValue>
</bind>
</comp>

<comp id="484" class="1000" name="logits_buf_3_47_load">
<pin_list>
<pin id="485" dir="1" index="0" bw="1" slack="0"/>
</pin_list>
<bind>
<StgValue><ssdm name="logits_buf_3_47_load"/></StgValue>
</bind>
</comp>

<comp id="486" class="1000" name="logits_buf_3_48_load">
<pin_list>
<pin id="487" dir="1" index="0" bw="1" slack="0"/>
</pin_list>
<bind>
<StgValue><ssdm name="logits_buf_3_48_load"/></StgValue>
</bind>
</comp>

<comp id="488" class="1000" name="logits_buf_3_49_load">
<pin_list>
<pin id="489" dir="1" index="0" bw="1" slack="0"/>
</pin_list>
<bind>
<StgValue><ssdm name="logits_buf_3_49_load"/></StgValue>
</bind>
</comp>

<comp id="490" class="1000" name="logits_buf_3_50_load">
<pin_list>
<pin id="491" dir="1" index="0" bw="1" slack="0"/>
</pin_list>
<bind>
<StgValue><ssdm name="logits_buf_3_50_load"/></StgValue>
</bind>
</comp>

<comp id="492" class="1000" name="logits_buf_3_51_load">
<pin_list>
<pin id="493" dir="1" index="0" bw="1" slack="0"/>
</pin_list>
<bind>
<StgValue><ssdm name="logits_buf_3_51_load"/></StgValue>
</bind>
</comp>

<comp id="494" class="1000" name="logits_buf_3_52_load">
<pin_list>
<pin id="495" dir="1" index="0" bw="1" slack="0"/>
</pin_list>
<bind>
<StgValue><ssdm name="logits_buf_3_52_load"/></StgValue>
</bind>
</comp>

<comp id="496" class="1000" name="logits_buf_3_53_load">
<pin_list>
<pin id="497" dir="1" index="0" bw="1" slack="0"/>
</pin_list>
<bind>
<StgValue><ssdm name="logits_buf_3_53_load"/></StgValue>
</bind>
</comp>

<comp id="498" class="1000" name="logits_buf_3_54_load">
<pin_list>
<pin id="499" dir="1" index="0" bw="1" slack="0"/>
</pin_list>
<bind>
<StgValue><ssdm name="logits_buf_3_54_load"/></StgValue>
</bind>
</comp>

<comp id="500" class="1000" name="logits_buf_3_55_load">
<pin_list>
<pin id="501" dir="1" index="0" bw="1" slack="0"/>
</pin_list>
<bind>
<StgValue><ssdm name="logits_buf_3_55_load"/></StgValue>
</bind>
</comp>

<comp id="502" class="1000" name="logits_buf_3_56_load">
<pin_list>
<pin id="503" dir="1" index="0" bw="1" slack="0"/>
</pin_list>
<bind>
<StgValue><ssdm name="logits_buf_3_56_load"/></StgValue>
</bind>
</comp>

<comp id="504" class="1000" name="logits_buf_3_57_load">
<pin_list>
<pin id="505" dir="1" index="0" bw="1" slack="0"/>
</pin_list>
<bind>
<StgValue><ssdm name="logits_buf_3_57_load"/></StgValue>
</bind>
</comp>

<comp id="506" class="1000" name="logits_buf_3_58_load">
<pin_list>
<pin id="507" dir="1" index="0" bw="1" slack="0"/>
</pin_list>
<bind>
<StgValue><ssdm name="logits_buf_3_58_load"/></StgValue>
</bind>
</comp>

<comp id="508" class="1000" name="logits_buf_3_59_load">
<pin_list>
<pin id="509" dir="1" index="0" bw="1" slack="0"/>
</pin_list>
<bind>
<StgValue><ssdm name="logits_buf_3_59_load"/></StgValue>
</bind>
</comp>

<comp id="510" class="1000" name="logits_buf_3_60_load">
<pin_list>
<pin id="511" dir="1" index="0" bw="1" slack="0"/>
</pin_list>
<bind>
<StgValue><ssdm name="logits_buf_3_60_load"/></StgValue>
</bind>
</comp>

<comp id="512" class="1000" name="logits_buf_3_61_load">
<pin_list>
<pin id="513" dir="1" index="0" bw="1" slack="0"/>
</pin_list>
<bind>
<StgValue><ssdm name="logits_buf_3_61_load"/></StgValue>
</bind>
</comp>

<comp id="514" class="1000" name="logits_buf_3_62_load">
<pin_list>
<pin id="515" dir="1" index="0" bw="1" slack="0"/>
</pin_list>
<bind>
<StgValue><ssdm name="logits_buf_3_62_load"/></StgValue>
</bind>
</comp>

<comp id="516" class="1000" name="logits_buf_3_63_load">
<pin_list>
<pin id="517" dir="1" index="0" bw="1" slack="0"/>
</pin_list>
<bind>
<StgValue><ssdm name="logits_buf_3_63_load"/></StgValue>
</bind>
</comp>

<comp id="518" class="1000" name="exp_stream">
<pin_list>
<pin id="519" dir="1" index="0" bw="1" slack="0"/>
</pin_list>
<bind>
<StgValue><ssdm name="exp_stream"/></StgValue>
</bind>
</comp>

<comp id="520" class="1001" name="const_520">
<pin_list>
<pin id="521" dir="1" index="0" bw="1" slack="0"/>
</pin_list>
<bind>
<StgValue><ssdm name=""/></StgValue>
</bind>
</comp>

<comp id="522" class="1001" name="const_522">
<pin_list>
<pin id="523" dir="1" index="0" bw="1" slack="2147483647"/>
</pin_list>
<bind>
<StgValue><ssdm name="_ssdm_op_SpecStableContent"/></StgValue>
</bind>
</comp>

<comp id="524" class="1001" name="const_524">
<pin_list>
<pin id="525" dir="1" index="0" bw="1" slack="0"/>
</pin_list>
<bind>
<StgValue><ssdm name=""/></StgValue>
</bind>
</comp>

<comp id="526" class="1001" name="const_526">
<pin_list>
<pin id="527" dir="1" index="0" bw="1" slack="2147483647"/>
</pin_list>
<bind>
<StgValue><ssdm name="p_str"/></StgValue>
</bind>
</comp>

<comp id="528" class="1001" name="const_528">
<pin_list>
<pin id="529" dir="1" index="0" bw="1" slack="2147483647"/>
</pin_list>
<bind>
<StgValue><ssdm name="_ssdm_op_SpecInterface"/></StgValue>
</bind>
</comp>

<comp id="530" class="1001" name="const_530">
<pin_list>
<pin id="531" dir="1" index="0" bw="1" slack="2147483647"/>
</pin_list>
<bind>
<StgValue><ssdm name="empty_9"/></StgValue>
</bind>
</comp>

<comp id="532" class="1001" name="const_532">
<pin_list>
<pin id="533" dir="1" index="0" bw="1" slack="0"/>
</pin_list>
<bind>
<StgValue><ssdm name=""/></StgValue>
</bind>
</comp>

<comp id="534" class="1001" name="const_534">
<pin_list>
<pin id="535" dir="1" index="0" bw="1" slack="2147483647"/>
</pin_list>
<bind>
<StgValue><ssdm name="empty_2"/></StgValue>
</bind>
</comp>

<comp id="536" class="1001" name="const_536">
<pin_list>
<pin id="537" dir="1" index="0" bw="1" slack="2147483647"/>
</pin_list>
<bind>
<StgValue><ssdm name=""/></StgValue>
</bind>
</comp>

<comp id="538" class="1001" name="const_538">
<pin_list>
<pin id="539" dir="1" index="0" bw="1" slack="0"/>
</pin_list>
<bind>
<StgValue><ssdm name="_ssdm_op_Read.ap_auto.i32"/></StgValue>
</bind>
</comp>

<comp id="540" class="1001" name="const_540">
<pin_list>
<pin id="541" dir="1" index="0" bw="1" slack="0"/>
</pin_list>
<bind>
<StgValue><ssdm name="_ssdm_op_Read.ap_auto.i9"/></StgValue>
</bind>
</comp>

<comp id="542" class="1001" name="const_542">
<pin_list>
<pin id="543" dir="1" index="0" bw="1" slack="0"/>
</pin_list>
<bind>
<StgValue><ssdm name="_ssdm_op_Read.ap_auto.i7"/></StgValue>
</bind>
</comp>

<comp id="544" class="1001" name="const_544">
<pin_list>
<pin id="545" dir="1" index="0" bw="1" slack="0"/>
</pin_list>
<bind>
<StgValue><ssdm name=""/></StgValue>
</bind>
</comp>

<comp id="546" class="1001" name="const_546">
<pin_list>
<pin id="547" dir="1" index="0" bw="1" slack="2147483647"/>
</pin_list>
<bind>
<StgValue><ssdm name="_ssdm_op_SpecLoopTripCount"/></StgValue>
</bind>
</comp>

<comp id="548" class="1001" name="const_548">
<pin_list>
<pin id="549" dir="1" index="0" bw="1" slack="2147483647"/>
</pin_list>
<bind>
<StgValue><ssdm name=""/></StgValue>
</bind>
</comp>

<comp id="550" class="1001" name="const_550">
<pin_list>
<pin id="551" dir="1" index="0" bw="1" slack="2147483647"/>
</pin_list>
<bind>
<StgValue><ssdm name=""/></StgValue>
</bind>
</comp>

<comp id="552" class="1001" name="const_552">
<pin_list>
<pin id="553" dir="1" index="0" bw="1" slack="2147483647"/>
</pin_list>
<bind>
<StgValue><ssdm name=""/></StgValue>
</bind>
</comp>

<comp id="554" class="1001" name="const_554">
<pin_list>
<pin id="555" dir="1" index="0" bw="1" slack="0"/>
</pin_list>
<bind>
<StgValue><ssdm name=""/></StgValue>
</bind>
</comp>

<comp id="556" class="1001" name="const_556">
<pin_list>
<pin id="557" dir="1" index="0" bw="1" slack="0"/>
</pin_list>
<bind>
<StgValue><ssdm name="_ssdm_op_BitConcatenate.i8.i6.i2"/></StgValue>
</bind>
</comp>

<comp id="558" class="1001" name="const_558">
<pin_list>
<pin id="559" dir="1" index="0" bw="1" slack="0"/>
</pin_list>
<bind>
<StgValue><ssdm name=""/></StgValue>
</bind>
</comp>

<comp id="560" class="1001" name="const_560">
<pin_list>
<pin id="561" dir="1" index="0" bw="1" slack="0"/>
</pin_list>
<bind>
<StgValue><ssdm name="_ssdm_op_SparseMux.ap_auto.64i32.i32.i6"/></StgValue>
</bind>
</comp>

<comp id="562" class="1001" name="const_562">
<pin_list>
<pin id="563" dir="1" index="0" bw="1" slack="0"/>
</pin_list>
<bind>
<StgValue><ssdm name=""/></StgValue>
</bind>
</comp>

<comp id="564" class="1001" name="const_564">
<pin_list>
<pin id="565" dir="1" index="0" bw="1" slack="0"/>
</pin_list>
<bind>
<StgValue><ssdm name=""/></StgValue>
</bind>
</comp>

<comp id="566" class="1001" name="const_566">
<pin_list>
<pin id="567" dir="1" index="0" bw="1" slack="0"/>
</pin_list>
<bind>
<StgValue><ssdm name=""/></StgValue>
</bind>
</comp>

<comp id="568" class="1001" name="const_568">
<pin_list>
<pin id="569" dir="1" index="0" bw="1" slack="0"/>
</pin_list>
<bind>
<StgValue><ssdm name=""/></StgValue>
</bind>
</comp>

<comp id="570" class="1001" name="const_570">
<pin_list>
<pin id="571" dir="1" index="0" bw="1" slack="0"/>
</pin_list>
<bind>
<StgValue><ssdm name=""/></StgValue>
</bind>
</comp>

<comp id="572" class="1001" name="const_572">
<pin_list>
<pin id="573" dir="1" index="0" bw="1" slack="0"/>
</pin_list>
<bind>
<StgValue><ssdm name=""/></StgValue>
</bind>
</comp>

<comp id="574" class="1001" name="const_574">
<pin_list>
<pin id="575" dir="1" index="0" bw="1" slack="0"/>
</pin_list>
<bind>
<StgValue><ssdm name=""/></StgValue>
</bind>
</comp>

<comp id="576" class="1001" name="const_576">
<pin_list>
<pin id="577" dir="1" index="0" bw="1" slack="0"/>
</pin_list>
<bind>
<StgValue><ssdm name=""/></StgValue>
</bind>
</comp>

<comp id="578" class="1001" name="const_578">
<pin_list>
<pin id="579" dir="1" index="0" bw="1" slack="0"/>
</pin_list>
<bind>
<StgValue><ssdm name=""/></StgValue>
</bind>
</comp>

<comp id="580" class="1001" name="const_580">
<pin_list>
<pin id="581" dir="1" index="0" bw="1" slack="0"/>
</pin_list>
<bind>
<StgValue><ssdm name=""/></StgValue>
</bind>
</comp>

<comp id="582" class="1001" name="const_582">
<pin_list>
<pin id="583" dir="1" index="0" bw="1" slack="0"/>
</pin_list>
<bind>
<StgValue><ssdm name=""/></StgValue>
</bind>
</comp>

<comp id="584" class="1001" name="const_584">
<pin_list>
<pin id="585" dir="1" index="0" bw="1" slack="0"/>
</pin_list>
<bind>
<StgValue><ssdm name=""/></StgValue>
</bind>
</comp>

<comp id="586" class="1001" name="const_586">
<pin_list>
<pin id="587" dir="1" index="0" bw="1" slack="0"/>
</pin_list>
<bind>
<StgValue><ssdm name=""/></StgValue>
</bind>
</comp>

<comp id="588" class="1001" name="const_588">
<pin_list>
<pin id="589" dir="1" index="0" bw="1" slack="0"/>
</pin_list>
<bind>
<StgValue><ssdm name=""/></StgValue>
</bind>
</comp>

<comp id="590" class="1001" name="const_590">
<pin_list>
<pin id="591" dir="1" index="0" bw="1" slack="0"/>
</pin_list>
<bind>
<StgValue><ssdm name=""/></StgValue>
</bind>
</comp>

<comp id="592" class="1001" name="const_592">
<pin_list>
<pin id="593" dir="1" index="0" bw="1" slack="0"/>
</pin_list>
<bind>
<StgValue><ssdm name=""/></StgValue>
</bind>
</comp>

<comp id="594" class="1001" name="const_594">
<pin_list>
<pin id="595" dir="1" index="0" bw="1" slack="0"/>
</pin_list>
<bind>
<StgValue><ssdm name=""/></StgValue>
</bind>
</comp>

<comp id="596" class="1001" name="const_596">
<pin_list>
<pin id="597" dir="1" index="0" bw="1" slack="0"/>
</pin_list>
<bind>
<StgValue><ssdm name=""/></StgValue>
</bind>
</comp>

<comp id="598" class="1001" name="const_598">
<pin_list>
<pin id="599" dir="1" index="0" bw="1" slack="0"/>
</pin_list>
<bind>
<StgValue><ssdm name=""/></StgValue>
</bind>
</comp>

<comp id="600" class="1001" name="const_600">
<pin_list>
<pin id="601" dir="1" index="0" bw="1" slack="0"/>
</pin_list>
<bind>
<StgValue><ssdm name=""/></StgValue>
</bind>
</comp>

<comp id="602" class="1001" name="const_602">
<pin_list>
<pin id="603" dir="1" index="0" bw="1" slack="0"/>
</pin_list>
<bind>
<StgValue><ssdm name=""/></StgValue>
</bind>
</comp>

<comp id="604" class="1001" name="const_604">
<pin_list>
<pin id="605" dir="1" index="0" bw="1" slack="0"/>
</pin_list>
<bind>
<StgValue><ssdm name=""/></StgValue>
</bind>
</comp>

<comp id="606" class="1001" name="const_606">
<pin_list>
<pin id="607" dir="1" index="0" bw="1" slack="0"/>
</pin_list>
<bind>
<StgValue><ssdm name=""/></StgValue>
</bind>
</comp>

<comp id="608" class="1001" name="const_608">
<pin_list>
<pin id="609" dir="1" index="0" bw="1" slack="0"/>
</pin_list>
<bind>
<StgValue><ssdm name=""/></StgValue>
</bind>
</comp>

<comp id="610" class="1001" name="const_610">
<pin_list>
<pin id="611" dir="1" index="0" bw="1" slack="0"/>
</pin_list>
<bind>
<StgValue><ssdm name=""/></StgValue>
</bind>
</comp>

<comp id="612" class="1001" name="const_612">
<pin_list>
<pin id="613" dir="1" index="0" bw="1" slack="0"/>
</pin_list>
<bind>
<StgValue><ssdm name=""/></StgValue>
</bind>
</comp>

<comp id="614" class="1001" name="const_614">
<pin_list>
<pin id="615" dir="1" index="0" bw="1" slack="0"/>
</pin_list>
<bind>
<StgValue><ssdm name=""/></StgValue>
</bind>
</comp>

<comp id="616" class="1001" name="const_616">
<pin_list>
<pin id="617" dir="1" index="0" bw="1" slack="0"/>
</pin_list>
<bind>
<StgValue><ssdm name=""/></StgValue>
</bind>
</comp>

<comp id="618" class="1001" name="const_618">
<pin_list>
<pin id="619" dir="1" index="0" bw="1" slack="0"/>
</pin_list>
<bind>
<StgValue><ssdm name=""/></StgValue>
</bind>
</comp>

<comp id="620" class="1001" name="const_620">
<pin_list>
<pin id="621" dir="1" index="0" bw="1" slack="0"/>
</pin_list>
<bind>
<StgValue><ssdm name=""/></StgValue>
</bind>
</comp>

<comp id="622" class="1001" name="const_622">
<pin_list>
<pin id="623" dir="1" index="0" bw="1" slack="0"/>
</pin_list>
<bind>
<StgValue><ssdm name=""/></StgValue>
</bind>
</comp>

<comp id="624" class="1001" name="const_624">
<pin_list>
<pin id="625" dir="1" index="0" bw="1" slack="0"/>
</pin_list>
<bind>
<StgValue><ssdm name=""/></StgValue>
</bind>
</comp>

<comp id="626" class="1001" name="const_626">
<pin_list>
<pin id="627" dir="1" index="0" bw="1" slack="0"/>
</pin_list>
<bind>
<StgValue><ssdm name=""/></StgValue>
</bind>
</comp>

<comp id="628" class="1001" name="const_628">
<pin_list>
<pin id="629" dir="1" index="0" bw="1" slack="0"/>
</pin_list>
<bind>
<StgValue><ssdm name=""/></StgValue>
</bind>
</comp>

<comp id="630" class="1001" name="const_630">
<pin_list>
<pin id="631" dir="1" index="0" bw="1" slack="0"/>
</pin_list>
<bind>
<StgValue><ssdm name=""/></StgValue>
</bind>
</comp>

<comp id="632" class="1001" name="const_632">
<pin_list>
<pin id="633" dir="1" index="0" bw="1" slack="0"/>
</pin_list>
<bind>
<StgValue><ssdm name=""/></StgValue>
</bind>
</comp>

<comp id="634" class="1001" name="const_634">
<pin_list>
<pin id="635" dir="1" index="0" bw="1" slack="0"/>
</pin_list>
<bind>
<StgValue><ssdm name=""/></StgValue>
</bind>
</comp>

<comp id="636" class="1001" name="const_636">
<pin_list>
<pin id="637" dir="1" index="0" bw="1" slack="0"/>
</pin_list>
<bind>
<StgValue><ssdm name=""/></StgValue>
</bind>
</comp>

<comp id="638" class="1001" name="const_638">
<pin_list>
<pin id="639" dir="1" index="0" bw="1" slack="0"/>
</pin_list>
<bind>
<StgValue><ssdm name=""/></StgValue>
</bind>
</comp>

<comp id="640" class="1001" name="const_640">
<pin_list>
<pin id="641" dir="1" index="0" bw="1" slack="0"/>
</pin_list>
<bind>
<StgValue><ssdm name=""/></StgValue>
</bind>
</comp>

<comp id="642" class="1001" name="const_642">
<pin_list>
<pin id="643" dir="1" index="0" bw="1" slack="0"/>
</pin_list>
<bind>
<StgValue><ssdm name=""/></StgValue>
</bind>
</comp>

<comp id="644" class="1001" name="const_644">
<pin_list>
<pin id="645" dir="1" index="0" bw="1" slack="0"/>
</pin_list>
<bind>
<StgValue><ssdm name=""/></StgValue>
</bind>
</comp>

<comp id="646" class="1001" name="const_646">
<pin_list>
<pin id="647" dir="1" index="0" bw="1" slack="0"/>
</pin_list>
<bind>
<StgValue><ssdm name=""/></StgValue>
</bind>
</comp>

<comp id="648" class="1001" name="const_648">
<pin_list>
<pin id="649" dir="1" index="0" bw="1" slack="0"/>
</pin_list>
<bind>
<StgValue><ssdm name=""/></StgValue>
</bind>
</comp>

<comp id="650" class="1001" name="const_650">
<pin_list>
<pin id="651" dir="1" index="0" bw="1" slack="0"/>
</pin_list>
<bind>
<StgValue><ssdm name=""/></StgValue>
</bind>
</comp>

<comp id="652" class="1001" name="const_652">
<pin_list>
<pin id="653" dir="1" index="0" bw="1" slack="0"/>
</pin_list>
<bind>
<StgValue><ssdm name=""/></StgValue>
</bind>
</comp>

<comp id="654" class="1001" name="const_654">
<pin_list>
<pin id="655" dir="1" index="0" bw="1" slack="0"/>
</pin_list>
<bind>
<StgValue><ssdm name=""/></StgValue>
</bind>
</comp>

<comp id="656" class="1001" name="const_656">
<pin_list>
<pin id="657" dir="1" index="0" bw="1" slack="0"/>
</pin_list>
<bind>
<StgValue><ssdm name=""/></StgValue>
</bind>
</comp>

<comp id="658" class="1001" name="const_658">
<pin_list>
<pin id="659" dir="1" index="0" bw="1" slack="0"/>
</pin_list>
<bind>
<StgValue><ssdm name=""/></StgValue>
</bind>
</comp>

<comp id="660" class="1001" name="const_660">
<pin_list>
<pin id="661" dir="1" index="0" bw="1" slack="0"/>
</pin_list>
<bind>
<StgValue><ssdm name=""/></StgValue>
</bind>
</comp>

<comp id="662" class="1001" name="const_662">
<pin_list>
<pin id="663" dir="1" index="0" bw="1" slack="0"/>
</pin_list>
<bind>
<StgValue><ssdm name=""/></StgValue>
</bind>
</comp>

<comp id="664" class="1001" name="const_664">
<pin_list>
<pin id="665" dir="1" index="0" bw="1" slack="0"/>
</pin_list>
<bind>
<StgValue><ssdm name=""/></StgValue>
</bind>
</comp>

<comp id="666" class="1001" name="const_666">
<pin_list>
<pin id="667" dir="1" index="0" bw="1" slack="0"/>
</pin_list>
<bind>
<StgValue><ssdm name=""/></StgValue>
</bind>
</comp>

<comp id="668" class="1001" name="const_668">
<pin_list>
<pin id="669" dir="1" index="0" bw="1" slack="0"/>
</pin_list>
<bind>
<StgValue><ssdm name=""/></StgValue>
</bind>
</comp>

<comp id="670" class="1001" name="const_670">
<pin_list>
<pin id="671" dir="1" index="0" bw="1" slack="0"/>
</pin_list>
<bind>
<StgValue><ssdm name=""/></StgValue>
</bind>
</comp>

<comp id="672" class="1001" name="const_672">
<pin_list>
<pin id="673" dir="1" index="0" bw="1" slack="0"/>
</pin_list>
<bind>
<StgValue><ssdm name=""/></StgValue>
</bind>
</comp>

<comp id="674" class="1001" name="const_674">
<pin_list>
<pin id="675" dir="1" index="0" bw="1" slack="0"/>
</pin_list>
<bind>
<StgValue><ssdm name=""/></StgValue>
</bind>
</comp>

<comp id="676" class="1001" name="const_676">
<pin_list>
<pin id="677" dir="1" index="0" bw="1" slack="0"/>
</pin_list>
<bind>
<StgValue><ssdm name=""/></StgValue>
</bind>
</comp>

<comp id="678" class="1001" name="const_678">
<pin_list>
<pin id="679" dir="1" index="0" bw="1" slack="0"/>
</pin_list>
<bind>
<StgValue><ssdm name=""/></StgValue>
</bind>
</comp>

<comp id="680" class="1001" name="const_680">
<pin_list>
<pin id="681" dir="1" index="0" bw="1" slack="0"/>
</pin_list>
<bind>
<StgValue><ssdm name=""/></StgValue>
</bind>
</comp>

<comp id="682" class="1001" name="const_682">
<pin_list>
<pin id="683" dir="1" index="0" bw="1" slack="0"/>
</pin_list>
<bind>
<StgValue><ssdm name=""/></StgValue>
</bind>
</comp>

<comp id="684" class="1001" name="const_684">
<pin_list>
<pin id="685" dir="1" index="0" bw="1" slack="0"/>
</pin_list>
<bind>
<StgValue><ssdm name=""/></StgValue>
</bind>
</comp>

<comp id="686" class="1001" name="const_686">
<pin_list>
<pin id="687" dir="1" index="0" bw="1" slack="0"/>
</pin_list>
<bind>
<StgValue><ssdm name=""/></StgValue>
</bind>
</comp>

<comp id="688" class="1001" name="const_688">
<pin_list>
<pin id="689" dir="1" index="0" bw="1" slack="0"/>
</pin_list>
<bind>
<StgValue><ssdm name=""/></StgValue>
</bind>
</comp>

<comp id="690" class="1001" name="const_690">
<pin_list>
<pin id="691" dir="1" index="0" bw="1" slack="0"/>
</pin_list>
<bind>
<StgValue><ssdm name=""/></StgValue>
</bind>
</comp>

<comp id="692" class="1001" name="const_692">
<pin_list>
<pin id="693" dir="1" index="0" bw="1" slack="0"/>
</pin_list>
<bind>
<StgValue><ssdm name=""/></StgValue>
</bind>
</comp>

<comp id="694" class="1001" name="const_694">
<pin_list>
<pin id="695" dir="1" index="0" bw="1" slack="0"/>
</pin_list>
<bind>
<StgValue><ssdm name=""/></StgValue>
</bind>
</comp>

<comp id="696" class="1001" name="const_696">
<pin_list>
<pin id="697" dir="1" index="0" bw="1" slack="0"/>
</pin_list>
<bind>
<StgValue><ssdm name=""/></StgValue>
</bind>
</comp>

<comp id="698" class="1001" name="const_698">
<pin_list>
<pin id="699" dir="1" index="0" bw="1" slack="0"/>
</pin_list>
<bind>
<StgValue><ssdm name=""/></StgValue>
</bind>
</comp>

<comp id="700" class="1001" name="const_700">
<pin_list>
<pin id="701" dir="1" index="0" bw="1" slack="0"/>
</pin_list>
<bind>
<StgValue><ssdm name="_ssdm_op_BitConcatenate.i49.i32.i17"/></StgValue>
</bind>
</comp>

<comp id="702" class="1001" name="const_702">
<pin_list>
<pin id="703" dir="1" index="0" bw="1" slack="0"/>
</pin_list>
<bind>
<StgValue><ssdm name=""/></StgValue>
</bind>
</comp>

<comp id="704" class="1001" name="const_704">
<pin_list>
<pin id="705" dir="1" index="0" bw="1" slack="0"/>
</pin_list>
<bind>
<StgValue><ssdm name="_ssdm_op_BitConcatenate.i47.i32.i15"/></StgValue>
</bind>
</comp>

<comp id="706" class="1001" name="const_706">
<pin_list>
<pin id="707" dir="1" index="0" bw="1" slack="0"/>
</pin_list>
<bind>
<StgValue><ssdm name=""/></StgValue>
</bind>
</comp>

<comp id="708" class="1001" name="const_708">
<pin_list>
<pin id="709" dir="1" index="0" bw="1" slack="0"/>
</pin_list>
<bind>
<StgValue><ssdm name="_ssdm_op_BitConcatenate.i44.i32.i12"/></StgValue>
</bind>
</comp>

<comp id="710" class="1001" name="const_710">
<pin_list>
<pin id="711" dir="1" index="0" bw="1" slack="0"/>
</pin_list>
<bind>
<StgValue><ssdm name=""/></StgValue>
</bind>
</comp>

<comp id="712" class="1001" name="const_712">
<pin_list>
<pin id="713" dir="1" index="0" bw="1" slack="0"/>
</pin_list>
<bind>
<StgValue><ssdm name="_ssdm_op_BitConcatenate.i40.i32.i8"/></StgValue>
</bind>
</comp>

<comp id="714" class="1001" name="const_714">
<pin_list>
<pin id="715" dir="1" index="0" bw="1" slack="0"/>
</pin_list>
<bind>
<StgValue><ssdm name=""/></StgValue>
</bind>
</comp>

<comp id="716" class="1001" name="const_716">
<pin_list>
<pin id="717" dir="1" index="0" bw="1" slack="0"/>
</pin_list>
<bind>
<StgValue><ssdm name="_ssdm_op_BitConcatenate.i38.i32.i6"/></StgValue>
</bind>
</comp>

<comp id="718" class="1001" name="const_718">
<pin_list>
<pin id="719" dir="1" index="0" bw="1" slack="0"/>
</pin_list>
<bind>
<StgValue><ssdm name="_ssdm_op_BitConcatenate.i36.i32.i4"/></StgValue>
</bind>
</comp>

<comp id="720" class="1001" name="const_720">
<pin_list>
<pin id="721" dir="1" index="0" bw="1" slack="0"/>
</pin_list>
<bind>
<StgValue><ssdm name=""/></StgValue>
</bind>
</comp>

<comp id="722" class="1001" name="const_722">
<pin_list>
<pin id="723" dir="1" index="0" bw="1" slack="0"/>
</pin_list>
<bind>
<StgValue><ssdm name="_ssdm_op_BitConcatenate.i34.i32.i2"/></StgValue>
</bind>
</comp>

<comp id="724" class="1001" name="const_724">
<pin_list>
<pin id="725" dir="1" index="0" bw="1" slack="0"/>
</pin_list>
<bind>
<StgValue><ssdm name="_ssdm_op_PartSelect.i12.i50.i32.i32"/></StgValue>
</bind>
</comp>

<comp id="726" class="1001" name="const_726">
<pin_list>
<pin id="727" dir="1" index="0" bw="1" slack="0"/>
</pin_list>
<bind>
<StgValue><ssdm name=""/></StgValue>
</bind>
</comp>

<comp id="728" class="1001" name="const_728">
<pin_list>
<pin id="729" dir="1" index="0" bw="1" slack="0"/>
</pin_list>
<bind>
<StgValue><ssdm name=""/></StgValue>
</bind>
</comp>

<comp id="730" class="1001" name="const_730">
<pin_list>
<pin id="731" dir="1" index="0" bw="1" slack="0"/>
</pin_list>
<bind>
<StgValue><ssdm name="_ssdm_op_PartSelect.i16.i50.i32.i32"/></StgValue>
</bind>
</comp>

<comp id="732" class="1001" name="const_732">
<pin_list>
<pin id="733" dir="1" index="0" bw="1" slack="0"/>
</pin_list>
<bind>
<StgValue><ssdm name=""/></StgValue>
</bind>
</comp>

<comp id="734" class="1001" name="const_734">
<pin_list>
<pin id="735" dir="1" index="0" bw="1" slack="0"/>
</pin_list>
<bind>
<StgValue><ssdm name=""/></StgValue>
</bind>
</comp>

<comp id="736" class="1001" name="const_736">
<pin_list>
<pin id="737" dir="1" index="0" bw="1" slack="0"/>
</pin_list>
<bind>
<StgValue><ssdm name="_ssdm_op_PartSelect.i4.i50.i32.i32"/></StgValue>
</bind>
</comp>

<comp id="738" class="1001" name="const_738">
<pin_list>
<pin id="739" dir="1" index="0" bw="1" slack="0"/>
</pin_list>
<bind>
<StgValue><ssdm name=""/></StgValue>
</bind>
</comp>

<comp id="740" class="1001" name="const_740">
<pin_list>
<pin id="741" dir="1" index="0" bw="1" slack="0"/>
</pin_list>
<bind>
<StgValue><ssdm name=""/></StgValue>
</bind>
</comp>

<comp id="742" class="1001" name="const_742">
<pin_list>
<pin id="743" dir="1" index="0" bw="1" slack="0"/>
</pin_list>
<bind>
<StgValue><ssdm name="_ssdm_op_SparseMux.ap_auto.16i17.i17.i4"/></StgValue>
</bind>
</comp>

<comp id="744" class="1001" name="const_744">
<pin_list>
<pin id="745" dir="1" index="0" bw="1" slack="0"/>
</pin_list>
<bind>
<StgValue><ssdm name=""/></StgValue>
</bind>
</comp>

<comp id="746" class="1001" name="const_746">
<pin_list>
<pin id="747" dir="1" index="0" bw="1" slack="0"/>
</pin_list>
<bind>
<StgValue><ssdm name=""/></StgValue>
</bind>
</comp>

<comp id="748" class="1001" name="const_748">
<pin_list>
<pin id="749" dir="1" index="0" bw="1" slack="0"/>
</pin_list>
<bind>
<StgValue><ssdm name=""/></StgValue>
</bind>
</comp>

<comp id="750" class="1001" name="const_750">
<pin_list>
<pin id="751" dir="1" index="0" bw="1" slack="0"/>
</pin_list>
<bind>
<StgValue><ssdm name=""/></StgValue>
</bind>
</comp>

<comp id="752" class="1001" name="const_752">
<pin_list>
<pin id="753" dir="1" index="0" bw="1" slack="0"/>
</pin_list>
<bind>
<StgValue><ssdm name=""/></StgValue>
</bind>
</comp>

<comp id="754" class="1001" name="const_754">
<pin_list>
<pin id="755" dir="1" index="0" bw="1" slack="0"/>
</pin_list>
<bind>
<StgValue><ssdm name=""/></StgValue>
</bind>
</comp>

<comp id="756" class="1001" name="const_756">
<pin_list>
<pin id="757" dir="1" index="0" bw="1" slack="0"/>
</pin_list>
<bind>
<StgValue><ssdm name=""/></StgValue>
</bind>
</comp>

<comp id="758" class="1001" name="const_758">
<pin_list>
<pin id="759" dir="1" index="0" bw="1" slack="0"/>
</pin_list>
<bind>
<StgValue><ssdm name=""/></StgValue>
</bind>
</comp>

<comp id="760" class="1001" name="const_760">
<pin_list>
<pin id="761" dir="1" index="0" bw="1" slack="0"/>
</pin_list>
<bind>
<StgValue><ssdm name=""/></StgValue>
</bind>
</comp>

<comp id="762" class="1001" name="const_762">
<pin_list>
<pin id="763" dir="1" index="0" bw="1" slack="0"/>
</pin_list>
<bind>
<StgValue><ssdm name=""/></StgValue>
</bind>
</comp>

<comp id="764" class="1001" name="const_764">
<pin_list>
<pin id="765" dir="1" index="0" bw="1" slack="0"/>
</pin_list>
<bind>
<StgValue><ssdm name=""/></StgValue>
</bind>
</comp>

<comp id="766" class="1001" name="const_766">
<pin_list>
<pin id="767" dir="1" index="0" bw="1" slack="0"/>
</pin_list>
<bind>
<StgValue><ssdm name=""/></StgValue>
</bind>
</comp>

<comp id="768" class="1001" name="const_768">
<pin_list>
<pin id="769" dir="1" index="0" bw="1" slack="0"/>
</pin_list>
<bind>
<StgValue><ssdm name=""/></StgValue>
</bind>
</comp>

<comp id="770" class="1001" name="const_770">
<pin_list>
<pin id="771" dir="1" index="0" bw="1" slack="0"/>
</pin_list>
<bind>
<StgValue><ssdm name=""/></StgValue>
</bind>
</comp>

<comp id="772" class="1001" name="const_772">
<pin_list>
<pin id="773" dir="1" index="0" bw="1" slack="0"/>
</pin_list>
<bind>
<StgValue><ssdm name=""/></StgValue>
</bind>
</comp>

<comp id="774" class="1001" name="const_774">
<pin_list>
<pin id="775" dir="1" index="0" bw="1" slack="0"/>
</pin_list>
<bind>
<StgValue><ssdm name=""/></StgValue>
</bind>
</comp>

<comp id="776" class="1001" name="const_776">
<pin_list>
<pin id="777" dir="1" index="0" bw="1" slack="0"/>
</pin_list>
<bind>
<StgValue><ssdm name=""/></StgValue>
</bind>
</comp>

<comp id="778" class="1001" name="const_778">
<pin_list>
<pin id="779" dir="1" index="0" bw="1" slack="0"/>
</pin_list>
<bind>
<StgValue><ssdm name=""/></StgValue>
</bind>
</comp>

<comp id="780" class="1001" name="const_780">
<pin_list>
<pin id="781" dir="1" index="0" bw="1" slack="0"/>
</pin_list>
<bind>
<StgValue><ssdm name=""/></StgValue>
</bind>
</comp>

<comp id="782" class="1001" name="const_782">
<pin_list>
<pin id="783" dir="1" index="0" bw="1" slack="0"/>
</pin_list>
<bind>
<StgValue><ssdm name=""/></StgValue>
</bind>
</comp>

<comp id="784" class="1001" name="const_784">
<pin_list>
<pin id="785" dir="1" index="0" bw="1" slack="0"/>
</pin_list>
<bind>
<StgValue><ssdm name=""/></StgValue>
</bind>
</comp>

<comp id="786" class="1001" name="const_786">
<pin_list>
<pin id="787" dir="1" index="0" bw="1" slack="0"/>
</pin_list>
<bind>
<StgValue><ssdm name=""/></StgValue>
</bind>
</comp>

<comp id="788" class="1001" name="const_788">
<pin_list>
<pin id="789" dir="1" index="0" bw="1" slack="0"/>
</pin_list>
<bind>
<StgValue><ssdm name=""/></StgValue>
</bind>
</comp>

<comp id="790" class="1001" name="const_790">
<pin_list>
<pin id="791" dir="1" index="0" bw="1" slack="0"/>
</pin_list>
<bind>
<StgValue><ssdm name=""/></StgValue>
</bind>
</comp>

<comp id="792" class="1001" name="const_792">
<pin_list>
<pin id="793" dir="1" index="0" bw="1" slack="0"/>
</pin_list>
<bind>
<StgValue><ssdm name=""/></StgValue>
</bind>
</comp>

<comp id="794" class="1001" name="const_794">
<pin_list>
<pin id="795" dir="1" index="0" bw="1" slack="0"/>
</pin_list>
<bind>
<StgValue><ssdm name=""/></StgValue>
</bind>
</comp>

<comp id="796" class="1001" name="const_796">
<pin_list>
<pin id="797" dir="1" index="0" bw="1" slack="0"/>
</pin_list>
<bind>
<StgValue><ssdm name=""/></StgValue>
</bind>
</comp>

<comp id="798" class="1001" name="const_798">
<pin_list>
<pin id="799" dir="1" index="0" bw="1" slack="0"/>
</pin_list>
<bind>
<StgValue><ssdm name=""/></StgValue>
</bind>
</comp>

<comp id="800" class="1001" name="const_800">
<pin_list>
<pin id="801" dir="1" index="0" bw="1" slack="0"/>
</pin_list>
<bind>
<StgValue><ssdm name=""/></StgValue>
</bind>
</comp>

<comp id="802" class="1001" name="const_802">
<pin_list>
<pin id="803" dir="1" index="0" bw="1" slack="0"/>
</pin_list>
<bind>
<StgValue><ssdm name=""/></StgValue>
</bind>
</comp>

<comp id="804" class="1001" name="const_804">
<pin_list>
<pin id="805" dir="1" index="0" bw="1" slack="0"/>
</pin_list>
<bind>
<StgValue><ssdm name=""/></StgValue>
</bind>
</comp>

<comp id="806" class="1001" name="const_806">
<pin_list>
<pin id="807" dir="1" index="0" bw="1" slack="0"/>
</pin_list>
<bind>
<StgValue><ssdm name=""/></StgValue>
</bind>
</comp>

<comp id="808" class="1001" name="const_808">
<pin_list>
<pin id="809" dir="1" index="0" bw="1" slack="0"/>
</pin_list>
<bind>
<StgValue><ssdm name="_ssdm_op_BitSelect.i1.i50.i32"/></StgValue>
</bind>
</comp>

<comp id="810" class="1001" name="const_810">
<pin_list>
<pin id="811" dir="1" index="0" bw="1" slack="0"/>
</pin_list>
<bind>
<StgValue><ssdm name=""/></StgValue>
</bind>
</comp>

<comp id="812" class="1001" name="const_812">
<pin_list>
<pin id="813" dir="1" index="0" bw="1" slack="0"/>
</pin_list>
<bind>
<StgValue><ssdm name="_ssdm_op_SparseMux.ap_auto.16i18.i18.i4"/></StgValue>
</bind>
</comp>

<comp id="814" class="1001" name="const_814">
<pin_list>
<pin id="815" dir="1" index="0" bw="1" slack="0"/>
</pin_list>
<bind>
<StgValue><ssdm name=""/></StgValue>
</bind>
</comp>

<comp id="816" class="1001" name="const_816">
<pin_list>
<pin id="817" dir="1" index="0" bw="1" slack="0"/>
</pin_list>
<bind>
<StgValue><ssdm name=""/></StgValue>
</bind>
</comp>

<comp id="818" class="1001" name="const_818">
<pin_list>
<pin id="819" dir="1" index="0" bw="1" slack="0"/>
</pin_list>
<bind>
<StgValue><ssdm name=""/></StgValue>
</bind>
</comp>

<comp id="820" class="1001" name="const_820">
<pin_list>
<pin id="821" dir="1" index="0" bw="1" slack="0"/>
</pin_list>
<bind>
<StgValue><ssdm name=""/></StgValue>
</bind>
</comp>

<comp id="822" class="1001" name="const_822">
<pin_list>
<pin id="823" dir="1" index="0" bw="1" slack="0"/>
</pin_list>
<bind>
<StgValue><ssdm name=""/></StgValue>
</bind>
</comp>

<comp id="824" class="1001" name="const_824">
<pin_list>
<pin id="825" dir="1" index="0" bw="1" slack="0"/>
</pin_list>
<bind>
<StgValue><ssdm name=""/></StgValue>
</bind>
</comp>

<comp id="826" class="1001" name="const_826">
<pin_list>
<pin id="827" dir="1" index="0" bw="1" slack="0"/>
</pin_list>
<bind>
<StgValue><ssdm name=""/></StgValue>
</bind>
</comp>

<comp id="828" class="1001" name="const_828">
<pin_list>
<pin id="829" dir="1" index="0" bw="1" slack="0"/>
</pin_list>
<bind>
<StgValue><ssdm name=""/></StgValue>
</bind>
</comp>

<comp id="830" class="1001" name="const_830">
<pin_list>
<pin id="831" dir="1" index="0" bw="1" slack="0"/>
</pin_list>
<bind>
<StgValue><ssdm name=""/></StgValue>
</bind>
</comp>

<comp id="832" class="1001" name="const_832">
<pin_list>
<pin id="833" dir="1" index="0" bw="1" slack="0"/>
</pin_list>
<bind>
<StgValue><ssdm name=""/></StgValue>
</bind>
</comp>

<comp id="834" class="1001" name="const_834">
<pin_list>
<pin id="835" dir="1" index="0" bw="1" slack="0"/>
</pin_list>
<bind>
<StgValue><ssdm name=""/></StgValue>
</bind>
</comp>

<comp id="836" class="1001" name="const_836">
<pin_list>
<pin id="837" dir="1" index="0" bw="1" slack="0"/>
</pin_list>
<bind>
<StgValue><ssdm name=""/></StgValue>
</bind>
</comp>

<comp id="838" class="1001" name="const_838">
<pin_list>
<pin id="839" dir="1" index="0" bw="1" slack="0"/>
</pin_list>
<bind>
<StgValue><ssdm name=""/></StgValue>
</bind>
</comp>

<comp id="840" class="1001" name="const_840">
<pin_list>
<pin id="841" dir="1" index="0" bw="1" slack="0"/>
</pin_list>
<bind>
<StgValue><ssdm name=""/></StgValue>
</bind>
</comp>

<comp id="842" class="1001" name="const_842">
<pin_list>
<pin id="843" dir="1" index="0" bw="1" slack="0"/>
</pin_list>
<bind>
<StgValue><ssdm name=""/></StgValue>
</bind>
</comp>

<comp id="844" class="1001" name="const_844">
<pin_list>
<pin id="845" dir="1" index="0" bw="1" slack="0"/>
</pin_list>
<bind>
<StgValue><ssdm name=""/></StgValue>
</bind>
</comp>

<comp id="846" class="1001" name="const_846">
<pin_list>
<pin id="847" dir="1" index="0" bw="1" slack="0"/>
</pin_list>
<bind>
<StgValue><ssdm name=""/></StgValue>
</bind>
</comp>

<comp id="848" class="1001" name="const_848">
<pin_list>
<pin id="849" dir="1" index="0" bw="1" slack="0"/>
</pin_list>
<bind>
<StgValue><ssdm name="_ssdm_op_PartSelect.i18.i30.i32.i32"/></StgValue>
</bind>
</comp>

<comp id="850" class="1001" name="const_850">
<pin_list>
<pin id="851" dir="1" index="0" bw="1" slack="0"/>
</pin_list>
<bind>
<StgValue><ssdm name=""/></StgValue>
</bind>
</comp>

<comp id="852" class="1001" name="const_852">
<pin_list>
<pin id="853" dir="1" index="0" bw="1" slack="0"/>
</pin_list>
<bind>
<StgValue><ssdm name=""/></StgValue>
</bind>
</comp>

<comp id="854" class="1001" name="const_854">
<pin_list>
<pin id="855" dir="1" index="0" bw="1" slack="0"/>
</pin_list>
<bind>
<StgValue><ssdm name=""/></StgValue>
</bind>
</comp>

<comp id="856" class="1001" name="const_856">
<pin_list>
<pin id="857" dir="1" index="0" bw="1" slack="0"/>
</pin_list>
<bind>
<StgValue><ssdm name="_ssdm_op_PartSelect.i12.i17.i32.i32"/></StgValue>
</bind>
</comp>

<comp id="858" class="1001" name="const_858">
<pin_list>
<pin id="859" dir="1" index="0" bw="1" slack="0"/>
</pin_list>
<bind>
<StgValue><ssdm name=""/></StgValue>
</bind>
</comp>

<comp id="860" class="1001" name="const_860">
<pin_list>
<pin id="861" dir="1" index="0" bw="1" slack="0"/>
</pin_list>
<bind>
<StgValue><ssdm name=""/></StgValue>
</bind>
</comp>

<comp id="862" class="1001" name="const_862">
<pin_list>
<pin id="863" dir="1" index="0" bw="1" slack="0"/>
</pin_list>
<bind>
<StgValue><ssdm name="_ssdm_op_BitConcatenate.i2.i1.i1"/></StgValue>
</bind>
</comp>

<comp id="864" class="1001" name="const_864">
<pin_list>
<pin id="865" dir="1" index="0" bw="1" slack="0"/>
</pin_list>
<bind>
<StgValue><ssdm name="_ssdm_op_SparseMux.ap_auto.3i32.i32.i2"/></StgValue>
</bind>
</comp>

<comp id="866" class="1001" name="const_866">
<pin_list>
<pin id="867" dir="1" index="0" bw="1" slack="2147483647"/>
</pin_list>
<bind>
<StgValue><ssdm name="_ssdm_op_SpecPipeline"/></StgValue>
</bind>
</comp>

<comp id="868" class="1001" name="const_868">
<pin_list>
<pin id="869" dir="1" index="0" bw="1" slack="2147483647"/>
</pin_list>
<bind>
<StgValue><ssdm name="_ssdm_op_SpecLoopName"/></StgValue>
</bind>
</comp>

<comp id="870" class="1001" name="const_870">
<pin_list>
<pin id="871" dir="1" index="0" bw="1" slack="2147483647"/>
</pin_list>
<bind>
<StgValue><ssdm name="empty_4"/></StgValue>
</bind>
</comp>

<comp id="872" class="1001" name="const_872">
<pin_list>
<pin id="873" dir="1" index="0" bw="1" slack="0"/>
</pin_list>
<bind>
<StgValue><ssdm name="_ssdm_op_BitConcatenate.i3.i1.i2"/></StgValue>
</bind>
</comp>

<comp id="874" class="1001" name="const_874">
<pin_list>
<pin id="875" dir="1" index="0" bw="1" slack="0"/>
</pin_list>
<bind>
<StgValue><ssdm name="_ssdm_op_BitSet.i4.i4.i32.i1"/></StgValue>
</bind>
</comp>

<comp id="876" class="1001" name="const_876">
<pin_list>
<pin id="877" dir="1" index="0" bw="1" slack="0"/>
</pin_list>
<bind>
<StgValue><ssdm name=""/></StgValue>
</bind>
</comp>

<comp id="878" class="1001" name="const_878">
<pin_list>
<pin id="879" dir="1" index="0" bw="1" slack="0"/>
</pin_list>
<bind>
<StgValue><ssdm name="_ssdm_op_BitConcatenate.i132.i4.i32.i32.i32.i32"/></StgValue>
</bind>
</comp>

<comp id="880" class="1001" name="const_880">
<pin_list>
<pin id="881" dir="1" index="0" bw="1" slack="0"/>
</pin_list>
<bind>
<StgValue><ssdm name="_ssdm_op_Write.ap_fifo.volatile.i132P0A"/></StgValue>
</bind>
</comp>

<comp id="882" class="1004" name="blk_fu_882">
<pin_list>
<pin id="883" dir="0" index="0" bw="1" slack="0"/>
<pin id="884" dir="1" index="1" bw="7" slack="0"/>
</pin_list>
<bind>
<opcode="alloca(26) " fcode="alloca"/>
<opset="blk/1 "/>
</bind>
</comp>

<comp id="886" class="1004" name="logits_buf_3_63_load_read_read_fu_886">
<pin_list>
<pin id="887" dir="0" index="0" bw="32" slack="0"/>
<pin id="888" dir="0" index="1" bw="32" slack="0"/>
<pin id="889" dir="1" index="2" bw="32" slack="0"/>
</pin_list>
<bind>
<opcode="read(1150) " fcode="read"/>
<opset="logits_buf_3_63_load_read/1 "/>
</bind>
</comp>

<comp id="892" class="1004" name="logits_buf_3_62_load_read_read_fu_892">
<pin_list>
<pin id="893" dir="0" index="0" bw="32" slack="0"/>
<pin id="894" dir="0" index="1" bw="32" slack="0"/>
<pin id="895" dir="1" index="2" bw="32" slack="0"/>
</pin_list>
<bind>
<opcode="read(1150) " fcode="read"/>
<opset="logits_buf_3_62_load_read/1 "/>
</bind>
</comp>

<comp id="898" class="1004" name="logits_buf_3_61_load_read_read_fu_898">
<pin_list>
<pin id="899" dir="0" index="0" bw="32" slack="0"/>
<pin id="900" dir="0" index="1" bw="32" slack="0"/>
<pin id="901" dir="1" index="2" bw="32" slack="0"/>
</pin_list>
<bind>
<opcode="read(1150) " fcode="read"/>
<opset="logits_buf_3_61_load_read/1 "/>
</bind>
</comp>

<comp id="904" class="1004" name="logits_buf_3_60_load_read_read_fu_904">
<pin_list>
<pin id="905" dir="0" index="0" bw="32" slack="0"/>
<pin id="906" dir="0" index="1" bw="32" slack="0"/>
<pin id="907" dir="1" index="2" bw="32" slack="0"/>
</pin_list>
<bind>
<opcode="read(1150) " fcode="read"/>
<opset="logits_buf_3_60_load_read/1 "/>
</bind>
</comp>

<comp id="910" class="1004" name="logits_buf_3_59_load_read_read_fu_910">
<pin_list>
<pin id="911" dir="0" index="0" bw="32" slack="0"/>
<pin id="912" dir="0" index="1" bw="32" slack="0"/>
<pin id="913" dir="1" index="2" bw="32" slack="0"/>
</pin_list>
<bind>
<opcode="read(1150) " fcode="read"/>
<opset="logits_buf_3_59_load_read/1 "/>
</bind>
</comp>

<comp id="916" class="1004" name="logits_buf_3_58_load_read_read_fu_916">
<pin_list>
<pin id="917" dir="0" index="0" bw="32" slack="0"/>
<pin id="918" dir="0" index="1" bw="32" slack="0"/>
<pin id="919" dir="1" index="2" bw="32" slack="0"/>
</pin_list>
<bind>
<opcode="read(1150) " fcode="read"/>
<opset="logits_buf_3_58_load_read/1 "/>
</bind>
</comp>

<comp id="922" class="1004" name="logits_buf_3_57_load_read_read_fu_922">
<pin_list>
<pin id="923" dir="0" index="0" bw="32" slack="0"/>
<pin id="924" dir="0" index="1" bw="32" slack="0"/>
<pin id="925" dir="1" index="2" bw="32" slack="0"/>
</pin_list>
<bind>
<opcode="read(1150) " fcode="read"/>
<opset="logits_buf_3_57_load_read/1 "/>
</bind>
</comp>

<comp id="928" class="1004" name="logits_buf_3_56_load_read_read_fu_928">
<pin_list>
<pin id="929" dir="0" index="0" bw="32" slack="0"/>
<pin id="930" dir="0" index="1" bw="32" slack="0"/>
<pin id="931" dir="1" index="2" bw="32" slack="0"/>
</pin_list>
<bind>
<opcode="read(1150) " fcode="read"/>
<opset="logits_buf_3_56_load_read/1 "/>
</bind>
</comp>

<comp id="934" class="1004" name="logits_buf_3_55_load_read_read_fu_934">
<pin_list>
<pin id="935" dir="0" index="0" bw="32" slack="0"/>
<pin id="936" dir="0" index="1" bw="32" slack="0"/>
<pin id="937" dir="1" index="2" bw="32" slack="0"/>
</pin_list>
<bind>
<opcode="read(1150) " fcode="read"/>
<opset="logits_buf_3_55_load_read/1 "/>
</bind>
</comp>

<comp id="940" class="1004" name="logits_buf_3_54_load_read_read_fu_940">
<pin_list>
<pin id="941" dir="0" index="0" bw="32" slack="0"/>
<pin id="942" dir="0" index="1" bw="32" slack="0"/>
<pin id="943" dir="1" index="2" bw="32" slack="0"/>
</pin_list>
<bind>
<opcode="read(1150) " fcode="read"/>
<opset="logits_buf_3_54_load_read/1 "/>
</bind>
</comp>

<comp id="946" class="1004" name="logits_buf_3_53_load_read_read_fu_946">
<pin_list>
<pin id="947" dir="0" index="0" bw="32" slack="0"/>
<pin id="948" dir="0" index="1" bw="32" slack="0"/>
<pin id="949" dir="1" index="2" bw="32" slack="0"/>
</pin_list>
<bind>
<opcode="read(1150) " fcode="read"/>
<opset="logits_buf_3_53_load_read/1 "/>
</bind>
</comp>

<comp id="952" class="1004" name="logits_buf_3_52_load_read_read_fu_952">
<pin_list>
<pin id="953" dir="0" index="0" bw="32" slack="0"/>
<pin id="954" dir="0" index="1" bw="32" slack="0"/>
<pin id="955" dir="1" index="2" bw="32" slack="0"/>
</pin_list>
<bind>
<opcode="read(1150) " fcode="read"/>
<opset="logits_buf_3_52_load_read/1 "/>
</bind>
</comp>

<comp id="958" class="1004" name="logits_buf_3_51_load_read_read_fu_958">
<pin_list>
<pin id="959" dir="0" index="0" bw="32" slack="0"/>
<pin id="960" dir="0" index="1" bw="32" slack="0"/>
<pin id="961" dir="1" index="2" bw="32" slack="0"/>
</pin_list>
<bind>
<opcode="read(1150) " fcode="read"/>
<opset="logits_buf_3_51_load_read/1 "/>
</bind>
</comp>

<comp id="964" class="1004" name="logits_buf_3_50_load_read_read_fu_964">
<pin_list>
<pin id="965" dir="0" index="0" bw="32" slack="0"/>
<pin id="966" dir="0" index="1" bw="32" slack="0"/>
<pin id="967" dir="1" index="2" bw="32" slack="0"/>
</pin_list>
<bind>
<opcode="read(1150) " fcode="read"/>
<opset="logits_buf_3_50_load_read/1 "/>
</bind>
</comp>

<comp id="970" class="1004" name="logits_buf_3_49_load_read_read_fu_970">
<pin_list>
<pin id="971" dir="0" index="0" bw="32" slack="0"/>
<pin id="972" dir="0" index="1" bw="32" slack="0"/>
<pin id="973" dir="1" index="2" bw="32" slack="0"/>
</pin_list>
<bind>
<opcode="read(1150) " fcode="read"/>
<opset="logits_buf_3_49_load_read/1 "/>
</bind>
</comp>

<comp id="976" class="1004" name="logits_buf_3_48_load_read_read_fu_976">
<pin_list>
<pin id="977" dir="0" index="0" bw="32" slack="0"/>
<pin id="978" dir="0" index="1" bw="32" slack="0"/>
<pin id="979" dir="1" index="2" bw="32" slack="0"/>
</pin_list>
<bind>
<opcode="read(1150) " fcode="read"/>
<opset="logits_buf_3_48_load_read/1 "/>
</bind>
</comp>

<comp id="982" class="1004" name="logits_buf_3_47_load_read_read_fu_982">
<pin_list>
<pin id="983" dir="0" index="0" bw="32" slack="0"/>
<pin id="984" dir="0" index="1" bw="32" slack="0"/>
<pin id="985" dir="1" index="2" bw="32" slack="0"/>
</pin_list>
<bind>
<opcode="read(1150) " fcode="read"/>
<opset="logits_buf_3_47_load_read/1 "/>
</bind>
</comp>

<comp id="988" class="1004" name="logits_buf_3_46_load_read_read_fu_988">
<pin_list>
<pin id="989" dir="0" index="0" bw="32" slack="0"/>
<pin id="990" dir="0" index="1" bw="32" slack="0"/>
<pin id="991" dir="1" index="2" bw="32" slack="0"/>
</pin_list>
<bind>
<opcode="read(1150) " fcode="read"/>
<opset="logits_buf_3_46_load_read/1 "/>
</bind>
</comp>

<comp id="994" class="1004" name="logits_buf_3_45_load_read_read_fu_994">
<pin_list>
<pin id="995" dir="0" index="0" bw="32" slack="0"/>
<pin id="996" dir="0" index="1" bw="32" slack="0"/>
<pin id="997" dir="1" index="2" bw="32" slack="0"/>
</pin_list>
<bind>
<opcode="read(1150) " fcode="read"/>
<opset="logits_buf_3_45_load_read/1 "/>
</bind>
</comp>

<comp id="1000" class="1004" name="logits_buf_3_44_load_read_read_fu_1000">
<pin_list>
<pin id="1001" dir="0" index="0" bw="32" slack="0"/>
<pin id="1002" dir="0" index="1" bw="32" slack="0"/>
<pin id="1003" dir="1" index="2" bw="32" slack="0"/>
</pin_list>
<bind>
<opcode="read(1150) " fcode="read"/>
<opset="logits_buf_3_44_load_read/1 "/>
</bind>
</comp>

<comp id="1006" class="1004" name="logits_buf_3_43_load_read_read_fu_1006">
<pin_list>
<pin id="1007" dir="0" index="0" bw="32" slack="0"/>
<pin id="1008" dir="0" index="1" bw="32" slack="0"/>
<pin id="1009" dir="1" index="2" bw="32" slack="0"/>
</pin_list>
<bind>
<opcode="read(1150) " fcode="read"/>
<opset="logits_buf_3_43_load_read/1 "/>
</bind>
</comp>

<comp id="1012" class="1004" name="logits_buf_3_42_load_read_read_fu_1012">
<pin_list>
<pin id="1013" dir="0" index="0" bw="32" slack="0"/>
<pin id="1014" dir="0" index="1" bw="32" slack="0"/>
<pin id="1015" dir="1" index="2" bw="32" slack="0"/>
</pin_list>
<bind>
<opcode="read(1150) " fcode="read"/>
<opset="logits_buf_3_42_load_read/1 "/>
</bind>
</comp>

<comp id="1018" class="1004" name="logits_buf_3_41_load_read_read_fu_1018">
<pin_list>
<pin id="1019" dir="0" index="0" bw="32" slack="0"/>
<pin id="1020" dir="0" index="1" bw="32" slack="0"/>
<pin id="1021" dir="1" index="2" bw="32" slack="0"/>
</pin_list>
<bind>
<opcode="read(1150) " fcode="read"/>
<opset="logits_buf_3_41_load_read/1 "/>
</bind>
</comp>

<comp id="1024" class="1004" name="logits_buf_3_40_load_read_read_fu_1024">
<pin_list>
<pin id="1025" dir="0" index="0" bw="32" slack="0"/>
<pin id="1026" dir="0" index="1" bw="32" slack="0"/>
<pin id="1027" dir="1" index="2" bw="32" slack="0"/>
</pin_list>
<bind>
<opcode="read(1150) " fcode="read"/>
<opset="logits_buf_3_40_load_read/1 "/>
</bind>
</comp>

<comp id="1030" class="1004" name="logits_buf_3_39_load_read_read_fu_1030">
<pin_list>
<pin id="1031" dir="0" index="0" bw="32" slack="0"/>
<pin id="1032" dir="0" index="1" bw="32" slack="0"/>
<pin id="1033" dir="1" index="2" bw="32" slack="0"/>
</pin_list>
<bind>
<opcode="read(1150) " fcode="read"/>
<opset="logits_buf_3_39_load_read/1 "/>
</bind>
</comp>

<comp id="1036" class="1004" name="logits_buf_3_38_load_read_read_fu_1036">
<pin_list>
<pin id="1037" dir="0" index="0" bw="32" slack="0"/>
<pin id="1038" dir="0" index="1" bw="32" slack="0"/>
<pin id="1039" dir="1" index="2" bw="32" slack="0"/>
</pin_list>
<bind>
<opcode="read(1150) " fcode="read"/>
<opset="logits_buf_3_38_load_read/1 "/>
</bind>
</comp>

<comp id="1042" class="1004" name="logits_buf_3_37_load_read_read_fu_1042">
<pin_list>
<pin id="1043" dir="0" index="0" bw="32" slack="0"/>
<pin id="1044" dir="0" index="1" bw="32" slack="0"/>
<pin id="1045" dir="1" index="2" bw="32" slack="0"/>
</pin_list>
<bind>
<opcode="read(1150) " fcode="read"/>
<opset="logits_buf_3_37_load_read/1 "/>
</bind>
</comp>

<comp id="1048" class="1004" name="logits_buf_3_36_load_read_read_fu_1048">
<pin_list>
<pin id="1049" dir="0" index="0" bw="32" slack="0"/>
<pin id="1050" dir="0" index="1" bw="32" slack="0"/>
<pin id="1051" dir="1" index="2" bw="32" slack="0"/>
</pin_list>
<bind>
<opcode="read(1150) " fcode="read"/>
<opset="logits_buf_3_36_load_read/1 "/>
</bind>
</comp>

<comp id="1054" class="1004" name="logits_buf_3_35_load_read_read_fu_1054">
<pin_list>
<pin id="1055" dir="0" index="0" bw="32" slack="0"/>
<pin id="1056" dir="0" index="1" bw="32" slack="0"/>
<pin id="1057" dir="1" index="2" bw="32" slack="0"/>
</pin_list>
<bind>
<opcode="read(1150) " fcode="read"/>
<opset="logits_buf_3_35_load_read/1 "/>
</bind>
</comp>

<comp id="1060" class="1004" name="logits_buf_3_34_load_read_read_fu_1060">
<pin_list>
<pin id="1061" dir="0" index="0" bw="32" slack="0"/>
<pin id="1062" dir="0" index="1" bw="32" slack="0"/>
<pin id="1063" dir="1" index="2" bw="32" slack="0"/>
</pin_list>
<bind>
<opcode="read(1150) " fcode="read"/>
<opset="logits_buf_3_34_load_read/1 "/>
</bind>
</comp>

<comp id="1066" class="1004" name="logits_buf_3_33_load_read_read_fu_1066">
<pin_list>
<pin id="1067" dir="0" index="0" bw="32" slack="0"/>
<pin id="1068" dir="0" index="1" bw="32" slack="0"/>
<pin id="1069" dir="1" index="2" bw="32" slack="0"/>
</pin_list>
<bind>
<opcode="read(1150) " fcode="read"/>
<opset="logits_buf_3_33_load_read/1 "/>
</bind>
</comp>

<comp id="1072" class="1004" name="logits_buf_3_32_load_read_read_fu_1072">
<pin_list>
<pin id="1073" dir="0" index="0" bw="32" slack="0"/>
<pin id="1074" dir="0" index="1" bw="32" slack="0"/>
<pin id="1075" dir="1" index="2" bw="32" slack="0"/>
</pin_list>
<bind>
<opcode="read(1150) " fcode="read"/>
<opset="logits_buf_3_32_load_read/1 "/>
</bind>
</comp>

<comp id="1078" class="1004" name="logits_buf_3_31_load_read_read_fu_1078">
<pin_list>
<pin id="1079" dir="0" index="0" bw="32" slack="0"/>
<pin id="1080" dir="0" index="1" bw="32" slack="0"/>
<pin id="1081" dir="1" index="2" bw="32" slack="0"/>
</pin_list>
<bind>
<opcode="read(1150) " fcode="read"/>
<opset="logits_buf_3_31_load_read/1 "/>
</bind>
</comp>

<comp id="1084" class="1004" name="logits_buf_3_30_load_read_read_fu_1084">
<pin_list>
<pin id="1085" dir="0" index="0" bw="32" slack="0"/>
<pin id="1086" dir="0" index="1" bw="32" slack="0"/>
<pin id="1087" dir="1" index="2" bw="32" slack="0"/>
</pin_list>
<bind>
<opcode="read(1150) " fcode="read"/>
<opset="logits_buf_3_30_load_read/1 "/>
</bind>
</comp>

<comp id="1090" class="1004" name="logits_buf_3_29_load_read_read_fu_1090">
<pin_list>
<pin id="1091" dir="0" index="0" bw="32" slack="0"/>
<pin id="1092" dir="0" index="1" bw="32" slack="0"/>
<pin id="1093" dir="1" index="2" bw="32" slack="0"/>
</pin_list>
<bind>
<opcode="read(1150) " fcode="read"/>
<opset="logits_buf_3_29_load_read/1 "/>
</bind>
</comp>

<comp id="1096" class="1004" name="logits_buf_3_28_load_read_read_fu_1096">
<pin_list>
<pin id="1097" dir="0" index="0" bw="32" slack="0"/>
<pin id="1098" dir="0" index="1" bw="32" slack="0"/>
<pin id="1099" dir="1" index="2" bw="32" slack="0"/>
</pin_list>
<bind>
<opcode="read(1150) " fcode="read"/>
<opset="logits_buf_3_28_load_read/1 "/>
</bind>
</comp>

<comp id="1102" class="1004" name="logits_buf_3_27_load_read_read_fu_1102">
<pin_list>
<pin id="1103" dir="0" index="0" bw="32" slack="0"/>
<pin id="1104" dir="0" index="1" bw="32" slack="0"/>
<pin id="1105" dir="1" index="2" bw="32" slack="0"/>
</pin_list>
<bind>
<opcode="read(1150) " fcode="read"/>
<opset="logits_buf_3_27_load_read/1 "/>
</bind>
</comp>

<comp id="1108" class="1004" name="logits_buf_3_26_load_read_read_fu_1108">
<pin_list>
<pin id="1109" dir="0" index="0" bw="32" slack="0"/>
<pin id="1110" dir="0" index="1" bw="32" slack="0"/>
<pin id="1111" dir="1" index="2" bw="32" slack="0"/>
</pin_list>
<bind>
<opcode="read(1150) " fcode="read"/>
<opset="logits_buf_3_26_load_read/1 "/>
</bind>
</comp>

<comp id="1114" class="1004" name="logits_buf_3_25_load_read_read_fu_1114">
<pin_list>
<pin id="1115" dir="0" index="0" bw="32" slack="0"/>
<pin id="1116" dir="0" index="1" bw="32" slack="0"/>
<pin id="1117" dir="1" index="2" bw="32" slack="0"/>
</pin_list>
<bind>
<opcode="read(1150) " fcode="read"/>
<opset="logits_buf_3_25_load_read/1 "/>
</bind>
</comp>

<comp id="1120" class="1004" name="logits_buf_3_24_load_read_read_fu_1120">
<pin_list>
<pin id="1121" dir="0" index="0" bw="32" slack="0"/>
<pin id="1122" dir="0" index="1" bw="32" slack="0"/>
<pin id="1123" dir="1" index="2" bw="32" slack="0"/>
</pin_list>
<bind>
<opcode="read(1150) " fcode="read"/>
<opset="logits_buf_3_24_load_read/1 "/>
</bind>
</comp>

<comp id="1126" class="1004" name="logits_buf_3_23_load_read_read_fu_1126">
<pin_list>
<pin id="1127" dir="0" index="0" bw="32" slack="0"/>
<pin id="1128" dir="0" index="1" bw="32" slack="0"/>
<pin id="1129" dir="1" index="2" bw="32" slack="0"/>
</pin_list>
<bind>
<opcode="read(1150) " fcode="read"/>
<opset="logits_buf_3_23_load_read/1 "/>
</bind>
</comp>

<comp id="1132" class="1004" name="logits_buf_3_22_load_read_read_fu_1132">
<pin_list>
<pin id="1133" dir="0" index="0" bw="32" slack="0"/>
<pin id="1134" dir="0" index="1" bw="32" slack="0"/>
<pin id="1135" dir="1" index="2" bw="32" slack="0"/>
</pin_list>
<bind>
<opcode="read(1150) " fcode="read"/>
<opset="logits_buf_3_22_load_read/1 "/>
</bind>
</comp>

<comp id="1138" class="1004" name="logits_buf_3_21_load_read_read_fu_1138">
<pin_list>
<pin id="1139" dir="0" index="0" bw="32" slack="0"/>
<pin id="1140" dir="0" index="1" bw="32" slack="0"/>
<pin id="1141" dir="1" index="2" bw="32" slack="0"/>
</pin_list>
<bind>
<opcode="read(1150) " fcode="read"/>
<opset="logits_buf_3_21_load_read/1 "/>
</bind>
</comp>

<comp id="1144" class="1004" name="logits_buf_3_20_load_read_read_fu_1144">
<pin_list>
<pin id="1145" dir="0" index="0" bw="32" slack="0"/>
<pin id="1146" dir="0" index="1" bw="32" slack="0"/>
<pin id="1147" dir="1" index="2" bw="32" slack="0"/>
</pin_list>
<bind>
<opcode="read(1150) " fcode="read"/>
<opset="logits_buf_3_20_load_read/1 "/>
</bind>
</comp>

<comp id="1150" class="1004" name="logits_buf_3_19_load_read_read_fu_1150">
<pin_list>
<pin id="1151" dir="0" index="0" bw="32" slack="0"/>
<pin id="1152" dir="0" index="1" bw="32" slack="0"/>
<pin id="1153" dir="1" index="2" bw="32" slack="0"/>
</pin_list>
<bind>
<opcode="read(1150) " fcode="read"/>
<opset="logits_buf_3_19_load_read/1 "/>
</bind>
</comp>

<comp id="1156" class="1004" name="logits_buf_3_18_load_read_read_fu_1156">
<pin_list>
<pin id="1157" dir="0" index="0" bw="32" slack="0"/>
<pin id="1158" dir="0" index="1" bw="32" slack="0"/>
<pin id="1159" dir="1" index="2" bw="32" slack="0"/>
</pin_list>
<bind>
<opcode="read(1150) " fcode="read"/>
<opset="logits_buf_3_18_load_read/1 "/>
</bind>
</comp>

<comp id="1162" class="1004" name="logits_buf_3_17_load_read_read_fu_1162">
<pin_list>
<pin id="1163" dir="0" index="0" bw="32" slack="0"/>
<pin id="1164" dir="0" index="1" bw="32" slack="0"/>
<pin id="1165" dir="1" index="2" bw="32" slack="0"/>
</pin_list>
<bind>
<opcode="read(1150) " fcode="read"/>
<opset="logits_buf_3_17_load_read/1 "/>
</bind>
</comp>

<comp id="1168" class="1004" name="logits_buf_3_16_load_read_read_fu_1168">
<pin_list>
<pin id="1169" dir="0" index="0" bw="32" slack="0"/>
<pin id="1170" dir="0" index="1" bw="32" slack="0"/>
<pin id="1171" dir="1" index="2" bw="32" slack="0"/>
</pin_list>
<bind>
<opcode="read(1150) " fcode="read"/>
<opset="logits_buf_3_16_load_read/1 "/>
</bind>
</comp>

<comp id="1174" class="1004" name="logits_buf_3_15_load_read_read_fu_1174">
<pin_list>
<pin id="1175" dir="0" index="0" bw="32" slack="0"/>
<pin id="1176" dir="0" index="1" bw="32" slack="0"/>
<pin id="1177" dir="1" index="2" bw="32" slack="0"/>
</pin_list>
<bind>
<opcode="read(1150) " fcode="read"/>
<opset="logits_buf_3_15_load_read/1 "/>
</bind>
</comp>

<comp id="1180" class="1004" name="logits_buf_3_14_load_read_read_fu_1180">
<pin_list>
<pin id="1181" dir="0" index="0" bw="32" slack="0"/>
<pin id="1182" dir="0" index="1" bw="32" slack="0"/>
<pin id="1183" dir="1" index="2" bw="32" slack="0"/>
</pin_list>
<bind>
<opcode="read(1150) " fcode="read"/>
<opset="logits_buf_3_14_load_read/1 "/>
</bind>
</comp>

<comp id="1186" class="1004" name="logits_buf_3_13_load_read_read_fu_1186">
<pin_list>
<pin id="1187" dir="0" index="0" bw="32" slack="0"/>
<pin id="1188" dir="0" index="1" bw="32" slack="0"/>
<pin id="1189" dir="1" index="2" bw="32" slack="0"/>
</pin_list>
<bind>
<opcode="read(1150) " fcode="read"/>
<opset="logits_buf_3_13_load_read/1 "/>
</bind>
</comp>

<comp id="1192" class="1004" name="logits_buf_3_12_load_read_read_fu_1192">
<pin_list>
<pin id="1193" dir="0" index="0" bw="32" slack="0"/>
<pin id="1194" dir="0" index="1" bw="32" slack="0"/>
<pin id="1195" dir="1" index="2" bw="32" slack="0"/>
</pin_list>
<bind>
<opcode="read(1150) " fcode="read"/>
<opset="logits_buf_3_12_load_read/1 "/>
</bind>
</comp>

<comp id="1198" class="1004" name="logits_buf_3_11_load_read_read_fu_1198">
<pin_list>
<pin id="1199" dir="0" index="0" bw="32" slack="0"/>
<pin id="1200" dir="0" index="1" bw="32" slack="0"/>
<pin id="1201" dir="1" index="2" bw="32" slack="0"/>
</pin_list>
<bind>
<opcode="read(1150) " fcode="read"/>
<opset="logits_buf_3_11_load_read/1 "/>
</bind>
</comp>

<comp id="1204" class="1004" name="logits_buf_3_10_load_read_read_fu_1204">
<pin_list>
<pin id="1205" dir="0" index="0" bw="32" slack="0"/>
<pin id="1206" dir="0" index="1" bw="32" slack="0"/>
<pin id="1207" dir="1" index="2" bw="32" slack="0"/>
</pin_list>
<bind>
<opcode="read(1150) " fcode="read"/>
<opset="logits_buf_3_10_load_read/1 "/>
</bind>
</comp>

<comp id="1210" class="1004" name="logits_buf_3_9_load_read_read_fu_1210">
<pin_list>
<pin id="1211" dir="0" index="0" bw="32" slack="0"/>
<pin id="1212" dir="0" index="1" bw="32" slack="0"/>
<pin id="1213" dir="1" index="2" bw="32" slack="0"/>
</pin_list>
<bind>
<opcode="read(1150) " fcode="read"/>
<opset="logits_buf_3_9_load_read/1 "/>
</bind>
</comp>

<comp id="1216" class="1004" name="logits_buf_3_8_load_read_read_fu_1216">
<pin_list>
<pin id="1217" dir="0" index="0" bw="32" slack="0"/>
<pin id="1218" dir="0" index="1" bw="32" slack="0"/>
<pin id="1219" dir="1" index="2" bw="32" slack="0"/>
</pin_list>
<bind>
<opcode="read(1150) " fcode="read"/>
<opset="logits_buf_3_8_load_read/1 "/>
</bind>
</comp>

<comp id="1222" class="1004" name="logits_buf_3_7_load_read_read_fu_1222">
<pin_list>
<pin id="1223" dir="0" index="0" bw="32" slack="0"/>
<pin id="1224" dir="0" index="1" bw="32" slack="0"/>
<pin id="1225" dir="1" index="2" bw="32" slack="0"/>
</pin_list>
<bind>
<opcode="read(1150) " fcode="read"/>
<opset="logits_buf_3_7_load_read/1 "/>
</bind>
</comp>

<comp id="1228" class="1004" name="logits_buf_3_6_load_read_read_fu_1228">
<pin_list>
<pin id="1229" dir="0" index="0" bw="32" slack="0"/>
<pin id="1230" dir="0" index="1" bw="32" slack="0"/>
<pin id="1231" dir="1" index="2" bw="32" slack="0"/>
</pin_list>
<bind>
<opcode="read(1150) " fcode="read"/>
<opset="logits_buf_3_6_load_read/1 "/>
</bind>
</comp>

<comp id="1234" class="1004" name="logits_buf_3_5_load_read_read_fu_1234">
<pin_list>
<pin id="1235" dir="0" index="0" bw="32" slack="0"/>
<pin id="1236" dir="0" index="1" bw="32" slack="0"/>
<pin id="1237" dir="1" index="2" bw="32" slack="0"/>
</pin_list>
<bind>
<opcode="read(1150) " fcode="read"/>
<opset="logits_buf_3_5_load_read/1 "/>
</bind>
</comp>

<comp id="1240" class="1004" name="logits_buf_3_4_load_read_read_fu_1240">
<pin_list>
<pin id="1241" dir="0" index="0" bw="32" slack="0"/>
<pin id="1242" dir="0" index="1" bw="32" slack="0"/>
<pin id="1243" dir="1" index="2" bw="32" slack="0"/>
</pin_list>
<bind>
<opcode="read(1150) " fcode="read"/>
<opset="logits_buf_3_4_load_read/1 "/>
</bind>
</comp>

<comp id="1246" class="1004" name="logits_buf_3_3_load_read_read_fu_1246">
<pin_list>
<pin id="1247" dir="0" index="0" bw="32" slack="0"/>
<pin id="1248" dir="0" index="1" bw="32" slack="0"/>
<pin id="1249" dir="1" index="2" bw="32" slack="0"/>
</pin_list>
<bind>
<opcode="read(1150) " fcode="read"/>
<opset="logits_buf_3_3_load_read/1 "/>
</bind>
</comp>

<comp id="1252" class="1004" name="logits_buf_3_2_load_read_read_fu_1252">
<pin_list>
<pin id="1253" dir="0" index="0" bw="32" slack="0"/>
<pin id="1254" dir="0" index="1" bw="32" slack="0"/>
<pin id="1255" dir="1" index="2" bw="32" slack="0"/>
</pin_list>
<bind>
<opcode="read(1150) " fcode="read"/>
<opset="logits_buf_3_2_load_read/1 "/>
</bind>
</comp>

<comp id="1258" class="1004" name="logits_buf_3_1_load_read_read_fu_1258">
<pin_list>
<pin id="1259" dir="0" index="0" bw="32" slack="0"/>
<pin id="1260" dir="0" index="1" bw="32" slack="0"/>
<pin id="1261" dir="1" index="2" bw="32" slack="0"/>
</pin_list>
<bind>
<opcode="read(1150) " fcode="read"/>
<opset="logits_buf_3_1_load_read/1 "/>
</bind>
</comp>

<comp id="1264" class="1004" name="logits_buf_3_0_load_read_read_fu_1264">
<pin_list>
<pin id="1265" dir="0" index="0" bw="32" slack="0"/>
<pin id="1266" dir="0" index="1" bw="32" slack="0"/>
<pin id="1267" dir="1" index="2" bw="32" slack="0"/>
</pin_list>
<bind>
<opcode="read(1150) " fcode="read"/>
<opset="logits_buf_3_0_load_read/1 "/>
</bind>
</comp>

<comp id="1270" class="1004" name="logits_buf_2_63_load_read_read_fu_1270">
<pin_list>
<pin id="1271" dir="0" index="0" bw="32" slack="0"/>
<pin id="1272" dir="0" index="1" bw="32" slack="0"/>
<pin id="1273" dir="1" index="2" bw="32" slack="0"/>
</pin_list>
<bind>
<opcode="read(1150) " fcode="read"/>
<opset="logits_buf_2_63_load_read/1 "/>
</bind>
</comp>

<comp id="1276" class="1004" name="logits_buf_2_62_load_read_read_fu_1276">
<pin_list>
<pin id="1277" dir="0" index="0" bw="32" slack="0"/>
<pin id="1278" dir="0" index="1" bw="32" slack="0"/>
<pin id="1279" dir="1" index="2" bw="32" slack="0"/>
</pin_list>
<bind>
<opcode="read(1150) " fcode="read"/>
<opset="logits_buf_2_62_load_read/1 "/>
</bind>
</comp>

<comp id="1282" class="1004" name="logits_buf_2_61_load_read_read_fu_1282">
<pin_list>
<pin id="1283" dir="0" index="0" bw="32" slack="0"/>
<pin id="1284" dir="0" index="1" bw="32" slack="0"/>
<pin id="1285" dir="1" index="2" bw="32" slack="0"/>
</pin_list>
<bind>
<opcode="read(1150) " fcode="read"/>
<opset="logits_buf_2_61_load_read/1 "/>
</bind>
</comp>

<comp id="1288" class="1004" name="logits_buf_2_60_load_read_read_fu_1288">
<pin_list>
<pin id="1289" dir="0" index="0" bw="32" slack="0"/>
<pin id="1290" dir="0" index="1" bw="32" slack="0"/>
<pin id="1291" dir="1" index="2" bw="32" slack="0"/>
</pin_list>
<bind>
<opcode="read(1150) " fcode="read"/>
<opset="logits_buf_2_60_load_read/1 "/>
</bind>
</comp>

<comp id="1294" class="1004" name="logits_buf_2_59_load_read_read_fu_1294">
<pin_list>
<pin id="1295" dir="0" index="0" bw="32" slack="0"/>
<pin id="1296" dir="0" index="1" bw="32" slack="0"/>
<pin id="1297" dir="1" index="2" bw="32" slack="0"/>
</pin_list>
<bind>
<opcode="read(1150) " fcode="read"/>
<opset="logits_buf_2_59_load_read/1 "/>
</bind>
</comp>

<comp id="1300" class="1004" name="logits_buf_2_58_load_read_read_fu_1300">
<pin_list>
<pin id="1301" dir="0" index="0" bw="32" slack="0"/>
<pin id="1302" dir="0" index="1" bw="32" slack="0"/>
<pin id="1303" dir="1" index="2" bw="32" slack="0"/>
</pin_list>
<bind>
<opcode="read(1150) " fcode="read"/>
<opset="logits_buf_2_58_load_read/1 "/>
</bind>
</comp>

<comp id="1306" class="1004" name="logits_buf_2_57_load_read_read_fu_1306">
<pin_list>
<pin id="1307" dir="0" index="0" bw="32" slack="0"/>
<pin id="1308" dir="0" index="1" bw="32" slack="0"/>
<pin id="1309" dir="1" index="2" bw="32" slack="0"/>
</pin_list>
<bind>
<opcode="read(1150) " fcode="read"/>
<opset="logits_buf_2_57_load_read/1 "/>
</bind>
</comp>

<comp id="1312" class="1004" name="logits_buf_2_56_load_read_read_fu_1312">
<pin_list>
<pin id="1313" dir="0" index="0" bw="32" slack="0"/>
<pin id="1314" dir="0" index="1" bw="32" slack="0"/>
<pin id="1315" dir="1" index="2" bw="32" slack="0"/>
</pin_list>
<bind>
<opcode="read(1150) " fcode="read"/>
<opset="logits_buf_2_56_load_read/1 "/>
</bind>
</comp>

<comp id="1318" class="1004" name="logits_buf_2_55_load_read_read_fu_1318">
<pin_list>
<pin id="1319" dir="0" index="0" bw="32" slack="0"/>
<pin id="1320" dir="0" index="1" bw="32" slack="0"/>
<pin id="1321" dir="1" index="2" bw="32" slack="0"/>
</pin_list>
<bind>
<opcode="read(1150) " fcode="read"/>
<opset="logits_buf_2_55_load_read/1 "/>
</bind>
</comp>

<comp id="1324" class="1004" name="logits_buf_2_54_load_read_read_fu_1324">
<pin_list>
<pin id="1325" dir="0" index="0" bw="32" slack="0"/>
<pin id="1326" dir="0" index="1" bw="32" slack="0"/>
<pin id="1327" dir="1" index="2" bw="32" slack="0"/>
</pin_list>
<bind>
<opcode="read(1150) " fcode="read"/>
<opset="logits_buf_2_54_load_read/1 "/>
</bind>
</comp>

<comp id="1330" class="1004" name="logits_buf_2_53_load_read_read_fu_1330">
<pin_list>
<pin id="1331" dir="0" index="0" bw="32" slack="0"/>
<pin id="1332" dir="0" index="1" bw="32" slack="0"/>
<pin id="1333" dir="1" index="2" bw="32" slack="0"/>
</pin_list>
<bind>
<opcode="read(1150) " fcode="read"/>
<opset="logits_buf_2_53_load_read/1 "/>
</bind>
</comp>

<comp id="1336" class="1004" name="logits_buf_2_52_load_read_read_fu_1336">
<pin_list>
<pin id="1337" dir="0" index="0" bw="32" slack="0"/>
<pin id="1338" dir="0" index="1" bw="32" slack="0"/>
<pin id="1339" dir="1" index="2" bw="32" slack="0"/>
</pin_list>
<bind>
<opcode="read(1150) " fcode="read"/>
<opset="logits_buf_2_52_load_read/1 "/>
</bind>
</comp>

<comp id="1342" class="1004" name="logits_buf_2_51_load_read_read_fu_1342">
<pin_list>
<pin id="1343" dir="0" index="0" bw="32" slack="0"/>
<pin id="1344" dir="0" index="1" bw="32" slack="0"/>
<pin id="1345" dir="1" index="2" bw="32" slack="0"/>
</pin_list>
<bind>
<opcode="read(1150) " fcode="read"/>
<opset="logits_buf_2_51_load_read/1 "/>
</bind>
</comp>

<comp id="1348" class="1004" name="logits_buf_2_50_load_read_read_fu_1348">
<pin_list>
<pin id="1349" dir="0" index="0" bw="32" slack="0"/>
<pin id="1350" dir="0" index="1" bw="32" slack="0"/>
<pin id="1351" dir="1" index="2" bw="32" slack="0"/>
</pin_list>
<bind>
<opcode="read(1150) " fcode="read"/>
<opset="logits_buf_2_50_load_read/1 "/>
</bind>
</comp>

<comp id="1354" class="1004" name="logits_buf_2_49_load_read_read_fu_1354">
<pin_list>
<pin id="1355" dir="0" index="0" bw="32" slack="0"/>
<pin id="1356" dir="0" index="1" bw="32" slack="0"/>
<pin id="1357" dir="1" index="2" bw="32" slack="0"/>
</pin_list>
<bind>
<opcode="read(1150) " fcode="read"/>
<opset="logits_buf_2_49_load_read/1 "/>
</bind>
</comp>

<comp id="1360" class="1004" name="logits_buf_2_48_load_read_read_fu_1360">
<pin_list>
<pin id="1361" dir="0" index="0" bw="32" slack="0"/>
<pin id="1362" dir="0" index="1" bw="32" slack="0"/>
<pin id="1363" dir="1" index="2" bw="32" slack="0"/>
</pin_list>
<bind>
<opcode="read(1150) " fcode="read"/>
<opset="logits_buf_2_48_load_read/1 "/>
</bind>
</comp>

<comp id="1366" class="1004" name="logits_buf_2_47_load_read_read_fu_1366">
<pin_list>
<pin id="1367" dir="0" index="0" bw="32" slack="0"/>
<pin id="1368" dir="0" index="1" bw="32" slack="0"/>
<pin id="1369" dir="1" index="2" bw="32" slack="0"/>
</pin_list>
<bind>
<opcode="read(1150) " fcode="read"/>
<opset="logits_buf_2_47_load_read/1 "/>
</bind>
</comp>

<comp id="1372" class="1004" name="logits_buf_2_46_load_read_read_fu_1372">
<pin_list>
<pin id="1373" dir="0" index="0" bw="32" slack="0"/>
<pin id="1374" dir="0" index="1" bw="32" slack="0"/>
<pin id="1375" dir="1" index="2" bw="32" slack="0"/>
</pin_list>
<bind>
<opcode="read(1150) " fcode="read"/>
<opset="logits_buf_2_46_load_read/1 "/>
</bind>
</comp>

<comp id="1378" class="1004" name="logits_buf_2_45_load_read_read_fu_1378">
<pin_list>
<pin id="1379" dir="0" index="0" bw="32" slack="0"/>
<pin id="1380" dir="0" index="1" bw="32" slack="0"/>
<pin id="1381" dir="1" index="2" bw="32" slack="0"/>
</pin_list>
<bind>
<opcode="read(1150) " fcode="read"/>
<opset="logits_buf_2_45_load_read/1 "/>
</bind>
</comp>

<comp id="1384" class="1004" name="logits_buf_2_44_load_read_read_fu_1384">
<pin_list>
<pin id="1385" dir="0" index="0" bw="32" slack="0"/>
<pin id="1386" dir="0" index="1" bw="32" slack="0"/>
<pin id="1387" dir="1" index="2" bw="32" slack="0"/>
</pin_list>
<bind>
<opcode="read(1150) " fcode="read"/>
<opset="logits_buf_2_44_load_read/1 "/>
</bind>
</comp>

<comp id="1390" class="1004" name="logits_buf_2_43_load_read_read_fu_1390">
<pin_list>
<pin id="1391" dir="0" index="0" bw="32" slack="0"/>
<pin id="1392" dir="0" index="1" bw="32" slack="0"/>
<pin id="1393" dir="1" index="2" bw="32" slack="0"/>
</pin_list>
<bind>
<opcode="read(1150) " fcode="read"/>
<opset="logits_buf_2_43_load_read/1 "/>
</bind>
</comp>

<comp id="1396" class="1004" name="logits_buf_2_42_load_read_read_fu_1396">
<pin_list>
<pin id="1397" dir="0" index="0" bw="32" slack="0"/>
<pin id="1398" dir="0" index="1" bw="32" slack="0"/>
<pin id="1399" dir="1" index="2" bw="32" slack="0"/>
</pin_list>
<bind>
<opcode="read(1150) " fcode="read"/>
<opset="logits_buf_2_42_load_read/1 "/>
</bind>
</comp>

<comp id="1402" class="1004" name="logits_buf_2_41_load_read_read_fu_1402">
<pin_list>
<pin id="1403" dir="0" index="0" bw="32" slack="0"/>
<pin id="1404" dir="0" index="1" bw="32" slack="0"/>
<pin id="1405" dir="1" index="2" bw="32" slack="0"/>
</pin_list>
<bind>
<opcode="read(1150) " fcode="read"/>
<opset="logits_buf_2_41_load_read/1 "/>
</bind>
</comp>

<comp id="1408" class="1004" name="logits_buf_2_40_load_read_read_fu_1408">
<pin_list>
<pin id="1409" dir="0" index="0" bw="32" slack="0"/>
<pin id="1410" dir="0" index="1" bw="32" slack="0"/>
<pin id="1411" dir="1" index="2" bw="32" slack="0"/>
</pin_list>
<bind>
<opcode="read(1150) " fcode="read"/>
<opset="logits_buf_2_40_load_read/1 "/>
</bind>
</comp>

<comp id="1414" class="1004" name="logits_buf_2_39_load_read_read_fu_1414">
<pin_list>
<pin id="1415" dir="0" index="0" bw="32" slack="0"/>
<pin id="1416" dir="0" index="1" bw="32" slack="0"/>
<pin id="1417" dir="1" index="2" bw="32" slack="0"/>
</pin_list>
<bind>
<opcode="read(1150) " fcode="read"/>
<opset="logits_buf_2_39_load_read/1 "/>
</bind>
</comp>

<comp id="1420" class="1004" name="logits_buf_2_38_load_read_read_fu_1420">
<pin_list>
<pin id="1421" dir="0" index="0" bw="32" slack="0"/>
<pin id="1422" dir="0" index="1" bw="32" slack="0"/>
<pin id="1423" dir="1" index="2" bw="32" slack="0"/>
</pin_list>
<bind>
<opcode="read(1150) " fcode="read"/>
<opset="logits_buf_2_38_load_read/1 "/>
</bind>
</comp>

<comp id="1426" class="1004" name="logits_buf_2_37_load_read_read_fu_1426">
<pin_list>
<pin id="1427" dir="0" index="0" bw="32" slack="0"/>
<pin id="1428" dir="0" index="1" bw="32" slack="0"/>
<pin id="1429" dir="1" index="2" bw="32" slack="0"/>
</pin_list>
<bind>
<opcode="read(1150) " fcode="read"/>
<opset="logits_buf_2_37_load_read/1 "/>
</bind>
</comp>

<comp id="1432" class="1004" name="logits_buf_2_36_load_read_read_fu_1432">
<pin_list>
<pin id="1433" dir="0" index="0" bw="32" slack="0"/>
<pin id="1434" dir="0" index="1" bw="32" slack="0"/>
<pin id="1435" dir="1" index="2" bw="32" slack="0"/>
</pin_list>
<bind>
<opcode="read(1150) " fcode="read"/>
<opset="logits_buf_2_36_load_read/1 "/>
</bind>
</comp>

<comp id="1438" class="1004" name="logits_buf_2_35_load_read_read_fu_1438">
<pin_list>
<pin id="1439" dir="0" index="0" bw="32" slack="0"/>
<pin id="1440" dir="0" index="1" bw="32" slack="0"/>
<pin id="1441" dir="1" index="2" bw="32" slack="0"/>
</pin_list>
<bind>
<opcode="read(1150) " fcode="read"/>
<opset="logits_buf_2_35_load_read/1 "/>
</bind>
</comp>

<comp id="1444" class="1004" name="logits_buf_2_34_load_read_read_fu_1444">
<pin_list>
<pin id="1445" dir="0" index="0" bw="32" slack="0"/>
<pin id="1446" dir="0" index="1" bw="32" slack="0"/>
<pin id="1447" dir="1" index="2" bw="32" slack="0"/>
</pin_list>
<bind>
<opcode="read(1150) " fcode="read"/>
<opset="logits_buf_2_34_load_read/1 "/>
</bind>
</comp>

<comp id="1450" class="1004" name="logits_buf_2_33_load_read_read_fu_1450">
<pin_list>
<pin id="1451" dir="0" index="0" bw="32" slack="0"/>
<pin id="1452" dir="0" index="1" bw="32" slack="0"/>
<pin id="1453" dir="1" index="2" bw="32" slack="0"/>
</pin_list>
<bind>
<opcode="read(1150) " fcode="read"/>
<opset="logits_buf_2_33_load_read/1 "/>
</bind>
</comp>

<comp id="1456" class="1004" name="logits_buf_2_32_load_read_read_fu_1456">
<pin_list>
<pin id="1457" dir="0" index="0" bw="32" slack="0"/>
<pin id="1458" dir="0" index="1" bw="32" slack="0"/>
<pin id="1459" dir="1" index="2" bw="32" slack="0"/>
</pin_list>
<bind>
<opcode="read(1150) " fcode="read"/>
<opset="logits_buf_2_32_load_read/1 "/>
</bind>
</comp>

<comp id="1462" class="1004" name="logits_buf_2_31_load_read_read_fu_1462">
<pin_list>
<pin id="1463" dir="0" index="0" bw="32" slack="0"/>
<pin id="1464" dir="0" index="1" bw="32" slack="0"/>
<pin id="1465" dir="1" index="2" bw="32" slack="0"/>
</pin_list>
<bind>
<opcode="read(1150) " fcode="read"/>
<opset="logits_buf_2_31_load_read/1 "/>
</bind>
</comp>

<comp id="1468" class="1004" name="logits_buf_2_30_load_read_read_fu_1468">
<pin_list>
<pin id="1469" dir="0" index="0" bw="32" slack="0"/>
<pin id="1470" dir="0" index="1" bw="32" slack="0"/>
<pin id="1471" dir="1" index="2" bw="32" slack="0"/>
</pin_list>
<bind>
<opcode="read(1150) " fcode="read"/>
<opset="logits_buf_2_30_load_read/1 "/>
</bind>
</comp>

<comp id="1474" class="1004" name="logits_buf_2_29_load_read_read_fu_1474">
<pin_list>
<pin id="1475" dir="0" index="0" bw="32" slack="0"/>
<pin id="1476" dir="0" index="1" bw="32" slack="0"/>
<pin id="1477" dir="1" index="2" bw="32" slack="0"/>
</pin_list>
<bind>
<opcode="read(1150) " fcode="read"/>
<opset="logits_buf_2_29_load_read/1 "/>
</bind>
</comp>

<comp id="1480" class="1004" name="logits_buf_2_28_load_read_read_fu_1480">
<pin_list>
<pin id="1481" dir="0" index="0" bw="32" slack="0"/>
<pin id="1482" dir="0" index="1" bw="32" slack="0"/>
<pin id="1483" dir="1" index="2" bw="32" slack="0"/>
</pin_list>
<bind>
<opcode="read(1150) " fcode="read"/>
<opset="logits_buf_2_28_load_read/1 "/>
</bind>
</comp>

<comp id="1486" class="1004" name="logits_buf_2_27_load_read_read_fu_1486">
<pin_list>
<pin id="1487" dir="0" index="0" bw="32" slack="0"/>
<pin id="1488" dir="0" index="1" bw="32" slack="0"/>
<pin id="1489" dir="1" index="2" bw="32" slack="0"/>
</pin_list>
<bind>
<opcode="read(1150) " fcode="read"/>
<opset="logits_buf_2_27_load_read/1 "/>
</bind>
</comp>

<comp id="1492" class="1004" name="logits_buf_2_26_load_read_read_fu_1492">
<pin_list>
<pin id="1493" dir="0" index="0" bw="32" slack="0"/>
<pin id="1494" dir="0" index="1" bw="32" slack="0"/>
<pin id="1495" dir="1" index="2" bw="32" slack="0"/>
</pin_list>
<bind>
<opcode="read(1150) " fcode="read"/>
<opset="logits_buf_2_26_load_read/1 "/>
</bind>
</comp>

<comp id="1498" class="1004" name="logits_buf_2_25_load_read_read_fu_1498">
<pin_list>
<pin id="1499" dir="0" index="0" bw="32" slack="0"/>
<pin id="1500" dir="0" index="1" bw="32" slack="0"/>
<pin id="1501" dir="1" index="2" bw="32" slack="0"/>
</pin_list>
<bind>
<opcode="read(1150) " fcode="read"/>
<opset="logits_buf_2_25_load_read/1 "/>
</bind>
</comp>

<comp id="1504" class="1004" name="logits_buf_2_24_load_read_read_fu_1504">
<pin_list>
<pin id="1505" dir="0" index="0" bw="32" slack="0"/>
<pin id="1506" dir="0" index="1" bw="32" slack="0"/>
<pin id="1507" dir="1" index="2" bw="32" slack="0"/>
</pin_list>
<bind>
<opcode="read(1150) " fcode="read"/>
<opset="logits_buf_2_24_load_read/1 "/>
</bind>
</comp>

<comp id="1510" class="1004" name="logits_buf_2_23_load_read_read_fu_1510">
<pin_list>
<pin id="1511" dir="0" index="0" bw="32" slack="0"/>
<pin id="1512" dir="0" index="1" bw="32" slack="0"/>
<pin id="1513" dir="1" index="2" bw="32" slack="0"/>
</pin_list>
<bind>
<opcode="read(1150) " fcode="read"/>
<opset="logits_buf_2_23_load_read/1 "/>
</bind>
</comp>

<comp id="1516" class="1004" name="logits_buf_2_22_load_read_read_fu_1516">
<pin_list>
<pin id="1517" dir="0" index="0" bw="32" slack="0"/>
<pin id="1518" dir="0" index="1" bw="32" slack="0"/>
<pin id="1519" dir="1" index="2" bw="32" slack="0"/>
</pin_list>
<bind>
<opcode="read(1150) " fcode="read"/>
<opset="logits_buf_2_22_load_read/1 "/>
</bind>
</comp>

<comp id="1522" class="1004" name="logits_buf_2_21_load_read_read_fu_1522">
<pin_list>
<pin id="1523" dir="0" index="0" bw="32" slack="0"/>
<pin id="1524" dir="0" index="1" bw="32" slack="0"/>
<pin id="1525" dir="1" index="2" bw="32" slack="0"/>
</pin_list>
<bind>
<opcode="read(1150) " fcode="read"/>
<opset="logits_buf_2_21_load_read/1 "/>
</bind>
</comp>

<comp id="1528" class="1004" name="logits_buf_2_20_load_read_read_fu_1528">
<pin_list>
<pin id="1529" dir="0" index="0" bw="32" slack="0"/>
<pin id="1530" dir="0" index="1" bw="32" slack="0"/>
<pin id="1531" dir="1" index="2" bw="32" slack="0"/>
</pin_list>
<bind>
<opcode="read(1150) " fcode="read"/>
<opset="logits_buf_2_20_load_read/1 "/>
</bind>
</comp>

<comp id="1534" class="1004" name="logits_buf_2_19_load_read_read_fu_1534">
<pin_list>
<pin id="1535" dir="0" index="0" bw="32" slack="0"/>
<pin id="1536" dir="0" index="1" bw="32" slack="0"/>
<pin id="1537" dir="1" index="2" bw="32" slack="0"/>
</pin_list>
<bind>
<opcode="read(1150) " fcode="read"/>
<opset="logits_buf_2_19_load_read/1 "/>
</bind>
</comp>

<comp id="1540" class="1004" name="logits_buf_2_18_load_read_read_fu_1540">
<pin_list>
<pin id="1541" dir="0" index="0" bw="32" slack="0"/>
<pin id="1542" dir="0" index="1" bw="32" slack="0"/>
<pin id="1543" dir="1" index="2" bw="32" slack="0"/>
</pin_list>
<bind>
<opcode="read(1150) " fcode="read"/>
<opset="logits_buf_2_18_load_read/1 "/>
</bind>
</comp>

<comp id="1546" class="1004" name="logits_buf_2_17_load_read_read_fu_1546">
<pin_list>
<pin id="1547" dir="0" index="0" bw="32" slack="0"/>
<pin id="1548" dir="0" index="1" bw="32" slack="0"/>
<pin id="1549" dir="1" index="2" bw="32" slack="0"/>
</pin_list>
<bind>
<opcode="read(1150) " fcode="read"/>
<opset="logits_buf_2_17_load_read/1 "/>
</bind>
</comp>

<comp id="1552" class="1004" name="logits_buf_2_16_load_read_read_fu_1552">
<pin_list>
<pin id="1553" dir="0" index="0" bw="32" slack="0"/>
<pin id="1554" dir="0" index="1" bw="32" slack="0"/>
<pin id="1555" dir="1" index="2" bw="32" slack="0"/>
</pin_list>
<bind>
<opcode="read(1150) " fcode="read"/>
<opset="logits_buf_2_16_load_read/1 "/>
</bind>
</comp>

<comp id="1558" class="1004" name="logits_buf_2_15_load_read_read_fu_1558">
<pin_list>
<pin id="1559" dir="0" index="0" bw="32" slack="0"/>
<pin id="1560" dir="0" index="1" bw="32" slack="0"/>
<pin id="1561" dir="1" index="2" bw="32" slack="0"/>
</pin_list>
<bind>
<opcode="read(1150) " fcode="read"/>
<opset="logits_buf_2_15_load_read/1 "/>
</bind>
</comp>

<comp id="1564" class="1004" name="logits_buf_2_14_load_read_read_fu_1564">
<pin_list>
<pin id="1565" dir="0" index="0" bw="32" slack="0"/>
<pin id="1566" dir="0" index="1" bw="32" slack="0"/>
<pin id="1567" dir="1" index="2" bw="32" slack="0"/>
</pin_list>
<bind>
<opcode="read(1150) " fcode="read"/>
<opset="logits_buf_2_14_load_read/1 "/>
</bind>
</comp>

<comp id="1570" class="1004" name="logits_buf_2_13_load_read_read_fu_1570">
<pin_list>
<pin id="1571" dir="0" index="0" bw="32" slack="0"/>
<pin id="1572" dir="0" index="1" bw="32" slack="0"/>
<pin id="1573" dir="1" index="2" bw="32" slack="0"/>
</pin_list>
<bind>
<opcode="read(1150) " fcode="read"/>
<opset="logits_buf_2_13_load_read/1 "/>
</bind>
</comp>

<comp id="1576" class="1004" name="logits_buf_2_12_load_read_read_fu_1576">
<pin_list>
<pin id="1577" dir="0" index="0" bw="32" slack="0"/>
<pin id="1578" dir="0" index="1" bw="32" slack="0"/>
<pin id="1579" dir="1" index="2" bw="32" slack="0"/>
</pin_list>
<bind>
<opcode="read(1150) " fcode="read"/>
<opset="logits_buf_2_12_load_read/1 "/>
</bind>
</comp>

<comp id="1582" class="1004" name="logits_buf_2_11_load_read_read_fu_1582">
<pin_list>
<pin id="1583" dir="0" index="0" bw="32" slack="0"/>
<pin id="1584" dir="0" index="1" bw="32" slack="0"/>
<pin id="1585" dir="1" index="2" bw="32" slack="0"/>
</pin_list>
<bind>
<opcode="read(1150) " fcode="read"/>
<opset="logits_buf_2_11_load_read/1 "/>
</bind>
</comp>

<comp id="1588" class="1004" name="logits_buf_2_10_load_read_read_fu_1588">
<pin_list>
<pin id="1589" dir="0" index="0" bw="32" slack="0"/>
<pin id="1590" dir="0" index="1" bw="32" slack="0"/>
<pin id="1591" dir="1" index="2" bw="32" slack="0"/>
</pin_list>
<bind>
<opcode="read(1150) " fcode="read"/>
<opset="logits_buf_2_10_load_read/1 "/>
</bind>
</comp>

<comp id="1594" class="1004" name="logits_buf_2_9_load_read_read_fu_1594">
<pin_list>
<pin id="1595" dir="0" index="0" bw="32" slack="0"/>
<pin id="1596" dir="0" index="1" bw="32" slack="0"/>
<pin id="1597" dir="1" index="2" bw="32" slack="0"/>
</pin_list>
<bind>
<opcode="read(1150) " fcode="read"/>
<opset="logits_buf_2_9_load_read/1 "/>
</bind>
</comp>

<comp id="1600" class="1004" name="logits_buf_2_8_load_read_read_fu_1600">
<pin_list>
<pin id="1601" dir="0" index="0" bw="32" slack="0"/>
<pin id="1602" dir="0" index="1" bw="32" slack="0"/>
<pin id="1603" dir="1" index="2" bw="32" slack="0"/>
</pin_list>
<bind>
<opcode="read(1150) " fcode="read"/>
<opset="logits_buf_2_8_load_read/1 "/>
</bind>
</comp>

<comp id="1606" class="1004" name="logits_buf_2_7_load_read_read_fu_1606">
<pin_list>
<pin id="1607" dir="0" index="0" bw="32" slack="0"/>
<pin id="1608" dir="0" index="1" bw="32" slack="0"/>
<pin id="1609" dir="1" index="2" bw="32" slack="0"/>
</pin_list>
<bind>
<opcode="read(1150) " fcode="read"/>
<opset="logits_buf_2_7_load_read/1 "/>
</bind>
</comp>

<comp id="1612" class="1004" name="logits_buf_2_6_load_read_read_fu_1612">
<pin_list>
<pin id="1613" dir="0" index="0" bw="32" slack="0"/>
<pin id="1614" dir="0" index="1" bw="32" slack="0"/>
<pin id="1615" dir="1" index="2" bw="32" slack="0"/>
</pin_list>
<bind>
<opcode="read(1150) " fcode="read"/>
<opset="logits_buf_2_6_load_read/1 "/>
</bind>
</comp>

<comp id="1618" class="1004" name="logits_buf_2_5_load_read_read_fu_1618">
<pin_list>
<pin id="1619" dir="0" index="0" bw="32" slack="0"/>
<pin id="1620" dir="0" index="1" bw="32" slack="0"/>
<pin id="1621" dir="1" index="2" bw="32" slack="0"/>
</pin_list>
<bind>
<opcode="read(1150) " fcode="read"/>
<opset="logits_buf_2_5_load_read/1 "/>
</bind>
</comp>

<comp id="1624" class="1004" name="logits_buf_2_4_load_read_read_fu_1624">
<pin_list>
<pin id="1625" dir="0" index="0" bw="32" slack="0"/>
<pin id="1626" dir="0" index="1" bw="32" slack="0"/>
<pin id="1627" dir="1" index="2" bw="32" slack="0"/>
</pin_list>
<bind>
<opcode="read(1150) " fcode="read"/>
<opset="logits_buf_2_4_load_read/1 "/>
</bind>
</comp>

<comp id="1630" class="1004" name="logits_buf_2_3_load_read_read_fu_1630">
<pin_list>
<pin id="1631" dir="0" index="0" bw="32" slack="0"/>
<pin id="1632" dir="0" index="1" bw="32" slack="0"/>
<pin id="1633" dir="1" index="2" bw="32" slack="0"/>
</pin_list>
<bind>
<opcode="read(1150) " fcode="read"/>
<opset="logits_buf_2_3_load_read/1 "/>
</bind>
</comp>

<comp id="1636" class="1004" name="logits_buf_2_2_load_read_read_fu_1636">
<pin_list>
<pin id="1637" dir="0" index="0" bw="32" slack="0"/>
<pin id="1638" dir="0" index="1" bw="32" slack="0"/>
<pin id="1639" dir="1" index="2" bw="32" slack="0"/>
</pin_list>
<bind>
<opcode="read(1150) " fcode="read"/>
<opset="logits_buf_2_2_load_read/1 "/>
</bind>
</comp>

<comp id="1642" class="1004" name="logits_buf_2_1_load_read_read_fu_1642">
<pin_list>
<pin id="1643" dir="0" index="0" bw="32" slack="0"/>
<pin id="1644" dir="0" index="1" bw="32" slack="0"/>
<pin id="1645" dir="1" index="2" bw="32" slack="0"/>
</pin_list>
<bind>
<opcode="read(1150) " fcode="read"/>
<opset="logits_buf_2_1_load_read/1 "/>
</bind>
</comp>

<comp id="1648" class="1004" name="logits_buf_2_0_load_read_read_fu_1648">
<pin_list>
<pin id="1649" dir="0" index="0" bw="32" slack="0"/>
<pin id="1650" dir="0" index="1" bw="32" slack="0"/>
<pin id="1651" dir="1" index="2" bw="32" slack="0"/>
</pin_list>
<bind>
<opcode="read(1150) " fcode="read"/>
<opset="logits_buf_2_0_load_read/1 "/>
</bind>
</comp>

<comp id="1654" class="1004" name="logits_buf_1_63_load_read_read_fu_1654">
<pin_list>
<pin id="1655" dir="0" index="0" bw="32" slack="0"/>
<pin id="1656" dir="0" index="1" bw="32" slack="0"/>
<pin id="1657" dir="1" index="2" bw="32" slack="0"/>
</pin_list>
<bind>
<opcode="read(1150) " fcode="read"/>
<opset="logits_buf_1_63_load_read/1 "/>
</bind>
</comp>

<comp id="1660" class="1004" name="logits_buf_1_62_load_read_read_fu_1660">
<pin_list>
<pin id="1661" dir="0" index="0" bw="32" slack="0"/>
<pin id="1662" dir="0" index="1" bw="32" slack="0"/>
<pin id="1663" dir="1" index="2" bw="32" slack="0"/>
</pin_list>
<bind>
<opcode="read(1150) " fcode="read"/>
<opset="logits_buf_1_62_load_read/1 "/>
</bind>
</comp>

<comp id="1666" class="1004" name="logits_buf_1_61_load_read_read_fu_1666">
<pin_list>
<pin id="1667" dir="0" index="0" bw="32" slack="0"/>
<pin id="1668" dir="0" index="1" bw="32" slack="0"/>
<pin id="1669" dir="1" index="2" bw="32" slack="0"/>
</pin_list>
<bind>
<opcode="read(1150) " fcode="read"/>
<opset="logits_buf_1_61_load_read/1 "/>
</bind>
</comp>

<comp id="1672" class="1004" name="logits_buf_1_60_load_read_read_fu_1672">
<pin_list>
<pin id="1673" dir="0" index="0" bw="32" slack="0"/>
<pin id="1674" dir="0" index="1" bw="32" slack="0"/>
<pin id="1675" dir="1" index="2" bw="32" slack="0"/>
</pin_list>
<bind>
<opcode="read(1150) " fcode="read"/>
<opset="logits_buf_1_60_load_read/1 "/>
</bind>
</comp>

<comp id="1678" class="1004" name="logits_buf_1_59_load_read_read_fu_1678">
<pin_list>
<pin id="1679" dir="0" index="0" bw="32" slack="0"/>
<pin id="1680" dir="0" index="1" bw="32" slack="0"/>
<pin id="1681" dir="1" index="2" bw="32" slack="0"/>
</pin_list>
<bind>
<opcode="read(1150) " fcode="read"/>
<opset="logits_buf_1_59_load_read/1 "/>
</bind>
</comp>

<comp id="1684" class="1004" name="logits_buf_1_58_load_read_read_fu_1684">
<pin_list>
<pin id="1685" dir="0" index="0" bw="32" slack="0"/>
<pin id="1686" dir="0" index="1" bw="32" slack="0"/>
<pin id="1687" dir="1" index="2" bw="32" slack="0"/>
</pin_list>
<bind>
<opcode="read(1150) " fcode="read"/>
<opset="logits_buf_1_58_load_read/1 "/>
</bind>
</comp>

<comp id="1690" class="1004" name="logits_buf_1_57_load_read_read_fu_1690">
<pin_list>
<pin id="1691" dir="0" index="0" bw="32" slack="0"/>
<pin id="1692" dir="0" index="1" bw="32" slack="0"/>
<pin id="1693" dir="1" index="2" bw="32" slack="0"/>
</pin_list>
<bind>
<opcode="read(1150) " fcode="read"/>
<opset="logits_buf_1_57_load_read/1 "/>
</bind>
</comp>

<comp id="1696" class="1004" name="logits_buf_1_56_load_read_read_fu_1696">
<pin_list>
<pin id="1697" dir="0" index="0" bw="32" slack="0"/>
<pin id="1698" dir="0" index="1" bw="32" slack="0"/>
<pin id="1699" dir="1" index="2" bw="32" slack="0"/>
</pin_list>
<bind>
<opcode="read(1150) " fcode="read"/>
<opset="logits_buf_1_56_load_read/1 "/>
</bind>
</comp>

<comp id="1702" class="1004" name="logits_buf_1_55_load_read_read_fu_1702">
<pin_list>
<pin id="1703" dir="0" index="0" bw="32" slack="0"/>
<pin id="1704" dir="0" index="1" bw="32" slack="0"/>
<pin id="1705" dir="1" index="2" bw="32" slack="0"/>
</pin_list>
<bind>
<opcode="read(1150) " fcode="read"/>
<opset="logits_buf_1_55_load_read/1 "/>
</bind>
</comp>

<comp id="1708" class="1004" name="logits_buf_1_54_load_read_read_fu_1708">
<pin_list>
<pin id="1709" dir="0" index="0" bw="32" slack="0"/>
<pin id="1710" dir="0" index="1" bw="32" slack="0"/>
<pin id="1711" dir="1" index="2" bw="32" slack="0"/>
</pin_list>
<bind>
<opcode="read(1150) " fcode="read"/>
<opset="logits_buf_1_54_load_read/1 "/>
</bind>
</comp>

<comp id="1714" class="1004" name="logits_buf_1_53_load_read_read_fu_1714">
<pin_list>
<pin id="1715" dir="0" index="0" bw="32" slack="0"/>
<pin id="1716" dir="0" index="1" bw="32" slack="0"/>
<pin id="1717" dir="1" index="2" bw="32" slack="0"/>
</pin_list>
<bind>
<opcode="read(1150) " fcode="read"/>
<opset="logits_buf_1_53_load_read/1 "/>
</bind>
</comp>

<comp id="1720" class="1004" name="logits_buf_1_52_load_read_read_fu_1720">
<pin_list>
<pin id="1721" dir="0" index="0" bw="32" slack="0"/>
<pin id="1722" dir="0" index="1" bw="32" slack="0"/>
<pin id="1723" dir="1" index="2" bw="32" slack="0"/>
</pin_list>
<bind>
<opcode="read(1150) " fcode="read"/>
<opset="logits_buf_1_52_load_read/1 "/>
</bind>
</comp>

<comp id="1726" class="1004" name="logits_buf_1_51_load_read_read_fu_1726">
<pin_list>
<pin id="1727" dir="0" index="0" bw="32" slack="0"/>
<pin id="1728" dir="0" index="1" bw="32" slack="0"/>
<pin id="1729" dir="1" index="2" bw="32" slack="0"/>
</pin_list>
<bind>
<opcode="read(1150) " fcode="read"/>
<opset="logits_buf_1_51_load_read/1 "/>
</bind>
</comp>

<comp id="1732" class="1004" name="logits_buf_1_50_load_read_read_fu_1732">
<pin_list>
<pin id="1733" dir="0" index="0" bw="32" slack="0"/>
<pin id="1734" dir="0" index="1" bw="32" slack="0"/>
<pin id="1735" dir="1" index="2" bw="32" slack="0"/>
</pin_list>
<bind>
<opcode="read(1150) " fcode="read"/>
<opset="logits_buf_1_50_load_read/1 "/>
</bind>
</comp>

<comp id="1738" class="1004" name="logits_buf_1_49_load_read_read_fu_1738">
<pin_list>
<pin id="1739" dir="0" index="0" bw="32" slack="0"/>
<pin id="1740" dir="0" index="1" bw="32" slack="0"/>
<pin id="1741" dir="1" index="2" bw="32" slack="0"/>
</pin_list>
<bind>
<opcode="read(1150) " fcode="read"/>
<opset="logits_buf_1_49_load_read/1 "/>
</bind>
</comp>

<comp id="1744" class="1004" name="logits_buf_1_48_load_read_read_fu_1744">
<pin_list>
<pin id="1745" dir="0" index="0" bw="32" slack="0"/>
<pin id="1746" dir="0" index="1" bw="32" slack="0"/>
<pin id="1747" dir="1" index="2" bw="32" slack="0"/>
</pin_list>
<bind>
<opcode="read(1150) " fcode="read"/>
<opset="logits_buf_1_48_load_read/1 "/>
</bind>
</comp>

<comp id="1750" class="1004" name="logits_buf_1_47_load_read_read_fu_1750">
<pin_list>
<pin id="1751" dir="0" index="0" bw="32" slack="0"/>
<pin id="1752" dir="0" index="1" bw="32" slack="0"/>
<pin id="1753" dir="1" index="2" bw="32" slack="0"/>
</pin_list>
<bind>
<opcode="read(1150) " fcode="read"/>
<opset="logits_buf_1_47_load_read/1 "/>
</bind>
</comp>

<comp id="1756" class="1004" name="logits_buf_1_46_load_read_read_fu_1756">
<pin_list>
<pin id="1757" dir="0" index="0" bw="32" slack="0"/>
<pin id="1758" dir="0" index="1" bw="32" slack="0"/>
<pin id="1759" dir="1" index="2" bw="32" slack="0"/>
</pin_list>
<bind>
<opcode="read(1150) " fcode="read"/>
<opset="logits_buf_1_46_load_read/1 "/>
</bind>
</comp>

<comp id="1762" class="1004" name="logits_buf_1_45_load_read_read_fu_1762">
<pin_list>
<pin id="1763" dir="0" index="0" bw="32" slack="0"/>
<pin id="1764" dir="0" index="1" bw="32" slack="0"/>
<pin id="1765" dir="1" index="2" bw="32" slack="0"/>
</pin_list>
<bind>
<opcode="read(1150) " fcode="read"/>
<opset="logits_buf_1_45_load_read/1 "/>
</bind>
</comp>

<comp id="1768" class="1004" name="logits_buf_1_44_load_read_read_fu_1768">
<pin_list>
<pin id="1769" dir="0" index="0" bw="32" slack="0"/>
<pin id="1770" dir="0" index="1" bw="32" slack="0"/>
<pin id="1771" dir="1" index="2" bw="32" slack="0"/>
</pin_list>
<bind>
<opcode="read(1150) " fcode="read"/>
<opset="logits_buf_1_44_load_read/1 "/>
</bind>
</comp>

<comp id="1774" class="1004" name="logits_buf_1_43_load_read_read_fu_1774">
<pin_list>
<pin id="1775" dir="0" index="0" bw="32" slack="0"/>
<pin id="1776" dir="0" index="1" bw="32" slack="0"/>
<pin id="1777" dir="1" index="2" bw="32" slack="0"/>
</pin_list>
<bind>
<opcode="read(1150) " fcode="read"/>
<opset="logits_buf_1_43_load_read/1 "/>
</bind>
</comp>

<comp id="1780" class="1004" name="logits_buf_1_42_load_read_read_fu_1780">
<pin_list>
<pin id="1781" dir="0" index="0" bw="32" slack="0"/>
<pin id="1782" dir="0" index="1" bw="32" slack="0"/>
<pin id="1783" dir="1" index="2" bw="32" slack="0"/>
</pin_list>
<bind>
<opcode="read(1150) " fcode="read"/>
<opset="logits_buf_1_42_load_read/1 "/>
</bind>
</comp>

<comp id="1786" class="1004" name="logits_buf_1_41_load_read_read_fu_1786">
<pin_list>
<pin id="1787" dir="0" index="0" bw="32" slack="0"/>
<pin id="1788" dir="0" index="1" bw="32" slack="0"/>
<pin id="1789" dir="1" index="2" bw="32" slack="0"/>
</pin_list>
<bind>
<opcode="read(1150) " fcode="read"/>
<opset="logits_buf_1_41_load_read/1 "/>
</bind>
</comp>

<comp id="1792" class="1004" name="logits_buf_1_40_load_read_read_fu_1792">
<pin_list>
<pin id="1793" dir="0" index="0" bw="32" slack="0"/>
<pin id="1794" dir="0" index="1" bw="32" slack="0"/>
<pin id="1795" dir="1" index="2" bw="32" slack="0"/>
</pin_list>
<bind>
<opcode="read(1150) " fcode="read"/>
<opset="logits_buf_1_40_load_read/1 "/>
</bind>
</comp>

<comp id="1798" class="1004" name="logits_buf_1_39_load_read_read_fu_1798">
<pin_list>
<pin id="1799" dir="0" index="0" bw="32" slack="0"/>
<pin id="1800" dir="0" index="1" bw="32" slack="0"/>
<pin id="1801" dir="1" index="2" bw="32" slack="0"/>
</pin_list>
<bind>
<opcode="read(1150) " fcode="read"/>
<opset="logits_buf_1_39_load_read/1 "/>
</bind>
</comp>

<comp id="1804" class="1004" name="logits_buf_1_38_load_read_read_fu_1804">
<pin_list>
<pin id="1805" dir="0" index="0" bw="32" slack="0"/>
<pin id="1806" dir="0" index="1" bw="32" slack="0"/>
<pin id="1807" dir="1" index="2" bw="32" slack="0"/>
</pin_list>
<bind>
<opcode="read(1150) " fcode="read"/>
<opset="logits_buf_1_38_load_read/1 "/>
</bind>
</comp>

<comp id="1810" class="1004" name="logits_buf_1_37_load_read_read_fu_1810">
<pin_list>
<pin id="1811" dir="0" index="0" bw="32" slack="0"/>
<pin id="1812" dir="0" index="1" bw="32" slack="0"/>
<pin id="1813" dir="1" index="2" bw="32" slack="0"/>
</pin_list>
<bind>
<opcode="read(1150) " fcode="read"/>
<opset="logits_buf_1_37_load_read/1 "/>
</bind>
</comp>

<comp id="1816" class="1004" name="logits_buf_1_36_load_read_read_fu_1816">
<pin_list>
<pin id="1817" dir="0" index="0" bw="32" slack="0"/>
<pin id="1818" dir="0" index="1" bw="32" slack="0"/>
<pin id="1819" dir="1" index="2" bw="32" slack="0"/>
</pin_list>
<bind>
<opcode="read(1150) " fcode="read"/>
<opset="logits_buf_1_36_load_read/1 "/>
</bind>
</comp>

<comp id="1822" class="1004" name="logits_buf_1_35_load_read_read_fu_1822">
<pin_list>
<pin id="1823" dir="0" index="0" bw="32" slack="0"/>
<pin id="1824" dir="0" index="1" bw="32" slack="0"/>
<pin id="1825" dir="1" index="2" bw="32" slack="0"/>
</pin_list>
<bind>
<opcode="read(1150) " fcode="read"/>
<opset="logits_buf_1_35_load_read/1 "/>
</bind>
</comp>

<comp id="1828" class="1004" name="logits_buf_1_34_load_read_read_fu_1828">
<pin_list>
<pin id="1829" dir="0" index="0" bw="32" slack="0"/>
<pin id="1830" dir="0" index="1" bw="32" slack="0"/>
<pin id="1831" dir="1" index="2" bw="32" slack="0"/>
</pin_list>
<bind>
<opcode="read(1150) " fcode="read"/>
<opset="logits_buf_1_34_load_read/1 "/>
</bind>
</comp>

<comp id="1834" class="1004" name="logits_buf_1_33_load_read_read_fu_1834">
<pin_list>
<pin id="1835" dir="0" index="0" bw="32" slack="0"/>
<pin id="1836" dir="0" index="1" bw="32" slack="0"/>
<pin id="1837" dir="1" index="2" bw="32" slack="0"/>
</pin_list>
<bind>
<opcode="read(1150) " fcode="read"/>
<opset="logits_buf_1_33_load_read/1 "/>
</bind>
</comp>

<comp id="1840" class="1004" name="logits_buf_1_32_load_read_read_fu_1840">
<pin_list>
<pin id="1841" dir="0" index="0" bw="32" slack="0"/>
<pin id="1842" dir="0" index="1" bw="32" slack="0"/>
<pin id="1843" dir="1" index="2" bw="32" slack="0"/>
</pin_list>
<bind>
<opcode="read(1150) " fcode="read"/>
<opset="logits_buf_1_32_load_read/1 "/>
</bind>
</comp>

<comp id="1846" class="1004" name="logits_buf_1_31_load_read_read_fu_1846">
<pin_list>
<pin id="1847" dir="0" index="0" bw="32" slack="0"/>
<pin id="1848" dir="0" index="1" bw="32" slack="0"/>
<pin id="1849" dir="1" index="2" bw="32" slack="0"/>
</pin_list>
<bind>
<opcode="read(1150) " fcode="read"/>
<opset="logits_buf_1_31_load_read/1 "/>
</bind>
</comp>

<comp id="1852" class="1004" name="logits_buf_1_30_load_read_read_fu_1852">
<pin_list>
<pin id="1853" dir="0" index="0" bw="32" slack="0"/>
<pin id="1854" dir="0" index="1" bw="32" slack="0"/>
<pin id="1855" dir="1" index="2" bw="32" slack="0"/>
</pin_list>
<bind>
<opcode="read(1150) " fcode="read"/>
<opset="logits_buf_1_30_load_read/1 "/>
</bind>
</comp>

<comp id="1858" class="1004" name="logits_buf_1_29_load_read_read_fu_1858">
<pin_list>
<pin id="1859" dir="0" index="0" bw="32" slack="0"/>
<pin id="1860" dir="0" index="1" bw="32" slack="0"/>
<pin id="1861" dir="1" index="2" bw="32" slack="0"/>
</pin_list>
<bind>
<opcode="read(1150) " fcode="read"/>
<opset="logits_buf_1_29_load_read/1 "/>
</bind>
</comp>

<comp id="1864" class="1004" name="logits_buf_1_28_load_read_read_fu_1864">
<pin_list>
<pin id="1865" dir="0" index="0" bw="32" slack="0"/>
<pin id="1866" dir="0" index="1" bw="32" slack="0"/>
<pin id="1867" dir="1" index="2" bw="32" slack="0"/>
</pin_list>
<bind>
<opcode="read(1150) " fcode="read"/>
<opset="logits_buf_1_28_load_read/1 "/>
</bind>
</comp>

<comp id="1870" class="1004" name="logits_buf_1_27_load_read_read_fu_1870">
<pin_list>
<pin id="1871" dir="0" index="0" bw="32" slack="0"/>
<pin id="1872" dir="0" index="1" bw="32" slack="0"/>
<pin id="1873" dir="1" index="2" bw="32" slack="0"/>
</pin_list>
<bind>
<opcode="read(1150) " fcode="read"/>
<opset="logits_buf_1_27_load_read/1 "/>
</bind>
</comp>

<comp id="1876" class="1004" name="logits_buf_1_26_load_read_read_fu_1876">
<pin_list>
<pin id="1877" dir="0" index="0" bw="32" slack="0"/>
<pin id="1878" dir="0" index="1" bw="32" slack="0"/>
<pin id="1879" dir="1" index="2" bw="32" slack="0"/>
</pin_list>
<bind>
<opcode="read(1150) " fcode="read"/>
<opset="logits_buf_1_26_load_read/1 "/>
</bind>
</comp>

<comp id="1882" class="1004" name="logits_buf_1_25_load_read_read_fu_1882">
<pin_list>
<pin id="1883" dir="0" index="0" bw="32" slack="0"/>
<pin id="1884" dir="0" index="1" bw="32" slack="0"/>
<pin id="1885" dir="1" index="2" bw="32" slack="0"/>
</pin_list>
<bind>
<opcode="read(1150) " fcode="read"/>
<opset="logits_buf_1_25_load_read/1 "/>
</bind>
</comp>

<comp id="1888" class="1004" name="logits_buf_1_24_load_read_read_fu_1888">
<pin_list>
<pin id="1889" dir="0" index="0" bw="32" slack="0"/>
<pin id="1890" dir="0" index="1" bw="32" slack="0"/>
<pin id="1891" dir="1" index="2" bw="32" slack="0"/>
</pin_list>
<bind>
<opcode="read(1150) " fcode="read"/>
<opset="logits_buf_1_24_load_read/1 "/>
</bind>
</comp>

<comp id="1894" class="1004" name="logits_buf_1_23_load_read_read_fu_1894">
<pin_list>
<pin id="1895" dir="0" index="0" bw="32" slack="0"/>
<pin id="1896" dir="0" index="1" bw="32" slack="0"/>
<pin id="1897" dir="1" index="2" bw="32" slack="0"/>
</pin_list>
<bind>
<opcode="read(1150) " fcode="read"/>
<opset="logits_buf_1_23_load_read/1 "/>
</bind>
</comp>

<comp id="1900" class="1004" name="logits_buf_1_22_load_read_read_fu_1900">
<pin_list>
<pin id="1901" dir="0" index="0" bw="32" slack="0"/>
<pin id="1902" dir="0" index="1" bw="32" slack="0"/>
<pin id="1903" dir="1" index="2" bw="32" slack="0"/>
</pin_list>
<bind>
<opcode="read(1150) " fcode="read"/>
<opset="logits_buf_1_22_load_read/1 "/>
</bind>
</comp>

<comp id="1906" class="1004" name="logits_buf_1_21_load_read_read_fu_1906">
<pin_list>
<pin id="1907" dir="0" index="0" bw="32" slack="0"/>
<pin id="1908" dir="0" index="1" bw="32" slack="0"/>
<pin id="1909" dir="1" index="2" bw="32" slack="0"/>
</pin_list>
<bind>
<opcode="read(1150) " fcode="read"/>
<opset="logits_buf_1_21_load_read/1 "/>
</bind>
</comp>

<comp id="1912" class="1004" name="logits_buf_1_20_load_read_read_fu_1912">
<pin_list>
<pin id="1913" dir="0" index="0" bw="32" slack="0"/>
<pin id="1914" dir="0" index="1" bw="32" slack="0"/>
<pin id="1915" dir="1" index="2" bw="32" slack="0"/>
</pin_list>
<bind>
<opcode="read(1150) " fcode="read"/>
<opset="logits_buf_1_20_load_read/1 "/>
</bind>
</comp>

<comp id="1918" class="1004" name="logits_buf_1_19_load_read_read_fu_1918">
<pin_list>
<pin id="1919" dir="0" index="0" bw="32" slack="0"/>
<pin id="1920" dir="0" index="1" bw="32" slack="0"/>
<pin id="1921" dir="1" index="2" bw="32" slack="0"/>
</pin_list>
<bind>
<opcode="read(1150) " fcode="read"/>
<opset="logits_buf_1_19_load_read/1 "/>
</bind>
</comp>

<comp id="1924" class="1004" name="logits_buf_1_18_load_read_read_fu_1924">
<pin_list>
<pin id="1925" dir="0" index="0" bw="32" slack="0"/>
<pin id="1926" dir="0" index="1" bw="32" slack="0"/>
<pin id="1927" dir="1" index="2" bw="32" slack="0"/>
</pin_list>
<bind>
<opcode="read(1150) " fcode="read"/>
<opset="logits_buf_1_18_load_read/1 "/>
</bind>
</comp>

<comp id="1930" class="1004" name="logits_buf_1_17_load_read_read_fu_1930">
<pin_list>
<pin id="1931" dir="0" index="0" bw="32" slack="0"/>
<pin id="1932" dir="0" index="1" bw="32" slack="0"/>
<pin id="1933" dir="1" index="2" bw="32" slack="0"/>
</pin_list>
<bind>
<opcode="read(1150) " fcode="read"/>
<opset="logits_buf_1_17_load_read/1 "/>
</bind>
</comp>

<comp id="1936" class="1004" name="logits_buf_1_16_load_read_read_fu_1936">
<pin_list>
<pin id="1937" dir="0" index="0" bw="32" slack="0"/>
<pin id="1938" dir="0" index="1" bw="32" slack="0"/>
<pin id="1939" dir="1" index="2" bw="32" slack="0"/>
</pin_list>
<bind>
<opcode="read(1150) " fcode="read"/>
<opset="logits_buf_1_16_load_read/1 "/>
</bind>
</comp>

<comp id="1942" class="1004" name="logits_buf_1_15_load_read_read_fu_1942">
<pin_list>
<pin id="1943" dir="0" index="0" bw="32" slack="0"/>
<pin id="1944" dir="0" index="1" bw="32" slack="0"/>
<pin id="1945" dir="1" index="2" bw="32" slack="0"/>
</pin_list>
<bind>
<opcode="read(1150) " fcode="read"/>
<opset="logits_buf_1_15_load_read/1 "/>
</bind>
</comp>

<comp id="1948" class="1004" name="logits_buf_1_14_load_read_read_fu_1948">
<pin_list>
<pin id="1949" dir="0" index="0" bw="32" slack="0"/>
<pin id="1950" dir="0" index="1" bw="32" slack="0"/>
<pin id="1951" dir="1" index="2" bw="32" slack="0"/>
</pin_list>
<bind>
<opcode="read(1150) " fcode="read"/>
<opset="logits_buf_1_14_load_read/1 "/>
</bind>
</comp>

<comp id="1954" class="1004" name="logits_buf_1_13_load_read_read_fu_1954">
<pin_list>
<pin id="1955" dir="0" index="0" bw="32" slack="0"/>
<pin id="1956" dir="0" index="1" bw="32" slack="0"/>
<pin id="1957" dir="1" index="2" bw="32" slack="0"/>
</pin_list>
<bind>
<opcode="read(1150) " fcode="read"/>
<opset="logits_buf_1_13_load_read/1 "/>
</bind>
</comp>

<comp id="1960" class="1004" name="logits_buf_1_12_load_read_read_fu_1960">
<pin_list>
<pin id="1961" dir="0" index="0" bw="32" slack="0"/>
<pin id="1962" dir="0" index="1" bw="32" slack="0"/>
<pin id="1963" dir="1" index="2" bw="32" slack="0"/>
</pin_list>
<bind>
<opcode="read(1150) " fcode="read"/>
<opset="logits_buf_1_12_load_read/1 "/>
</bind>
</comp>

<comp id="1966" class="1004" name="logits_buf_1_11_load_read_read_fu_1966">
<pin_list>
<pin id="1967" dir="0" index="0" bw="32" slack="0"/>
<pin id="1968" dir="0" index="1" bw="32" slack="0"/>
<pin id="1969" dir="1" index="2" bw="32" slack="0"/>
</pin_list>
<bind>
<opcode="read(1150) " fcode="read"/>
<opset="logits_buf_1_11_load_read/1 "/>
</bind>
</comp>

<comp id="1972" class="1004" name="logits_buf_1_10_load_read_read_fu_1972">
<pin_list>
<pin id="1973" dir="0" index="0" bw="32" slack="0"/>
<pin id="1974" dir="0" index="1" bw="32" slack="0"/>
<pin id="1975" dir="1" index="2" bw="32" slack="0"/>
</pin_list>
<bind>
<opcode="read(1150) " fcode="read"/>
<opset="logits_buf_1_10_load_read/1 "/>
</bind>
</comp>

<comp id="1978" class="1004" name="logits_buf_1_9_load_read_read_fu_1978">
<pin_list>
<pin id="1979" dir="0" index="0" bw="32" slack="0"/>
<pin id="1980" dir="0" index="1" bw="32" slack="0"/>
<pin id="1981" dir="1" index="2" bw="32" slack="0"/>
</pin_list>
<bind>
<opcode="read(1150) " fcode="read"/>
<opset="logits_buf_1_9_load_read/1 "/>
</bind>
</comp>

<comp id="1984" class="1004" name="logits_buf_1_8_load_read_read_fu_1984">
<pin_list>
<pin id="1985" dir="0" index="0" bw="32" slack="0"/>
<pin id="1986" dir="0" index="1" bw="32" slack="0"/>
<pin id="1987" dir="1" index="2" bw="32" slack="0"/>
</pin_list>
<bind>
<opcode="read(1150) " fcode="read"/>
<opset="logits_buf_1_8_load_read/1 "/>
</bind>
</comp>

<comp id="1990" class="1004" name="logits_buf_1_7_load_read_read_fu_1990">
<pin_list>
<pin id="1991" dir="0" index="0" bw="32" slack="0"/>
<pin id="1992" dir="0" index="1" bw="32" slack="0"/>
<pin id="1993" dir="1" index="2" bw="32" slack="0"/>
</pin_list>
<bind>
<opcode="read(1150) " fcode="read"/>
<opset="logits_buf_1_7_load_read/1 "/>
</bind>
</comp>

<comp id="1996" class="1004" name="logits_buf_1_6_load_read_read_fu_1996">
<pin_list>
<pin id="1997" dir="0" index="0" bw="32" slack="0"/>
<pin id="1998" dir="0" index="1" bw="32" slack="0"/>
<pin id="1999" dir="1" index="2" bw="32" slack="0"/>
</pin_list>
<bind>
<opcode="read(1150) " fcode="read"/>
<opset="logits_buf_1_6_load_read/1 "/>
</bind>
</comp>

<comp id="2002" class="1004" name="logits_buf_1_5_load_read_read_fu_2002">
<pin_list>
<pin id="2003" dir="0" index="0" bw="32" slack="0"/>
<pin id="2004" dir="0" index="1" bw="32" slack="0"/>
<pin id="2005" dir="1" index="2" bw="32" slack="0"/>
</pin_list>
<bind>
<opcode="read(1150) " fcode="read"/>
<opset="logits_buf_1_5_load_read/1 "/>
</bind>
</comp>

<comp id="2008" class="1004" name="logits_buf_1_4_load_read_read_fu_2008">
<pin_list>
<pin id="2009" dir="0" index="0" bw="32" slack="0"/>
<pin id="2010" dir="0" index="1" bw="32" slack="0"/>
<pin id="2011" dir="1" index="2" bw="32" slack="0"/>
</pin_list>
<bind>
<opcode="read(1150) " fcode="read"/>
<opset="logits_buf_1_4_load_read/1 "/>
</bind>
</comp>

<comp id="2014" class="1004" name="logits_buf_1_3_load_read_read_fu_2014">
<pin_list>
<pin id="2015" dir="0" index="0" bw="32" slack="0"/>
<pin id="2016" dir="0" index="1" bw="32" slack="0"/>
<pin id="2017" dir="1" index="2" bw="32" slack="0"/>
</pin_list>
<bind>
<opcode="read(1150) " fcode="read"/>
<opset="logits_buf_1_3_load_read/1 "/>
</bind>
</comp>

<comp id="2020" class="1004" name="logits_buf_1_2_load_read_read_fu_2020">
<pin_list>
<pin id="2021" dir="0" index="0" bw="32" slack="0"/>
<pin id="2022" dir="0" index="1" bw="32" slack="0"/>
<pin id="2023" dir="1" index="2" bw="32" slack="0"/>
</pin_list>
<bind>
<opcode="read(1150) " fcode="read"/>
<opset="logits_buf_1_2_load_read/1 "/>
</bind>
</comp>

<comp id="2026" class="1004" name="logits_buf_1_1_load_read_read_fu_2026">
<pin_list>
<pin id="2027" dir="0" index="0" bw="32" slack="0"/>
<pin id="2028" dir="0" index="1" bw="32" slack="0"/>
<pin id="2029" dir="1" index="2" bw="32" slack="0"/>
</pin_list>
<bind>
<opcode="read(1150) " fcode="read"/>
<opset="logits_buf_1_1_load_read/1 "/>
</bind>
</comp>

<comp id="2032" class="1004" name="logits_buf_1_0_load_read_read_fu_2032">
<pin_list>
<pin id="2033" dir="0" index="0" bw="32" slack="0"/>
<pin id="2034" dir="0" index="1" bw="32" slack="0"/>
<pin id="2035" dir="1" index="2" bw="32" slack="0"/>
</pin_list>
<bind>
<opcode="read(1150) " fcode="read"/>
<opset="logits_buf_1_0_load_read/1 "/>
</bind>
</comp>

<comp id="2038" class="1004" name="max_x_read_read_fu_2038">
<pin_list>
<pin id="2039" dir="0" index="0" bw="32" slack="0"/>
<pin id="2040" dir="0" index="1" bw="32" slack="0"/>
<pin id="2041" dir="1" index="2" bw="32" slack="0"/>
</pin_list>
<bind>
<opcode="read(1150) " fcode="read"/>
<opset="max_x_read/1 "/>
</bind>
</comp>

<comp id="2044" class="1004" name="logits_buf_0_63_load_read_read_fu_2044">
<pin_list>
<pin id="2045" dir="0" index="0" bw="32" slack="0"/>
<pin id="2046" dir="0" index="1" bw="32" slack="0"/>
<pin id="2047" dir="1" index="2" bw="32" slack="0"/>
</pin_list>
<bind>
<opcode="read(1150) " fcode="read"/>
<opset="logits_buf_0_63_load_read/1 "/>
</bind>
</comp>

<comp id="2050" class="1004" name="logits_buf_0_62_load_read_read_fu_2050">
<pin_list>
<pin id="2051" dir="0" index="0" bw="32" slack="0"/>
<pin id="2052" dir="0" index="1" bw="32" slack="0"/>
<pin id="2053" dir="1" index="2" bw="32" slack="0"/>
</pin_list>
<bind>
<opcode="read(1150) " fcode="read"/>
<opset="logits_buf_0_62_load_read/1 "/>
</bind>
</comp>

<comp id="2056" class="1004" name="logits_buf_0_61_load_read_read_fu_2056">
<pin_list>
<pin id="2057" dir="0" index="0" bw="32" slack="0"/>
<pin id="2058" dir="0" index="1" bw="32" slack="0"/>
<pin id="2059" dir="1" index="2" bw="32" slack="0"/>
</pin_list>
<bind>
<opcode="read(1150) " fcode="read"/>
<opset="logits_buf_0_61_load_read/1 "/>
</bind>
</comp>

<comp id="2062" class="1004" name="logits_buf_0_60_load_read_read_fu_2062">
<pin_list>
<pin id="2063" dir="0" index="0" bw="32" slack="0"/>
<pin id="2064" dir="0" index="1" bw="32" slack="0"/>
<pin id="2065" dir="1" index="2" bw="32" slack="0"/>
</pin_list>
<bind>
<opcode="read(1150) " fcode="read"/>
<opset="logits_buf_0_60_load_read/1 "/>
</bind>
</comp>

<comp id="2068" class="1004" name="logits_buf_0_59_load_read_read_fu_2068">
<pin_list>
<pin id="2069" dir="0" index="0" bw="32" slack="0"/>
<pin id="2070" dir="0" index="1" bw="32" slack="0"/>
<pin id="2071" dir="1" index="2" bw="32" slack="0"/>
</pin_list>
<bind>
<opcode="read(1150) " fcode="read"/>
<opset="logits_buf_0_59_load_read/1 "/>
</bind>
</comp>

<comp id="2074" class="1004" name="logits_buf_0_58_load_read_read_fu_2074">
<pin_list>
<pin id="2075" dir="0" index="0" bw="32" slack="0"/>
<pin id="2076" dir="0" index="1" bw="32" slack="0"/>
<pin id="2077" dir="1" index="2" bw="32" slack="0"/>
</pin_list>
<bind>
<opcode="read(1150) " fcode="read"/>
<opset="logits_buf_0_58_load_read/1 "/>
</bind>
</comp>

<comp id="2080" class="1004" name="logits_buf_0_57_load_read_read_fu_2080">
<pin_list>
<pin id="2081" dir="0" index="0" bw="32" slack="0"/>
<pin id="2082" dir="0" index="1" bw="32" slack="0"/>
<pin id="2083" dir="1" index="2" bw="32" slack="0"/>
</pin_list>
<bind>
<opcode="read(1150) " fcode="read"/>
<opset="logits_buf_0_57_load_read/1 "/>
</bind>
</comp>

<comp id="2086" class="1004" name="logits_buf_0_56_load_read_read_fu_2086">
<pin_list>
<pin id="2087" dir="0" index="0" bw="32" slack="0"/>
<pin id="2088" dir="0" index="1" bw="32" slack="0"/>
<pin id="2089" dir="1" index="2" bw="32" slack="0"/>
</pin_list>
<bind>
<opcode="read(1150) " fcode="read"/>
<opset="logits_buf_0_56_load_read/1 "/>
</bind>
</comp>

<comp id="2092" class="1004" name="logits_buf_0_55_load_read_read_fu_2092">
<pin_list>
<pin id="2093" dir="0" index="0" bw="32" slack="0"/>
<pin id="2094" dir="0" index="1" bw="32" slack="0"/>
<pin id="2095" dir="1" index="2" bw="32" slack="0"/>
</pin_list>
<bind>
<opcode="read(1150) " fcode="read"/>
<opset="logits_buf_0_55_load_read/1 "/>
</bind>
</comp>

<comp id="2098" class="1004" name="logits_buf_0_54_load_read_read_fu_2098">
<pin_list>
<pin id="2099" dir="0" index="0" bw="32" slack="0"/>
<pin id="2100" dir="0" index="1" bw="32" slack="0"/>
<pin id="2101" dir="1" index="2" bw="32" slack="0"/>
</pin_list>
<bind>
<opcode="read(1150) " fcode="read"/>
<opset="logits_buf_0_54_load_read/1 "/>
</bind>
</comp>

<comp id="2104" class="1004" name="logits_buf_0_53_load_read_read_fu_2104">
<pin_list>
<pin id="2105" dir="0" index="0" bw="32" slack="0"/>
<pin id="2106" dir="0" index="1" bw="32" slack="0"/>
<pin id="2107" dir="1" index="2" bw="32" slack="0"/>
</pin_list>
<bind>
<opcode="read(1150) " fcode="read"/>
<opset="logits_buf_0_53_load_read/1 "/>
</bind>
</comp>

<comp id="2110" class="1004" name="logits_buf_0_52_load_read_read_fu_2110">
<pin_list>
<pin id="2111" dir="0" index="0" bw="32" slack="0"/>
<pin id="2112" dir="0" index="1" bw="32" slack="0"/>
<pin id="2113" dir="1" index="2" bw="32" slack="0"/>
</pin_list>
<bind>
<opcode="read(1150) " fcode="read"/>
<opset="logits_buf_0_52_load_read/1 "/>
</bind>
</comp>

<comp id="2116" class="1004" name="logits_buf_0_51_load_read_read_fu_2116">
<pin_list>
<pin id="2117" dir="0" index="0" bw="32" slack="0"/>
<pin id="2118" dir="0" index="1" bw="32" slack="0"/>
<pin id="2119" dir="1" index="2" bw="32" slack="0"/>
</pin_list>
<bind>
<opcode="read(1150) " fcode="read"/>
<opset="logits_buf_0_51_load_read/1 "/>
</bind>
</comp>

<comp id="2122" class="1004" name="logits_buf_0_50_load_read_read_fu_2122">
<pin_list>
<pin id="2123" dir="0" index="0" bw="32" slack="0"/>
<pin id="2124" dir="0" index="1" bw="32" slack="0"/>
<pin id="2125" dir="1" index="2" bw="32" slack="0"/>
</pin_list>
<bind>
<opcode="read(1150) " fcode="read"/>
<opset="logits_buf_0_50_load_read/1 "/>
</bind>
</comp>

<comp id="2128" class="1004" name="logits_buf_0_49_load_read_read_fu_2128">
<pin_list>
<pin id="2129" dir="0" index="0" bw="32" slack="0"/>
<pin id="2130" dir="0" index="1" bw="32" slack="0"/>
<pin id="2131" dir="1" index="2" bw="32" slack="0"/>
</pin_list>
<bind>
<opcode="read(1150) " fcode="read"/>
<opset="logits_buf_0_49_load_read/1 "/>
</bind>
</comp>

<comp id="2134" class="1004" name="logits_buf_0_48_load_read_read_fu_2134">
<pin_list>
<pin id="2135" dir="0" index="0" bw="32" slack="0"/>
<pin id="2136" dir="0" index="1" bw="32" slack="0"/>
<pin id="2137" dir="1" index="2" bw="32" slack="0"/>
</pin_list>
<bind>
<opcode="read(1150) " fcode="read"/>
<opset="logits_buf_0_48_load_read/1 "/>
</bind>
</comp>

<comp id="2140" class="1004" name="logits_buf_0_47_load_read_read_fu_2140">
<pin_list>
<pin id="2141" dir="0" index="0" bw="32" slack="0"/>
<pin id="2142" dir="0" index="1" bw="32" slack="0"/>
<pin id="2143" dir="1" index="2" bw="32" slack="0"/>
</pin_list>
<bind>
<opcode="read(1150) " fcode="read"/>
<opset="logits_buf_0_47_load_read/1 "/>
</bind>
</comp>

<comp id="2146" class="1004" name="logits_buf_0_46_load_read_read_fu_2146">
<pin_list>
<pin id="2147" dir="0" index="0" bw="32" slack="0"/>
<pin id="2148" dir="0" index="1" bw="32" slack="0"/>
<pin id="2149" dir="1" index="2" bw="32" slack="0"/>
</pin_list>
<bind>
<opcode="read(1150) " fcode="read"/>
<opset="logits_buf_0_46_load_read/1 "/>
</bind>
</comp>

<comp id="2152" class="1004" name="logits_buf_0_45_load_read_read_fu_2152">
<pin_list>
<pin id="2153" dir="0" index="0" bw="32" slack="0"/>
<pin id="2154" dir="0" index="1" bw="32" slack="0"/>
<pin id="2155" dir="1" index="2" bw="32" slack="0"/>
</pin_list>
<bind>
<opcode="read(1150) " fcode="read"/>
<opset="logits_buf_0_45_load_read/1 "/>
</bind>
</comp>

<comp id="2158" class="1004" name="logits_buf_0_44_load_read_read_fu_2158">
<pin_list>
<pin id="2159" dir="0" index="0" bw="32" slack="0"/>
<pin id="2160" dir="0" index="1" bw="32" slack="0"/>
<pin id="2161" dir="1" index="2" bw="32" slack="0"/>
</pin_list>
<bind>
<opcode="read(1150) " fcode="read"/>
<opset="logits_buf_0_44_load_read/1 "/>
</bind>
</comp>

<comp id="2164" class="1004" name="logits_buf_0_43_load_read_read_fu_2164">
<pin_list>
<pin id="2165" dir="0" index="0" bw="32" slack="0"/>
<pin id="2166" dir="0" index="1" bw="32" slack="0"/>
<pin id="2167" dir="1" index="2" bw="32" slack="0"/>
</pin_list>
<bind>
<opcode="read(1150) " fcode="read"/>
<opset="logits_buf_0_43_load_read/1 "/>
</bind>
</comp>

<comp id="2170" class="1004" name="logits_buf_0_42_load_read_read_fu_2170">
<pin_list>
<pin id="2171" dir="0" index="0" bw="32" slack="0"/>
<pin id="2172" dir="0" index="1" bw="32" slack="0"/>
<pin id="2173" dir="1" index="2" bw="32" slack="0"/>
</pin_list>
<bind>
<opcode="read(1150) " fcode="read"/>
<opset="logits_buf_0_42_load_read/1 "/>
</bind>
</comp>

<comp id="2176" class="1004" name="logits_buf_0_41_load_read_read_fu_2176">
<pin_list>
<pin id="2177" dir="0" index="0" bw="32" slack="0"/>
<pin id="2178" dir="0" index="1" bw="32" slack="0"/>
<pin id="2179" dir="1" index="2" bw="32" slack="0"/>
</pin_list>
<bind>
<opcode="read(1150) " fcode="read"/>
<opset="logits_buf_0_41_load_read/1 "/>
</bind>
</comp>

<comp id="2182" class="1004" name="logits_buf_0_40_load_read_read_fu_2182">
<pin_list>
<pin id="2183" dir="0" index="0" bw="32" slack="0"/>
<pin id="2184" dir="0" index="1" bw="32" slack="0"/>
<pin id="2185" dir="1" index="2" bw="32" slack="0"/>
</pin_list>
<bind>
<opcode="read(1150) " fcode="read"/>
<opset="logits_buf_0_40_load_read/1 "/>
</bind>
</comp>

<comp id="2188" class="1004" name="logits_buf_0_39_load_read_read_fu_2188">
<pin_list>
<pin id="2189" dir="0" index="0" bw="32" slack="0"/>
<pin id="2190" dir="0" index="1" bw="32" slack="0"/>
<pin id="2191" dir="1" index="2" bw="32" slack="0"/>
</pin_list>
<bind>
<opcode="read(1150) " fcode="read"/>
<opset="logits_buf_0_39_load_read/1 "/>
</bind>
</comp>

<comp id="2194" class="1004" name="logits_buf_0_38_load_read_read_fu_2194">
<pin_list>
<pin id="2195" dir="0" index="0" bw="32" slack="0"/>
<pin id="2196" dir="0" index="1" bw="32" slack="0"/>
<pin id="2197" dir="1" index="2" bw="32" slack="0"/>
</pin_list>
<bind>
<opcode="read(1150) " fcode="read"/>
<opset="logits_buf_0_38_load_read/1 "/>
</bind>
</comp>

<comp id="2200" class="1004" name="logits_buf_0_37_load_read_read_fu_2200">
<pin_list>
<pin id="2201" dir="0" index="0" bw="32" slack="0"/>
<pin id="2202" dir="0" index="1" bw="32" slack="0"/>
<pin id="2203" dir="1" index="2" bw="32" slack="0"/>
</pin_list>
<bind>
<opcode="read(1150) " fcode="read"/>
<opset="logits_buf_0_37_load_read/1 "/>
</bind>
</comp>

<comp id="2206" class="1004" name="logits_buf_0_36_load_read_read_fu_2206">
<pin_list>
<pin id="2207" dir="0" index="0" bw="32" slack="0"/>
<pin id="2208" dir="0" index="1" bw="32" slack="0"/>
<pin id="2209" dir="1" index="2" bw="32" slack="0"/>
</pin_list>
<bind>
<opcode="read(1150) " fcode="read"/>
<opset="logits_buf_0_36_load_read/1 "/>
</bind>
</comp>

<comp id="2212" class="1004" name="logits_buf_0_35_load_read_read_fu_2212">
<pin_list>
<pin id="2213" dir="0" index="0" bw="32" slack="0"/>
<pin id="2214" dir="0" index="1" bw="32" slack="0"/>
<pin id="2215" dir="1" index="2" bw="32" slack="0"/>
</pin_list>
<bind>
<opcode="read(1150) " fcode="read"/>
<opset="logits_buf_0_35_load_read/1 "/>
</bind>
</comp>

<comp id="2218" class="1004" name="logits_buf_0_34_load_read_read_fu_2218">
<pin_list>
<pin id="2219" dir="0" index="0" bw="32" slack="0"/>
<pin id="2220" dir="0" index="1" bw="32" slack="0"/>
<pin id="2221" dir="1" index="2" bw="32" slack="0"/>
</pin_list>
<bind>
<opcode="read(1150) " fcode="read"/>
<opset="logits_buf_0_34_load_read/1 "/>
</bind>
</comp>

<comp id="2224" class="1004" name="logits_buf_0_33_load_read_read_fu_2224">
<pin_list>
<pin id="2225" dir="0" index="0" bw="32" slack="0"/>
<pin id="2226" dir="0" index="1" bw="32" slack="0"/>
<pin id="2227" dir="1" index="2" bw="32" slack="0"/>
</pin_list>
<bind>
<opcode="read(1150) " fcode="read"/>
<opset="logits_buf_0_33_load_read/1 "/>
</bind>
</comp>

<comp id="2230" class="1004" name="logits_buf_0_32_load_read_read_fu_2230">
<pin_list>
<pin id="2231" dir="0" index="0" bw="32" slack="0"/>
<pin id="2232" dir="0" index="1" bw="32" slack="0"/>
<pin id="2233" dir="1" index="2" bw="32" slack="0"/>
</pin_list>
<bind>
<opcode="read(1150) " fcode="read"/>
<opset="logits_buf_0_32_load_read/1 "/>
</bind>
</comp>

<comp id="2236" class="1004" name="logits_buf_0_31_load_read_read_fu_2236">
<pin_list>
<pin id="2237" dir="0" index="0" bw="32" slack="0"/>
<pin id="2238" dir="0" index="1" bw="32" slack="0"/>
<pin id="2239" dir="1" index="2" bw="32" slack="0"/>
</pin_list>
<bind>
<opcode="read(1150) " fcode="read"/>
<opset="logits_buf_0_31_load_read/1 "/>
</bind>
</comp>

<comp id="2242" class="1004" name="logits_buf_0_30_load_read_read_fu_2242">
<pin_list>
<pin id="2243" dir="0" index="0" bw="32" slack="0"/>
<pin id="2244" dir="0" index="1" bw="32" slack="0"/>
<pin id="2245" dir="1" index="2" bw="32" slack="0"/>
</pin_list>
<bind>
<opcode="read(1150) " fcode="read"/>
<opset="logits_buf_0_30_load_read/1 "/>
</bind>
</comp>

<comp id="2248" class="1004" name="logits_buf_0_29_load_read_read_fu_2248">
<pin_list>
<pin id="2249" dir="0" index="0" bw="32" slack="0"/>
<pin id="2250" dir="0" index="1" bw="32" slack="0"/>
<pin id="2251" dir="1" index="2" bw="32" slack="0"/>
</pin_list>
<bind>
<opcode="read(1150) " fcode="read"/>
<opset="logits_buf_0_29_load_read/1 "/>
</bind>
</comp>

<comp id="2254" class="1004" name="logits_buf_0_28_load_read_read_fu_2254">
<pin_list>
<pin id="2255" dir="0" index="0" bw="32" slack="0"/>
<pin id="2256" dir="0" index="1" bw="32" slack="0"/>
<pin id="2257" dir="1" index="2" bw="32" slack="0"/>
</pin_list>
<bind>
<opcode="read(1150) " fcode="read"/>
<opset="logits_buf_0_28_load_read/1 "/>
</bind>
</comp>

<comp id="2260" class="1004" name="logits_buf_0_27_load_read_read_fu_2260">
<pin_list>
<pin id="2261" dir="0" index="0" bw="32" slack="0"/>
<pin id="2262" dir="0" index="1" bw="32" slack="0"/>
<pin id="2263" dir="1" index="2" bw="32" slack="0"/>
</pin_list>
<bind>
<opcode="read(1150) " fcode="read"/>
<opset="logits_buf_0_27_load_read/1 "/>
</bind>
</comp>

<comp id="2266" class="1004" name="logits_buf_0_26_load_read_read_fu_2266">
<pin_list>
<pin id="2267" dir="0" index="0" bw="32" slack="0"/>
<pin id="2268" dir="0" index="1" bw="32" slack="0"/>
<pin id="2269" dir="1" index="2" bw="32" slack="0"/>
</pin_list>
<bind>
<opcode="read(1150) " fcode="read"/>
<opset="logits_buf_0_26_load_read/1 "/>
</bind>
</comp>

<comp id="2272" class="1004" name="logits_buf_0_25_load_read_read_fu_2272">
<pin_list>
<pin id="2273" dir="0" index="0" bw="32" slack="0"/>
<pin id="2274" dir="0" index="1" bw="32" slack="0"/>
<pin id="2275" dir="1" index="2" bw="32" slack="0"/>
</pin_list>
<bind>
<opcode="read(1150) " fcode="read"/>
<opset="logits_buf_0_25_load_read/1 "/>
</bind>
</comp>

<comp id="2278" class="1004" name="logits_buf_0_24_load_read_read_fu_2278">
<pin_list>
<pin id="2279" dir="0" index="0" bw="32" slack="0"/>
<pin id="2280" dir="0" index="1" bw="32" slack="0"/>
<pin id="2281" dir="1" index="2" bw="32" slack="0"/>
</pin_list>
<bind>
<opcode="read(1150) " fcode="read"/>
<opset="logits_buf_0_24_load_read/1 "/>
</bind>
</comp>

<comp id="2284" class="1004" name="logits_buf_0_23_load_read_read_fu_2284">
<pin_list>
<pin id="2285" dir="0" index="0" bw="32" slack="0"/>
<pin id="2286" dir="0" index="1" bw="32" slack="0"/>
<pin id="2287" dir="1" index="2" bw="32" slack="0"/>
</pin_list>
<bind>
<opcode="read(1150) " fcode="read"/>
<opset="logits_buf_0_23_load_read/1 "/>
</bind>
</comp>

<comp id="2290" class="1004" name="logits_buf_0_22_load_read_read_fu_2290">
<pin_list>
<pin id="2291" dir="0" index="0" bw="32" slack="0"/>
<pin id="2292" dir="0" index="1" bw="32" slack="0"/>
<pin id="2293" dir="1" index="2" bw="32" slack="0"/>
</pin_list>
<bind>
<opcode="read(1150) " fcode="read"/>
<opset="logits_buf_0_22_load_read/1 "/>
</bind>
</comp>

<comp id="2296" class="1004" name="logits_buf_0_21_load_read_read_fu_2296">
<pin_list>
<pin id="2297" dir="0" index="0" bw="32" slack="0"/>
<pin id="2298" dir="0" index="1" bw="32" slack="0"/>
<pin id="2299" dir="1" index="2" bw="32" slack="0"/>
</pin_list>
<bind>
<opcode="read(1150) " fcode="read"/>
<opset="logits_buf_0_21_load_read/1 "/>
</bind>
</comp>

<comp id="2302" class="1004" name="logits_buf_0_20_load_read_read_fu_2302">
<pin_list>
<pin id="2303" dir="0" index="0" bw="32" slack="0"/>
<pin id="2304" dir="0" index="1" bw="32" slack="0"/>
<pin id="2305" dir="1" index="2" bw="32" slack="0"/>
</pin_list>
<bind>
<opcode="read(1150) " fcode="read"/>
<opset="logits_buf_0_20_load_read/1 "/>
</bind>
</comp>

<comp id="2308" class="1004" name="logits_buf_0_19_load_read_read_fu_2308">
<pin_list>
<pin id="2309" dir="0" index="0" bw="32" slack="0"/>
<pin id="2310" dir="0" index="1" bw="32" slack="0"/>
<pin id="2311" dir="1" index="2" bw="32" slack="0"/>
</pin_list>
<bind>
<opcode="read(1150) " fcode="read"/>
<opset="logits_buf_0_19_load_read/1 "/>
</bind>
</comp>

<comp id="2314" class="1004" name="logits_buf_0_18_load_read_read_fu_2314">
<pin_list>
<pin id="2315" dir="0" index="0" bw="32" slack="0"/>
<pin id="2316" dir="0" index="1" bw="32" slack="0"/>
<pin id="2317" dir="1" index="2" bw="32" slack="0"/>
</pin_list>
<bind>
<opcode="read(1150) " fcode="read"/>
<opset="logits_buf_0_18_load_read/1 "/>
</bind>
</comp>

<comp id="2320" class="1004" name="logits_buf_0_17_load_read_read_fu_2320">
<pin_list>
<pin id="2321" dir="0" index="0" bw="32" slack="0"/>
<pin id="2322" dir="0" index="1" bw="32" slack="0"/>
<pin id="2323" dir="1" index="2" bw="32" slack="0"/>
</pin_list>
<bind>
<opcode="read(1150) " fcode="read"/>
<opset="logits_buf_0_17_load_read/1 "/>
</bind>
</comp>

<comp id="2326" class="1004" name="logits_buf_0_16_load_read_read_fu_2326">
<pin_list>
<pin id="2327" dir="0" index="0" bw="32" slack="0"/>
<pin id="2328" dir="0" index="1" bw="32" slack="0"/>
<pin id="2329" dir="1" index="2" bw="32" slack="0"/>
</pin_list>
<bind>
<opcode="read(1150) " fcode="read"/>
<opset="logits_buf_0_16_load_read/1 "/>
</bind>
</comp>

<comp id="2332" class="1004" name="logits_buf_0_15_load_read_read_fu_2332">
<pin_list>
<pin id="2333" dir="0" index="0" bw="32" slack="0"/>
<pin id="2334" dir="0" index="1" bw="32" slack="0"/>
<pin id="2335" dir="1" index="2" bw="32" slack="0"/>
</pin_list>
<bind>
<opcode="read(1150) " fcode="read"/>
<opset="logits_buf_0_15_load_read/1 "/>
</bind>
</comp>

<comp id="2338" class="1004" name="logits_buf_0_14_load_read_read_fu_2338">
<pin_list>
<pin id="2339" dir="0" index="0" bw="32" slack="0"/>
<pin id="2340" dir="0" index="1" bw="32" slack="0"/>
<pin id="2341" dir="1" index="2" bw="32" slack="0"/>
</pin_list>
<bind>
<opcode="read(1150) " fcode="read"/>
<opset="logits_buf_0_14_load_read/1 "/>
</bind>
</comp>

<comp id="2344" class="1004" name="logits_buf_0_13_load_read_read_fu_2344">
<pin_list>
<pin id="2345" dir="0" index="0" bw="32" slack="0"/>
<pin id="2346" dir="0" index="1" bw="32" slack="0"/>
<pin id="2347" dir="1" index="2" bw="32" slack="0"/>
</pin_list>
<bind>
<opcode="read(1150) " fcode="read"/>
<opset="logits_buf_0_13_load_read/1 "/>
</bind>
</comp>

<comp id="2350" class="1004" name="logits_buf_0_12_load_read_read_fu_2350">
<pin_list>
<pin id="2351" dir="0" index="0" bw="32" slack="0"/>
<pin id="2352" dir="0" index="1" bw="32" slack="0"/>
<pin id="2353" dir="1" index="2" bw="32" slack="0"/>
</pin_list>
<bind>
<opcode="read(1150) " fcode="read"/>
<opset="logits_buf_0_12_load_read/1 "/>
</bind>
</comp>

<comp id="2356" class="1004" name="logits_buf_0_11_load_read_read_fu_2356">
<pin_list>
<pin id="2357" dir="0" index="0" bw="32" slack="0"/>
<pin id="2358" dir="0" index="1" bw="32" slack="0"/>
<pin id="2359" dir="1" index="2" bw="32" slack="0"/>
</pin_list>
<bind>
<opcode="read(1150) " fcode="read"/>
<opset="logits_buf_0_11_load_read/1 "/>
</bind>
</comp>

<comp id="2362" class="1004" name="logits_buf_0_10_load_read_read_fu_2362">
<pin_list>
<pin id="2363" dir="0" index="0" bw="32" slack="0"/>
<pin id="2364" dir="0" index="1" bw="32" slack="0"/>
<pin id="2365" dir="1" index="2" bw="32" slack="0"/>
</pin_list>
<bind>
<opcode="read(1150) " fcode="read"/>
<opset="logits_buf_0_10_load_read/1 "/>
</bind>
</comp>

<comp id="2368" class="1004" name="logits_buf_0_9_load_read_read_fu_2368">
<pin_list>
<pin id="2369" dir="0" index="0" bw="32" slack="0"/>
<pin id="2370" dir="0" index="1" bw="32" slack="0"/>
<pin id="2371" dir="1" index="2" bw="32" slack="0"/>
</pin_list>
<bind>
<opcode="read(1150) " fcode="read"/>
<opset="logits_buf_0_9_load_read/1 "/>
</bind>
</comp>

<comp id="2374" class="1004" name="logits_buf_0_8_load_read_read_fu_2374">
<pin_list>
<pin id="2375" dir="0" index="0" bw="32" slack="0"/>
<pin id="2376" dir="0" index="1" bw="32" slack="0"/>
<pin id="2377" dir="1" index="2" bw="32" slack="0"/>
</pin_list>
<bind>
<opcode="read(1150) " fcode="read"/>
<opset="logits_buf_0_8_load_read/1 "/>
</bind>
</comp>

<comp id="2380" class="1004" name="logits_buf_0_7_load_read_read_fu_2380">
<pin_list>
<pin id="2381" dir="0" index="0" bw="32" slack="0"/>
<pin id="2382" dir="0" index="1" bw="32" slack="0"/>
<pin id="2383" dir="1" index="2" bw="32" slack="0"/>
</pin_list>
<bind>
<opcode="read(1150) " fcode="read"/>
<opset="logits_buf_0_7_load_read/1 "/>
</bind>
</comp>

<comp id="2386" class="1004" name="logits_buf_0_6_load_read_read_fu_2386">
<pin_list>
<pin id="2387" dir="0" index="0" bw="32" slack="0"/>
<pin id="2388" dir="0" index="1" bw="32" slack="0"/>
<pin id="2389" dir="1" index="2" bw="32" slack="0"/>
</pin_list>
<bind>
<opcode="read(1150) " fcode="read"/>
<opset="logits_buf_0_6_load_read/1 "/>
</bind>
</comp>

<comp id="2392" class="1004" name="logits_buf_0_5_load_read_read_fu_2392">
<pin_list>
<pin id="2393" dir="0" index="0" bw="32" slack="0"/>
<pin id="2394" dir="0" index="1" bw="32" slack="0"/>
<pin id="2395" dir="1" index="2" bw="32" slack="0"/>
</pin_list>
<bind>
<opcode="read(1150) " fcode="read"/>
<opset="logits_buf_0_5_load_read/1 "/>
</bind>
</comp>

<comp id="2398" class="1004" name="logits_buf_0_4_load_read_read_fu_2398">
<pin_list>
<pin id="2399" dir="0" index="0" bw="32" slack="0"/>
<pin id="2400" dir="0" index="1" bw="32" slack="0"/>
<pin id="2401" dir="1" index="2" bw="32" slack="0"/>
</pin_list>
<bind>
<opcode="read(1150) " fcode="read"/>
<opset="logits_buf_0_4_load_read/1 "/>
</bind>
</comp>

<comp id="2404" class="1004" name="logits_buf_0_3_load_read_read_fu_2404">
<pin_list>
<pin id="2405" dir="0" index="0" bw="32" slack="0"/>
<pin id="2406" dir="0" index="1" bw="32" slack="0"/>
<pin id="2407" dir="1" index="2" bw="32" slack="0"/>
</pin_list>
<bind>
<opcode="read(1150) " fcode="read"/>
<opset="logits_buf_0_3_load_read/1 "/>
</bind>
</comp>

<comp id="2410" class="1004" name="logits_buf_0_2_load_read_read_fu_2410">
<pin_list>
<pin id="2411" dir="0" index="0" bw="32" slack="0"/>
<pin id="2412" dir="0" index="1" bw="32" slack="0"/>
<pin id="2413" dir="1" index="2" bw="32" slack="0"/>
</pin_list>
<bind>
<opcode="read(1150) " fcode="read"/>
<opset="logits_buf_0_2_load_read/1 "/>
</bind>
</comp>

<comp id="2416" class="1004" name="logits_buf_0_1_load_read_read_fu_2416">
<pin_list>
<pin id="2417" dir="0" index="0" bw="32" slack="0"/>
<pin id="2418" dir="0" index="1" bw="32" slack="0"/>
<pin id="2419" dir="1" index="2" bw="32" slack="0"/>
</pin_list>
<bind>
<opcode="read(1150) " fcode="read"/>
<opset="logits_buf_0_1_load_read/1 "/>
</bind>
</comp>

<comp id="2422" class="1004" name="logits_buf_0_0_load_read_read_fu_2422">
<pin_list>
<pin id="2423" dir="0" index="0" bw="32" slack="0"/>
<pin id="2424" dir="0" index="1" bw="32" slack="0"/>
<pin id="2425" dir="1" index="2" bw="32" slack="0"/>
</pin_list>
<bind>
<opcode="read(1150) " fcode="read"/>
<opset="logits_buf_0_0_load_read/1 "/>
</bind>
</comp>

<comp id="2428" class="1004" name="n_read_read_fu_2428">
<pin_list>
<pin id="2429" dir="0" index="0" bw="9" slack="0"/>
<pin id="2430" dir="0" index="1" bw="9" slack="0"/>
<pin id="2431" dir="1" index="2" bw="9" slack="0"/>
</pin_list>
<bind>
<opcode="read(1150) " fcode="read"/>
<opset="n_read/1 "/>
</bind>
</comp>

<comp id="2434" class="1004" name="blocks_cast_read_read_fu_2434">
<pin_list>
<pin id="2435" dir="0" index="0" bw="7" slack="0"/>
<pin id="2436" dir="0" index="1" bw="7" slack="0"/>
<pin id="2437" dir="1" index="2" bw="7" slack="0"/>
</pin_list>
<bind>
<opcode="read(1150) " fcode="read"/>
<opset="blocks_cast_read/1 "/>
</bind>
</comp>

<comp id="2440" class="1004" name="write_ln260_write_fu_2440">
<pin_list>
<pin id="2441" dir="0" index="0" bw="0" slack="0"/>
<pin id="2442" dir="0" index="1" bw="132" slack="0"/>
<pin id="2443" dir="0" index="2" bw="132" slack="0"/>
<pin id="2444" dir="1" index="3" bw="0" slack="2147483647"/>
</pin_list>
<bind>
<opcode="write(1151) " fcode="write"/>
<opset="write_ln260/7 "/>
</bind>
</comp>

<comp id="2447" class="1004" name="store_ln233_store_fu_2447">
<pin_list>
<pin id="2448" dir="0" index="0" bw="1" slack="0"/>
<pin id="2449" dir="0" index="1" bw="7" slack="0"/>
<pin id="2450" dir="1" index="2" bw="0" slack="2147483647"/>
</pin_list>
<bind>
<opcode="store(28) " fcode="store"/>
<opset="store_ln233/1 "/>
</bind>
</comp>

<comp id="2452" class="1004" name="blk_4_load_fu_2452">
<pin_list>
<pin id="2453" dir="0" index="0" bw="7" slack="0"/>
<pin id="2454" dir="1" index="1" bw="7" slack="0"/>
</pin_list>
<bind>
<opcode="load(27) " fcode="load"/>
<opset="blk_4/1 "/>
</bind>
</comp>

<comp id="2455" class="1004" name="icmp_ln233_fu_2455">
<pin_list>
<pin id="2456" dir="0" index="0" bw="7" slack="0"/>
<pin id="2457" dir="0" index="1" bw="7" slack="0"/>
<pin id="2458" dir="1" index="2" bw="1" slack="5"/>
</pin_list>
<bind>
<opcode="icmp(45) " fcode="icmp"/>
<opset="icmp_ln233/1 "/>
</bind>
</comp>

<comp id="2461" class="1004" name="add_ln233_fu_2461">
<pin_list>
<pin id="2462" dir="0" index="0" bw="7" slack="0"/>
<pin id="2463" dir="0" index="1" bw="1" slack="0"/>
<pin id="2464" dir="1" index="2" bw="7" slack="0"/>
</pin_list>
<bind>
<opcode="add(8) " fcode="add"/>
<opset="add_ln233/1 "/>
</bind>
</comp>

<comp id="2467" class="1004" name="trunc_ln233_fu_2467">
<pin_list>
<pin id="2468" dir="0" index="0" bw="7" slack="0"/>
<pin id="2469" dir="1" index="1" bw="6" slack="0"/>
</pin_list>
<bind>
<opcode="trunc(33) " fcode="trunc"/>
<opset="trunc_ln233/1 "/>
</bind>
</comp>

<comp id="2471" class="1004" name="shl_ln_fu_2471">
<pin_list>
<pin id="2472" dir="0" index="0" bw="8" slack="0"/>
<pin id="2473" dir="0" index="1" bw="6" slack="0"/>
<pin id="2474" dir="0" index="2" bw="1" slack="0"/>
<pin id="2475" dir="1" index="3" bw="8" slack="0"/>
</pin_list>
<bind>
<opcode="bitconcatenate(1004) " fcode="bitconcatenate"/>
<opset="shl_ln/1 "/>
</bind>
</comp>

<comp id="2479" class="1004" name="zext_ln243_fu_2479">
<pin_list>
<pin id="2480" dir="0" index="0" bw="8" slack="0"/>
<pin id="2481" dir="1" index="1" bw="9" slack="0"/>
</pin_list>
<bind>
<opcode="zext(34) " fcode="zext"/>
<opset="zext_ln243/1 "/>
</bind>
</comp>

<comp id="2483" class="1004" name="pkt_keep_fu_2483">
<pin_list>
<pin id="2484" dir="0" index="0" bw="9" slack="0"/>
<pin id="2485" dir="0" index="1" bw="9" slack="0"/>
<pin id="2486" dir="1" index="2" bw="1" slack="5"/>
</pin_list>
<bind>
<opcode="icmp(45) " fcode="icmp"/>
<opset="pkt_keep/1 "/>
</bind>
</comp>

<comp id="2489" class="1004" name="tmp_fu_2489">
<pin_list>
<pin id="2490" dir="0" index="0" bw="32" slack="0"/>
<pin id="2491" dir="0" index="1" bw="6" slack="0"/>
<pin id="2492" dir="0" index="2" bw="32" slack="0"/>
<pin id="2493" dir="0" index="3" bw="6" slack="0"/>
<pin id="2494" dir="0" index="4" bw="32" slack="0"/>
<pin id="2495" dir="0" index="5" bw="6" slack="0"/>
<pin id="2496" dir="0" index="6" bw="32" slack="0"/>
<pin id="2497" dir="0" index="7" bw="6" slack="0"/>
<pin id="2498" dir="0" index="8" bw="32" slack="0"/>
<pin id="2499" dir="0" index="9" bw="6" slack="0"/>
<pin id="2500" dir="0" index="10" bw="32" slack="0"/>
<pin id="2501" dir="0" index="11" bw="6" slack="0"/>
<pin id="2502" dir="0" index="12" bw="32" slack="0"/>
<pin id="2503" dir="0" index="13" bw="6" slack="0"/>
<pin id="2504" dir="0" index="14" bw="32" slack="0"/>
<pin id="2505" dir="0" index="15" bw="6" slack="0"/>
<pin id="2506" dir="0" index="16" bw="32" slack="0"/>
<pin id="2507" dir="0" index="17" bw="6" slack="0"/>
<pin id="2508" dir="0" index="18" bw="32" slack="0"/>
<pin id="2509" dir="0" index="19" bw="6" slack="0"/>
<pin id="2510" dir="0" index="20" bw="32" slack="0"/>
<pin id="2511" dir="0" index="21" bw="6" slack="0"/>
<pin id="2512" dir="0" index="22" bw="32" slack="0"/>
<pin id="2513" dir="0" index="23" bw="6" slack="0"/>
<pin id="2514" dir="0" index="24" bw="32" slack="0"/>
<pin id="2515" dir="0" index="25" bw="6" slack="0"/>
<pin id="2516" dir="0" index="26" bw="32" slack="0"/>
<pin id="2517" dir="0" index="27" bw="6" slack="0"/>
<pin id="2518" dir="0" index="28" bw="32" slack="0"/>
<pin id="2519" dir="0" index="29" bw="6" slack="0"/>
<pin id="2520" dir="0" index="30" bw="32" slack="0"/>
<pin id="2521" dir="0" index="31" bw="6" slack="0"/>
<pin id="2522" dir="0" index="32" bw="32" slack="0"/>
<pin id="2523" dir="0" index="33" bw="6" slack="0"/>
<pin id="2524" dir="0" index="34" bw="32" slack="0"/>
<pin id="2525" dir="0" index="35" bw="6" slack="0"/>
<pin id="2526" dir="0" index="36" bw="32" slack="0"/>
<pin id="2527" dir="0" index="37" bw="6" slack="0"/>
<pin id="2528" dir="0" index="38" bw="32" slack="0"/>
<pin id="2529" dir="0" index="39" bw="6" slack="0"/>
<pin id="2530" dir="0" index="40" bw="32" slack="0"/>
<pin id="2531" dir="0" index="41" bw="6" slack="0"/>
<pin id="2532" dir="0" index="42" bw="32" slack="0"/>
<pin id="2533" dir="0" index="43" bw="6" slack="0"/>
<pin id="2534" dir="0" index="44" bw="32" slack="0"/>
<pin id="2535" dir="0" index="45" bw="6" slack="0"/>
<pin id="2536" dir="0" index="46" bw="32" slack="0"/>
<pin id="2537" dir="0" index="47" bw="6" slack="0"/>
<pin id="2538" dir="0" index="48" bw="32" slack="0"/>
<pin id="2539" dir="0" index="49" bw="6" slack="0"/>
<pin id="2540" dir="0" index="50" bw="32" slack="0"/>
<pin id="2541" dir="0" index="51" bw="6" slack="0"/>
<pin id="2542" dir="0" index="52" bw="32" slack="0"/>
<pin id="2543" dir="0" index="53" bw="6" slack="0"/>
<pin id="2544" dir="0" index="54" bw="32" slack="0"/>
<pin id="2545" dir="0" index="55" bw="6" slack="0"/>
<pin id="2546" dir="0" index="56" bw="32" slack="0"/>
<pin id="2547" dir="0" index="57" bw="6" slack="0"/>
<pin id="2548" dir="0" index="58" bw="32" slack="0"/>
<pin id="2549" dir="0" index="59" bw="6" slack="0"/>
<pin id="2550" dir="0" index="60" bw="32" slack="0"/>
<pin id="2551" dir="0" index="61" bw="6" slack="0"/>
<pin id="2552" dir="0" index="62" bw="32" slack="0"/>
<pin id="2553" dir="0" index="63" bw="6" slack="0"/>
<pin id="2554" dir="0" index="64" bw="32" slack="0"/>
<pin id="2555" dir="0" index="65" bw="6" slack="0"/>
<pin id="2556" dir="0" index="66" bw="32" slack="0"/>
<pin id="2557" dir="0" index="67" bw="6" slack="0"/>
<pin id="2558" dir="0" index="68" bw="32" slack="0"/>
<pin id="2559" dir="0" index="69" bw="6" slack="0"/>
<pin id="2560" dir="0" index="70" bw="32" slack="0"/>
<pin id="2561" dir="0" index="71" bw="6" slack="0"/>
<pin id="2562" dir="0" index="72" bw="32" slack="0"/>
<pin id="2563" dir="0" index="73" bw="6" slack="0"/>
<pin id="2564" dir="0" index="74" bw="32" slack="0"/>
<pin id="2565" dir="0" index="75" bw="6" slack="0"/>
<pin id="2566" dir="0" index="76" bw="32" slack="0"/>
<pin id="2567" dir="0" index="77" bw="6" slack="0"/>
<pin id="2568" dir="0" index="78" bw="32" slack="0"/>
<pin id="2569" dir="0" index="79" bw="6" slack="0"/>
<pin id="2570" dir="0" index="80" bw="32" slack="0"/>
<pin id="2571" dir="0" index="81" bw="6" slack="0"/>
<pin id="2572" dir="0" index="82" bw="32" slack="0"/>
<pin id="2573" dir="0" index="83" bw="6" slack="0"/>
<pin id="2574" dir="0" index="84" bw="32" slack="0"/>
<pin id="2575" dir="0" index="85" bw="6" slack="0"/>
<pin id="2576" dir="0" index="86" bw="32" slack="0"/>
<pin id="2577" dir="0" index="87" bw="6" slack="0"/>
<pin id="2578" dir="0" index="88" bw="32" slack="0"/>
<pin id="2579" dir="0" index="89" bw="6" slack="0"/>
<pin id="2580" dir="0" index="90" bw="32" slack="0"/>
<pin id="2581" dir="0" index="91" bw="6" slack="0"/>
<pin id="2582" dir="0" index="92" bw="32" slack="0"/>
<pin id="2583" dir="0" index="93" bw="6" slack="0"/>
<pin id="2584" dir="0" index="94" bw="32" slack="0"/>
<pin id="2585" dir="0" index="95" bw="6" slack="0"/>
<pin id="2586" dir="0" index="96" bw="32" slack="0"/>
<pin id="2587" dir="0" index="97" bw="6" slack="0"/>
<pin id="2588" dir="0" index="98" bw="32" slack="0"/>
<pin id="2589" dir="0" index="99" bw="6" slack="0"/>
<pin id="2590" dir="0" index="100" bw="32" slack="0"/>
<pin id="2591" dir="0" index="101" bw="6" slack="0"/>
<pin id="2592" dir="0" index="102" bw="32" slack="0"/>
<pin id="2593" dir="0" index="103" bw="6" slack="0"/>
<pin id="2594" dir="0" index="104" bw="32" slack="0"/>
<pin id="2595" dir="0" index="105" bw="6" slack="0"/>
<pin id="2596" dir="0" index="106" bw="32" slack="0"/>
<pin id="2597" dir="0" index="107" bw="6" slack="0"/>
<pin id="2598" dir="0" index="108" bw="32" slack="0"/>
<pin id="2599" dir="0" index="109" bw="6" slack="0"/>
<pin id="2600" dir="0" index="110" bw="32" slack="0"/>
<pin id="2601" dir="0" index="111" bw="6" slack="0"/>
<pin id="2602" dir="0" index="112" bw="32" slack="0"/>
<pin id="2603" dir="0" index="113" bw="6" slack="0"/>
<pin id="2604" dir="0" index="114" bw="32" slack="0"/>
<pin id="2605" dir="0" index="115" bw="6" slack="0"/>
<pin id="2606" dir="0" index="116" bw="32" slack="0"/>
<pin id="2607" dir="0" index="117" bw="6" slack="0"/>
<pin id="2608" dir="0" index="118" bw="32" slack="0"/>
<pin id="2609" dir="0" index="119" bw="6" slack="0"/>
<pin id="2610" dir="0" index="120" bw="32" slack="0"/>
<pin id="2611" dir="0" index="121" bw="6" slack="0"/>
<pin id="2612" dir="0" index="122" bw="32" slack="0"/>
<pin id="2613" dir="0" index="123" bw="6" slack="0"/>
<pin id="2614" dir="0" index="124" bw="32" slack="0"/>
<pin id="2615" dir="0" index="125" bw="6" slack="0"/>
<pin id="2616" dir="0" index="126" bw="32" slack="0"/>
<pin id="2617" dir="0" index="127" bw="6" slack="0"/>
<pin id="2618" dir="0" index="128" bw="32" slack="0"/>
<pin id="2619" dir="0" index="129" bw="32" slack="0"/>
<pin id="2620" dir="0" index="130" bw="6" slack="0"/>
<pin id="2621" dir="1" index="131" bw="32" slack="0"/>
</pin_list>
<bind>
<opcode="sparsemux(1197) " fcode="sparsemux"/>
<opset="tmp/1 "/>
</bind>
</comp>

<comp id="2753" class="1004" name="x_q16_fu_2753">
<pin_list>
<pin id="2754" dir="0" index="0" bw="32" slack="0"/>
<pin id="2755" dir="0" index="1" bw="32" slack="0"/>
<pin id="2756" dir="1" index="2" bw="32" slack="1"/>
</pin_list>
<bind>
<opcode="sub(10) " fcode="sub"/>
<opset="x_q16/1 "/>
</bind>
</comp>

<comp id="2759" class="1004" name="or_ln_fu_2759">
<pin_list>
<pin id="2760" dir="0" index="0" bw="8" slack="0"/>
<pin id="2761" dir="0" index="1" bw="6" slack="0"/>
<pin id="2762" dir="0" index="2" bw="1" slack="0"/>
<pin id="2763" dir="1" index="3" bw="8" slack="0"/>
</pin_list>
<bind>
<opcode="bitconcatenate(1004) " fcode="bitconcatenate"/>
<opset="or_ln/1 "/>
</bind>
</comp>

<comp id="2767" class="1004" name="zext_ln247_fu_2767">
<pin_list>
<pin id="2768" dir="0" index="0" bw="8" slack="0"/>
<pin id="2769" dir="1" index="1" bw="9" slack="0"/>
</pin_list>
<bind>
<opcode="zext(34) " fcode="zext"/>
<opset="zext_ln247/1 "/>
</bind>
</comp>

<comp id="2771" class="1004" name="icmp_ln247_fu_2771">
<pin_list>
<pin id="2772" dir="0" index="0" bw="9" slack="0"/>
<pin id="2773" dir="0" index="1" bw="9" slack="0"/>
<pin id="2774" dir="1" index="2" bw="1" slack="1"/>
</pin_list>
<bind>
<opcode="icmp(45) " fcode="icmp"/>
<opset="icmp_ln247/1 "/>
</bind>
</comp>

<comp id="2777" class="1004" name="tmp_s_fu_2777">
<pin_list>
<pin id="2778" dir="0" index="0" bw="32" slack="0"/>
<pin id="2779" dir="0" index="1" bw="6" slack="0"/>
<pin id="2780" dir="0" index="2" bw="32" slack="0"/>
<pin id="2781" dir="0" index="3" bw="6" slack="0"/>
<pin id="2782" dir="0" index="4" bw="32" slack="0"/>
<pin id="2783" dir="0" index="5" bw="6" slack="0"/>
<pin id="2784" dir="0" index="6" bw="32" slack="0"/>
<pin id="2785" dir="0" index="7" bw="6" slack="0"/>
<pin id="2786" dir="0" index="8" bw="32" slack="0"/>
<pin id="2787" dir="0" index="9" bw="6" slack="0"/>
<pin id="2788" dir="0" index="10" bw="32" slack="0"/>
<pin id="2789" dir="0" index="11" bw="6" slack="0"/>
<pin id="2790" dir="0" index="12" bw="32" slack="0"/>
<pin id="2791" dir="0" index="13" bw="6" slack="0"/>
<pin id="2792" dir="0" index="14" bw="32" slack="0"/>
<pin id="2793" dir="0" index="15" bw="6" slack="0"/>
<pin id="2794" dir="0" index="16" bw="32" slack="0"/>
<pin id="2795" dir="0" index="17" bw="6" slack="0"/>
<pin id="2796" dir="0" index="18" bw="32" slack="0"/>
<pin id="2797" dir="0" index="19" bw="6" slack="0"/>
<pin id="2798" dir="0" index="20" bw="32" slack="0"/>
<pin id="2799" dir="0" index="21" bw="6" slack="0"/>
<pin id="2800" dir="0" index="22" bw="32" slack="0"/>
<pin id="2801" dir="0" index="23" bw="6" slack="0"/>
<pin id="2802" dir="0" index="24" bw="32" slack="0"/>
<pin id="2803" dir="0" index="25" bw="6" slack="0"/>
<pin id="2804" dir="0" index="26" bw="32" slack="0"/>
<pin id="2805" dir="0" index="27" bw="6" slack="0"/>
<pin id="2806" dir="0" index="28" bw="32" slack="0"/>
<pin id="2807" dir="0" index="29" bw="6" slack="0"/>
<pin id="2808" dir="0" index="30" bw="32" slack="0"/>
<pin id="2809" dir="0" index="31" bw="6" slack="0"/>
<pin id="2810" dir="0" index="32" bw="32" slack="0"/>
<pin id="2811" dir="0" index="33" bw="6" slack="0"/>
<pin id="2812" dir="0" index="34" bw="32" slack="0"/>
<pin id="2813" dir="0" index="35" bw="6" slack="0"/>
<pin id="2814" dir="0" index="36" bw="32" slack="0"/>
<pin id="2815" dir="0" index="37" bw="6" slack="0"/>
<pin id="2816" dir="0" index="38" bw="32" slack="0"/>
<pin id="2817" dir="0" index="39" bw="6" slack="0"/>
<pin id="2818" dir="0" index="40" bw="32" slack="0"/>
<pin id="2819" dir="0" index="41" bw="6" slack="0"/>
<pin id="2820" dir="0" index="42" bw="32" slack="0"/>
<pin id="2821" dir="0" index="43" bw="6" slack="0"/>
<pin id="2822" dir="0" index="44" bw="32" slack="0"/>
<pin id="2823" dir="0" index="45" bw="6" slack="0"/>
<pin id="2824" dir="0" index="46" bw="32" slack="0"/>
<pin id="2825" dir="0" index="47" bw="6" slack="0"/>
<pin id="2826" dir="0" index="48" bw="32" slack="0"/>
<pin id="2827" dir="0" index="49" bw="6" slack="0"/>
<pin id="2828" dir="0" index="50" bw="32" slack="0"/>
<pin id="2829" dir="0" index="51" bw="6" slack="0"/>
<pin id="2830" dir="0" index="52" bw="32" slack="0"/>
<pin id="2831" dir="0" index="53" bw="6" slack="0"/>
<pin id="2832" dir="0" index="54" bw="32" slack="0"/>
<pin id="2833" dir="0" index="55" bw="6" slack="0"/>
<pin id="2834" dir="0" index="56" bw="32" slack="0"/>
<pin id="2835" dir="0" index="57" bw="6" slack="0"/>
<pin id="2836" dir="0" index="58" bw="32" slack="0"/>
<pin id="2837" dir="0" index="59" bw="6" slack="0"/>
<pin id="2838" dir="0" index="60" bw="32" slack="0"/>
<pin id="2839" dir="0" index="61" bw="6" slack="0"/>
<pin id="2840" dir="0" index="62" bw="32" slack="0"/>
<pin id="2841" dir="0" index="63" bw="6" slack="0"/>
<pin id="2842" dir="0" index="64" bw="32" slack="0"/>
<pin id="2843" dir="0" index="65" bw="6" slack="0"/>
<pin id="2844" dir="0" index="66" bw="32" slack="0"/>
<pin id="2845" dir="0" index="67" bw="6" slack="0"/>
<pin id="2846" dir="0" index="68" bw="32" slack="0"/>
<pin id="2847" dir="0" index="69" bw="6" slack="0"/>
<pin id="2848" dir="0" index="70" bw="32" slack="0"/>
<pin id="2849" dir="0" index="71" bw="6" slack="0"/>
<pin id="2850" dir="0" index="72" bw="32" slack="0"/>
<pin id="2851" dir="0" index="73" bw="6" slack="0"/>
<pin id="2852" dir="0" index="74" bw="32" slack="0"/>
<pin id="2853" dir="0" index="75" bw="6" slack="0"/>
<pin id="2854" dir="0" index="76" bw="32" slack="0"/>
<pin id="2855" dir="0" index="77" bw="6" slack="0"/>
<pin id="2856" dir="0" index="78" bw="32" slack="0"/>
<pin id="2857" dir="0" index="79" bw="6" slack="0"/>
<pin id="2858" dir="0" index="80" bw="32" slack="0"/>
<pin id="2859" dir="0" index="81" bw="6" slack="0"/>
<pin id="2860" dir="0" index="82" bw="32" slack="0"/>
<pin id="2861" dir="0" index="83" bw="6" slack="0"/>
<pin id="2862" dir="0" index="84" bw="32" slack="0"/>
<pin id="2863" dir="0" index="85" bw="6" slack="0"/>
<pin id="2864" dir="0" index="86" bw="32" slack="0"/>
<pin id="2865" dir="0" index="87" bw="6" slack="0"/>
<pin id="2866" dir="0" index="88" bw="32" slack="0"/>
<pin id="2867" dir="0" index="89" bw="6" slack="0"/>
<pin id="2868" dir="0" index="90" bw="32" slack="0"/>
<pin id="2869" dir="0" index="91" bw="6" slack="0"/>
<pin id="2870" dir="0" index="92" bw="32" slack="0"/>
<pin id="2871" dir="0" index="93" bw="6" slack="0"/>
<pin id="2872" dir="0" index="94" bw="32" slack="0"/>
<pin id="2873" dir="0" index="95" bw="6" slack="0"/>
<pin id="2874" dir="0" index="96" bw="32" slack="0"/>
<pin id="2875" dir="0" index="97" bw="6" slack="0"/>
<pin id="2876" dir="0" index="98" bw="32" slack="0"/>
<pin id="2877" dir="0" index="99" bw="6" slack="0"/>
<pin id="2878" dir="0" index="100" bw="32" slack="0"/>
<pin id="2879" dir="0" index="101" bw="6" slack="0"/>
<pin id="2880" dir="0" index="102" bw="32" slack="0"/>
<pin id="2881" dir="0" index="103" bw="6" slack="0"/>
<pin id="2882" dir="0" index="104" bw="32" slack="0"/>
<pin id="2883" dir="0" index="105" bw="6" slack="0"/>
<pin id="2884" dir="0" index="106" bw="32" slack="0"/>
<pin id="2885" dir="0" index="107" bw="6" slack="0"/>
<pin id="2886" dir="0" index="108" bw="32" slack="0"/>
<pin id="2887" dir="0" index="109" bw="6" slack="0"/>
<pin id="2888" dir="0" index="110" bw="32" slack="0"/>
<pin id="2889" dir="0" index="111" bw="6" slack="0"/>
<pin id="2890" dir="0" index="112" bw="32" slack="0"/>
<pin id="2891" dir="0" index="113" bw="6" slack="0"/>
<pin id="2892" dir="0" index="114" bw="32" slack="0"/>
<pin id="2893" dir="0" index="115" bw="6" slack="0"/>
<pin id="2894" dir="0" index="116" bw="32" slack="0"/>
<pin id="2895" dir="0" index="117" bw="6" slack="0"/>
<pin id="2896" dir="0" index="118" bw="32" slack="0"/>
<pin id="2897" dir="0" index="119" bw="6" slack="0"/>
<pin id="2898" dir="0" index="120" bw="32" slack="0"/>
<pin id="2899" dir="0" index="121" bw="6" slack="0"/>
<pin id="2900" dir="0" index="122" bw="32" slack="0"/>
<pin id="2901" dir="0" index="123" bw="6" slack="0"/>
<pin id="2902" dir="0" index="124" bw="32" slack="0"/>
<pin id="2903" dir="0" index="125" bw="6" slack="0"/>
<pin id="2904" dir="0" index="126" bw="32" slack="0"/>
<pin id="2905" dir="0" index="127" bw="6" slack="0"/>
<pin id="2906" dir="0" index="128" bw="32" slack="0"/>
<pin id="2907" dir="0" index="129" bw="32" slack="0"/>
<pin id="2908" dir="0" index="130" bw="6" slack="0"/>
<pin id="2909" dir="1" index="131" bw="32" slack="0"/>
</pin_list>
<bind>
<opcode="sparsemux(1197) " fcode="sparsemux"/>
<opset="tmp_s/1 "/>
</bind>
</comp>

<comp id="3041" class="1004" name="x_q16_2_fu_3041">
<pin_list>
<pin id="3042" dir="0" index="0" bw="32" slack="0"/>
<pin id="3043" dir="0" index="1" bw="32" slack="0"/>
<pin id="3044" dir="1" index="2" bw="32" slack="1"/>
</pin_list>
<bind>
<opcode="sub(10) " fcode="sub"/>
<opset="x_q16_2/1 "/>
</bind>
</comp>

<comp id="3047" class="1004" name="or_ln5_fu_3047">
<pin_list>
<pin id="3048" dir="0" index="0" bw="8" slack="0"/>
<pin id="3049" dir="0" index="1" bw="6" slack="0"/>
<pin id="3050" dir="0" index="2" bw="2" slack="0"/>
<pin id="3051" dir="1" index="3" bw="8" slack="0"/>
</pin_list>
<bind>
<opcode="bitconcatenate(1004) " fcode="bitconcatenate"/>
<opset="or_ln5/1 "/>
</bind>
</comp>

<comp id="3055" class="1004" name="zext_ln251_fu_3055">
<pin_list>
<pin id="3056" dir="0" index="0" bw="8" slack="0"/>
<pin id="3057" dir="1" index="1" bw="9" slack="0"/>
</pin_list>
<bind>
<opcode="zext(34) " fcode="zext"/>
<opset="zext_ln251/1 "/>
</bind>
</comp>

<comp id="3059" class="1004" name="icmp_ln251_fu_3059">
<pin_list>
<pin id="3060" dir="0" index="0" bw="9" slack="0"/>
<pin id="3061" dir="0" index="1" bw="9" slack="0"/>
<pin id="3062" dir="1" index="2" bw="1" slack="1"/>
</pin_list>
<bind>
<opcode="icmp(45) " fcode="icmp"/>
<opset="icmp_ln251/1 "/>
</bind>
</comp>

<comp id="3065" class="1004" name="tmp_52_fu_3065">
<pin_list>
<pin id="3066" dir="0" index="0" bw="32" slack="0"/>
<pin id="3067" dir="0" index="1" bw="6" slack="0"/>
<pin id="3068" dir="0" index="2" bw="32" slack="0"/>
<pin id="3069" dir="0" index="3" bw="6" slack="0"/>
<pin id="3070" dir="0" index="4" bw="32" slack="0"/>
<pin id="3071" dir="0" index="5" bw="6" slack="0"/>
<pin id="3072" dir="0" index="6" bw="32" slack="0"/>
<pin id="3073" dir="0" index="7" bw="6" slack="0"/>
<pin id="3074" dir="0" index="8" bw="32" slack="0"/>
<pin id="3075" dir="0" index="9" bw="6" slack="0"/>
<pin id="3076" dir="0" index="10" bw="32" slack="0"/>
<pin id="3077" dir="0" index="11" bw="6" slack="0"/>
<pin id="3078" dir="0" index="12" bw="32" slack="0"/>
<pin id="3079" dir="0" index="13" bw="6" slack="0"/>
<pin id="3080" dir="0" index="14" bw="32" slack="0"/>
<pin id="3081" dir="0" index="15" bw="6" slack="0"/>
<pin id="3082" dir="0" index="16" bw="32" slack="0"/>
<pin id="3083" dir="0" index="17" bw="6" slack="0"/>
<pin id="3084" dir="0" index="18" bw="32" slack="0"/>
<pin id="3085" dir="0" index="19" bw="6" slack="0"/>
<pin id="3086" dir="0" index="20" bw="32" slack="0"/>
<pin id="3087" dir="0" index="21" bw="6" slack="0"/>
<pin id="3088" dir="0" index="22" bw="32" slack="0"/>
<pin id="3089" dir="0" index="23" bw="6" slack="0"/>
<pin id="3090" dir="0" index="24" bw="32" slack="0"/>
<pin id="3091" dir="0" index="25" bw="6" slack="0"/>
<pin id="3092" dir="0" index="26" bw="32" slack="0"/>
<pin id="3093" dir="0" index="27" bw="6" slack="0"/>
<pin id="3094" dir="0" index="28" bw="32" slack="0"/>
<pin id="3095" dir="0" index="29" bw="6" slack="0"/>
<pin id="3096" dir="0" index="30" bw="32" slack="0"/>
<pin id="3097" dir="0" index="31" bw="6" slack="0"/>
<pin id="3098" dir="0" index="32" bw="32" slack="0"/>
<pin id="3099" dir="0" index="33" bw="6" slack="0"/>
<pin id="3100" dir="0" index="34" bw="32" slack="0"/>
<pin id="3101" dir="0" index="35" bw="6" slack="0"/>
<pin id="3102" dir="0" index="36" bw="32" slack="0"/>
<pin id="3103" dir="0" index="37" bw="6" slack="0"/>
<pin id="3104" dir="0" index="38" bw="32" slack="0"/>
<pin id="3105" dir="0" index="39" bw="6" slack="0"/>
<pin id="3106" dir="0" index="40" bw="32" slack="0"/>
<pin id="3107" dir="0" index="41" bw="6" slack="0"/>
<pin id="3108" dir="0" index="42" bw="32" slack="0"/>
<pin id="3109" dir="0" index="43" bw="6" slack="0"/>
<pin id="3110" dir="0" index="44" bw="32" slack="0"/>
<pin id="3111" dir="0" index="45" bw="6" slack="0"/>
<pin id="3112" dir="0" index="46" bw="32" slack="0"/>
<pin id="3113" dir="0" index="47" bw="6" slack="0"/>
<pin id="3114" dir="0" index="48" bw="32" slack="0"/>
<pin id="3115" dir="0" index="49" bw="6" slack="0"/>
<pin id="3116" dir="0" index="50" bw="32" slack="0"/>
<pin id="3117" dir="0" index="51" bw="6" slack="0"/>
<pin id="3118" dir="0" index="52" bw="32" slack="0"/>
<pin id="3119" dir="0" index="53" bw="6" slack="0"/>
<pin id="3120" dir="0" index="54" bw="32" slack="0"/>
<pin id="3121" dir="0" index="55" bw="6" slack="0"/>
<pin id="3122" dir="0" index="56" bw="32" slack="0"/>
<pin id="3123" dir="0" index="57" bw="6" slack="0"/>
<pin id="3124" dir="0" index="58" bw="32" slack="0"/>
<pin id="3125" dir="0" index="59" bw="6" slack="0"/>
<pin id="3126" dir="0" index="60" bw="32" slack="0"/>
<pin id="3127" dir="0" index="61" bw="6" slack="0"/>
<pin id="3128" dir="0" index="62" bw="32" slack="0"/>
<pin id="3129" dir="0" index="63" bw="6" slack="0"/>
<pin id="3130" dir="0" index="64" bw="32" slack="0"/>
<pin id="3131" dir="0" index="65" bw="6" slack="0"/>
<pin id="3132" dir="0" index="66" bw="32" slack="0"/>
<pin id="3133" dir="0" index="67" bw="6" slack="0"/>
<pin id="3134" dir="0" index="68" bw="32" slack="0"/>
<pin id="3135" dir="0" index="69" bw="6" slack="0"/>
<pin id="3136" dir="0" index="70" bw="32" slack="0"/>
<pin id="3137" dir="0" index="71" bw="6" slack="0"/>
<pin id="3138" dir="0" index="72" bw="32" slack="0"/>
<pin id="3139" dir="0" index="73" bw="6" slack="0"/>
<pin id="3140" dir="0" index="74" bw="32" slack="0"/>
<pin id="3141" dir="0" index="75" bw="6" slack="0"/>
<pin id="3142" dir="0" index="76" bw="32" slack="0"/>
<pin id="3143" dir="0" index="77" bw="6" slack="0"/>
<pin id="3144" dir="0" index="78" bw="32" slack="0"/>
<pin id="3145" dir="0" index="79" bw="6" slack="0"/>
<pin id="3146" dir="0" index="80" bw="32" slack="0"/>
<pin id="3147" dir="0" index="81" bw="6" slack="0"/>
<pin id="3148" dir="0" index="82" bw="32" slack="0"/>
<pin id="3149" dir="0" index="83" bw="6" slack="0"/>
<pin id="3150" dir="0" index="84" bw="32" slack="0"/>
<pin id="3151" dir="0" index="85" bw="6" slack="0"/>
<pin id="3152" dir="0" index="86" bw="32" slack="0"/>
<pin id="3153" dir="0" index="87" bw="6" slack="0"/>
<pin id="3154" dir="0" index="88" bw="32" slack="0"/>
<pin id="3155" dir="0" index="89" bw="6" slack="0"/>
<pin id="3156" dir="0" index="90" bw="32" slack="0"/>
<pin id="3157" dir="0" index="91" bw="6" slack="0"/>
<pin id="3158" dir="0" index="92" bw="32" slack="0"/>
<pin id="3159" dir="0" index="93" bw="6" slack="0"/>
<pin id="3160" dir="0" index="94" bw="32" slack="0"/>
<pin id="3161" dir="0" index="95" bw="6" slack="0"/>
<pin id="3162" dir="0" index="96" bw="32" slack="0"/>
<pin id="3163" dir="0" index="97" bw="6" slack="0"/>
<pin id="3164" dir="0" index="98" bw="32" slack="0"/>
<pin id="3165" dir="0" index="99" bw="6" slack="0"/>
<pin id="3166" dir="0" index="100" bw="32" slack="0"/>
<pin id="3167" dir="0" index="101" bw="6" slack="0"/>
<pin id="3168" dir="0" index="102" bw="32" slack="0"/>
<pin id="3169" dir="0" index="103" bw="6" slack="0"/>
<pin id="3170" dir="0" index="104" bw="32" slack="0"/>
<pin id="3171" dir="0" index="105" bw="6" slack="0"/>
<pin id="3172" dir="0" index="106" bw="32" slack="0"/>
<pin id="3173" dir="0" index="107" bw="6" slack="0"/>
<pin id="3174" dir="0" index="108" bw="32" slack="0"/>
<pin id="3175" dir="0" index="109" bw="6" slack="0"/>
<pin id="3176" dir="0" index="110" bw="32" slack="0"/>
<pin id="3177" dir="0" index="111" bw="6" slack="0"/>
<pin id="3178" dir="0" index="112" bw="32" slack="0"/>
<pin id="3179" dir="0" index="113" bw="6" slack="0"/>
<pin id="3180" dir="0" index="114" bw="32" slack="0"/>
<pin id="3181" dir="0" index="115" bw="6" slack="0"/>
<pin id="3182" dir="0" index="116" bw="32" slack="0"/>
<pin id="3183" dir="0" index="117" bw="6" slack="0"/>
<pin id="3184" dir="0" index="118" bw="32" slack="0"/>
<pin id="3185" dir="0" index="119" bw="6" slack="0"/>
<pin id="3186" dir="0" index="120" bw="32" slack="0"/>
<pin id="3187" dir="0" index="121" bw="6" slack="0"/>
<pin id="3188" dir="0" index="122" bw="32" slack="0"/>
<pin id="3189" dir="0" index="123" bw="6" slack="0"/>
<pin id="3190" dir="0" index="124" bw="32" slack="0"/>
<pin id="3191" dir="0" index="125" bw="6" slack="0"/>
<pin id="3192" dir="0" index="126" bw="32" slack="0"/>
<pin id="3193" dir="0" index="127" bw="6" slack="0"/>
<pin id="3194" dir="0" index="128" bw="32" slack="0"/>
<pin id="3195" dir="0" index="129" bw="32" slack="0"/>
<pin id="3196" dir="0" index="130" bw="6" slack="0"/>
<pin id="3197" dir="1" index="131" bw="32" slack="0"/>
</pin_list>
<bind>
<opcode="sparsemux(1197) " fcode="sparsemux"/>
<opset="tmp_52/1 "/>
</bind>
</comp>

<comp id="3329" class="1004" name="x_q16_4_fu_3329">
<pin_list>
<pin id="3330" dir="0" index="0" bw="32" slack="0"/>
<pin id="3331" dir="0" index="1" bw="32" slack="0"/>
<pin id="3332" dir="1" index="2" bw="32" slack="1"/>
</pin_list>
<bind>
<opcode="sub(10) " fcode="sub"/>
<opset="x_q16_4/1 "/>
</bind>
</comp>

<comp id="3335" class="1004" name="or_ln6_fu_3335">
<pin_list>
<pin id="3336" dir="0" index="0" bw="8" slack="0"/>
<pin id="3337" dir="0" index="1" bw="6" slack="0"/>
<pin id="3338" dir="0" index="2" bw="1" slack="0"/>
<pin id="3339" dir="1" index="3" bw="8" slack="0"/>
</pin_list>
<bind>
<opcode="bitconcatenate(1004) " fcode="bitconcatenate"/>
<opset="or_ln6/1 "/>
</bind>
</comp>

<comp id="3343" class="1004" name="zext_ln255_fu_3343">
<pin_list>
<pin id="3344" dir="0" index="0" bw="8" slack="0"/>
<pin id="3345" dir="1" index="1" bw="9" slack="0"/>
</pin_list>
<bind>
<opcode="zext(34) " fcode="zext"/>
<opset="zext_ln255/1 "/>
</bind>
</comp>

<comp id="3347" class="1004" name="icmp_ln255_fu_3347">
<pin_list>
<pin id="3348" dir="0" index="0" bw="9" slack="0"/>
<pin id="3349" dir="0" index="1" bw="9" slack="0"/>
<pin id="3350" dir="1" index="2" bw="1" slack="1"/>
</pin_list>
<bind>
<opcode="icmp(45) " fcode="icmp"/>
<opset="icmp_ln255/1 "/>
</bind>
</comp>

<comp id="3353" class="1004" name="tmp_53_fu_3353">
<pin_list>
<pin id="3354" dir="0" index="0" bw="32" slack="0"/>
<pin id="3355" dir="0" index="1" bw="6" slack="0"/>
<pin id="3356" dir="0" index="2" bw="32" slack="0"/>
<pin id="3357" dir="0" index="3" bw="6" slack="0"/>
<pin id="3358" dir="0" index="4" bw="32" slack="0"/>
<pin id="3359" dir="0" index="5" bw="6" slack="0"/>
<pin id="3360" dir="0" index="6" bw="32" slack="0"/>
<pin id="3361" dir="0" index="7" bw="6" slack="0"/>
<pin id="3362" dir="0" index="8" bw="32" slack="0"/>
<pin id="3363" dir="0" index="9" bw="6" slack="0"/>
<pin id="3364" dir="0" index="10" bw="32" slack="0"/>
<pin id="3365" dir="0" index="11" bw="6" slack="0"/>
<pin id="3366" dir="0" index="12" bw="32" slack="0"/>
<pin id="3367" dir="0" index="13" bw="6" slack="0"/>
<pin id="3368" dir="0" index="14" bw="32" slack="0"/>
<pin id="3369" dir="0" index="15" bw="6" slack="0"/>
<pin id="3370" dir="0" index="16" bw="32" slack="0"/>
<pin id="3371" dir="0" index="17" bw="6" slack="0"/>
<pin id="3372" dir="0" index="18" bw="32" slack="0"/>
<pin id="3373" dir="0" index="19" bw="6" slack="0"/>
<pin id="3374" dir="0" index="20" bw="32" slack="0"/>
<pin id="3375" dir="0" index="21" bw="6" slack="0"/>
<pin id="3376" dir="0" index="22" bw="32" slack="0"/>
<pin id="3377" dir="0" index="23" bw="6" slack="0"/>
<pin id="3378" dir="0" index="24" bw="32" slack="0"/>
<pin id="3379" dir="0" index="25" bw="6" slack="0"/>
<pin id="3380" dir="0" index="26" bw="32" slack="0"/>
<pin id="3381" dir="0" index="27" bw="6" slack="0"/>
<pin id="3382" dir="0" index="28" bw="32" slack="0"/>
<pin id="3383" dir="0" index="29" bw="6" slack="0"/>
<pin id="3384" dir="0" index="30" bw="32" slack="0"/>
<pin id="3385" dir="0" index="31" bw="6" slack="0"/>
<pin id="3386" dir="0" index="32" bw="32" slack="0"/>
<pin id="3387" dir="0" index="33" bw="6" slack="0"/>
<pin id="3388" dir="0" index="34" bw="32" slack="0"/>
<pin id="3389" dir="0" index="35" bw="6" slack="0"/>
<pin id="3390" dir="0" index="36" bw="32" slack="0"/>
<pin id="3391" dir="0" index="37" bw="6" slack="0"/>
<pin id="3392" dir="0" index="38" bw="32" slack="0"/>
<pin id="3393" dir="0" index="39" bw="6" slack="0"/>
<pin id="3394" dir="0" index="40" bw="32" slack="0"/>
<pin id="3395" dir="0" index="41" bw="6" slack="0"/>
<pin id="3396" dir="0" index="42" bw="32" slack="0"/>
<pin id="3397" dir="0" index="43" bw="6" slack="0"/>
<pin id="3398" dir="0" index="44" bw="32" slack="0"/>
<pin id="3399" dir="0" index="45" bw="6" slack="0"/>
<pin id="3400" dir="0" index="46" bw="32" slack="0"/>
<pin id="3401" dir="0" index="47" bw="6" slack="0"/>
<pin id="3402" dir="0" index="48" bw="32" slack="0"/>
<pin id="3403" dir="0" index="49" bw="6" slack="0"/>
<pin id="3404" dir="0" index="50" bw="32" slack="0"/>
<pin id="3405" dir="0" index="51" bw="6" slack="0"/>
<pin id="3406" dir="0" index="52" bw="32" slack="0"/>
<pin id="3407" dir="0" index="53" bw="6" slack="0"/>
<pin id="3408" dir="0" index="54" bw="32" slack="0"/>
<pin id="3409" dir="0" index="55" bw="6" slack="0"/>
<pin id="3410" dir="0" index="56" bw="32" slack="0"/>
<pin id="3411" dir="0" index="57" bw="6" slack="0"/>
<pin id="3412" dir="0" index="58" bw="32" slack="0"/>
<pin id="3413" dir="0" index="59" bw="6" slack="0"/>
<pin id="3414" dir="0" index="60" bw="32" slack="0"/>
<pin id="3415" dir="0" index="61" bw="6" slack="0"/>
<pin id="3416" dir="0" index="62" bw="32" slack="0"/>
<pin id="3417" dir="0" index="63" bw="6" slack="0"/>
<pin id="3418" dir="0" index="64" bw="32" slack="0"/>
<pin id="3419" dir="0" index="65" bw="6" slack="0"/>
<pin id="3420" dir="0" index="66" bw="32" slack="0"/>
<pin id="3421" dir="0" index="67" bw="6" slack="0"/>
<pin id="3422" dir="0" index="68" bw="32" slack="0"/>
<pin id="3423" dir="0" index="69" bw="6" slack="0"/>
<pin id="3424" dir="0" index="70" bw="32" slack="0"/>
<pin id="3425" dir="0" index="71" bw="6" slack="0"/>
<pin id="3426" dir="0" index="72" bw="32" slack="0"/>
<pin id="3427" dir="0" index="73" bw="6" slack="0"/>
<pin id="3428" dir="0" index="74" bw="32" slack="0"/>
<pin id="3429" dir="0" index="75" bw="6" slack="0"/>
<pin id="3430" dir="0" index="76" bw="32" slack="0"/>
<pin id="3431" dir="0" index="77" bw="6" slack="0"/>
<pin id="3432" dir="0" index="78" bw="32" slack="0"/>
<pin id="3433" dir="0" index="79" bw="6" slack="0"/>
<pin id="3434" dir="0" index="80" bw="32" slack="0"/>
<pin id="3435" dir="0" index="81" bw="6" slack="0"/>
<pin id="3436" dir="0" index="82" bw="32" slack="0"/>
<pin id="3437" dir="0" index="83" bw="6" slack="0"/>
<pin id="3438" dir="0" index="84" bw="32" slack="0"/>
<pin id="3439" dir="0" index="85" bw="6" slack="0"/>
<pin id="3440" dir="0" index="86" bw="32" slack="0"/>
<pin id="3441" dir="0" index="87" bw="6" slack="0"/>
<pin id="3442" dir="0" index="88" bw="32" slack="0"/>
<pin id="3443" dir="0" index="89" bw="6" slack="0"/>
<pin id="3444" dir="0" index="90" bw="32" slack="0"/>
<pin id="3445" dir="0" index="91" bw="6" slack="0"/>
<pin id="3446" dir="0" index="92" bw="32" slack="0"/>
<pin id="3447" dir="0" index="93" bw="6" slack="0"/>
<pin id="3448" dir="0" index="94" bw="32" slack="0"/>
<pin id="3449" dir="0" index="95" bw="6" slack="0"/>
<pin id="3450" dir="0" index="96" bw="32" slack="0"/>
<pin id="3451" dir="0" index="97" bw="6" slack="0"/>
<pin id="3452" dir="0" index="98" bw="32" slack="0"/>
<pin id="3453" dir="0" index="99" bw="6" slack="0"/>
<pin id="3454" dir="0" index="100" bw="32" slack="0"/>
<pin id="3455" dir="0" index="101" bw="6" slack="0"/>
<pin id="3456" dir="0" index="102" bw="32" slack="0"/>
<pin id="3457" dir="0" index="103" bw="6" slack="0"/>
<pin id="3458" dir="0" index="104" bw="32" slack="0"/>
<pin id="3459" dir="0" index="105" bw="6" slack="0"/>
<pin id="3460" dir="0" index="106" bw="32" slack="0"/>
<pin id="3461" dir="0" index="107" bw="6" slack="0"/>
<pin id="3462" dir="0" index="108" bw="32" slack="0"/>
<pin id="3463" dir="0" index="109" bw="6" slack="0"/>
<pin id="3464" dir="0" index="110" bw="32" slack="0"/>
<pin id="3465" dir="0" index="111" bw="6" slack="0"/>
<pin id="3466" dir="0" index="112" bw="32" slack="0"/>
<pin id="3467" dir="0" index="113" bw="6" slack="0"/>
<pin id="3468" dir="0" index="114" bw="32" slack="0"/>
<pin id="3469" dir="0" index="115" bw="6" slack="0"/>
<pin id="3470" dir="0" index="116" bw="32" slack="0"/>
<pin id="3471" dir="0" index="117" bw="6" slack="0"/>
<pin id="3472" dir="0" index="118" bw="32" slack="0"/>
<pin id="3473" dir="0" index="119" bw="6" slack="0"/>
<pin id="3474" dir="0" index="120" bw="32" slack="0"/>
<pin id="3475" dir="0" index="121" bw="6" slack="0"/>
<pin id="3476" dir="0" index="122" bw="32" slack="0"/>
<pin id="3477" dir="0" index="123" bw="6" slack="0"/>
<pin id="3478" dir="0" index="124" bw="32" slack="0"/>
<pin id="3479" dir="0" index="125" bw="6" slack="0"/>
<pin id="3480" dir="0" index="126" bw="32" slack="0"/>
<pin id="3481" dir="0" index="127" bw="6" slack="0"/>
<pin id="3482" dir="0" index="128" bw="32" slack="0"/>
<pin id="3483" dir="0" index="129" bw="32" slack="0"/>
<pin id="3484" dir="0" index="130" bw="6" slack="0"/>
<pin id="3485" dir="1" index="131" bw="32" slack="0"/>
</pin_list>
<bind>
<opcode="sparsemux(1197) " fcode="sparsemux"/>
<opset="tmp_53/1 "/>
</bind>
</comp>

<comp id="3617" class="1004" name="x_q16_6_fu_3617">
<pin_list>
<pin id="3618" dir="0" index="0" bw="32" slack="0"/>
<pin id="3619" dir="0" index="1" bw="32" slack="0"/>
<pin id="3620" dir="1" index="2" bw="32" slack="1"/>
</pin_list>
<bind>
<opcode="sub(10) " fcode="sub"/>
<opset="x_q16_6/1 "/>
</bind>
</comp>

<comp id="3623" class="1004" name="store_ln233_store_fu_3623">
<pin_list>
<pin id="3624" dir="0" index="0" bw="7" slack="0"/>
<pin id="3625" dir="0" index="1" bw="7" slack="0"/>
<pin id="3626" dir="1" index="2" bw="0" slack="2147483647"/>
</pin_list>
<bind>
<opcode="store(28) " fcode="store"/>
<opset="store_ln233/1 "/>
</bind>
</comp>

<comp id="3628" class="1004" name="icmp_ln48_fu_3628">
<pin_list>
<pin id="3629" dir="0" index="0" bw="32" slack="1"/>
<pin id="3630" dir="0" index="1" bw="32" slack="0"/>
<pin id="3631" dir="1" index="2" bw="1" slack="0"/>
</pin_list>
<bind>
<opcode="icmp(45) " fcode="icmp"/>
<opset="icmp_ln48/2 "/>
</bind>
</comp>

<comp id="3633" class="1004" name="x_q16_1_fu_3633">
<pin_list>
<pin id="3634" dir="0" index="0" bw="1" slack="0"/>
<pin id="3635" dir="0" index="1" bw="32" slack="0"/>
<pin id="3636" dir="0" index="2" bw="32" slack="1"/>
<pin id="3637" dir="1" index="3" bw="32" slack="0"/>
</pin_list>
<bind>
<opcode="select(49) " fcode="select"/>
<opset="x_q16_1/2 "/>
</bind>
</comp>

<comp id="3640" class="1004" name="tmp_85_fu_3640">
<pin_list>
<pin id="3641" dir="0" index="0" bw="49" slack="0"/>
<pin id="3642" dir="0" index="1" bw="32" slack="0"/>
<pin id="3643" dir="0" index="2" bw="1" slack="0"/>
<pin id="3644" dir="1" index="3" bw="49" slack="0"/>
</pin_list>
<bind>
<opcode="bitconcatenate(1004) " fcode="bitconcatenate"/>
<opset="tmp_85/2 "/>
</bind>
</comp>

<comp id="3648" class="1004" name="sext_ln50_fu_3648">
<pin_list>
<pin id="3649" dir="0" index="0" bw="49" slack="0"/>
<pin id="3650" dir="1" index="1" bw="50" slack="0"/>
</pin_list>
<bind>
<opcode="sext(35) " fcode="sext"/>
<opset="sext_ln50/2 "/>
</bind>
</comp>

<comp id="3652" class="1004" name="tmp_86_fu_3652">
<pin_list>
<pin id="3653" dir="0" index="0" bw="47" slack="0"/>
<pin id="3654" dir="0" index="1" bw="32" slack="0"/>
<pin id="3655" dir="0" index="2" bw="1" slack="0"/>
<pin id="3656" dir="1" index="3" bw="47" slack="0"/>
</pin_list>
<bind>
<opcode="bitconcatenate(1004) " fcode="bitconcatenate"/>
<opset="tmp_86/2 "/>
</bind>
</comp>

<comp id="3660" class="1004" name="sext_ln50_1_fu_3660">
<pin_list>
<pin id="3661" dir="0" index="0" bw="47" slack="0"/>
<pin id="3662" dir="1" index="1" bw="50" slack="0"/>
</pin_list>
<bind>
<opcode="sext(35) " fcode="sext"/>
<opset="sext_ln50_1/2 "/>
</bind>
</comp>

<comp id="3664" class="1004" name="sub_ln50_fu_3664">
<pin_list>
<pin id="3665" dir="0" index="0" bw="49" slack="0"/>
<pin id="3666" dir="0" index="1" bw="47" slack="0"/>
<pin id="3667" dir="1" index="2" bw="50" slack="0"/>
</pin_list>
<bind>
<opcode="sub(10) " fcode="sub"/>
<opset="sub_ln50/2 "/>
</bind>
</comp>

<comp id="3670" class="1004" name="tmp_87_fu_3670">
<pin_list>
<pin id="3671" dir="0" index="0" bw="44" slack="0"/>
<pin id="3672" dir="0" index="1" bw="32" slack="0"/>
<pin id="3673" dir="0" index="2" bw="1" slack="0"/>
<pin id="3674" dir="1" index="3" bw="44" slack="0"/>
</pin_list>
<bind>
<opcode="bitconcatenate(1004) " fcode="bitconcatenate"/>
<opset="tmp_87/2 "/>
</bind>
</comp>

<comp id="3678" class="1004" name="sext_ln50_2_fu_3678">
<pin_list>
<pin id="3679" dir="0" index="0" bw="44" slack="0"/>
<pin id="3680" dir="1" index="1" bw="50" slack="0"/>
</pin_list>
<bind>
<opcode="sext(35) " fcode="sext"/>
<opset="sext_ln50_2/2 "/>
</bind>
</comp>

<comp id="3682" class="1004" name="sub_ln50_1_fu_3682">
<pin_list>
<pin id="3683" dir="0" index="0" bw="50" slack="0"/>
<pin id="3684" dir="0" index="1" bw="44" slack="0"/>
<pin id="3685" dir="1" index="2" bw="50" slack="1"/>
</pin_list>
<bind>
<opcode="sub(10) " fcode="sub"/>
<opset="sub_ln50_1/2 "/>
</bind>
</comp>

<comp id="3688" class="1004" name="icmp_ln48_1_fu_3688">
<pin_list>
<pin id="3689" dir="0" index="0" bw="32" slack="1"/>
<pin id="3690" dir="0" index="1" bw="32" slack="0"/>
<pin id="3691" dir="1" index="2" bw="1" slack="0"/>
</pin_list>
<bind>
<opcode="icmp(45) " fcode="icmp"/>
<opset="icmp_ln48_1/2 "/>
</bind>
</comp>

<comp id="3693" class="1004" name="x_q16_3_fu_3693">
<pin_list>
<pin id="3694" dir="0" index="0" bw="1" slack="0"/>
<pin id="3695" dir="0" index="1" bw="32" slack="0"/>
<pin id="3696" dir="0" index="2" bw="32" slack="1"/>
<pin id="3697" dir="1" index="3" bw="32" slack="0"/>
</pin_list>
<bind>
<opcode="select(49) " fcode="select"/>
<opset="x_q16_3/2 "/>
</bind>
</comp>

<comp id="3700" class="1004" name="tmp_95_fu_3700">
<pin_list>
<pin id="3701" dir="0" index="0" bw="49" slack="0"/>
<pin id="3702" dir="0" index="1" bw="32" slack="0"/>
<pin id="3703" dir="0" index="2" bw="1" slack="0"/>
<pin id="3704" dir="1" index="3" bw="49" slack="0"/>
</pin_list>
<bind>
<opcode="bitconcatenate(1004) " fcode="bitconcatenate"/>
<opset="tmp_95/2 "/>
</bind>
</comp>

<comp id="3708" class="1004" name="sext_ln50_7_fu_3708">
<pin_list>
<pin id="3709" dir="0" index="0" bw="49" slack="0"/>
<pin id="3710" dir="1" index="1" bw="50" slack="0"/>
</pin_list>
<bind>
<opcode="sext(35) " fcode="sext"/>
<opset="sext_ln50_7/2 "/>
</bind>
</comp>

<comp id="3712" class="1004" name="tmp_96_fu_3712">
<pin_list>
<pin id="3713" dir="0" index="0" bw="47" slack="0"/>
<pin id="3714" dir="0" index="1" bw="32" slack="0"/>
<pin id="3715" dir="0" index="2" bw="1" slack="0"/>
<pin id="3716" dir="1" index="3" bw="47" slack="0"/>
</pin_list>
<bind>
<opcode="bitconcatenate(1004) " fcode="bitconcatenate"/>
<opset="tmp_96/2 "/>
</bind>
</comp>

<comp id="3720" class="1004" name="sext_ln50_8_fu_3720">
<pin_list>
<pin id="3721" dir="0" index="0" bw="47" slack="0"/>
<pin id="3722" dir="1" index="1" bw="50" slack="0"/>
</pin_list>
<bind>
<opcode="sext(35) " fcode="sext"/>
<opset="sext_ln50_8/2 "/>
</bind>
</comp>

<comp id="3724" class="1004" name="sub_ln50_2_fu_3724">
<pin_list>
<pin id="3725" dir="0" index="0" bw="49" slack="0"/>
<pin id="3726" dir="0" index="1" bw="47" slack="0"/>
<pin id="3727" dir="1" index="2" bw="50" slack="0"/>
</pin_list>
<bind>
<opcode="sub(10) " fcode="sub"/>
<opset="sub_ln50_2/2 "/>
</bind>
</comp>

<comp id="3730" class="1004" name="tmp_97_fu_3730">
<pin_list>
<pin id="3731" dir="0" index="0" bw="44" slack="0"/>
<pin id="3732" dir="0" index="1" bw="32" slack="0"/>
<pin id="3733" dir="0" index="2" bw="1" slack="0"/>
<pin id="3734" dir="1" index="3" bw="44" slack="0"/>
</pin_list>
<bind>
<opcode="bitconcatenate(1004) " fcode="bitconcatenate"/>
<opset="tmp_97/2 "/>
</bind>
</comp>

<comp id="3738" class="1004" name="sext_ln50_9_fu_3738">
<pin_list>
<pin id="3739" dir="0" index="0" bw="44" slack="0"/>
<pin id="3740" dir="1" index="1" bw="50" slack="0"/>
</pin_list>
<bind>
<opcode="sext(35) " fcode="sext"/>
<opset="sext_ln50_9/2 "/>
</bind>
</comp>

<comp id="3742" class="1004" name="sub_ln50_3_fu_3742">
<pin_list>
<pin id="3743" dir="0" index="0" bw="50" slack="0"/>
<pin id="3744" dir="0" index="1" bw="44" slack="0"/>
<pin id="3745" dir="1" index="2" bw="50" slack="1"/>
</pin_list>
<bind>
<opcode="sub(10) " fcode="sub"/>
<opset="sub_ln50_3/2 "/>
</bind>
</comp>

<comp id="3748" class="1004" name="icmp_ln48_2_fu_3748">
<pin_list>
<pin id="3749" dir="0" index="0" bw="32" slack="1"/>
<pin id="3750" dir="0" index="1" bw="32" slack="0"/>
<pin id="3751" dir="1" index="2" bw="1" slack="0"/>
</pin_list>
<bind>
<opcode="icmp(45) " fcode="icmp"/>
<opset="icmp_ln48_2/2 "/>
</bind>
</comp>

<comp id="3753" class="1004" name="x_q16_5_fu_3753">
<pin_list>
<pin id="3754" dir="0" index="0" bw="1" slack="0"/>
<pin id="3755" dir="0" index="1" bw="32" slack="0"/>
<pin id="3756" dir="0" index="2" bw="32" slack="1"/>
<pin id="3757" dir="1" index="3" bw="32" slack="0"/>
</pin_list>
<bind>
<opcode="select(49) " fcode="select"/>
<opset="x_q16_5/2 "/>
</bind>
</comp>

<comp id="3760" class="1004" name="tmp_105_fu_3760">
<pin_list>
<pin id="3761" dir="0" index="0" bw="49" slack="0"/>
<pin id="3762" dir="0" index="1" bw="32" slack="0"/>
<pin id="3763" dir="0" index="2" bw="1" slack="0"/>
<pin id="3764" dir="1" index="3" bw="49" slack="0"/>
</pin_list>
<bind>
<opcode="bitconcatenate(1004) " fcode="bitconcatenate"/>
<opset="tmp_105/2 "/>
</bind>
</comp>

<comp id="3768" class="1004" name="sext_ln50_14_fu_3768">
<pin_list>
<pin id="3769" dir="0" index="0" bw="49" slack="0"/>
<pin id="3770" dir="1" index="1" bw="50" slack="0"/>
</pin_list>
<bind>
<opcode="sext(35) " fcode="sext"/>
<opset="sext_ln50_14/2 "/>
</bind>
</comp>

<comp id="3772" class="1004" name="tmp_106_fu_3772">
<pin_list>
<pin id="3773" dir="0" index="0" bw="47" slack="0"/>
<pin id="3774" dir="0" index="1" bw="32" slack="0"/>
<pin id="3775" dir="0" index="2" bw="1" slack="0"/>
<pin id="3776" dir="1" index="3" bw="47" slack="0"/>
</pin_list>
<bind>
<opcode="bitconcatenate(1004) " fcode="bitconcatenate"/>
<opset="tmp_106/2 "/>
</bind>
</comp>

<comp id="3780" class="1004" name="sext_ln50_15_fu_3780">
<pin_list>
<pin id="3781" dir="0" index="0" bw="47" slack="0"/>
<pin id="3782" dir="1" index="1" bw="50" slack="0"/>
</pin_list>
<bind>
<opcode="sext(35) " fcode="sext"/>
<opset="sext_ln50_15/2 "/>
</bind>
</comp>

<comp id="3784" class="1004" name="sub_ln50_4_fu_3784">
<pin_list>
<pin id="3785" dir="0" index="0" bw="49" slack="0"/>
<pin id="3786" dir="0" index="1" bw="47" slack="0"/>
<pin id="3787" dir="1" index="2" bw="50" slack="0"/>
</pin_list>
<bind>
<opcode="sub(10) " fcode="sub"/>
<opset="sub_ln50_4/2 "/>
</bind>
</comp>

<comp id="3790" class="1004" name="tmp_107_fu_3790">
<pin_list>
<pin id="3791" dir="0" index="0" bw="44" slack="0"/>
<pin id="3792" dir="0" index="1" bw="32" slack="0"/>
<pin id="3793" dir="0" index="2" bw="1" slack="0"/>
<pin id="3794" dir="1" index="3" bw="44" slack="0"/>
</pin_list>
<bind>
<opcode="bitconcatenate(1004) " fcode="bitconcatenate"/>
<opset="tmp_107/2 "/>
</bind>
</comp>

<comp id="3798" class="1004" name="sext_ln50_16_fu_3798">
<pin_list>
<pin id="3799" dir="0" index="0" bw="44" slack="0"/>
<pin id="3800" dir="1" index="1" bw="50" slack="0"/>
</pin_list>
<bind>
<opcode="sext(35) " fcode="sext"/>
<opset="sext_ln50_16/2 "/>
</bind>
</comp>

<comp id="3802" class="1004" name="sub_ln50_5_fu_3802">
<pin_list>
<pin id="3803" dir="0" index="0" bw="50" slack="0"/>
<pin id="3804" dir="0" index="1" bw="44" slack="0"/>
<pin id="3805" dir="1" index="2" bw="50" slack="1"/>
</pin_list>
<bind>
<opcode="sub(10) " fcode="sub"/>
<opset="sub_ln50_5/2 "/>
</bind>
</comp>

<comp id="3808" class="1004" name="icmp_ln48_3_fu_3808">
<pin_list>
<pin id="3809" dir="0" index="0" bw="32" slack="1"/>
<pin id="3810" dir="0" index="1" bw="32" slack="0"/>
<pin id="3811" dir="1" index="2" bw="1" slack="0"/>
</pin_list>
<bind>
<opcode="icmp(45) " fcode="icmp"/>
<opset="icmp_ln48_3/2 "/>
</bind>
</comp>

<comp id="3813" class="1004" name="x_q16_7_fu_3813">
<pin_list>
<pin id="3814" dir="0" index="0" bw="1" slack="0"/>
<pin id="3815" dir="0" index="1" bw="32" slack="0"/>
<pin id="3816" dir="0" index="2" bw="32" slack="1"/>
<pin id="3817" dir="1" index="3" bw="32" slack="0"/>
</pin_list>
<bind>
<opcode="select(49) " fcode="select"/>
<opset="x_q16_7/2 "/>
</bind>
</comp>

<comp id="3820" class="1004" name="tmp_115_fu_3820">
<pin_list>
<pin id="3821" dir="0" index="0" bw="49" slack="0"/>
<pin id="3822" dir="0" index="1" bw="32" slack="0"/>
<pin id="3823" dir="0" index="2" bw="1" slack="0"/>
<pin id="3824" dir="1" index="3" bw="49" slack="0"/>
</pin_list>
<bind>
<opcode="bitconcatenate(1004) " fcode="bitconcatenate"/>
<opset="tmp_115/2 "/>
</bind>
</comp>

<comp id="3828" class="1004" name="sext_ln50_21_fu_3828">
<pin_list>
<pin id="3829" dir="0" index="0" bw="49" slack="0"/>
<pin id="3830" dir="1" index="1" bw="50" slack="0"/>
</pin_list>
<bind>
<opcode="sext(35) " fcode="sext"/>
<opset="sext_ln50_21/2 "/>
</bind>
</comp>

<comp id="3832" class="1004" name="tmp_116_fu_3832">
<pin_list>
<pin id="3833" dir="0" index="0" bw="47" slack="0"/>
<pin id="3834" dir="0" index="1" bw="32" slack="0"/>
<pin id="3835" dir="0" index="2" bw="1" slack="0"/>
<pin id="3836" dir="1" index="3" bw="47" slack="0"/>
</pin_list>
<bind>
<opcode="bitconcatenate(1004) " fcode="bitconcatenate"/>
<opset="tmp_116/2 "/>
</bind>
</comp>

<comp id="3840" class="1004" name="sext_ln50_22_fu_3840">
<pin_list>
<pin id="3841" dir="0" index="0" bw="47" slack="0"/>
<pin id="3842" dir="1" index="1" bw="50" slack="0"/>
</pin_list>
<bind>
<opcode="sext(35) " fcode="sext"/>
<opset="sext_ln50_22/2 "/>
</bind>
</comp>

<comp id="3844" class="1004" name="sub_ln50_6_fu_3844">
<pin_list>
<pin id="3845" dir="0" index="0" bw="49" slack="0"/>
<pin id="3846" dir="0" index="1" bw="47" slack="0"/>
<pin id="3847" dir="1" index="2" bw="50" slack="0"/>
</pin_list>
<bind>
<opcode="sub(10) " fcode="sub"/>
<opset="sub_ln50_6/2 "/>
</bind>
</comp>

<comp id="3850" class="1004" name="tmp_117_fu_3850">
<pin_list>
<pin id="3851" dir="0" index="0" bw="44" slack="0"/>
<pin id="3852" dir="0" index="1" bw="32" slack="0"/>
<pin id="3853" dir="0" index="2" bw="1" slack="0"/>
<pin id="3854" dir="1" index="3" bw="44" slack="0"/>
</pin_list>
<bind>
<opcode="bitconcatenate(1004) " fcode="bitconcatenate"/>
<opset="tmp_117/2 "/>
</bind>
</comp>

<comp id="3858" class="1004" name="sext_ln50_23_fu_3858">
<pin_list>
<pin id="3859" dir="0" index="0" bw="44" slack="0"/>
<pin id="3860" dir="1" index="1" bw="50" slack="0"/>
</pin_list>
<bind>
<opcode="sext(35) " fcode="sext"/>
<opset="sext_ln50_23/2 "/>
</bind>
</comp>

<comp id="3862" class="1004" name="sub_ln50_7_fu_3862">
<pin_list>
<pin id="3863" dir="0" index="0" bw="50" slack="0"/>
<pin id="3864" dir="0" index="1" bw="44" slack="0"/>
<pin id="3865" dir="1" index="2" bw="50" slack="1"/>
</pin_list>
<bind>
<opcode="sub(10) " fcode="sub"/>
<opset="sub_ln50_7/2 "/>
</bind>
</comp>

<comp id="3868" class="1004" name="tmp_88_fu_3868">
<pin_list>
<pin id="3869" dir="0" index="0" bw="40" slack="0"/>
<pin id="3870" dir="0" index="1" bw="32" slack="1"/>
<pin id="3871" dir="0" index="2" bw="1" slack="0"/>
<pin id="3872" dir="1" index="3" bw="40" slack="0"/>
</pin_list>
<bind>
<opcode="bitconcatenate(1004) " fcode="bitconcatenate"/>
<opset="tmp_88/3 "/>
</bind>
</comp>

<comp id="3875" class="1004" name="sext_ln50_3_fu_3875">
<pin_list>
<pin id="3876" dir="0" index="0" bw="40" slack="0"/>
<pin id="3877" dir="1" index="1" bw="50" slack="0"/>
</pin_list>
<bind>
<opcode="sext(35) " fcode="sext"/>
<opset="sext_ln50_3/3 "/>
</bind>
</comp>

<comp id="3879" class="1004" name="add_ln50_fu_3879">
<pin_list>
<pin id="3880" dir="0" index="0" bw="50" slack="1"/>
<pin id="3881" dir="0" index="1" bw="40" slack="0"/>
<pin id="3882" dir="1" index="2" bw="50" slack="0"/>
</pin_list>
<bind>
<opcode="add(8) " fcode="add"/>
<opset="add_ln50/3 "/>
</bind>
</comp>

<comp id="3884" class="1004" name="tmp_89_fu_3884">
<pin_list>
<pin id="3885" dir="0" index="0" bw="38" slack="0"/>
<pin id="3886" dir="0" index="1" bw="32" slack="1"/>
<pin id="3887" dir="0" index="2" bw="1" slack="0"/>
<pin id="3888" dir="1" index="3" bw="38" slack="0"/>
</pin_list>
<bind>
<opcode="bitconcatenate(1004) " fcode="bitconcatenate"/>
<opset="tmp_89/3 "/>
</bind>
</comp>

<comp id="3891" class="1004" name="sext_ln50_4_fu_3891">
<pin_list>
<pin id="3892" dir="0" index="0" bw="38" slack="0"/>
<pin id="3893" dir="1" index="1" bw="50" slack="0"/>
</pin_list>
<bind>
<opcode="sext(35) " fcode="sext"/>
<opset="sext_ln50_4/3 "/>
</bind>
</comp>

<comp id="3895" class="1004" name="add_ln50_1_fu_3895">
<pin_list>
<pin id="3896" dir="0" index="0" bw="50" slack="0"/>
<pin id="3897" dir="0" index="1" bw="38" slack="0"/>
<pin id="3898" dir="1" index="2" bw="50" slack="1"/>
</pin_list>
<bind>
<opcode="add(8) " fcode="add"/>
<opset="add_ln50_1/3 "/>
</bind>
</comp>

<comp id="3901" class="1004" name="tmp_98_fu_3901">
<pin_list>
<pin id="3902" dir="0" index="0" bw="40" slack="0"/>
<pin id="3903" dir="0" index="1" bw="32" slack="1"/>
<pin id="3904" dir="0" index="2" bw="1" slack="0"/>
<pin id="3905" dir="1" index="3" bw="40" slack="0"/>
</pin_list>
<bind>
<opcode="bitconcatenate(1004) " fcode="bitconcatenate"/>
<opset="tmp_98/3 "/>
</bind>
</comp>

<comp id="3908" class="1004" name="sext_ln50_10_fu_3908">
<pin_list>
<pin id="3909" dir="0" index="0" bw="40" slack="0"/>
<pin id="3910" dir="1" index="1" bw="50" slack="0"/>
</pin_list>
<bind>
<opcode="sext(35) " fcode="sext"/>
<opset="sext_ln50_10/3 "/>
</bind>
</comp>

<comp id="3912" class="1004" name="add_ln50_4_fu_3912">
<pin_list>
<pin id="3913" dir="0" index="0" bw="50" slack="1"/>
<pin id="3914" dir="0" index="1" bw="40" slack="0"/>
<pin id="3915" dir="1" index="2" bw="50" slack="0"/>
</pin_list>
<bind>
<opcode="add(8) " fcode="add"/>
<opset="add_ln50_4/3 "/>
</bind>
</comp>

<comp id="3917" class="1004" name="tmp_99_fu_3917">
<pin_list>
<pin id="3918" dir="0" index="0" bw="38" slack="0"/>
<pin id="3919" dir="0" index="1" bw="32" slack="1"/>
<pin id="3920" dir="0" index="2" bw="1" slack="0"/>
<pin id="3921" dir="1" index="3" bw="38" slack="0"/>
</pin_list>
<bind>
<opcode="bitconcatenate(1004) " fcode="bitconcatenate"/>
<opset="tmp_99/3 "/>
</bind>
</comp>

<comp id="3924" class="1004" name="sext_ln50_11_fu_3924">
<pin_list>
<pin id="3925" dir="0" index="0" bw="38" slack="0"/>
<pin id="3926" dir="1" index="1" bw="50" slack="0"/>
</pin_list>
<bind>
<opcode="sext(35) " fcode="sext"/>
<opset="sext_ln50_11/3 "/>
</bind>
</comp>

<comp id="3928" class="1004" name="add_ln50_5_fu_3928">
<pin_list>
<pin id="3929" dir="0" index="0" bw="50" slack="0"/>
<pin id="3930" dir="0" index="1" bw="38" slack="0"/>
<pin id="3931" dir="1" index="2" bw="50" slack="1"/>
</pin_list>
<bind>
<opcode="add(8) " fcode="add"/>
<opset="add_ln50_5/3 "/>
</bind>
</comp>

<comp id="3934" class="1004" name="tmp_108_fu_3934">
<pin_list>
<pin id="3935" dir="0" index="0" bw="40" slack="0"/>
<pin id="3936" dir="0" index="1" bw="32" slack="1"/>
<pin id="3937" dir="0" index="2" bw="1" slack="0"/>
<pin id="3938" dir="1" index="3" bw="40" slack="0"/>
</pin_list>
<bind>
<opcode="bitconcatenate(1004) " fcode="bitconcatenate"/>
<opset="tmp_108/3 "/>
</bind>
</comp>

<comp id="3941" class="1004" name="sext_ln50_17_fu_3941">
<pin_list>
<pin id="3942" dir="0" index="0" bw="40" slack="0"/>
<pin id="3943" dir="1" index="1" bw="50" slack="0"/>
</pin_list>
<bind>
<opcode="sext(35) " fcode="sext"/>
<opset="sext_ln50_17/3 "/>
</bind>
</comp>

<comp id="3945" class="1004" name="add_ln50_8_fu_3945">
<pin_list>
<pin id="3946" dir="0" index="0" bw="50" slack="1"/>
<pin id="3947" dir="0" index="1" bw="40" slack="0"/>
<pin id="3948" dir="1" index="2" bw="50" slack="0"/>
</pin_list>
<bind>
<opcode="add(8) " fcode="add"/>
<opset="add_ln50_8/3 "/>
</bind>
</comp>

<comp id="3950" class="1004" name="tmp_109_fu_3950">
<pin_list>
<pin id="3951" dir="0" index="0" bw="38" slack="0"/>
<pin id="3952" dir="0" index="1" bw="32" slack="1"/>
<pin id="3953" dir="0" index="2" bw="1" slack="0"/>
<pin id="3954" dir="1" index="3" bw="38" slack="0"/>
</pin_list>
<bind>
<opcode="bitconcatenate(1004) " fcode="bitconcatenate"/>
<opset="tmp_109/3 "/>
</bind>
</comp>

<comp id="3957" class="1004" name="sext_ln50_18_fu_3957">
<pin_list>
<pin id="3958" dir="0" index="0" bw="38" slack="0"/>
<pin id="3959" dir="1" index="1" bw="50" slack="0"/>
</pin_list>
<bind>
<opcode="sext(35) " fcode="sext"/>
<opset="sext_ln50_18/3 "/>
</bind>
</comp>

<comp id="3961" class="1004" name="add_ln50_9_fu_3961">
<pin_list>
<pin id="3962" dir="0" index="0" bw="50" slack="0"/>
<pin id="3963" dir="0" index="1" bw="38" slack="0"/>
<pin id="3964" dir="1" index="2" bw="50" slack="1"/>
</pin_list>
<bind>
<opcode="add(8) " fcode="add"/>
<opset="add_ln50_9/3 "/>
</bind>
</comp>

<comp id="3967" class="1004" name="tmp_118_fu_3967">
<pin_list>
<pin id="3968" dir="0" index="0" bw="40" slack="0"/>
<pin id="3969" dir="0" index="1" bw="32" slack="1"/>
<pin id="3970" dir="0" index="2" bw="1" slack="0"/>
<pin id="3971" dir="1" index="3" bw="40" slack="0"/>
</pin_list>
<bind>
<opcode="bitconcatenate(1004) " fcode="bitconcatenate"/>
<opset="tmp_118/3 "/>
</bind>
</comp>

<comp id="3974" class="1004" name="sext_ln50_24_fu_3974">
<pin_list>
<pin id="3975" dir="0" index="0" bw="40" slack="0"/>
<pin id="3976" dir="1" index="1" bw="50" slack="0"/>
</pin_list>
<bind>
<opcode="sext(35) " fcode="sext"/>
<opset="sext_ln50_24/3 "/>
</bind>
</comp>

<comp id="3978" class="1004" name="add_ln50_12_fu_3978">
<pin_list>
<pin id="3979" dir="0" index="0" bw="50" slack="1"/>
<pin id="3980" dir="0" index="1" bw="40" slack="0"/>
<pin id="3981" dir="1" index="2" bw="50" slack="0"/>
</pin_list>
<bind>
<opcode="add(8) " fcode="add"/>
<opset="add_ln50_12/3 "/>
</bind>
</comp>

<comp id="3983" class="1004" name="tmp_119_fu_3983">
<pin_list>
<pin id="3984" dir="0" index="0" bw="38" slack="0"/>
<pin id="3985" dir="0" index="1" bw="32" slack="1"/>
<pin id="3986" dir="0" index="2" bw="1" slack="0"/>
<pin id="3987" dir="1" index="3" bw="38" slack="0"/>
</pin_list>
<bind>
<opcode="bitconcatenate(1004) " fcode="bitconcatenate"/>
<opset="tmp_119/3 "/>
</bind>
</comp>

<comp id="3990" class="1004" name="sext_ln50_25_fu_3990">
<pin_list>
<pin id="3991" dir="0" index="0" bw="38" slack="0"/>
<pin id="3992" dir="1" index="1" bw="50" slack="0"/>
</pin_list>
<bind>
<opcode="sext(35) " fcode="sext"/>
<opset="sext_ln50_25/3 "/>
</bind>
</comp>

<comp id="3994" class="1004" name="add_ln50_13_fu_3994">
<pin_list>
<pin id="3995" dir="0" index="0" bw="50" slack="0"/>
<pin id="3996" dir="0" index="1" bw="38" slack="0"/>
<pin id="3997" dir="1" index="2" bw="50" slack="1"/>
</pin_list>
<bind>
<opcode="add(8) " fcode="add"/>
<opset="add_ln50_13/3 "/>
</bind>
</comp>

<comp id="4000" class="1004" name="tmp_90_fu_4000">
<pin_list>
<pin id="4001" dir="0" index="0" bw="36" slack="0"/>
<pin id="4002" dir="0" index="1" bw="32" slack="2"/>
<pin id="4003" dir="0" index="2" bw="1" slack="0"/>
<pin id="4004" dir="1" index="3" bw="36" slack="0"/>
</pin_list>
<bind>
<opcode="bitconcatenate(1004) " fcode="bitconcatenate"/>
<opset="tmp_90/4 "/>
</bind>
</comp>

<comp id="4007" class="1004" name="sext_ln50_5_fu_4007">
<pin_list>
<pin id="4008" dir="0" index="0" bw="36" slack="0"/>
<pin id="4009" dir="1" index="1" bw="50" slack="0"/>
</pin_list>
<bind>
<opcode="sext(35) " fcode="sext"/>
<opset="sext_ln50_5/4 "/>
</bind>
</comp>

<comp id="4011" class="1004" name="add_ln50_2_fu_4011">
<pin_list>
<pin id="4012" dir="0" index="0" bw="50" slack="1"/>
<pin id="4013" dir="0" index="1" bw="36" slack="0"/>
<pin id="4014" dir="1" index="2" bw="50" slack="0"/>
</pin_list>
<bind>
<opcode="add(8) " fcode="add"/>
<opset="add_ln50_2/4 "/>
</bind>
</comp>

<comp id="4016" class="1004" name="tmp_91_fu_4016">
<pin_list>
<pin id="4017" dir="0" index="0" bw="34" slack="0"/>
<pin id="4018" dir="0" index="1" bw="32" slack="2"/>
<pin id="4019" dir="0" index="2" bw="1" slack="0"/>
<pin id="4020" dir="1" index="3" bw="34" slack="0"/>
</pin_list>
<bind>
<opcode="bitconcatenate(1004) " fcode="bitconcatenate"/>
<opset="tmp_91/4 "/>
</bind>
</comp>

<comp id="4023" class="1004" name="sext_ln50_6_fu_4023">
<pin_list>
<pin id="4024" dir="0" index="0" bw="34" slack="0"/>
<pin id="4025" dir="1" index="1" bw="50" slack="0"/>
</pin_list>
<bind>
<opcode="sext(35) " fcode="sext"/>
<opset="sext_ln50_6/4 "/>
</bind>
</comp>

<comp id="4027" class="1004" name="t64_fu_4027">
<pin_list>
<pin id="4028" dir="0" index="0" bw="50" slack="0"/>
<pin id="4029" dir="0" index="1" bw="34" slack="0"/>
<pin id="4030" dir="1" index="2" bw="50" slack="0"/>
</pin_list>
<bind>
<opcode="add(8) " fcode="add"/>
<opset="t64/4 "/>
</bind>
</comp>

<comp id="4033" class="1004" name="rem_fu_4033">
<pin_list>
<pin id="4034" dir="0" index="0" bw="12" slack="0"/>
<pin id="4035" dir="0" index="1" bw="50" slack="0"/>
<pin id="4036" dir="0" index="2" bw="6" slack="0"/>
<pin id="4037" dir="0" index="3" bw="6" slack="0"/>
<pin id="4038" dir="1" index="4" bw="12" slack="1"/>
</pin_list>
<bind>
<opcode="partselect(1002) " fcode="partselect"/>
<opset="rem/4 "/>
</bind>
</comp>

<comp id="4043" class="1004" name="k_fu_4043">
<pin_list>
<pin id="4044" dir="0" index="0" bw="16" slack="0"/>
<pin id="4045" dir="0" index="1" bw="50" slack="0"/>
<pin id="4046" dir="0" index="2" bw="7" slack="0"/>
<pin id="4047" dir="0" index="3" bw="7" slack="0"/>
<pin id="4048" dir="1" index="4" bw="16" slack="2"/>
</pin_list>
<bind>
<opcode="partselect(1002) " fcode="partselect"/>
<opset="k/4 "/>
</bind>
</comp>

<comp id="4053" class="1004" name="idx_fu_4053">
<pin_list>
<pin id="4054" dir="0" index="0" bw="4" slack="0"/>
<pin id="4055" dir="0" index="1" bw="50" slack="0"/>
<pin id="4056" dir="0" index="2" bw="6" slack="0"/>
<pin id="4057" dir="0" index="3" bw="6" slack="0"/>
<pin id="4058" dir="1" index="4" bw="4" slack="0"/>
</pin_list>
<bind>
<opcode="partselect(1002) " fcode="partselect"/>
<opset="idx/4 "/>
</bind>
</comp>

<comp id="4063" class="1004" name="y0_fu_4063">
<pin_list>
<pin id="4064" dir="0" index="0" bw="17" slack="0"/>
<pin id="4065" dir="0" index="1" bw="4" slack="0"/>
<pin id="4066" dir="0" index="2" bw="17" slack="0"/>
<pin id="4067" dir="0" index="3" bw="4" slack="0"/>
<pin id="4068" dir="0" index="4" bw="17" slack="0"/>
<pin id="4069" dir="0" index="5" bw="4" slack="0"/>
<pin id="4070" dir="0" index="6" bw="17" slack="0"/>
<pin id="4071" dir="0" index="7" bw="4" slack="0"/>
<pin id="4072" dir="0" index="8" bw="17" slack="0"/>
<pin id="4073" dir="0" index="9" bw="4" slack="0"/>
<pin id="4074" dir="0" index="10" bw="17" slack="0"/>
<pin id="4075" dir="0" index="11" bw="4" slack="0"/>
<pin id="4076" dir="0" index="12" bw="17" slack="0"/>
<pin id="4077" dir="0" index="13" bw="4" slack="0"/>
<pin id="4078" dir="0" index="14" bw="17" slack="0"/>
<pin id="4079" dir="0" index="15" bw="4" slack="0"/>
<pin id="4080" dir="0" index="16" bw="17" slack="0"/>
<pin id="4081" dir="0" index="17" bw="4" slack="0"/>
<pin id="4082" dir="0" index="18" bw="17" slack="0"/>
<pin id="4083" dir="0" index="19" bw="4" slack="0"/>
<pin id="4084" dir="0" index="20" bw="17" slack="0"/>
<pin id="4085" dir="0" index="21" bw="4" slack="0"/>
<pin id="4086" dir="0" index="22" bw="17" slack="0"/>
<pin id="4087" dir="0" index="23" bw="4" slack="0"/>
<pin id="4088" dir="0" index="24" bw="17" slack="0"/>
<pin id="4089" dir="0" index="25" bw="4" slack="0"/>
<pin id="4090" dir="0" index="26" bw="17" slack="0"/>
<pin id="4091" dir="0" index="27" bw="4" slack="0"/>
<pin id="4092" dir="0" index="28" bw="17" slack="0"/>
<pin id="4093" dir="0" index="29" bw="4" slack="0"/>
<pin id="4094" dir="0" index="30" bw="17" slack="0"/>
<pin id="4095" dir="0" index="31" bw="4" slack="0"/>
<pin id="4096" dir="0" index="32" bw="17" slack="0"/>
<pin id="4097" dir="0" index="33" bw="17" slack="0"/>
<pin id="4098" dir="0" index="34" bw="4" slack="0"/>
<pin id="4099" dir="1" index="35" bw="17" slack="1"/>
</pin_list>
<bind>
<opcode="sparsemux(1197) " fcode="sparsemux"/>
<opset="y0/4 "/>
</bind>
</comp>

<comp id="4135" class="1004" name="tmp_92_fu_4135">
<pin_list>
<pin id="4136" dir="0" index="0" bw="1" slack="0"/>
<pin id="4137" dir="0" index="1" bw="50" slack="0"/>
<pin id="4138" dir="0" index="2" bw="7" slack="0"/>
<pin id="4139" dir="1" index="3" bw="1" slack="2"/>
</pin_list>
<bind>
<opcode="bitselect(1000) " fcode="bitselect"/>
<opset="tmp_92/4 "/>
</bind>
</comp>

<comp id="4143" class="1004" name="tmp_93_fu_4143">
<pin_list>
<pin id="4144" dir="0" index="0" bw="12" slack="0"/>
<pin id="4145" dir="0" index="1" bw="50" slack="0"/>
<pin id="4146" dir="0" index="2" bw="7" slack="0"/>
<pin id="4147" dir="0" index="3" bw="7" slack="0"/>
<pin id="4148" dir="1" index="4" bw="12" slack="0"/>
</pin_list>
<bind>
<opcode="partselect(1002) " fcode="partselect"/>
<opset="tmp_93/4 "/>
</bind>
</comp>

<comp id="4153" class="1004" name="icmp_ln69_fu_4153">
<pin_list>
<pin id="4154" dir="0" index="0" bw="12" slack="0"/>
<pin id="4155" dir="0" index="1" bw="12" slack="0"/>
<pin id="4156" dir="1" index="2" bw="1" slack="2"/>
</pin_list>
<bind>
<opcode="icmp(45) " fcode="icmp"/>
<opset="icmp_ln69/4 "/>
</bind>
</comp>

<comp id="4159" class="1004" name="tmp_100_fu_4159">
<pin_list>
<pin id="4160" dir="0" index="0" bw="36" slack="0"/>
<pin id="4161" dir="0" index="1" bw="32" slack="2"/>
<pin id="4162" dir="0" index="2" bw="1" slack="0"/>
<pin id="4163" dir="1" index="3" bw="36" slack="0"/>
</pin_list>
<bind>
<opcode="bitconcatenate(1004) " fcode="bitconcatenate"/>
<opset="tmp_100/4 "/>
</bind>
</comp>

<comp id="4166" class="1004" name="sext_ln50_12_fu_4166">
<pin_list>
<pin id="4167" dir="0" index="0" bw="36" slack="0"/>
<pin id="4168" dir="1" index="1" bw="50" slack="0"/>
</pin_list>
<bind>
<opcode="sext(35) " fcode="sext"/>
<opset="sext_ln50_12/4 "/>
</bind>
</comp>

<comp id="4170" class="1004" name="add_ln50_6_fu_4170">
<pin_list>
<pin id="4171" dir="0" index="0" bw="50" slack="1"/>
<pin id="4172" dir="0" index="1" bw="36" slack="0"/>
<pin id="4173" dir="1" index="2" bw="50" slack="0"/>
</pin_list>
<bind>
<opcode="add(8) " fcode="add"/>
<opset="add_ln50_6/4 "/>
</bind>
</comp>

<comp id="4175" class="1004" name="tmp_101_fu_4175">
<pin_list>
<pin id="4176" dir="0" index="0" bw="34" slack="0"/>
<pin id="4177" dir="0" index="1" bw="32" slack="2"/>
<pin id="4178" dir="0" index="2" bw="1" slack="0"/>
<pin id="4179" dir="1" index="3" bw="34" slack="0"/>
</pin_list>
<bind>
<opcode="bitconcatenate(1004) " fcode="bitconcatenate"/>
<opset="tmp_101/4 "/>
</bind>
</comp>

<comp id="4182" class="1004" name="sext_ln50_13_fu_4182">
<pin_list>
<pin id="4183" dir="0" index="0" bw="34" slack="0"/>
<pin id="4184" dir="1" index="1" bw="50" slack="0"/>
</pin_list>
<bind>
<opcode="sext(35) " fcode="sext"/>
<opset="sext_ln50_13/4 "/>
</bind>
</comp>

<comp id="4186" class="1004" name="t64_1_fu_4186">
<pin_list>
<pin id="4187" dir="0" index="0" bw="50" slack="0"/>
<pin id="4188" dir="0" index="1" bw="34" slack="0"/>
<pin id="4189" dir="1" index="2" bw="50" slack="0"/>
</pin_list>
<bind>
<opcode="add(8) " fcode="add"/>
<opset="t64_1/4 "/>
</bind>
</comp>

<comp id="4192" class="1004" name="rem_1_fu_4192">
<pin_list>
<pin id="4193" dir="0" index="0" bw="12" slack="0"/>
<pin id="4194" dir="0" index="1" bw="50" slack="0"/>
<pin id="4195" dir="0" index="2" bw="6" slack="0"/>
<pin id="4196" dir="0" index="3" bw="6" slack="0"/>
<pin id="4197" dir="1" index="4" bw="12" slack="1"/>
</pin_list>
<bind>
<opcode="partselect(1002) " fcode="partselect"/>
<opset="rem_1/4 "/>
</bind>
</comp>

<comp id="4202" class="1004" name="k_1_fu_4202">
<pin_list>
<pin id="4203" dir="0" index="0" bw="16" slack="0"/>
<pin id="4204" dir="0" index="1" bw="50" slack="0"/>
<pin id="4205" dir="0" index="2" bw="7" slack="0"/>
<pin id="4206" dir="0" index="3" bw="7" slack="0"/>
<pin id="4207" dir="1" index="4" bw="16" slack="2"/>
</pin_list>
<bind>
<opcode="partselect(1002) " fcode="partselect"/>
<opset="k_1/4 "/>
</bind>
</comp>

<comp id="4212" class="1004" name="idx_1_fu_4212">
<pin_list>
<pin id="4213" dir="0" index="0" bw="4" slack="0"/>
<pin id="4214" dir="0" index="1" bw="50" slack="0"/>
<pin id="4215" dir="0" index="2" bw="6" slack="0"/>
<pin id="4216" dir="0" index="3" bw="6" slack="0"/>
<pin id="4217" dir="1" index="4" bw="4" slack="0"/>
</pin_list>
<bind>
<opcode="partselect(1002) " fcode="partselect"/>
<opset="idx_1/4 "/>
</bind>
</comp>

<comp id="4222" class="1004" name="y0_1_fu_4222">
<pin_list>
<pin id="4223" dir="0" index="0" bw="17" slack="0"/>
<pin id="4224" dir="0" index="1" bw="4" slack="0"/>
<pin id="4225" dir="0" index="2" bw="17" slack="0"/>
<pin id="4226" dir="0" index="3" bw="4" slack="0"/>
<pin id="4227" dir="0" index="4" bw="17" slack="0"/>
<pin id="4228" dir="0" index="5" bw="4" slack="0"/>
<pin id="4229" dir="0" index="6" bw="17" slack="0"/>
<pin id="4230" dir="0" index="7" bw="4" slack="0"/>
<pin id="4231" dir="0" index="8" bw="17" slack="0"/>
<pin id="4232" dir="0" index="9" bw="4" slack="0"/>
<pin id="4233" dir="0" index="10" bw="17" slack="0"/>
<pin id="4234" dir="0" index="11" bw="4" slack="0"/>
<pin id="4235" dir="0" index="12" bw="17" slack="0"/>
<pin id="4236" dir="0" index="13" bw="4" slack="0"/>
<pin id="4237" dir="0" index="14" bw="17" slack="0"/>
<pin id="4238" dir="0" index="15" bw="4" slack="0"/>
<pin id="4239" dir="0" index="16" bw="17" slack="0"/>
<pin id="4240" dir="0" index="17" bw="4" slack="0"/>
<pin id="4241" dir="0" index="18" bw="17" slack="0"/>
<pin id="4242" dir="0" index="19" bw="4" slack="0"/>
<pin id="4243" dir="0" index="20" bw="17" slack="0"/>
<pin id="4244" dir="0" index="21" bw="4" slack="0"/>
<pin id="4245" dir="0" index="22" bw="17" slack="0"/>
<pin id="4246" dir="0" index="23" bw="4" slack="0"/>
<pin id="4247" dir="0" index="24" bw="17" slack="0"/>
<pin id="4248" dir="0" index="25" bw="4" slack="0"/>
<pin id="4249" dir="0" index="26" bw="17" slack="0"/>
<pin id="4250" dir="0" index="27" bw="4" slack="0"/>
<pin id="4251" dir="0" index="28" bw="17" slack="0"/>
<pin id="4252" dir="0" index="29" bw="4" slack="0"/>
<pin id="4253" dir="0" index="30" bw="17" slack="0"/>
<pin id="4254" dir="0" index="31" bw="4" slack="0"/>
<pin id="4255" dir="0" index="32" bw="17" slack="0"/>
<pin id="4256" dir="0" index="33" bw="17" slack="0"/>
<pin id="4257" dir="0" index="34" bw="4" slack="0"/>
<pin id="4258" dir="1" index="35" bw="17" slack="1"/>
</pin_list>
<bind>
<opcode="sparsemux(1197) " fcode="sparsemux"/>
<opset="y0_1/4 "/>
</bind>
</comp>

<comp id="4294" class="1004" name="tmp_102_fu_4294">
<pin_list>
<pin id="4295" dir="0" index="0" bw="1" slack="0"/>
<pin id="4296" dir="0" index="1" bw="50" slack="0"/>
<pin id="4297" dir="0" index="2" bw="7" slack="0"/>
<pin id="4298" dir="1" index="3" bw="1" slack="2"/>
</pin_list>
<bind>
<opcode="bitselect(1000) " fcode="bitselect"/>
<opset="tmp_102/4 "/>
</bind>
</comp>

<comp id="4302" class="1004" name="tmp_103_fu_4302">
<pin_list>
<pin id="4303" dir="0" index="0" bw="12" slack="0"/>
<pin id="4304" dir="0" index="1" bw="50" slack="0"/>
<pin id="4305" dir="0" index="2" bw="7" slack="0"/>
<pin id="4306" dir="0" index="3" bw="7" slack="0"/>
<pin id="4307" dir="1" index="4" bw="12" slack="0"/>
</pin_list>
<bind>
<opcode="partselect(1002) " fcode="partselect"/>
<opset="tmp_103/4 "/>
</bind>
</comp>

<comp id="4312" class="1004" name="icmp_ln69_1_fu_4312">
<pin_list>
<pin id="4313" dir="0" index="0" bw="12" slack="0"/>
<pin id="4314" dir="0" index="1" bw="12" slack="0"/>
<pin id="4315" dir="1" index="2" bw="1" slack="2"/>
</pin_list>
<bind>
<opcode="icmp(45) " fcode="icmp"/>
<opset="icmp_ln69_1/4 "/>
</bind>
</comp>

<comp id="4318" class="1004" name="tmp_110_fu_4318">
<pin_list>
<pin id="4319" dir="0" index="0" bw="36" slack="0"/>
<pin id="4320" dir="0" index="1" bw="32" slack="2"/>
<pin id="4321" dir="0" index="2" bw="1" slack="0"/>
<pin id="4322" dir="1" index="3" bw="36" slack="0"/>
</pin_list>
<bind>
<opcode="bitconcatenate(1004) " fcode="bitconcatenate"/>
<opset="tmp_110/4 "/>
</bind>
</comp>

<comp id="4325" class="1004" name="sext_ln50_19_fu_4325">
<pin_list>
<pin id="4326" dir="0" index="0" bw="36" slack="0"/>
<pin id="4327" dir="1" index="1" bw="50" slack="0"/>
</pin_list>
<bind>
<opcode="sext(35) " fcode="sext"/>
<opset="sext_ln50_19/4 "/>
</bind>
</comp>

<comp id="4329" class="1004" name="add_ln50_10_fu_4329">
<pin_list>
<pin id="4330" dir="0" index="0" bw="50" slack="1"/>
<pin id="4331" dir="0" index="1" bw="36" slack="0"/>
<pin id="4332" dir="1" index="2" bw="50" slack="0"/>
</pin_list>
<bind>
<opcode="add(8) " fcode="add"/>
<opset="add_ln50_10/4 "/>
</bind>
</comp>

<comp id="4334" class="1004" name="tmp_111_fu_4334">
<pin_list>
<pin id="4335" dir="0" index="0" bw="34" slack="0"/>
<pin id="4336" dir="0" index="1" bw="32" slack="2"/>
<pin id="4337" dir="0" index="2" bw="1" slack="0"/>
<pin id="4338" dir="1" index="3" bw="34" slack="0"/>
</pin_list>
<bind>
<opcode="bitconcatenate(1004) " fcode="bitconcatenate"/>
<opset="tmp_111/4 "/>
</bind>
</comp>

<comp id="4341" class="1004" name="sext_ln50_20_fu_4341">
<pin_list>
<pin id="4342" dir="0" index="0" bw="34" slack="0"/>
<pin id="4343" dir="1" index="1" bw="50" slack="0"/>
</pin_list>
<bind>
<opcode="sext(35) " fcode="sext"/>
<opset="sext_ln50_20/4 "/>
</bind>
</comp>

<comp id="4345" class="1004" name="t64_2_fu_4345">
<pin_list>
<pin id="4346" dir="0" index="0" bw="50" slack="0"/>
<pin id="4347" dir="0" index="1" bw="34" slack="0"/>
<pin id="4348" dir="1" index="2" bw="50" slack="0"/>
</pin_list>
<bind>
<opcode="add(8) " fcode="add"/>
<opset="t64_2/4 "/>
</bind>
</comp>

<comp id="4351" class="1004" name="rem_2_fu_4351">
<pin_list>
<pin id="4352" dir="0" index="0" bw="12" slack="0"/>
<pin id="4353" dir="0" index="1" bw="50" slack="0"/>
<pin id="4354" dir="0" index="2" bw="6" slack="0"/>
<pin id="4355" dir="0" index="3" bw="6" slack="0"/>
<pin id="4356" dir="1" index="4" bw="12" slack="1"/>
</pin_list>
<bind>
<opcode="partselect(1002) " fcode="partselect"/>
<opset="rem_2/4 "/>
</bind>
</comp>

<comp id="4361" class="1004" name="k_2_fu_4361">
<pin_list>
<pin id="4362" dir="0" index="0" bw="16" slack="0"/>
<pin id="4363" dir="0" index="1" bw="50" slack="0"/>
<pin id="4364" dir="0" index="2" bw="7" slack="0"/>
<pin id="4365" dir="0" index="3" bw="7" slack="0"/>
<pin id="4366" dir="1" index="4" bw="16" slack="2"/>
</pin_list>
<bind>
<opcode="partselect(1002) " fcode="partselect"/>
<opset="k_2/4 "/>
</bind>
</comp>

<comp id="4371" class="1004" name="idx_2_fu_4371">
<pin_list>
<pin id="4372" dir="0" index="0" bw="4" slack="0"/>
<pin id="4373" dir="0" index="1" bw="50" slack="0"/>
<pin id="4374" dir="0" index="2" bw="6" slack="0"/>
<pin id="4375" dir="0" index="3" bw="6" slack="0"/>
<pin id="4376" dir="1" index="4" bw="4" slack="0"/>
</pin_list>
<bind>
<opcode="partselect(1002) " fcode="partselect"/>
<opset="idx_2/4 "/>
</bind>
</comp>

<comp id="4381" class="1004" name="y0_2_fu_4381">
<pin_list>
<pin id="4382" dir="0" index="0" bw="17" slack="0"/>
<pin id="4383" dir="0" index="1" bw="4" slack="0"/>
<pin id="4384" dir="0" index="2" bw="17" slack="0"/>
<pin id="4385" dir="0" index="3" bw="4" slack="0"/>
<pin id="4386" dir="0" index="4" bw="17" slack="0"/>
<pin id="4387" dir="0" index="5" bw="4" slack="0"/>
<pin id="4388" dir="0" index="6" bw="17" slack="0"/>
<pin id="4389" dir="0" index="7" bw="4" slack="0"/>
<pin id="4390" dir="0" index="8" bw="17" slack="0"/>
<pin id="4391" dir="0" index="9" bw="4" slack="0"/>
<pin id="4392" dir="0" index="10" bw="17" slack="0"/>
<pin id="4393" dir="0" index="11" bw="4" slack="0"/>
<pin id="4394" dir="0" index="12" bw="17" slack="0"/>
<pin id="4395" dir="0" index="13" bw="4" slack="0"/>
<pin id="4396" dir="0" index="14" bw="17" slack="0"/>
<pin id="4397" dir="0" index="15" bw="4" slack="0"/>
<pin id="4398" dir="0" index="16" bw="17" slack="0"/>
<pin id="4399" dir="0" index="17" bw="4" slack="0"/>
<pin id="4400" dir="0" index="18" bw="17" slack="0"/>
<pin id="4401" dir="0" index="19" bw="4" slack="0"/>
<pin id="4402" dir="0" index="20" bw="17" slack="0"/>
<pin id="4403" dir="0" index="21" bw="4" slack="0"/>
<pin id="4404" dir="0" index="22" bw="17" slack="0"/>
<pin id="4405" dir="0" index="23" bw="4" slack="0"/>
<pin id="4406" dir="0" index="24" bw="17" slack="0"/>
<pin id="4407" dir="0" index="25" bw="4" slack="0"/>
<pin id="4408" dir="0" index="26" bw="17" slack="0"/>
<pin id="4409" dir="0" index="27" bw="4" slack="0"/>
<pin id="4410" dir="0" index="28" bw="17" slack="0"/>
<pin id="4411" dir="0" index="29" bw="4" slack="0"/>
<pin id="4412" dir="0" index="30" bw="17" slack="0"/>
<pin id="4413" dir="0" index="31" bw="4" slack="0"/>
<pin id="4414" dir="0" index="32" bw="17" slack="0"/>
<pin id="4415" dir="0" index="33" bw="17" slack="0"/>
<pin id="4416" dir="0" index="34" bw="4" slack="0"/>
<pin id="4417" dir="1" index="35" bw="17" slack="1"/>
</pin_list>
<bind>
<opcode="sparsemux(1197) " fcode="sparsemux"/>
<opset="y0_2/4 "/>
</bind>
</comp>

<comp id="4453" class="1004" name="tmp_112_fu_4453">
<pin_list>
<pin id="4454" dir="0" index="0" bw="1" slack="0"/>
<pin id="4455" dir="0" index="1" bw="50" slack="0"/>
<pin id="4456" dir="0" index="2" bw="7" slack="0"/>
<pin id="4457" dir="1" index="3" bw="1" slack="2"/>
</pin_list>
<bind>
<opcode="bitselect(1000) " fcode="bitselect"/>
<opset="tmp_112/4 "/>
</bind>
</comp>

<comp id="4461" class="1004" name="tmp_113_fu_4461">
<pin_list>
<pin id="4462" dir="0" index="0" bw="12" slack="0"/>
<pin id="4463" dir="0" index="1" bw="50" slack="0"/>
<pin id="4464" dir="0" index="2" bw="7" slack="0"/>
<pin id="4465" dir="0" index="3" bw="7" slack="0"/>
<pin id="4466" dir="1" index="4" bw="12" slack="0"/>
</pin_list>
<bind>
<opcode="partselect(1002) " fcode="partselect"/>
<opset="tmp_113/4 "/>
</bind>
</comp>

<comp id="4471" class="1004" name="icmp_ln69_2_fu_4471">
<pin_list>
<pin id="4472" dir="0" index="0" bw="12" slack="0"/>
<pin id="4473" dir="0" index="1" bw="12" slack="0"/>
<pin id="4474" dir="1" index="2" bw="1" slack="2"/>
</pin_list>
<bind>
<opcode="icmp(45) " fcode="icmp"/>
<opset="icmp_ln69_2/4 "/>
</bind>
</comp>

<comp id="4477" class="1004" name="tmp_120_fu_4477">
<pin_list>
<pin id="4478" dir="0" index="0" bw="36" slack="0"/>
<pin id="4479" dir="0" index="1" bw="32" slack="2"/>
<pin id="4480" dir="0" index="2" bw="1" slack="0"/>
<pin id="4481" dir="1" index="3" bw="36" slack="0"/>
</pin_list>
<bind>
<opcode="bitconcatenate(1004) " fcode="bitconcatenate"/>
<opset="tmp_120/4 "/>
</bind>
</comp>

<comp id="4484" class="1004" name="sext_ln50_26_fu_4484">
<pin_list>
<pin id="4485" dir="0" index="0" bw="36" slack="0"/>
<pin id="4486" dir="1" index="1" bw="50" slack="0"/>
</pin_list>
<bind>
<opcode="sext(35) " fcode="sext"/>
<opset="sext_ln50_26/4 "/>
</bind>
</comp>

<comp id="4488" class="1004" name="add_ln50_14_fu_4488">
<pin_list>
<pin id="4489" dir="0" index="0" bw="50" slack="1"/>
<pin id="4490" dir="0" index="1" bw="36" slack="0"/>
<pin id="4491" dir="1" index="2" bw="50" slack="0"/>
</pin_list>
<bind>
<opcode="add(8) " fcode="add"/>
<opset="add_ln50_14/4 "/>
</bind>
</comp>

<comp id="4493" class="1004" name="tmp_121_fu_4493">
<pin_list>
<pin id="4494" dir="0" index="0" bw="34" slack="0"/>
<pin id="4495" dir="0" index="1" bw="32" slack="2"/>
<pin id="4496" dir="0" index="2" bw="1" slack="0"/>
<pin id="4497" dir="1" index="3" bw="34" slack="0"/>
</pin_list>
<bind>
<opcode="bitconcatenate(1004) " fcode="bitconcatenate"/>
<opset="tmp_121/4 "/>
</bind>
</comp>

<comp id="4500" class="1004" name="sext_ln50_27_fu_4500">
<pin_list>
<pin id="4501" dir="0" index="0" bw="34" slack="0"/>
<pin id="4502" dir="1" index="1" bw="50" slack="0"/>
</pin_list>
<bind>
<opcode="sext(35) " fcode="sext"/>
<opset="sext_ln50_27/4 "/>
</bind>
</comp>

<comp id="4504" class="1004" name="t64_3_fu_4504">
<pin_list>
<pin id="4505" dir="0" index="0" bw="50" slack="0"/>
<pin id="4506" dir="0" index="1" bw="34" slack="0"/>
<pin id="4507" dir="1" index="2" bw="50" slack="0"/>
</pin_list>
<bind>
<opcode="add(8) " fcode="add"/>
<opset="t64_3/4 "/>
</bind>
</comp>

<comp id="4510" class="1004" name="rem_3_fu_4510">
<pin_list>
<pin id="4511" dir="0" index="0" bw="12" slack="0"/>
<pin id="4512" dir="0" index="1" bw="50" slack="0"/>
<pin id="4513" dir="0" index="2" bw="6" slack="0"/>
<pin id="4514" dir="0" index="3" bw="6" slack="0"/>
<pin id="4515" dir="1" index="4" bw="12" slack="1"/>
</pin_list>
<bind>
<opcode="partselect(1002) " fcode="partselect"/>
<opset="rem_3/4 "/>
</bind>
</comp>

<comp id="4520" class="1004" name="k_3_fu_4520">
<pin_list>
<pin id="4521" dir="0" index="0" bw="16" slack="0"/>
<pin id="4522" dir="0" index="1" bw="50" slack="0"/>
<pin id="4523" dir="0" index="2" bw="7" slack="0"/>
<pin id="4524" dir="0" index="3" bw="7" slack="0"/>
<pin id="4525" dir="1" index="4" bw="16" slack="2"/>
</pin_list>
<bind>
<opcode="partselect(1002) " fcode="partselect"/>
<opset="k_3/4 "/>
</bind>
</comp>

<comp id="4530" class="1004" name="idx_3_fu_4530">
<pin_list>
<pin id="4531" dir="0" index="0" bw="4" slack="0"/>
<pin id="4532" dir="0" index="1" bw="50" slack="0"/>
<pin id="4533" dir="0" index="2" bw="6" slack="0"/>
<pin id="4534" dir="0" index="3" bw="6" slack="0"/>
<pin id="4535" dir="1" index="4" bw="4" slack="0"/>
</pin_list>
<bind>
<opcode="partselect(1002) " fcode="partselect"/>
<opset="idx_3/4 "/>
</bind>
</comp>

<comp id="4540" class="1004" name="y0_3_fu_4540">
<pin_list>
<pin id="4541" dir="0" index="0" bw="17" slack="0"/>
<pin id="4542" dir="0" index="1" bw="4" slack="0"/>
<pin id="4543" dir="0" index="2" bw="17" slack="0"/>
<pin id="4544" dir="0" index="3" bw="4" slack="0"/>
<pin id="4545" dir="0" index="4" bw="17" slack="0"/>
<pin id="4546" dir="0" index="5" bw="4" slack="0"/>
<pin id="4547" dir="0" index="6" bw="17" slack="0"/>
<pin id="4548" dir="0" index="7" bw="4" slack="0"/>
<pin id="4549" dir="0" index="8" bw="17" slack="0"/>
<pin id="4550" dir="0" index="9" bw="4" slack="0"/>
<pin id="4551" dir="0" index="10" bw="17" slack="0"/>
<pin id="4552" dir="0" index="11" bw="4" slack="0"/>
<pin id="4553" dir="0" index="12" bw="17" slack="0"/>
<pin id="4554" dir="0" index="13" bw="4" slack="0"/>
<pin id="4555" dir="0" index="14" bw="17" slack="0"/>
<pin id="4556" dir="0" index="15" bw="4" slack="0"/>
<pin id="4557" dir="0" index="16" bw="17" slack="0"/>
<pin id="4558" dir="0" index="17" bw="4" slack="0"/>
<pin id="4559" dir="0" index="18" bw="17" slack="0"/>
<pin id="4560" dir="0" index="19" bw="4" slack="0"/>
<pin id="4561" dir="0" index="20" bw="17" slack="0"/>
<pin id="4562" dir="0" index="21" bw="4" slack="0"/>
<pin id="4563" dir="0" index="22" bw="17" slack="0"/>
<pin id="4564" dir="0" index="23" bw="4" slack="0"/>
<pin id="4565" dir="0" index="24" bw="17" slack="0"/>
<pin id="4566" dir="0" index="25" bw="4" slack="0"/>
<pin id="4567" dir="0" index="26" bw="17" slack="0"/>
<pin id="4568" dir="0" index="27" bw="4" slack="0"/>
<pin id="4569" dir="0" index="28" bw="17" slack="0"/>
<pin id="4570" dir="0" index="29" bw="4" slack="0"/>
<pin id="4571" dir="0" index="30" bw="17" slack="0"/>
<pin id="4572" dir="0" index="31" bw="4" slack="0"/>
<pin id="4573" dir="0" index="32" bw="17" slack="0"/>
<pin id="4574" dir="0" index="33" bw="17" slack="0"/>
<pin id="4575" dir="0" index="34" bw="4" slack="0"/>
<pin id="4576" dir="1" index="35" bw="17" slack="1"/>
</pin_list>
<bind>
<opcode="sparsemux(1197) " fcode="sparsemux"/>
<opset="y0_3/4 "/>
</bind>
</comp>

<comp id="4612" class="1004" name="tmp_122_fu_4612">
<pin_list>
<pin id="4613" dir="0" index="0" bw="1" slack="0"/>
<pin id="4614" dir="0" index="1" bw="50" slack="0"/>
<pin id="4615" dir="0" index="2" bw="7" slack="0"/>
<pin id="4616" dir="1" index="3" bw="1" slack="2"/>
</pin_list>
<bind>
<opcode="bitselect(1000) " fcode="bitselect"/>
<opset="tmp_122/4 "/>
</bind>
</comp>

<comp id="4620" class="1004" name="tmp_123_fu_4620">
<pin_list>
<pin id="4621" dir="0" index="0" bw="12" slack="0"/>
<pin id="4622" dir="0" index="1" bw="50" slack="0"/>
<pin id="4623" dir="0" index="2" bw="7" slack="0"/>
<pin id="4624" dir="0" index="3" bw="7" slack="0"/>
<pin id="4625" dir="1" index="4" bw="12" slack="0"/>
</pin_list>
<bind>
<opcode="partselect(1002) " fcode="partselect"/>
<opset="tmp_123/4 "/>
</bind>
</comp>

<comp id="4630" class="1004" name="icmp_ln69_3_fu_4630">
<pin_list>
<pin id="4631" dir="0" index="0" bw="12" slack="0"/>
<pin id="4632" dir="0" index="1" bw="12" slack="0"/>
<pin id="4633" dir="1" index="2" bw="1" slack="2"/>
</pin_list>
<bind>
<opcode="icmp(45) " fcode="icmp"/>
<opset="icmp_ln69_3/4 "/>
</bind>
</comp>

<comp id="4636" class="1004" name="y1_fu_4636">
<pin_list>
<pin id="4637" dir="0" index="0" bw="18" slack="0"/>
<pin id="4638" dir="0" index="1" bw="4" slack="0"/>
<pin id="4639" dir="0" index="2" bw="18" slack="0"/>
<pin id="4640" dir="0" index="3" bw="4" slack="0"/>
<pin id="4641" dir="0" index="4" bw="18" slack="0"/>
<pin id="4642" dir="0" index="5" bw="4" slack="0"/>
<pin id="4643" dir="0" index="6" bw="18" slack="0"/>
<pin id="4644" dir="0" index="7" bw="4" slack="0"/>
<pin id="4645" dir="0" index="8" bw="18" slack="0"/>
<pin id="4646" dir="0" index="9" bw="4" slack="0"/>
<pin id="4647" dir="0" index="10" bw="18" slack="0"/>
<pin id="4648" dir="0" index="11" bw="4" slack="0"/>
<pin id="4649" dir="0" index="12" bw="18" slack="0"/>
<pin id="4650" dir="0" index="13" bw="4" slack="0"/>
<pin id="4651" dir="0" index="14" bw="18" slack="0"/>
<pin id="4652" dir="0" index="15" bw="4" slack="0"/>
<pin id="4653" dir="0" index="16" bw="18" slack="0"/>
<pin id="4654" dir="0" index="17" bw="4" slack="0"/>
<pin id="4655" dir="0" index="18" bw="18" slack="0"/>
<pin id="4656" dir="0" index="19" bw="4" slack="0"/>
<pin id="4657" dir="0" index="20" bw="18" slack="0"/>
<pin id="4658" dir="0" index="21" bw="4" slack="0"/>
<pin id="4659" dir="0" index="22" bw="18" slack="0"/>
<pin id="4660" dir="0" index="23" bw="4" slack="0"/>
<pin id="4661" dir="0" index="24" bw="18" slack="0"/>
<pin id="4662" dir="0" index="25" bw="4" slack="0"/>
<pin id="4663" dir="0" index="26" bw="18" slack="0"/>
<pin id="4664" dir="0" index="27" bw="4" slack="0"/>
<pin id="4665" dir="0" index="28" bw="18" slack="0"/>
<pin id="4666" dir="0" index="29" bw="4" slack="0"/>
<pin id="4667" dir="0" index="30" bw="18" slack="0"/>
<pin id="4668" dir="0" index="31" bw="4" slack="0"/>
<pin id="4669" dir="0" index="32" bw="18" slack="0"/>
<pin id="4670" dir="0" index="33" bw="18" slack="0"/>
<pin id="4671" dir="0" index="34" bw="4" slack="1"/>
<pin id="4672" dir="1" index="35" bw="18" slack="0"/>
</pin_list>
<bind>
<opcode="sparsemux(1197) " fcode="sparsemux"/>
<opset="y1/5 "/>
</bind>
</comp>

<comp id="4707" class="1004" name="zext_ln61_fu_4707">
<pin_list>
<pin id="4708" dir="0" index="0" bw="17" slack="1"/>
<pin id="4709" dir="1" index="1" bw="18" slack="0"/>
</pin_list>
<bind>
<opcode="zext(34) " fcode="zext"/>
<opset="zext_ln61/5 "/>
</bind>
</comp>

<comp id="4710" class="1004" name="dy_fu_4710">
<pin_list>
<pin id="4711" dir="0" index="0" bw="18" slack="0"/>
<pin id="4712" dir="0" index="1" bw="17" slack="0"/>
<pin id="4713" dir="1" index="2" bw="18" slack="0"/>
</pin_list>
<bind>
<opcode="sub(10) " fcode="sub"/>
<opset="dy/5 "/>
</bind>
</comp>

<comp id="4716" class="1004" name="sext_ln63_fu_4716">
<pin_list>
<pin id="4717" dir="0" index="0" bw="18" slack="0"/>
<pin id="4718" dir="1" index="1" bw="30" slack="0"/>
</pin_list>
<bind>
<opcode="sext(35) " fcode="sext"/>
<opset="sext_ln63/5 "/>
</bind>
</comp>

<comp id="4720" class="1004" name="zext_ln63_fu_4720">
<pin_list>
<pin id="4721" dir="0" index="0" bw="12" slack="1"/>
<pin id="4722" dir="1" index="1" bw="30" slack="0"/>
</pin_list>
<bind>
<opcode="zext(34) " fcode="zext"/>
<opset="zext_ln63/5 "/>
</bind>
</comp>

<comp id="4723" class="1004" name="interp_fu_4723">
<pin_list>
<pin id="4724" dir="0" index="0" bw="12" slack="0"/>
<pin id="4725" dir="0" index="1" bw="18" slack="0"/>
<pin id="4726" dir="1" index="2" bw="30" slack="0"/>
</pin_list>
<bind>
<opcode="mul(12) " fcode="mul"/>
<opset="interp/5 "/>
</bind>
</comp>

<comp id="4729" class="1004" name="trunc_ln_fu_4729">
<pin_list>
<pin id="4730" dir="0" index="0" bw="18" slack="0"/>
<pin id="4731" dir="0" index="1" bw="30" slack="0"/>
<pin id="4732" dir="0" index="2" bw="5" slack="0"/>
<pin id="4733" dir="0" index="3" bw="6" slack="0"/>
<pin id="4734" dir="1" index="4" bw="18" slack="1"/>
</pin_list>
<bind>
<opcode="partselect(1002) " fcode="partselect"/>
<opset="trunc_ln/5 "/>
</bind>
</comp>

<comp id="4739" class="1004" name="y1_1_fu_4739">
<pin_list>
<pin id="4740" dir="0" index="0" bw="18" slack="0"/>
<pin id="4741" dir="0" index="1" bw="4" slack="0"/>
<pin id="4742" dir="0" index="2" bw="18" slack="0"/>
<pin id="4743" dir="0" index="3" bw="4" slack="0"/>
<pin id="4744" dir="0" index="4" bw="18" slack="0"/>
<pin id="4745" dir="0" index="5" bw="4" slack="0"/>
<pin id="4746" dir="0" index="6" bw="18" slack="0"/>
<pin id="4747" dir="0" index="7" bw="4" slack="0"/>
<pin id="4748" dir="0" index="8" bw="18" slack="0"/>
<pin id="4749" dir="0" index="9" bw="4" slack="0"/>
<pin id="4750" dir="0" index="10" bw="18" slack="0"/>
<pin id="4751" dir="0" index="11" bw="4" slack="0"/>
<pin id="4752" dir="0" index="12" bw="18" slack="0"/>
<pin id="4753" dir="0" index="13" bw="4" slack="0"/>
<pin id="4754" dir="0" index="14" bw="18" slack="0"/>
<pin id="4755" dir="0" index="15" bw="4" slack="0"/>
<pin id="4756" dir="0" index="16" bw="18" slack="0"/>
<pin id="4757" dir="0" index="17" bw="4" slack="0"/>
<pin id="4758" dir="0" index="18" bw="18" slack="0"/>
<pin id="4759" dir="0" index="19" bw="4" slack="0"/>
<pin id="4760" dir="0" index="20" bw="18" slack="0"/>
<pin id="4761" dir="0" index="21" bw="4" slack="0"/>
<pin id="4762" dir="0" index="22" bw="18" slack="0"/>
<pin id="4763" dir="0" index="23" bw="4" slack="0"/>
<pin id="4764" dir="0" index="24" bw="18" slack="0"/>
<pin id="4765" dir="0" index="25" bw="4" slack="0"/>
<pin id="4766" dir="0" index="26" bw="18" slack="0"/>
<pin id="4767" dir="0" index="27" bw="4" slack="0"/>
<pin id="4768" dir="0" index="28" bw="18" slack="0"/>
<pin id="4769" dir="0" index="29" bw="4" slack="0"/>
<pin id="4770" dir="0" index="30" bw="18" slack="0"/>
<pin id="4771" dir="0" index="31" bw="4" slack="0"/>
<pin id="4772" dir="0" index="32" bw="18" slack="0"/>
<pin id="4773" dir="0" index="33" bw="18" slack="0"/>
<pin id="4774" dir="0" index="34" bw="4" slack="1"/>
<pin id="4775" dir="1" index="35" bw="18" slack="0"/>
</pin_list>
<bind>
<opcode="sparsemux(1197) " fcode="sparsemux"/>
<opset="y1_1/5 "/>
</bind>
</comp>

<comp id="4810" class="1004" name="zext_ln61_1_fu_4810">
<pin_list>
<pin id="4811" dir="0" index="0" bw="17" slack="1"/>
<pin id="4812" dir="1" index="1" bw="18" slack="0"/>
</pin_list>
<bind>
<opcode="zext(34) " fcode="zext"/>
<opset="zext_ln61_1/5 "/>
</bind>
</comp>

<comp id="4813" class="1004" name="dy_1_fu_4813">
<pin_list>
<pin id="4814" dir="0" index="0" bw="18" slack="0"/>
<pin id="4815" dir="0" index="1" bw="17" slack="0"/>
<pin id="4816" dir="1" index="2" bw="18" slack="0"/>
</pin_list>
<bind>
<opcode="sub(10) " fcode="sub"/>
<opset="dy_1/5 "/>
</bind>
</comp>

<comp id="4819" class="1004" name="sext_ln63_1_fu_4819">
<pin_list>
<pin id="4820" dir="0" index="0" bw="18" slack="0"/>
<pin id="4821" dir="1" index="1" bw="30" slack="0"/>
</pin_list>
<bind>
<opcode="sext(35) " fcode="sext"/>
<opset="sext_ln63_1/5 "/>
</bind>
</comp>

<comp id="4823" class="1004" name="zext_ln63_1_fu_4823">
<pin_list>
<pin id="4824" dir="0" index="0" bw="12" slack="1"/>
<pin id="4825" dir="1" index="1" bw="30" slack="0"/>
</pin_list>
<bind>
<opcode="zext(34) " fcode="zext"/>
<opset="zext_ln63_1/5 "/>
</bind>
</comp>

<comp id="4826" class="1004" name="interp_1_fu_4826">
<pin_list>
<pin id="4827" dir="0" index="0" bw="12" slack="0"/>
<pin id="4828" dir="0" index="1" bw="18" slack="0"/>
<pin id="4829" dir="1" index="2" bw="30" slack="0"/>
</pin_list>
<bind>
<opcode="mul(12) " fcode="mul"/>
<opset="interp_1/5 "/>
</bind>
</comp>

<comp id="4832" class="1004" name="trunc_ln64_1_fu_4832">
<pin_list>
<pin id="4833" dir="0" index="0" bw="18" slack="0"/>
<pin id="4834" dir="0" index="1" bw="30" slack="0"/>
<pin id="4835" dir="0" index="2" bw="5" slack="0"/>
<pin id="4836" dir="0" index="3" bw="6" slack="0"/>
<pin id="4837" dir="1" index="4" bw="18" slack="1"/>
</pin_list>
<bind>
<opcode="partselect(1002) " fcode="partselect"/>
<opset="trunc_ln64_1/5 "/>
</bind>
</comp>

<comp id="4842" class="1004" name="y1_2_fu_4842">
<pin_list>
<pin id="4843" dir="0" index="0" bw="18" slack="0"/>
<pin id="4844" dir="0" index="1" bw="4" slack="0"/>
<pin id="4845" dir="0" index="2" bw="18" slack="0"/>
<pin id="4846" dir="0" index="3" bw="4" slack="0"/>
<pin id="4847" dir="0" index="4" bw="18" slack="0"/>
<pin id="4848" dir="0" index="5" bw="4" slack="0"/>
<pin id="4849" dir="0" index="6" bw="18" slack="0"/>
<pin id="4850" dir="0" index="7" bw="4" slack="0"/>
<pin id="4851" dir="0" index="8" bw="18" slack="0"/>
<pin id="4852" dir="0" index="9" bw="4" slack="0"/>
<pin id="4853" dir="0" index="10" bw="18" slack="0"/>
<pin id="4854" dir="0" index="11" bw="4" slack="0"/>
<pin id="4855" dir="0" index="12" bw="18" slack="0"/>
<pin id="4856" dir="0" index="13" bw="4" slack="0"/>
<pin id="4857" dir="0" index="14" bw="18" slack="0"/>
<pin id="4858" dir="0" index="15" bw="4" slack="0"/>
<pin id="4859" dir="0" index="16" bw="18" slack="0"/>
<pin id="4860" dir="0" index="17" bw="4" slack="0"/>
<pin id="4861" dir="0" index="18" bw="18" slack="0"/>
<pin id="4862" dir="0" index="19" bw="4" slack="0"/>
<pin id="4863" dir="0" index="20" bw="18" slack="0"/>
<pin id="4864" dir="0" index="21" bw="4" slack="0"/>
<pin id="4865" dir="0" index="22" bw="18" slack="0"/>
<pin id="4866" dir="0" index="23" bw="4" slack="0"/>
<pin id="4867" dir="0" index="24" bw="18" slack="0"/>
<pin id="4868" dir="0" index="25" bw="4" slack="0"/>
<pin id="4869" dir="0" index="26" bw="18" slack="0"/>
<pin id="4870" dir="0" index="27" bw="4" slack="0"/>
<pin id="4871" dir="0" index="28" bw="18" slack="0"/>
<pin id="4872" dir="0" index="29" bw="4" slack="0"/>
<pin id="4873" dir="0" index="30" bw="18" slack="0"/>
<pin id="4874" dir="0" index="31" bw="4" slack="0"/>
<pin id="4875" dir="0" index="32" bw="18" slack="0"/>
<pin id="4876" dir="0" index="33" bw="18" slack="0"/>
<pin id="4877" dir="0" index="34" bw="4" slack="1"/>
<pin id="4878" dir="1" index="35" bw="18" slack="0"/>
</pin_list>
<bind>
<opcode="sparsemux(1197) " fcode="sparsemux"/>
<opset="y1_2/5 "/>
</bind>
</comp>

<comp id="4913" class="1004" name="zext_ln61_2_fu_4913">
<pin_list>
<pin id="4914" dir="0" index="0" bw="17" slack="1"/>
<pin id="4915" dir="1" index="1" bw="18" slack="0"/>
</pin_list>
<bind>
<opcode="zext(34) " fcode="zext"/>
<opset="zext_ln61_2/5 "/>
</bind>
</comp>

<comp id="4916" class="1004" name="dy_2_fu_4916">
<pin_list>
<pin id="4917" dir="0" index="0" bw="18" slack="0"/>
<pin id="4918" dir="0" index="1" bw="17" slack="0"/>
<pin id="4919" dir="1" index="2" bw="18" slack="0"/>
</pin_list>
<bind>
<opcode="sub(10) " fcode="sub"/>
<opset="dy_2/5 "/>
</bind>
</comp>

<comp id="4922" class="1004" name="sext_ln63_2_fu_4922">
<pin_list>
<pin id="4923" dir="0" index="0" bw="18" slack="0"/>
<pin id="4924" dir="1" index="1" bw="30" slack="0"/>
</pin_list>
<bind>
<opcode="sext(35) " fcode="sext"/>
<opset="sext_ln63_2/5 "/>
</bind>
</comp>

<comp id="4926" class="1004" name="zext_ln63_2_fu_4926">
<pin_list>
<pin id="4927" dir="0" index="0" bw="12" slack="1"/>
<pin id="4928" dir="1" index="1" bw="30" slack="0"/>
</pin_list>
<bind>
<opcode="zext(34) " fcode="zext"/>
<opset="zext_ln63_2/5 "/>
</bind>
</comp>

<comp id="4929" class="1004" name="interp_2_fu_4929">
<pin_list>
<pin id="4930" dir="0" index="0" bw="12" slack="0"/>
<pin id="4931" dir="0" index="1" bw="18" slack="0"/>
<pin id="4932" dir="1" index="2" bw="30" slack="0"/>
</pin_list>
<bind>
<opcode="mul(12) " fcode="mul"/>
<opset="interp_2/5 "/>
</bind>
</comp>

<comp id="4935" class="1004" name="trunc_ln64_2_fu_4935">
<pin_list>
<pin id="4936" dir="0" index="0" bw="18" slack="0"/>
<pin id="4937" dir="0" index="1" bw="30" slack="0"/>
<pin id="4938" dir="0" index="2" bw="5" slack="0"/>
<pin id="4939" dir="0" index="3" bw="6" slack="0"/>
<pin id="4940" dir="1" index="4" bw="18" slack="1"/>
</pin_list>
<bind>
<opcode="partselect(1002) " fcode="partselect"/>
<opset="trunc_ln64_2/5 "/>
</bind>
</comp>

<comp id="4945" class="1004" name="y1_3_fu_4945">
<pin_list>
<pin id="4946" dir="0" index="0" bw="18" slack="0"/>
<pin id="4947" dir="0" index="1" bw="4" slack="0"/>
<pin id="4948" dir="0" index="2" bw="18" slack="0"/>
<pin id="4949" dir="0" index="3" bw="4" slack="0"/>
<pin id="4950" dir="0" index="4" bw="18" slack="0"/>
<pin id="4951" dir="0" index="5" bw="4" slack="0"/>
<pin id="4952" dir="0" index="6" bw="18" slack="0"/>
<pin id="4953" dir="0" index="7" bw="4" slack="0"/>
<pin id="4954" dir="0" index="8" bw="18" slack="0"/>
<pin id="4955" dir="0" index="9" bw="4" slack="0"/>
<pin id="4956" dir="0" index="10" bw="18" slack="0"/>
<pin id="4957" dir="0" index="11" bw="4" slack="0"/>
<pin id="4958" dir="0" index="12" bw="18" slack="0"/>
<pin id="4959" dir="0" index="13" bw="4" slack="0"/>
<pin id="4960" dir="0" index="14" bw="18" slack="0"/>
<pin id="4961" dir="0" index="15" bw="4" slack="0"/>
<pin id="4962" dir="0" index="16" bw="18" slack="0"/>
<pin id="4963" dir="0" index="17" bw="4" slack="0"/>
<pin id="4964" dir="0" index="18" bw="18" slack="0"/>
<pin id="4965" dir="0" index="19" bw="4" slack="0"/>
<pin id="4966" dir="0" index="20" bw="18" slack="0"/>
<pin id="4967" dir="0" index="21" bw="4" slack="0"/>
<pin id="4968" dir="0" index="22" bw="18" slack="0"/>
<pin id="4969" dir="0" index="23" bw="4" slack="0"/>
<pin id="4970" dir="0" index="24" bw="18" slack="0"/>
<pin id="4971" dir="0" index="25" bw="4" slack="0"/>
<pin id="4972" dir="0" index="26" bw="18" slack="0"/>
<pin id="4973" dir="0" index="27" bw="4" slack="0"/>
<pin id="4974" dir="0" index="28" bw="18" slack="0"/>
<pin id="4975" dir="0" index="29" bw="4" slack="0"/>
<pin id="4976" dir="0" index="30" bw="18" slack="0"/>
<pin id="4977" dir="0" index="31" bw="4" slack="0"/>
<pin id="4978" dir="0" index="32" bw="18" slack="0"/>
<pin id="4979" dir="0" index="33" bw="18" slack="0"/>
<pin id="4980" dir="0" index="34" bw="4" slack="1"/>
<pin id="4981" dir="1" index="35" bw="18" slack="0"/>
</pin_list>
<bind>
<opcode="sparsemux(1197) " fcode="sparsemux"/>
<opset="y1_3/5 "/>
</bind>
</comp>

<comp id="5016" class="1004" name="zext_ln61_3_fu_5016">
<pin_list>
<pin id="5017" dir="0" index="0" bw="17" slack="1"/>
<pin id="5018" dir="1" index="1" bw="18" slack="0"/>
</pin_list>
<bind>
<opcode="zext(34) " fcode="zext"/>
<opset="zext_ln61_3/5 "/>
</bind>
</comp>

<comp id="5019" class="1004" name="dy_3_fu_5019">
<pin_list>
<pin id="5020" dir="0" index="0" bw="18" slack="0"/>
<pin id="5021" dir="0" index="1" bw="17" slack="0"/>
<pin id="5022" dir="1" index="2" bw="18" slack="0"/>
</pin_list>
<bind>
<opcode="sub(10) " fcode="sub"/>
<opset="dy_3/5 "/>
</bind>
</comp>

<comp id="5025" class="1004" name="sext_ln63_3_fu_5025">
<pin_list>
<pin id="5026" dir="0" index="0" bw="18" slack="0"/>
<pin id="5027" dir="1" index="1" bw="30" slack="0"/>
</pin_list>
<bind>
<opcode="sext(35) " fcode="sext"/>
<opset="sext_ln63_3/5 "/>
</bind>
</comp>

<comp id="5029" class="1004" name="zext_ln63_3_fu_5029">
<pin_list>
<pin id="5030" dir="0" index="0" bw="12" slack="1"/>
<pin id="5031" dir="1" index="1" bw="30" slack="0"/>
</pin_list>
<bind>
<opcode="zext(34) " fcode="zext"/>
<opset="zext_ln63_3/5 "/>
</bind>
</comp>

<comp id="5032" class="1004" name="interp_3_fu_5032">
<pin_list>
<pin id="5033" dir="0" index="0" bw="12" slack="0"/>
<pin id="5034" dir="0" index="1" bw="18" slack="0"/>
<pin id="5035" dir="1" index="2" bw="30" slack="0"/>
</pin_list>
<bind>
<opcode="mul(12) " fcode="mul"/>
<opset="interp_3/5 "/>
</bind>
</comp>

<comp id="5038" class="1004" name="trunc_ln64_3_fu_5038">
<pin_list>
<pin id="5039" dir="0" index="0" bw="18" slack="0"/>
<pin id="5040" dir="0" index="1" bw="30" slack="0"/>
<pin id="5041" dir="0" index="2" bw="5" slack="0"/>
<pin id="5042" dir="0" index="3" bw="6" slack="0"/>
<pin id="5043" dir="1" index="4" bw="18" slack="1"/>
</pin_list>
<bind>
<opcode="partselect(1002) " fcode="partselect"/>
<opset="trunc_ln64_3/5 "/>
</bind>
</comp>

<comp id="5048" class="1004" name="zext_ln59_fu_5048">
<pin_list>
<pin id="5049" dir="0" index="0" bw="17" slack="2"/>
<pin id="5050" dir="1" index="1" bw="19" slack="0"/>
</pin_list>
<bind>
<opcode="zext(34) " fcode="zext"/>
<opset="zext_ln59/6 "/>
</bind>
</comp>

<comp id="5051" class="1004" name="sext_ln64_fu_5051">
<pin_list>
<pin id="5052" dir="0" index="0" bw="18" slack="1"/>
<pin id="5053" dir="1" index="1" bw="19" slack="0"/>
</pin_list>
<bind>
<opcode="sext(35) " fcode="sext"/>
<opset="sext_ln64/6 "/>
</bind>
</comp>

<comp id="5054" class="1004" name="y_frac_fu_5054">
<pin_list>
<pin id="5055" dir="0" index="0" bw="18" slack="0"/>
<pin id="5056" dir="0" index="1" bw="17" slack="0"/>
<pin id="5057" dir="1" index="2" bw="19" slack="0"/>
</pin_list>
<bind>
<opcode="add(8) " fcode="add"/>
<opset="y_frac/6 "/>
</bind>
</comp>

<comp id="5060" class="1004" name="sext_ln64_1_fu_5060">
<pin_list>
<pin id="5061" dir="0" index="0" bw="19" slack="0"/>
<pin id="5062" dir="1" index="1" bw="32" slack="0"/>
</pin_list>
<bind>
<opcode="sext(35) " fcode="sext"/>
<opset="sext_ln64_1/6 "/>
</bind>
</comp>

<comp id="5064" class="1004" name="xor_ln67_fu_5064">
<pin_list>
<pin id="5065" dir="0" index="0" bw="1" slack="2"/>
<pin id="5066" dir="0" index="1" bw="1" slack="0"/>
<pin id="5067" dir="1" index="2" bw="1" slack="0"/>
</pin_list>
<bind>
<opcode="xor(25) " fcode="xor"/>
<opset="xor_ln67/6 "/>
</bind>
</comp>

<comp id="5069" class="1004" name="trunc_ln1_fu_5069">
<pin_list>
<pin id="5070" dir="0" index="0" bw="4" slack="0"/>
<pin id="5071" dir="0" index="1" bw="50" slack="2"/>
<pin id="5072" dir="0" index="2" bw="7" slack="0"/>
<pin id="5073" dir="0" index="3" bw="7" slack="0"/>
<pin id="5074" dir="1" index="4" bw="4" slack="0"/>
</pin_list>
<bind>
<opcode="partselect(1002) " fcode="partselect"/>
<opset="trunc_ln1/6 "/>
</bind>
</comp>

<comp id="5078" class="1004" name="sh_1_fu_5078">
<pin_list>
<pin id="5079" dir="0" index="0" bw="1" slack="2"/>
<pin id="5080" dir="0" index="1" bw="4" slack="0"/>
<pin id="5081" dir="0" index="2" bw="4" slack="0"/>
<pin id="5082" dir="1" index="3" bw="4" slack="0"/>
</pin_list>
<bind>
<opcode="select(49) " fcode="select"/>
<opset="sh_1/6 "/>
</bind>
</comp>

<comp id="5085" class="1004" name="zext_ln68_fu_5085">
<pin_list>
<pin id="5086" dir="0" index="0" bw="4" slack="0"/>
<pin id="5087" dir="1" index="1" bw="32" slack="0"/>
</pin_list>
<bind>
<opcode="zext(34) " fcode="zext"/>
<opset="zext_ln68/6 "/>
</bind>
</comp>

<comp id="5089" class="1004" name="y_2_fu_5089">
<pin_list>
<pin id="5090" dir="0" index="0" bw="19" slack="0"/>
<pin id="5091" dir="0" index="1" bw="4" slack="0"/>
<pin id="5092" dir="1" index="2" bw="32" slack="0"/>
</pin_list>
<bind>
<opcode="shl(20) " fcode="shl"/>
<opset="y_2/6 "/>
</bind>
</comp>

<comp id="5095" class="1004" name="sext_ln72_fu_5095">
<pin_list>
<pin id="5096" dir="0" index="0" bw="16" slack="2"/>
<pin id="5097" dir="1" index="1" bw="17" slack="0"/>
</pin_list>
<bind>
<opcode="sext(35) " fcode="sext"/>
<opset="sext_ln72/6 "/>
</bind>
</comp>

<comp id="5098" class="1004" name="sh_2_fu_5098">
<pin_list>
<pin id="5099" dir="0" index="0" bw="1" slack="0"/>
<pin id="5100" dir="0" index="1" bw="16" slack="0"/>
<pin id="5101" dir="1" index="2" bw="17" slack="0"/>
</pin_list>
<bind>
<opcode="sub(10) " fcode="sub"/>
<opset="sh_2/6 "/>
</bind>
</comp>

<comp id="5104" class="1004" name="zext_ln72_fu_5104">
<pin_list>
<pin id="5105" dir="0" index="0" bw="17" slack="0"/>
<pin id="5106" dir="1" index="1" bw="32" slack="0"/>
</pin_list>
<bind>
<opcode="zext(34) " fcode="zext"/>
<opset="zext_ln72/6 "/>
</bind>
</comp>

<comp id="5108" class="1004" name="y_3_fu_5108">
<pin_list>
<pin id="5109" dir="0" index="0" bw="19" slack="0"/>
<pin id="5110" dir="0" index="1" bw="17" slack="0"/>
<pin id="5111" dir="1" index="2" bw="32" slack="0"/>
</pin_list>
<bind>
<opcode="lshr(21) " fcode="lshr"/>
<opset="y_3/6 "/>
</bind>
</comp>

<comp id="5114" class="1004" name="and_ln67_fu_5114">
<pin_list>
<pin id="5115" dir="0" index="0" bw="1" slack="5"/>
<pin id="5116" dir="0" index="1" bw="1" slack="0"/>
<pin id="5117" dir="1" index="2" bw="1" slack="0"/>
</pin_list>
<bind>
<opcode="and(23) " fcode="and"/>
<opset="and_ln67/6 "/>
</bind>
</comp>

<comp id="5119" class="1004" name="tmp_94_fu_5119">
<pin_list>
<pin id="5120" dir="0" index="0" bw="12" slack="0"/>
<pin id="5121" dir="0" index="1" bw="17" slack="0"/>
<pin id="5122" dir="0" index="2" bw="4" slack="0"/>
<pin id="5123" dir="0" index="3" bw="6" slack="0"/>
<pin id="5124" dir="1" index="4" bw="12" slack="0"/>
</pin_list>
<bind>
<opcode="partselect(1002) " fcode="partselect"/>
<opset="tmp_94/6 "/>
</bind>
</comp>

<comp id="5129" class="1004" name="icmp_ln73_fu_5129">
<pin_list>
<pin id="5130" dir="0" index="0" bw="12" slack="0"/>
<pin id="5131" dir="0" index="1" bw="12" slack="0"/>
<pin id="5132" dir="1" index="2" bw="1" slack="0"/>
</pin_list>
<bind>
<opcode="icmp(45) " fcode="icmp"/>
<opset="icmp_ln73/6 "/>
</bind>
</comp>

<comp id="5135" class="1004" name="and_ln73_fu_5135">
<pin_list>
<pin id="5136" dir="0" index="0" bw="1" slack="0"/>
<pin id="5137" dir="0" index="1" bw="1" slack="2"/>
<pin id="5138" dir="1" index="2" bw="1" slack="0"/>
</pin_list>
<bind>
<opcode="and(23) " fcode="and"/>
<opset="and_ln73/6 "/>
</bind>
</comp>

<comp id="5140" class="1004" name="and_ln73_1_fu_5140">
<pin_list>
<pin id="5141" dir="0" index="0" bw="1" slack="0"/>
<pin id="5142" dir="0" index="1" bw="1" slack="5"/>
<pin id="5143" dir="1" index="2" bw="1" slack="0"/>
</pin_list>
<bind>
<opcode="and(23) " fcode="and"/>
<opset="and_ln73_1/6 "/>
</bind>
</comp>

<comp id="5145" class="1004" name="sel_tmp5_fu_5145">
<pin_list>
<pin id="5146" dir="0" index="0" bw="2" slack="0"/>
<pin id="5147" dir="0" index="1" bw="1" slack="0"/>
<pin id="5148" dir="0" index="2" bw="1" slack="0"/>
<pin id="5149" dir="1" index="3" bw="2" slack="0"/>
</pin_list>
<bind>
<opcode="bitconcatenate(1004) " fcode="bitconcatenate"/>
<opset="sel_tmp5/6 "/>
</bind>
</comp>

<comp id="5153" class="1004" name="y_15_fu_5153">
<pin_list>
<pin id="5154" dir="0" index="0" bw="32" slack="0"/>
<pin id="5155" dir="0" index="1" bw="2" slack="0"/>
<pin id="5156" dir="0" index="2" bw="32" slack="0"/>
<pin id="5157" dir="0" index="3" bw="2" slack="0"/>
<pin id="5158" dir="0" index="4" bw="32" slack="0"/>
<pin id="5159" dir="0" index="5" bw="2" slack="0"/>
<pin id="5160" dir="0" index="6" bw="32" slack="0"/>
<pin id="5161" dir="0" index="7" bw="32" slack="0"/>
<pin id="5162" dir="0" index="8" bw="2" slack="0"/>
<pin id="5163" dir="1" index="9" bw="32" slack="1"/>
</pin_list>
<bind>
<opcode="sparsemux(1197) " fcode="sparsemux"/>
<opset="y_15/6 "/>
</bind>
</comp>

<comp id="5173" class="1004" name="zext_ln59_1_fu_5173">
<pin_list>
<pin id="5174" dir="0" index="0" bw="17" slack="2"/>
<pin id="5175" dir="1" index="1" bw="19" slack="0"/>
</pin_list>
<bind>
<opcode="zext(34) " fcode="zext"/>
<opset="zext_ln59_1/6 "/>
</bind>
</comp>

<comp id="5176" class="1004" name="sext_ln64_2_fu_5176">
<pin_list>
<pin id="5177" dir="0" index="0" bw="18" slack="1"/>
<pin id="5178" dir="1" index="1" bw="19" slack="0"/>
</pin_list>
<bind>
<opcode="sext(35) " fcode="sext"/>
<opset="sext_ln64_2/6 "/>
</bind>
</comp>

<comp id="5179" class="1004" name="y_frac_1_fu_5179">
<pin_list>
<pin id="5180" dir="0" index="0" bw="18" slack="0"/>
<pin id="5181" dir="0" index="1" bw="17" slack="0"/>
<pin id="5182" dir="1" index="2" bw="19" slack="0"/>
</pin_list>
<bind>
<opcode="add(8) " fcode="add"/>
<opset="y_frac_1/6 "/>
</bind>
</comp>

<comp id="5185" class="1004" name="sext_ln64_3_fu_5185">
<pin_list>
<pin id="5186" dir="0" index="0" bw="19" slack="0"/>
<pin id="5187" dir="1" index="1" bw="32" slack="0"/>
</pin_list>
<bind>
<opcode="sext(35) " fcode="sext"/>
<opset="sext_ln64_3/6 "/>
</bind>
</comp>

<comp id="5189" class="1004" name="xor_ln67_1_fu_5189">
<pin_list>
<pin id="5190" dir="0" index="0" bw="1" slack="2"/>
<pin id="5191" dir="0" index="1" bw="1" slack="0"/>
<pin id="5192" dir="1" index="2" bw="1" slack="0"/>
</pin_list>
<bind>
<opcode="xor(25) " fcode="xor"/>
<opset="xor_ln67_1/6 "/>
</bind>
</comp>

<comp id="5194" class="1004" name="trunc_ln68_1_fu_5194">
<pin_list>
<pin id="5195" dir="0" index="0" bw="4" slack="0"/>
<pin id="5196" dir="0" index="1" bw="50" slack="2"/>
<pin id="5197" dir="0" index="2" bw="7" slack="0"/>
<pin id="5198" dir="0" index="3" bw="7" slack="0"/>
<pin id="5199" dir="1" index="4" bw="4" slack="0"/>
</pin_list>
<bind>
<opcode="partselect(1002) " fcode="partselect"/>
<opset="trunc_ln68_1/6 "/>
</bind>
</comp>

<comp id="5203" class="1004" name="sh_4_fu_5203">
<pin_list>
<pin id="5204" dir="0" index="0" bw="1" slack="2"/>
<pin id="5205" dir="0" index="1" bw="4" slack="0"/>
<pin id="5206" dir="0" index="2" bw="4" slack="0"/>
<pin id="5207" dir="1" index="3" bw="4" slack="0"/>
</pin_list>
<bind>
<opcode="select(49) " fcode="select"/>
<opset="sh_4/6 "/>
</bind>
</comp>

<comp id="5210" class="1004" name="zext_ln68_1_fu_5210">
<pin_list>
<pin id="5211" dir="0" index="0" bw="4" slack="0"/>
<pin id="5212" dir="1" index="1" bw="32" slack="0"/>
</pin_list>
<bind>
<opcode="zext(34) " fcode="zext"/>
<opset="zext_ln68_1/6 "/>
</bind>
</comp>

<comp id="5214" class="1004" name="y_6_fu_5214">
<pin_list>
<pin id="5215" dir="0" index="0" bw="19" slack="0"/>
<pin id="5216" dir="0" index="1" bw="4" slack="0"/>
<pin id="5217" dir="1" index="2" bw="32" slack="0"/>
</pin_list>
<bind>
<opcode="shl(20) " fcode="shl"/>
<opset="y_6/6 "/>
</bind>
</comp>

<comp id="5220" class="1004" name="sext_ln72_1_fu_5220">
<pin_list>
<pin id="5221" dir="0" index="0" bw="16" slack="2"/>
<pin id="5222" dir="1" index="1" bw="17" slack="0"/>
</pin_list>
<bind>
<opcode="sext(35) " fcode="sext"/>
<opset="sext_ln72_1/6 "/>
</bind>
</comp>

<comp id="5223" class="1004" name="sh_5_fu_5223">
<pin_list>
<pin id="5224" dir="0" index="0" bw="1" slack="0"/>
<pin id="5225" dir="0" index="1" bw="16" slack="0"/>
<pin id="5226" dir="1" index="2" bw="17" slack="0"/>
</pin_list>
<bind>
<opcode="sub(10) " fcode="sub"/>
<opset="sh_5/6 "/>
</bind>
</comp>

<comp id="5229" class="1004" name="zext_ln72_1_fu_5229">
<pin_list>
<pin id="5230" dir="0" index="0" bw="17" slack="0"/>
<pin id="5231" dir="1" index="1" bw="32" slack="0"/>
</pin_list>
<bind>
<opcode="zext(34) " fcode="zext"/>
<opset="zext_ln72_1/6 "/>
</bind>
</comp>

<comp id="5233" class="1004" name="tmp_104_fu_5233">
<pin_list>
<pin id="5234" dir="0" index="0" bw="12" slack="0"/>
<pin id="5235" dir="0" index="1" bw="17" slack="0"/>
<pin id="5236" dir="0" index="2" bw="4" slack="0"/>
<pin id="5237" dir="0" index="3" bw="6" slack="0"/>
<pin id="5238" dir="1" index="4" bw="12" slack="0"/>
</pin_list>
<bind>
<opcode="partselect(1002) " fcode="partselect"/>
<opset="tmp_104/6 "/>
</bind>
</comp>

<comp id="5243" class="1004" name="icmp_ln73_1_fu_5243">
<pin_list>
<pin id="5244" dir="0" index="0" bw="12" slack="0"/>
<pin id="5245" dir="0" index="1" bw="12" slack="0"/>
<pin id="5246" dir="1" index="2" bw="1" slack="0"/>
</pin_list>
<bind>
<opcode="icmp(45) " fcode="icmp"/>
<opset="icmp_ln73_1/6 "/>
</bind>
</comp>

<comp id="5249" class="1004" name="y_7_fu_5249">
<pin_list>
<pin id="5250" dir="0" index="0" bw="19" slack="0"/>
<pin id="5251" dir="0" index="1" bw="17" slack="0"/>
<pin id="5252" dir="1" index="2" bw="32" slack="0"/>
</pin_list>
<bind>
<opcode="lshr(21) " fcode="lshr"/>
<opset="y_7/6 "/>
</bind>
</comp>

<comp id="5255" class="1004" name="and_ln73_2_fu_5255">
<pin_list>
<pin id="5256" dir="0" index="0" bw="1" slack="0"/>
<pin id="5257" dir="0" index="1" bw="1" slack="2"/>
<pin id="5258" dir="1" index="2" bw="1" slack="0"/>
</pin_list>
<bind>
<opcode="and(23) " fcode="and"/>
<opset="and_ln73_2/6 "/>
</bind>
</comp>

<comp id="5260" class="1004" name="sel_tmp_fu_5260">
<pin_list>
<pin id="5261" dir="0" index="0" bw="2" slack="0"/>
<pin id="5262" dir="0" index="1" bw="1" slack="0"/>
<pin id="5263" dir="0" index="2" bw="1" slack="0"/>
<pin id="5264" dir="1" index="3" bw="2" slack="0"/>
</pin_list>
<bind>
<opcode="bitconcatenate(1004) " fcode="bitconcatenate"/>
<opset="sel_tmp/6 "/>
</bind>
</comp>

<comp id="5268" class="1004" name="y_16_fu_5268">
<pin_list>
<pin id="5269" dir="0" index="0" bw="32" slack="0"/>
<pin id="5270" dir="0" index="1" bw="2" slack="0"/>
<pin id="5271" dir="0" index="2" bw="32" slack="0"/>
<pin id="5272" dir="0" index="3" bw="2" slack="0"/>
<pin id="5273" dir="0" index="4" bw="32" slack="0"/>
<pin id="5274" dir="0" index="5" bw="2" slack="0"/>
<pin id="5275" dir="0" index="6" bw="32" slack="0"/>
<pin id="5276" dir="0" index="7" bw="32" slack="0"/>
<pin id="5277" dir="0" index="8" bw="2" slack="0"/>
<pin id="5278" dir="1" index="9" bw="32" slack="0"/>
</pin_list>
<bind>
<opcode="sparsemux(1197) " fcode="sparsemux"/>
<opset="y_16/6 "/>
</bind>
</comp>

<comp id="5288" class="1004" name="pkt_v1_2_fu_5288">
<pin_list>
<pin id="5289" dir="0" index="0" bw="1" slack="5"/>
<pin id="5290" dir="0" index="1" bw="32" slack="0"/>
<pin id="5291" dir="0" index="2" bw="32" slack="0"/>
<pin id="5292" dir="1" index="3" bw="32" slack="1"/>
</pin_list>
<bind>
<opcode="select(49) " fcode="select"/>
<opset="pkt_v1_2/6 "/>
</bind>
</comp>

<comp id="5295" class="1004" name="zext_ln59_2_fu_5295">
<pin_list>
<pin id="5296" dir="0" index="0" bw="17" slack="2"/>
<pin id="5297" dir="1" index="1" bw="19" slack="0"/>
</pin_list>
<bind>
<opcode="zext(34) " fcode="zext"/>
<opset="zext_ln59_2/6 "/>
</bind>
</comp>

<comp id="5298" class="1004" name="sext_ln64_4_fu_5298">
<pin_list>
<pin id="5299" dir="0" index="0" bw="18" slack="1"/>
<pin id="5300" dir="1" index="1" bw="19" slack="0"/>
</pin_list>
<bind>
<opcode="sext(35) " fcode="sext"/>
<opset="sext_ln64_4/6 "/>
</bind>
</comp>

<comp id="5301" class="1004" name="y_frac_2_fu_5301">
<pin_list>
<pin id="5302" dir="0" index="0" bw="18" slack="0"/>
<pin id="5303" dir="0" index="1" bw="17" slack="0"/>
<pin id="5304" dir="1" index="2" bw="19" slack="0"/>
</pin_list>
<bind>
<opcode="add(8) " fcode="add"/>
<opset="y_frac_2/6 "/>
</bind>
</comp>

<comp id="5307" class="1004" name="sext_ln64_5_fu_5307">
<pin_list>
<pin id="5308" dir="0" index="0" bw="19" slack="0"/>
<pin id="5309" dir="1" index="1" bw="32" slack="0"/>
</pin_list>
<bind>
<opcode="sext(35) " fcode="sext"/>
<opset="sext_ln64_5/6 "/>
</bind>
</comp>

<comp id="5311" class="1004" name="xor_ln67_2_fu_5311">
<pin_list>
<pin id="5312" dir="0" index="0" bw="1" slack="2"/>
<pin id="5313" dir="0" index="1" bw="1" slack="0"/>
<pin id="5314" dir="1" index="2" bw="1" slack="0"/>
</pin_list>
<bind>
<opcode="xor(25) " fcode="xor"/>
<opset="xor_ln67_2/6 "/>
</bind>
</comp>

<comp id="5316" class="1004" name="trunc_ln68_2_fu_5316">
<pin_list>
<pin id="5317" dir="0" index="0" bw="4" slack="0"/>
<pin id="5318" dir="0" index="1" bw="50" slack="2"/>
<pin id="5319" dir="0" index="2" bw="7" slack="0"/>
<pin id="5320" dir="0" index="3" bw="7" slack="0"/>
<pin id="5321" dir="1" index="4" bw="4" slack="0"/>
</pin_list>
<bind>
<opcode="partselect(1002) " fcode="partselect"/>
<opset="trunc_ln68_2/6 "/>
</bind>
</comp>

<comp id="5325" class="1004" name="sh_7_fu_5325">
<pin_list>
<pin id="5326" dir="0" index="0" bw="1" slack="2"/>
<pin id="5327" dir="0" index="1" bw="4" slack="0"/>
<pin id="5328" dir="0" index="2" bw="4" slack="0"/>
<pin id="5329" dir="1" index="3" bw="4" slack="0"/>
</pin_list>
<bind>
<opcode="select(49) " fcode="select"/>
<opset="sh_7/6 "/>
</bind>
</comp>

<comp id="5332" class="1004" name="zext_ln68_2_fu_5332">
<pin_list>
<pin id="5333" dir="0" index="0" bw="4" slack="0"/>
<pin id="5334" dir="1" index="1" bw="32" slack="0"/>
</pin_list>
<bind>
<opcode="zext(34) " fcode="zext"/>
<opset="zext_ln68_2/6 "/>
</bind>
</comp>

<comp id="5336" class="1004" name="y_8_fu_5336">
<pin_list>
<pin id="5337" dir="0" index="0" bw="19" slack="0"/>
<pin id="5338" dir="0" index="1" bw="4" slack="0"/>
<pin id="5339" dir="1" index="2" bw="32" slack="0"/>
</pin_list>
<bind>
<opcode="shl(20) " fcode="shl"/>
<opset="y_8/6 "/>
</bind>
</comp>

<comp id="5342" class="1004" name="sext_ln72_2_fu_5342">
<pin_list>
<pin id="5343" dir="0" index="0" bw="16" slack="2"/>
<pin id="5344" dir="1" index="1" bw="17" slack="0"/>
</pin_list>
<bind>
<opcode="sext(35) " fcode="sext"/>
<opset="sext_ln72_2/6 "/>
</bind>
</comp>

<comp id="5345" class="1004" name="sh_8_fu_5345">
<pin_list>
<pin id="5346" dir="0" index="0" bw="1" slack="0"/>
<pin id="5347" dir="0" index="1" bw="16" slack="0"/>
<pin id="5348" dir="1" index="2" bw="17" slack="0"/>
</pin_list>
<bind>
<opcode="sub(10) " fcode="sub"/>
<opset="sh_8/6 "/>
</bind>
</comp>

<comp id="5351" class="1004" name="zext_ln72_2_fu_5351">
<pin_list>
<pin id="5352" dir="0" index="0" bw="17" slack="0"/>
<pin id="5353" dir="1" index="1" bw="32" slack="0"/>
</pin_list>
<bind>
<opcode="zext(34) " fcode="zext"/>
<opset="zext_ln72_2/6 "/>
</bind>
</comp>

<comp id="5355" class="1004" name="tmp_114_fu_5355">
<pin_list>
<pin id="5356" dir="0" index="0" bw="12" slack="0"/>
<pin id="5357" dir="0" index="1" bw="17" slack="0"/>
<pin id="5358" dir="0" index="2" bw="4" slack="0"/>
<pin id="5359" dir="0" index="3" bw="6" slack="0"/>
<pin id="5360" dir="1" index="4" bw="12" slack="0"/>
</pin_list>
<bind>
<opcode="partselect(1002) " fcode="partselect"/>
<opset="tmp_114/6 "/>
</bind>
</comp>

<comp id="5365" class="1004" name="icmp_ln73_2_fu_5365">
<pin_list>
<pin id="5366" dir="0" index="0" bw="12" slack="0"/>
<pin id="5367" dir="0" index="1" bw="12" slack="0"/>
<pin id="5368" dir="1" index="2" bw="1" slack="0"/>
</pin_list>
<bind>
<opcode="icmp(45) " fcode="icmp"/>
<opset="icmp_ln73_2/6 "/>
</bind>
</comp>

<comp id="5371" class="1004" name="y_9_fu_5371">
<pin_list>
<pin id="5372" dir="0" index="0" bw="19" slack="0"/>
<pin id="5373" dir="0" index="1" bw="17" slack="0"/>
<pin id="5374" dir="1" index="2" bw="32" slack="0"/>
</pin_list>
<bind>
<opcode="lshr(21) " fcode="lshr"/>
<opset="y_9/6 "/>
</bind>
</comp>

<comp id="5377" class="1004" name="and_ln73_3_fu_5377">
<pin_list>
<pin id="5378" dir="0" index="0" bw="1" slack="0"/>
<pin id="5379" dir="0" index="1" bw="1" slack="2"/>
<pin id="5380" dir="1" index="2" bw="1" slack="0"/>
</pin_list>
<bind>
<opcode="and(23) " fcode="and"/>
<opset="and_ln73_3/6 "/>
</bind>
</comp>

<comp id="5382" class="1004" name="sel_tmp1_fu_5382">
<pin_list>
<pin id="5383" dir="0" index="0" bw="2" slack="0"/>
<pin id="5384" dir="0" index="1" bw="1" slack="0"/>
<pin id="5385" dir="0" index="2" bw="1" slack="0"/>
<pin id="5386" dir="1" index="3" bw="2" slack="0"/>
</pin_list>
<bind>
<opcode="bitconcatenate(1004) " fcode="bitconcatenate"/>
<opset="sel_tmp1/6 "/>
</bind>
</comp>

<comp id="5390" class="1004" name="y_fu_5390">
<pin_list>
<pin id="5391" dir="0" index="0" bw="32" slack="0"/>
<pin id="5392" dir="0" index="1" bw="2" slack="0"/>
<pin id="5393" dir="0" index="2" bw="32" slack="0"/>
<pin id="5394" dir="0" index="3" bw="2" slack="0"/>
<pin id="5395" dir="0" index="4" bw="32" slack="0"/>
<pin id="5396" dir="0" index="5" bw="2" slack="0"/>
<pin id="5397" dir="0" index="6" bw="32" slack="0"/>
<pin id="5398" dir="0" index="7" bw="32" slack="0"/>
<pin id="5399" dir="0" index="8" bw="2" slack="0"/>
<pin id="5400" dir="1" index="9" bw="32" slack="0"/>
</pin_list>
<bind>
<opcode="sparsemux(1197) " fcode="sparsemux"/>
<opset="y/6 "/>
</bind>
</comp>

<comp id="5410" class="1004" name="pkt_v2_2_fu_5410">
<pin_list>
<pin id="5411" dir="0" index="0" bw="1" slack="5"/>
<pin id="5412" dir="0" index="1" bw="32" slack="0"/>
<pin id="5413" dir="0" index="2" bw="32" slack="0"/>
<pin id="5414" dir="1" index="3" bw="32" slack="1"/>
</pin_list>
<bind>
<opcode="select(49) " fcode="select"/>
<opset="pkt_v2_2/6 "/>
</bind>
</comp>

<comp id="5417" class="1004" name="zext_ln59_3_fu_5417">
<pin_list>
<pin id="5418" dir="0" index="0" bw="17" slack="2"/>
<pin id="5419" dir="1" index="1" bw="19" slack="0"/>
</pin_list>
<bind>
<opcode="zext(34) " fcode="zext"/>
<opset="zext_ln59_3/6 "/>
</bind>
</comp>

<comp id="5420" class="1004" name="sext_ln64_6_fu_5420">
<pin_list>
<pin id="5421" dir="0" index="0" bw="18" slack="1"/>
<pin id="5422" dir="1" index="1" bw="19" slack="0"/>
</pin_list>
<bind>
<opcode="sext(35) " fcode="sext"/>
<opset="sext_ln64_6/6 "/>
</bind>
</comp>

<comp id="5423" class="1004" name="y_frac_3_fu_5423">
<pin_list>
<pin id="5424" dir="0" index="0" bw="18" slack="0"/>
<pin id="5425" dir="0" index="1" bw="17" slack="0"/>
<pin id="5426" dir="1" index="2" bw="19" slack="0"/>
</pin_list>
<bind>
<opcode="add(8) " fcode="add"/>
<opset="y_frac_3/6 "/>
</bind>
</comp>

<comp id="5429" class="1004" name="sext_ln64_7_fu_5429">
<pin_list>
<pin id="5430" dir="0" index="0" bw="19" slack="0"/>
<pin id="5431" dir="1" index="1" bw="32" slack="0"/>
</pin_list>
<bind>
<opcode="sext(35) " fcode="sext"/>
<opset="sext_ln64_7/6 "/>
</bind>
</comp>

<comp id="5433" class="1004" name="xor_ln67_3_fu_5433">
<pin_list>
<pin id="5434" dir="0" index="0" bw="1" slack="2"/>
<pin id="5435" dir="0" index="1" bw="1" slack="0"/>
<pin id="5436" dir="1" index="2" bw="1" slack="0"/>
</pin_list>
<bind>
<opcode="xor(25) " fcode="xor"/>
<opset="xor_ln67_3/6 "/>
</bind>
</comp>

<comp id="5438" class="1004" name="trunc_ln68_3_fu_5438">
<pin_list>
<pin id="5439" dir="0" index="0" bw="4" slack="0"/>
<pin id="5440" dir="0" index="1" bw="50" slack="2"/>
<pin id="5441" dir="0" index="2" bw="7" slack="0"/>
<pin id="5442" dir="0" index="3" bw="7" slack="0"/>
<pin id="5443" dir="1" index="4" bw="4" slack="0"/>
</pin_list>
<bind>
<opcode="partselect(1002) " fcode="partselect"/>
<opset="trunc_ln68_3/6 "/>
</bind>
</comp>

<comp id="5447" class="1004" name="sh_10_fu_5447">
<pin_list>
<pin id="5448" dir="0" index="0" bw="1" slack="2"/>
<pin id="5449" dir="0" index="1" bw="4" slack="0"/>
<pin id="5450" dir="0" index="2" bw="4" slack="0"/>
<pin id="5451" dir="1" index="3" bw="4" slack="0"/>
</pin_list>
<bind>
<opcode="select(49) " fcode="select"/>
<opset="sh_10/6 "/>
</bind>
</comp>

<comp id="5454" class="1004" name="zext_ln68_3_fu_5454">
<pin_list>
<pin id="5455" dir="0" index="0" bw="4" slack="0"/>
<pin id="5456" dir="1" index="1" bw="32" slack="0"/>
</pin_list>
<bind>
<opcode="zext(34) " fcode="zext"/>
<opset="zext_ln68_3/6 "/>
</bind>
</comp>

<comp id="5458" class="1004" name="y_12_fu_5458">
<pin_list>
<pin id="5459" dir="0" index="0" bw="19" slack="0"/>
<pin id="5460" dir="0" index="1" bw="4" slack="0"/>
<pin id="5461" dir="1" index="2" bw="32" slack="0"/>
</pin_list>
<bind>
<opcode="shl(20) " fcode="shl"/>
<opset="y_12/6 "/>
</bind>
</comp>

<comp id="5464" class="1004" name="sext_ln72_3_fu_5464">
<pin_list>
<pin id="5465" dir="0" index="0" bw="16" slack="2"/>
<pin id="5466" dir="1" index="1" bw="17" slack="0"/>
</pin_list>
<bind>
<opcode="sext(35) " fcode="sext"/>
<opset="sext_ln72_3/6 "/>
</bind>
</comp>

<comp id="5467" class="1004" name="sh_11_fu_5467">
<pin_list>
<pin id="5468" dir="0" index="0" bw="1" slack="0"/>
<pin id="5469" dir="0" index="1" bw="16" slack="0"/>
<pin id="5470" dir="1" index="2" bw="17" slack="0"/>
</pin_list>
<bind>
<opcode="sub(10) " fcode="sub"/>
<opset="sh_11/6 "/>
</bind>
</comp>

<comp id="5473" class="1004" name="zext_ln72_3_fu_5473">
<pin_list>
<pin id="5474" dir="0" index="0" bw="17" slack="0"/>
<pin id="5475" dir="1" index="1" bw="32" slack="0"/>
</pin_list>
<bind>
<opcode="zext(34) " fcode="zext"/>
<opset="zext_ln72_3/6 "/>
</bind>
</comp>

<comp id="5477" class="1004" name="tmp_124_fu_5477">
<pin_list>
<pin id="5478" dir="0" index="0" bw="12" slack="0"/>
<pin id="5479" dir="0" index="1" bw="17" slack="0"/>
<pin id="5480" dir="0" index="2" bw="4" slack="0"/>
<pin id="5481" dir="0" index="3" bw="6" slack="0"/>
<pin id="5482" dir="1" index="4" bw="12" slack="0"/>
</pin_list>
<bind>
<opcode="partselect(1002) " fcode="partselect"/>
<opset="tmp_124/6 "/>
</bind>
</comp>

<comp id="5487" class="1004" name="icmp_ln73_3_fu_5487">
<pin_list>
<pin id="5488" dir="0" index="0" bw="12" slack="0"/>
<pin id="5489" dir="0" index="1" bw="12" slack="0"/>
<pin id="5490" dir="1" index="2" bw="1" slack="0"/>
</pin_list>
<bind>
<opcode="icmp(45) " fcode="icmp"/>
<opset="icmp_ln73_3/6 "/>
</bind>
</comp>

<comp id="5493" class="1004" name="y_13_fu_5493">
<pin_list>
<pin id="5494" dir="0" index="0" bw="19" slack="0"/>
<pin id="5495" dir="0" index="1" bw="17" slack="0"/>
<pin id="5496" dir="1" index="2" bw="32" slack="0"/>
</pin_list>
<bind>
<opcode="lshr(21) " fcode="lshr"/>
<opset="y_13/6 "/>
</bind>
</comp>

<comp id="5499" class="1004" name="and_ln73_4_fu_5499">
<pin_list>
<pin id="5500" dir="0" index="0" bw="1" slack="0"/>
<pin id="5501" dir="0" index="1" bw="1" slack="2"/>
<pin id="5502" dir="1" index="2" bw="1" slack="0"/>
</pin_list>
<bind>
<opcode="and(23) " fcode="and"/>
<opset="and_ln73_4/6 "/>
</bind>
</comp>

<comp id="5504" class="1004" name="sel_tmp2_fu_5504">
<pin_list>
<pin id="5505" dir="0" index="0" bw="2" slack="0"/>
<pin id="5506" dir="0" index="1" bw="1" slack="0"/>
<pin id="5507" dir="0" index="2" bw="1" slack="0"/>
<pin id="5508" dir="1" index="3" bw="2" slack="0"/>
</pin_list>
<bind>
<opcode="bitconcatenate(1004) " fcode="bitconcatenate"/>
<opset="sel_tmp2/6 "/>
</bind>
</comp>

<comp id="5512" class="1004" name="y_17_fu_5512">
<pin_list>
<pin id="5513" dir="0" index="0" bw="32" slack="0"/>
<pin id="5514" dir="0" index="1" bw="2" slack="0"/>
<pin id="5515" dir="0" index="2" bw="32" slack="0"/>
<pin id="5516" dir="0" index="3" bw="2" slack="0"/>
<pin id="5517" dir="0" index="4" bw="32" slack="0"/>
<pin id="5518" dir="0" index="5" bw="2" slack="0"/>
<pin id="5519" dir="0" index="6" bw="32" slack="0"/>
<pin id="5520" dir="0" index="7" bw="32" slack="0"/>
<pin id="5521" dir="0" index="8" bw="2" slack="0"/>
<pin id="5522" dir="1" index="9" bw="32" slack="0"/>
</pin_list>
<bind>
<opcode="sparsemux(1197) " fcode="sparsemux"/>
<opset="y_17/6 "/>
</bind>
</comp>

<comp id="5532" class="1004" name="pkt_v3_2_fu_5532">
<pin_list>
<pin id="5533" dir="0" index="0" bw="1" slack="5"/>
<pin id="5534" dir="0" index="1" bw="32" slack="0"/>
<pin id="5535" dir="0" index="2" bw="32" slack="0"/>
<pin id="5536" dir="1" index="3" bw="32" slack="1"/>
</pin_list>
<bind>
<opcode="select(49) " fcode="select"/>
<opset="pkt_v3_2/6 "/>
</bind>
</comp>

<comp id="5539" class="1004" name="zext_ln236_fu_5539">
<pin_list>
<pin id="5540" dir="0" index="0" bw="1" slack="6"/>
<pin id="5541" dir="1" index="1" bw="2" slack="0"/>
</pin_list>
<bind>
<opcode="zext(34) " fcode="zext"/>
<opset="zext_ln236/7 "/>
</bind>
</comp>

<comp id="5542" class="1004" name="pkt_keep_7_fu_5542">
<pin_list>
<pin id="5543" dir="0" index="0" bw="2" slack="0"/>
<pin id="5544" dir="0" index="1" bw="1" slack="0"/>
<pin id="5545" dir="0" index="2" bw="1" slack="6"/>
<pin id="5546" dir="1" index="3" bw="2" slack="0"/>
</pin_list>
<bind>
<opcode="bitconcatenate(1004) " fcode="bitconcatenate"/>
<opset="pkt_keep_7/7 "/>
</bind>
</comp>

<comp id="5549" class="1004" name="pkt_keep_8_fu_5549">
<pin_list>
<pin id="5550" dir="0" index="0" bw="1" slack="6"/>
<pin id="5551" dir="0" index="1" bw="2" slack="0"/>
<pin id="5552" dir="0" index="2" bw="2" slack="0"/>
<pin id="5553" dir="1" index="3" bw="2" slack="0"/>
</pin_list>
<bind>
<opcode="select(49) " fcode="select"/>
<opset="pkt_keep_8/7 "/>
</bind>
</comp>

<comp id="5556" class="1004" name="zext_ln236_1_fu_5556">
<pin_list>
<pin id="5557" dir="0" index="0" bw="2" slack="0"/>
<pin id="5558" dir="1" index="1" bw="3" slack="0"/>
</pin_list>
<bind>
<opcode="zext(34) " fcode="zext"/>
<opset="zext_ln236_1/7 "/>
</bind>
</comp>

<comp id="5560" class="1004" name="pkt_keep_9_fu_5560">
<pin_list>
<pin id="5561" dir="0" index="0" bw="3" slack="0"/>
<pin id="5562" dir="0" index="1" bw="1" slack="0"/>
<pin id="5563" dir="0" index="2" bw="2" slack="0"/>
<pin id="5564" dir="1" index="3" bw="3" slack="0"/>
</pin_list>
<bind>
<opcode="bitconcatenate(1004) " fcode="bitconcatenate"/>
<opset="pkt_keep_9/7 "/>
</bind>
</comp>

<comp id="5568" class="1004" name="pkt_keep_2_fu_5568">
<pin_list>
<pin id="5569" dir="0" index="0" bw="1" slack="6"/>
<pin id="5570" dir="0" index="1" bw="3" slack="0"/>
<pin id="5571" dir="0" index="2" bw="3" slack="0"/>
<pin id="5572" dir="1" index="3" bw="3" slack="0"/>
</pin_list>
<bind>
<opcode="select(49) " fcode="select"/>
<opset="pkt_keep_2/7 "/>
</bind>
</comp>

<comp id="5575" class="1004" name="zext_ln236_2_fu_5575">
<pin_list>
<pin id="5576" dir="0" index="0" bw="3" slack="0"/>
<pin id="5577" dir="1" index="1" bw="4" slack="0"/>
</pin_list>
<bind>
<opcode="zext(34) " fcode="zext"/>
<opset="zext_ln236_2/7 "/>
</bind>
</comp>

<comp id="5579" class="1004" name="pkt_keep_10_fu_5579">
<pin_list>
<pin id="5580" dir="0" index="0" bw="4" slack="0"/>
<pin id="5581" dir="0" index="1" bw="3" slack="0"/>
<pin id="5582" dir="0" index="2" bw="3" slack="0"/>
<pin id="5583" dir="0" index="3" bw="1" slack="0"/>
<pin id="5584" dir="1" index="4" bw="4" slack="0"/>
</pin_list>
<bind>
<opcode="bitset(1001) " fcode="bitset"/>
<opset="pkt_keep_10/7 "/>
</bind>
</comp>

<comp id="5589" class="1004" name="pkt_keep_3_fu_5589">
<pin_list>
<pin id="5590" dir="0" index="0" bw="1" slack="6"/>
<pin id="5591" dir="0" index="1" bw="4" slack="0"/>
<pin id="5592" dir="0" index="2" bw="4" slack="0"/>
<pin id="5593" dir="1" index="3" bw="4" slack="0"/>
</pin_list>
<bind>
<opcode="select(49) " fcode="select"/>
<opset="pkt_keep_3/7 "/>
</bind>
</comp>

<comp id="5596" class="1004" name="p_0_fu_5596">
<pin_list>
<pin id="5597" dir="0" index="0" bw="132" slack="0"/>
<pin id="5598" dir="0" index="1" bw="4" slack="0"/>
<pin id="5599" dir="0" index="2" bw="32" slack="1"/>
<pin id="5600" dir="0" index="3" bw="32" slack="1"/>
<pin id="5601" dir="0" index="4" bw="32" slack="1"/>
<pin id="5602" dir="0" index="5" bw="32" slack="1"/>
<pin id="5603" dir="1" index="6" bw="132" slack="0"/>
</pin_list>
<bind>
<opcode="bitconcatenate(1004) " fcode="bitconcatenate"/>
<opset="p_0/7 "/>
</bind>
</comp>

<comp id="5607" class="1005" name="blk_reg_5607">
<pin_list>
<pin id="5608" dir="0" index="0" bw="7" slack="0"/>
<pin id="5609" dir="1" index="1" bw="7" slack="0"/>
</pin_list>
<bind>
<opset="blk "/>
</bind>
</comp>

<comp id="5614" class="1005" name="icmp_ln233_reg_5614">
<pin_list>
<pin id="5615" dir="0" index="0" bw="1" slack="5"/>
<pin id="5616" dir="1" index="1" bw="1" slack="2147483647"/>
</pin_list>
<bind>
<opset="icmp_ln233 "/>
</bind>
</comp>

<comp id="5618" class="1005" name="pkt_keep_reg_5618">
<pin_list>
<pin id="5619" dir="0" index="0" bw="1" slack="5"/>
<pin id="5620" dir="1" index="1" bw="1" slack="5"/>
</pin_list>
<bind>
<opset="pkt_keep "/>
</bind>
</comp>

<comp id="5626" class="1005" name="x_q16_reg_5626">
<pin_list>
<pin id="5627" dir="0" index="0" bw="32" slack="1"/>
<pin id="5628" dir="1" index="1" bw="32" slack="1"/>
</pin_list>
<bind>
<opset="x_q16 "/>
</bind>
</comp>

<comp id="5632" class="1005" name="icmp_ln247_reg_5632">
<pin_list>
<pin id="5633" dir="0" index="0" bw="1" slack="1"/>
<pin id="5634" dir="1" index="1" bw="1" slack="5"/>
</pin_list>
<bind>
<opset="icmp_ln247 "/>
</bind>
</comp>

<comp id="5638" class="1005" name="x_q16_2_reg_5638">
<pin_list>
<pin id="5639" dir="0" index="0" bw="32" slack="1"/>
<pin id="5640" dir="1" index="1" bw="32" slack="1"/>
</pin_list>
<bind>
<opset="x_q16_2 "/>
</bind>
</comp>

<comp id="5644" class="1005" name="icmp_ln251_reg_5644">
<pin_list>
<pin id="5645" dir="0" index="0" bw="1" slack="1"/>
<pin id="5646" dir="1" index="1" bw="1" slack="5"/>
</pin_list>
<bind>
<opset="icmp_ln251 "/>
</bind>
</comp>

<comp id="5650" class="1005" name="x_q16_4_reg_5650">
<pin_list>
<pin id="5651" dir="0" index="0" bw="32" slack="1"/>
<pin id="5652" dir="1" index="1" bw="32" slack="1"/>
</pin_list>
<bind>
<opset="x_q16_4 "/>
</bind>
</comp>

<comp id="5656" class="1005" name="icmp_ln255_reg_5656">
<pin_list>
<pin id="5657" dir="0" index="0" bw="1" slack="1"/>
<pin id="5658" dir="1" index="1" bw="1" slack="5"/>
</pin_list>
<bind>
<opset="icmp_ln255 "/>
</bind>
</comp>

<comp id="5662" class="1005" name="x_q16_6_reg_5662">
<pin_list>
<pin id="5663" dir="0" index="0" bw="32" slack="1"/>
<pin id="5664" dir="1" index="1" bw="32" slack="1"/>
</pin_list>
<bind>
<opset="x_q16_6 "/>
</bind>
</comp>

<comp id="5668" class="1005" name="x_q16_1_reg_5668">
<pin_list>
<pin id="5669" dir="0" index="0" bw="32" slack="1"/>
<pin id="5670" dir="1" index="1" bw="32" slack="1"/>
</pin_list>
<bind>
<opset="x_q16_1 "/>
</bind>
</comp>

<comp id="5676" class="1005" name="sub_ln50_1_reg_5676">
<pin_list>
<pin id="5677" dir="0" index="0" bw="50" slack="1"/>
<pin id="5678" dir="1" index="1" bw="50" slack="1"/>
</pin_list>
<bind>
<opset="sub_ln50_1 "/>
</bind>
</comp>

<comp id="5681" class="1005" name="x_q16_3_reg_5681">
<pin_list>
<pin id="5682" dir="0" index="0" bw="32" slack="1"/>
<pin id="5683" dir="1" index="1" bw="32" slack="1"/>
</pin_list>
<bind>
<opset="x_q16_3 "/>
</bind>
</comp>

<comp id="5689" class="1005" name="sub_ln50_3_reg_5689">
<pin_list>
<pin id="5690" dir="0" index="0" bw="50" slack="1"/>
<pin id="5691" dir="1" index="1" bw="50" slack="1"/>
</pin_list>
<bind>
<opset="sub_ln50_3 "/>
</bind>
</comp>

<comp id="5694" class="1005" name="x_q16_5_reg_5694">
<pin_list>
<pin id="5695" dir="0" index="0" bw="32" slack="1"/>
<pin id="5696" dir="1" index="1" bw="32" slack="1"/>
</pin_list>
<bind>
<opset="x_q16_5 "/>
</bind>
</comp>

<comp id="5702" class="1005" name="sub_ln50_5_reg_5702">
<pin_list>
<pin id="5703" dir="0" index="0" bw="50" slack="1"/>
<pin id="5704" dir="1" index="1" bw="50" slack="1"/>
</pin_list>
<bind>
<opset="sub_ln50_5 "/>
</bind>
</comp>

<comp id="5707" class="1005" name="x_q16_7_reg_5707">
<pin_list>
<pin id="5708" dir="0" index="0" bw="32" slack="1"/>
<pin id="5709" dir="1" index="1" bw="32" slack="1"/>
</pin_list>
<bind>
<opset="x_q16_7 "/>
</bind>
</comp>

<comp id="5715" class="1005" name="sub_ln50_7_reg_5715">
<pin_list>
<pin id="5716" dir="0" index="0" bw="50" slack="1"/>
<pin id="5717" dir="1" index="1" bw="50" slack="1"/>
</pin_list>
<bind>
<opset="sub_ln50_7 "/>
</bind>
</comp>

<comp id="5720" class="1005" name="add_ln50_1_reg_5720">
<pin_list>
<pin id="5721" dir="0" index="0" bw="50" slack="1"/>
<pin id="5722" dir="1" index="1" bw="50" slack="1"/>
</pin_list>
<bind>
<opset="add_ln50_1 "/>
</bind>
</comp>

<comp id="5725" class="1005" name="add_ln50_5_reg_5725">
<pin_list>
<pin id="5726" dir="0" index="0" bw="50" slack="1"/>
<pin id="5727" dir="1" index="1" bw="50" slack="1"/>
</pin_list>
<bind>
<opset="add_ln50_5 "/>
</bind>
</comp>

<comp id="5730" class="1005" name="add_ln50_9_reg_5730">
<pin_list>
<pin id="5731" dir="0" index="0" bw="50" slack="1"/>
<pin id="5732" dir="1" index="1" bw="50" slack="1"/>
</pin_list>
<bind>
<opset="add_ln50_9 "/>
</bind>
</comp>

<comp id="5735" class="1005" name="add_ln50_13_reg_5735">
<pin_list>
<pin id="5736" dir="0" index="0" bw="50" slack="1"/>
<pin id="5737" dir="1" index="1" bw="50" slack="1"/>
</pin_list>
<bind>
<opset="add_ln50_13 "/>
</bind>
</comp>

<comp id="5740" class="1005" name="t64_reg_5740">
<pin_list>
<pin id="5741" dir="0" index="0" bw="50" slack="2"/>
<pin id="5742" dir="1" index="1" bw="50" slack="2"/>
</pin_list>
<bind>
<opset="t64 "/>
</bind>
</comp>

<comp id="5745" class="1005" name="rem_reg_5745">
<pin_list>
<pin id="5746" dir="0" index="0" bw="12" slack="1"/>
<pin id="5747" dir="1" index="1" bw="12" slack="1"/>
</pin_list>
<bind>
<opset="rem "/>
</bind>
</comp>

<comp id="5750" class="1005" name="k_reg_5750">
<pin_list>
<pin id="5751" dir="0" index="0" bw="16" slack="2"/>
<pin id="5752" dir="1" index="1" bw="16" slack="2"/>
</pin_list>
<bind>
<opset="k "/>
</bind>
</comp>

<comp id="5755" class="1005" name="idx_reg_5755">
<pin_list>
<pin id="5756" dir="0" index="0" bw="4" slack="1"/>
<pin id="5757" dir="1" index="1" bw="4" slack="1"/>
</pin_list>
<bind>
<opset="idx "/>
</bind>
</comp>

<comp id="5760" class="1005" name="y0_reg_5760">
<pin_list>
<pin id="5761" dir="0" index="0" bw="17" slack="1"/>
<pin id="5762" dir="1" index="1" bw="17" slack="1"/>
</pin_list>
<bind>
<opset="y0 "/>
</bind>
</comp>

<comp id="5766" class="1005" name="tmp_92_reg_5766">
<pin_list>
<pin id="5767" dir="0" index="0" bw="1" slack="2"/>
<pin id="5768" dir="1" index="1" bw="1" slack="2"/>
</pin_list>
<bind>
<opset="tmp_92 "/>
</bind>
</comp>

<comp id="5772" class="1005" name="icmp_ln69_reg_5772">
<pin_list>
<pin id="5773" dir="0" index="0" bw="1" slack="2"/>
<pin id="5774" dir="1" index="1" bw="1" slack="2"/>
</pin_list>
<bind>
<opset="icmp_ln69 "/>
</bind>
</comp>

<comp id="5777" class="1005" name="t64_1_reg_5777">
<pin_list>
<pin id="5778" dir="0" index="0" bw="50" slack="2"/>
<pin id="5779" dir="1" index="1" bw="50" slack="2"/>
</pin_list>
<bind>
<opset="t64_1 "/>
</bind>
</comp>

<comp id="5782" class="1005" name="rem_1_reg_5782">
<pin_list>
<pin id="5783" dir="0" index="0" bw="12" slack="1"/>
<pin id="5784" dir="1" index="1" bw="12" slack="1"/>
</pin_list>
<bind>
<opset="rem_1 "/>
</bind>
</comp>

<comp id="5787" class="1005" name="k_1_reg_5787">
<pin_list>
<pin id="5788" dir="0" index="0" bw="16" slack="2"/>
<pin id="5789" dir="1" index="1" bw="16" slack="2"/>
</pin_list>
<bind>
<opset="k_1 "/>
</bind>
</comp>

<comp id="5792" class="1005" name="idx_1_reg_5792">
<pin_list>
<pin id="5793" dir="0" index="0" bw="4" slack="1"/>
<pin id="5794" dir="1" index="1" bw="4" slack="1"/>
</pin_list>
<bind>
<opset="idx_1 "/>
</bind>
</comp>

<comp id="5797" class="1005" name="y0_1_reg_5797">
<pin_list>
<pin id="5798" dir="0" index="0" bw="17" slack="1"/>
<pin id="5799" dir="1" index="1" bw="17" slack="1"/>
</pin_list>
<bind>
<opset="y0_1 "/>
</bind>
</comp>

<comp id="5803" class="1005" name="tmp_102_reg_5803">
<pin_list>
<pin id="5804" dir="0" index="0" bw="1" slack="2"/>
<pin id="5805" dir="1" index="1" bw="1" slack="2"/>
</pin_list>
<bind>
<opset="tmp_102 "/>
</bind>
</comp>

<comp id="5809" class="1005" name="icmp_ln69_1_reg_5809">
<pin_list>
<pin id="5810" dir="0" index="0" bw="1" slack="2"/>
<pin id="5811" dir="1" index="1" bw="1" slack="2"/>
</pin_list>
<bind>
<opset="icmp_ln69_1 "/>
</bind>
</comp>

<comp id="5814" class="1005" name="t64_2_reg_5814">
<pin_list>
<pin id="5815" dir="0" index="0" bw="50" slack="2"/>
<pin id="5816" dir="1" index="1" bw="50" slack="2"/>
</pin_list>
<bind>
<opset="t64_2 "/>
</bind>
</comp>

<comp id="5819" class="1005" name="rem_2_reg_5819">
<pin_list>
<pin id="5820" dir="0" index="0" bw="12" slack="1"/>
<pin id="5821" dir="1" index="1" bw="12" slack="1"/>
</pin_list>
<bind>
<opset="rem_2 "/>
</bind>
</comp>

<comp id="5824" class="1005" name="k_2_reg_5824">
<pin_list>
<pin id="5825" dir="0" index="0" bw="16" slack="2"/>
<pin id="5826" dir="1" index="1" bw="16" slack="2"/>
</pin_list>
<bind>
<opset="k_2 "/>
</bind>
</comp>

<comp id="5829" class="1005" name="idx_2_reg_5829">
<pin_list>
<pin id="5830" dir="0" index="0" bw="4" slack="1"/>
<pin id="5831" dir="1" index="1" bw="4" slack="1"/>
</pin_list>
<bind>
<opset="idx_2 "/>
</bind>
</comp>

<comp id="5834" class="1005" name="y0_2_reg_5834">
<pin_list>
<pin id="5835" dir="0" index="0" bw="17" slack="1"/>
<pin id="5836" dir="1" index="1" bw="17" slack="1"/>
</pin_list>
<bind>
<opset="y0_2 "/>
</bind>
</comp>

<comp id="5840" class="1005" name="tmp_112_reg_5840">
<pin_list>
<pin id="5841" dir="0" index="0" bw="1" slack="2"/>
<pin id="5842" dir="1" index="1" bw="1" slack="2"/>
</pin_list>
<bind>
<opset="tmp_112 "/>
</bind>
</comp>

<comp id="5846" class="1005" name="icmp_ln69_2_reg_5846">
<pin_list>
<pin id="5847" dir="0" index="0" bw="1" slack="2"/>
<pin id="5848" dir="1" index="1" bw="1" slack="2"/>
</pin_list>
<bind>
<opset="icmp_ln69_2 "/>
</bind>
</comp>

<comp id="5851" class="1005" name="t64_3_reg_5851">
<pin_list>
<pin id="5852" dir="0" index="0" bw="50" slack="2"/>
<pin id="5853" dir="1" index="1" bw="50" slack="2"/>
</pin_list>
<bind>
<opset="t64_3 "/>
</bind>
</comp>

<comp id="5856" class="1005" name="rem_3_reg_5856">
<pin_list>
<pin id="5857" dir="0" index="0" bw="12" slack="1"/>
<pin id="5858" dir="1" index="1" bw="12" slack="1"/>
</pin_list>
<bind>
<opset="rem_3 "/>
</bind>
</comp>

<comp id="5861" class="1005" name="k_3_reg_5861">
<pin_list>
<pin id="5862" dir="0" index="0" bw="16" slack="2"/>
<pin id="5863" dir="1" index="1" bw="16" slack="2"/>
</pin_list>
<bind>
<opset="k_3 "/>
</bind>
</comp>

<comp id="5866" class="1005" name="idx_3_reg_5866">
<pin_list>
<pin id="5867" dir="0" index="0" bw="4" slack="1"/>
<pin id="5868" dir="1" index="1" bw="4" slack="1"/>
</pin_list>
<bind>
<opset="idx_3 "/>
</bind>
</comp>

<comp id="5871" class="1005" name="y0_3_reg_5871">
<pin_list>
<pin id="5872" dir="0" index="0" bw="17" slack="1"/>
<pin id="5873" dir="1" index="1" bw="17" slack="1"/>
</pin_list>
<bind>
<opset="y0_3 "/>
</bind>
</comp>

<comp id="5877" class="1005" name="tmp_122_reg_5877">
<pin_list>
<pin id="5878" dir="0" index="0" bw="1" slack="2"/>
<pin id="5879" dir="1" index="1" bw="1" slack="2"/>
</pin_list>
<bind>
<opset="tmp_122 "/>
</bind>
</comp>

<comp id="5883" class="1005" name="icmp_ln69_3_reg_5883">
<pin_list>
<pin id="5884" dir="0" index="0" bw="1" slack="2"/>
<pin id="5885" dir="1" index="1" bw="1" slack="2"/>
</pin_list>
<bind>
<opset="icmp_ln69_3 "/>
</bind>
</comp>

<comp id="5888" class="1005" name="trunc_ln_reg_5888">
<pin_list>
<pin id="5889" dir="0" index="0" bw="18" slack="1"/>
<pin id="5890" dir="1" index="1" bw="18" slack="1"/>
</pin_list>
<bind>
<opset="trunc_ln "/>
</bind>
</comp>

<comp id="5893" class="1005" name="trunc_ln64_1_reg_5893">
<pin_list>
<pin id="5894" dir="0" index="0" bw="18" slack="1"/>
<pin id="5895" dir="1" index="1" bw="18" slack="1"/>
</pin_list>
<bind>
<opset="trunc_ln64_1 "/>
</bind>
</comp>

<comp id="5898" class="1005" name="trunc_ln64_2_reg_5898">
<pin_list>
<pin id="5899" dir="0" index="0" bw="18" slack="1"/>
<pin id="5900" dir="1" index="1" bw="18" slack="1"/>
</pin_list>
<bind>
<opset="trunc_ln64_2 "/>
</bind>
</comp>

<comp id="5903" class="1005" name="trunc_ln64_3_reg_5903">
<pin_list>
<pin id="5904" dir="0" index="0" bw="18" slack="1"/>
<pin id="5905" dir="1" index="1" bw="18" slack="1"/>
</pin_list>
<bind>
<opset="trunc_ln64_3 "/>
</bind>
</comp>

<comp id="5908" class="1005" name="y_15_reg_5908">
<pin_list>
<pin id="5909" dir="0" index="0" bw="32" slack="1"/>
<pin id="5910" dir="1" index="1" bw="32" slack="1"/>
</pin_list>
<bind>
<opset="y_15 "/>
</bind>
</comp>

<comp id="5913" class="1005" name="pkt_v1_2_reg_5913">
<pin_list>
<pin id="5914" dir="0" index="0" bw="32" slack="1"/>
<pin id="5915" dir="1" index="1" bw="32" slack="1"/>
</pin_list>
<bind>
<opset="pkt_v1_2 "/>
</bind>
</comp>

<comp id="5918" class="1005" name="pkt_v2_2_reg_5918">
<pin_list>
<pin id="5919" dir="0" index="0" bw="32" slack="1"/>
<pin id="5920" dir="1" index="1" bw="32" slack="1"/>
</pin_list>
<bind>
<opset="pkt_v2_2 "/>
</bind>
</comp>

<comp id="5923" class="1005" name="pkt_v3_2_reg_5923">
<pin_list>
<pin id="5924" dir="0" index="0" bw="32" slack="1"/>
<pin id="5925" dir="1" index="1" bw="32" slack="1"/>
</pin_list>
<bind>
<opset="pkt_v3_2 "/>
</bind>
</comp>

</comp_list>

<net_list>
<net id="885"><net_src comp="520" pin="0"/><net_sink comp="882" pin=0"/></net>

<net id="890"><net_src comp="538" pin="0"/><net_sink comp="886" pin=0"/></net>

<net id="891"><net_src comp="516" pin="0"/><net_sink comp="886" pin=1"/></net>

<net id="896"><net_src comp="538" pin="0"/><net_sink comp="892" pin=0"/></net>

<net id="897"><net_src comp="514" pin="0"/><net_sink comp="892" pin=1"/></net>

<net id="902"><net_src comp="538" pin="0"/><net_sink comp="898" pin=0"/></net>

<net id="903"><net_src comp="512" pin="0"/><net_sink comp="898" pin=1"/></net>

<net id="908"><net_src comp="538" pin="0"/><net_sink comp="904" pin=0"/></net>

<net id="909"><net_src comp="510" pin="0"/><net_sink comp="904" pin=1"/></net>

<net id="914"><net_src comp="538" pin="0"/><net_sink comp="910" pin=0"/></net>

<net id="915"><net_src comp="508" pin="0"/><net_sink comp="910" pin=1"/></net>

<net id="920"><net_src comp="538" pin="0"/><net_sink comp="916" pin=0"/></net>

<net id="921"><net_src comp="506" pin="0"/><net_sink comp="916" pin=1"/></net>

<net id="926"><net_src comp="538" pin="0"/><net_sink comp="922" pin=0"/></net>

<net id="927"><net_src comp="504" pin="0"/><net_sink comp="922" pin=1"/></net>

<net id="932"><net_src comp="538" pin="0"/><net_sink comp="928" pin=0"/></net>

<net id="933"><net_src comp="502" pin="0"/><net_sink comp="928" pin=1"/></net>

<net id="938"><net_src comp="538" pin="0"/><net_sink comp="934" pin=0"/></net>

<net id="939"><net_src comp="500" pin="0"/><net_sink comp="934" pin=1"/></net>

<net id="944"><net_src comp="538" pin="0"/><net_sink comp="940" pin=0"/></net>

<net id="945"><net_src comp="498" pin="0"/><net_sink comp="940" pin=1"/></net>

<net id="950"><net_src comp="538" pin="0"/><net_sink comp="946" pin=0"/></net>

<net id="951"><net_src comp="496" pin="0"/><net_sink comp="946" pin=1"/></net>

<net id="956"><net_src comp="538" pin="0"/><net_sink comp="952" pin=0"/></net>

<net id="957"><net_src comp="494" pin="0"/><net_sink comp="952" pin=1"/></net>

<net id="962"><net_src comp="538" pin="0"/><net_sink comp="958" pin=0"/></net>

<net id="963"><net_src comp="492" pin="0"/><net_sink comp="958" pin=1"/></net>

<net id="968"><net_src comp="538" pin="0"/><net_sink comp="964" pin=0"/></net>

<net id="969"><net_src comp="490" pin="0"/><net_sink comp="964" pin=1"/></net>

<net id="974"><net_src comp="538" pin="0"/><net_sink comp="970" pin=0"/></net>

<net id="975"><net_src comp="488" pin="0"/><net_sink comp="970" pin=1"/></net>

<net id="980"><net_src comp="538" pin="0"/><net_sink comp="976" pin=0"/></net>

<net id="981"><net_src comp="486" pin="0"/><net_sink comp="976" pin=1"/></net>

<net id="986"><net_src comp="538" pin="0"/><net_sink comp="982" pin=0"/></net>

<net id="987"><net_src comp="484" pin="0"/><net_sink comp="982" pin=1"/></net>

<net id="992"><net_src comp="538" pin="0"/><net_sink comp="988" pin=0"/></net>

<net id="993"><net_src comp="482" pin="0"/><net_sink comp="988" pin=1"/></net>

<net id="998"><net_src comp="538" pin="0"/><net_sink comp="994" pin=0"/></net>

<net id="999"><net_src comp="480" pin="0"/><net_sink comp="994" pin=1"/></net>

<net id="1004"><net_src comp="538" pin="0"/><net_sink comp="1000" pin=0"/></net>

<net id="1005"><net_src comp="478" pin="0"/><net_sink comp="1000" pin=1"/></net>

<net id="1010"><net_src comp="538" pin="0"/><net_sink comp="1006" pin=0"/></net>

<net id="1011"><net_src comp="476" pin="0"/><net_sink comp="1006" pin=1"/></net>

<net id="1016"><net_src comp="538" pin="0"/><net_sink comp="1012" pin=0"/></net>

<net id="1017"><net_src comp="474" pin="0"/><net_sink comp="1012" pin=1"/></net>

<net id="1022"><net_src comp="538" pin="0"/><net_sink comp="1018" pin=0"/></net>

<net id="1023"><net_src comp="472" pin="0"/><net_sink comp="1018" pin=1"/></net>

<net id="1028"><net_src comp="538" pin="0"/><net_sink comp="1024" pin=0"/></net>

<net id="1029"><net_src comp="470" pin="0"/><net_sink comp="1024" pin=1"/></net>

<net id="1034"><net_src comp="538" pin="0"/><net_sink comp="1030" pin=0"/></net>

<net id="1035"><net_src comp="468" pin="0"/><net_sink comp="1030" pin=1"/></net>

<net id="1040"><net_src comp="538" pin="0"/><net_sink comp="1036" pin=0"/></net>

<net id="1041"><net_src comp="466" pin="0"/><net_sink comp="1036" pin=1"/></net>

<net id="1046"><net_src comp="538" pin="0"/><net_sink comp="1042" pin=0"/></net>

<net id="1047"><net_src comp="464" pin="0"/><net_sink comp="1042" pin=1"/></net>

<net id="1052"><net_src comp="538" pin="0"/><net_sink comp="1048" pin=0"/></net>

<net id="1053"><net_src comp="462" pin="0"/><net_sink comp="1048" pin=1"/></net>

<net id="1058"><net_src comp="538" pin="0"/><net_sink comp="1054" pin=0"/></net>

<net id="1059"><net_src comp="460" pin="0"/><net_sink comp="1054" pin=1"/></net>

<net id="1064"><net_src comp="538" pin="0"/><net_sink comp="1060" pin=0"/></net>

<net id="1065"><net_src comp="458" pin="0"/><net_sink comp="1060" pin=1"/></net>

<net id="1070"><net_src comp="538" pin="0"/><net_sink comp="1066" pin=0"/></net>

<net id="1071"><net_src comp="456" pin="0"/><net_sink comp="1066" pin=1"/></net>

<net id="1076"><net_src comp="538" pin="0"/><net_sink comp="1072" pin=0"/></net>

<net id="1077"><net_src comp="454" pin="0"/><net_sink comp="1072" pin=1"/></net>

<net id="1082"><net_src comp="538" pin="0"/><net_sink comp="1078" pin=0"/></net>

<net id="1083"><net_src comp="452" pin="0"/><net_sink comp="1078" pin=1"/></net>

<net id="1088"><net_src comp="538" pin="0"/><net_sink comp="1084" pin=0"/></net>

<net id="1089"><net_src comp="450" pin="0"/><net_sink comp="1084" pin=1"/></net>

<net id="1094"><net_src comp="538" pin="0"/><net_sink comp="1090" pin=0"/></net>

<net id="1095"><net_src comp="448" pin="0"/><net_sink comp="1090" pin=1"/></net>

<net id="1100"><net_src comp="538" pin="0"/><net_sink comp="1096" pin=0"/></net>

<net id="1101"><net_src comp="446" pin="0"/><net_sink comp="1096" pin=1"/></net>

<net id="1106"><net_src comp="538" pin="0"/><net_sink comp="1102" pin=0"/></net>

<net id="1107"><net_src comp="444" pin="0"/><net_sink comp="1102" pin=1"/></net>

<net id="1112"><net_src comp="538" pin="0"/><net_sink comp="1108" pin=0"/></net>

<net id="1113"><net_src comp="442" pin="0"/><net_sink comp="1108" pin=1"/></net>

<net id="1118"><net_src comp="538" pin="0"/><net_sink comp="1114" pin=0"/></net>

<net id="1119"><net_src comp="440" pin="0"/><net_sink comp="1114" pin=1"/></net>

<net id="1124"><net_src comp="538" pin="0"/><net_sink comp="1120" pin=0"/></net>

<net id="1125"><net_src comp="438" pin="0"/><net_sink comp="1120" pin=1"/></net>

<net id="1130"><net_src comp="538" pin="0"/><net_sink comp="1126" pin=0"/></net>

<net id="1131"><net_src comp="436" pin="0"/><net_sink comp="1126" pin=1"/></net>

<net id="1136"><net_src comp="538" pin="0"/><net_sink comp="1132" pin=0"/></net>

<net id="1137"><net_src comp="434" pin="0"/><net_sink comp="1132" pin=1"/></net>

<net id="1142"><net_src comp="538" pin="0"/><net_sink comp="1138" pin=0"/></net>

<net id="1143"><net_src comp="432" pin="0"/><net_sink comp="1138" pin=1"/></net>

<net id="1148"><net_src comp="538" pin="0"/><net_sink comp="1144" pin=0"/></net>

<net id="1149"><net_src comp="430" pin="0"/><net_sink comp="1144" pin=1"/></net>

<net id="1154"><net_src comp="538" pin="0"/><net_sink comp="1150" pin=0"/></net>

<net id="1155"><net_src comp="428" pin="0"/><net_sink comp="1150" pin=1"/></net>

<net id="1160"><net_src comp="538" pin="0"/><net_sink comp="1156" pin=0"/></net>

<net id="1161"><net_src comp="426" pin="0"/><net_sink comp="1156" pin=1"/></net>

<net id="1166"><net_src comp="538" pin="0"/><net_sink comp="1162" pin=0"/></net>

<net id="1167"><net_src comp="424" pin="0"/><net_sink comp="1162" pin=1"/></net>

<net id="1172"><net_src comp="538" pin="0"/><net_sink comp="1168" pin=0"/></net>

<net id="1173"><net_src comp="422" pin="0"/><net_sink comp="1168" pin=1"/></net>

<net id="1178"><net_src comp="538" pin="0"/><net_sink comp="1174" pin=0"/></net>

<net id="1179"><net_src comp="420" pin="0"/><net_sink comp="1174" pin=1"/></net>

<net id="1184"><net_src comp="538" pin="0"/><net_sink comp="1180" pin=0"/></net>

<net id="1185"><net_src comp="418" pin="0"/><net_sink comp="1180" pin=1"/></net>

<net id="1190"><net_src comp="538" pin="0"/><net_sink comp="1186" pin=0"/></net>

<net id="1191"><net_src comp="416" pin="0"/><net_sink comp="1186" pin=1"/></net>

<net id="1196"><net_src comp="538" pin="0"/><net_sink comp="1192" pin=0"/></net>

<net id="1197"><net_src comp="414" pin="0"/><net_sink comp="1192" pin=1"/></net>

<net id="1202"><net_src comp="538" pin="0"/><net_sink comp="1198" pin=0"/></net>

<net id="1203"><net_src comp="412" pin="0"/><net_sink comp="1198" pin=1"/></net>

<net id="1208"><net_src comp="538" pin="0"/><net_sink comp="1204" pin=0"/></net>

<net id="1209"><net_src comp="410" pin="0"/><net_sink comp="1204" pin=1"/></net>

<net id="1214"><net_src comp="538" pin="0"/><net_sink comp="1210" pin=0"/></net>

<net id="1215"><net_src comp="408" pin="0"/><net_sink comp="1210" pin=1"/></net>

<net id="1220"><net_src comp="538" pin="0"/><net_sink comp="1216" pin=0"/></net>

<net id="1221"><net_src comp="406" pin="0"/><net_sink comp="1216" pin=1"/></net>

<net id="1226"><net_src comp="538" pin="0"/><net_sink comp="1222" pin=0"/></net>

<net id="1227"><net_src comp="404" pin="0"/><net_sink comp="1222" pin=1"/></net>

<net id="1232"><net_src comp="538" pin="0"/><net_sink comp="1228" pin=0"/></net>

<net id="1233"><net_src comp="402" pin="0"/><net_sink comp="1228" pin=1"/></net>

<net id="1238"><net_src comp="538" pin="0"/><net_sink comp="1234" pin=0"/></net>

<net id="1239"><net_src comp="400" pin="0"/><net_sink comp="1234" pin=1"/></net>

<net id="1244"><net_src comp="538" pin="0"/><net_sink comp="1240" pin=0"/></net>

<net id="1245"><net_src comp="398" pin="0"/><net_sink comp="1240" pin=1"/></net>

<net id="1250"><net_src comp="538" pin="0"/><net_sink comp="1246" pin=0"/></net>

<net id="1251"><net_src comp="396" pin="0"/><net_sink comp="1246" pin=1"/></net>

<net id="1256"><net_src comp="538" pin="0"/><net_sink comp="1252" pin=0"/></net>

<net id="1257"><net_src comp="394" pin="0"/><net_sink comp="1252" pin=1"/></net>

<net id="1262"><net_src comp="538" pin="0"/><net_sink comp="1258" pin=0"/></net>

<net id="1263"><net_src comp="392" pin="0"/><net_sink comp="1258" pin=1"/></net>

<net id="1268"><net_src comp="538" pin="0"/><net_sink comp="1264" pin=0"/></net>

<net id="1269"><net_src comp="390" pin="0"/><net_sink comp="1264" pin=1"/></net>

<net id="1274"><net_src comp="538" pin="0"/><net_sink comp="1270" pin=0"/></net>

<net id="1275"><net_src comp="388" pin="0"/><net_sink comp="1270" pin=1"/></net>

<net id="1280"><net_src comp="538" pin="0"/><net_sink comp="1276" pin=0"/></net>

<net id="1281"><net_src comp="386" pin="0"/><net_sink comp="1276" pin=1"/></net>

<net id="1286"><net_src comp="538" pin="0"/><net_sink comp="1282" pin=0"/></net>

<net id="1287"><net_src comp="384" pin="0"/><net_sink comp="1282" pin=1"/></net>

<net id="1292"><net_src comp="538" pin="0"/><net_sink comp="1288" pin=0"/></net>

<net id="1293"><net_src comp="382" pin="0"/><net_sink comp="1288" pin=1"/></net>

<net id="1298"><net_src comp="538" pin="0"/><net_sink comp="1294" pin=0"/></net>

<net id="1299"><net_src comp="380" pin="0"/><net_sink comp="1294" pin=1"/></net>

<net id="1304"><net_src comp="538" pin="0"/><net_sink comp="1300" pin=0"/></net>

<net id="1305"><net_src comp="378" pin="0"/><net_sink comp="1300" pin=1"/></net>

<net id="1310"><net_src comp="538" pin="0"/><net_sink comp="1306" pin=0"/></net>

<net id="1311"><net_src comp="376" pin="0"/><net_sink comp="1306" pin=1"/></net>

<net id="1316"><net_src comp="538" pin="0"/><net_sink comp="1312" pin=0"/></net>

<net id="1317"><net_src comp="374" pin="0"/><net_sink comp="1312" pin=1"/></net>

<net id="1322"><net_src comp="538" pin="0"/><net_sink comp="1318" pin=0"/></net>

<net id="1323"><net_src comp="372" pin="0"/><net_sink comp="1318" pin=1"/></net>

<net id="1328"><net_src comp="538" pin="0"/><net_sink comp="1324" pin=0"/></net>

<net id="1329"><net_src comp="370" pin="0"/><net_sink comp="1324" pin=1"/></net>

<net id="1334"><net_src comp="538" pin="0"/><net_sink comp="1330" pin=0"/></net>

<net id="1335"><net_src comp="368" pin="0"/><net_sink comp="1330" pin=1"/></net>

<net id="1340"><net_src comp="538" pin="0"/><net_sink comp="1336" pin=0"/></net>

<net id="1341"><net_src comp="366" pin="0"/><net_sink comp="1336" pin=1"/></net>

<net id="1346"><net_src comp="538" pin="0"/><net_sink comp="1342" pin=0"/></net>

<net id="1347"><net_src comp="364" pin="0"/><net_sink comp="1342" pin=1"/></net>

<net id="1352"><net_src comp="538" pin="0"/><net_sink comp="1348" pin=0"/></net>

<net id="1353"><net_src comp="362" pin="0"/><net_sink comp="1348" pin=1"/></net>

<net id="1358"><net_src comp="538" pin="0"/><net_sink comp="1354" pin=0"/></net>

<net id="1359"><net_src comp="360" pin="0"/><net_sink comp="1354" pin=1"/></net>

<net id="1364"><net_src comp="538" pin="0"/><net_sink comp="1360" pin=0"/></net>

<net id="1365"><net_src comp="358" pin="0"/><net_sink comp="1360" pin=1"/></net>

<net id="1370"><net_src comp="538" pin="0"/><net_sink comp="1366" pin=0"/></net>

<net id="1371"><net_src comp="356" pin="0"/><net_sink comp="1366" pin=1"/></net>

<net id="1376"><net_src comp="538" pin="0"/><net_sink comp="1372" pin=0"/></net>

<net id="1377"><net_src comp="354" pin="0"/><net_sink comp="1372" pin=1"/></net>

<net id="1382"><net_src comp="538" pin="0"/><net_sink comp="1378" pin=0"/></net>

<net id="1383"><net_src comp="352" pin="0"/><net_sink comp="1378" pin=1"/></net>

<net id="1388"><net_src comp="538" pin="0"/><net_sink comp="1384" pin=0"/></net>

<net id="1389"><net_src comp="350" pin="0"/><net_sink comp="1384" pin=1"/></net>

<net id="1394"><net_src comp="538" pin="0"/><net_sink comp="1390" pin=0"/></net>

<net id="1395"><net_src comp="348" pin="0"/><net_sink comp="1390" pin=1"/></net>

<net id="1400"><net_src comp="538" pin="0"/><net_sink comp="1396" pin=0"/></net>

<net id="1401"><net_src comp="346" pin="0"/><net_sink comp="1396" pin=1"/></net>

<net id="1406"><net_src comp="538" pin="0"/><net_sink comp="1402" pin=0"/></net>

<net id="1407"><net_src comp="344" pin="0"/><net_sink comp="1402" pin=1"/></net>

<net id="1412"><net_src comp="538" pin="0"/><net_sink comp="1408" pin=0"/></net>

<net id="1413"><net_src comp="342" pin="0"/><net_sink comp="1408" pin=1"/></net>

<net id="1418"><net_src comp="538" pin="0"/><net_sink comp="1414" pin=0"/></net>

<net id="1419"><net_src comp="340" pin="0"/><net_sink comp="1414" pin=1"/></net>

<net id="1424"><net_src comp="538" pin="0"/><net_sink comp="1420" pin=0"/></net>

<net id="1425"><net_src comp="338" pin="0"/><net_sink comp="1420" pin=1"/></net>

<net id="1430"><net_src comp="538" pin="0"/><net_sink comp="1426" pin=0"/></net>

<net id="1431"><net_src comp="336" pin="0"/><net_sink comp="1426" pin=1"/></net>

<net id="1436"><net_src comp="538" pin="0"/><net_sink comp="1432" pin=0"/></net>

<net id="1437"><net_src comp="334" pin="0"/><net_sink comp="1432" pin=1"/></net>

<net id="1442"><net_src comp="538" pin="0"/><net_sink comp="1438" pin=0"/></net>

<net id="1443"><net_src comp="332" pin="0"/><net_sink comp="1438" pin=1"/></net>

<net id="1448"><net_src comp="538" pin="0"/><net_sink comp="1444" pin=0"/></net>

<net id="1449"><net_src comp="330" pin="0"/><net_sink comp="1444" pin=1"/></net>

<net id="1454"><net_src comp="538" pin="0"/><net_sink comp="1450" pin=0"/></net>

<net id="1455"><net_src comp="328" pin="0"/><net_sink comp="1450" pin=1"/></net>

<net id="1460"><net_src comp="538" pin="0"/><net_sink comp="1456" pin=0"/></net>

<net id="1461"><net_src comp="326" pin="0"/><net_sink comp="1456" pin=1"/></net>

<net id="1466"><net_src comp="538" pin="0"/><net_sink comp="1462" pin=0"/></net>

<net id="1467"><net_src comp="324" pin="0"/><net_sink comp="1462" pin=1"/></net>

<net id="1472"><net_src comp="538" pin="0"/><net_sink comp="1468" pin=0"/></net>

<net id="1473"><net_src comp="322" pin="0"/><net_sink comp="1468" pin=1"/></net>

<net id="1478"><net_src comp="538" pin="0"/><net_sink comp="1474" pin=0"/></net>

<net id="1479"><net_src comp="320" pin="0"/><net_sink comp="1474" pin=1"/></net>

<net id="1484"><net_src comp="538" pin="0"/><net_sink comp="1480" pin=0"/></net>

<net id="1485"><net_src comp="318" pin="0"/><net_sink comp="1480" pin=1"/></net>

<net id="1490"><net_src comp="538" pin="0"/><net_sink comp="1486" pin=0"/></net>

<net id="1491"><net_src comp="316" pin="0"/><net_sink comp="1486" pin=1"/></net>

<net id="1496"><net_src comp="538" pin="0"/><net_sink comp="1492" pin=0"/></net>

<net id="1497"><net_src comp="314" pin="0"/><net_sink comp="1492" pin=1"/></net>

<net id="1502"><net_src comp="538" pin="0"/><net_sink comp="1498" pin=0"/></net>

<net id="1503"><net_src comp="312" pin="0"/><net_sink comp="1498" pin=1"/></net>

<net id="1508"><net_src comp="538" pin="0"/><net_sink comp="1504" pin=0"/></net>

<net id="1509"><net_src comp="310" pin="0"/><net_sink comp="1504" pin=1"/></net>

<net id="1514"><net_src comp="538" pin="0"/><net_sink comp="1510" pin=0"/></net>

<net id="1515"><net_src comp="308" pin="0"/><net_sink comp="1510" pin=1"/></net>

<net id="1520"><net_src comp="538" pin="0"/><net_sink comp="1516" pin=0"/></net>

<net id="1521"><net_src comp="306" pin="0"/><net_sink comp="1516" pin=1"/></net>

<net id="1526"><net_src comp="538" pin="0"/><net_sink comp="1522" pin=0"/></net>

<net id="1527"><net_src comp="304" pin="0"/><net_sink comp="1522" pin=1"/></net>

<net id="1532"><net_src comp="538" pin="0"/><net_sink comp="1528" pin=0"/></net>

<net id="1533"><net_src comp="302" pin="0"/><net_sink comp="1528" pin=1"/></net>

<net id="1538"><net_src comp="538" pin="0"/><net_sink comp="1534" pin=0"/></net>

<net id="1539"><net_src comp="300" pin="0"/><net_sink comp="1534" pin=1"/></net>

<net id="1544"><net_src comp="538" pin="0"/><net_sink comp="1540" pin=0"/></net>

<net id="1545"><net_src comp="298" pin="0"/><net_sink comp="1540" pin=1"/></net>

<net id="1550"><net_src comp="538" pin="0"/><net_sink comp="1546" pin=0"/></net>

<net id="1551"><net_src comp="296" pin="0"/><net_sink comp="1546" pin=1"/></net>

<net id="1556"><net_src comp="538" pin="0"/><net_sink comp="1552" pin=0"/></net>

<net id="1557"><net_src comp="294" pin="0"/><net_sink comp="1552" pin=1"/></net>

<net id="1562"><net_src comp="538" pin="0"/><net_sink comp="1558" pin=0"/></net>

<net id="1563"><net_src comp="292" pin="0"/><net_sink comp="1558" pin=1"/></net>

<net id="1568"><net_src comp="538" pin="0"/><net_sink comp="1564" pin=0"/></net>

<net id="1569"><net_src comp="290" pin="0"/><net_sink comp="1564" pin=1"/></net>

<net id="1574"><net_src comp="538" pin="0"/><net_sink comp="1570" pin=0"/></net>

<net id="1575"><net_src comp="288" pin="0"/><net_sink comp="1570" pin=1"/></net>

<net id="1580"><net_src comp="538" pin="0"/><net_sink comp="1576" pin=0"/></net>

<net id="1581"><net_src comp="286" pin="0"/><net_sink comp="1576" pin=1"/></net>

<net id="1586"><net_src comp="538" pin="0"/><net_sink comp="1582" pin=0"/></net>

<net id="1587"><net_src comp="284" pin="0"/><net_sink comp="1582" pin=1"/></net>

<net id="1592"><net_src comp="538" pin="0"/><net_sink comp="1588" pin=0"/></net>

<net id="1593"><net_src comp="282" pin="0"/><net_sink comp="1588" pin=1"/></net>

<net id="1598"><net_src comp="538" pin="0"/><net_sink comp="1594" pin=0"/></net>

<net id="1599"><net_src comp="280" pin="0"/><net_sink comp="1594" pin=1"/></net>

<net id="1604"><net_src comp="538" pin="0"/><net_sink comp="1600" pin=0"/></net>

<net id="1605"><net_src comp="278" pin="0"/><net_sink comp="1600" pin=1"/></net>

<net id="1610"><net_src comp="538" pin="0"/><net_sink comp="1606" pin=0"/></net>

<net id="1611"><net_src comp="276" pin="0"/><net_sink comp="1606" pin=1"/></net>

<net id="1616"><net_src comp="538" pin="0"/><net_sink comp="1612" pin=0"/></net>

<net id="1617"><net_src comp="274" pin="0"/><net_sink comp="1612" pin=1"/></net>

<net id="1622"><net_src comp="538" pin="0"/><net_sink comp="1618" pin=0"/></net>

<net id="1623"><net_src comp="272" pin="0"/><net_sink comp="1618" pin=1"/></net>

<net id="1628"><net_src comp="538" pin="0"/><net_sink comp="1624" pin=0"/></net>

<net id="1629"><net_src comp="270" pin="0"/><net_sink comp="1624" pin=1"/></net>

<net id="1634"><net_src comp="538" pin="0"/><net_sink comp="1630" pin=0"/></net>

<net id="1635"><net_src comp="268" pin="0"/><net_sink comp="1630" pin=1"/></net>

<net id="1640"><net_src comp="538" pin="0"/><net_sink comp="1636" pin=0"/></net>

<net id="1641"><net_src comp="266" pin="0"/><net_sink comp="1636" pin=1"/></net>

<net id="1646"><net_src comp="538" pin="0"/><net_sink comp="1642" pin=0"/></net>

<net id="1647"><net_src comp="264" pin="0"/><net_sink comp="1642" pin=1"/></net>

<net id="1652"><net_src comp="538" pin="0"/><net_sink comp="1648" pin=0"/></net>

<net id="1653"><net_src comp="262" pin="0"/><net_sink comp="1648" pin=1"/></net>

<net id="1658"><net_src comp="538" pin="0"/><net_sink comp="1654" pin=0"/></net>

<net id="1659"><net_src comp="260" pin="0"/><net_sink comp="1654" pin=1"/></net>

<net id="1664"><net_src comp="538" pin="0"/><net_sink comp="1660" pin=0"/></net>

<net id="1665"><net_src comp="258" pin="0"/><net_sink comp="1660" pin=1"/></net>

<net id="1670"><net_src comp="538" pin="0"/><net_sink comp="1666" pin=0"/></net>

<net id="1671"><net_src comp="256" pin="0"/><net_sink comp="1666" pin=1"/></net>

<net id="1676"><net_src comp="538" pin="0"/><net_sink comp="1672" pin=0"/></net>

<net id="1677"><net_src comp="254" pin="0"/><net_sink comp="1672" pin=1"/></net>

<net id="1682"><net_src comp="538" pin="0"/><net_sink comp="1678" pin=0"/></net>

<net id="1683"><net_src comp="252" pin="0"/><net_sink comp="1678" pin=1"/></net>

<net id="1688"><net_src comp="538" pin="0"/><net_sink comp="1684" pin=0"/></net>

<net id="1689"><net_src comp="250" pin="0"/><net_sink comp="1684" pin=1"/></net>

<net id="1694"><net_src comp="538" pin="0"/><net_sink comp="1690" pin=0"/></net>

<net id="1695"><net_src comp="248" pin="0"/><net_sink comp="1690" pin=1"/></net>

<net id="1700"><net_src comp="538" pin="0"/><net_sink comp="1696" pin=0"/></net>

<net id="1701"><net_src comp="246" pin="0"/><net_sink comp="1696" pin=1"/></net>

<net id="1706"><net_src comp="538" pin="0"/><net_sink comp="1702" pin=0"/></net>

<net id="1707"><net_src comp="244" pin="0"/><net_sink comp="1702" pin=1"/></net>

<net id="1712"><net_src comp="538" pin="0"/><net_sink comp="1708" pin=0"/></net>

<net id="1713"><net_src comp="242" pin="0"/><net_sink comp="1708" pin=1"/></net>

<net id="1718"><net_src comp="538" pin="0"/><net_sink comp="1714" pin=0"/></net>

<net id="1719"><net_src comp="240" pin="0"/><net_sink comp="1714" pin=1"/></net>

<net id="1724"><net_src comp="538" pin="0"/><net_sink comp="1720" pin=0"/></net>

<net id="1725"><net_src comp="238" pin="0"/><net_sink comp="1720" pin=1"/></net>

<net id="1730"><net_src comp="538" pin="0"/><net_sink comp="1726" pin=0"/></net>

<net id="1731"><net_src comp="236" pin="0"/><net_sink comp="1726" pin=1"/></net>

<net id="1736"><net_src comp="538" pin="0"/><net_sink comp="1732" pin=0"/></net>

<net id="1737"><net_src comp="234" pin="0"/><net_sink comp="1732" pin=1"/></net>

<net id="1742"><net_src comp="538" pin="0"/><net_sink comp="1738" pin=0"/></net>

<net id="1743"><net_src comp="232" pin="0"/><net_sink comp="1738" pin=1"/></net>

<net id="1748"><net_src comp="538" pin="0"/><net_sink comp="1744" pin=0"/></net>

<net id="1749"><net_src comp="230" pin="0"/><net_sink comp="1744" pin=1"/></net>

<net id="1754"><net_src comp="538" pin="0"/><net_sink comp="1750" pin=0"/></net>

<net id="1755"><net_src comp="228" pin="0"/><net_sink comp="1750" pin=1"/></net>

<net id="1760"><net_src comp="538" pin="0"/><net_sink comp="1756" pin=0"/></net>

<net id="1761"><net_src comp="226" pin="0"/><net_sink comp="1756" pin=1"/></net>

<net id="1766"><net_src comp="538" pin="0"/><net_sink comp="1762" pin=0"/></net>

<net id="1767"><net_src comp="224" pin="0"/><net_sink comp="1762" pin=1"/></net>

<net id="1772"><net_src comp="538" pin="0"/><net_sink comp="1768" pin=0"/></net>

<net id="1773"><net_src comp="222" pin="0"/><net_sink comp="1768" pin=1"/></net>

<net id="1778"><net_src comp="538" pin="0"/><net_sink comp="1774" pin=0"/></net>

<net id="1779"><net_src comp="220" pin="0"/><net_sink comp="1774" pin=1"/></net>

<net id="1784"><net_src comp="538" pin="0"/><net_sink comp="1780" pin=0"/></net>

<net id="1785"><net_src comp="218" pin="0"/><net_sink comp="1780" pin=1"/></net>

<net id="1790"><net_src comp="538" pin="0"/><net_sink comp="1786" pin=0"/></net>

<net id="1791"><net_src comp="216" pin="0"/><net_sink comp="1786" pin=1"/></net>

<net id="1796"><net_src comp="538" pin="0"/><net_sink comp="1792" pin=0"/></net>

<net id="1797"><net_src comp="214" pin="0"/><net_sink comp="1792" pin=1"/></net>

<net id="1802"><net_src comp="538" pin="0"/><net_sink comp="1798" pin=0"/></net>

<net id="1803"><net_src comp="212" pin="0"/><net_sink comp="1798" pin=1"/></net>

<net id="1808"><net_src comp="538" pin="0"/><net_sink comp="1804" pin=0"/></net>

<net id="1809"><net_src comp="210" pin="0"/><net_sink comp="1804" pin=1"/></net>

<net id="1814"><net_src comp="538" pin="0"/><net_sink comp="1810" pin=0"/></net>

<net id="1815"><net_src comp="208" pin="0"/><net_sink comp="1810" pin=1"/></net>

<net id="1820"><net_src comp="538" pin="0"/><net_sink comp="1816" pin=0"/></net>

<net id="1821"><net_src comp="206" pin="0"/><net_sink comp="1816" pin=1"/></net>

<net id="1826"><net_src comp="538" pin="0"/><net_sink comp="1822" pin=0"/></net>

<net id="1827"><net_src comp="204" pin="0"/><net_sink comp="1822" pin=1"/></net>

<net id="1832"><net_src comp="538" pin="0"/><net_sink comp="1828" pin=0"/></net>

<net id="1833"><net_src comp="202" pin="0"/><net_sink comp="1828" pin=1"/></net>

<net id="1838"><net_src comp="538" pin="0"/><net_sink comp="1834" pin=0"/></net>

<net id="1839"><net_src comp="200" pin="0"/><net_sink comp="1834" pin=1"/></net>

<net id="1844"><net_src comp="538" pin="0"/><net_sink comp="1840" pin=0"/></net>

<net id="1845"><net_src comp="198" pin="0"/><net_sink comp="1840" pin=1"/></net>

<net id="1850"><net_src comp="538" pin="0"/><net_sink comp="1846" pin=0"/></net>

<net id="1851"><net_src comp="196" pin="0"/><net_sink comp="1846" pin=1"/></net>

<net id="1856"><net_src comp="538" pin="0"/><net_sink comp="1852" pin=0"/></net>

<net id="1857"><net_src comp="194" pin="0"/><net_sink comp="1852" pin=1"/></net>

<net id="1862"><net_src comp="538" pin="0"/><net_sink comp="1858" pin=0"/></net>

<net id="1863"><net_src comp="192" pin="0"/><net_sink comp="1858" pin=1"/></net>

<net id="1868"><net_src comp="538" pin="0"/><net_sink comp="1864" pin=0"/></net>

<net id="1869"><net_src comp="190" pin="0"/><net_sink comp="1864" pin=1"/></net>

<net id="1874"><net_src comp="538" pin="0"/><net_sink comp="1870" pin=0"/></net>

<net id="1875"><net_src comp="188" pin="0"/><net_sink comp="1870" pin=1"/></net>

<net id="1880"><net_src comp="538" pin="0"/><net_sink comp="1876" pin=0"/></net>

<net id="1881"><net_src comp="186" pin="0"/><net_sink comp="1876" pin=1"/></net>

<net id="1886"><net_src comp="538" pin="0"/><net_sink comp="1882" pin=0"/></net>

<net id="1887"><net_src comp="184" pin="0"/><net_sink comp="1882" pin=1"/></net>

<net id="1892"><net_src comp="538" pin="0"/><net_sink comp="1888" pin=0"/></net>

<net id="1893"><net_src comp="182" pin="0"/><net_sink comp="1888" pin=1"/></net>

<net id="1898"><net_src comp="538" pin="0"/><net_sink comp="1894" pin=0"/></net>

<net id="1899"><net_src comp="180" pin="0"/><net_sink comp="1894" pin=1"/></net>

<net id="1904"><net_src comp="538" pin="0"/><net_sink comp="1900" pin=0"/></net>

<net id="1905"><net_src comp="178" pin="0"/><net_sink comp="1900" pin=1"/></net>

<net id="1910"><net_src comp="538" pin="0"/><net_sink comp="1906" pin=0"/></net>

<net id="1911"><net_src comp="176" pin="0"/><net_sink comp="1906" pin=1"/></net>

<net id="1916"><net_src comp="538" pin="0"/><net_sink comp="1912" pin=0"/></net>

<net id="1917"><net_src comp="174" pin="0"/><net_sink comp="1912" pin=1"/></net>

<net id="1922"><net_src comp="538" pin="0"/><net_sink comp="1918" pin=0"/></net>

<net id="1923"><net_src comp="172" pin="0"/><net_sink comp="1918" pin=1"/></net>

<net id="1928"><net_src comp="538" pin="0"/><net_sink comp="1924" pin=0"/></net>

<net id="1929"><net_src comp="170" pin="0"/><net_sink comp="1924" pin=1"/></net>

<net id="1934"><net_src comp="538" pin="0"/><net_sink comp="1930" pin=0"/></net>

<net id="1935"><net_src comp="168" pin="0"/><net_sink comp="1930" pin=1"/></net>

<net id="1940"><net_src comp="538" pin="0"/><net_sink comp="1936" pin=0"/></net>

<net id="1941"><net_src comp="166" pin="0"/><net_sink comp="1936" pin=1"/></net>

<net id="1946"><net_src comp="538" pin="0"/><net_sink comp="1942" pin=0"/></net>

<net id="1947"><net_src comp="164" pin="0"/><net_sink comp="1942" pin=1"/></net>

<net id="1952"><net_src comp="538" pin="0"/><net_sink comp="1948" pin=0"/></net>

<net id="1953"><net_src comp="162" pin="0"/><net_sink comp="1948" pin=1"/></net>

<net id="1958"><net_src comp="538" pin="0"/><net_sink comp="1954" pin=0"/></net>

<net id="1959"><net_src comp="160" pin="0"/><net_sink comp="1954" pin=1"/></net>

<net id="1964"><net_src comp="538" pin="0"/><net_sink comp="1960" pin=0"/></net>

<net id="1965"><net_src comp="158" pin="0"/><net_sink comp="1960" pin=1"/></net>

<net id="1970"><net_src comp="538" pin="0"/><net_sink comp="1966" pin=0"/></net>

<net id="1971"><net_src comp="156" pin="0"/><net_sink comp="1966" pin=1"/></net>

<net id="1976"><net_src comp="538" pin="0"/><net_sink comp="1972" pin=0"/></net>

<net id="1977"><net_src comp="154" pin="0"/><net_sink comp="1972" pin=1"/></net>

<net id="1982"><net_src comp="538" pin="0"/><net_sink comp="1978" pin=0"/></net>

<net id="1983"><net_src comp="152" pin="0"/><net_sink comp="1978" pin=1"/></net>

<net id="1988"><net_src comp="538" pin="0"/><net_sink comp="1984" pin=0"/></net>

<net id="1989"><net_src comp="150" pin="0"/><net_sink comp="1984" pin=1"/></net>

<net id="1994"><net_src comp="538" pin="0"/><net_sink comp="1990" pin=0"/></net>

<net id="1995"><net_src comp="148" pin="0"/><net_sink comp="1990" pin=1"/></net>

<net id="2000"><net_src comp="538" pin="0"/><net_sink comp="1996" pin=0"/></net>

<net id="2001"><net_src comp="146" pin="0"/><net_sink comp="1996" pin=1"/></net>

<net id="2006"><net_src comp="538" pin="0"/><net_sink comp="2002" pin=0"/></net>

<net id="2007"><net_src comp="144" pin="0"/><net_sink comp="2002" pin=1"/></net>

<net id="2012"><net_src comp="538" pin="0"/><net_sink comp="2008" pin=0"/></net>

<net id="2013"><net_src comp="142" pin="0"/><net_sink comp="2008" pin=1"/></net>

<net id="2018"><net_src comp="538" pin="0"/><net_sink comp="2014" pin=0"/></net>

<net id="2019"><net_src comp="140" pin="0"/><net_sink comp="2014" pin=1"/></net>

<net id="2024"><net_src comp="538" pin="0"/><net_sink comp="2020" pin=0"/></net>

<net id="2025"><net_src comp="138" pin="0"/><net_sink comp="2020" pin=1"/></net>

<net id="2030"><net_src comp="538" pin="0"/><net_sink comp="2026" pin=0"/></net>

<net id="2031"><net_src comp="136" pin="0"/><net_sink comp="2026" pin=1"/></net>

<net id="2036"><net_src comp="538" pin="0"/><net_sink comp="2032" pin=0"/></net>

<net id="2037"><net_src comp="134" pin="0"/><net_sink comp="2032" pin=1"/></net>

<net id="2042"><net_src comp="538" pin="0"/><net_sink comp="2038" pin=0"/></net>

<net id="2043"><net_src comp="132" pin="0"/><net_sink comp="2038" pin=1"/></net>

<net id="2048"><net_src comp="538" pin="0"/><net_sink comp="2044" pin=0"/></net>

<net id="2049"><net_src comp="130" pin="0"/><net_sink comp="2044" pin=1"/></net>

<net id="2054"><net_src comp="538" pin="0"/><net_sink comp="2050" pin=0"/></net>

<net id="2055"><net_src comp="128" pin="0"/><net_sink comp="2050" pin=1"/></net>

<net id="2060"><net_src comp="538" pin="0"/><net_sink comp="2056" pin=0"/></net>

<net id="2061"><net_src comp="126" pin="0"/><net_sink comp="2056" pin=1"/></net>

<net id="2066"><net_src comp="538" pin="0"/><net_sink comp="2062" pin=0"/></net>

<net id="2067"><net_src comp="124" pin="0"/><net_sink comp="2062" pin=1"/></net>

<net id="2072"><net_src comp="538" pin="0"/><net_sink comp="2068" pin=0"/></net>

<net id="2073"><net_src comp="122" pin="0"/><net_sink comp="2068" pin=1"/></net>

<net id="2078"><net_src comp="538" pin="0"/><net_sink comp="2074" pin=0"/></net>

<net id="2079"><net_src comp="120" pin="0"/><net_sink comp="2074" pin=1"/></net>

<net id="2084"><net_src comp="538" pin="0"/><net_sink comp="2080" pin=0"/></net>

<net id="2085"><net_src comp="118" pin="0"/><net_sink comp="2080" pin=1"/></net>

<net id="2090"><net_src comp="538" pin="0"/><net_sink comp="2086" pin=0"/></net>

<net id="2091"><net_src comp="116" pin="0"/><net_sink comp="2086" pin=1"/></net>

<net id="2096"><net_src comp="538" pin="0"/><net_sink comp="2092" pin=0"/></net>

<net id="2097"><net_src comp="114" pin="0"/><net_sink comp="2092" pin=1"/></net>

<net id="2102"><net_src comp="538" pin="0"/><net_sink comp="2098" pin=0"/></net>

<net id="2103"><net_src comp="112" pin="0"/><net_sink comp="2098" pin=1"/></net>

<net id="2108"><net_src comp="538" pin="0"/><net_sink comp="2104" pin=0"/></net>

<net id="2109"><net_src comp="110" pin="0"/><net_sink comp="2104" pin=1"/></net>

<net id="2114"><net_src comp="538" pin="0"/><net_sink comp="2110" pin=0"/></net>

<net id="2115"><net_src comp="108" pin="0"/><net_sink comp="2110" pin=1"/></net>

<net id="2120"><net_src comp="538" pin="0"/><net_sink comp="2116" pin=0"/></net>

<net id="2121"><net_src comp="106" pin="0"/><net_sink comp="2116" pin=1"/></net>

<net id="2126"><net_src comp="538" pin="0"/><net_sink comp="2122" pin=0"/></net>

<net id="2127"><net_src comp="104" pin="0"/><net_sink comp="2122" pin=1"/></net>

<net id="2132"><net_src comp="538" pin="0"/><net_sink comp="2128" pin=0"/></net>

<net id="2133"><net_src comp="102" pin="0"/><net_sink comp="2128" pin=1"/></net>

<net id="2138"><net_src comp="538" pin="0"/><net_sink comp="2134" pin=0"/></net>

<net id="2139"><net_src comp="100" pin="0"/><net_sink comp="2134" pin=1"/></net>

<net id="2144"><net_src comp="538" pin="0"/><net_sink comp="2140" pin=0"/></net>

<net id="2145"><net_src comp="98" pin="0"/><net_sink comp="2140" pin=1"/></net>

<net id="2150"><net_src comp="538" pin="0"/><net_sink comp="2146" pin=0"/></net>

<net id="2151"><net_src comp="96" pin="0"/><net_sink comp="2146" pin=1"/></net>

<net id="2156"><net_src comp="538" pin="0"/><net_sink comp="2152" pin=0"/></net>

<net id="2157"><net_src comp="94" pin="0"/><net_sink comp="2152" pin=1"/></net>

<net id="2162"><net_src comp="538" pin="0"/><net_sink comp="2158" pin=0"/></net>

<net id="2163"><net_src comp="92" pin="0"/><net_sink comp="2158" pin=1"/></net>

<net id="2168"><net_src comp="538" pin="0"/><net_sink comp="2164" pin=0"/></net>

<net id="2169"><net_src comp="90" pin="0"/><net_sink comp="2164" pin=1"/></net>

<net id="2174"><net_src comp="538" pin="0"/><net_sink comp="2170" pin=0"/></net>

<net id="2175"><net_src comp="88" pin="0"/><net_sink comp="2170" pin=1"/></net>

<net id="2180"><net_src comp="538" pin="0"/><net_sink comp="2176" pin=0"/></net>

<net id="2181"><net_src comp="86" pin="0"/><net_sink comp="2176" pin=1"/></net>

<net id="2186"><net_src comp="538" pin="0"/><net_sink comp="2182" pin=0"/></net>

<net id="2187"><net_src comp="84" pin="0"/><net_sink comp="2182" pin=1"/></net>

<net id="2192"><net_src comp="538" pin="0"/><net_sink comp="2188" pin=0"/></net>

<net id="2193"><net_src comp="82" pin="0"/><net_sink comp="2188" pin=1"/></net>

<net id="2198"><net_src comp="538" pin="0"/><net_sink comp="2194" pin=0"/></net>

<net id="2199"><net_src comp="80" pin="0"/><net_sink comp="2194" pin=1"/></net>

<net id="2204"><net_src comp="538" pin="0"/><net_sink comp="2200" pin=0"/></net>

<net id="2205"><net_src comp="78" pin="0"/><net_sink comp="2200" pin=1"/></net>

<net id="2210"><net_src comp="538" pin="0"/><net_sink comp="2206" pin=0"/></net>

<net id="2211"><net_src comp="76" pin="0"/><net_sink comp="2206" pin=1"/></net>

<net id="2216"><net_src comp="538" pin="0"/><net_sink comp="2212" pin=0"/></net>

<net id="2217"><net_src comp="74" pin="0"/><net_sink comp="2212" pin=1"/></net>

<net id="2222"><net_src comp="538" pin="0"/><net_sink comp="2218" pin=0"/></net>

<net id="2223"><net_src comp="72" pin="0"/><net_sink comp="2218" pin=1"/></net>

<net id="2228"><net_src comp="538" pin="0"/><net_sink comp="2224" pin=0"/></net>

<net id="2229"><net_src comp="70" pin="0"/><net_sink comp="2224" pin=1"/></net>

<net id="2234"><net_src comp="538" pin="0"/><net_sink comp="2230" pin=0"/></net>

<net id="2235"><net_src comp="68" pin="0"/><net_sink comp="2230" pin=1"/></net>

<net id="2240"><net_src comp="538" pin="0"/><net_sink comp="2236" pin=0"/></net>

<net id="2241"><net_src comp="66" pin="0"/><net_sink comp="2236" pin=1"/></net>

<net id="2246"><net_src comp="538" pin="0"/><net_sink comp="2242" pin=0"/></net>

<net id="2247"><net_src comp="64" pin="0"/><net_sink comp="2242" pin=1"/></net>

<net id="2252"><net_src comp="538" pin="0"/><net_sink comp="2248" pin=0"/></net>

<net id="2253"><net_src comp="62" pin="0"/><net_sink comp="2248" pin=1"/></net>

<net id="2258"><net_src comp="538" pin="0"/><net_sink comp="2254" pin=0"/></net>

<net id="2259"><net_src comp="60" pin="0"/><net_sink comp="2254" pin=1"/></net>

<net id="2264"><net_src comp="538" pin="0"/><net_sink comp="2260" pin=0"/></net>

<net id="2265"><net_src comp="58" pin="0"/><net_sink comp="2260" pin=1"/></net>

<net id="2270"><net_src comp="538" pin="0"/><net_sink comp="2266" pin=0"/></net>

<net id="2271"><net_src comp="56" pin="0"/><net_sink comp="2266" pin=1"/></net>

<net id="2276"><net_src comp="538" pin="0"/><net_sink comp="2272" pin=0"/></net>

<net id="2277"><net_src comp="54" pin="0"/><net_sink comp="2272" pin=1"/></net>

<net id="2282"><net_src comp="538" pin="0"/><net_sink comp="2278" pin=0"/></net>

<net id="2283"><net_src comp="52" pin="0"/><net_sink comp="2278" pin=1"/></net>

<net id="2288"><net_src comp="538" pin="0"/><net_sink comp="2284" pin=0"/></net>

<net id="2289"><net_src comp="50" pin="0"/><net_sink comp="2284" pin=1"/></net>

<net id="2294"><net_src comp="538" pin="0"/><net_sink comp="2290" pin=0"/></net>

<net id="2295"><net_src comp="48" pin="0"/><net_sink comp="2290" pin=1"/></net>

<net id="2300"><net_src comp="538" pin="0"/><net_sink comp="2296" pin=0"/></net>

<net id="2301"><net_src comp="46" pin="0"/><net_sink comp="2296" pin=1"/></net>

<net id="2306"><net_src comp="538" pin="0"/><net_sink comp="2302" pin=0"/></net>

<net id="2307"><net_src comp="44" pin="0"/><net_sink comp="2302" pin=1"/></net>

<net id="2312"><net_src comp="538" pin="0"/><net_sink comp="2308" pin=0"/></net>

<net id="2313"><net_src comp="42" pin="0"/><net_sink comp="2308" pin=1"/></net>

<net id="2318"><net_src comp="538" pin="0"/><net_sink comp="2314" pin=0"/></net>

<net id="2319"><net_src comp="40" pin="0"/><net_sink comp="2314" pin=1"/></net>

<net id="2324"><net_src comp="538" pin="0"/><net_sink comp="2320" pin=0"/></net>

<net id="2325"><net_src comp="38" pin="0"/><net_sink comp="2320" pin=1"/></net>

<net id="2330"><net_src comp="538" pin="0"/><net_sink comp="2326" pin=0"/></net>

<net id="2331"><net_src comp="36" pin="0"/><net_sink comp="2326" pin=1"/></net>

<net id="2336"><net_src comp="538" pin="0"/><net_sink comp="2332" pin=0"/></net>

<net id="2337"><net_src comp="34" pin="0"/><net_sink comp="2332" pin=1"/></net>

<net id="2342"><net_src comp="538" pin="0"/><net_sink comp="2338" pin=0"/></net>

<net id="2343"><net_src comp="32" pin="0"/><net_sink comp="2338" pin=1"/></net>

<net id="2348"><net_src comp="538" pin="0"/><net_sink comp="2344" pin=0"/></net>

<net id="2349"><net_src comp="30" pin="0"/><net_sink comp="2344" pin=1"/></net>

<net id="2354"><net_src comp="538" pin="0"/><net_sink comp="2350" pin=0"/></net>

<net id="2355"><net_src comp="28" pin="0"/><net_sink comp="2350" pin=1"/></net>

<net id="2360"><net_src comp="538" pin="0"/><net_sink comp="2356" pin=0"/></net>

<net id="2361"><net_src comp="26" pin="0"/><net_sink comp="2356" pin=1"/></net>

<net id="2366"><net_src comp="538" pin="0"/><net_sink comp="2362" pin=0"/></net>

<net id="2367"><net_src comp="24" pin="0"/><net_sink comp="2362" pin=1"/></net>

<net id="2372"><net_src comp="538" pin="0"/><net_sink comp="2368" pin=0"/></net>

<net id="2373"><net_src comp="22" pin="0"/><net_sink comp="2368" pin=1"/></net>

<net id="2378"><net_src comp="538" pin="0"/><net_sink comp="2374" pin=0"/></net>

<net id="2379"><net_src comp="20" pin="0"/><net_sink comp="2374" pin=1"/></net>

<net id="2384"><net_src comp="538" pin="0"/><net_sink comp="2380" pin=0"/></net>

<net id="2385"><net_src comp="18" pin="0"/><net_sink comp="2380" pin=1"/></net>

<net id="2390"><net_src comp="538" pin="0"/><net_sink comp="2386" pin=0"/></net>

<net id="2391"><net_src comp="16" pin="0"/><net_sink comp="2386" pin=1"/></net>

<net id="2396"><net_src comp="538" pin="0"/><net_sink comp="2392" pin=0"/></net>

<net id="2397"><net_src comp="14" pin="0"/><net_sink comp="2392" pin=1"/></net>

<net id="2402"><net_src comp="538" pin="0"/><net_sink comp="2398" pin=0"/></net>

<net id="2403"><net_src comp="12" pin="0"/><net_sink comp="2398" pin=1"/></net>

<net id="2408"><net_src comp="538" pin="0"/><net_sink comp="2404" pin=0"/></net>

<net id="2409"><net_src comp="10" pin="0"/><net_sink comp="2404" pin=1"/></net>

<net id="2414"><net_src comp="538" pin="0"/><net_sink comp="2410" pin=0"/></net>

<net id="2415"><net_src comp="8" pin="0"/><net_sink comp="2410" pin=1"/></net>

<net id="2420"><net_src comp="538" pin="0"/><net_sink comp="2416" pin=0"/></net>

<net id="2421"><net_src comp="6" pin="0"/><net_sink comp="2416" pin=1"/></net>

<net id="2426"><net_src comp="538" pin="0"/><net_sink comp="2422" pin=0"/></net>

<net id="2427"><net_src comp="4" pin="0"/><net_sink comp="2422" pin=1"/></net>

<net id="2432"><net_src comp="540" pin="0"/><net_sink comp="2428" pin=0"/></net>

<net id="2433"><net_src comp="2" pin="0"/><net_sink comp="2428" pin=1"/></net>

<net id="2438"><net_src comp="542" pin="0"/><net_sink comp="2434" pin=0"/></net>

<net id="2439"><net_src comp="0" pin="0"/><net_sink comp="2434" pin=1"/></net>

<net id="2445"><net_src comp="880" pin="0"/><net_sink comp="2440" pin=0"/></net>

<net id="2446"><net_src comp="518" pin="0"/><net_sink comp="2440" pin=1"/></net>

<net id="2451"><net_src comp="544" pin="0"/><net_sink comp="2447" pin=0"/></net>

<net id="2459"><net_src comp="2452" pin="1"/><net_sink comp="2455" pin=0"/></net>

<net id="2460"><net_src comp="2434" pin="2"/><net_sink comp="2455" pin=1"/></net>

<net id="2465"><net_src comp="2452" pin="1"/><net_sink comp="2461" pin=0"/></net>

<net id="2466"><net_src comp="554" pin="0"/><net_sink comp="2461" pin=1"/></net>

<net id="2470"><net_src comp="2452" pin="1"/><net_sink comp="2467" pin=0"/></net>

<net id="2476"><net_src comp="556" pin="0"/><net_sink comp="2471" pin=0"/></net>

<net id="2477"><net_src comp="2467" pin="1"/><net_sink comp="2471" pin=1"/></net>

<net id="2478"><net_src comp="558" pin="0"/><net_sink comp="2471" pin=2"/></net>

<net id="2482"><net_src comp="2471" pin="3"/><net_sink comp="2479" pin=0"/></net>

<net id="2487"><net_src comp="2479" pin="1"/><net_sink comp="2483" pin=0"/></net>

<net id="2488"><net_src comp="2428" pin="2"/><net_sink comp="2483" pin=1"/></net>

<net id="2622"><net_src comp="560" pin="0"/><net_sink comp="2489" pin=0"/></net>

<net id="2623"><net_src comp="562" pin="0"/><net_sink comp="2489" pin=1"/></net>

<net id="2624"><net_src comp="2422" pin="2"/><net_sink comp="2489" pin=2"/></net>

<net id="2625"><net_src comp="564" pin="0"/><net_sink comp="2489" pin=3"/></net>

<net id="2626"><net_src comp="2416" pin="2"/><net_sink comp="2489" pin=4"/></net>

<net id="2627"><net_src comp="566" pin="0"/><net_sink comp="2489" pin=5"/></net>

<net id="2628"><net_src comp="2410" pin="2"/><net_sink comp="2489" pin=6"/></net>

<net id="2629"><net_src comp="568" pin="0"/><net_sink comp="2489" pin=7"/></net>

<net id="2630"><net_src comp="2404" pin="2"/><net_sink comp="2489" pin=8"/></net>

<net id="2631"><net_src comp="570" pin="0"/><net_sink comp="2489" pin=9"/></net>

<net id="2632"><net_src comp="2398" pin="2"/><net_sink comp="2489" pin=10"/></net>

<net id="2633"><net_src comp="572" pin="0"/><net_sink comp="2489" pin=11"/></net>

<net id="2634"><net_src comp="2392" pin="2"/><net_sink comp="2489" pin=12"/></net>

<net id="2635"><net_src comp="574" pin="0"/><net_sink comp="2489" pin=13"/></net>

<net id="2636"><net_src comp="2386" pin="2"/><net_sink comp="2489" pin=14"/></net>

<net id="2637"><net_src comp="576" pin="0"/><net_sink comp="2489" pin=15"/></net>

<net id="2638"><net_src comp="2380" pin="2"/><net_sink comp="2489" pin=16"/></net>

<net id="2639"><net_src comp="578" pin="0"/><net_sink comp="2489" pin=17"/></net>

<net id="2640"><net_src comp="2374" pin="2"/><net_sink comp="2489" pin=18"/></net>

<net id="2641"><net_src comp="580" pin="0"/><net_sink comp="2489" pin=19"/></net>

<net id="2642"><net_src comp="2368" pin="2"/><net_sink comp="2489" pin=20"/></net>

<net id="2643"><net_src comp="582" pin="0"/><net_sink comp="2489" pin=21"/></net>

<net id="2644"><net_src comp="2362" pin="2"/><net_sink comp="2489" pin=22"/></net>

<net id="2645"><net_src comp="584" pin="0"/><net_sink comp="2489" pin=23"/></net>

<net id="2646"><net_src comp="2356" pin="2"/><net_sink comp="2489" pin=24"/></net>

<net id="2647"><net_src comp="586" pin="0"/><net_sink comp="2489" pin=25"/></net>

<net id="2648"><net_src comp="2350" pin="2"/><net_sink comp="2489" pin=26"/></net>

<net id="2649"><net_src comp="588" pin="0"/><net_sink comp="2489" pin=27"/></net>

<net id="2650"><net_src comp="2344" pin="2"/><net_sink comp="2489" pin=28"/></net>

<net id="2651"><net_src comp="590" pin="0"/><net_sink comp="2489" pin=29"/></net>

<net id="2652"><net_src comp="2338" pin="2"/><net_sink comp="2489" pin=30"/></net>

<net id="2653"><net_src comp="592" pin="0"/><net_sink comp="2489" pin=31"/></net>

<net id="2654"><net_src comp="2332" pin="2"/><net_sink comp="2489" pin=32"/></net>

<net id="2655"><net_src comp="594" pin="0"/><net_sink comp="2489" pin=33"/></net>

<net id="2656"><net_src comp="2326" pin="2"/><net_sink comp="2489" pin=34"/></net>

<net id="2657"><net_src comp="596" pin="0"/><net_sink comp="2489" pin=35"/></net>

<net id="2658"><net_src comp="2320" pin="2"/><net_sink comp="2489" pin=36"/></net>

<net id="2659"><net_src comp="598" pin="0"/><net_sink comp="2489" pin=37"/></net>

<net id="2660"><net_src comp="2314" pin="2"/><net_sink comp="2489" pin=38"/></net>

<net id="2661"><net_src comp="600" pin="0"/><net_sink comp="2489" pin=39"/></net>

<net id="2662"><net_src comp="2308" pin="2"/><net_sink comp="2489" pin=40"/></net>

<net id="2663"><net_src comp="602" pin="0"/><net_sink comp="2489" pin=41"/></net>

<net id="2664"><net_src comp="2302" pin="2"/><net_sink comp="2489" pin=42"/></net>

<net id="2665"><net_src comp="604" pin="0"/><net_sink comp="2489" pin=43"/></net>

<net id="2666"><net_src comp="2296" pin="2"/><net_sink comp="2489" pin=44"/></net>

<net id="2667"><net_src comp="606" pin="0"/><net_sink comp="2489" pin=45"/></net>

<net id="2668"><net_src comp="2290" pin="2"/><net_sink comp="2489" pin=46"/></net>

<net id="2669"><net_src comp="608" pin="0"/><net_sink comp="2489" pin=47"/></net>

<net id="2670"><net_src comp="2284" pin="2"/><net_sink comp="2489" pin=48"/></net>

<net id="2671"><net_src comp="610" pin="0"/><net_sink comp="2489" pin=49"/></net>

<net id="2672"><net_src comp="2278" pin="2"/><net_sink comp="2489" pin=50"/></net>

<net id="2673"><net_src comp="612" pin="0"/><net_sink comp="2489" pin=51"/></net>

<net id="2674"><net_src comp="2272" pin="2"/><net_sink comp="2489" pin=52"/></net>

<net id="2675"><net_src comp="614" pin="0"/><net_sink comp="2489" pin=53"/></net>

<net id="2676"><net_src comp="2266" pin="2"/><net_sink comp="2489" pin=54"/></net>

<net id="2677"><net_src comp="616" pin="0"/><net_sink comp="2489" pin=55"/></net>

<net id="2678"><net_src comp="2260" pin="2"/><net_sink comp="2489" pin=56"/></net>

<net id="2679"><net_src comp="618" pin="0"/><net_sink comp="2489" pin=57"/></net>

<net id="2680"><net_src comp="2254" pin="2"/><net_sink comp="2489" pin=58"/></net>

<net id="2681"><net_src comp="620" pin="0"/><net_sink comp="2489" pin=59"/></net>

<net id="2682"><net_src comp="2248" pin="2"/><net_sink comp="2489" pin=60"/></net>

<net id="2683"><net_src comp="622" pin="0"/><net_sink comp="2489" pin=61"/></net>

<net id="2684"><net_src comp="2242" pin="2"/><net_sink comp="2489" pin=62"/></net>

<net id="2685"><net_src comp="624" pin="0"/><net_sink comp="2489" pin=63"/></net>

<net id="2686"><net_src comp="2236" pin="2"/><net_sink comp="2489" pin=64"/></net>

<net id="2687"><net_src comp="626" pin="0"/><net_sink comp="2489" pin=65"/></net>

<net id="2688"><net_src comp="2230" pin="2"/><net_sink comp="2489" pin=66"/></net>

<net id="2689"><net_src comp="628" pin="0"/><net_sink comp="2489" pin=67"/></net>

<net id="2690"><net_src comp="2224" pin="2"/><net_sink comp="2489" pin=68"/></net>

<net id="2691"><net_src comp="630" pin="0"/><net_sink comp="2489" pin=69"/></net>

<net id="2692"><net_src comp="2218" pin="2"/><net_sink comp="2489" pin=70"/></net>

<net id="2693"><net_src comp="632" pin="0"/><net_sink comp="2489" pin=71"/></net>

<net id="2694"><net_src comp="2212" pin="2"/><net_sink comp="2489" pin=72"/></net>

<net id="2695"><net_src comp="634" pin="0"/><net_sink comp="2489" pin=73"/></net>

<net id="2696"><net_src comp="2206" pin="2"/><net_sink comp="2489" pin=74"/></net>

<net id="2697"><net_src comp="636" pin="0"/><net_sink comp="2489" pin=75"/></net>

<net id="2698"><net_src comp="2200" pin="2"/><net_sink comp="2489" pin=76"/></net>

<net id="2699"><net_src comp="638" pin="0"/><net_sink comp="2489" pin=77"/></net>

<net id="2700"><net_src comp="2194" pin="2"/><net_sink comp="2489" pin=78"/></net>

<net id="2701"><net_src comp="640" pin="0"/><net_sink comp="2489" pin=79"/></net>

<net id="2702"><net_src comp="2188" pin="2"/><net_sink comp="2489" pin=80"/></net>

<net id="2703"><net_src comp="642" pin="0"/><net_sink comp="2489" pin=81"/></net>

<net id="2704"><net_src comp="2182" pin="2"/><net_sink comp="2489" pin=82"/></net>

<net id="2705"><net_src comp="644" pin="0"/><net_sink comp="2489" pin=83"/></net>

<net id="2706"><net_src comp="2176" pin="2"/><net_sink comp="2489" pin=84"/></net>

<net id="2707"><net_src comp="646" pin="0"/><net_sink comp="2489" pin=85"/></net>

<net id="2708"><net_src comp="2170" pin="2"/><net_sink comp="2489" pin=86"/></net>

<net id="2709"><net_src comp="648" pin="0"/><net_sink comp="2489" pin=87"/></net>

<net id="2710"><net_src comp="2164" pin="2"/><net_sink comp="2489" pin=88"/></net>

<net id="2711"><net_src comp="650" pin="0"/><net_sink comp="2489" pin=89"/></net>

<net id="2712"><net_src comp="2158" pin="2"/><net_sink comp="2489" pin=90"/></net>

<net id="2713"><net_src comp="652" pin="0"/><net_sink comp="2489" pin=91"/></net>

<net id="2714"><net_src comp="2152" pin="2"/><net_sink comp="2489" pin=92"/></net>

<net id="2715"><net_src comp="654" pin="0"/><net_sink comp="2489" pin=93"/></net>

<net id="2716"><net_src comp="2146" pin="2"/><net_sink comp="2489" pin=94"/></net>

<net id="2717"><net_src comp="656" pin="0"/><net_sink comp="2489" pin=95"/></net>

<net id="2718"><net_src comp="2140" pin="2"/><net_sink comp="2489" pin=96"/></net>

<net id="2719"><net_src comp="658" pin="0"/><net_sink comp="2489" pin=97"/></net>

<net id="2720"><net_src comp="2134" pin="2"/><net_sink comp="2489" pin=98"/></net>

<net id="2721"><net_src comp="660" pin="0"/><net_sink comp="2489" pin=99"/></net>

<net id="2722"><net_src comp="2128" pin="2"/><net_sink comp="2489" pin=100"/></net>

<net id="2723"><net_src comp="662" pin="0"/><net_sink comp="2489" pin=101"/></net>

<net id="2724"><net_src comp="2122" pin="2"/><net_sink comp="2489" pin=102"/></net>

<net id="2725"><net_src comp="664" pin="0"/><net_sink comp="2489" pin=103"/></net>

<net id="2726"><net_src comp="2116" pin="2"/><net_sink comp="2489" pin=104"/></net>

<net id="2727"><net_src comp="666" pin="0"/><net_sink comp="2489" pin=105"/></net>

<net id="2728"><net_src comp="2110" pin="2"/><net_sink comp="2489" pin=106"/></net>

<net id="2729"><net_src comp="668" pin="0"/><net_sink comp="2489" pin=107"/></net>

<net id="2730"><net_src comp="2104" pin="2"/><net_sink comp="2489" pin=108"/></net>

<net id="2731"><net_src comp="670" pin="0"/><net_sink comp="2489" pin=109"/></net>

<net id="2732"><net_src comp="2098" pin="2"/><net_sink comp="2489" pin=110"/></net>

<net id="2733"><net_src comp="672" pin="0"/><net_sink comp="2489" pin=111"/></net>

<net id="2734"><net_src comp="2092" pin="2"/><net_sink comp="2489" pin=112"/></net>

<net id="2735"><net_src comp="674" pin="0"/><net_sink comp="2489" pin=113"/></net>

<net id="2736"><net_src comp="2086" pin="2"/><net_sink comp="2489" pin=114"/></net>

<net id="2737"><net_src comp="676" pin="0"/><net_sink comp="2489" pin=115"/></net>

<net id="2738"><net_src comp="2080" pin="2"/><net_sink comp="2489" pin=116"/></net>

<net id="2739"><net_src comp="678" pin="0"/><net_sink comp="2489" pin=117"/></net>

<net id="2740"><net_src comp="2074" pin="2"/><net_sink comp="2489" pin=118"/></net>

<net id="2741"><net_src comp="680" pin="0"/><net_sink comp="2489" pin=119"/></net>

<net id="2742"><net_src comp="2068" pin="2"/><net_sink comp="2489" pin=120"/></net>

<net id="2743"><net_src comp="682" pin="0"/><net_sink comp="2489" pin=121"/></net>

<net id="2744"><net_src comp="2062" pin="2"/><net_sink comp="2489" pin=122"/></net>

<net id="2745"><net_src comp="684" pin="0"/><net_sink comp="2489" pin=123"/></net>

<net id="2746"><net_src comp="2056" pin="2"/><net_sink comp="2489" pin=124"/></net>

<net id="2747"><net_src comp="686" pin="0"/><net_sink comp="2489" pin=125"/></net>

<net id="2748"><net_src comp="2050" pin="2"/><net_sink comp="2489" pin=126"/></net>

<net id="2749"><net_src comp="688" pin="0"/><net_sink comp="2489" pin=127"/></net>

<net id="2750"><net_src comp="2044" pin="2"/><net_sink comp="2489" pin=128"/></net>

<net id="2751"><net_src comp="690" pin="0"/><net_sink comp="2489" pin=129"/></net>

<net id="2752"><net_src comp="2467" pin="1"/><net_sink comp="2489" pin=130"/></net>

<net id="2757"><net_src comp="2489" pin="131"/><net_sink comp="2753" pin=0"/></net>

<net id="2758"><net_src comp="2038" pin="2"/><net_sink comp="2753" pin=1"/></net>

<net id="2764"><net_src comp="556" pin="0"/><net_sink comp="2759" pin=0"/></net>

<net id="2765"><net_src comp="2467" pin="1"/><net_sink comp="2759" pin=1"/></net>

<net id="2766"><net_src comp="692" pin="0"/><net_sink comp="2759" pin=2"/></net>

<net id="2770"><net_src comp="2759" pin="3"/><net_sink comp="2767" pin=0"/></net>

<net id="2775"><net_src comp="2767" pin="1"/><net_sink comp="2771" pin=0"/></net>

<net id="2776"><net_src comp="2428" pin="2"/><net_sink comp="2771" pin=1"/></net>

<net id="2910"><net_src comp="560" pin="0"/><net_sink comp="2777" pin=0"/></net>

<net id="2911"><net_src comp="562" pin="0"/><net_sink comp="2777" pin=1"/></net>

<net id="2912"><net_src comp="2032" pin="2"/><net_sink comp="2777" pin=2"/></net>

<net id="2913"><net_src comp="564" pin="0"/><net_sink comp="2777" pin=3"/></net>

<net id="2914"><net_src comp="2026" pin="2"/><net_sink comp="2777" pin=4"/></net>

<net id="2915"><net_src comp="566" pin="0"/><net_sink comp="2777" pin=5"/></net>

<net id="2916"><net_src comp="2020" pin="2"/><net_sink comp="2777" pin=6"/></net>

<net id="2917"><net_src comp="568" pin="0"/><net_sink comp="2777" pin=7"/></net>

<net id="2918"><net_src comp="2014" pin="2"/><net_sink comp="2777" pin=8"/></net>

<net id="2919"><net_src comp="570" pin="0"/><net_sink comp="2777" pin=9"/></net>

<net id="2920"><net_src comp="2008" pin="2"/><net_sink comp="2777" pin=10"/></net>

<net id="2921"><net_src comp="572" pin="0"/><net_sink comp="2777" pin=11"/></net>

<net id="2922"><net_src comp="2002" pin="2"/><net_sink comp="2777" pin=12"/></net>

<net id="2923"><net_src comp="574" pin="0"/><net_sink comp="2777" pin=13"/></net>

<net id="2924"><net_src comp="1996" pin="2"/><net_sink comp="2777" pin=14"/></net>

<net id="2925"><net_src comp="576" pin="0"/><net_sink comp="2777" pin=15"/></net>

<net id="2926"><net_src comp="1990" pin="2"/><net_sink comp="2777" pin=16"/></net>

<net id="2927"><net_src comp="578" pin="0"/><net_sink comp="2777" pin=17"/></net>

<net id="2928"><net_src comp="1984" pin="2"/><net_sink comp="2777" pin=18"/></net>

<net id="2929"><net_src comp="580" pin="0"/><net_sink comp="2777" pin=19"/></net>

<net id="2930"><net_src comp="1978" pin="2"/><net_sink comp="2777" pin=20"/></net>

<net id="2931"><net_src comp="582" pin="0"/><net_sink comp="2777" pin=21"/></net>

<net id="2932"><net_src comp="1972" pin="2"/><net_sink comp="2777" pin=22"/></net>

<net id="2933"><net_src comp="584" pin="0"/><net_sink comp="2777" pin=23"/></net>

<net id="2934"><net_src comp="1966" pin="2"/><net_sink comp="2777" pin=24"/></net>

<net id="2935"><net_src comp="586" pin="0"/><net_sink comp="2777" pin=25"/></net>

<net id="2936"><net_src comp="1960" pin="2"/><net_sink comp="2777" pin=26"/></net>

<net id="2937"><net_src comp="588" pin="0"/><net_sink comp="2777" pin=27"/></net>

<net id="2938"><net_src comp="1954" pin="2"/><net_sink comp="2777" pin=28"/></net>

<net id="2939"><net_src comp="590" pin="0"/><net_sink comp="2777" pin=29"/></net>

<net id="2940"><net_src comp="1948" pin="2"/><net_sink comp="2777" pin=30"/></net>

<net id="2941"><net_src comp="592" pin="0"/><net_sink comp="2777" pin=31"/></net>

<net id="2942"><net_src comp="1942" pin="2"/><net_sink comp="2777" pin=32"/></net>

<net id="2943"><net_src comp="594" pin="0"/><net_sink comp="2777" pin=33"/></net>

<net id="2944"><net_src comp="1936" pin="2"/><net_sink comp="2777" pin=34"/></net>

<net id="2945"><net_src comp="596" pin="0"/><net_sink comp="2777" pin=35"/></net>

<net id="2946"><net_src comp="1930" pin="2"/><net_sink comp="2777" pin=36"/></net>

<net id="2947"><net_src comp="598" pin="0"/><net_sink comp="2777" pin=37"/></net>

<net id="2948"><net_src comp="1924" pin="2"/><net_sink comp="2777" pin=38"/></net>

<net id="2949"><net_src comp="600" pin="0"/><net_sink comp="2777" pin=39"/></net>

<net id="2950"><net_src comp="1918" pin="2"/><net_sink comp="2777" pin=40"/></net>

<net id="2951"><net_src comp="602" pin="0"/><net_sink comp="2777" pin=41"/></net>

<net id="2952"><net_src comp="1912" pin="2"/><net_sink comp="2777" pin=42"/></net>

<net id="2953"><net_src comp="604" pin="0"/><net_sink comp="2777" pin=43"/></net>

<net id="2954"><net_src comp="1906" pin="2"/><net_sink comp="2777" pin=44"/></net>

<net id="2955"><net_src comp="606" pin="0"/><net_sink comp="2777" pin=45"/></net>

<net id="2956"><net_src comp="1900" pin="2"/><net_sink comp="2777" pin=46"/></net>

<net id="2957"><net_src comp="608" pin="0"/><net_sink comp="2777" pin=47"/></net>

<net id="2958"><net_src comp="1894" pin="2"/><net_sink comp="2777" pin=48"/></net>

<net id="2959"><net_src comp="610" pin="0"/><net_sink comp="2777" pin=49"/></net>

<net id="2960"><net_src comp="1888" pin="2"/><net_sink comp="2777" pin=50"/></net>

<net id="2961"><net_src comp="612" pin="0"/><net_sink comp="2777" pin=51"/></net>

<net id="2962"><net_src comp="1882" pin="2"/><net_sink comp="2777" pin=52"/></net>

<net id="2963"><net_src comp="614" pin="0"/><net_sink comp="2777" pin=53"/></net>

<net id="2964"><net_src comp="1876" pin="2"/><net_sink comp="2777" pin=54"/></net>

<net id="2965"><net_src comp="616" pin="0"/><net_sink comp="2777" pin=55"/></net>

<net id="2966"><net_src comp="1870" pin="2"/><net_sink comp="2777" pin=56"/></net>

<net id="2967"><net_src comp="618" pin="0"/><net_sink comp="2777" pin=57"/></net>

<net id="2968"><net_src comp="1864" pin="2"/><net_sink comp="2777" pin=58"/></net>

<net id="2969"><net_src comp="620" pin="0"/><net_sink comp="2777" pin=59"/></net>

<net id="2970"><net_src comp="1858" pin="2"/><net_sink comp="2777" pin=60"/></net>

<net id="2971"><net_src comp="622" pin="0"/><net_sink comp="2777" pin=61"/></net>

<net id="2972"><net_src comp="1852" pin="2"/><net_sink comp="2777" pin=62"/></net>

<net id="2973"><net_src comp="624" pin="0"/><net_sink comp="2777" pin=63"/></net>

<net id="2974"><net_src comp="1846" pin="2"/><net_sink comp="2777" pin=64"/></net>

<net id="2975"><net_src comp="626" pin="0"/><net_sink comp="2777" pin=65"/></net>

<net id="2976"><net_src comp="1840" pin="2"/><net_sink comp="2777" pin=66"/></net>

<net id="2977"><net_src comp="628" pin="0"/><net_sink comp="2777" pin=67"/></net>

<net id="2978"><net_src comp="1834" pin="2"/><net_sink comp="2777" pin=68"/></net>

<net id="2979"><net_src comp="630" pin="0"/><net_sink comp="2777" pin=69"/></net>

<net id="2980"><net_src comp="1828" pin="2"/><net_sink comp="2777" pin=70"/></net>

<net id="2981"><net_src comp="632" pin="0"/><net_sink comp="2777" pin=71"/></net>

<net id="2982"><net_src comp="1822" pin="2"/><net_sink comp="2777" pin=72"/></net>

<net id="2983"><net_src comp="634" pin="0"/><net_sink comp="2777" pin=73"/></net>

<net id="2984"><net_src comp="1816" pin="2"/><net_sink comp="2777" pin=74"/></net>

<net id="2985"><net_src comp="636" pin="0"/><net_sink comp="2777" pin=75"/></net>

<net id="2986"><net_src comp="1810" pin="2"/><net_sink comp="2777" pin=76"/></net>

<net id="2987"><net_src comp="638" pin="0"/><net_sink comp="2777" pin=77"/></net>

<net id="2988"><net_src comp="1804" pin="2"/><net_sink comp="2777" pin=78"/></net>

<net id="2989"><net_src comp="640" pin="0"/><net_sink comp="2777" pin=79"/></net>

<net id="2990"><net_src comp="1798" pin="2"/><net_sink comp="2777" pin=80"/></net>

<net id="2991"><net_src comp="642" pin="0"/><net_sink comp="2777" pin=81"/></net>

<net id="2992"><net_src comp="1792" pin="2"/><net_sink comp="2777" pin=82"/></net>

<net id="2993"><net_src comp="644" pin="0"/><net_sink comp="2777" pin=83"/></net>

<net id="2994"><net_src comp="1786" pin="2"/><net_sink comp="2777" pin=84"/></net>

<net id="2995"><net_src comp="646" pin="0"/><net_sink comp="2777" pin=85"/></net>

<net id="2996"><net_src comp="1780" pin="2"/><net_sink comp="2777" pin=86"/></net>

<net id="2997"><net_src comp="648" pin="0"/><net_sink comp="2777" pin=87"/></net>

<net id="2998"><net_src comp="1774" pin="2"/><net_sink comp="2777" pin=88"/></net>

<net id="2999"><net_src comp="650" pin="0"/><net_sink comp="2777" pin=89"/></net>

<net id="3000"><net_src comp="1768" pin="2"/><net_sink comp="2777" pin=90"/></net>

<net id="3001"><net_src comp="652" pin="0"/><net_sink comp="2777" pin=91"/></net>

<net id="3002"><net_src comp="1762" pin="2"/><net_sink comp="2777" pin=92"/></net>

<net id="3003"><net_src comp="654" pin="0"/><net_sink comp="2777" pin=93"/></net>

<net id="3004"><net_src comp="1756" pin="2"/><net_sink comp="2777" pin=94"/></net>

<net id="3005"><net_src comp="656" pin="0"/><net_sink comp="2777" pin=95"/></net>

<net id="3006"><net_src comp="1750" pin="2"/><net_sink comp="2777" pin=96"/></net>

<net id="3007"><net_src comp="658" pin="0"/><net_sink comp="2777" pin=97"/></net>

<net id="3008"><net_src comp="1744" pin="2"/><net_sink comp="2777" pin=98"/></net>

<net id="3009"><net_src comp="660" pin="0"/><net_sink comp="2777" pin=99"/></net>

<net id="3010"><net_src comp="1738" pin="2"/><net_sink comp="2777" pin=100"/></net>

<net id="3011"><net_src comp="662" pin="0"/><net_sink comp="2777" pin=101"/></net>

<net id="3012"><net_src comp="1732" pin="2"/><net_sink comp="2777" pin=102"/></net>

<net id="3013"><net_src comp="664" pin="0"/><net_sink comp="2777" pin=103"/></net>

<net id="3014"><net_src comp="1726" pin="2"/><net_sink comp="2777" pin=104"/></net>

<net id="3015"><net_src comp="666" pin="0"/><net_sink comp="2777" pin=105"/></net>

<net id="3016"><net_src comp="1720" pin="2"/><net_sink comp="2777" pin=106"/></net>

<net id="3017"><net_src comp="668" pin="0"/><net_sink comp="2777" pin=107"/></net>

<net id="3018"><net_src comp="1714" pin="2"/><net_sink comp="2777" pin=108"/></net>

<net id="3019"><net_src comp="670" pin="0"/><net_sink comp="2777" pin=109"/></net>

<net id="3020"><net_src comp="1708" pin="2"/><net_sink comp="2777" pin=110"/></net>

<net id="3021"><net_src comp="672" pin="0"/><net_sink comp="2777" pin=111"/></net>

<net id="3022"><net_src comp="1702" pin="2"/><net_sink comp="2777" pin=112"/></net>

<net id="3023"><net_src comp="674" pin="0"/><net_sink comp="2777" pin=113"/></net>

<net id="3024"><net_src comp="1696" pin="2"/><net_sink comp="2777" pin=114"/></net>

<net id="3025"><net_src comp="676" pin="0"/><net_sink comp="2777" pin=115"/></net>

<net id="3026"><net_src comp="1690" pin="2"/><net_sink comp="2777" pin=116"/></net>

<net id="3027"><net_src comp="678" pin="0"/><net_sink comp="2777" pin=117"/></net>

<net id="3028"><net_src comp="1684" pin="2"/><net_sink comp="2777" pin=118"/></net>

<net id="3029"><net_src comp="680" pin="0"/><net_sink comp="2777" pin=119"/></net>

<net id="3030"><net_src comp="1678" pin="2"/><net_sink comp="2777" pin=120"/></net>

<net id="3031"><net_src comp="682" pin="0"/><net_sink comp="2777" pin=121"/></net>

<net id="3032"><net_src comp="1672" pin="2"/><net_sink comp="2777" pin=122"/></net>

<net id="3033"><net_src comp="684" pin="0"/><net_sink comp="2777" pin=123"/></net>

<net id="3034"><net_src comp="1666" pin="2"/><net_sink comp="2777" pin=124"/></net>

<net id="3035"><net_src comp="686" pin="0"/><net_sink comp="2777" pin=125"/></net>

<net id="3036"><net_src comp="1660" pin="2"/><net_sink comp="2777" pin=126"/></net>

<net id="3037"><net_src comp="688" pin="0"/><net_sink comp="2777" pin=127"/></net>

<net id="3038"><net_src comp="1654" pin="2"/><net_sink comp="2777" pin=128"/></net>

<net id="3039"><net_src comp="690" pin="0"/><net_sink comp="2777" pin=129"/></net>

<net id="3040"><net_src comp="2467" pin="1"/><net_sink comp="2777" pin=130"/></net>

<net id="3045"><net_src comp="2777" pin="131"/><net_sink comp="3041" pin=0"/></net>

<net id="3046"><net_src comp="2038" pin="2"/><net_sink comp="3041" pin=1"/></net>

<net id="3052"><net_src comp="556" pin="0"/><net_sink comp="3047" pin=0"/></net>

<net id="3053"><net_src comp="2467" pin="1"/><net_sink comp="3047" pin=1"/></net>

<net id="3054"><net_src comp="694" pin="0"/><net_sink comp="3047" pin=2"/></net>

<net id="3058"><net_src comp="3047" pin="3"/><net_sink comp="3055" pin=0"/></net>

<net id="3063"><net_src comp="3055" pin="1"/><net_sink comp="3059" pin=0"/></net>

<net id="3064"><net_src comp="2428" pin="2"/><net_sink comp="3059" pin=1"/></net>

<net id="3198"><net_src comp="560" pin="0"/><net_sink comp="3065" pin=0"/></net>

<net id="3199"><net_src comp="562" pin="0"/><net_sink comp="3065" pin=1"/></net>

<net id="3200"><net_src comp="1648" pin="2"/><net_sink comp="3065" pin=2"/></net>

<net id="3201"><net_src comp="564" pin="0"/><net_sink comp="3065" pin=3"/></net>

<net id="3202"><net_src comp="1642" pin="2"/><net_sink comp="3065" pin=4"/></net>

<net id="3203"><net_src comp="566" pin="0"/><net_sink comp="3065" pin=5"/></net>

<net id="3204"><net_src comp="1636" pin="2"/><net_sink comp="3065" pin=6"/></net>

<net id="3205"><net_src comp="568" pin="0"/><net_sink comp="3065" pin=7"/></net>

<net id="3206"><net_src comp="1630" pin="2"/><net_sink comp="3065" pin=8"/></net>

<net id="3207"><net_src comp="570" pin="0"/><net_sink comp="3065" pin=9"/></net>

<net id="3208"><net_src comp="1624" pin="2"/><net_sink comp="3065" pin=10"/></net>

<net id="3209"><net_src comp="572" pin="0"/><net_sink comp="3065" pin=11"/></net>

<net id="3210"><net_src comp="1618" pin="2"/><net_sink comp="3065" pin=12"/></net>

<net id="3211"><net_src comp="574" pin="0"/><net_sink comp="3065" pin=13"/></net>

<net id="3212"><net_src comp="1612" pin="2"/><net_sink comp="3065" pin=14"/></net>

<net id="3213"><net_src comp="576" pin="0"/><net_sink comp="3065" pin=15"/></net>

<net id="3214"><net_src comp="1606" pin="2"/><net_sink comp="3065" pin=16"/></net>

<net id="3215"><net_src comp="578" pin="0"/><net_sink comp="3065" pin=17"/></net>

<net id="3216"><net_src comp="1600" pin="2"/><net_sink comp="3065" pin=18"/></net>

<net id="3217"><net_src comp="580" pin="0"/><net_sink comp="3065" pin=19"/></net>

<net id="3218"><net_src comp="1594" pin="2"/><net_sink comp="3065" pin=20"/></net>

<net id="3219"><net_src comp="582" pin="0"/><net_sink comp="3065" pin=21"/></net>

<net id="3220"><net_src comp="1588" pin="2"/><net_sink comp="3065" pin=22"/></net>

<net id="3221"><net_src comp="584" pin="0"/><net_sink comp="3065" pin=23"/></net>

<net id="3222"><net_src comp="1582" pin="2"/><net_sink comp="3065" pin=24"/></net>

<net id="3223"><net_src comp="586" pin="0"/><net_sink comp="3065" pin=25"/></net>

<net id="3224"><net_src comp="1576" pin="2"/><net_sink comp="3065" pin=26"/></net>

<net id="3225"><net_src comp="588" pin="0"/><net_sink comp="3065" pin=27"/></net>

<net id="3226"><net_src comp="1570" pin="2"/><net_sink comp="3065" pin=28"/></net>

<net id="3227"><net_src comp="590" pin="0"/><net_sink comp="3065" pin=29"/></net>

<net id="3228"><net_src comp="1564" pin="2"/><net_sink comp="3065" pin=30"/></net>

<net id="3229"><net_src comp="592" pin="0"/><net_sink comp="3065" pin=31"/></net>

<net id="3230"><net_src comp="1558" pin="2"/><net_sink comp="3065" pin=32"/></net>

<net id="3231"><net_src comp="594" pin="0"/><net_sink comp="3065" pin=33"/></net>

<net id="3232"><net_src comp="1552" pin="2"/><net_sink comp="3065" pin=34"/></net>

<net id="3233"><net_src comp="596" pin="0"/><net_sink comp="3065" pin=35"/></net>

<net id="3234"><net_src comp="1546" pin="2"/><net_sink comp="3065" pin=36"/></net>

<net id="3235"><net_src comp="598" pin="0"/><net_sink comp="3065" pin=37"/></net>

<net id="3236"><net_src comp="1540" pin="2"/><net_sink comp="3065" pin=38"/></net>

<net id="3237"><net_src comp="600" pin="0"/><net_sink comp="3065" pin=39"/></net>

<net id="3238"><net_src comp="1534" pin="2"/><net_sink comp="3065" pin=40"/></net>

<net id="3239"><net_src comp="602" pin="0"/><net_sink comp="3065" pin=41"/></net>

<net id="3240"><net_src comp="1528" pin="2"/><net_sink comp="3065" pin=42"/></net>

<net id="3241"><net_src comp="604" pin="0"/><net_sink comp="3065" pin=43"/></net>

<net id="3242"><net_src comp="1522" pin="2"/><net_sink comp="3065" pin=44"/></net>

<net id="3243"><net_src comp="606" pin="0"/><net_sink comp="3065" pin=45"/></net>

<net id="3244"><net_src comp="1516" pin="2"/><net_sink comp="3065" pin=46"/></net>

<net id="3245"><net_src comp="608" pin="0"/><net_sink comp="3065" pin=47"/></net>

<net id="3246"><net_src comp="1510" pin="2"/><net_sink comp="3065" pin=48"/></net>

<net id="3247"><net_src comp="610" pin="0"/><net_sink comp="3065" pin=49"/></net>

<net id="3248"><net_src comp="1504" pin="2"/><net_sink comp="3065" pin=50"/></net>

<net id="3249"><net_src comp="612" pin="0"/><net_sink comp="3065" pin=51"/></net>

<net id="3250"><net_src comp="1498" pin="2"/><net_sink comp="3065" pin=52"/></net>

<net id="3251"><net_src comp="614" pin="0"/><net_sink comp="3065" pin=53"/></net>

<net id="3252"><net_src comp="1492" pin="2"/><net_sink comp="3065" pin=54"/></net>

<net id="3253"><net_src comp="616" pin="0"/><net_sink comp="3065" pin=55"/></net>

<net id="3254"><net_src comp="1486" pin="2"/><net_sink comp="3065" pin=56"/></net>

<net id="3255"><net_src comp="618" pin="0"/><net_sink comp="3065" pin=57"/></net>

<net id="3256"><net_src comp="1480" pin="2"/><net_sink comp="3065" pin=58"/></net>

<net id="3257"><net_src comp="620" pin="0"/><net_sink comp="3065" pin=59"/></net>

<net id="3258"><net_src comp="1474" pin="2"/><net_sink comp="3065" pin=60"/></net>

<net id="3259"><net_src comp="622" pin="0"/><net_sink comp="3065" pin=61"/></net>

<net id="3260"><net_src comp="1468" pin="2"/><net_sink comp="3065" pin=62"/></net>

<net id="3261"><net_src comp="624" pin="0"/><net_sink comp="3065" pin=63"/></net>

<net id="3262"><net_src comp="1462" pin="2"/><net_sink comp="3065" pin=64"/></net>

<net id="3263"><net_src comp="626" pin="0"/><net_sink comp="3065" pin=65"/></net>

<net id="3264"><net_src comp="1456" pin="2"/><net_sink comp="3065" pin=66"/></net>

<net id="3265"><net_src comp="628" pin="0"/><net_sink comp="3065" pin=67"/></net>

<net id="3266"><net_src comp="1450" pin="2"/><net_sink comp="3065" pin=68"/></net>

<net id="3267"><net_src comp="630" pin="0"/><net_sink comp="3065" pin=69"/></net>

<net id="3268"><net_src comp="1444" pin="2"/><net_sink comp="3065" pin=70"/></net>

<net id="3269"><net_src comp="632" pin="0"/><net_sink comp="3065" pin=71"/></net>

<net id="3270"><net_src comp="1438" pin="2"/><net_sink comp="3065" pin=72"/></net>

<net id="3271"><net_src comp="634" pin="0"/><net_sink comp="3065" pin=73"/></net>

<net id="3272"><net_src comp="1432" pin="2"/><net_sink comp="3065" pin=74"/></net>

<net id="3273"><net_src comp="636" pin="0"/><net_sink comp="3065" pin=75"/></net>

<net id="3274"><net_src comp="1426" pin="2"/><net_sink comp="3065" pin=76"/></net>

<net id="3275"><net_src comp="638" pin="0"/><net_sink comp="3065" pin=77"/></net>

<net id="3276"><net_src comp="1420" pin="2"/><net_sink comp="3065" pin=78"/></net>

<net id="3277"><net_src comp="640" pin="0"/><net_sink comp="3065" pin=79"/></net>

<net id="3278"><net_src comp="1414" pin="2"/><net_sink comp="3065" pin=80"/></net>

<net id="3279"><net_src comp="642" pin="0"/><net_sink comp="3065" pin=81"/></net>

<net id="3280"><net_src comp="1408" pin="2"/><net_sink comp="3065" pin=82"/></net>

<net id="3281"><net_src comp="644" pin="0"/><net_sink comp="3065" pin=83"/></net>

<net id="3282"><net_src comp="1402" pin="2"/><net_sink comp="3065" pin=84"/></net>

<net id="3283"><net_src comp="646" pin="0"/><net_sink comp="3065" pin=85"/></net>

<net id="3284"><net_src comp="1396" pin="2"/><net_sink comp="3065" pin=86"/></net>

<net id="3285"><net_src comp="648" pin="0"/><net_sink comp="3065" pin=87"/></net>

<net id="3286"><net_src comp="1390" pin="2"/><net_sink comp="3065" pin=88"/></net>

<net id="3287"><net_src comp="650" pin="0"/><net_sink comp="3065" pin=89"/></net>

<net id="3288"><net_src comp="1384" pin="2"/><net_sink comp="3065" pin=90"/></net>

<net id="3289"><net_src comp="652" pin="0"/><net_sink comp="3065" pin=91"/></net>

<net id="3290"><net_src comp="1378" pin="2"/><net_sink comp="3065" pin=92"/></net>

<net id="3291"><net_src comp="654" pin="0"/><net_sink comp="3065" pin=93"/></net>

<net id="3292"><net_src comp="1372" pin="2"/><net_sink comp="3065" pin=94"/></net>

<net id="3293"><net_src comp="656" pin="0"/><net_sink comp="3065" pin=95"/></net>

<net id="3294"><net_src comp="1366" pin="2"/><net_sink comp="3065" pin=96"/></net>

<net id="3295"><net_src comp="658" pin="0"/><net_sink comp="3065" pin=97"/></net>

<net id="3296"><net_src comp="1360" pin="2"/><net_sink comp="3065" pin=98"/></net>

<net id="3297"><net_src comp="660" pin="0"/><net_sink comp="3065" pin=99"/></net>

<net id="3298"><net_src comp="1354" pin="2"/><net_sink comp="3065" pin=100"/></net>

<net id="3299"><net_src comp="662" pin="0"/><net_sink comp="3065" pin=101"/></net>

<net id="3300"><net_src comp="1348" pin="2"/><net_sink comp="3065" pin=102"/></net>

<net id="3301"><net_src comp="664" pin="0"/><net_sink comp="3065" pin=103"/></net>

<net id="3302"><net_src comp="1342" pin="2"/><net_sink comp="3065" pin=104"/></net>

<net id="3303"><net_src comp="666" pin="0"/><net_sink comp="3065" pin=105"/></net>

<net id="3304"><net_src comp="1336" pin="2"/><net_sink comp="3065" pin=106"/></net>

<net id="3305"><net_src comp="668" pin="0"/><net_sink comp="3065" pin=107"/></net>

<net id="3306"><net_src comp="1330" pin="2"/><net_sink comp="3065" pin=108"/></net>

<net id="3307"><net_src comp="670" pin="0"/><net_sink comp="3065" pin=109"/></net>

<net id="3308"><net_src comp="1324" pin="2"/><net_sink comp="3065" pin=110"/></net>

<net id="3309"><net_src comp="672" pin="0"/><net_sink comp="3065" pin=111"/></net>

<net id="3310"><net_src comp="1318" pin="2"/><net_sink comp="3065" pin=112"/></net>

<net id="3311"><net_src comp="674" pin="0"/><net_sink comp="3065" pin=113"/></net>

<net id="3312"><net_src comp="1312" pin="2"/><net_sink comp="3065" pin=114"/></net>

<net id="3313"><net_src comp="676" pin="0"/><net_sink comp="3065" pin=115"/></net>

<net id="3314"><net_src comp="1306" pin="2"/><net_sink comp="3065" pin=116"/></net>

<net id="3315"><net_src comp="678" pin="0"/><net_sink comp="3065" pin=117"/></net>

<net id="3316"><net_src comp="1300" pin="2"/><net_sink comp="3065" pin=118"/></net>

<net id="3317"><net_src comp="680" pin="0"/><net_sink comp="3065" pin=119"/></net>

<net id="3318"><net_src comp="1294" pin="2"/><net_sink comp="3065" pin=120"/></net>

<net id="3319"><net_src comp="682" pin="0"/><net_sink comp="3065" pin=121"/></net>

<net id="3320"><net_src comp="1288" pin="2"/><net_sink comp="3065" pin=122"/></net>

<net id="3321"><net_src comp="684" pin="0"/><net_sink comp="3065" pin=123"/></net>

<net id="3322"><net_src comp="1282" pin="2"/><net_sink comp="3065" pin=124"/></net>

<net id="3323"><net_src comp="686" pin="0"/><net_sink comp="3065" pin=125"/></net>

<net id="3324"><net_src comp="1276" pin="2"/><net_sink comp="3065" pin=126"/></net>

<net id="3325"><net_src comp="688" pin="0"/><net_sink comp="3065" pin=127"/></net>

<net id="3326"><net_src comp="1270" pin="2"/><net_sink comp="3065" pin=128"/></net>

<net id="3327"><net_src comp="690" pin="0"/><net_sink comp="3065" pin=129"/></net>

<net id="3328"><net_src comp="2467" pin="1"/><net_sink comp="3065" pin=130"/></net>

<net id="3333"><net_src comp="3065" pin="131"/><net_sink comp="3329" pin=0"/></net>

<net id="3334"><net_src comp="2038" pin="2"/><net_sink comp="3329" pin=1"/></net>

<net id="3340"><net_src comp="556" pin="0"/><net_sink comp="3335" pin=0"/></net>

<net id="3341"><net_src comp="2467" pin="1"/><net_sink comp="3335" pin=1"/></net>

<net id="3342"><net_src comp="696" pin="0"/><net_sink comp="3335" pin=2"/></net>

<net id="3346"><net_src comp="3335" pin="3"/><net_sink comp="3343" pin=0"/></net>

<net id="3351"><net_src comp="3343" pin="1"/><net_sink comp="3347" pin=0"/></net>

<net id="3352"><net_src comp="2428" pin="2"/><net_sink comp="3347" pin=1"/></net>

<net id="3486"><net_src comp="560" pin="0"/><net_sink comp="3353" pin=0"/></net>

<net id="3487"><net_src comp="562" pin="0"/><net_sink comp="3353" pin=1"/></net>

<net id="3488"><net_src comp="1264" pin="2"/><net_sink comp="3353" pin=2"/></net>

<net id="3489"><net_src comp="564" pin="0"/><net_sink comp="3353" pin=3"/></net>

<net id="3490"><net_src comp="1258" pin="2"/><net_sink comp="3353" pin=4"/></net>

<net id="3491"><net_src comp="566" pin="0"/><net_sink comp="3353" pin=5"/></net>

<net id="3492"><net_src comp="1252" pin="2"/><net_sink comp="3353" pin=6"/></net>

<net id="3493"><net_src comp="568" pin="0"/><net_sink comp="3353" pin=7"/></net>

<net id="3494"><net_src comp="1246" pin="2"/><net_sink comp="3353" pin=8"/></net>

<net id="3495"><net_src comp="570" pin="0"/><net_sink comp="3353" pin=9"/></net>

<net id="3496"><net_src comp="1240" pin="2"/><net_sink comp="3353" pin=10"/></net>

<net id="3497"><net_src comp="572" pin="0"/><net_sink comp="3353" pin=11"/></net>

<net id="3498"><net_src comp="1234" pin="2"/><net_sink comp="3353" pin=12"/></net>

<net id="3499"><net_src comp="574" pin="0"/><net_sink comp="3353" pin=13"/></net>

<net id="3500"><net_src comp="1228" pin="2"/><net_sink comp="3353" pin=14"/></net>

<net id="3501"><net_src comp="576" pin="0"/><net_sink comp="3353" pin=15"/></net>

<net id="3502"><net_src comp="1222" pin="2"/><net_sink comp="3353" pin=16"/></net>

<net id="3503"><net_src comp="578" pin="0"/><net_sink comp="3353" pin=17"/></net>

<net id="3504"><net_src comp="1216" pin="2"/><net_sink comp="3353" pin=18"/></net>

<net id="3505"><net_src comp="580" pin="0"/><net_sink comp="3353" pin=19"/></net>

<net id="3506"><net_src comp="1210" pin="2"/><net_sink comp="3353" pin=20"/></net>

<net id="3507"><net_src comp="582" pin="0"/><net_sink comp="3353" pin=21"/></net>

<net id="3508"><net_src comp="1204" pin="2"/><net_sink comp="3353" pin=22"/></net>

<net id="3509"><net_src comp="584" pin="0"/><net_sink comp="3353" pin=23"/></net>

<net id="3510"><net_src comp="1198" pin="2"/><net_sink comp="3353" pin=24"/></net>

<net id="3511"><net_src comp="586" pin="0"/><net_sink comp="3353" pin=25"/></net>

<net id="3512"><net_src comp="1192" pin="2"/><net_sink comp="3353" pin=26"/></net>

<net id="3513"><net_src comp="588" pin="0"/><net_sink comp="3353" pin=27"/></net>

<net id="3514"><net_src comp="1186" pin="2"/><net_sink comp="3353" pin=28"/></net>

<net id="3515"><net_src comp="590" pin="0"/><net_sink comp="3353" pin=29"/></net>

<net id="3516"><net_src comp="1180" pin="2"/><net_sink comp="3353" pin=30"/></net>

<net id="3517"><net_src comp="592" pin="0"/><net_sink comp="3353" pin=31"/></net>

<net id="3518"><net_src comp="1174" pin="2"/><net_sink comp="3353" pin=32"/></net>

<net id="3519"><net_src comp="594" pin="0"/><net_sink comp="3353" pin=33"/></net>

<net id="3520"><net_src comp="1168" pin="2"/><net_sink comp="3353" pin=34"/></net>

<net id="3521"><net_src comp="596" pin="0"/><net_sink comp="3353" pin=35"/></net>

<net id="3522"><net_src comp="1162" pin="2"/><net_sink comp="3353" pin=36"/></net>

<net id="3523"><net_src comp="598" pin="0"/><net_sink comp="3353" pin=37"/></net>

<net id="3524"><net_src comp="1156" pin="2"/><net_sink comp="3353" pin=38"/></net>

<net id="3525"><net_src comp="600" pin="0"/><net_sink comp="3353" pin=39"/></net>

<net id="3526"><net_src comp="1150" pin="2"/><net_sink comp="3353" pin=40"/></net>

<net id="3527"><net_src comp="602" pin="0"/><net_sink comp="3353" pin=41"/></net>

<net id="3528"><net_src comp="1144" pin="2"/><net_sink comp="3353" pin=42"/></net>

<net id="3529"><net_src comp="604" pin="0"/><net_sink comp="3353" pin=43"/></net>

<net id="3530"><net_src comp="1138" pin="2"/><net_sink comp="3353" pin=44"/></net>

<net id="3531"><net_src comp="606" pin="0"/><net_sink comp="3353" pin=45"/></net>

<net id="3532"><net_src comp="1132" pin="2"/><net_sink comp="3353" pin=46"/></net>

<net id="3533"><net_src comp="608" pin="0"/><net_sink comp="3353" pin=47"/></net>

<net id="3534"><net_src comp="1126" pin="2"/><net_sink comp="3353" pin=48"/></net>

<net id="3535"><net_src comp="610" pin="0"/><net_sink comp="3353" pin=49"/></net>

<net id="3536"><net_src comp="1120" pin="2"/><net_sink comp="3353" pin=50"/></net>

<net id="3537"><net_src comp="612" pin="0"/><net_sink comp="3353" pin=51"/></net>

<net id="3538"><net_src comp="1114" pin="2"/><net_sink comp="3353" pin=52"/></net>

<net id="3539"><net_src comp="614" pin="0"/><net_sink comp="3353" pin=53"/></net>

<net id="3540"><net_src comp="1108" pin="2"/><net_sink comp="3353" pin=54"/></net>

<net id="3541"><net_src comp="616" pin="0"/><net_sink comp="3353" pin=55"/></net>

<net id="3542"><net_src comp="1102" pin="2"/><net_sink comp="3353" pin=56"/></net>

<net id="3543"><net_src comp="618" pin="0"/><net_sink comp="3353" pin=57"/></net>

<net id="3544"><net_src comp="1096" pin="2"/><net_sink comp="3353" pin=58"/></net>

<net id="3545"><net_src comp="620" pin="0"/><net_sink comp="3353" pin=59"/></net>

<net id="3546"><net_src comp="1090" pin="2"/><net_sink comp="3353" pin=60"/></net>

<net id="3547"><net_src comp="622" pin="0"/><net_sink comp="3353" pin=61"/></net>

<net id="3548"><net_src comp="1084" pin="2"/><net_sink comp="3353" pin=62"/></net>

<net id="3549"><net_src comp="624" pin="0"/><net_sink comp="3353" pin=63"/></net>

<net id="3550"><net_src comp="1078" pin="2"/><net_sink comp="3353" pin=64"/></net>

<net id="3551"><net_src comp="626" pin="0"/><net_sink comp="3353" pin=65"/></net>

<net id="3552"><net_src comp="1072" pin="2"/><net_sink comp="3353" pin=66"/></net>

<net id="3553"><net_src comp="628" pin="0"/><net_sink comp="3353" pin=67"/></net>

<net id="3554"><net_src comp="1066" pin="2"/><net_sink comp="3353" pin=68"/></net>

<net id="3555"><net_src comp="630" pin="0"/><net_sink comp="3353" pin=69"/></net>

<net id="3556"><net_src comp="1060" pin="2"/><net_sink comp="3353" pin=70"/></net>

<net id="3557"><net_src comp="632" pin="0"/><net_sink comp="3353" pin=71"/></net>

<net id="3558"><net_src comp="1054" pin="2"/><net_sink comp="3353" pin=72"/></net>

<net id="3559"><net_src comp="634" pin="0"/><net_sink comp="3353" pin=73"/></net>

<net id="3560"><net_src comp="1048" pin="2"/><net_sink comp="3353" pin=74"/></net>

<net id="3561"><net_src comp="636" pin="0"/><net_sink comp="3353" pin=75"/></net>

<net id="3562"><net_src comp="1042" pin="2"/><net_sink comp="3353" pin=76"/></net>

<net id="3563"><net_src comp="638" pin="0"/><net_sink comp="3353" pin=77"/></net>

<net id="3564"><net_src comp="1036" pin="2"/><net_sink comp="3353" pin=78"/></net>

<net id="3565"><net_src comp="640" pin="0"/><net_sink comp="3353" pin=79"/></net>

<net id="3566"><net_src comp="1030" pin="2"/><net_sink comp="3353" pin=80"/></net>

<net id="3567"><net_src comp="642" pin="0"/><net_sink comp="3353" pin=81"/></net>

<net id="3568"><net_src comp="1024" pin="2"/><net_sink comp="3353" pin=82"/></net>

<net id="3569"><net_src comp="644" pin="0"/><net_sink comp="3353" pin=83"/></net>

<net id="3570"><net_src comp="1018" pin="2"/><net_sink comp="3353" pin=84"/></net>

<net id="3571"><net_src comp="646" pin="0"/><net_sink comp="3353" pin=85"/></net>

<net id="3572"><net_src comp="1012" pin="2"/><net_sink comp="3353" pin=86"/></net>

<net id="3573"><net_src comp="648" pin="0"/><net_sink comp="3353" pin=87"/></net>

<net id="3574"><net_src comp="1006" pin="2"/><net_sink comp="3353" pin=88"/></net>

<net id="3575"><net_src comp="650" pin="0"/><net_sink comp="3353" pin=89"/></net>

<net id="3576"><net_src comp="1000" pin="2"/><net_sink comp="3353" pin=90"/></net>

<net id="3577"><net_src comp="652" pin="0"/><net_sink comp="3353" pin=91"/></net>

<net id="3578"><net_src comp="994" pin="2"/><net_sink comp="3353" pin=92"/></net>

<net id="3579"><net_src comp="654" pin="0"/><net_sink comp="3353" pin=93"/></net>

<net id="3580"><net_src comp="988" pin="2"/><net_sink comp="3353" pin=94"/></net>

<net id="3581"><net_src comp="656" pin="0"/><net_sink comp="3353" pin=95"/></net>

<net id="3582"><net_src comp="982" pin="2"/><net_sink comp="3353" pin=96"/></net>

<net id="3583"><net_src comp="658" pin="0"/><net_sink comp="3353" pin=97"/></net>

<net id="3584"><net_src comp="976" pin="2"/><net_sink comp="3353" pin=98"/></net>

<net id="3585"><net_src comp="660" pin="0"/><net_sink comp="3353" pin=99"/></net>

<net id="3586"><net_src comp="970" pin="2"/><net_sink comp="3353" pin=100"/></net>

<net id="3587"><net_src comp="662" pin="0"/><net_sink comp="3353" pin=101"/></net>

<net id="3588"><net_src comp="964" pin="2"/><net_sink comp="3353" pin=102"/></net>

<net id="3589"><net_src comp="664" pin="0"/><net_sink comp="3353" pin=103"/></net>

<net id="3590"><net_src comp="958" pin="2"/><net_sink comp="3353" pin=104"/></net>

<net id="3591"><net_src comp="666" pin="0"/><net_sink comp="3353" pin=105"/></net>

<net id="3592"><net_src comp="952" pin="2"/><net_sink comp="3353" pin=106"/></net>

<net id="3593"><net_src comp="668" pin="0"/><net_sink comp="3353" pin=107"/></net>

<net id="3594"><net_src comp="946" pin="2"/><net_sink comp="3353" pin=108"/></net>

<net id="3595"><net_src comp="670" pin="0"/><net_sink comp="3353" pin=109"/></net>

<net id="3596"><net_src comp="940" pin="2"/><net_sink comp="3353" pin=110"/></net>

<net id="3597"><net_src comp="672" pin="0"/><net_sink comp="3353" pin=111"/></net>

<net id="3598"><net_src comp="934" pin="2"/><net_sink comp="3353" pin=112"/></net>

<net id="3599"><net_src comp="674" pin="0"/><net_sink comp="3353" pin=113"/></net>

<net id="3600"><net_src comp="928" pin="2"/><net_sink comp="3353" pin=114"/></net>

<net id="3601"><net_src comp="676" pin="0"/><net_sink comp="3353" pin=115"/></net>

<net id="3602"><net_src comp="922" pin="2"/><net_sink comp="3353" pin=116"/></net>

<net id="3603"><net_src comp="678" pin="0"/><net_sink comp="3353" pin=117"/></net>

<net id="3604"><net_src comp="916" pin="2"/><net_sink comp="3353" pin=118"/></net>

<net id="3605"><net_src comp="680" pin="0"/><net_sink comp="3353" pin=119"/></net>

<net id="3606"><net_src comp="910" pin="2"/><net_sink comp="3353" pin=120"/></net>

<net id="3607"><net_src comp="682" pin="0"/><net_sink comp="3353" pin=121"/></net>

<net id="3608"><net_src comp="904" pin="2"/><net_sink comp="3353" pin=122"/></net>

<net id="3609"><net_src comp="684" pin="0"/><net_sink comp="3353" pin=123"/></net>

<net id="3610"><net_src comp="898" pin="2"/><net_sink comp="3353" pin=124"/></net>

<net id="3611"><net_src comp="686" pin="0"/><net_sink comp="3353" pin=125"/></net>

<net id="3612"><net_src comp="892" pin="2"/><net_sink comp="3353" pin=126"/></net>

<net id="3613"><net_src comp="688" pin="0"/><net_sink comp="3353" pin=127"/></net>

<net id="3614"><net_src comp="886" pin="2"/><net_sink comp="3353" pin=128"/></net>

<net id="3615"><net_src comp="690" pin="0"/><net_sink comp="3353" pin=129"/></net>

<net id="3616"><net_src comp="2467" pin="1"/><net_sink comp="3353" pin=130"/></net>

<net id="3621"><net_src comp="3353" pin="131"/><net_sink comp="3617" pin=0"/></net>

<net id="3622"><net_src comp="2038" pin="2"/><net_sink comp="3617" pin=1"/></net>

<net id="3627"><net_src comp="2461" pin="2"/><net_sink comp="3623" pin=0"/></net>

<net id="3632"><net_src comp="698" pin="0"/><net_sink comp="3628" pin=1"/></net>

<net id="3638"><net_src comp="3628" pin="2"/><net_sink comp="3633" pin=0"/></net>

<net id="3639"><net_src comp="698" pin="0"/><net_sink comp="3633" pin=1"/></net>

<net id="3645"><net_src comp="700" pin="0"/><net_sink comp="3640" pin=0"/></net>

<net id="3646"><net_src comp="3633" pin="3"/><net_sink comp="3640" pin=1"/></net>

<net id="3647"><net_src comp="702" pin="0"/><net_sink comp="3640" pin=2"/></net>

<net id="3651"><net_src comp="3640" pin="3"/><net_sink comp="3648" pin=0"/></net>

<net id="3657"><net_src comp="704" pin="0"/><net_sink comp="3652" pin=0"/></net>

<net id="3658"><net_src comp="3633" pin="3"/><net_sink comp="3652" pin=1"/></net>

<net id="3659"><net_src comp="706" pin="0"/><net_sink comp="3652" pin=2"/></net>

<net id="3663"><net_src comp="3652" pin="3"/><net_sink comp="3660" pin=0"/></net>

<net id="3668"><net_src comp="3648" pin="1"/><net_sink comp="3664" pin=0"/></net>

<net id="3669"><net_src comp="3660" pin="1"/><net_sink comp="3664" pin=1"/></net>

<net id="3675"><net_src comp="708" pin="0"/><net_sink comp="3670" pin=0"/></net>

<net id="3676"><net_src comp="3633" pin="3"/><net_sink comp="3670" pin=1"/></net>

<net id="3677"><net_src comp="710" pin="0"/><net_sink comp="3670" pin=2"/></net>

<net id="3681"><net_src comp="3670" pin="3"/><net_sink comp="3678" pin=0"/></net>

<net id="3686"><net_src comp="3664" pin="2"/><net_sink comp="3682" pin=0"/></net>

<net id="3687"><net_src comp="3678" pin="1"/><net_sink comp="3682" pin=1"/></net>

<net id="3692"><net_src comp="698" pin="0"/><net_sink comp="3688" pin=1"/></net>

<net id="3698"><net_src comp="3688" pin="2"/><net_sink comp="3693" pin=0"/></net>

<net id="3699"><net_src comp="698" pin="0"/><net_sink comp="3693" pin=1"/></net>

<net id="3705"><net_src comp="700" pin="0"/><net_sink comp="3700" pin=0"/></net>

<net id="3706"><net_src comp="3693" pin="3"/><net_sink comp="3700" pin=1"/></net>

<net id="3707"><net_src comp="702" pin="0"/><net_sink comp="3700" pin=2"/></net>

<net id="3711"><net_src comp="3700" pin="3"/><net_sink comp="3708" pin=0"/></net>

<net id="3717"><net_src comp="704" pin="0"/><net_sink comp="3712" pin=0"/></net>

<net id="3718"><net_src comp="3693" pin="3"/><net_sink comp="3712" pin=1"/></net>

<net id="3719"><net_src comp="706" pin="0"/><net_sink comp="3712" pin=2"/></net>

<net id="3723"><net_src comp="3712" pin="3"/><net_sink comp="3720" pin=0"/></net>

<net id="3728"><net_src comp="3708" pin="1"/><net_sink comp="3724" pin=0"/></net>

<net id="3729"><net_src comp="3720" pin="1"/><net_sink comp="3724" pin=1"/></net>

<net id="3735"><net_src comp="708" pin="0"/><net_sink comp="3730" pin=0"/></net>

<net id="3736"><net_src comp="3693" pin="3"/><net_sink comp="3730" pin=1"/></net>

<net id="3737"><net_src comp="710" pin="0"/><net_sink comp="3730" pin=2"/></net>

<net id="3741"><net_src comp="3730" pin="3"/><net_sink comp="3738" pin=0"/></net>

<net id="3746"><net_src comp="3724" pin="2"/><net_sink comp="3742" pin=0"/></net>

<net id="3747"><net_src comp="3738" pin="1"/><net_sink comp="3742" pin=1"/></net>

<net id="3752"><net_src comp="698" pin="0"/><net_sink comp="3748" pin=1"/></net>

<net id="3758"><net_src comp="3748" pin="2"/><net_sink comp="3753" pin=0"/></net>

<net id="3759"><net_src comp="698" pin="0"/><net_sink comp="3753" pin=1"/></net>

<net id="3765"><net_src comp="700" pin="0"/><net_sink comp="3760" pin=0"/></net>

<net id="3766"><net_src comp="3753" pin="3"/><net_sink comp="3760" pin=1"/></net>

<net id="3767"><net_src comp="702" pin="0"/><net_sink comp="3760" pin=2"/></net>

<net id="3771"><net_src comp="3760" pin="3"/><net_sink comp="3768" pin=0"/></net>

<net id="3777"><net_src comp="704" pin="0"/><net_sink comp="3772" pin=0"/></net>

<net id="3778"><net_src comp="3753" pin="3"/><net_sink comp="3772" pin=1"/></net>

<net id="3779"><net_src comp="706" pin="0"/><net_sink comp="3772" pin=2"/></net>

<net id="3783"><net_src comp="3772" pin="3"/><net_sink comp="3780" pin=0"/></net>

<net id="3788"><net_src comp="3768" pin="1"/><net_sink comp="3784" pin=0"/></net>

<net id="3789"><net_src comp="3780" pin="1"/><net_sink comp="3784" pin=1"/></net>

<net id="3795"><net_src comp="708" pin="0"/><net_sink comp="3790" pin=0"/></net>

<net id="3796"><net_src comp="3753" pin="3"/><net_sink comp="3790" pin=1"/></net>

<net id="3797"><net_src comp="710" pin="0"/><net_sink comp="3790" pin=2"/></net>

<net id="3801"><net_src comp="3790" pin="3"/><net_sink comp="3798" pin=0"/></net>

<net id="3806"><net_src comp="3784" pin="2"/><net_sink comp="3802" pin=0"/></net>

<net id="3807"><net_src comp="3798" pin="1"/><net_sink comp="3802" pin=1"/></net>

<net id="3812"><net_src comp="698" pin="0"/><net_sink comp="3808" pin=1"/></net>

<net id="3818"><net_src comp="3808" pin="2"/><net_sink comp="3813" pin=0"/></net>

<net id="3819"><net_src comp="698" pin="0"/><net_sink comp="3813" pin=1"/></net>

<net id="3825"><net_src comp="700" pin="0"/><net_sink comp="3820" pin=0"/></net>

<net id="3826"><net_src comp="3813" pin="3"/><net_sink comp="3820" pin=1"/></net>

<net id="3827"><net_src comp="702" pin="0"/><net_sink comp="3820" pin=2"/></net>

<net id="3831"><net_src comp="3820" pin="3"/><net_sink comp="3828" pin=0"/></net>

<net id="3837"><net_src comp="704" pin="0"/><net_sink comp="3832" pin=0"/></net>

<net id="3838"><net_src comp="3813" pin="3"/><net_sink comp="3832" pin=1"/></net>

<net id="3839"><net_src comp="706" pin="0"/><net_sink comp="3832" pin=2"/></net>

<net id="3843"><net_src comp="3832" pin="3"/><net_sink comp="3840" pin=0"/></net>

<net id="3848"><net_src comp="3828" pin="1"/><net_sink comp="3844" pin=0"/></net>

<net id="3849"><net_src comp="3840" pin="1"/><net_sink comp="3844" pin=1"/></net>

<net id="3855"><net_src comp="708" pin="0"/><net_sink comp="3850" pin=0"/></net>

<net id="3856"><net_src comp="3813" pin="3"/><net_sink comp="3850" pin=1"/></net>

<net id="3857"><net_src comp="710" pin="0"/><net_sink comp="3850" pin=2"/></net>

<net id="3861"><net_src comp="3850" pin="3"/><net_sink comp="3858" pin=0"/></net>

<net id="3866"><net_src comp="3844" pin="2"/><net_sink comp="3862" pin=0"/></net>

<net id="3867"><net_src comp="3858" pin="1"/><net_sink comp="3862" pin=1"/></net>

<net id="3873"><net_src comp="712" pin="0"/><net_sink comp="3868" pin=0"/></net>

<net id="3874"><net_src comp="714" pin="0"/><net_sink comp="3868" pin=2"/></net>

<net id="3878"><net_src comp="3868" pin="3"/><net_sink comp="3875" pin=0"/></net>

<net id="3883"><net_src comp="3875" pin="1"/><net_sink comp="3879" pin=1"/></net>

<net id="3889"><net_src comp="716" pin="0"/><net_sink comp="3884" pin=0"/></net>

<net id="3890"><net_src comp="562" pin="0"/><net_sink comp="3884" pin=2"/></net>

<net id="3894"><net_src comp="3884" pin="3"/><net_sink comp="3891" pin=0"/></net>

<net id="3899"><net_src comp="3879" pin="2"/><net_sink comp="3895" pin=0"/></net>

<net id="3900"><net_src comp="3891" pin="1"/><net_sink comp="3895" pin=1"/></net>

<net id="3906"><net_src comp="712" pin="0"/><net_sink comp="3901" pin=0"/></net>

<net id="3907"><net_src comp="714" pin="0"/><net_sink comp="3901" pin=2"/></net>

<net id="3911"><net_src comp="3901" pin="3"/><net_sink comp="3908" pin=0"/></net>

<net id="3916"><net_src comp="3908" pin="1"/><net_sink comp="3912" pin=1"/></net>

<net id="3922"><net_src comp="716" pin="0"/><net_sink comp="3917" pin=0"/></net>

<net id="3923"><net_src comp="562" pin="0"/><net_sink comp="3917" pin=2"/></net>

<net id="3927"><net_src comp="3917" pin="3"/><net_sink comp="3924" pin=0"/></net>

<net id="3932"><net_src comp="3912" pin="2"/><net_sink comp="3928" pin=0"/></net>

<net id="3933"><net_src comp="3924" pin="1"/><net_sink comp="3928" pin=1"/></net>

<net id="3939"><net_src comp="712" pin="0"/><net_sink comp="3934" pin=0"/></net>

<net id="3940"><net_src comp="714" pin="0"/><net_sink comp="3934" pin=2"/></net>

<net id="3944"><net_src comp="3934" pin="3"/><net_sink comp="3941" pin=0"/></net>

<net id="3949"><net_src comp="3941" pin="1"/><net_sink comp="3945" pin=1"/></net>

<net id="3955"><net_src comp="716" pin="0"/><net_sink comp="3950" pin=0"/></net>

<net id="3956"><net_src comp="562" pin="0"/><net_sink comp="3950" pin=2"/></net>

<net id="3960"><net_src comp="3950" pin="3"/><net_sink comp="3957" pin=0"/></net>

<net id="3965"><net_src comp="3945" pin="2"/><net_sink comp="3961" pin=0"/></net>

<net id="3966"><net_src comp="3957" pin="1"/><net_sink comp="3961" pin=1"/></net>

<net id="3972"><net_src comp="712" pin="0"/><net_sink comp="3967" pin=0"/></net>

<net id="3973"><net_src comp="714" pin="0"/><net_sink comp="3967" pin=2"/></net>

<net id="3977"><net_src comp="3967" pin="3"/><net_sink comp="3974" pin=0"/></net>

<net id="3982"><net_src comp="3974" pin="1"/><net_sink comp="3978" pin=1"/></net>

<net id="3988"><net_src comp="716" pin="0"/><net_sink comp="3983" pin=0"/></net>

<net id="3989"><net_src comp="562" pin="0"/><net_sink comp="3983" pin=2"/></net>

<net id="3993"><net_src comp="3983" pin="3"/><net_sink comp="3990" pin=0"/></net>

<net id="3998"><net_src comp="3978" pin="2"/><net_sink comp="3994" pin=0"/></net>

<net id="3999"><net_src comp="3990" pin="1"/><net_sink comp="3994" pin=1"/></net>

<net id="4005"><net_src comp="718" pin="0"/><net_sink comp="4000" pin=0"/></net>

<net id="4006"><net_src comp="720" pin="0"/><net_sink comp="4000" pin=2"/></net>

<net id="4010"><net_src comp="4000" pin="3"/><net_sink comp="4007" pin=0"/></net>

<net id="4015"><net_src comp="4007" pin="1"/><net_sink comp="4011" pin=1"/></net>

<net id="4021"><net_src comp="722" pin="0"/><net_sink comp="4016" pin=0"/></net>

<net id="4022"><net_src comp="558" pin="0"/><net_sink comp="4016" pin=2"/></net>

<net id="4026"><net_src comp="4016" pin="3"/><net_sink comp="4023" pin=0"/></net>

<net id="4031"><net_src comp="4011" pin="2"/><net_sink comp="4027" pin=0"/></net>

<net id="4032"><net_src comp="4023" pin="1"/><net_sink comp="4027" pin=1"/></net>

<net id="4039"><net_src comp="724" pin="0"/><net_sink comp="4033" pin=0"/></net>

<net id="4040"><net_src comp="4027" pin="2"/><net_sink comp="4033" pin=1"/></net>

<net id="4041"><net_src comp="726" pin="0"/><net_sink comp="4033" pin=2"/></net>

<net id="4042"><net_src comp="728" pin="0"/><net_sink comp="4033" pin=3"/></net>

<net id="4049"><net_src comp="730" pin="0"/><net_sink comp="4043" pin=0"/></net>

<net id="4050"><net_src comp="4027" pin="2"/><net_sink comp="4043" pin=1"/></net>

<net id="4051"><net_src comp="732" pin="0"/><net_sink comp="4043" pin=2"/></net>

<net id="4052"><net_src comp="734" pin="0"/><net_sink comp="4043" pin=3"/></net>

<net id="4059"><net_src comp="736" pin="0"/><net_sink comp="4053" pin=0"/></net>

<net id="4060"><net_src comp="4027" pin="2"/><net_sink comp="4053" pin=1"/></net>

<net id="4061"><net_src comp="738" pin="0"/><net_sink comp="4053" pin=2"/></net>

<net id="4062"><net_src comp="740" pin="0"/><net_sink comp="4053" pin=3"/></net>

<net id="4100"><net_src comp="742" pin="0"/><net_sink comp="4063" pin=0"/></net>

<net id="4101"><net_src comp="720" pin="0"/><net_sink comp="4063" pin=1"/></net>

<net id="4102"><net_src comp="744" pin="0"/><net_sink comp="4063" pin=2"/></net>

<net id="4103"><net_src comp="746" pin="0"/><net_sink comp="4063" pin=3"/></net>

<net id="4104"><net_src comp="748" pin="0"/><net_sink comp="4063" pin=4"/></net>

<net id="4105"><net_src comp="750" pin="0"/><net_sink comp="4063" pin=5"/></net>

<net id="4106"><net_src comp="752" pin="0"/><net_sink comp="4063" pin=6"/></net>

<net id="4107"><net_src comp="754" pin="0"/><net_sink comp="4063" pin=7"/></net>

<net id="4108"><net_src comp="756" pin="0"/><net_sink comp="4063" pin=8"/></net>

<net id="4109"><net_src comp="758" pin="0"/><net_sink comp="4063" pin=9"/></net>

<net id="4110"><net_src comp="760" pin="0"/><net_sink comp="4063" pin=10"/></net>

<net id="4111"><net_src comp="762" pin="0"/><net_sink comp="4063" pin=11"/></net>

<net id="4112"><net_src comp="764" pin="0"/><net_sink comp="4063" pin=12"/></net>

<net id="4113"><net_src comp="766" pin="0"/><net_sink comp="4063" pin=13"/></net>

<net id="4114"><net_src comp="768" pin="0"/><net_sink comp="4063" pin=14"/></net>

<net id="4115"><net_src comp="770" pin="0"/><net_sink comp="4063" pin=15"/></net>

<net id="4116"><net_src comp="772" pin="0"/><net_sink comp="4063" pin=16"/></net>

<net id="4117"><net_src comp="774" pin="0"/><net_sink comp="4063" pin=17"/></net>

<net id="4118"><net_src comp="776" pin="0"/><net_sink comp="4063" pin=18"/></net>

<net id="4119"><net_src comp="778" pin="0"/><net_sink comp="4063" pin=19"/></net>

<net id="4120"><net_src comp="780" pin="0"/><net_sink comp="4063" pin=20"/></net>

<net id="4121"><net_src comp="782" pin="0"/><net_sink comp="4063" pin=21"/></net>

<net id="4122"><net_src comp="784" pin="0"/><net_sink comp="4063" pin=22"/></net>

<net id="4123"><net_src comp="786" pin="0"/><net_sink comp="4063" pin=23"/></net>

<net id="4124"><net_src comp="788" pin="0"/><net_sink comp="4063" pin=24"/></net>

<net id="4125"><net_src comp="790" pin="0"/><net_sink comp="4063" pin=25"/></net>

<net id="4126"><net_src comp="792" pin="0"/><net_sink comp="4063" pin=26"/></net>

<net id="4127"><net_src comp="794" pin="0"/><net_sink comp="4063" pin=27"/></net>

<net id="4128"><net_src comp="796" pin="0"/><net_sink comp="4063" pin=28"/></net>

<net id="4129"><net_src comp="798" pin="0"/><net_sink comp="4063" pin=29"/></net>

<net id="4130"><net_src comp="800" pin="0"/><net_sink comp="4063" pin=30"/></net>

<net id="4131"><net_src comp="802" pin="0"/><net_sink comp="4063" pin=31"/></net>

<net id="4132"><net_src comp="804" pin="0"/><net_sink comp="4063" pin=32"/></net>

<net id="4133"><net_src comp="806" pin="0"/><net_sink comp="4063" pin=33"/></net>

<net id="4134"><net_src comp="4053" pin="4"/><net_sink comp="4063" pin=34"/></net>

<net id="4140"><net_src comp="808" pin="0"/><net_sink comp="4135" pin=0"/></net>

<net id="4141"><net_src comp="4027" pin="2"/><net_sink comp="4135" pin=1"/></net>

<net id="4142"><net_src comp="734" pin="0"/><net_sink comp="4135" pin=2"/></net>

<net id="4149"><net_src comp="724" pin="0"/><net_sink comp="4143" pin=0"/></net>

<net id="4150"><net_src comp="4027" pin="2"/><net_sink comp="4143" pin=1"/></net>

<net id="4151"><net_src comp="810" pin="0"/><net_sink comp="4143" pin=2"/></net>

<net id="4152"><net_src comp="734" pin="0"/><net_sink comp="4143" pin=3"/></net>

<net id="4157"><net_src comp="4143" pin="4"/><net_sink comp="4153" pin=0"/></net>

<net id="4158"><net_src comp="710" pin="0"/><net_sink comp="4153" pin=1"/></net>

<net id="4164"><net_src comp="718" pin="0"/><net_sink comp="4159" pin=0"/></net>

<net id="4165"><net_src comp="720" pin="0"/><net_sink comp="4159" pin=2"/></net>

<net id="4169"><net_src comp="4159" pin="3"/><net_sink comp="4166" pin=0"/></net>

<net id="4174"><net_src comp="4166" pin="1"/><net_sink comp="4170" pin=1"/></net>

<net id="4180"><net_src comp="722" pin="0"/><net_sink comp="4175" pin=0"/></net>

<net id="4181"><net_src comp="558" pin="0"/><net_sink comp="4175" pin=2"/></net>

<net id="4185"><net_src comp="4175" pin="3"/><net_sink comp="4182" pin=0"/></net>

<net id="4190"><net_src comp="4170" pin="2"/><net_sink comp="4186" pin=0"/></net>

<net id="4191"><net_src comp="4182" pin="1"/><net_sink comp="4186" pin=1"/></net>

<net id="4198"><net_src comp="724" pin="0"/><net_sink comp="4192" pin=0"/></net>

<net id="4199"><net_src comp="4186" pin="2"/><net_sink comp="4192" pin=1"/></net>

<net id="4200"><net_src comp="726" pin="0"/><net_sink comp="4192" pin=2"/></net>

<net id="4201"><net_src comp="728" pin="0"/><net_sink comp="4192" pin=3"/></net>

<net id="4208"><net_src comp="730" pin="0"/><net_sink comp="4202" pin=0"/></net>

<net id="4209"><net_src comp="4186" pin="2"/><net_sink comp="4202" pin=1"/></net>

<net id="4210"><net_src comp="732" pin="0"/><net_sink comp="4202" pin=2"/></net>

<net id="4211"><net_src comp="734" pin="0"/><net_sink comp="4202" pin=3"/></net>

<net id="4218"><net_src comp="736" pin="0"/><net_sink comp="4212" pin=0"/></net>

<net id="4219"><net_src comp="4186" pin="2"/><net_sink comp="4212" pin=1"/></net>

<net id="4220"><net_src comp="738" pin="0"/><net_sink comp="4212" pin=2"/></net>

<net id="4221"><net_src comp="740" pin="0"/><net_sink comp="4212" pin=3"/></net>

<net id="4259"><net_src comp="742" pin="0"/><net_sink comp="4222" pin=0"/></net>

<net id="4260"><net_src comp="720" pin="0"/><net_sink comp="4222" pin=1"/></net>

<net id="4261"><net_src comp="744" pin="0"/><net_sink comp="4222" pin=2"/></net>

<net id="4262"><net_src comp="746" pin="0"/><net_sink comp="4222" pin=3"/></net>

<net id="4263"><net_src comp="748" pin="0"/><net_sink comp="4222" pin=4"/></net>

<net id="4264"><net_src comp="750" pin="0"/><net_sink comp="4222" pin=5"/></net>

<net id="4265"><net_src comp="752" pin="0"/><net_sink comp="4222" pin=6"/></net>

<net id="4266"><net_src comp="754" pin="0"/><net_sink comp="4222" pin=7"/></net>

<net id="4267"><net_src comp="756" pin="0"/><net_sink comp="4222" pin=8"/></net>

<net id="4268"><net_src comp="758" pin="0"/><net_sink comp="4222" pin=9"/></net>

<net id="4269"><net_src comp="760" pin="0"/><net_sink comp="4222" pin=10"/></net>

<net id="4270"><net_src comp="762" pin="0"/><net_sink comp="4222" pin=11"/></net>

<net id="4271"><net_src comp="764" pin="0"/><net_sink comp="4222" pin=12"/></net>

<net id="4272"><net_src comp="766" pin="0"/><net_sink comp="4222" pin=13"/></net>

<net id="4273"><net_src comp="768" pin="0"/><net_sink comp="4222" pin=14"/></net>

<net id="4274"><net_src comp="770" pin="0"/><net_sink comp="4222" pin=15"/></net>

<net id="4275"><net_src comp="772" pin="0"/><net_sink comp="4222" pin=16"/></net>

<net id="4276"><net_src comp="774" pin="0"/><net_sink comp="4222" pin=17"/></net>

<net id="4277"><net_src comp="776" pin="0"/><net_sink comp="4222" pin=18"/></net>

<net id="4278"><net_src comp="778" pin="0"/><net_sink comp="4222" pin=19"/></net>

<net id="4279"><net_src comp="780" pin="0"/><net_sink comp="4222" pin=20"/></net>

<net id="4280"><net_src comp="782" pin="0"/><net_sink comp="4222" pin=21"/></net>

<net id="4281"><net_src comp="784" pin="0"/><net_sink comp="4222" pin=22"/></net>

<net id="4282"><net_src comp="786" pin="0"/><net_sink comp="4222" pin=23"/></net>

<net id="4283"><net_src comp="788" pin="0"/><net_sink comp="4222" pin=24"/></net>

<net id="4284"><net_src comp="790" pin="0"/><net_sink comp="4222" pin=25"/></net>

<net id="4285"><net_src comp="792" pin="0"/><net_sink comp="4222" pin=26"/></net>

<net id="4286"><net_src comp="794" pin="0"/><net_sink comp="4222" pin=27"/></net>

<net id="4287"><net_src comp="796" pin="0"/><net_sink comp="4222" pin=28"/></net>

<net id="4288"><net_src comp="798" pin="0"/><net_sink comp="4222" pin=29"/></net>

<net id="4289"><net_src comp="800" pin="0"/><net_sink comp="4222" pin=30"/></net>

<net id="4290"><net_src comp="802" pin="0"/><net_sink comp="4222" pin=31"/></net>

<net id="4291"><net_src comp="804" pin="0"/><net_sink comp="4222" pin=32"/></net>

<net id="4292"><net_src comp="806" pin="0"/><net_sink comp="4222" pin=33"/></net>

<net id="4293"><net_src comp="4212" pin="4"/><net_sink comp="4222" pin=34"/></net>

<net id="4299"><net_src comp="808" pin="0"/><net_sink comp="4294" pin=0"/></net>

<net id="4300"><net_src comp="4186" pin="2"/><net_sink comp="4294" pin=1"/></net>

<net id="4301"><net_src comp="734" pin="0"/><net_sink comp="4294" pin=2"/></net>

<net id="4308"><net_src comp="724" pin="0"/><net_sink comp="4302" pin=0"/></net>

<net id="4309"><net_src comp="4186" pin="2"/><net_sink comp="4302" pin=1"/></net>

<net id="4310"><net_src comp="810" pin="0"/><net_sink comp="4302" pin=2"/></net>

<net id="4311"><net_src comp="734" pin="0"/><net_sink comp="4302" pin=3"/></net>

<net id="4316"><net_src comp="4302" pin="4"/><net_sink comp="4312" pin=0"/></net>

<net id="4317"><net_src comp="710" pin="0"/><net_sink comp="4312" pin=1"/></net>

<net id="4323"><net_src comp="718" pin="0"/><net_sink comp="4318" pin=0"/></net>

<net id="4324"><net_src comp="720" pin="0"/><net_sink comp="4318" pin=2"/></net>

<net id="4328"><net_src comp="4318" pin="3"/><net_sink comp="4325" pin=0"/></net>

<net id="4333"><net_src comp="4325" pin="1"/><net_sink comp="4329" pin=1"/></net>

<net id="4339"><net_src comp="722" pin="0"/><net_sink comp="4334" pin=0"/></net>

<net id="4340"><net_src comp="558" pin="0"/><net_sink comp="4334" pin=2"/></net>

<net id="4344"><net_src comp="4334" pin="3"/><net_sink comp="4341" pin=0"/></net>

<net id="4349"><net_src comp="4329" pin="2"/><net_sink comp="4345" pin=0"/></net>

<net id="4350"><net_src comp="4341" pin="1"/><net_sink comp="4345" pin=1"/></net>

<net id="4357"><net_src comp="724" pin="0"/><net_sink comp="4351" pin=0"/></net>

<net id="4358"><net_src comp="4345" pin="2"/><net_sink comp="4351" pin=1"/></net>

<net id="4359"><net_src comp="726" pin="0"/><net_sink comp="4351" pin=2"/></net>

<net id="4360"><net_src comp="728" pin="0"/><net_sink comp="4351" pin=3"/></net>

<net id="4367"><net_src comp="730" pin="0"/><net_sink comp="4361" pin=0"/></net>

<net id="4368"><net_src comp="4345" pin="2"/><net_sink comp="4361" pin=1"/></net>

<net id="4369"><net_src comp="732" pin="0"/><net_sink comp="4361" pin=2"/></net>

<net id="4370"><net_src comp="734" pin="0"/><net_sink comp="4361" pin=3"/></net>

<net id="4377"><net_src comp="736" pin="0"/><net_sink comp="4371" pin=0"/></net>

<net id="4378"><net_src comp="4345" pin="2"/><net_sink comp="4371" pin=1"/></net>

<net id="4379"><net_src comp="738" pin="0"/><net_sink comp="4371" pin=2"/></net>

<net id="4380"><net_src comp="740" pin="0"/><net_sink comp="4371" pin=3"/></net>

<net id="4418"><net_src comp="742" pin="0"/><net_sink comp="4381" pin=0"/></net>

<net id="4419"><net_src comp="720" pin="0"/><net_sink comp="4381" pin=1"/></net>

<net id="4420"><net_src comp="744" pin="0"/><net_sink comp="4381" pin=2"/></net>

<net id="4421"><net_src comp="746" pin="0"/><net_sink comp="4381" pin=3"/></net>

<net id="4422"><net_src comp="748" pin="0"/><net_sink comp="4381" pin=4"/></net>

<net id="4423"><net_src comp="750" pin="0"/><net_sink comp="4381" pin=5"/></net>

<net id="4424"><net_src comp="752" pin="0"/><net_sink comp="4381" pin=6"/></net>

<net id="4425"><net_src comp="754" pin="0"/><net_sink comp="4381" pin=7"/></net>

<net id="4426"><net_src comp="756" pin="0"/><net_sink comp="4381" pin=8"/></net>

<net id="4427"><net_src comp="758" pin="0"/><net_sink comp="4381" pin=9"/></net>

<net id="4428"><net_src comp="760" pin="0"/><net_sink comp="4381" pin=10"/></net>

<net id="4429"><net_src comp="762" pin="0"/><net_sink comp="4381" pin=11"/></net>

<net id="4430"><net_src comp="764" pin="0"/><net_sink comp="4381" pin=12"/></net>

<net id="4431"><net_src comp="766" pin="0"/><net_sink comp="4381" pin=13"/></net>

<net id="4432"><net_src comp="768" pin="0"/><net_sink comp="4381" pin=14"/></net>

<net id="4433"><net_src comp="770" pin="0"/><net_sink comp="4381" pin=15"/></net>

<net id="4434"><net_src comp="772" pin="0"/><net_sink comp="4381" pin=16"/></net>

<net id="4435"><net_src comp="774" pin="0"/><net_sink comp="4381" pin=17"/></net>

<net id="4436"><net_src comp="776" pin="0"/><net_sink comp="4381" pin=18"/></net>

<net id="4437"><net_src comp="778" pin="0"/><net_sink comp="4381" pin=19"/></net>

<net id="4438"><net_src comp="780" pin="0"/><net_sink comp="4381" pin=20"/></net>

<net id="4439"><net_src comp="782" pin="0"/><net_sink comp="4381" pin=21"/></net>

<net id="4440"><net_src comp="784" pin="0"/><net_sink comp="4381" pin=22"/></net>

<net id="4441"><net_src comp="786" pin="0"/><net_sink comp="4381" pin=23"/></net>

<net id="4442"><net_src comp="788" pin="0"/><net_sink comp="4381" pin=24"/></net>

<net id="4443"><net_src comp="790" pin="0"/><net_sink comp="4381" pin=25"/></net>

<net id="4444"><net_src comp="792" pin="0"/><net_sink comp="4381" pin=26"/></net>

<net id="4445"><net_src comp="794" pin="0"/><net_sink comp="4381" pin=27"/></net>

<net id="4446"><net_src comp="796" pin="0"/><net_sink comp="4381" pin=28"/></net>

<net id="4447"><net_src comp="798" pin="0"/><net_sink comp="4381" pin=29"/></net>

<net id="4448"><net_src comp="800" pin="0"/><net_sink comp="4381" pin=30"/></net>

<net id="4449"><net_src comp="802" pin="0"/><net_sink comp="4381" pin=31"/></net>

<net id="4450"><net_src comp="804" pin="0"/><net_sink comp="4381" pin=32"/></net>

<net id="4451"><net_src comp="806" pin="0"/><net_sink comp="4381" pin=33"/></net>

<net id="4452"><net_src comp="4371" pin="4"/><net_sink comp="4381" pin=34"/></net>

<net id="4458"><net_src comp="808" pin="0"/><net_sink comp="4453" pin=0"/></net>

<net id="4459"><net_src comp="4345" pin="2"/><net_sink comp="4453" pin=1"/></net>

<net id="4460"><net_src comp="734" pin="0"/><net_sink comp="4453" pin=2"/></net>

<net id="4467"><net_src comp="724" pin="0"/><net_sink comp="4461" pin=0"/></net>

<net id="4468"><net_src comp="4345" pin="2"/><net_sink comp="4461" pin=1"/></net>

<net id="4469"><net_src comp="810" pin="0"/><net_sink comp="4461" pin=2"/></net>

<net id="4470"><net_src comp="734" pin="0"/><net_sink comp="4461" pin=3"/></net>

<net id="4475"><net_src comp="4461" pin="4"/><net_sink comp="4471" pin=0"/></net>

<net id="4476"><net_src comp="710" pin="0"/><net_sink comp="4471" pin=1"/></net>

<net id="4482"><net_src comp="718" pin="0"/><net_sink comp="4477" pin=0"/></net>

<net id="4483"><net_src comp="720" pin="0"/><net_sink comp="4477" pin=2"/></net>

<net id="4487"><net_src comp="4477" pin="3"/><net_sink comp="4484" pin=0"/></net>

<net id="4492"><net_src comp="4484" pin="1"/><net_sink comp="4488" pin=1"/></net>

<net id="4498"><net_src comp="722" pin="0"/><net_sink comp="4493" pin=0"/></net>

<net id="4499"><net_src comp="558" pin="0"/><net_sink comp="4493" pin=2"/></net>

<net id="4503"><net_src comp="4493" pin="3"/><net_sink comp="4500" pin=0"/></net>

<net id="4508"><net_src comp="4488" pin="2"/><net_sink comp="4504" pin=0"/></net>

<net id="4509"><net_src comp="4500" pin="1"/><net_sink comp="4504" pin=1"/></net>

<net id="4516"><net_src comp="724" pin="0"/><net_sink comp="4510" pin=0"/></net>

<net id="4517"><net_src comp="4504" pin="2"/><net_sink comp="4510" pin=1"/></net>

<net id="4518"><net_src comp="726" pin="0"/><net_sink comp="4510" pin=2"/></net>

<net id="4519"><net_src comp="728" pin="0"/><net_sink comp="4510" pin=3"/></net>

<net id="4526"><net_src comp="730" pin="0"/><net_sink comp="4520" pin=0"/></net>

<net id="4527"><net_src comp="4504" pin="2"/><net_sink comp="4520" pin=1"/></net>

<net id="4528"><net_src comp="732" pin="0"/><net_sink comp="4520" pin=2"/></net>

<net id="4529"><net_src comp="734" pin="0"/><net_sink comp="4520" pin=3"/></net>

<net id="4536"><net_src comp="736" pin="0"/><net_sink comp="4530" pin=0"/></net>

<net id="4537"><net_src comp="4504" pin="2"/><net_sink comp="4530" pin=1"/></net>

<net id="4538"><net_src comp="738" pin="0"/><net_sink comp="4530" pin=2"/></net>

<net id="4539"><net_src comp="740" pin="0"/><net_sink comp="4530" pin=3"/></net>

<net id="4577"><net_src comp="742" pin="0"/><net_sink comp="4540" pin=0"/></net>

<net id="4578"><net_src comp="720" pin="0"/><net_sink comp="4540" pin=1"/></net>

<net id="4579"><net_src comp="744" pin="0"/><net_sink comp="4540" pin=2"/></net>

<net id="4580"><net_src comp="746" pin="0"/><net_sink comp="4540" pin=3"/></net>

<net id="4581"><net_src comp="748" pin="0"/><net_sink comp="4540" pin=4"/></net>

<net id="4582"><net_src comp="750" pin="0"/><net_sink comp="4540" pin=5"/></net>

<net id="4583"><net_src comp="752" pin="0"/><net_sink comp="4540" pin=6"/></net>

<net id="4584"><net_src comp="754" pin="0"/><net_sink comp="4540" pin=7"/></net>

<net id="4585"><net_src comp="756" pin="0"/><net_sink comp="4540" pin=8"/></net>

<net id="4586"><net_src comp="758" pin="0"/><net_sink comp="4540" pin=9"/></net>

<net id="4587"><net_src comp="760" pin="0"/><net_sink comp="4540" pin=10"/></net>

<net id="4588"><net_src comp="762" pin="0"/><net_sink comp="4540" pin=11"/></net>

<net id="4589"><net_src comp="764" pin="0"/><net_sink comp="4540" pin=12"/></net>

<net id="4590"><net_src comp="766" pin="0"/><net_sink comp="4540" pin=13"/></net>

<net id="4591"><net_src comp="768" pin="0"/><net_sink comp="4540" pin=14"/></net>

<net id="4592"><net_src comp="770" pin="0"/><net_sink comp="4540" pin=15"/></net>

<net id="4593"><net_src comp="772" pin="0"/><net_sink comp="4540" pin=16"/></net>

<net id="4594"><net_src comp="774" pin="0"/><net_sink comp="4540" pin=17"/></net>

<net id="4595"><net_src comp="776" pin="0"/><net_sink comp="4540" pin=18"/></net>

<net id="4596"><net_src comp="778" pin="0"/><net_sink comp="4540" pin=19"/></net>

<net id="4597"><net_src comp="780" pin="0"/><net_sink comp="4540" pin=20"/></net>

<net id="4598"><net_src comp="782" pin="0"/><net_sink comp="4540" pin=21"/></net>

<net id="4599"><net_src comp="784" pin="0"/><net_sink comp="4540" pin=22"/></net>

<net id="4600"><net_src comp="786" pin="0"/><net_sink comp="4540" pin=23"/></net>

<net id="4601"><net_src comp="788" pin="0"/><net_sink comp="4540" pin=24"/></net>

<net id="4602"><net_src comp="790" pin="0"/><net_sink comp="4540" pin=25"/></net>

<net id="4603"><net_src comp="792" pin="0"/><net_sink comp="4540" pin=26"/></net>

<net id="4604"><net_src comp="794" pin="0"/><net_sink comp="4540" pin=27"/></net>

<net id="4605"><net_src comp="796" pin="0"/><net_sink comp="4540" pin=28"/></net>

<net id="4606"><net_src comp="798" pin="0"/><net_sink comp="4540" pin=29"/></net>

<net id="4607"><net_src comp="800" pin="0"/><net_sink comp="4540" pin=30"/></net>

<net id="4608"><net_src comp="802" pin="0"/><net_sink comp="4540" pin=31"/></net>

<net id="4609"><net_src comp="804" pin="0"/><net_sink comp="4540" pin=32"/></net>

<net id="4610"><net_src comp="806" pin="0"/><net_sink comp="4540" pin=33"/></net>

<net id="4611"><net_src comp="4530" pin="4"/><net_sink comp="4540" pin=34"/></net>

<net id="4617"><net_src comp="808" pin="0"/><net_sink comp="4612" pin=0"/></net>

<net id="4618"><net_src comp="4504" pin="2"/><net_sink comp="4612" pin=1"/></net>

<net id="4619"><net_src comp="734" pin="0"/><net_sink comp="4612" pin=2"/></net>

<net id="4626"><net_src comp="724" pin="0"/><net_sink comp="4620" pin=0"/></net>

<net id="4627"><net_src comp="4504" pin="2"/><net_sink comp="4620" pin=1"/></net>

<net id="4628"><net_src comp="810" pin="0"/><net_sink comp="4620" pin=2"/></net>

<net id="4629"><net_src comp="734" pin="0"/><net_sink comp="4620" pin=3"/></net>

<net id="4634"><net_src comp="4620" pin="4"/><net_sink comp="4630" pin=0"/></net>

<net id="4635"><net_src comp="710" pin="0"/><net_sink comp="4630" pin=1"/></net>

<net id="4673"><net_src comp="812" pin="0"/><net_sink comp="4636" pin=0"/></net>

<net id="4674"><net_src comp="720" pin="0"/><net_sink comp="4636" pin=1"/></net>

<net id="4675"><net_src comp="814" pin="0"/><net_sink comp="4636" pin=2"/></net>

<net id="4676"><net_src comp="746" pin="0"/><net_sink comp="4636" pin=3"/></net>

<net id="4677"><net_src comp="816" pin="0"/><net_sink comp="4636" pin=4"/></net>

<net id="4678"><net_src comp="750" pin="0"/><net_sink comp="4636" pin=5"/></net>

<net id="4679"><net_src comp="818" pin="0"/><net_sink comp="4636" pin=6"/></net>

<net id="4680"><net_src comp="754" pin="0"/><net_sink comp="4636" pin=7"/></net>

<net id="4681"><net_src comp="820" pin="0"/><net_sink comp="4636" pin=8"/></net>

<net id="4682"><net_src comp="758" pin="0"/><net_sink comp="4636" pin=9"/></net>

<net id="4683"><net_src comp="822" pin="0"/><net_sink comp="4636" pin=10"/></net>

<net id="4684"><net_src comp="762" pin="0"/><net_sink comp="4636" pin=11"/></net>

<net id="4685"><net_src comp="824" pin="0"/><net_sink comp="4636" pin=12"/></net>

<net id="4686"><net_src comp="766" pin="0"/><net_sink comp="4636" pin=13"/></net>

<net id="4687"><net_src comp="826" pin="0"/><net_sink comp="4636" pin=14"/></net>

<net id="4688"><net_src comp="770" pin="0"/><net_sink comp="4636" pin=15"/></net>

<net id="4689"><net_src comp="828" pin="0"/><net_sink comp="4636" pin=16"/></net>

<net id="4690"><net_src comp="774" pin="0"/><net_sink comp="4636" pin=17"/></net>

<net id="4691"><net_src comp="830" pin="0"/><net_sink comp="4636" pin=18"/></net>

<net id="4692"><net_src comp="778" pin="0"/><net_sink comp="4636" pin=19"/></net>

<net id="4693"><net_src comp="832" pin="0"/><net_sink comp="4636" pin=20"/></net>

<net id="4694"><net_src comp="782" pin="0"/><net_sink comp="4636" pin=21"/></net>

<net id="4695"><net_src comp="834" pin="0"/><net_sink comp="4636" pin=22"/></net>

<net id="4696"><net_src comp="786" pin="0"/><net_sink comp="4636" pin=23"/></net>

<net id="4697"><net_src comp="836" pin="0"/><net_sink comp="4636" pin=24"/></net>

<net id="4698"><net_src comp="790" pin="0"/><net_sink comp="4636" pin=25"/></net>

<net id="4699"><net_src comp="838" pin="0"/><net_sink comp="4636" pin=26"/></net>

<net id="4700"><net_src comp="794" pin="0"/><net_sink comp="4636" pin=27"/></net>

<net id="4701"><net_src comp="840" pin="0"/><net_sink comp="4636" pin=28"/></net>

<net id="4702"><net_src comp="798" pin="0"/><net_sink comp="4636" pin=29"/></net>

<net id="4703"><net_src comp="842" pin="0"/><net_sink comp="4636" pin=30"/></net>

<net id="4704"><net_src comp="802" pin="0"/><net_sink comp="4636" pin=31"/></net>

<net id="4705"><net_src comp="844" pin="0"/><net_sink comp="4636" pin=32"/></net>

<net id="4706"><net_src comp="846" pin="0"/><net_sink comp="4636" pin=33"/></net>

<net id="4714"><net_src comp="4636" pin="35"/><net_sink comp="4710" pin=0"/></net>

<net id="4715"><net_src comp="4707" pin="1"/><net_sink comp="4710" pin=1"/></net>

<net id="4719"><net_src comp="4710" pin="2"/><net_sink comp="4716" pin=0"/></net>

<net id="4727"><net_src comp="4720" pin="1"/><net_sink comp="4723" pin=0"/></net>

<net id="4728"><net_src comp="4716" pin="1"/><net_sink comp="4723" pin=1"/></net>

<net id="4735"><net_src comp="848" pin="0"/><net_sink comp="4729" pin=0"/></net>

<net id="4736"><net_src comp="4723" pin="2"/><net_sink comp="4729" pin=1"/></net>

<net id="4737"><net_src comp="850" pin="0"/><net_sink comp="4729" pin=2"/></net>

<net id="4738"><net_src comp="852" pin="0"/><net_sink comp="4729" pin=3"/></net>

<net id="4776"><net_src comp="812" pin="0"/><net_sink comp="4739" pin=0"/></net>

<net id="4777"><net_src comp="720" pin="0"/><net_sink comp="4739" pin=1"/></net>

<net id="4778"><net_src comp="814" pin="0"/><net_sink comp="4739" pin=2"/></net>

<net id="4779"><net_src comp="746" pin="0"/><net_sink comp="4739" pin=3"/></net>

<net id="4780"><net_src comp="816" pin="0"/><net_sink comp="4739" pin=4"/></net>

<net id="4781"><net_src comp="750" pin="0"/><net_sink comp="4739" pin=5"/></net>

<net id="4782"><net_src comp="818" pin="0"/><net_sink comp="4739" pin=6"/></net>

<net id="4783"><net_src comp="754" pin="0"/><net_sink comp="4739" pin=7"/></net>

<net id="4784"><net_src comp="820" pin="0"/><net_sink comp="4739" pin=8"/></net>

<net id="4785"><net_src comp="758" pin="0"/><net_sink comp="4739" pin=9"/></net>

<net id="4786"><net_src comp="822" pin="0"/><net_sink comp="4739" pin=10"/></net>

<net id="4787"><net_src comp="762" pin="0"/><net_sink comp="4739" pin=11"/></net>

<net id="4788"><net_src comp="824" pin="0"/><net_sink comp="4739" pin=12"/></net>

<net id="4789"><net_src comp="766" pin="0"/><net_sink comp="4739" pin=13"/></net>

<net id="4790"><net_src comp="826" pin="0"/><net_sink comp="4739" pin=14"/></net>

<net id="4791"><net_src comp="770" pin="0"/><net_sink comp="4739" pin=15"/></net>

<net id="4792"><net_src comp="828" pin="0"/><net_sink comp="4739" pin=16"/></net>

<net id="4793"><net_src comp="774" pin="0"/><net_sink comp="4739" pin=17"/></net>

<net id="4794"><net_src comp="830" pin="0"/><net_sink comp="4739" pin=18"/></net>

<net id="4795"><net_src comp="778" pin="0"/><net_sink comp="4739" pin=19"/></net>

<net id="4796"><net_src comp="832" pin="0"/><net_sink comp="4739" pin=20"/></net>

<net id="4797"><net_src comp="782" pin="0"/><net_sink comp="4739" pin=21"/></net>

<net id="4798"><net_src comp="834" pin="0"/><net_sink comp="4739" pin=22"/></net>

<net id="4799"><net_src comp="786" pin="0"/><net_sink comp="4739" pin=23"/></net>

<net id="4800"><net_src comp="836" pin="0"/><net_sink comp="4739" pin=24"/></net>

<net id="4801"><net_src comp="790" pin="0"/><net_sink comp="4739" pin=25"/></net>

<net id="4802"><net_src comp="838" pin="0"/><net_sink comp="4739" pin=26"/></net>

<net id="4803"><net_src comp="794" pin="0"/><net_sink comp="4739" pin=27"/></net>

<net id="4804"><net_src comp="840" pin="0"/><net_sink comp="4739" pin=28"/></net>

<net id="4805"><net_src comp="798" pin="0"/><net_sink comp="4739" pin=29"/></net>

<net id="4806"><net_src comp="842" pin="0"/><net_sink comp="4739" pin=30"/></net>

<net id="4807"><net_src comp="802" pin="0"/><net_sink comp="4739" pin=31"/></net>

<net id="4808"><net_src comp="844" pin="0"/><net_sink comp="4739" pin=32"/></net>

<net id="4809"><net_src comp="846" pin="0"/><net_sink comp="4739" pin=33"/></net>

<net id="4817"><net_src comp="4739" pin="35"/><net_sink comp="4813" pin=0"/></net>

<net id="4818"><net_src comp="4810" pin="1"/><net_sink comp="4813" pin=1"/></net>

<net id="4822"><net_src comp="4813" pin="2"/><net_sink comp="4819" pin=0"/></net>

<net id="4830"><net_src comp="4823" pin="1"/><net_sink comp="4826" pin=0"/></net>

<net id="4831"><net_src comp="4819" pin="1"/><net_sink comp="4826" pin=1"/></net>

<net id="4838"><net_src comp="848" pin="0"/><net_sink comp="4832" pin=0"/></net>

<net id="4839"><net_src comp="4826" pin="2"/><net_sink comp="4832" pin=1"/></net>

<net id="4840"><net_src comp="850" pin="0"/><net_sink comp="4832" pin=2"/></net>

<net id="4841"><net_src comp="852" pin="0"/><net_sink comp="4832" pin=3"/></net>

<net id="4879"><net_src comp="812" pin="0"/><net_sink comp="4842" pin=0"/></net>

<net id="4880"><net_src comp="720" pin="0"/><net_sink comp="4842" pin=1"/></net>

<net id="4881"><net_src comp="814" pin="0"/><net_sink comp="4842" pin=2"/></net>

<net id="4882"><net_src comp="746" pin="0"/><net_sink comp="4842" pin=3"/></net>

<net id="4883"><net_src comp="816" pin="0"/><net_sink comp="4842" pin=4"/></net>

<net id="4884"><net_src comp="750" pin="0"/><net_sink comp="4842" pin=5"/></net>

<net id="4885"><net_src comp="818" pin="0"/><net_sink comp="4842" pin=6"/></net>

<net id="4886"><net_src comp="754" pin="0"/><net_sink comp="4842" pin=7"/></net>

<net id="4887"><net_src comp="820" pin="0"/><net_sink comp="4842" pin=8"/></net>

<net id="4888"><net_src comp="758" pin="0"/><net_sink comp="4842" pin=9"/></net>

<net id="4889"><net_src comp="822" pin="0"/><net_sink comp="4842" pin=10"/></net>

<net id="4890"><net_src comp="762" pin="0"/><net_sink comp="4842" pin=11"/></net>

<net id="4891"><net_src comp="824" pin="0"/><net_sink comp="4842" pin=12"/></net>

<net id="4892"><net_src comp="766" pin="0"/><net_sink comp="4842" pin=13"/></net>

<net id="4893"><net_src comp="826" pin="0"/><net_sink comp="4842" pin=14"/></net>

<net id="4894"><net_src comp="770" pin="0"/><net_sink comp="4842" pin=15"/></net>

<net id="4895"><net_src comp="828" pin="0"/><net_sink comp="4842" pin=16"/></net>

<net id="4896"><net_src comp="774" pin="0"/><net_sink comp="4842" pin=17"/></net>

<net id="4897"><net_src comp="830" pin="0"/><net_sink comp="4842" pin=18"/></net>

<net id="4898"><net_src comp="778" pin="0"/><net_sink comp="4842" pin=19"/></net>

<net id="4899"><net_src comp="832" pin="0"/><net_sink comp="4842" pin=20"/></net>

<net id="4900"><net_src comp="782" pin="0"/><net_sink comp="4842" pin=21"/></net>

<net id="4901"><net_src comp="834" pin="0"/><net_sink comp="4842" pin=22"/></net>

<net id="4902"><net_src comp="786" pin="0"/><net_sink comp="4842" pin=23"/></net>

<net id="4903"><net_src comp="836" pin="0"/><net_sink comp="4842" pin=24"/></net>

<net id="4904"><net_src comp="790" pin="0"/><net_sink comp="4842" pin=25"/></net>

<net id="4905"><net_src comp="838" pin="0"/><net_sink comp="4842" pin=26"/></net>

<net id="4906"><net_src comp="794" pin="0"/><net_sink comp="4842" pin=27"/></net>

<net id="4907"><net_src comp="840" pin="0"/><net_sink comp="4842" pin=28"/></net>

<net id="4908"><net_src comp="798" pin="0"/><net_sink comp="4842" pin=29"/></net>

<net id="4909"><net_src comp="842" pin="0"/><net_sink comp="4842" pin=30"/></net>

<net id="4910"><net_src comp="802" pin="0"/><net_sink comp="4842" pin=31"/></net>

<net id="4911"><net_src comp="844" pin="0"/><net_sink comp="4842" pin=32"/></net>

<net id="4912"><net_src comp="846" pin="0"/><net_sink comp="4842" pin=33"/></net>

<net id="4920"><net_src comp="4842" pin="35"/><net_sink comp="4916" pin=0"/></net>

<net id="4921"><net_src comp="4913" pin="1"/><net_sink comp="4916" pin=1"/></net>

<net id="4925"><net_src comp="4916" pin="2"/><net_sink comp="4922" pin=0"/></net>

<net id="4933"><net_src comp="4926" pin="1"/><net_sink comp="4929" pin=0"/></net>

<net id="4934"><net_src comp="4922" pin="1"/><net_sink comp="4929" pin=1"/></net>

<net id="4941"><net_src comp="848" pin="0"/><net_sink comp="4935" pin=0"/></net>

<net id="4942"><net_src comp="4929" pin="2"/><net_sink comp="4935" pin=1"/></net>

<net id="4943"><net_src comp="850" pin="0"/><net_sink comp="4935" pin=2"/></net>

<net id="4944"><net_src comp="852" pin="0"/><net_sink comp="4935" pin=3"/></net>

<net id="4982"><net_src comp="812" pin="0"/><net_sink comp="4945" pin=0"/></net>

<net id="4983"><net_src comp="720" pin="0"/><net_sink comp="4945" pin=1"/></net>

<net id="4984"><net_src comp="814" pin="0"/><net_sink comp="4945" pin=2"/></net>

<net id="4985"><net_src comp="746" pin="0"/><net_sink comp="4945" pin=3"/></net>

<net id="4986"><net_src comp="816" pin="0"/><net_sink comp="4945" pin=4"/></net>

<net id="4987"><net_src comp="750" pin="0"/><net_sink comp="4945" pin=5"/></net>

<net id="4988"><net_src comp="818" pin="0"/><net_sink comp="4945" pin=6"/></net>

<net id="4989"><net_src comp="754" pin="0"/><net_sink comp="4945" pin=7"/></net>

<net id="4990"><net_src comp="820" pin="0"/><net_sink comp="4945" pin=8"/></net>

<net id="4991"><net_src comp="758" pin="0"/><net_sink comp="4945" pin=9"/></net>

<net id="4992"><net_src comp="822" pin="0"/><net_sink comp="4945" pin=10"/></net>

<net id="4993"><net_src comp="762" pin="0"/><net_sink comp="4945" pin=11"/></net>

<net id="4994"><net_src comp="824" pin="0"/><net_sink comp="4945" pin=12"/></net>

<net id="4995"><net_src comp="766" pin="0"/><net_sink comp="4945" pin=13"/></net>

<net id="4996"><net_src comp="826" pin="0"/><net_sink comp="4945" pin=14"/></net>

<net id="4997"><net_src comp="770" pin="0"/><net_sink comp="4945" pin=15"/></net>

<net id="4998"><net_src comp="828" pin="0"/><net_sink comp="4945" pin=16"/></net>

<net id="4999"><net_src comp="774" pin="0"/><net_sink comp="4945" pin=17"/></net>

<net id="5000"><net_src comp="830" pin="0"/><net_sink comp="4945" pin=18"/></net>

<net id="5001"><net_src comp="778" pin="0"/><net_sink comp="4945" pin=19"/></net>

<net id="5002"><net_src comp="832" pin="0"/><net_sink comp="4945" pin=20"/></net>

<net id="5003"><net_src comp="782" pin="0"/><net_sink comp="4945" pin=21"/></net>

<net id="5004"><net_src comp="834" pin="0"/><net_sink comp="4945" pin=22"/></net>

<net id="5005"><net_src comp="786" pin="0"/><net_sink comp="4945" pin=23"/></net>

<net id="5006"><net_src comp="836" pin="0"/><net_sink comp="4945" pin=24"/></net>

<net id="5007"><net_src comp="790" pin="0"/><net_sink comp="4945" pin=25"/></net>

<net id="5008"><net_src comp="838" pin="0"/><net_sink comp="4945" pin=26"/></net>

<net id="5009"><net_src comp="794" pin="0"/><net_sink comp="4945" pin=27"/></net>

<net id="5010"><net_src comp="840" pin="0"/><net_sink comp="4945" pin=28"/></net>

<net id="5011"><net_src comp="798" pin="0"/><net_sink comp="4945" pin=29"/></net>

<net id="5012"><net_src comp="842" pin="0"/><net_sink comp="4945" pin=30"/></net>

<net id="5013"><net_src comp="802" pin="0"/><net_sink comp="4945" pin=31"/></net>

<net id="5014"><net_src comp="844" pin="0"/><net_sink comp="4945" pin=32"/></net>

<net id="5015"><net_src comp="846" pin="0"/><net_sink comp="4945" pin=33"/></net>

<net id="5023"><net_src comp="4945" pin="35"/><net_sink comp="5019" pin=0"/></net>

<net id="5024"><net_src comp="5016" pin="1"/><net_sink comp="5019" pin=1"/></net>

<net id="5028"><net_src comp="5019" pin="2"/><net_sink comp="5025" pin=0"/></net>

<net id="5036"><net_src comp="5029" pin="1"/><net_sink comp="5032" pin=0"/></net>

<net id="5037"><net_src comp="5025" pin="1"/><net_sink comp="5032" pin=1"/></net>

<net id="5044"><net_src comp="848" pin="0"/><net_sink comp="5038" pin=0"/></net>

<net id="5045"><net_src comp="5032" pin="2"/><net_sink comp="5038" pin=1"/></net>

<net id="5046"><net_src comp="850" pin="0"/><net_sink comp="5038" pin=2"/></net>

<net id="5047"><net_src comp="852" pin="0"/><net_sink comp="5038" pin=3"/></net>

<net id="5058"><net_src comp="5051" pin="1"/><net_sink comp="5054" pin=0"/></net>

<net id="5059"><net_src comp="5048" pin="1"/><net_sink comp="5054" pin=1"/></net>

<net id="5063"><net_src comp="5054" pin="2"/><net_sink comp="5060" pin=0"/></net>

<net id="5068"><net_src comp="524" pin="0"/><net_sink comp="5064" pin=1"/></net>

<net id="5075"><net_src comp="736" pin="0"/><net_sink comp="5069" pin=0"/></net>

<net id="5076"><net_src comp="732" pin="0"/><net_sink comp="5069" pin=2"/></net>

<net id="5077"><net_src comp="854" pin="0"/><net_sink comp="5069" pin=3"/></net>

<net id="5083"><net_src comp="802" pin="0"/><net_sink comp="5078" pin=1"/></net>

<net id="5084"><net_src comp="5069" pin="4"/><net_sink comp="5078" pin=2"/></net>

<net id="5088"><net_src comp="5078" pin="3"/><net_sink comp="5085" pin=0"/></net>

<net id="5093"><net_src comp="5060" pin="1"/><net_sink comp="5089" pin=0"/></net>

<net id="5094"><net_src comp="5085" pin="1"/><net_sink comp="5089" pin=1"/></net>

<net id="5102"><net_src comp="702" pin="0"/><net_sink comp="5098" pin=0"/></net>

<net id="5103"><net_src comp="5095" pin="1"/><net_sink comp="5098" pin=1"/></net>

<net id="5107"><net_src comp="5098" pin="2"/><net_sink comp="5104" pin=0"/></net>

<net id="5112"><net_src comp="5060" pin="1"/><net_sink comp="5108" pin=0"/></net>

<net id="5113"><net_src comp="5104" pin="1"/><net_sink comp="5108" pin=1"/></net>

<net id="5118"><net_src comp="5064" pin="2"/><net_sink comp="5114" pin=1"/></net>

<net id="5125"><net_src comp="856" pin="0"/><net_sink comp="5119" pin=0"/></net>

<net id="5126"><net_src comp="5098" pin="2"/><net_sink comp="5119" pin=1"/></net>

<net id="5127"><net_src comp="858" pin="0"/><net_sink comp="5119" pin=2"/></net>

<net id="5128"><net_src comp="726" pin="0"/><net_sink comp="5119" pin=3"/></net>

<net id="5133"><net_src comp="5119" pin="4"/><net_sink comp="5129" pin=0"/></net>

<net id="5134"><net_src comp="860" pin="0"/><net_sink comp="5129" pin=1"/></net>

<net id="5139"><net_src comp="5129" pin="2"/><net_sink comp="5135" pin=0"/></net>

<net id="5144"><net_src comp="5135" pin="2"/><net_sink comp="5140" pin=0"/></net>

<net id="5150"><net_src comp="862" pin="0"/><net_sink comp="5145" pin=0"/></net>

<net id="5151"><net_src comp="5114" pin="2"/><net_sink comp="5145" pin=1"/></net>

<net id="5152"><net_src comp="5140" pin="2"/><net_sink comp="5145" pin=2"/></net>

<net id="5164"><net_src comp="864" pin="0"/><net_sink comp="5153" pin=0"/></net>

<net id="5165"><net_src comp="694" pin="0"/><net_sink comp="5153" pin=1"/></net>

<net id="5166"><net_src comp="5089" pin="2"/><net_sink comp="5153" pin=2"/></net>

<net id="5167"><net_src comp="692" pin="0"/><net_sink comp="5153" pin=3"/></net>

<net id="5168"><net_src comp="5108" pin="2"/><net_sink comp="5153" pin=4"/></net>

<net id="5169"><net_src comp="558" pin="0"/><net_sink comp="5153" pin=5"/></net>

<net id="5170"><net_src comp="532" pin="0"/><net_sink comp="5153" pin=6"/></net>

<net id="5171"><net_src comp="690" pin="0"/><net_sink comp="5153" pin=7"/></net>

<net id="5172"><net_src comp="5145" pin="3"/><net_sink comp="5153" pin=8"/></net>

<net id="5183"><net_src comp="5176" pin="1"/><net_sink comp="5179" pin=0"/></net>

<net id="5184"><net_src comp="5173" pin="1"/><net_sink comp="5179" pin=1"/></net>

<net id="5188"><net_src comp="5179" pin="2"/><net_sink comp="5185" pin=0"/></net>

<net id="5193"><net_src comp="524" pin="0"/><net_sink comp="5189" pin=1"/></net>

<net id="5200"><net_src comp="736" pin="0"/><net_sink comp="5194" pin=0"/></net>

<net id="5201"><net_src comp="732" pin="0"/><net_sink comp="5194" pin=2"/></net>

<net id="5202"><net_src comp="854" pin="0"/><net_sink comp="5194" pin=3"/></net>

<net id="5208"><net_src comp="802" pin="0"/><net_sink comp="5203" pin=1"/></net>

<net id="5209"><net_src comp="5194" pin="4"/><net_sink comp="5203" pin=2"/></net>

<net id="5213"><net_src comp="5203" pin="3"/><net_sink comp="5210" pin=0"/></net>

<net id="5218"><net_src comp="5185" pin="1"/><net_sink comp="5214" pin=0"/></net>

<net id="5219"><net_src comp="5210" pin="1"/><net_sink comp="5214" pin=1"/></net>

<net id="5227"><net_src comp="702" pin="0"/><net_sink comp="5223" pin=0"/></net>

<net id="5228"><net_src comp="5220" pin="1"/><net_sink comp="5223" pin=1"/></net>

<net id="5232"><net_src comp="5223" pin="2"/><net_sink comp="5229" pin=0"/></net>

<net id="5239"><net_src comp="856" pin="0"/><net_sink comp="5233" pin=0"/></net>

<net id="5240"><net_src comp="5223" pin="2"/><net_sink comp="5233" pin=1"/></net>

<net id="5241"><net_src comp="858" pin="0"/><net_sink comp="5233" pin=2"/></net>

<net id="5242"><net_src comp="726" pin="0"/><net_sink comp="5233" pin=3"/></net>

<net id="5247"><net_src comp="5233" pin="4"/><net_sink comp="5243" pin=0"/></net>

<net id="5248"><net_src comp="710" pin="0"/><net_sink comp="5243" pin=1"/></net>

<net id="5253"><net_src comp="5185" pin="1"/><net_sink comp="5249" pin=0"/></net>

<net id="5254"><net_src comp="5229" pin="1"/><net_sink comp="5249" pin=1"/></net>

<net id="5259"><net_src comp="5243" pin="2"/><net_sink comp="5255" pin=0"/></net>

<net id="5265"><net_src comp="862" pin="0"/><net_sink comp="5260" pin=0"/></net>

<net id="5266"><net_src comp="5189" pin="2"/><net_sink comp="5260" pin=1"/></net>

<net id="5267"><net_src comp="5255" pin="2"/><net_sink comp="5260" pin=2"/></net>

<net id="5279"><net_src comp="864" pin="0"/><net_sink comp="5268" pin=0"/></net>

<net id="5280"><net_src comp="694" pin="0"/><net_sink comp="5268" pin=1"/></net>

<net id="5281"><net_src comp="5214" pin="2"/><net_sink comp="5268" pin=2"/></net>

<net id="5282"><net_src comp="692" pin="0"/><net_sink comp="5268" pin=3"/></net>

<net id="5283"><net_src comp="532" pin="0"/><net_sink comp="5268" pin=4"/></net>

<net id="5284"><net_src comp="558" pin="0"/><net_sink comp="5268" pin=5"/></net>

<net id="5285"><net_src comp="5249" pin="2"/><net_sink comp="5268" pin=6"/></net>

<net id="5286"><net_src comp="690" pin="0"/><net_sink comp="5268" pin=7"/></net>

<net id="5287"><net_src comp="5260" pin="3"/><net_sink comp="5268" pin=8"/></net>

<net id="5293"><net_src comp="5268" pin="9"/><net_sink comp="5288" pin=1"/></net>

<net id="5294"><net_src comp="532" pin="0"/><net_sink comp="5288" pin=2"/></net>

<net id="5305"><net_src comp="5298" pin="1"/><net_sink comp="5301" pin=0"/></net>

<net id="5306"><net_src comp="5295" pin="1"/><net_sink comp="5301" pin=1"/></net>

<net id="5310"><net_src comp="5301" pin="2"/><net_sink comp="5307" pin=0"/></net>

<net id="5315"><net_src comp="524" pin="0"/><net_sink comp="5311" pin=1"/></net>

<net id="5322"><net_src comp="736" pin="0"/><net_sink comp="5316" pin=0"/></net>

<net id="5323"><net_src comp="732" pin="0"/><net_sink comp="5316" pin=2"/></net>

<net id="5324"><net_src comp="854" pin="0"/><net_sink comp="5316" pin=3"/></net>

<net id="5330"><net_src comp="802" pin="0"/><net_sink comp="5325" pin=1"/></net>

<net id="5331"><net_src comp="5316" pin="4"/><net_sink comp="5325" pin=2"/></net>

<net id="5335"><net_src comp="5325" pin="3"/><net_sink comp="5332" pin=0"/></net>

<net id="5340"><net_src comp="5307" pin="1"/><net_sink comp="5336" pin=0"/></net>

<net id="5341"><net_src comp="5332" pin="1"/><net_sink comp="5336" pin=1"/></net>

<net id="5349"><net_src comp="702" pin="0"/><net_sink comp="5345" pin=0"/></net>

<net id="5350"><net_src comp="5342" pin="1"/><net_sink comp="5345" pin=1"/></net>

<net id="5354"><net_src comp="5345" pin="2"/><net_sink comp="5351" pin=0"/></net>

<net id="5361"><net_src comp="856" pin="0"/><net_sink comp="5355" pin=0"/></net>

<net id="5362"><net_src comp="5345" pin="2"/><net_sink comp="5355" pin=1"/></net>

<net id="5363"><net_src comp="858" pin="0"/><net_sink comp="5355" pin=2"/></net>

<net id="5364"><net_src comp="726" pin="0"/><net_sink comp="5355" pin=3"/></net>

<net id="5369"><net_src comp="5355" pin="4"/><net_sink comp="5365" pin=0"/></net>

<net id="5370"><net_src comp="710" pin="0"/><net_sink comp="5365" pin=1"/></net>

<net id="5375"><net_src comp="5307" pin="1"/><net_sink comp="5371" pin=0"/></net>

<net id="5376"><net_src comp="5351" pin="1"/><net_sink comp="5371" pin=1"/></net>

<net id="5381"><net_src comp="5365" pin="2"/><net_sink comp="5377" pin=0"/></net>

<net id="5387"><net_src comp="862" pin="0"/><net_sink comp="5382" pin=0"/></net>

<net id="5388"><net_src comp="5311" pin="2"/><net_sink comp="5382" pin=1"/></net>

<net id="5389"><net_src comp="5377" pin="2"/><net_sink comp="5382" pin=2"/></net>

<net id="5401"><net_src comp="864" pin="0"/><net_sink comp="5390" pin=0"/></net>

<net id="5402"><net_src comp="694" pin="0"/><net_sink comp="5390" pin=1"/></net>

<net id="5403"><net_src comp="5336" pin="2"/><net_sink comp="5390" pin=2"/></net>

<net id="5404"><net_src comp="692" pin="0"/><net_sink comp="5390" pin=3"/></net>

<net id="5405"><net_src comp="532" pin="0"/><net_sink comp="5390" pin=4"/></net>

<net id="5406"><net_src comp="558" pin="0"/><net_sink comp="5390" pin=5"/></net>

<net id="5407"><net_src comp="5371" pin="2"/><net_sink comp="5390" pin=6"/></net>

<net id="5408"><net_src comp="690" pin="0"/><net_sink comp="5390" pin=7"/></net>

<net id="5409"><net_src comp="5382" pin="3"/><net_sink comp="5390" pin=8"/></net>

<net id="5415"><net_src comp="5390" pin="9"/><net_sink comp="5410" pin=1"/></net>

<net id="5416"><net_src comp="532" pin="0"/><net_sink comp="5410" pin=2"/></net>

<net id="5427"><net_src comp="5420" pin="1"/><net_sink comp="5423" pin=0"/></net>

<net id="5428"><net_src comp="5417" pin="1"/><net_sink comp="5423" pin=1"/></net>

<net id="5432"><net_src comp="5423" pin="2"/><net_sink comp="5429" pin=0"/></net>

<net id="5437"><net_src comp="524" pin="0"/><net_sink comp="5433" pin=1"/></net>

<net id="5444"><net_src comp="736" pin="0"/><net_sink comp="5438" pin=0"/></net>

<net id="5445"><net_src comp="732" pin="0"/><net_sink comp="5438" pin=2"/></net>

<net id="5446"><net_src comp="854" pin="0"/><net_sink comp="5438" pin=3"/></net>

<net id="5452"><net_src comp="802" pin="0"/><net_sink comp="5447" pin=1"/></net>

<net id="5453"><net_src comp="5438" pin="4"/><net_sink comp="5447" pin=2"/></net>

<net id="5457"><net_src comp="5447" pin="3"/><net_sink comp="5454" pin=0"/></net>

<net id="5462"><net_src comp="5429" pin="1"/><net_sink comp="5458" pin=0"/></net>

<net id="5463"><net_src comp="5454" pin="1"/><net_sink comp="5458" pin=1"/></net>

<net id="5471"><net_src comp="702" pin="0"/><net_sink comp="5467" pin=0"/></net>

<net id="5472"><net_src comp="5464" pin="1"/><net_sink comp="5467" pin=1"/></net>

<net id="5476"><net_src comp="5467" pin="2"/><net_sink comp="5473" pin=0"/></net>

<net id="5483"><net_src comp="856" pin="0"/><net_sink comp="5477" pin=0"/></net>

<net id="5484"><net_src comp="5467" pin="2"/><net_sink comp="5477" pin=1"/></net>

<net id="5485"><net_src comp="858" pin="0"/><net_sink comp="5477" pin=2"/></net>

<net id="5486"><net_src comp="726" pin="0"/><net_sink comp="5477" pin=3"/></net>

<net id="5491"><net_src comp="5477" pin="4"/><net_sink comp="5487" pin=0"/></net>

<net id="5492"><net_src comp="710" pin="0"/><net_sink comp="5487" pin=1"/></net>

<net id="5497"><net_src comp="5429" pin="1"/><net_sink comp="5493" pin=0"/></net>

<net id="5498"><net_src comp="5473" pin="1"/><net_sink comp="5493" pin=1"/></net>

<net id="5503"><net_src comp="5487" pin="2"/><net_sink comp="5499" pin=0"/></net>

<net id="5509"><net_src comp="862" pin="0"/><net_sink comp="5504" pin=0"/></net>

<net id="5510"><net_src comp="5433" pin="2"/><net_sink comp="5504" pin=1"/></net>

<net id="5511"><net_src comp="5499" pin="2"/><net_sink comp="5504" pin=2"/></net>

<net id="5523"><net_src comp="864" pin="0"/><net_sink comp="5512" pin=0"/></net>

<net id="5524"><net_src comp="694" pin="0"/><net_sink comp="5512" pin=1"/></net>

<net id="5525"><net_src comp="5458" pin="2"/><net_sink comp="5512" pin=2"/></net>

<net id="5526"><net_src comp="692" pin="0"/><net_sink comp="5512" pin=3"/></net>

<net id="5527"><net_src comp="532" pin="0"/><net_sink comp="5512" pin=4"/></net>

<net id="5528"><net_src comp="558" pin="0"/><net_sink comp="5512" pin=5"/></net>

<net id="5529"><net_src comp="5493" pin="2"/><net_sink comp="5512" pin=6"/></net>

<net id="5530"><net_src comp="690" pin="0"/><net_sink comp="5512" pin=7"/></net>

<net id="5531"><net_src comp="5504" pin="3"/><net_sink comp="5512" pin=8"/></net>

<net id="5537"><net_src comp="5512" pin="9"/><net_sink comp="5532" pin=1"/></net>

<net id="5538"><net_src comp="532" pin="0"/><net_sink comp="5532" pin=2"/></net>

<net id="5547"><net_src comp="862" pin="0"/><net_sink comp="5542" pin=0"/></net>

<net id="5548"><net_src comp="524" pin="0"/><net_sink comp="5542" pin=1"/></net>

<net id="5554"><net_src comp="5542" pin="3"/><net_sink comp="5549" pin=1"/></net>

<net id="5555"><net_src comp="5539" pin="1"/><net_sink comp="5549" pin=2"/></net>

<net id="5559"><net_src comp="5549" pin="3"/><net_sink comp="5556" pin=0"/></net>

<net id="5565"><net_src comp="872" pin="0"/><net_sink comp="5560" pin=0"/></net>

<net id="5566"><net_src comp="524" pin="0"/><net_sink comp="5560" pin=1"/></net>

<net id="5567"><net_src comp="5549" pin="3"/><net_sink comp="5560" pin=2"/></net>

<net id="5573"><net_src comp="5560" pin="3"/><net_sink comp="5568" pin=1"/></net>

<net id="5574"><net_src comp="5556" pin="1"/><net_sink comp="5568" pin=2"/></net>

<net id="5578"><net_src comp="5568" pin="3"/><net_sink comp="5575" pin=0"/></net>

<net id="5585"><net_src comp="874" pin="0"/><net_sink comp="5579" pin=0"/></net>

<net id="5586"><net_src comp="5575" pin="1"/><net_sink comp="5579" pin=1"/></net>

<net id="5587"><net_src comp="876" pin="0"/><net_sink comp="5579" pin=2"/></net>

<net id="5588"><net_src comp="524" pin="0"/><net_sink comp="5579" pin=3"/></net>

<net id="5594"><net_src comp="5579" pin="4"/><net_sink comp="5589" pin=1"/></net>

<net id="5595"><net_src comp="5575" pin="1"/><net_sink comp="5589" pin=2"/></net>

<net id="5604"><net_src comp="878" pin="0"/><net_sink comp="5596" pin=0"/></net>

<net id="5605"><net_src comp="5589" pin="3"/><net_sink comp="5596" pin=1"/></net>

<net id="5606"><net_src comp="5596" pin="6"/><net_sink comp="2440" pin=2"/></net>

<net id="5610"><net_src comp="882" pin="1"/><net_sink comp="5607" pin=0"/></net>

<net id="5611"><net_src comp="5607" pin="1"/><net_sink comp="2447" pin=1"/></net>

<net id="5612"><net_src comp="5607" pin="1"/><net_sink comp="2452" pin=0"/></net>

<net id="5613"><net_src comp="5607" pin="1"/><net_sink comp="3623" pin=1"/></net>

<net id="5617"><net_src comp="2455" pin="2"/><net_sink comp="5614" pin=0"/></net>

<net id="5621"><net_src comp="2483" pin="2"/><net_sink comp="5618" pin=0"/></net>

<net id="5622"><net_src comp="5618" pin="1"/><net_sink comp="5114" pin=0"/></net>

<net id="5623"><net_src comp="5618" pin="1"/><net_sink comp="5140" pin=1"/></net>

<net id="5624"><net_src comp="5618" pin="1"/><net_sink comp="5539" pin=0"/></net>

<net id="5625"><net_src comp="5618" pin="1"/><net_sink comp="5542" pin=2"/></net>

<net id="5629"><net_src comp="2753" pin="2"/><net_sink comp="5626" pin=0"/></net>

<net id="5630"><net_src comp="5626" pin="1"/><net_sink comp="3628" pin=0"/></net>

<net id="5631"><net_src comp="5626" pin="1"/><net_sink comp="3633" pin=2"/></net>

<net id="5635"><net_src comp="2771" pin="2"/><net_sink comp="5632" pin=0"/></net>

<net id="5636"><net_src comp="5632" pin="1"/><net_sink comp="5288" pin=0"/></net>

<net id="5637"><net_src comp="5632" pin="1"/><net_sink comp="5549" pin=0"/></net>

<net id="5641"><net_src comp="3041" pin="2"/><net_sink comp="5638" pin=0"/></net>

<net id="5642"><net_src comp="5638" pin="1"/><net_sink comp="3688" pin=0"/></net>

<net id="5643"><net_src comp="5638" pin="1"/><net_sink comp="3693" pin=2"/></net>

<net id="5647"><net_src comp="3059" pin="2"/><net_sink comp="5644" pin=0"/></net>

<net id="5648"><net_src comp="5644" pin="1"/><net_sink comp="5410" pin=0"/></net>

<net id="5649"><net_src comp="5644" pin="1"/><net_sink comp="5568" pin=0"/></net>

<net id="5653"><net_src comp="3329" pin="2"/><net_sink comp="5650" pin=0"/></net>

<net id="5654"><net_src comp="5650" pin="1"/><net_sink comp="3748" pin=0"/></net>

<net id="5655"><net_src comp="5650" pin="1"/><net_sink comp="3753" pin=2"/></net>

<net id="5659"><net_src comp="3347" pin="2"/><net_sink comp="5656" pin=0"/></net>

<net id="5660"><net_src comp="5656" pin="1"/><net_sink comp="5532" pin=0"/></net>

<net id="5661"><net_src comp="5656" pin="1"/><net_sink comp="5589" pin=0"/></net>

<net id="5665"><net_src comp="3617" pin="2"/><net_sink comp="5662" pin=0"/></net>

<net id="5666"><net_src comp="5662" pin="1"/><net_sink comp="3808" pin=0"/></net>

<net id="5667"><net_src comp="5662" pin="1"/><net_sink comp="3813" pin=2"/></net>

<net id="5671"><net_src comp="3633" pin="3"/><net_sink comp="5668" pin=0"/></net>

<net id="5672"><net_src comp="5668" pin="1"/><net_sink comp="3868" pin=1"/></net>

<net id="5673"><net_src comp="5668" pin="1"/><net_sink comp="3884" pin=1"/></net>

<net id="5674"><net_src comp="5668" pin="1"/><net_sink comp="4000" pin=1"/></net>

<net id="5675"><net_src comp="5668" pin="1"/><net_sink comp="4016" pin=1"/></net>

<net id="5679"><net_src comp="3682" pin="2"/><net_sink comp="5676" pin=0"/></net>

<net id="5680"><net_src comp="5676" pin="1"/><net_sink comp="3879" pin=0"/></net>

<net id="5684"><net_src comp="3693" pin="3"/><net_sink comp="5681" pin=0"/></net>

<net id="5685"><net_src comp="5681" pin="1"/><net_sink comp="3901" pin=1"/></net>

<net id="5686"><net_src comp="5681" pin="1"/><net_sink comp="3917" pin=1"/></net>

<net id="5687"><net_src comp="5681" pin="1"/><net_sink comp="4159" pin=1"/></net>

<net id="5688"><net_src comp="5681" pin="1"/><net_sink comp="4175" pin=1"/></net>

<net id="5692"><net_src comp="3742" pin="2"/><net_sink comp="5689" pin=0"/></net>

<net id="5693"><net_src comp="5689" pin="1"/><net_sink comp="3912" pin=0"/></net>

<net id="5697"><net_src comp="3753" pin="3"/><net_sink comp="5694" pin=0"/></net>

<net id="5698"><net_src comp="5694" pin="1"/><net_sink comp="3934" pin=1"/></net>

<net id="5699"><net_src comp="5694" pin="1"/><net_sink comp="3950" pin=1"/></net>

<net id="5700"><net_src comp="5694" pin="1"/><net_sink comp="4318" pin=1"/></net>

<net id="5701"><net_src comp="5694" pin="1"/><net_sink comp="4334" pin=1"/></net>

<net id="5705"><net_src comp="3802" pin="2"/><net_sink comp="5702" pin=0"/></net>

<net id="5706"><net_src comp="5702" pin="1"/><net_sink comp="3945" pin=0"/></net>

<net id="5710"><net_src comp="3813" pin="3"/><net_sink comp="5707" pin=0"/></net>

<net id="5711"><net_src comp="5707" pin="1"/><net_sink comp="3967" pin=1"/></net>

<net id="5712"><net_src comp="5707" pin="1"/><net_sink comp="3983" pin=1"/></net>

<net id="5713"><net_src comp="5707" pin="1"/><net_sink comp="4477" pin=1"/></net>

<net id="5714"><net_src comp="5707" pin="1"/><net_sink comp="4493" pin=1"/></net>

<net id="5718"><net_src comp="3862" pin="2"/><net_sink comp="5715" pin=0"/></net>

<net id="5719"><net_src comp="5715" pin="1"/><net_sink comp="3978" pin=0"/></net>

<net id="5723"><net_src comp="3895" pin="2"/><net_sink comp="5720" pin=0"/></net>

<net id="5724"><net_src comp="5720" pin="1"/><net_sink comp="4011" pin=0"/></net>

<net id="5728"><net_src comp="3928" pin="2"/><net_sink comp="5725" pin=0"/></net>

<net id="5729"><net_src comp="5725" pin="1"/><net_sink comp="4170" pin=0"/></net>

<net id="5733"><net_src comp="3961" pin="2"/><net_sink comp="5730" pin=0"/></net>

<net id="5734"><net_src comp="5730" pin="1"/><net_sink comp="4329" pin=0"/></net>

<net id="5738"><net_src comp="3994" pin="2"/><net_sink comp="5735" pin=0"/></net>

<net id="5739"><net_src comp="5735" pin="1"/><net_sink comp="4488" pin=0"/></net>

<net id="5743"><net_src comp="4027" pin="2"/><net_sink comp="5740" pin=0"/></net>

<net id="5744"><net_src comp="5740" pin="1"/><net_sink comp="5069" pin=1"/></net>

<net id="5748"><net_src comp="4033" pin="4"/><net_sink comp="5745" pin=0"/></net>

<net id="5749"><net_src comp="5745" pin="1"/><net_sink comp="4720" pin=0"/></net>

<net id="5753"><net_src comp="4043" pin="4"/><net_sink comp="5750" pin=0"/></net>

<net id="5754"><net_src comp="5750" pin="1"/><net_sink comp="5095" pin=0"/></net>

<net id="5758"><net_src comp="4053" pin="4"/><net_sink comp="5755" pin=0"/></net>

<net id="5759"><net_src comp="5755" pin="1"/><net_sink comp="4636" pin=34"/></net>

<net id="5763"><net_src comp="4063" pin="35"/><net_sink comp="5760" pin=0"/></net>

<net id="5764"><net_src comp="5760" pin="1"/><net_sink comp="4707" pin=0"/></net>

<net id="5765"><net_src comp="5760" pin="1"/><net_sink comp="5048" pin=0"/></net>

<net id="5769"><net_src comp="4135" pin="3"/><net_sink comp="5766" pin=0"/></net>

<net id="5770"><net_src comp="5766" pin="1"/><net_sink comp="5064" pin=0"/></net>

<net id="5771"><net_src comp="5766" pin="1"/><net_sink comp="5135" pin=1"/></net>

<net id="5775"><net_src comp="4153" pin="2"/><net_sink comp="5772" pin=0"/></net>

<net id="5776"><net_src comp="5772" pin="1"/><net_sink comp="5078" pin=0"/></net>

<net id="5780"><net_src comp="4186" pin="2"/><net_sink comp="5777" pin=0"/></net>

<net id="5781"><net_src comp="5777" pin="1"/><net_sink comp="5194" pin=1"/></net>

<net id="5785"><net_src comp="4192" pin="4"/><net_sink comp="5782" pin=0"/></net>

<net id="5786"><net_src comp="5782" pin="1"/><net_sink comp="4823" pin=0"/></net>

<net id="5790"><net_src comp="4202" pin="4"/><net_sink comp="5787" pin=0"/></net>

<net id="5791"><net_src comp="5787" pin="1"/><net_sink comp="5220" pin=0"/></net>

<net id="5795"><net_src comp="4212" pin="4"/><net_sink comp="5792" pin=0"/></net>

<net id="5796"><net_src comp="5792" pin="1"/><net_sink comp="4739" pin=34"/></net>

<net id="5800"><net_src comp="4222" pin="35"/><net_sink comp="5797" pin=0"/></net>

<net id="5801"><net_src comp="5797" pin="1"/><net_sink comp="4810" pin=0"/></net>

<net id="5802"><net_src comp="5797" pin="1"/><net_sink comp="5173" pin=0"/></net>

<net id="5806"><net_src comp="4294" pin="3"/><net_sink comp="5803" pin=0"/></net>

<net id="5807"><net_src comp="5803" pin="1"/><net_sink comp="5189" pin=0"/></net>

<net id="5808"><net_src comp="5803" pin="1"/><net_sink comp="5255" pin=1"/></net>

<net id="5812"><net_src comp="4312" pin="2"/><net_sink comp="5809" pin=0"/></net>

<net id="5813"><net_src comp="5809" pin="1"/><net_sink comp="5203" pin=0"/></net>

<net id="5817"><net_src comp="4345" pin="2"/><net_sink comp="5814" pin=0"/></net>

<net id="5818"><net_src comp="5814" pin="1"/><net_sink comp="5316" pin=1"/></net>

<net id="5822"><net_src comp="4351" pin="4"/><net_sink comp="5819" pin=0"/></net>

<net id="5823"><net_src comp="5819" pin="1"/><net_sink comp="4926" pin=0"/></net>

<net id="5827"><net_src comp="4361" pin="4"/><net_sink comp="5824" pin=0"/></net>

<net id="5828"><net_src comp="5824" pin="1"/><net_sink comp="5342" pin=0"/></net>

<net id="5832"><net_src comp="4371" pin="4"/><net_sink comp="5829" pin=0"/></net>

<net id="5833"><net_src comp="5829" pin="1"/><net_sink comp="4842" pin=34"/></net>

<net id="5837"><net_src comp="4381" pin="35"/><net_sink comp="5834" pin=0"/></net>

<net id="5838"><net_src comp="5834" pin="1"/><net_sink comp="4913" pin=0"/></net>

<net id="5839"><net_src comp="5834" pin="1"/><net_sink comp="5295" pin=0"/></net>

<net id="5843"><net_src comp="4453" pin="3"/><net_sink comp="5840" pin=0"/></net>

<net id="5844"><net_src comp="5840" pin="1"/><net_sink comp="5311" pin=0"/></net>

<net id="5845"><net_src comp="5840" pin="1"/><net_sink comp="5377" pin=1"/></net>

<net id="5849"><net_src comp="4471" pin="2"/><net_sink comp="5846" pin=0"/></net>

<net id="5850"><net_src comp="5846" pin="1"/><net_sink comp="5325" pin=0"/></net>

<net id="5854"><net_src comp="4504" pin="2"/><net_sink comp="5851" pin=0"/></net>

<net id="5855"><net_src comp="5851" pin="1"/><net_sink comp="5438" pin=1"/></net>

<net id="5859"><net_src comp="4510" pin="4"/><net_sink comp="5856" pin=0"/></net>

<net id="5860"><net_src comp="5856" pin="1"/><net_sink comp="5029" pin=0"/></net>

<net id="5864"><net_src comp="4520" pin="4"/><net_sink comp="5861" pin=0"/></net>

<net id="5865"><net_src comp="5861" pin="1"/><net_sink comp="5464" pin=0"/></net>

<net id="5869"><net_src comp="4530" pin="4"/><net_sink comp="5866" pin=0"/></net>

<net id="5870"><net_src comp="5866" pin="1"/><net_sink comp="4945" pin=34"/></net>

<net id="5874"><net_src comp="4540" pin="35"/><net_sink comp="5871" pin=0"/></net>

<net id="5875"><net_src comp="5871" pin="1"/><net_sink comp="5016" pin=0"/></net>

<net id="5876"><net_src comp="5871" pin="1"/><net_sink comp="5417" pin=0"/></net>

<net id="5880"><net_src comp="4612" pin="3"/><net_sink comp="5877" pin=0"/></net>

<net id="5881"><net_src comp="5877" pin="1"/><net_sink comp="5433" pin=0"/></net>

<net id="5882"><net_src comp="5877" pin="1"/><net_sink comp="5499" pin=1"/></net>

<net id="5886"><net_src comp="4630" pin="2"/><net_sink comp="5883" pin=0"/></net>

<net id="5887"><net_src comp="5883" pin="1"/><net_sink comp="5447" pin=0"/></net>

<net id="5891"><net_src comp="4729" pin="4"/><net_sink comp="5888" pin=0"/></net>

<net id="5892"><net_src comp="5888" pin="1"/><net_sink comp="5051" pin=0"/></net>

<net id="5896"><net_src comp="4832" pin="4"/><net_sink comp="5893" pin=0"/></net>

<net id="5897"><net_src comp="5893" pin="1"/><net_sink comp="5176" pin=0"/></net>

<net id="5901"><net_src comp="4935" pin="4"/><net_sink comp="5898" pin=0"/></net>

<net id="5902"><net_src comp="5898" pin="1"/><net_sink comp="5298" pin=0"/></net>

<net id="5906"><net_src comp="5038" pin="4"/><net_sink comp="5903" pin=0"/></net>

<net id="5907"><net_src comp="5903" pin="1"/><net_sink comp="5420" pin=0"/></net>

<net id="5911"><net_src comp="5153" pin="9"/><net_sink comp="5908" pin=0"/></net>

<net id="5912"><net_src comp="5908" pin="1"/><net_sink comp="5596" pin=5"/></net>

<net id="5916"><net_src comp="5288" pin="3"/><net_sink comp="5913" pin=0"/></net>

<net id="5917"><net_src comp="5913" pin="1"/><net_sink comp="5596" pin=4"/></net>

<net id="5921"><net_src comp="5410" pin="3"/><net_sink comp="5918" pin=0"/></net>

<net id="5922"><net_src comp="5918" pin="1"/><net_sink comp="5596" pin=3"/></net>

<net id="5926"><net_src comp="5532" pin="3"/><net_sink comp="5923" pin=0"/></net>

<net id="5927"><net_src comp="5923" pin="1"/><net_sink comp="5596" pin=2"/></net>

</net_list>

</model> 
---------------- Datapath Model END ------------------

* FSMD analyzer results:
  - Output states:
	Port: exp_stream | {7 }
 - Input state : 
	Port: emit_exp_stream_Pipeline_exp_emit_loop : blocks_cast | {1 }
	Port: emit_exp_stream_Pipeline_exp_emit_loop : n | {1 }
	Port: emit_exp_stream_Pipeline_exp_emit_loop : logits_buf_0_0_load | {1 }
	Port: emit_exp_stream_Pipeline_exp_emit_loop : logits_buf_0_1_load | {1 }
	Port: emit_exp_stream_Pipeline_exp_emit_loop : logits_buf_0_2_load | {1 }
	Port: emit_exp_stream_Pipeline_exp_emit_loop : logits_buf_0_3_load | {1 }
	Port: emit_exp_stream_Pipeline_exp_emit_loop : logits_buf_0_4_load | {1 }
	Port: emit_exp_stream_Pipeline_exp_emit_loop : logits_buf_0_5_load | {1 }
	Port: emit_exp_stream_Pipeline_exp_emit_loop : logits_buf_0_6_load | {1 }
	Port: emit_exp_stream_Pipeline_exp_emit_loop : logits_buf_0_7_load | {1 }
	Port: emit_exp_stream_Pipeline_exp_emit_loop : logits_buf_0_8_load | {1 }
	Port: emit_exp_stream_Pipeline_exp_emit_loop : logits_buf_0_9_load | {1 }
	Port: emit_exp_stream_Pipeline_exp_emit_loop : logits_buf_0_10_load | {1 }
	Port: emit_exp_stream_Pipeline_exp_emit_loop : logits_buf_0_11_load | {1 }
	Port: emit_exp_stream_Pipeline_exp_emit_loop : logits_buf_0_12_load | {1 }
	Port: emit_exp_stream_Pipeline_exp_emit_loop : logits_buf_0_13_load | {1 }
	Port: emit_exp_stream_Pipeline_exp_emit_loop : logits_buf_0_14_load | {1 }
	Port: emit_exp_stream_Pipeline_exp_emit_loop : logits_buf_0_15_load | {1 }
	Port: emit_exp_stream_Pipeline_exp_emit_loop : logits_buf_0_16_load | {1 }
	Port: emit_exp_stream_Pipeline_exp_emit_loop : logits_buf_0_17_load | {1 }
	Port: emit_exp_stream_Pipeline_exp_emit_loop : logits_buf_0_18_load | {1 }
	Port: emit_exp_stream_Pipeline_exp_emit_loop : logits_buf_0_19_load | {1 }
	Port: emit_exp_stream_Pipeline_exp_emit_loop : logits_buf_0_20_load | {1 }
	Port: emit_exp_stream_Pipeline_exp_emit_loop : logits_buf_0_21_load | {1 }
	Port: emit_exp_stream_Pipeline_exp_emit_loop : logits_buf_0_22_load | {1 }
	Port: emit_exp_stream_Pipeline_exp_emit_loop : logits_buf_0_23_load | {1 }
	Port: emit_exp_stream_Pipeline_exp_emit_loop : logits_buf_0_24_load | {1 }
	Port: emit_exp_stream_Pipeline_exp_emit_loop : logits_buf_0_25_load | {1 }
	Port: emit_exp_stream_Pipeline_exp_emit_loop : logits_buf_0_26_load | {1 }
	Port: emit_exp_stream_Pipeline_exp_emit_loop : logits_buf_0_27_load | {1 }
	Port: emit_exp_stream_Pipeline_exp_emit_loop : logits_buf_0_28_load | {1 }
	Port: emit_exp_stream_Pipeline_exp_emit_loop : logits_buf_0_29_load | {1 }
	Port: emit_exp_stream_Pipeline_exp_emit_loop : logits_buf_0_30_load | {1 }
	Port: emit_exp_stream_Pipeline_exp_emit_loop : logits_buf_0_31_load | {1 }
	Port: emit_exp_stream_Pipeline_exp_emit_loop : logits_buf_0_32_load | {1 }
	Port: emit_exp_stream_Pipeline_exp_emit_loop : logits_buf_0_33_load | {1 }
	Port: emit_exp_stream_Pipeline_exp_emit_loop : logits_buf_0_34_load | {1 }
	Port: emit_exp_stream_Pipeline_exp_emit_loop : logits_buf_0_35_load | {1 }
	Port: emit_exp_stream_Pipeline_exp_emit_loop : logits_buf_0_36_load | {1 }
	Port: emit_exp_stream_Pipeline_exp_emit_loop : logits_buf_0_37_load | {1 }
	Port: emit_exp_stream_Pipeline_exp_emit_loop : logits_buf_0_38_load | {1 }
	Port: emit_exp_stream_Pipeline_exp_emit_loop : logits_buf_0_39_load | {1 }
	Port: emit_exp_stream_Pipeline_exp_emit_loop : logits_buf_0_40_load | {1 }
	Port: emit_exp_stream_Pipeline_exp_emit_loop : logits_buf_0_41_load | {1 }
	Port: emit_exp_stream_Pipeline_exp_emit_loop : logits_buf_0_42_load | {1 }
	Port: emit_exp_stream_Pipeline_exp_emit_loop : logits_buf_0_43_load | {1 }
	Port: emit_exp_stream_Pipeline_exp_emit_loop : logits_buf_0_44_load | {1 }
	Port: emit_exp_stream_Pipeline_exp_emit_loop : logits_buf_0_45_load | {1 }
	Port: emit_exp_stream_Pipeline_exp_emit_loop : logits_buf_0_46_load | {1 }
	Port: emit_exp_stream_Pipeline_exp_emit_loop : logits_buf_0_47_load | {1 }
	Port: emit_exp_stream_Pipeline_exp_emit_loop : logits_buf_0_48_load | {1 }
	Port: emit_exp_stream_Pipeline_exp_emit_loop : logits_buf_0_49_load | {1 }
	Port: emit_exp_stream_Pipeline_exp_emit_loop : logits_buf_0_50_load | {1 }
	Port: emit_exp_stream_Pipeline_exp_emit_loop : logits_buf_0_51_load | {1 }
	Port: emit_exp_stream_Pipeline_exp_emit_loop : logits_buf_0_52_load | {1 }
	Port: emit_exp_stream_Pipeline_exp_emit_loop : logits_buf_0_53_load | {1 }
	Port: emit_exp_stream_Pipeline_exp_emit_loop : logits_buf_0_54_load | {1 }
	Port: emit_exp_stream_Pipeline_exp_emit_loop : logits_buf_0_55_load | {1 }
	Port: emit_exp_stream_Pipeline_exp_emit_loop : logits_buf_0_56_load | {1 }
	Port: emit_exp_stream_Pipeline_exp_emit_loop : logits_buf_0_57_load | {1 }
	Port: emit_exp_stream_Pipeline_exp_emit_loop : logits_buf_0_58_load | {1 }
	Port: emit_exp_stream_Pipeline_exp_emit_loop : logits_buf_0_59_load | {1 }
	Port: emit_exp_stream_Pipeline_exp_emit_loop : logits_buf_0_60_load | {1 }
	Port: emit_exp_stream_Pipeline_exp_emit_loop : logits_buf_0_61_load | {1 }
	Port: emit_exp_stream_Pipeline_exp_emit_loop : logits_buf_0_62_load | {1 }
	Port: emit_exp_stream_Pipeline_exp_emit_loop : logits_buf_0_63_load | {1 }
	Port: emit_exp_stream_Pipeline_exp_emit_loop : max_x | {1 }
	Port: emit_exp_stream_Pipeline_exp_emit_loop : logits_buf_1_0_load | {1 }
	Port: emit_exp_stream_Pipeline_exp_emit_loop : logits_buf_1_1_load | {1 }
	Port: emit_exp_stream_Pipeline_exp_emit_loop : logits_buf_1_2_load | {1 }
	Port: emit_exp_stream_Pipeline_exp_emit_loop : logits_buf_1_3_load | {1 }
	Port: emit_exp_stream_Pipeline_exp_emit_loop : logits_buf_1_4_load | {1 }
	Port: emit_exp_stream_Pipeline_exp_emit_loop : logits_buf_1_5_load | {1 }
	Port: emit_exp_stream_Pipeline_exp_emit_loop : logits_buf_1_6_load | {1 }
	Port: emit_exp_stream_Pipeline_exp_emit_loop : logits_buf_1_7_load | {1 }
	Port: emit_exp_stream_Pipeline_exp_emit_loop : logits_buf_1_8_load | {1 }
	Port: emit_exp_stream_Pipeline_exp_emit_loop : logits_buf_1_9_load | {1 }
	Port: emit_exp_stream_Pipeline_exp_emit_loop : logits_buf_1_10_load | {1 }
	Port: emit_exp_stream_Pipeline_exp_emit_loop : logits_buf_1_11_load | {1 }
	Port: emit_exp_stream_Pipeline_exp_emit_loop : logits_buf_1_12_load | {1 }
	Port: emit_exp_stream_Pipeline_exp_emit_loop : logits_buf_1_13_load | {1 }
	Port: emit_exp_stream_Pipeline_exp_emit_loop : logits_buf_1_14_load | {1 }
	Port: emit_exp_stream_Pipeline_exp_emit_loop : logits_buf_1_15_load | {1 }
	Port: emit_exp_stream_Pipeline_exp_emit_loop : logits_buf_1_16_load | {1 }
	Port: emit_exp_stream_Pipeline_exp_emit_loop : logits_buf_1_17_load | {1 }
	Port: emit_exp_stream_Pipeline_exp_emit_loop : logits_buf_1_18_load | {1 }
	Port: emit_exp_stream_Pipeline_exp_emit_loop : logits_buf_1_19_load | {1 }
	Port: emit_exp_stream_Pipeline_exp_emit_loop : logits_buf_1_20_load | {1 }
	Port: emit_exp_stream_Pipeline_exp_emit_loop : logits_buf_1_21_load | {1 }
	Port: emit_exp_stream_Pipeline_exp_emit_loop : logits_buf_1_22_load | {1 }
	Port: emit_exp_stream_Pipeline_exp_emit_loop : logits_buf_1_23_load | {1 }
	Port: emit_exp_stream_Pipeline_exp_emit_loop : logits_buf_1_24_load | {1 }
	Port: emit_exp_stream_Pipeline_exp_emit_loop : logits_buf_1_25_load | {1 }
	Port: emit_exp_stream_Pipeline_exp_emit_loop : logits_buf_1_26_load | {1 }
	Port: emit_exp_stream_Pipeline_exp_emit_loop : logits_buf_1_27_load | {1 }
	Port: emit_exp_stream_Pipeline_exp_emit_loop : logits_buf_1_28_load | {1 }
	Port: emit_exp_stream_Pipeline_exp_emit_loop : logits_buf_1_29_load | {1 }
	Port: emit_exp_stream_Pipeline_exp_emit_loop : logits_buf_1_30_load | {1 }
	Port: emit_exp_stream_Pipeline_exp_emit_loop : logits_buf_1_31_load | {1 }
	Port: emit_exp_stream_Pipeline_exp_emit_loop : logits_buf_1_32_load | {1 }
	Port: emit_exp_stream_Pipeline_exp_emit_loop : logits_buf_1_33_load | {1 }
	Port: emit_exp_stream_Pipeline_exp_emit_loop : logits_buf_1_34_load | {1 }
	Port: emit_exp_stream_Pipeline_exp_emit_loop : logits_buf_1_35_load | {1 }
	Port: emit_exp_stream_Pipeline_exp_emit_loop : logits_buf_1_36_load | {1 }
	Port: emit_exp_stream_Pipeline_exp_emit_loop : logits_buf_1_37_load | {1 }
	Port: emit_exp_stream_Pipeline_exp_emit_loop : logits_buf_1_38_load | {1 }
	Port: emit_exp_stream_Pipeline_exp_emit_loop : logits_buf_1_39_load | {1 }
	Port: emit_exp_stream_Pipeline_exp_emit_loop : logits_buf_1_40_load | {1 }
	Port: emit_exp_stream_Pipeline_exp_emit_loop : logits_buf_1_41_load | {1 }
	Port: emit_exp_stream_Pipeline_exp_emit_loop : logits_buf_1_42_load | {1 }
	Port: emit_exp_stream_Pipeline_exp_emit_loop : logits_buf_1_43_load | {1 }
	Port: emit_exp_stream_Pipeline_exp_emit_loop : logits_buf_1_44_load | {1 }
	Port: emit_exp_stream_Pipeline_exp_emit_loop : logits_buf_1_45_load | {1 }
	Port: emit_exp_stream_Pipeline_exp_emit_loop : logits_buf_1_46_load | {1 }
	Port: emit_exp_stream_Pipeline_exp_emit_loop : logits_buf_1_47_load | {1 }
	Port: emit_exp_stream_Pipeline_exp_emit_loop : logits_buf_1_48_load | {1 }
	Port: emit_exp_stream_Pipeline_exp_emit_loop : logits_buf_1_49_load | {1 }
	Port: emit_exp_stream_Pipeline_exp_emit_loop : logits_buf_1_50_load | {1 }
	Port: emit_exp_stream_Pipeline_exp_emit_loop : logits_buf_1_51_load | {1 }
	Port: emit_exp_stream_Pipeline_exp_emit_loop : logits_buf_1_52_load | {1 }
	Port: emit_exp_stream_Pipeline_exp_emit_loop : logits_buf_1_53_load | {1 }
	Port: emit_exp_stream_Pipeline_exp_emit_loop : logits_buf_1_54_load | {1 }
	Port: emit_exp_stream_Pipeline_exp_emit_loop : logits_buf_1_55_load | {1 }
	Port: emit_exp_stream_Pipeline_exp_emit_loop : logits_buf_1_56_load | {1 }
	Port: emit_exp_stream_Pipeline_exp_emit_loop : logits_buf_1_57_load | {1 }
	Port: emit_exp_stream_Pipeline_exp_emit_loop : logits_buf_1_58_load | {1 }
	Port: emit_exp_stream_Pipeline_exp_emit_loop : logits_buf_1_59_load | {1 }
	Port: emit_exp_stream_Pipeline_exp_emit_loop : logits_buf_1_60_load | {1 }
	Port: emit_exp_stream_Pipeline_exp_emit_loop : logits_buf_1_61_load | {1 }
	Port: emit_exp_stream_Pipeline_exp_emit_loop : logits_buf_1_62_load | {1 }
	Port: emit_exp_stream_Pipeline_exp_emit_loop : logits_buf_1_63_load | {1 }
	Port: emit_exp_stream_Pipeline_exp_emit_loop : logits_buf_2_0_load | {1 }
	Port: emit_exp_stream_Pipeline_exp_emit_loop : logits_buf_2_1_load | {1 }
	Port: emit_exp_stream_Pipeline_exp_emit_loop : logits_buf_2_2_load | {1 }
	Port: emit_exp_stream_Pipeline_exp_emit_loop : logits_buf_2_3_load | {1 }
	Port: emit_exp_stream_Pipeline_exp_emit_loop : logits_buf_2_4_load | {1 }
	Port: emit_exp_stream_Pipeline_exp_emit_loop : logits_buf_2_5_load | {1 }
	Port: emit_exp_stream_Pipeline_exp_emit_loop : logits_buf_2_6_load | {1 }
	Port: emit_exp_stream_Pipeline_exp_emit_loop : logits_buf_2_7_load | {1 }
	Port: emit_exp_stream_Pipeline_exp_emit_loop : logits_buf_2_8_load | {1 }
	Port: emit_exp_stream_Pipeline_exp_emit_loop : logits_buf_2_9_load | {1 }
	Port: emit_exp_stream_Pipeline_exp_emit_loop : logits_buf_2_10_load | {1 }
	Port: emit_exp_stream_Pipeline_exp_emit_loop : logits_buf_2_11_load | {1 }
	Port: emit_exp_stream_Pipeline_exp_emit_loop : logits_buf_2_12_load | {1 }
	Port: emit_exp_stream_Pipeline_exp_emit_loop : logits_buf_2_13_load | {1 }
	Port: emit_exp_stream_Pipeline_exp_emit_loop : logits_buf_2_14_load | {1 }
	Port: emit_exp_stream_Pipeline_exp_emit_loop : logits_buf_2_15_load | {1 }
	Port: emit_exp_stream_Pipeline_exp_emit_loop : logits_buf_2_16_load | {1 }
	Port: emit_exp_stream_Pipeline_exp_emit_loop : logits_buf_2_17_load | {1 }
	Port: emit_exp_stream_Pipeline_exp_emit_loop : logits_buf_2_18_load | {1 }
	Port: emit_exp_stream_Pipeline_exp_emit_loop : logits_buf_2_19_load | {1 }
	Port: emit_exp_stream_Pipeline_exp_emit_loop : logits_buf_2_20_load | {1 }
	Port: emit_exp_stream_Pipeline_exp_emit_loop : logits_buf_2_21_load | {1 }
	Port: emit_exp_stream_Pipeline_exp_emit_loop : logits_buf_2_22_load | {1 }
	Port: emit_exp_stream_Pipeline_exp_emit_loop : logits_buf_2_23_load | {1 }
	Port: emit_exp_stream_Pipeline_exp_emit_loop : logits_buf_2_24_load | {1 }
	Port: emit_exp_stream_Pipeline_exp_emit_loop : logits_buf_2_25_load | {1 }
	Port: emit_exp_stream_Pipeline_exp_emit_loop : logits_buf_2_26_load | {1 }
	Port: emit_exp_stream_Pipeline_exp_emit_loop : logits_buf_2_27_load | {1 }
	Port: emit_exp_stream_Pipeline_exp_emit_loop : logits_buf_2_28_load | {1 }
	Port: emit_exp_stream_Pipeline_exp_emit_loop : logits_buf_2_29_load | {1 }
	Port: emit_exp_stream_Pipeline_exp_emit_loop : logits_buf_2_30_load | {1 }
	Port: emit_exp_stream_Pipeline_exp_emit_loop : logits_buf_2_31_load | {1 }
	Port: emit_exp_stream_Pipeline_exp_emit_loop : logits_buf_2_32_load | {1 }
	Port: emit_exp_stream_Pipeline_exp_emit_loop : logits_buf_2_33_load | {1 }
	Port: emit_exp_stream_Pipeline_exp_emit_loop : logits_buf_2_34_load | {1 }
	Port: emit_exp_stream_Pipeline_exp_emit_loop : logits_buf_2_35_load | {1 }
	Port: emit_exp_stream_Pipeline_exp_emit_loop : logits_buf_2_36_load | {1 }
	Port: emit_exp_stream_Pipeline_exp_emit_loop : logits_buf_2_37_load | {1 }
	Port: emit_exp_stream_Pipeline_exp_emit_loop : logits_buf_2_38_load | {1 }
	Port: emit_exp_stream_Pipeline_exp_emit_loop : logits_buf_2_39_load | {1 }
	Port: emit_exp_stream_Pipeline_exp_emit_loop : logits_buf_2_40_load | {1 }
	Port: emit_exp_stream_Pipeline_exp_emit_loop : logits_buf_2_41_load | {1 }
	Port: emit_exp_stream_Pipeline_exp_emit_loop : logits_buf_2_42_load | {1 }
	Port: emit_exp_stream_Pipeline_exp_emit_loop : logits_buf_2_43_load | {1 }
	Port: emit_exp_stream_Pipeline_exp_emit_loop : logits_buf_2_44_load | {1 }
	Port: emit_exp_stream_Pipeline_exp_emit_loop : logits_buf_2_45_load | {1 }
	Port: emit_exp_stream_Pipeline_exp_emit_loop : logits_buf_2_46_load | {1 }
	Port: emit_exp_stream_Pipeline_exp_emit_loop : logits_buf_2_47_load | {1 }
	Port: emit_exp_stream_Pipeline_exp_emit_loop : logits_buf_2_48_load | {1 }
	Port: emit_exp_stream_Pipeline_exp_emit_loop : logits_buf_2_49_load | {1 }
	Port: emit_exp_stream_Pipeline_exp_emit_loop : logits_buf_2_50_load | {1 }
	Port: emit_exp_stream_Pipeline_exp_emit_loop : logits_buf_2_51_load | {1 }
	Port: emit_exp_stream_Pipeline_exp_emit_loop : logits_buf_2_52_load | {1 }
	Port: emit_exp_stream_Pipeline_exp_emit_loop : logits_buf_2_53_load | {1 }
	Port: emit_exp_stream_Pipeline_exp_emit_loop : logits_buf_2_54_load | {1 }
	Port: emit_exp_stream_Pipeline_exp_emit_loop : logits_buf_2_55_load | {1 }
	Port: emit_exp_stream_Pipeline_exp_emit_loop : logits_buf_2_56_load | {1 }
	Port: emit_exp_stream_Pipeline_exp_emit_loop : logits_buf_2_57_load | {1 }
	Port: emit_exp_stream_Pipeline_exp_emit_loop : logits_buf_2_58_load | {1 }
	Port: emit_exp_stream_Pipeline_exp_emit_loop : logits_buf_2_59_load | {1 }
	Port: emit_exp_stream_Pipeline_exp_emit_loop : logits_buf_2_60_load | {1 }
	Port: emit_exp_stream_Pipeline_exp_emit_loop : logits_buf_2_61_load | {1 }
	Port: emit_exp_stream_Pipeline_exp_emit_loop : logits_buf_2_62_load | {1 }
	Port: emit_exp_stream_Pipeline_exp_emit_loop : logits_buf_2_63_load | {1 }
	Port: emit_exp_stream_Pipeline_exp_emit_loop : logits_buf_3_0_load | {1 }
	Port: emit_exp_stream_Pipeline_exp_emit_loop : logits_buf_3_1_load | {1 }
	Port: emit_exp_stream_Pipeline_exp_emit_loop : logits_buf_3_2_load | {1 }
	Port: emit_exp_stream_Pipeline_exp_emit_loop : logits_buf_3_3_load | {1 }
	Port: emit_exp_stream_Pipeline_exp_emit_loop : logits_buf_3_4_load | {1 }
	Port: emit_exp_stream_Pipeline_exp_emit_loop : logits_buf_3_5_load | {1 }
	Port: emit_exp_stream_Pipeline_exp_emit_loop : logits_buf_3_6_load | {1 }
	Port: emit_exp_stream_Pipeline_exp_emit_loop : logits_buf_3_7_load | {1 }
	Port: emit_exp_stream_Pipeline_exp_emit_loop : logits_buf_3_8_load | {1 }
	Port: emit_exp_stream_Pipeline_exp_emit_loop : logits_buf_3_9_load | {1 }
	Port: emit_exp_stream_Pipeline_exp_emit_loop : logits_buf_3_10_load | {1 }
	Port: emit_exp_stream_Pipeline_exp_emit_loop : logits_buf_3_11_load | {1 }
	Port: emit_exp_stream_Pipeline_exp_emit_loop : logits_buf_3_12_load | {1 }
	Port: emit_exp_stream_Pipeline_exp_emit_loop : logits_buf_3_13_load | {1 }
	Port: emit_exp_stream_Pipeline_exp_emit_loop : logits_buf_3_14_load | {1 }
	Port: emit_exp_stream_Pipeline_exp_emit_loop : logits_buf_3_15_load | {1 }
	Port: emit_exp_stream_Pipeline_exp_emit_loop : logits_buf_3_16_load | {1 }
	Port: emit_exp_stream_Pipeline_exp_emit_loop : logits_buf_3_17_load | {1 }
	Port: emit_exp_stream_Pipeline_exp_emit_loop : logits_buf_3_18_load | {1 }
	Port: emit_exp_stream_Pipeline_exp_emit_loop : logits_buf_3_19_load | {1 }
	Port: emit_exp_stream_Pipeline_exp_emit_loop : logits_buf_3_20_load | {1 }
	Port: emit_exp_stream_Pipeline_exp_emit_loop : logits_buf_3_21_load | {1 }
	Port: emit_exp_stream_Pipeline_exp_emit_loop : logits_buf_3_22_load | {1 }
	Port: emit_exp_stream_Pipeline_exp_emit_loop : logits_buf_3_23_load | {1 }
	Port: emit_exp_stream_Pipeline_exp_emit_loop : logits_buf_3_24_load | {1 }
	Port: emit_exp_stream_Pipeline_exp_emit_loop : logits_buf_3_25_load | {1 }
	Port: emit_exp_stream_Pipeline_exp_emit_loop : logits_buf_3_26_load | {1 }
	Port: emit_exp_stream_Pipeline_exp_emit_loop : logits_buf_3_27_load | {1 }
	Port: emit_exp_stream_Pipeline_exp_emit_loop : logits_buf_3_28_load | {1 }
	Port: emit_exp_stream_Pipeline_exp_emit_loop : logits_buf_3_29_load | {1 }
	Port: emit_exp_stream_Pipeline_exp_emit_loop : logits_buf_3_30_load | {1 }
	Port: emit_exp_stream_Pipeline_exp_emit_loop : logits_buf_3_31_load | {1 }
	Port: emit_exp_stream_Pipeline_exp_emit_loop : logits_buf_3_32_load | {1 }
	Port: emit_exp_stream_Pipeline_exp_emit_loop : logits_buf_3_33_load | {1 }
	Port: emit_exp_stream_Pipeline_exp_emit_loop : logits_buf_3_34_load | {1 }
	Port: emit_exp_stream_Pipeline_exp_emit_loop : logits_buf_3_35_load | {1 }
	Port: emit_exp_stream_Pipeline_exp_emit_loop : logits_buf_3_36_load | {1 }
	Port: emit_exp_stream_Pipeline_exp_emit_loop : logits_buf_3_37_load | {1 }
	Port: emit_exp_stream_Pipeline_exp_emit_loop : logits_buf_3_38_load | {1 }
	Port: emit_exp_stream_Pipeline_exp_emit_loop : logits_buf_3_39_load | {1 }
	Port: emit_exp_stream_Pipeline_exp_emit_loop : logits_buf_3_40_load | {1 }
	Port: emit_exp_stream_Pipeline_exp_emit_loop : logits_buf_3_41_load | {1 }
	Port: emit_exp_stream_Pipeline_exp_emit_loop : logits_buf_3_42_load | {1 }
	Port: emit_exp_stream_Pipeline_exp_emit_loop : logits_buf_3_43_load | {1 }
	Port: emit_exp_stream_Pipeline_exp_emit_loop : logits_buf_3_44_load | {1 }
	Port: emit_exp_stream_Pipeline_exp_emit_loop : logits_buf_3_45_load | {1 }
	Port: emit_exp_stream_Pipeline_exp_emit_loop : logits_buf_3_46_load | {1 }
	Port: emit_exp_stream_Pipeline_exp_emit_loop : logits_buf_3_47_load | {1 }
	Port: emit_exp_stream_Pipeline_exp_emit_loop : logits_buf_3_48_load | {1 }
	Port: emit_exp_stream_Pipeline_exp_emit_loop : logits_buf_3_49_load | {1 }
	Port: emit_exp_stream_Pipeline_exp_emit_loop : logits_buf_3_50_load | {1 }
	Port: emit_exp_stream_Pipeline_exp_emit_loop : logits_buf_3_51_load | {1 }
	Port: emit_exp_stream_Pipeline_exp_emit_loop : logits_buf_3_52_load | {1 }
	Port: emit_exp_stream_Pipeline_exp_emit_loop : logits_buf_3_53_load | {1 }
	Port: emit_exp_stream_Pipeline_exp_emit_loop : logits_buf_3_54_load | {1 }
	Port: emit_exp_stream_Pipeline_exp_emit_loop : logits_buf_3_55_load | {1 }
	Port: emit_exp_stream_Pipeline_exp_emit_loop : logits_buf_3_56_load | {1 }
	Port: emit_exp_stream_Pipeline_exp_emit_loop : logits_buf_3_57_load | {1 }
	Port: emit_exp_stream_Pipeline_exp_emit_loop : logits_buf_3_58_load | {1 }
	Port: emit_exp_stream_Pipeline_exp_emit_loop : logits_buf_3_59_load | {1 }
	Port: emit_exp_stream_Pipeline_exp_emit_loop : logits_buf_3_60_load | {1 }
	Port: emit_exp_stream_Pipeline_exp_emit_loop : logits_buf_3_61_load | {1 }
	Port: emit_exp_stream_Pipeline_exp_emit_loop : logits_buf_3_62_load | {1 }
	Port: emit_exp_stream_Pipeline_exp_emit_loop : logits_buf_3_63_load | {1 }
	Port: emit_exp_stream_Pipeline_exp_emit_loop : exp_stream | {}
  - Chain level:
	State 1
		store_ln233 : 1
		blk_4 : 1
		icmp_ln233 : 2
		add_ln233 : 2
		br_ln233 : 3
		trunc_ln233 : 2
		shl_ln : 3
		zext_ln243 : 4
		pkt_keep : 5
		tmp : 3
		x_q16 : 4
		or_ln : 3
		zext_ln247 : 4
		icmp_ln247 : 5
		tmp_s : 3
		x_q16_2 : 4
		or_ln5 : 3
		zext_ln251 : 4
		icmp_ln251 : 5
		tmp_52 : 3
		x_q16_4 : 4
		or_ln6 : 3
		zext_ln255 : 4
		icmp_ln255 : 5
		tmp_53 : 3
		x_q16_6 : 4
		store_ln233 : 3
	State 2
		x_q16_1 : 1
		tmp_85 : 2
		sext_ln50 : 3
		tmp_86 : 2
		sext_ln50_1 : 3
		sub_ln50 : 4
		tmp_87 : 2
		sext_ln50_2 : 3
		sub_ln50_1 : 5
		x_q16_3 : 1
		tmp_95 : 2
		sext_ln50_7 : 3
		tmp_96 : 2
		sext_ln50_8 : 3
		sub_ln50_2 : 4
		tmp_97 : 2
		sext_ln50_9 : 3
		sub_ln50_3 : 5
		x_q16_5 : 1
		tmp_105 : 2
		sext_ln50_14 : 3
		tmp_106 : 2
		sext_ln50_15 : 3
		sub_ln50_4 : 4
		tmp_107 : 2
		sext_ln50_16 : 3
		sub_ln50_5 : 5
		x_q16_7 : 1
		tmp_115 : 2
		sext_ln50_21 : 3
		tmp_116 : 2
		sext_ln50_22 : 3
		sub_ln50_6 : 4
		tmp_117 : 2
		sext_ln50_23 : 3
		sub_ln50_7 : 5
	State 3
		sext_ln50_3 : 1
		add_ln50 : 2
		sext_ln50_4 : 1
		add_ln50_1 : 3
		sext_ln50_10 : 1
		add_ln50_4 : 2
		sext_ln50_11 : 1
		add_ln50_5 : 3
		sext_ln50_17 : 1
		add_ln50_8 : 2
		sext_ln50_18 : 1
		add_ln50_9 : 3
		sext_ln50_24 : 1
		add_ln50_12 : 2
		sext_ln50_25 : 1
		add_ln50_13 : 3
	State 4
		sext_ln50_5 : 1
		add_ln50_2 : 2
		sext_ln50_6 : 1
		t64 : 3
		rem : 4
		k : 4
		idx : 4
		y0 : 5
		tmp_92 : 4
		tmp_93 : 4
		icmp_ln69 : 5
		sext_ln50_12 : 1
		add_ln50_6 : 2
		sext_ln50_13 : 1
		t64_1 : 3
		rem_1 : 4
		k_1 : 4
		idx_1 : 4
		y0_1 : 5
		tmp_102 : 4
		tmp_103 : 4
		icmp_ln69_1 : 5
		sext_ln50_19 : 1
		add_ln50_10 : 2
		sext_ln50_20 : 1
		t64_2 : 3
		rem_2 : 4
		k_2 : 4
		idx_2 : 4
		y0_2 : 5
		tmp_112 : 4
		tmp_113 : 4
		icmp_ln69_2 : 5
		sext_ln50_26 : 1
		add_ln50_14 : 2
		sext_ln50_27 : 1
		t64_3 : 3
		rem_3 : 4
		k_3 : 4
		idx_3 : 4
		y0_3 : 5
		tmp_122 : 4
		tmp_123 : 4
		icmp_ln69_3 : 5
	State 5
		dy : 1
		sext_ln63 : 2
		interp : 3
		trunc_ln : 4
		dy_1 : 1
		sext_ln63_1 : 2
		interp_1 : 3
		trunc_ln64_1 : 4
		dy_2 : 1
		sext_ln63_2 : 2
		interp_2 : 3
		trunc_ln64_2 : 4
		dy_3 : 1
		sext_ln63_3 : 2
		interp_3 : 3
		trunc_ln64_3 : 4
	State 6
		y_frac : 1
		sext_ln64_1 : 2
		sh_1 : 1
		zext_ln68 : 2
		y_2 : 3
		sh_2 : 1
		zext_ln72 : 2
		y_3 : 3
		tmp_94 : 2
		icmp_ln73 : 3
		and_ln73 : 4
		and_ln73_1 : 4
		sel_tmp5 : 4
		y_15 : 5
		y_frac_1 : 1
		sext_ln64_3 : 2
		sh_4 : 1
		zext_ln68_1 : 2
		y_6 : 3
		sh_5 : 1
		zext_ln72_1 : 2
		tmp_104 : 2
		icmp_ln73_1 : 3
		y_7 : 3
		and_ln73_2 : 4
		sel_tmp : 4
		y_16 : 5
		pkt_v1_2 : 6
		y_frac_2 : 1
		sext_ln64_5 : 2
		sh_7 : 1
		zext_ln68_2 : 2
		y_8 : 3
		sh_8 : 1
		zext_ln72_2 : 2
		tmp_114 : 2
		icmp_ln73_2 : 3
		y_9 : 3
		and_ln73_3 : 4
		sel_tmp1 : 4
		y : 5
		pkt_v2_2 : 6
		y_frac_3 : 1
		sext_ln64_7 : 2
		sh_10 : 1
		zext_ln68_3 : 2
		y_12 : 3
		sh_11 : 1
		zext_ln72_3 : 2
		tmp_124 : 2
		icmp_ln73_3 : 3
		y_13 : 3
		and_ln73_4 : 4
		sel_tmp2 : 4
		y_17 : 5
		pkt_v3_2 : 6
	State 7
		pkt_keep_8 : 1
		zext_ln236_1 : 2
		pkt_keep_9 : 2
		pkt_keep_2 : 3
		zext_ln236_2 : 4
		pkt_keep_10 : 5
		pkt_keep_3 : 6
		p_0 : 7
		write_ln260 : 8


============================================================
+ Verbose Summary: Datapath Resource usage 
============================================================

* Functional unit list:
|----------|----------------------------------------|---------|---------|---------|
| Operation|             Functional Unit            |   DSP   |    FF   |   LUT   |
|----------|----------------------------------------|---------|---------|---------|
|          |               tmp_fu_2489              |    0    |    0    |   273   |
|          |              tmp_s_fu_2777             |    0    |    0    |   273   |
|          |             tmp_52_fu_3065             |    0    |    0    |   273   |
|          |             tmp_53_fu_3353             |    0    |    0    |   273   |
|          |               y0_fu_4063               |    0    |    0    |    65   |
|          |              y0_1_fu_4222              |    0    |    0    |    65   |
|          |              y0_2_fu_4381              |    0    |    0    |    65   |
| sparsemux|              y0_3_fu_4540              |    0    |    0    |    65   |
|          |               y1_fu_4636               |    0    |    0    |    65   |
|          |              y1_1_fu_4739              |    0    |    0    |    65   |
|          |              y1_2_fu_4842              |    0    |    0    |    65   |
|          |              y1_3_fu_4945              |    0    |    0    |    65   |
|          |              y_15_fu_5153              |    0    |    0    |    9    |
|          |              y_16_fu_5268              |    0    |    0    |    9    |
|          |                y_fu_5390               |    0    |    0    |    9    |
|          |              y_17_fu_5512              |    0    |    0    |    9    |
|----------|----------------------------------------|---------|---------|---------|
|          |            add_ln233_fu_2461           |    0    |    0    |    14   |
|          |            add_ln50_fu_3879            |    0    |    0    |    50   |
|          |           add_ln50_1_fu_3895           |    0    |    0    |    50   |
|          |           add_ln50_4_fu_3912           |    0    |    0    |    50   |
|          |           add_ln50_5_fu_3928           |    0    |    0    |    50   |
|          |           add_ln50_8_fu_3945           |    0    |    0    |    50   |
|          |           add_ln50_9_fu_3961           |    0    |    0    |    50   |
|          |           add_ln50_12_fu_3978          |    0    |    0    |    50   |
|          |           add_ln50_13_fu_3994          |    0    |    0    |    50   |
|          |           add_ln50_2_fu_4011           |    0    |    0    |    50   |
|    add   |               t64_fu_4027              |    0    |    0    |    50   |
|          |           add_ln50_6_fu_4170           |    0    |    0    |    50   |
|          |              t64_1_fu_4186             |    0    |    0    |    50   |
|          |           add_ln50_10_fu_4329          |    0    |    0    |    50   |
|          |              t64_2_fu_4345             |    0    |    0    |    50   |
|          |           add_ln50_14_fu_4488          |    0    |    0    |    50   |
|          |              t64_3_fu_4504             |    0    |    0    |    50   |
|          |             y_frac_fu_5054             |    0    |    0    |    25   |
|          |            y_frac_1_fu_5179            |    0    |    0    |    25   |
|          |            y_frac_2_fu_5301            |    0    |    0    |    25   |
|          |            y_frac_3_fu_5423            |    0    |    0    |    25   |
|----------|----------------------------------------|---------|---------|---------|
|          |              x_q16_fu_2753             |    0    |    0    |    39   |
|          |             x_q16_2_fu_3041            |    0    |    0    |    39   |
|          |             x_q16_4_fu_3329            |    0    |    0    |    39   |
|          |             x_q16_6_fu_3617            |    0    |    0    |    39   |
|          |            sub_ln50_fu_3664            |    0    |    0    |    49   |
|          |           sub_ln50_1_fu_3682           |    0    |    0    |    50   |
|          |           sub_ln50_2_fu_3724           |    0    |    0    |    49   |
|          |           sub_ln50_3_fu_3742           |    0    |    0    |    50   |
|          |           sub_ln50_4_fu_3784           |    0    |    0    |    49   |
|    sub   |           sub_ln50_5_fu_3802           |    0    |    0    |    50   |
|          |           sub_ln50_6_fu_3844           |    0    |    0    |    49   |
|          |           sub_ln50_7_fu_3862           |    0    |    0    |    50   |
|          |               dy_fu_4710               |    0    |    0    |    25   |
|          |              dy_1_fu_4813              |    0    |    0    |    25   |
|          |              dy_2_fu_4916              |    0    |    0    |    25   |
|          |              dy_3_fu_5019              |    0    |    0    |    25   |
|          |              sh_2_fu_5098              |    0    |    0    |    23   |
|          |              sh_5_fu_5223              |    0    |    0    |    23   |
|          |              sh_8_fu_5345              |    0    |    0    |    23   |
|          |              sh_11_fu_5467             |    0    |    0    |    23   |
|----------|----------------------------------------|---------|---------|---------|
|          |           icmp_ln233_fu_2455           |    0    |    0    |    14   |
|          |            pkt_keep_fu_2483            |    0    |    0    |    14   |
|          |           icmp_ln247_fu_2771           |    0    |    0    |    14   |
|          |           icmp_ln251_fu_3059           |    0    |    0    |    14   |
|          |           icmp_ln255_fu_3347           |    0    |    0    |    14   |
|          |            icmp_ln48_fu_3628           |    0    |    0    |    39   |
|          |           icmp_ln48_1_fu_3688          |    0    |    0    |    39   |
|          |           icmp_ln48_2_fu_3748          |    0    |    0    |    39   |
|   icmp   |           icmp_ln48_3_fu_3808          |    0    |    0    |    39   |
|          |            icmp_ln69_fu_4153           |    0    |    0    |    12   |
|          |           icmp_ln69_1_fu_4312          |    0    |    0    |    12   |
|          |           icmp_ln69_2_fu_4471          |    0    |    0    |    12   |
|          |           icmp_ln69_3_fu_4630          |    0    |    0    |    12   |
|          |            icmp_ln73_fu_5129           |    0    |    0    |    12   |
|          |           icmp_ln73_1_fu_5243          |    0    |    0    |    12   |
|          |           icmp_ln73_2_fu_5365          |    0    |    0    |    12   |
|          |           icmp_ln73_3_fu_5487          |    0    |    0    |    12   |
|----------|----------------------------------------|---------|---------|---------|
|          |             x_q16_1_fu_3633            |    0    |    0    |    32   |
|          |             x_q16_3_fu_3693            |    0    |    0    |    32   |
|          |             x_q16_5_fu_3753            |    0    |    0    |    32   |
|          |             x_q16_7_fu_3813            |    0    |    0    |    32   |
|          |              sh_1_fu_5078              |    0    |    0    |    4    |
|          |              sh_4_fu_5203              |    0    |    0    |    4    |
|  select  |            pkt_v1_2_fu_5288            |    0    |    0    |    32   |
|          |              sh_7_fu_5325              |    0    |    0    |    4    |
|          |            pkt_v2_2_fu_5410            |    0    |    0    |    32   |
|          |              sh_10_fu_5447             |    0    |    0    |    4    |
|          |            pkt_v3_2_fu_5532            |    0    |    0    |    32   |
|          |           pkt_keep_8_fu_5549           |    0    |    0    |    2    |
|          |           pkt_keep_2_fu_5568           |    0    |    0    |    3    |
|          |           pkt_keep_3_fu_5589           |    0    |    0    |    4    |
|----------|----------------------------------------|---------|---------|---------|
|          |               y_2_fu_5089              |    0    |    0    |    47   |
|    shl   |               y_6_fu_5214              |    0    |    0    |    47   |
|          |               y_8_fu_5336              |    0    |    0    |    47   |
|          |              y_12_fu_5458              |    0    |    0    |    47   |
|----------|----------------------------------------|---------|---------|---------|
|          |               y_3_fu_5108              |    0    |    0    |    47   |
|   lshr   |               y_7_fu_5249              |    0    |    0    |    47   |
|          |               y_9_fu_5371              |    0    |    0    |    47   |
|          |              y_13_fu_5493              |    0    |    0    |    47   |
|----------|----------------------------------------|---------|---------|---------|
|          |             interp_fu_4723             |    1    |    0    |    6    |
|    mul   |            interp_1_fu_4826            |    1    |    0    |    6    |
|          |            interp_2_fu_4929            |    1    |    0    |    6    |
|          |            interp_3_fu_5032            |    1    |    0    |    6    |
|----------|----------------------------------------|---------|---------|---------|
|          |            and_ln67_fu_5114            |    0    |    0    |    2    |
|          |            and_ln73_fu_5135            |    0    |    0    |    2    |
|    and   |           and_ln73_1_fu_5140           |    0    |    0    |    2    |
|          |           and_ln73_2_fu_5255           |    0    |    0    |    2    |
|          |           and_ln73_3_fu_5377           |    0    |    0    |    2    |
|          |           and_ln73_4_fu_5499           |    0    |    0    |    2    |
|----------|----------------------------------------|---------|---------|---------|
|          |            xor_ln67_fu_5064            |    0    |    0    |    2    |
|    xor   |           xor_ln67_1_fu_5189           |    0    |    0    |    2    |
|          |           xor_ln67_2_fu_5311           |    0    |    0    |    2    |
|          |           xor_ln67_3_fu_5433           |    0    |    0    |    2    |
|----------|----------------------------------------|---------|---------|---------|
|          |  logits_buf_3_63_load_read_read_fu_886 |    0    |    0    |    0    |
|          |  logits_buf_3_62_load_read_read_fu_892 |    0    |    0    |    0    |
|          |  logits_buf_3_61_load_read_read_fu_898 |    0    |    0    |    0    |
|          |  logits_buf_3_60_load_read_read_fu_904 |    0    |    0    |    0    |
|          |  logits_buf_3_59_load_read_read_fu_910 |    0    |    0    |    0    |
|          |  logits_buf_3_58_load_read_read_fu_916 |    0    |    0    |    0    |
|          |  logits_buf_3_57_load_read_read_fu_922 |    0    |    0    |    0    |
|          |  logits_buf_3_56_load_read_read_fu_928 |    0    |    0    |    0    |
|          |  logits_buf_3_55_load_read_read_fu_934 |    0    |    0    |    0    |
|          |  logits_buf_3_54_load_read_read_fu_940 |    0    |    0    |    0    |
|          |  logits_buf_3_53_load_read_read_fu_946 |    0    |    0    |    0    |
|          |  logits_buf_3_52_load_read_read_fu_952 |    0    |    0    |    0    |
|          |  logits_buf_3_51_load_read_read_fu_958 |    0    |    0    |    0    |
|          |  logits_buf_3_50_load_read_read_fu_964 |    0    |    0    |    0    |
|          |  logits_buf_3_49_load_read_read_fu_970 |    0    |    0    |    0    |
|          |  logits_buf_3_48_load_read_read_fu_976 |    0    |    0    |    0    |
|          |  logits_buf_3_47_load_read_read_fu_982 |    0    |    0    |    0    |
|          |  logits_buf_3_46_load_read_read_fu_988 |    0    |    0    |    0    |
|          |  logits_buf_3_45_load_read_read_fu_994 |    0    |    0    |    0    |
|          | logits_buf_3_44_load_read_read_fu_1000 |    0    |    0    |    0    |
|          | logits_buf_3_43_load_read_read_fu_1006 |    0    |    0    |    0    |
|          | logits_buf_3_42_load_read_read_fu_1012 |    0    |    0    |    0    |
|          | logits_buf_3_41_load_read_read_fu_1018 |    0    |    0    |    0    |
|          | logits_buf_3_40_load_read_read_fu_1024 |    0    |    0    |    0    |
|          | logits_buf_3_39_load_read_read_fu_1030 |    0    |    0    |    0    |
|          | logits_buf_3_38_load_read_read_fu_1036 |    0    |    0    |    0    |
|          | logits_buf_3_37_load_read_read_fu_1042 |    0    |    0    |    0    |
|          | logits_buf_3_36_load_read_read_fu_1048 |    0    |    0    |    0    |
|          | logits_buf_3_35_load_read_read_fu_1054 |    0    |    0    |    0    |
|          | logits_buf_3_34_load_read_read_fu_1060 |    0    |    0    |    0    |
|          | logits_buf_3_33_load_read_read_fu_1066 |    0    |    0    |    0    |
|          | logits_buf_3_32_load_read_read_fu_1072 |    0    |    0    |    0    |
|          | logits_buf_3_31_load_read_read_fu_1078 |    0    |    0    |    0    |
|          | logits_buf_3_30_load_read_read_fu_1084 |    0    |    0    |    0    |
|          | logits_buf_3_29_load_read_read_fu_1090 |    0    |    0    |    0    |
|          | logits_buf_3_28_load_read_read_fu_1096 |    0    |    0    |    0    |
|          | logits_buf_3_27_load_read_read_fu_1102 |    0    |    0    |    0    |
|          | logits_buf_3_26_load_read_read_fu_1108 |    0    |    0    |    0    |
|          | logits_buf_3_25_load_read_read_fu_1114 |    0    |    0    |    0    |
|          | logits_buf_3_24_load_read_read_fu_1120 |    0    |    0    |    0    |
|          | logits_buf_3_23_load_read_read_fu_1126 |    0    |    0    |    0    |
|          | logits_buf_3_22_load_read_read_fu_1132 |    0    |    0    |    0    |
|          | logits_buf_3_21_load_read_read_fu_1138 |    0    |    0    |    0    |
|          | logits_buf_3_20_load_read_read_fu_1144 |    0    |    0    |    0    |
|          | logits_buf_3_19_load_read_read_fu_1150 |    0    |    0    |    0    |
|          | logits_buf_3_18_load_read_read_fu_1156 |    0    |    0    |    0    |
|          | logits_buf_3_17_load_read_read_fu_1162 |    0    |    0    |    0    |
|          | logits_buf_3_16_load_read_read_fu_1168 |    0    |    0    |    0    |
|          | logits_buf_3_15_load_read_read_fu_1174 |    0    |    0    |    0    |
|          | logits_buf_3_14_load_read_read_fu_1180 |    0    |    0    |    0    |
|          | logits_buf_3_13_load_read_read_fu_1186 |    0    |    0    |    0    |
|          | logits_buf_3_12_load_read_read_fu_1192 |    0    |    0    |    0    |
|          | logits_buf_3_11_load_read_read_fu_1198 |    0    |    0    |    0    |
|          | logits_buf_3_10_load_read_read_fu_1204 |    0    |    0    |    0    |
|          |  logits_buf_3_9_load_read_read_fu_1210 |    0    |    0    |    0    |
|          |  logits_buf_3_8_load_read_read_fu_1216 |    0    |    0    |    0    |
|          |  logits_buf_3_7_load_read_read_fu_1222 |    0    |    0    |    0    |
|          |  logits_buf_3_6_load_read_read_fu_1228 |    0    |    0    |    0    |
|          |  logits_buf_3_5_load_read_read_fu_1234 |    0    |    0    |    0    |
|          |  logits_buf_3_4_load_read_read_fu_1240 |    0    |    0    |    0    |
|          |  logits_buf_3_3_load_read_read_fu_1246 |    0    |    0    |    0    |
|          |  logits_buf_3_2_load_read_read_fu_1252 |    0    |    0    |    0    |
|          |  logits_buf_3_1_load_read_read_fu_1258 |    0    |    0    |    0    |
|          |  logits_buf_3_0_load_read_read_fu_1264 |    0    |    0    |    0    |
|          | logits_buf_2_63_load_read_read_fu_1270 |    0    |    0    |    0    |
|          | logits_buf_2_62_load_read_read_fu_1276 |    0    |    0    |    0    |
|          | logits_buf_2_61_load_read_read_fu_1282 |    0    |    0    |    0    |
|          | logits_buf_2_60_load_read_read_fu_1288 |    0    |    0    |    0    |
|          | logits_buf_2_59_load_read_read_fu_1294 |    0    |    0    |    0    |
|          | logits_buf_2_58_load_read_read_fu_1300 |    0    |    0    |    0    |
|          | logits_buf_2_57_load_read_read_fu_1306 |    0    |    0    |    0    |
|          | logits_buf_2_56_load_read_read_fu_1312 |    0    |    0    |    0    |
|          | logits_buf_2_55_load_read_read_fu_1318 |    0    |    0    |    0    |
|          | logits_buf_2_54_load_read_read_fu_1324 |    0    |    0    |    0    |
|          | logits_buf_2_53_load_read_read_fu_1330 |    0    |    0    |    0    |
|          | logits_buf_2_52_load_read_read_fu_1336 |    0    |    0    |    0    |
|          | logits_buf_2_51_load_read_read_fu_1342 |    0    |    0    |    0    |
|          | logits_buf_2_50_load_read_read_fu_1348 |    0    |    0    |    0    |
|          | logits_buf_2_49_load_read_read_fu_1354 |    0    |    0    |    0    |
|          | logits_buf_2_48_load_read_read_fu_1360 |    0    |    0    |    0    |
|          | logits_buf_2_47_load_read_read_fu_1366 |    0    |    0    |    0    |
|          | logits_buf_2_46_load_read_read_fu_1372 |    0    |    0    |    0    |
|          | logits_buf_2_45_load_read_read_fu_1378 |    0    |    0    |    0    |
|          | logits_buf_2_44_load_read_read_fu_1384 |    0    |    0    |    0    |
|          | logits_buf_2_43_load_read_read_fu_1390 |    0    |    0    |    0    |
|          | logits_buf_2_42_load_read_read_fu_1396 |    0    |    0    |    0    |
|          | logits_buf_2_41_load_read_read_fu_1402 |    0    |    0    |    0    |
|          | logits_buf_2_40_load_read_read_fu_1408 |    0    |    0    |    0    |
|          | logits_buf_2_39_load_read_read_fu_1414 |    0    |    0    |    0    |
|          | logits_buf_2_38_load_read_read_fu_1420 |    0    |    0    |    0    |
|          | logits_buf_2_37_load_read_read_fu_1426 |    0    |    0    |    0    |
|          | logits_buf_2_36_load_read_read_fu_1432 |    0    |    0    |    0    |
|          | logits_buf_2_35_load_read_read_fu_1438 |    0    |    0    |    0    |
|          | logits_buf_2_34_load_read_read_fu_1444 |    0    |    0    |    0    |
|          | logits_buf_2_33_load_read_read_fu_1450 |    0    |    0    |    0    |
|          | logits_buf_2_32_load_read_read_fu_1456 |    0    |    0    |    0    |
|          | logits_buf_2_31_load_read_read_fu_1462 |    0    |    0    |    0    |
|          | logits_buf_2_30_load_read_read_fu_1468 |    0    |    0    |    0    |
|          | logits_buf_2_29_load_read_read_fu_1474 |    0    |    0    |    0    |
|          | logits_buf_2_28_load_read_read_fu_1480 |    0    |    0    |    0    |
|          | logits_buf_2_27_load_read_read_fu_1486 |    0    |    0    |    0    |
|          | logits_buf_2_26_load_read_read_fu_1492 |    0    |    0    |    0    |
|          | logits_buf_2_25_load_read_read_fu_1498 |    0    |    0    |    0    |
|          | logits_buf_2_24_load_read_read_fu_1504 |    0    |    0    |    0    |
|          | logits_buf_2_23_load_read_read_fu_1510 |    0    |    0    |    0    |
|          | logits_buf_2_22_load_read_read_fu_1516 |    0    |    0    |    0    |
|          | logits_buf_2_21_load_read_read_fu_1522 |    0    |    0    |    0    |
|          | logits_buf_2_20_load_read_read_fu_1528 |    0    |    0    |    0    |
|          | logits_buf_2_19_load_read_read_fu_1534 |    0    |    0    |    0    |
|          | logits_buf_2_18_load_read_read_fu_1540 |    0    |    0    |    0    |
|          | logits_buf_2_17_load_read_read_fu_1546 |    0    |    0    |    0    |
|          | logits_buf_2_16_load_read_read_fu_1552 |    0    |    0    |    0    |
|          | logits_buf_2_15_load_read_read_fu_1558 |    0    |    0    |    0    |
|          | logits_buf_2_14_load_read_read_fu_1564 |    0    |    0    |    0    |
|          | logits_buf_2_13_load_read_read_fu_1570 |    0    |    0    |    0    |
|          | logits_buf_2_12_load_read_read_fu_1576 |    0    |    0    |    0    |
|          | logits_buf_2_11_load_read_read_fu_1582 |    0    |    0    |    0    |
|          | logits_buf_2_10_load_read_read_fu_1588 |    0    |    0    |    0    |
|          |  logits_buf_2_9_load_read_read_fu_1594 |    0    |    0    |    0    |
|          |  logits_buf_2_8_load_read_read_fu_1600 |    0    |    0    |    0    |
|          |  logits_buf_2_7_load_read_read_fu_1606 |    0    |    0    |    0    |
|          |  logits_buf_2_6_load_read_read_fu_1612 |    0    |    0    |    0    |
|          |  logits_buf_2_5_load_read_read_fu_1618 |    0    |    0    |    0    |
|          |  logits_buf_2_4_load_read_read_fu_1624 |    0    |    0    |    0    |
|          |  logits_buf_2_3_load_read_read_fu_1630 |    0    |    0    |    0    |
|          |  logits_buf_2_2_load_read_read_fu_1636 |    0    |    0    |    0    |
|          |  logits_buf_2_1_load_read_read_fu_1642 |    0    |    0    |    0    |
|          |  logits_buf_2_0_load_read_read_fu_1648 |    0    |    0    |    0    |
|          | logits_buf_1_63_load_read_read_fu_1654 |    0    |    0    |    0    |
|   read   | logits_buf_1_62_load_read_read_fu_1660 |    0    |    0    |    0    |
|          | logits_buf_1_61_load_read_read_fu_1666 |    0    |    0    |    0    |
|          | logits_buf_1_60_load_read_read_fu_1672 |    0    |    0    |    0    |
|          | logits_buf_1_59_load_read_read_fu_1678 |    0    |    0    |    0    |
|          | logits_buf_1_58_load_read_read_fu_1684 |    0    |    0    |    0    |
|          | logits_buf_1_57_load_read_read_fu_1690 |    0    |    0    |    0    |
|          | logits_buf_1_56_load_read_read_fu_1696 |    0    |    0    |    0    |
|          | logits_buf_1_55_load_read_read_fu_1702 |    0    |    0    |    0    |
|          | logits_buf_1_54_load_read_read_fu_1708 |    0    |    0    |    0    |
|          | logits_buf_1_53_load_read_read_fu_1714 |    0    |    0    |    0    |
|          | logits_buf_1_52_load_read_read_fu_1720 |    0    |    0    |    0    |
|          | logits_buf_1_51_load_read_read_fu_1726 |    0    |    0    |    0    |
|          | logits_buf_1_50_load_read_read_fu_1732 |    0    |    0    |    0    |
|          | logits_buf_1_49_load_read_read_fu_1738 |    0    |    0    |    0    |
|          | logits_buf_1_48_load_read_read_fu_1744 |    0    |    0    |    0    |
|          | logits_buf_1_47_load_read_read_fu_1750 |    0    |    0    |    0    |
|          | logits_buf_1_46_load_read_read_fu_1756 |    0    |    0    |    0    |
|          | logits_buf_1_45_load_read_read_fu_1762 |    0    |    0    |    0    |
|          | logits_buf_1_44_load_read_read_fu_1768 |    0    |    0    |    0    |
|          | logits_buf_1_43_load_read_read_fu_1774 |    0    |    0    |    0    |
|          | logits_buf_1_42_load_read_read_fu_1780 |    0    |    0    |    0    |
|          | logits_buf_1_41_load_read_read_fu_1786 |    0    |    0    |    0    |
|          | logits_buf_1_40_load_read_read_fu_1792 |    0    |    0    |    0    |
|          | logits_buf_1_39_load_read_read_fu_1798 |    0    |    0    |    0    |
|          | logits_buf_1_38_load_read_read_fu_1804 |    0    |    0    |    0    |
|          | logits_buf_1_37_load_read_read_fu_1810 |    0    |    0    |    0    |
|          | logits_buf_1_36_load_read_read_fu_1816 |    0    |    0    |    0    |
|          | logits_buf_1_35_load_read_read_fu_1822 |    0    |    0    |    0    |
|          | logits_buf_1_34_load_read_read_fu_1828 |    0    |    0    |    0    |
|          | logits_buf_1_33_load_read_read_fu_1834 |    0    |    0    |    0    |
|          | logits_buf_1_32_load_read_read_fu_1840 |    0    |    0    |    0    |
|          | logits_buf_1_31_load_read_read_fu_1846 |    0    |    0    |    0    |
|          | logits_buf_1_30_load_read_read_fu_1852 |    0    |    0    |    0    |
|          | logits_buf_1_29_load_read_read_fu_1858 |    0    |    0    |    0    |
|          | logits_buf_1_28_load_read_read_fu_1864 |    0    |    0    |    0    |
|          | logits_buf_1_27_load_read_read_fu_1870 |    0    |    0    |    0    |
|          | logits_buf_1_26_load_read_read_fu_1876 |    0    |    0    |    0    |
|          | logits_buf_1_25_load_read_read_fu_1882 |    0    |    0    |    0    |
|          | logits_buf_1_24_load_read_read_fu_1888 |    0    |    0    |    0    |
|          | logits_buf_1_23_load_read_read_fu_1894 |    0    |    0    |    0    |
|          | logits_buf_1_22_load_read_read_fu_1900 |    0    |    0    |    0    |
|          | logits_buf_1_21_load_read_read_fu_1906 |    0    |    0    |    0    |
|          | logits_buf_1_20_load_read_read_fu_1912 |    0    |    0    |    0    |
|          | logits_buf_1_19_load_read_read_fu_1918 |    0    |    0    |    0    |
|          | logits_buf_1_18_load_read_read_fu_1924 |    0    |    0    |    0    |
|          | logits_buf_1_17_load_read_read_fu_1930 |    0    |    0    |    0    |
|          | logits_buf_1_16_load_read_read_fu_1936 |    0    |    0    |    0    |
|          | logits_buf_1_15_load_read_read_fu_1942 |    0    |    0    |    0    |
|          | logits_buf_1_14_load_read_read_fu_1948 |    0    |    0    |    0    |
|          | logits_buf_1_13_load_read_read_fu_1954 |    0    |    0    |    0    |
|          | logits_buf_1_12_load_read_read_fu_1960 |    0    |    0    |    0    |
|          | logits_buf_1_11_load_read_read_fu_1966 |    0    |    0    |    0    |
|          | logits_buf_1_10_load_read_read_fu_1972 |    0    |    0    |    0    |
|          |  logits_buf_1_9_load_read_read_fu_1978 |    0    |    0    |    0    |
|          |  logits_buf_1_8_load_read_read_fu_1984 |    0    |    0    |    0    |
|          |  logits_buf_1_7_load_read_read_fu_1990 |    0    |    0    |    0    |
|          |  logits_buf_1_6_load_read_read_fu_1996 |    0    |    0    |    0    |
|          |  logits_buf_1_5_load_read_read_fu_2002 |    0    |    0    |    0    |
|          |  logits_buf_1_4_load_read_read_fu_2008 |    0    |    0    |    0    |
|          |  logits_buf_1_3_load_read_read_fu_2014 |    0    |    0    |    0    |
|          |  logits_buf_1_2_load_read_read_fu_2020 |    0    |    0    |    0    |
|          |  logits_buf_1_1_load_read_read_fu_2026 |    0    |    0    |    0    |
|          |  logits_buf_1_0_load_read_read_fu_2032 |    0    |    0    |    0    |
|          |         max_x_read_read_fu_2038        |    0    |    0    |    0    |
|          | logits_buf_0_63_load_read_read_fu_2044 |    0    |    0    |    0    |
|          | logits_buf_0_62_load_read_read_fu_2050 |    0    |    0    |    0    |
|          | logits_buf_0_61_load_read_read_fu_2056 |    0    |    0    |    0    |
|          | logits_buf_0_60_load_read_read_fu_2062 |    0    |    0    |    0    |
|          | logits_buf_0_59_load_read_read_fu_2068 |    0    |    0    |    0    |
|          | logits_buf_0_58_load_read_read_fu_2074 |    0    |    0    |    0    |
|          | logits_buf_0_57_load_read_read_fu_2080 |    0    |    0    |    0    |
|          | logits_buf_0_56_load_read_read_fu_2086 |    0    |    0    |    0    |
|          | logits_buf_0_55_load_read_read_fu_2092 |    0    |    0    |    0    |
|          | logits_buf_0_54_load_read_read_fu_2098 |    0    |    0    |    0    |
|          | logits_buf_0_53_load_read_read_fu_2104 |    0    |    0    |    0    |
|          | logits_buf_0_52_load_read_read_fu_2110 |    0    |    0    |    0    |
|          | logits_buf_0_51_load_read_read_fu_2116 |    0    |    0    |    0    |
|          | logits_buf_0_50_load_read_read_fu_2122 |    0    |    0    |    0    |
|          | logits_buf_0_49_load_read_read_fu_2128 |    0    |    0    |    0    |
|          | logits_buf_0_48_load_read_read_fu_2134 |    0    |    0    |    0    |
|          | logits_buf_0_47_load_read_read_fu_2140 |    0    |    0    |    0    |
|          | logits_buf_0_46_load_read_read_fu_2146 |    0    |    0    |    0    |
|          | logits_buf_0_45_load_read_read_fu_2152 |    0    |    0    |    0    |
|          | logits_buf_0_44_load_read_read_fu_2158 |    0    |    0    |    0    |
|          | logits_buf_0_43_load_read_read_fu_2164 |    0    |    0    |    0    |
|          | logits_buf_0_42_load_read_read_fu_2170 |    0    |    0    |    0    |
|          | logits_buf_0_41_load_read_read_fu_2176 |    0    |    0    |    0    |
|          | logits_buf_0_40_load_read_read_fu_2182 |    0    |    0    |    0    |
|          | logits_buf_0_39_load_read_read_fu_2188 |    0    |    0    |    0    |
|          | logits_buf_0_38_load_read_read_fu_2194 |    0    |    0    |    0    |
|          | logits_buf_0_37_load_read_read_fu_2200 |    0    |    0    |    0    |
|          | logits_buf_0_36_load_read_read_fu_2206 |    0    |    0    |    0    |
|          | logits_buf_0_35_load_read_read_fu_2212 |    0    |    0    |    0    |
|          | logits_buf_0_34_load_read_read_fu_2218 |    0    |    0    |    0    |
|          | logits_buf_0_33_load_read_read_fu_2224 |    0    |    0    |    0    |
|          | logits_buf_0_32_load_read_read_fu_2230 |    0    |    0    |    0    |
|          | logits_buf_0_31_load_read_read_fu_2236 |    0    |    0    |    0    |
|          | logits_buf_0_30_load_read_read_fu_2242 |    0    |    0    |    0    |
|          | logits_buf_0_29_load_read_read_fu_2248 |    0    |    0    |    0    |
|          | logits_buf_0_28_load_read_read_fu_2254 |    0    |    0    |    0    |
|          | logits_buf_0_27_load_read_read_fu_2260 |    0    |    0    |    0    |
|          | logits_buf_0_26_load_read_read_fu_2266 |    0    |    0    |    0    |
|          | logits_buf_0_25_load_read_read_fu_2272 |    0    |    0    |    0    |
|          | logits_buf_0_24_load_read_read_fu_2278 |    0    |    0    |    0    |
|          | logits_buf_0_23_load_read_read_fu_2284 |    0    |    0    |    0    |
|          | logits_buf_0_22_load_read_read_fu_2290 |    0    |    0    |    0    |
|          | logits_buf_0_21_load_read_read_fu_2296 |    0    |    0    |    0    |
|          | logits_buf_0_20_load_read_read_fu_2302 |    0    |    0    |    0    |
|          | logits_buf_0_19_load_read_read_fu_2308 |    0    |    0    |    0    |
|          | logits_buf_0_18_load_read_read_fu_2314 |    0    |    0    |    0    |
|          | logits_buf_0_17_load_read_read_fu_2320 |    0    |    0    |    0    |
|          | logits_buf_0_16_load_read_read_fu_2326 |    0    |    0    |    0    |
|          | logits_buf_0_15_load_read_read_fu_2332 |    0    |    0    |    0    |
|          | logits_buf_0_14_load_read_read_fu_2338 |    0    |    0    |    0    |
|          | logits_buf_0_13_load_read_read_fu_2344 |    0    |    0    |    0    |
|          | logits_buf_0_12_load_read_read_fu_2350 |    0    |    0    |    0    |
|          | logits_buf_0_11_load_read_read_fu_2356 |    0    |    0    |    0    |
|          | logits_buf_0_10_load_read_read_fu_2362 |    0    |    0    |    0    |
|          |  logits_buf_0_9_load_read_read_fu_2368 |    0    |    0    |    0    |
|          |  logits_buf_0_8_load_read_read_fu_2374 |    0    |    0    |    0    |
|          |  logits_buf_0_7_load_read_read_fu_2380 |    0    |    0    |    0    |
|          |  logits_buf_0_6_load_read_read_fu_2386 |    0    |    0    |    0    |
|          |  logits_buf_0_5_load_read_read_fu_2392 |    0    |    0    |    0    |
|          |  logits_buf_0_4_load_read_read_fu_2398 |    0    |    0    |    0    |
|          |  logits_buf_0_3_load_read_read_fu_2404 |    0    |    0    |    0    |
|          |  logits_buf_0_2_load_read_read_fu_2410 |    0    |    0    |    0    |
|          |  logits_buf_0_1_load_read_read_fu_2416 |    0    |    0    |    0    |
|          |  logits_buf_0_0_load_read_read_fu_2422 |    0    |    0    |    0    |
|          |           n_read_read_fu_2428          |    0    |    0    |    0    |
|          |      blocks_cast_read_read_fu_2434     |    0    |    0    |    0    |
|----------|----------------------------------------|---------|---------|---------|
|   write  |        write_ln260_write_fu_2440       |    0    |    0    |    0    |
|----------|----------------------------------------|---------|---------|---------|
|   trunc  |           trunc_ln233_fu_2467          |    0    |    0    |    0    |
|----------|----------------------------------------|---------|---------|---------|
|          |             shl_ln_fu_2471             |    0    |    0    |    0    |
|          |              or_ln_fu_2759             |    0    |    0    |    0    |
|          |             or_ln5_fu_3047             |    0    |    0    |    0    |
|          |             or_ln6_fu_3335             |    0    |    0    |    0    |
|          |             tmp_85_fu_3640             |    0    |    0    |    0    |
|          |             tmp_86_fu_3652             |    0    |    0    |    0    |
|          |             tmp_87_fu_3670             |    0    |    0    |    0    |
|          |             tmp_95_fu_3700             |    0    |    0    |    0    |
|          |             tmp_96_fu_3712             |    0    |    0    |    0    |
|          |             tmp_97_fu_3730             |    0    |    0    |    0    |
|          |             tmp_105_fu_3760            |    0    |    0    |    0    |
|          |             tmp_106_fu_3772            |    0    |    0    |    0    |
|          |             tmp_107_fu_3790            |    0    |    0    |    0    |
|          |             tmp_115_fu_3820            |    0    |    0    |    0    |
|          |             tmp_116_fu_3832            |    0    |    0    |    0    |
|          |             tmp_117_fu_3850            |    0    |    0    |    0    |
|          |             tmp_88_fu_3868             |    0    |    0    |    0    |
|          |             tmp_89_fu_3884             |    0    |    0    |    0    |
|          |             tmp_98_fu_3901             |    0    |    0    |    0    |
|bitconcatenate|             tmp_99_fu_3917             |    0    |    0    |    0    |
|          |             tmp_108_fu_3934            |    0    |    0    |    0    |
|          |             tmp_109_fu_3950            |    0    |    0    |    0    |
|          |             tmp_118_fu_3967            |    0    |    0    |    0    |
|          |             tmp_119_fu_3983            |    0    |    0    |    0    |
|          |             tmp_90_fu_4000             |    0    |    0    |    0    |
|          |             tmp_91_fu_4016             |    0    |    0    |    0    |
|          |             tmp_100_fu_4159            |    0    |    0    |    0    |
|          |             tmp_101_fu_4175            |    0    |    0    |    0    |
|          |             tmp_110_fu_4318            |    0    |    0    |    0    |
|          |             tmp_111_fu_4334            |    0    |    0    |    0    |
|          |             tmp_120_fu_4477            |    0    |    0    |    0    |
|          |             tmp_121_fu_4493            |    0    |    0    |    0    |
|          |            sel_tmp5_fu_5145            |    0    |    0    |    0    |
|          |             sel_tmp_fu_5260            |    0    |    0    |    0    |
|          |            sel_tmp1_fu_5382            |    0    |    0    |    0    |
|          |            sel_tmp2_fu_5504            |    0    |    0    |    0    |
|          |           pkt_keep_7_fu_5542           |    0    |    0    |    0    |
|          |           pkt_keep_9_fu_5560           |    0    |    0    |    0    |
|          |               p_0_fu_5596              |    0    |    0    |    0    |
|----------|----------------------------------------|---------|---------|---------|
|          |           zext_ln243_fu_2479           |    0    |    0    |    0    |
|          |           zext_ln247_fu_2767           |    0    |    0    |    0    |
|          |           zext_ln251_fu_3055           |    0    |    0    |    0    |
|          |           zext_ln255_fu_3343           |    0    |    0    |    0    |
|          |            zext_ln61_fu_4707           |    0    |    0    |    0    |
|          |            zext_ln63_fu_4720           |    0    |    0    |    0    |
|          |           zext_ln61_1_fu_4810          |    0    |    0    |    0    |
|          |           zext_ln63_1_fu_4823          |    0    |    0    |    0    |
|          |           zext_ln61_2_fu_4913          |    0    |    0    |    0    |
|          |           zext_ln63_2_fu_4926          |    0    |    0    |    0    |
|          |           zext_ln61_3_fu_5016          |    0    |    0    |    0    |
|          |           zext_ln63_3_fu_5029          |    0    |    0    |    0    |
|          |            zext_ln59_fu_5048           |    0    |    0    |    0    |
|   zext   |            zext_ln68_fu_5085           |    0    |    0    |    0    |
|          |            zext_ln72_fu_5104           |    0    |    0    |    0    |
|          |           zext_ln59_1_fu_5173          |    0    |    0    |    0    |
|          |           zext_ln68_1_fu_5210          |    0    |    0    |    0    |
|          |           zext_ln72_1_fu_5229          |    0    |    0    |    0    |
|          |           zext_ln59_2_fu_5295          |    0    |    0    |    0    |
|          |           zext_ln68_2_fu_5332          |    0    |    0    |    0    |
|          |           zext_ln72_2_fu_5351          |    0    |    0    |    0    |
|          |           zext_ln59_3_fu_5417          |    0    |    0    |    0    |
|          |           zext_ln68_3_fu_5454          |    0    |    0    |    0    |
|          |           zext_ln72_3_fu_5473          |    0    |    0    |    0    |
|          |           zext_ln236_fu_5539           |    0    |    0    |    0    |
|          |          zext_ln236_1_fu_5556          |    0    |    0    |    0    |
|          |          zext_ln236_2_fu_5575          |    0    |    0    |    0    |
|----------|----------------------------------------|---------|---------|---------|
|          |            sext_ln50_fu_3648           |    0    |    0    |    0    |
|          |           sext_ln50_1_fu_3660          |    0    |    0    |    0    |
|          |           sext_ln50_2_fu_3678          |    0    |    0    |    0    |
|          |           sext_ln50_7_fu_3708          |    0    |    0    |    0    |
|          |           sext_ln50_8_fu_3720          |    0    |    0    |    0    |
|          |           sext_ln50_9_fu_3738          |    0    |    0    |    0    |
|          |          sext_ln50_14_fu_3768          |    0    |    0    |    0    |
|          |          sext_ln50_15_fu_3780          |    0    |    0    |    0    |
|          |          sext_ln50_16_fu_3798          |    0    |    0    |    0    |
|          |          sext_ln50_21_fu_3828          |    0    |    0    |    0    |
|          |          sext_ln50_22_fu_3840          |    0    |    0    |    0    |
|          |          sext_ln50_23_fu_3858          |    0    |    0    |    0    |
|          |           sext_ln50_3_fu_3875          |    0    |    0    |    0    |
|          |           sext_ln50_4_fu_3891          |    0    |    0    |    0    |
|          |          sext_ln50_10_fu_3908          |    0    |    0    |    0    |
|          |          sext_ln50_11_fu_3924          |    0    |    0    |    0    |
|          |          sext_ln50_17_fu_3941          |    0    |    0    |    0    |
|          |          sext_ln50_18_fu_3957          |    0    |    0    |    0    |
|          |          sext_ln50_24_fu_3974          |    0    |    0    |    0    |
|          |          sext_ln50_25_fu_3990          |    0    |    0    |    0    |
|          |           sext_ln50_5_fu_4007          |    0    |    0    |    0    |
|   sext   |           sext_ln50_6_fu_4023          |    0    |    0    |    0    |
|          |          sext_ln50_12_fu_4166          |    0    |    0    |    0    |
|          |          sext_ln50_13_fu_4182          |    0    |    0    |    0    |
|          |          sext_ln50_19_fu_4325          |    0    |    0    |    0    |
|          |          sext_ln50_20_fu_4341          |    0    |    0    |    0    |
|          |          sext_ln50_26_fu_4484          |    0    |    0    |    0    |
|          |          sext_ln50_27_fu_4500          |    0    |    0    |    0    |
|          |            sext_ln63_fu_4716           |    0    |    0    |    0    |
|          |           sext_ln63_1_fu_4819          |    0    |    0    |    0    |
|          |           sext_ln63_2_fu_4922          |    0    |    0    |    0    |
|          |           sext_ln63_3_fu_5025          |    0    |    0    |    0    |
|          |            sext_ln64_fu_5051           |    0    |    0    |    0    |
|          |           sext_ln64_1_fu_5060          |    0    |    0    |    0    |
|          |            sext_ln72_fu_5095           |    0    |    0    |    0    |
|          |           sext_ln64_2_fu_5176          |    0    |    0    |    0    |
|          |           sext_ln64_3_fu_5185          |    0    |    0    |    0    |
|          |           sext_ln72_1_fu_5220          |    0    |    0    |    0    |
|          |           sext_ln64_4_fu_5298          |    0    |    0    |    0    |
|          |           sext_ln64_5_fu_5307          |    0    |    0    |    0    |
|          |           sext_ln72_2_fu_5342          |    0    |    0    |    0    |
|          |           sext_ln64_6_fu_5420          |    0    |    0    |    0    |
|          |           sext_ln64_7_fu_5429          |    0    |    0    |    0    |
|          |           sext_ln72_3_fu_5464          |    0    |    0    |    0    |
|----------|----------------------------------------|---------|---------|---------|
|          |               rem_fu_4033              |    0    |    0    |    0    |
|          |                k_fu_4043               |    0    |    0    |    0    |
|          |               idx_fu_4053              |    0    |    0    |    0    |
|          |             tmp_93_fu_4143             |    0    |    0    |    0    |
|          |              rem_1_fu_4192             |    0    |    0    |    0    |
|          |               k_1_fu_4202              |    0    |    0    |    0    |
|          |              idx_1_fu_4212             |    0    |    0    |    0    |
|          |             tmp_103_fu_4302            |    0    |    0    |    0    |
|          |              rem_2_fu_4351             |    0    |    0    |    0    |
|          |               k_2_fu_4361              |    0    |    0    |    0    |
|          |              idx_2_fu_4371             |    0    |    0    |    0    |
|          |             tmp_113_fu_4461            |    0    |    0    |    0    |
|          |              rem_3_fu_4510             |    0    |    0    |    0    |
|partselect|               k_3_fu_4520              |    0    |    0    |    0    |
|          |              idx_3_fu_4530             |    0    |    0    |    0    |
|          |             tmp_123_fu_4620            |    0    |    0    |    0    |
|          |            trunc_ln_fu_4729            |    0    |    0    |    0    |
|          |          trunc_ln64_1_fu_4832          |    0    |    0    |    0    |
|          |          trunc_ln64_2_fu_4935          |    0    |    0    |    0    |
|          |          trunc_ln64_3_fu_5038          |    0    |    0    |    0    |
|          |            trunc_ln1_fu_5069           |    0    |    0    |    0    |
|          |             tmp_94_fu_5119             |    0    |    0    |    0    |
|          |          trunc_ln68_1_fu_5194          |    0    |    0    |    0    |
|          |             tmp_104_fu_5233            |    0    |    0    |    0    |
|          |          trunc_ln68_2_fu_5316          |    0    |    0    |    0    |
|          |             tmp_114_fu_5355            |    0    |    0    |    0    |
|          |          trunc_ln68_3_fu_5438          |    0    |    0    |    0    |
|          |             tmp_124_fu_5477            |    0    |    0    |    0    |
|----------|----------------------------------------|---------|---------|---------|
|          |             tmp_92_fu_4135             |    0    |    0    |    0    |
| bitselect|             tmp_102_fu_4294            |    0    |    0    |    0    |
|          |             tmp_112_fu_4453            |    0    |    0    |    0    |
|          |             tmp_122_fu_4612            |    0    |    0    |    0    |
|----------|----------------------------------------|---------|---------|---------|
|  bitset  |           pkt_keep_10_fu_5579          |    0    |    0    |    0    |
|----------|----------------------------------------|---------|---------|---------|
|   Total  |                                        |    4    |    0    |   4297  |
|----------|----------------------------------------|---------|---------|---------|

Memories:
N/A

* Register list:
+---------------------+--------+
|                     |   FF   |
+---------------------+--------+
| add_ln50_13_reg_5735|   50   |
| add_ln50_1_reg_5720 |   50   |
| add_ln50_5_reg_5725 |   50   |
| add_ln50_9_reg_5730 |   50   |
|     blk_reg_5607    |    7   |
| icmp_ln233_reg_5614 |    1   |
| icmp_ln247_reg_5632 |    1   |
| icmp_ln251_reg_5644 |    1   |
| icmp_ln255_reg_5656 |    1   |
| icmp_ln69_1_reg_5809|    1   |
| icmp_ln69_2_reg_5846|    1   |
| icmp_ln69_3_reg_5883|    1   |
|  icmp_ln69_reg_5772 |    1   |
|    idx_1_reg_5792   |    4   |
|    idx_2_reg_5829   |    4   |
|    idx_3_reg_5866   |    4   |
|     idx_reg_5755    |    4   |
|     k_1_reg_5787    |   16   |
|     k_2_reg_5824    |   16   |
|     k_3_reg_5861    |   16   |
|      k_reg_5750     |   16   |
|  pkt_keep_reg_5618  |    1   |
|  pkt_v1_2_reg_5913  |   32   |
|  pkt_v2_2_reg_5918  |   32   |
|  pkt_v3_2_reg_5923  |   32   |
|    rem_1_reg_5782   |   12   |
|    rem_2_reg_5819   |   12   |
|    rem_3_reg_5856   |   12   |
|     rem_reg_5745    |   12   |
| sub_ln50_1_reg_5676 |   50   |
| sub_ln50_3_reg_5689 |   50   |
| sub_ln50_5_reg_5702 |   50   |
| sub_ln50_7_reg_5715 |   50   |
|    t64_1_reg_5777   |   50   |
|    t64_2_reg_5814   |   50   |
|    t64_3_reg_5851   |   50   |
|     t64_reg_5740    |   50   |
|   tmp_102_reg_5803  |    1   |
|   tmp_112_reg_5840  |    1   |
|   tmp_122_reg_5877  |    1   |
|   tmp_92_reg_5766   |    1   |
|trunc_ln64_1_reg_5893|   18   |
|trunc_ln64_2_reg_5898|   18   |
|trunc_ln64_3_reg_5903|   18   |
|  trunc_ln_reg_5888  |   18   |
|   x_q16_1_reg_5668  |   32   |
|   x_q16_2_reg_5638  |   32   |
|   x_q16_3_reg_5681  |   32   |
|   x_q16_4_reg_5650  |   32   |
|   x_q16_5_reg_5694  |   32   |
|   x_q16_6_reg_5662  |   32   |
|   x_q16_7_reg_5707  |   32   |
|    x_q16_reg_5626   |   32   |
|    y0_1_reg_5797    |   17   |
|    y0_2_reg_5834    |   17   |
|    y0_3_reg_5871    |   17   |
|     y0_reg_5760     |   17   |
|    y_15_reg_5908    |   32   |
+---------------------+--------+
|        Total        |  1272  |
+---------------------+--------+

* Multiplexer (MUX) list: 
|--------|------|------|------|--------|
|  Comp  |  Pin | Size |  BW  | S x BW |
|--------|------|------|------|--------|
|  Total |      |      |      |    0   |
|--------|------|------|------|--------|



* Summary:
+-----------+--------+--------+--------+
|           |   DSP  |   FF   |   LUT  |
+-----------+--------+--------+--------+
|  Function |    4   |    0   |  4297  |
|   Memory  |    -   |    -   |    -   |
|Multiplexer|    -   |    -   |    -   |
|  Register |    -   |  1272  |    -   |
+-----------+--------+--------+--------+
|   Total   |    4   |  1272  |  4297  |
+-----------+--------+--------+--------+
