

================================================================
== Vitis HLS Report for 'load_logits_and_find_max_Pipeline_load_loop'
================================================================
* Date:           Sat Mar 14 16:27:04 2026

* Version:        2025.1 (Build 6135595 on May 21 2025)
* Project:        Prometheus_SoC
* Solution:       hls (Vivado IP Flow Target)
* Product family: zynq
* Target device:  xc7z020-clg400-1


================================================================
== Performance Estimates
================================================================
+ Timing: 
    * Summary: 
    +--------+----------+----------+------------+
    |  Clock |  Target  | Estimated| Uncertainty|
    +--------+----------+----------+------------+
    |ap_clk  |  11.80 ns|  7.198 ns|     3.19 ns|
    +--------+----------+----------+------------+

+ Latency: 
    * Summary: 
    +---------+---------+-----------+----------+-----+-----+------------------------------------------------+
    |  Latency (cycles) |  Latency (absolute)  |  Interval |                    Pipeline                    |
    |   min   |   max   |    min    |    max   | min | max |                      Type                      |
    +---------+---------+-----------+----------+-----+-----+------------------------------------------------+
    |        5|       68|  59.000 ns|  0.802 us|    2|   65|  loop auto-rewind stp (delay=0 clock cycles(s))|
    +---------+---------+-----------+----------+-----+-----+------------------------------------------------+

    + Detail: 
        * Instance: 
        N/A

        * Loop: 
        +-------------+---------+---------+----------+-----------+-----------+--------+----------+
        |             |  Latency (cycles) | Iteration|  Initiation Interval  |  Trip  |          |
        |  Loop Name  |   min   |   max   |  Latency |  achieved |   target  |  Count | Pipelined|
        +-------------+---------+---------+----------+-----------+-----------+--------+----------+
        |- load_loop  |        3|       66|         4|          1|          1|  1 ~ 64|       yes|
        +-------------+---------+---------+----------+-----------+-----------+--------+----------+

============================================================
+ Verbose Summary: Synthesis Manager
============================================================
InlineROM: 1
ExposeGlobal: 0
============================================================
+ Verbose Summary: CDFG Model
============================================================
IsTopModel: 0
ResetActiveHigh: 1
IsCombinational: 0
IsDatapathOnly: 0
HasWiredReturn: 1
HasMFsm: 2
HasVarLatency: 1
IsPipeline: 0
IsRtlPipelined: 0
IsInstanceOverlapped: 0
IsDontTouch: 0
HasImplIP: 0
IsGatedGlobalClock: 0

+ Individual pipeline summary: 
  * Pipeline-0: initiation interval (II) = 1, depth = 4


============================================================
+ Verbose Summary: Schedule
============================================================
* Number of FSM states : 4
* Pipeline : 1
  Pipeline-0 : II = 1, D = 4, States = { 1 2 3 4 }
* Dataflow Pipeline: 0

* FSM state transitions: 
1 --> 2 
2 --> 3 
3 --> 4 
4 --> 

* FSM state operations: 

State 1 <SV = 0> <Delay = 6.65>
ST_1 : Operation 7 [1/1] (0.00ns)   --->   "%max_x = alloca i32 1" [softmax_accel_hls.cc:177]   --->   Operation 7 'alloca' 'max_x' <Predicate = true> <Delay = 0.00>
ST_1 : Operation 8 [1/1] (0.00ns)   --->   "%blk = alloca i32 1" [softmax_accel_hls.cc:181]   --->   Operation 8 'alloca' 'blk' <Predicate = true> <Delay = 0.00>
ST_1 : Operation 9 [1/1] (0.00ns)   --->   "%specmemcore_ln0 = specmemcore void @_ssdm_op_SpecMemCore, i32 %logits_buf_3_63, i64 666, i64 22, i64 18446744073709551615"   --->   Operation 9 'specmemcore' 'specmemcore_ln0' <Predicate = true> <Delay = 0.00>
ST_1 : Operation 10 [1/1] (0.00ns)   --->   "%specmemcore_ln0 = specmemcore void @_ssdm_op_SpecMemCore, i32 %logits_buf_3_62, i64 666, i64 22, i64 18446744073709551615"   --->   Operation 10 'specmemcore' 'specmemcore_ln0' <Predicate = true> <Delay = 0.00>
ST_1 : Operation 11 [1/1] (0.00ns)   --->   "%specmemcore_ln0 = specmemcore void @_ssdm_op_SpecMemCore, i32 %logits_buf_3_61, i64 666, i64 22, i64 18446744073709551615"   --->   Operation 11 'specmemcore' 'specmemcore_ln0' <Predicate = true> <Delay = 0.00>
ST_1 : Operation 12 [1/1] (0.00ns)   --->   "%specmemcore_ln0 = specmemcore void @_ssdm_op_SpecMemCore, i32 %logits_buf_3_60, i64 666, i64 22, i64 18446744073709551615"   --->   Operation 12 'specmemcore' 'specmemcore_ln0' <Predicate = true> <Delay = 0.00>
ST_1 : Operation 13 [1/1] (0.00ns)   --->   "%specmemcore_ln0 = specmemcore void @_ssdm_op_SpecMemCore, i32 %logits_buf_3_59, i64 666, i64 22, i64 18446744073709551615"   --->   Operation 13 'specmemcore' 'specmemcore_ln0' <Predicate = true> <Delay = 0.00>
ST_1 : Operation 14 [1/1] (0.00ns)   --->   "%specmemcore_ln0 = specmemcore void @_ssdm_op_SpecMemCore, i32 %logits_buf_3_58, i64 666, i64 22, i64 18446744073709551615"   --->   Operation 14 'specmemcore' 'specmemcore_ln0' <Predicate = true> <Delay = 0.00>
ST_1 : Operation 15 [1/1] (0.00ns)   --->   "%specmemcore_ln0 = specmemcore void @_ssdm_op_SpecMemCore, i32 %logits_buf_3_57, i64 666, i64 22, i64 18446744073709551615"   --->   Operation 15 'specmemcore' 'specmemcore_ln0' <Predicate = true> <Delay = 0.00>
ST_1 : Operation 16 [1/1] (0.00ns)   --->   "%specmemcore_ln0 = specmemcore void @_ssdm_op_SpecMemCore, i32 %logits_buf_3_56, i64 666, i64 22, i64 18446744073709551615"   --->   Operation 16 'specmemcore' 'specmemcore_ln0' <Predicate = true> <Delay = 0.00>
ST_1 : Operation 17 [1/1] (0.00ns)   --->   "%specmemcore_ln0 = specmemcore void @_ssdm_op_SpecMemCore, i32 %logits_buf_3_55, i64 666, i64 22, i64 18446744073709551615"   --->   Operation 17 'specmemcore' 'specmemcore_ln0' <Predicate = true> <Delay = 0.00>
ST_1 : Operation 18 [1/1] (0.00ns)   --->   "%specmemcore_ln0 = specmemcore void @_ssdm_op_SpecMemCore, i32 %logits_buf_3_54, i64 666, i64 22, i64 18446744073709551615"   --->   Operation 18 'specmemcore' 'specmemcore_ln0' <Predicate = true> <Delay = 0.00>
ST_1 : Operation 19 [1/1] (0.00ns)   --->   "%specmemcore_ln0 = specmemcore void @_ssdm_op_SpecMemCore, i32 %logits_buf_3_53, i64 666, i64 22, i64 18446744073709551615"   --->   Operation 19 'specmemcore' 'specmemcore_ln0' <Predicate = true> <Delay = 0.00>
ST_1 : Operation 20 [1/1] (0.00ns)   --->   "%specmemcore_ln0 = specmemcore void @_ssdm_op_SpecMemCore, i32 %logits_buf_3_52, i64 666, i64 22, i64 18446744073709551615"   --->   Operation 20 'specmemcore' 'specmemcore_ln0' <Predicate = true> <Delay = 0.00>
ST_1 : Operation 21 [1/1] (0.00ns)   --->   "%specmemcore_ln0 = specmemcore void @_ssdm_op_SpecMemCore, i32 %logits_buf_3_51, i64 666, i64 22, i64 18446744073709551615"   --->   Operation 21 'specmemcore' 'specmemcore_ln0' <Predicate = true> <Delay = 0.00>
ST_1 : Operation 22 [1/1] (0.00ns)   --->   "%specmemcore_ln0 = specmemcore void @_ssdm_op_SpecMemCore, i32 %logits_buf_3_50, i64 666, i64 22, i64 18446744073709551615"   --->   Operation 22 'specmemcore' 'specmemcore_ln0' <Predicate = true> <Delay = 0.00>
ST_1 : Operation 23 [1/1] (0.00ns)   --->   "%specmemcore_ln0 = specmemcore void @_ssdm_op_SpecMemCore, i32 %logits_buf_3_49, i64 666, i64 22, i64 18446744073709551615"   --->   Operation 23 'specmemcore' 'specmemcore_ln0' <Predicate = true> <Delay = 0.00>
ST_1 : Operation 24 [1/1] (0.00ns)   --->   "%specmemcore_ln0 = specmemcore void @_ssdm_op_SpecMemCore, i32 %logits_buf_3_48, i64 666, i64 22, i64 18446744073709551615"   --->   Operation 24 'specmemcore' 'specmemcore_ln0' <Predicate = true> <Delay = 0.00>
ST_1 : Operation 25 [1/1] (0.00ns)   --->   "%specmemcore_ln0 = specmemcore void @_ssdm_op_SpecMemCore, i32 %logits_buf_3_47, i64 666, i64 22, i64 18446744073709551615"   --->   Operation 25 'specmemcore' 'specmemcore_ln0' <Predicate = true> <Delay = 0.00>
ST_1 : Operation 26 [1/1] (0.00ns)   --->   "%specmemcore_ln0 = specmemcore void @_ssdm_op_SpecMemCore, i32 %logits_buf_3_46, i64 666, i64 22, i64 18446744073709551615"   --->   Operation 26 'specmemcore' 'specmemcore_ln0' <Predicate = true> <Delay = 0.00>
ST_1 : Operation 27 [1/1] (0.00ns)   --->   "%specmemcore_ln0 = specmemcore void @_ssdm_op_SpecMemCore, i32 %logits_buf_3_45, i64 666, i64 22, i64 18446744073709551615"   --->   Operation 27 'specmemcore' 'specmemcore_ln0' <Predicate = true> <Delay = 0.00>
ST_1 : Operation 28 [1/1] (0.00ns)   --->   "%specmemcore_ln0 = specmemcore void @_ssdm_op_SpecMemCore, i32 %logits_buf_3_44, i64 666, i64 22, i64 18446744073709551615"   --->   Operation 28 'specmemcore' 'specmemcore_ln0' <Predicate = true> <Delay = 0.00>
ST_1 : Operation 29 [1/1] (0.00ns)   --->   "%specmemcore_ln0 = specmemcore void @_ssdm_op_SpecMemCore, i32 %logits_buf_3_43, i64 666, i64 22, i64 18446744073709551615"   --->   Operation 29 'specmemcore' 'specmemcore_ln0' <Predicate = true> <Delay = 0.00>
ST_1 : Operation 30 [1/1] (0.00ns)   --->   "%specmemcore_ln0 = specmemcore void @_ssdm_op_SpecMemCore, i32 %logits_buf_3_42, i64 666, i64 22, i64 18446744073709551615"   --->   Operation 30 'specmemcore' 'specmemcore_ln0' <Predicate = true> <Delay = 0.00>
ST_1 : Operation 31 [1/1] (0.00ns)   --->   "%specmemcore_ln0 = specmemcore void @_ssdm_op_SpecMemCore, i32 %logits_buf_3_41, i64 666, i64 22, i64 18446744073709551615"   --->   Operation 31 'specmemcore' 'specmemcore_ln0' <Predicate = true> <Delay = 0.00>
ST_1 : Operation 32 [1/1] (0.00ns)   --->   "%specmemcore_ln0 = specmemcore void @_ssdm_op_SpecMemCore, i32 %logits_buf_3_40, i64 666, i64 22, i64 18446744073709551615"   --->   Operation 32 'specmemcore' 'specmemcore_ln0' <Predicate = true> <Delay = 0.00>
ST_1 : Operation 33 [1/1] (0.00ns)   --->   "%specmemcore_ln0 = specmemcore void @_ssdm_op_SpecMemCore, i32 %logits_buf_3_39, i64 666, i64 22, i64 18446744073709551615"   --->   Operation 33 'specmemcore' 'specmemcore_ln0' <Predicate = true> <Delay = 0.00>
ST_1 : Operation 34 [1/1] (0.00ns)   --->   "%specmemcore_ln0 = specmemcore void @_ssdm_op_SpecMemCore, i32 %logits_buf_3_38, i64 666, i64 22, i64 18446744073709551615"   --->   Operation 34 'specmemcore' 'specmemcore_ln0' <Predicate = true> <Delay = 0.00>
ST_1 : Operation 35 [1/1] (0.00ns)   --->   "%specmemcore_ln0 = specmemcore void @_ssdm_op_SpecMemCore, i32 %logits_buf_3_37, i64 666, i64 22, i64 18446744073709551615"   --->   Operation 35 'specmemcore' 'specmemcore_ln0' <Predicate = true> <Delay = 0.00>
ST_1 : Operation 36 [1/1] (0.00ns)   --->   "%specmemcore_ln0 = specmemcore void @_ssdm_op_SpecMemCore, i32 %logits_buf_3_36, i64 666, i64 22, i64 18446744073709551615"   --->   Operation 36 'specmemcore' 'specmemcore_ln0' <Predicate = true> <Delay = 0.00>
ST_1 : Operation 37 [1/1] (0.00ns)   --->   "%specmemcore_ln0 = specmemcore void @_ssdm_op_SpecMemCore, i32 %logits_buf_3_35, i64 666, i64 22, i64 18446744073709551615"   --->   Operation 37 'specmemcore' 'specmemcore_ln0' <Predicate = true> <Delay = 0.00>
ST_1 : Operation 38 [1/1] (0.00ns)   --->   "%specmemcore_ln0 = specmemcore void @_ssdm_op_SpecMemCore, i32 %logits_buf_3_34, i64 666, i64 22, i64 18446744073709551615"   --->   Operation 38 'specmemcore' 'specmemcore_ln0' <Predicate = true> <Delay = 0.00>
ST_1 : Operation 39 [1/1] (0.00ns)   --->   "%specmemcore_ln0 = specmemcore void @_ssdm_op_SpecMemCore, i32 %logits_buf_3_33, i64 666, i64 22, i64 18446744073709551615"   --->   Operation 39 'specmemcore' 'specmemcore_ln0' <Predicate = true> <Delay = 0.00>
ST_1 : Operation 40 [1/1] (0.00ns)   --->   "%specmemcore_ln0 = specmemcore void @_ssdm_op_SpecMemCore, i32 %logits_buf_3_32, i64 666, i64 22, i64 18446744073709551615"   --->   Operation 40 'specmemcore' 'specmemcore_ln0' <Predicate = true> <Delay = 0.00>
ST_1 : Operation 41 [1/1] (0.00ns)   --->   "%specmemcore_ln0 = specmemcore void @_ssdm_op_SpecMemCore, i32 %logits_buf_3_31, i64 666, i64 22, i64 18446744073709551615"   --->   Operation 41 'specmemcore' 'specmemcore_ln0' <Predicate = true> <Delay = 0.00>
ST_1 : Operation 42 [1/1] (0.00ns)   --->   "%specmemcore_ln0 = specmemcore void @_ssdm_op_SpecMemCore, i32 %logits_buf_3_30, i64 666, i64 22, i64 18446744073709551615"   --->   Operation 42 'specmemcore' 'specmemcore_ln0' <Predicate = true> <Delay = 0.00>
ST_1 : Operation 43 [1/1] (0.00ns)   --->   "%specmemcore_ln0 = specmemcore void @_ssdm_op_SpecMemCore, i32 %logits_buf_3_29, i64 666, i64 22, i64 18446744073709551615"   --->   Operation 43 'specmemcore' 'specmemcore_ln0' <Predicate = true> <Delay = 0.00>
ST_1 : Operation 44 [1/1] (0.00ns)   --->   "%specmemcore_ln0 = specmemcore void @_ssdm_op_SpecMemCore, i32 %logits_buf_3_28, i64 666, i64 22, i64 18446744073709551615"   --->   Operation 44 'specmemcore' 'specmemcore_ln0' <Predicate = true> <Delay = 0.00>
ST_1 : Operation 45 [1/1] (0.00ns)   --->   "%specmemcore_ln0 = specmemcore void @_ssdm_op_SpecMemCore, i32 %logits_buf_3_27, i64 666, i64 22, i64 18446744073709551615"   --->   Operation 45 'specmemcore' 'specmemcore_ln0' <Predicate = true> <Delay = 0.00>
ST_1 : Operation 46 [1/1] (0.00ns)   --->   "%specmemcore_ln0 = specmemcore void @_ssdm_op_SpecMemCore, i32 %logits_buf_3_26, i64 666, i64 22, i64 18446744073709551615"   --->   Operation 46 'specmemcore' 'specmemcore_ln0' <Predicate = true> <Delay = 0.00>
ST_1 : Operation 47 [1/1] (0.00ns)   --->   "%specmemcore_ln0 = specmemcore void @_ssdm_op_SpecMemCore, i32 %logits_buf_3_25, i64 666, i64 22, i64 18446744073709551615"   --->   Operation 47 'specmemcore' 'specmemcore_ln0' <Predicate = true> <Delay = 0.00>
ST_1 : Operation 48 [1/1] (0.00ns)   --->   "%specmemcore_ln0 = specmemcore void @_ssdm_op_SpecMemCore, i32 %logits_buf_3_24, i64 666, i64 22, i64 18446744073709551615"   --->   Operation 48 'specmemcore' 'specmemcore_ln0' <Predicate = true> <Delay = 0.00>
ST_1 : Operation 49 [1/1] (0.00ns)   --->   "%specmemcore_ln0 = specmemcore void @_ssdm_op_SpecMemCore, i32 %logits_buf_3_23, i64 666, i64 22, i64 18446744073709551615"   --->   Operation 49 'specmemcore' 'specmemcore_ln0' <Predicate = true> <Delay = 0.00>
ST_1 : Operation 50 [1/1] (0.00ns)   --->   "%specmemcore_ln0 = specmemcore void @_ssdm_op_SpecMemCore, i32 %logits_buf_3_22, i64 666, i64 22, i64 18446744073709551615"   --->   Operation 50 'specmemcore' 'specmemcore_ln0' <Predicate = true> <Delay = 0.00>
ST_1 : Operation 51 [1/1] (0.00ns)   --->   "%specmemcore_ln0 = specmemcore void @_ssdm_op_SpecMemCore, i32 %logits_buf_3_21, i64 666, i64 22, i64 18446744073709551615"   --->   Operation 51 'specmemcore' 'specmemcore_ln0' <Predicate = true> <Delay = 0.00>
ST_1 : Operation 52 [1/1] (0.00ns)   --->   "%specmemcore_ln0 = specmemcore void @_ssdm_op_SpecMemCore, i32 %logits_buf_3_20, i64 666, i64 22, i64 18446744073709551615"   --->   Operation 52 'specmemcore' 'specmemcore_ln0' <Predicate = true> <Delay = 0.00>
ST_1 : Operation 53 [1/1] (0.00ns)   --->   "%specmemcore_ln0 = specmemcore void @_ssdm_op_SpecMemCore, i32 %logits_buf_3_19, i64 666, i64 22, i64 18446744073709551615"   --->   Operation 53 'specmemcore' 'specmemcore_ln0' <Predicate = true> <Delay = 0.00>
ST_1 : Operation 54 [1/1] (0.00ns)   --->   "%specmemcore_ln0 = specmemcore void @_ssdm_op_SpecMemCore, i32 %logits_buf_3_18, i64 666, i64 22, i64 18446744073709551615"   --->   Operation 54 'specmemcore' 'specmemcore_ln0' <Predicate = true> <Delay = 0.00>
ST_1 : Operation 55 [1/1] (0.00ns)   --->   "%specmemcore_ln0 = specmemcore void @_ssdm_op_SpecMemCore, i32 %logits_buf_3_17, i64 666, i64 22, i64 18446744073709551615"   --->   Operation 55 'specmemcore' 'specmemcore_ln0' <Predicate = true> <Delay = 0.00>
ST_1 : Operation 56 [1/1] (0.00ns)   --->   "%specmemcore_ln0 = specmemcore void @_ssdm_op_SpecMemCore, i32 %logits_buf_3_16, i64 666, i64 22, i64 18446744073709551615"   --->   Operation 56 'specmemcore' 'specmemcore_ln0' <Predicate = true> <Delay = 0.00>
ST_1 : Operation 57 [1/1] (0.00ns)   --->   "%specmemcore_ln0 = specmemcore void @_ssdm_op_SpecMemCore, i32 %logits_buf_3_15, i64 666, i64 22, i64 18446744073709551615"   --->   Operation 57 'specmemcore' 'specmemcore_ln0' <Predicate = true> <Delay = 0.00>
ST_1 : Operation 58 [1/1] (0.00ns)   --->   "%specmemcore_ln0 = specmemcore void @_ssdm_op_SpecMemCore, i32 %logits_buf_3_14, i64 666, i64 22, i64 18446744073709551615"   --->   Operation 58 'specmemcore' 'specmemcore_ln0' <Predicate = true> <Delay = 0.00>
ST_1 : Operation 59 [1/1] (0.00ns)   --->   "%specmemcore_ln0 = specmemcore void @_ssdm_op_SpecMemCore, i32 %logits_buf_3_13, i64 666, i64 22, i64 18446744073709551615"   --->   Operation 59 'specmemcore' 'specmemcore_ln0' <Predicate = true> <Delay = 0.00>
ST_1 : Operation 60 [1/1] (0.00ns)   --->   "%specmemcore_ln0 = specmemcore void @_ssdm_op_SpecMemCore, i32 %logits_buf_3_12, i64 666, i64 22, i64 18446744073709551615"   --->   Operation 60 'specmemcore' 'specmemcore_ln0' <Predicate = true> <Delay = 0.00>
ST_1 : Operation 61 [1/1] (0.00ns)   --->   "%specmemcore_ln0 = specmemcore void @_ssdm_op_SpecMemCore, i32 %logits_buf_3_11, i64 666, i64 22, i64 18446744073709551615"   --->   Operation 61 'specmemcore' 'specmemcore_ln0' <Predicate = true> <Delay = 0.00>
ST_1 : Operation 62 [1/1] (0.00ns)   --->   "%specmemcore_ln0 = specmemcore void @_ssdm_op_SpecMemCore, i32 %logits_buf_3_10, i64 666, i64 22, i64 18446744073709551615"   --->   Operation 62 'specmemcore' 'specmemcore_ln0' <Predicate = true> <Delay = 0.00>
ST_1 : Operation 63 [1/1] (0.00ns)   --->   "%specmemcore_ln0 = specmemcore void @_ssdm_op_SpecMemCore, i32 %logits_buf_3_9, i64 666, i64 22, i64 18446744073709551615"   --->   Operation 63 'specmemcore' 'specmemcore_ln0' <Predicate = true> <Delay = 0.00>
ST_1 : Operation 64 [1/1] (0.00ns)   --->   "%specmemcore_ln0 = specmemcore void @_ssdm_op_SpecMemCore, i32 %logits_buf_3_8, i64 666, i64 22, i64 18446744073709551615"   --->   Operation 64 'specmemcore' 'specmemcore_ln0' <Predicate = true> <Delay = 0.00>
ST_1 : Operation 65 [1/1] (0.00ns)   --->   "%specmemcore_ln0 = specmemcore void @_ssdm_op_SpecMemCore, i32 %logits_buf_3_7, i64 666, i64 22, i64 18446744073709551615"   --->   Operation 65 'specmemcore' 'specmemcore_ln0' <Predicate = true> <Delay = 0.00>
ST_1 : Operation 66 [1/1] (0.00ns)   --->   "%specmemcore_ln0 = specmemcore void @_ssdm_op_SpecMemCore, i32 %logits_buf_3_6, i64 666, i64 22, i64 18446744073709551615"   --->   Operation 66 'specmemcore' 'specmemcore_ln0' <Predicate = true> <Delay = 0.00>
ST_1 : Operation 67 [1/1] (0.00ns)   --->   "%specmemcore_ln0 = specmemcore void @_ssdm_op_SpecMemCore, i32 %logits_buf_3_5, i64 666, i64 22, i64 18446744073709551615"   --->   Operation 67 'specmemcore' 'specmemcore_ln0' <Predicate = true> <Delay = 0.00>
ST_1 : Operation 68 [1/1] (0.00ns)   --->   "%specmemcore_ln0 = specmemcore void @_ssdm_op_SpecMemCore, i32 %logits_buf_3_4, i64 666, i64 22, i64 18446744073709551615"   --->   Operation 68 'specmemcore' 'specmemcore_ln0' <Predicate = true> <Delay = 0.00>
ST_1 : Operation 69 [1/1] (0.00ns)   --->   "%specmemcore_ln0 = specmemcore void @_ssdm_op_SpecMemCore, i32 %logits_buf_3_3, i64 666, i64 22, i64 18446744073709551615"   --->   Operation 69 'specmemcore' 'specmemcore_ln0' <Predicate = true> <Delay = 0.00>
ST_1 : Operation 70 [1/1] (0.00ns)   --->   "%specmemcore_ln0 = specmemcore void @_ssdm_op_SpecMemCore, i32 %logits_buf_3_2, i64 666, i64 22, i64 18446744073709551615"   --->   Operation 70 'specmemcore' 'specmemcore_ln0' <Predicate = true> <Delay = 0.00>
ST_1 : Operation 71 [1/1] (0.00ns)   --->   "%specmemcore_ln0 = specmemcore void @_ssdm_op_SpecMemCore, i32 %logits_buf_3_1, i64 666, i64 22, i64 18446744073709551615"   --->   Operation 71 'specmemcore' 'specmemcore_ln0' <Predicate = true> <Delay = 0.00>
ST_1 : Operation 72 [1/1] (0.00ns)   --->   "%specmemcore_ln0 = specmemcore void @_ssdm_op_SpecMemCore, i32 %logits_buf_3_0, i64 666, i64 22, i64 18446744073709551615"   --->   Operation 72 'specmemcore' 'specmemcore_ln0' <Predicate = true> <Delay = 0.00>
ST_1 : Operation 73 [1/1] (0.00ns)   --->   "%specmemcore_ln0 = specmemcore void @_ssdm_op_SpecMemCore, i32 %logits_buf_2_63, i64 666, i64 22, i64 18446744073709551615"   --->   Operation 73 'specmemcore' 'specmemcore_ln0' <Predicate = true> <Delay = 0.00>
ST_1 : Operation 74 [1/1] (0.00ns)   --->   "%specmemcore_ln0 = specmemcore void @_ssdm_op_SpecMemCore, i32 %logits_buf_2_62, i64 666, i64 22, i64 18446744073709551615"   --->   Operation 74 'specmemcore' 'specmemcore_ln0' <Predicate = true> <Delay = 0.00>
ST_1 : Operation 75 [1/1] (0.00ns)   --->   "%specmemcore_ln0 = specmemcore void @_ssdm_op_SpecMemCore, i32 %logits_buf_2_61, i64 666, i64 22, i64 18446744073709551615"   --->   Operation 75 'specmemcore' 'specmemcore_ln0' <Predicate = true> <Delay = 0.00>
ST_1 : Operation 76 [1/1] (0.00ns)   --->   "%specmemcore_ln0 = specmemcore void @_ssdm_op_SpecMemCore, i32 %logits_buf_2_60, i64 666, i64 22, i64 18446744073709551615"   --->   Operation 76 'specmemcore' 'specmemcore_ln0' <Predicate = true> <Delay = 0.00>
ST_1 : Operation 77 [1/1] (0.00ns)   --->   "%specmemcore_ln0 = specmemcore void @_ssdm_op_SpecMemCore, i32 %logits_buf_2_59, i64 666, i64 22, i64 18446744073709551615"   --->   Operation 77 'specmemcore' 'specmemcore_ln0' <Predicate = true> <Delay = 0.00>
ST_1 : Operation 78 [1/1] (0.00ns)   --->   "%specmemcore_ln0 = specmemcore void @_ssdm_op_SpecMemCore, i32 %logits_buf_2_58, i64 666, i64 22, i64 18446744073709551615"   --->   Operation 78 'specmemcore' 'specmemcore_ln0' <Predicate = true> <Delay = 0.00>
ST_1 : Operation 79 [1/1] (0.00ns)   --->   "%specmemcore_ln0 = specmemcore void @_ssdm_op_SpecMemCore, i32 %logits_buf_2_57, i64 666, i64 22, i64 18446744073709551615"   --->   Operation 79 'specmemcore' 'specmemcore_ln0' <Predicate = true> <Delay = 0.00>
ST_1 : Operation 80 [1/1] (0.00ns)   --->   "%specmemcore_ln0 = specmemcore void @_ssdm_op_SpecMemCore, i32 %logits_buf_2_56, i64 666, i64 22, i64 18446744073709551615"   --->   Operation 80 'specmemcore' 'specmemcore_ln0' <Predicate = true> <Delay = 0.00>
ST_1 : Operation 81 [1/1] (0.00ns)   --->   "%specmemcore_ln0 = specmemcore void @_ssdm_op_SpecMemCore, i32 %logits_buf_2_55, i64 666, i64 22, i64 18446744073709551615"   --->   Operation 81 'specmemcore' 'specmemcore_ln0' <Predicate = true> <Delay = 0.00>
ST_1 : Operation 82 [1/1] (0.00ns)   --->   "%specmemcore_ln0 = specmemcore void @_ssdm_op_SpecMemCore, i32 %logits_buf_2_54, i64 666, i64 22, i64 18446744073709551615"   --->   Operation 82 'specmemcore' 'specmemcore_ln0' <Predicate = true> <Delay = 0.00>
ST_1 : Operation 83 [1/1] (0.00ns)   --->   "%specmemcore_ln0 = specmemcore void @_ssdm_op_SpecMemCore, i32 %logits_buf_2_53, i64 666, i64 22, i64 18446744073709551615"   --->   Operation 83 'specmemcore' 'specmemcore_ln0' <Predicate = true> <Delay = 0.00>
ST_1 : Operation 84 [1/1] (0.00ns)   --->   "%specmemcore_ln0 = specmemcore void @_ssdm_op_SpecMemCore, i32 %logits_buf_2_52, i64 666, i64 22, i64 18446744073709551615"   --->   Operation 84 'specmemcore' 'specmemcore_ln0' <Predicate = true> <Delay = 0.00>
ST_1 : Operation 85 [1/1] (0.00ns)   --->   "%specmemcore_ln0 = specmemcore void @_ssdm_op_SpecMemCore, i32 %logits_buf_2_51, i64 666, i64 22, i64 18446744073709551615"   --->   Operation 85 'specmemcore' 'specmemcore_ln0' <Predicate = true> <Delay = 0.00>
ST_1 : Operation 86 [1/1] (0.00ns)   --->   "%specmemcore_ln0 = specmemcore void @_ssdm_op_SpecMemCore, i32 %logits_buf_2_50, i64 666, i64 22, i64 18446744073709551615"   --->   Operation 86 'specmemcore' 'specmemcore_ln0' <Predicate = true> <Delay = 0.00>
ST_1 : Operation 87 [1/1] (0.00ns)   --->   "%specmemcore_ln0 = specmemcore void @_ssdm_op_SpecMemCore, i32 %logits_buf_2_49, i64 666, i64 22, i64 18446744073709551615"   --->   Operation 87 'specmemcore' 'specmemcore_ln0' <Predicate = true> <Delay = 0.00>
ST_1 : Operation 88 [1/1] (0.00ns)   --->   "%specmemcore_ln0 = specmemcore void @_ssdm_op_SpecMemCore, i32 %logits_buf_2_48, i64 666, i64 22, i64 18446744073709551615"   --->   Operation 88 'specmemcore' 'specmemcore_ln0' <Predicate = true> <Delay = 0.00>
ST_1 : Operation 89 [1/1] (0.00ns)   --->   "%specmemcore_ln0 = specmemcore void @_ssdm_op_SpecMemCore, i32 %logits_buf_2_47, i64 666, i64 22, i64 18446744073709551615"   --->   Operation 89 'specmemcore' 'specmemcore_ln0' <Predicate = true> <Delay = 0.00>
ST_1 : Operation 90 [1/1] (0.00ns)   --->   "%specmemcore_ln0 = specmemcore void @_ssdm_op_SpecMemCore, i32 %logits_buf_2_46, i64 666, i64 22, i64 18446744073709551615"   --->   Operation 90 'specmemcore' 'specmemcore_ln0' <Predicate = true> <Delay = 0.00>
ST_1 : Operation 91 [1/1] (0.00ns)   --->   "%specmemcore_ln0 = specmemcore void @_ssdm_op_SpecMemCore, i32 %logits_buf_2_45, i64 666, i64 22, i64 18446744073709551615"   --->   Operation 91 'specmemcore' 'specmemcore_ln0' <Predicate = true> <Delay = 0.00>
ST_1 : Operation 92 [1/1] (0.00ns)   --->   "%specmemcore_ln0 = specmemcore void @_ssdm_op_SpecMemCore, i32 %logits_buf_2_44, i64 666, i64 22, i64 18446744073709551615"   --->   Operation 92 'specmemcore' 'specmemcore_ln0' <Predicate = true> <Delay = 0.00>
ST_1 : Operation 93 [1/1] (0.00ns)   --->   "%specmemcore_ln0 = specmemcore void @_ssdm_op_SpecMemCore, i32 %logits_buf_2_43, i64 666, i64 22, i64 18446744073709551615"   --->   Operation 93 'specmemcore' 'specmemcore_ln0' <Predicate = true> <Delay = 0.00>
ST_1 : Operation 94 [1/1] (0.00ns)   --->   "%specmemcore_ln0 = specmemcore void @_ssdm_op_SpecMemCore, i32 %logits_buf_2_42, i64 666, i64 22, i64 18446744073709551615"   --->   Operation 94 'specmemcore' 'specmemcore_ln0' <Predicate = true> <Delay = 0.00>
ST_1 : Operation 95 [1/1] (0.00ns)   --->   "%specmemcore_ln0 = specmemcore void @_ssdm_op_SpecMemCore, i32 %logits_buf_2_41, i64 666, i64 22, i64 18446744073709551615"   --->   Operation 95 'specmemcore' 'specmemcore_ln0' <Predicate = true> <Delay = 0.00>
ST_1 : Operation 96 [1/1] (0.00ns)   --->   "%specmemcore_ln0 = specmemcore void @_ssdm_op_SpecMemCore, i32 %logits_buf_2_40, i64 666, i64 22, i64 18446744073709551615"   --->   Operation 96 'specmemcore' 'specmemcore_ln0' <Predicate = true> <Delay = 0.00>
ST_1 : Operation 97 [1/1] (0.00ns)   --->   "%specmemcore_ln0 = specmemcore void @_ssdm_op_SpecMemCore, i32 %logits_buf_2_39, i64 666, i64 22, i64 18446744073709551615"   --->   Operation 97 'specmemcore' 'specmemcore_ln0' <Predicate = true> <Delay = 0.00>
ST_1 : Operation 98 [1/1] (0.00ns)   --->   "%specmemcore_ln0 = specmemcore void @_ssdm_op_SpecMemCore, i32 %logits_buf_2_38, i64 666, i64 22, i64 18446744073709551615"   --->   Operation 98 'specmemcore' 'specmemcore_ln0' <Predicate = true> <Delay = 0.00>
ST_1 : Operation 99 [1/1] (0.00ns)   --->   "%specmemcore_ln0 = specmemcore void @_ssdm_op_SpecMemCore, i32 %logits_buf_2_37, i64 666, i64 22, i64 18446744073709551615"   --->   Operation 99 'specmemcore' 'specmemcore_ln0' <Predicate = true> <Delay = 0.00>
ST_1 : Operation 100 [1/1] (0.00ns)   --->   "%specmemcore_ln0 = specmemcore void @_ssdm_op_SpecMemCore, i32 %logits_buf_2_36, i64 666, i64 22, i64 18446744073709551615"   --->   Operation 100 'specmemcore' 'specmemcore_ln0' <Predicate = true> <Delay = 0.00>
ST_1 : Operation 101 [1/1] (0.00ns)   --->   "%specmemcore_ln0 = specmemcore void @_ssdm_op_SpecMemCore, i32 %logits_buf_2_35, i64 666, i64 22, i64 18446744073709551615"   --->   Operation 101 'specmemcore' 'specmemcore_ln0' <Predicate = true> <Delay = 0.00>
ST_1 : Operation 102 [1/1] (0.00ns)   --->   "%specmemcore_ln0 = specmemcore void @_ssdm_op_SpecMemCore, i32 %logits_buf_2_34, i64 666, i64 22, i64 18446744073709551615"   --->   Operation 102 'specmemcore' 'specmemcore_ln0' <Predicate = true> <Delay = 0.00>
ST_1 : Operation 103 [1/1] (0.00ns)   --->   "%specmemcore_ln0 = specmemcore void @_ssdm_op_SpecMemCore, i32 %logits_buf_2_33, i64 666, i64 22, i64 18446744073709551615"   --->   Operation 103 'specmemcore' 'specmemcore_ln0' <Predicate = true> <Delay = 0.00>
ST_1 : Operation 104 [1/1] (0.00ns)   --->   "%specmemcore_ln0 = specmemcore void @_ssdm_op_SpecMemCore, i32 %logits_buf_2_32, i64 666, i64 22, i64 18446744073709551615"   --->   Operation 104 'specmemcore' 'specmemcore_ln0' <Predicate = true> <Delay = 0.00>
ST_1 : Operation 105 [1/1] (0.00ns)   --->   "%specmemcore_ln0 = specmemcore void @_ssdm_op_SpecMemCore, i32 %logits_buf_2_31, i64 666, i64 22, i64 18446744073709551615"   --->   Operation 105 'specmemcore' 'specmemcore_ln0' <Predicate = true> <Delay = 0.00>
ST_1 : Operation 106 [1/1] (0.00ns)   --->   "%specmemcore_ln0 = specmemcore void @_ssdm_op_SpecMemCore, i32 %logits_buf_2_30, i64 666, i64 22, i64 18446744073709551615"   --->   Operation 106 'specmemcore' 'specmemcore_ln0' <Predicate = true> <Delay = 0.00>
ST_1 : Operation 107 [1/1] (0.00ns)   --->   "%specmemcore_ln0 = specmemcore void @_ssdm_op_SpecMemCore, i32 %logits_buf_2_29, i64 666, i64 22, i64 18446744073709551615"   --->   Operation 107 'specmemcore' 'specmemcore_ln0' <Predicate = true> <Delay = 0.00>
ST_1 : Operation 108 [1/1] (0.00ns)   --->   "%specmemcore_ln0 = specmemcore void @_ssdm_op_SpecMemCore, i32 %logits_buf_2_28, i64 666, i64 22, i64 18446744073709551615"   --->   Operation 108 'specmemcore' 'specmemcore_ln0' <Predicate = true> <Delay = 0.00>
ST_1 : Operation 109 [1/1] (0.00ns)   --->   "%specmemcore_ln0 = specmemcore void @_ssdm_op_SpecMemCore, i32 %logits_buf_2_27, i64 666, i64 22, i64 18446744073709551615"   --->   Operation 109 'specmemcore' 'specmemcore_ln0' <Predicate = true> <Delay = 0.00>
ST_1 : Operation 110 [1/1] (0.00ns)   --->   "%specmemcore_ln0 = specmemcore void @_ssdm_op_SpecMemCore, i32 %logits_buf_2_26, i64 666, i64 22, i64 18446744073709551615"   --->   Operation 110 'specmemcore' 'specmemcore_ln0' <Predicate = true> <Delay = 0.00>
ST_1 : Operation 111 [1/1] (0.00ns)   --->   "%specmemcore_ln0 = specmemcore void @_ssdm_op_SpecMemCore, i32 %logits_buf_2_25, i64 666, i64 22, i64 18446744073709551615"   --->   Operation 111 'specmemcore' 'specmemcore_ln0' <Predicate = true> <Delay = 0.00>
ST_1 : Operation 112 [1/1] (0.00ns)   --->   "%specmemcore_ln0 = specmemcore void @_ssdm_op_SpecMemCore, i32 %logits_buf_2_24, i64 666, i64 22, i64 18446744073709551615"   --->   Operation 112 'specmemcore' 'specmemcore_ln0' <Predicate = true> <Delay = 0.00>
ST_1 : Operation 113 [1/1] (0.00ns)   --->   "%specmemcore_ln0 = specmemcore void @_ssdm_op_SpecMemCore, i32 %logits_buf_2_23, i64 666, i64 22, i64 18446744073709551615"   --->   Operation 113 'specmemcore' 'specmemcore_ln0' <Predicate = true> <Delay = 0.00>
ST_1 : Operation 114 [1/1] (0.00ns)   --->   "%specmemcore_ln0 = specmemcore void @_ssdm_op_SpecMemCore, i32 %logits_buf_2_22, i64 666, i64 22, i64 18446744073709551615"   --->   Operation 114 'specmemcore' 'specmemcore_ln0' <Predicate = true> <Delay = 0.00>
ST_1 : Operation 115 [1/1] (0.00ns)   --->   "%specmemcore_ln0 = specmemcore void @_ssdm_op_SpecMemCore, i32 %logits_buf_2_21, i64 666, i64 22, i64 18446744073709551615"   --->   Operation 115 'specmemcore' 'specmemcore_ln0' <Predicate = true> <Delay = 0.00>
ST_1 : Operation 116 [1/1] (0.00ns)   --->   "%specmemcore_ln0 = specmemcore void @_ssdm_op_SpecMemCore, i32 %logits_buf_2_20, i64 666, i64 22, i64 18446744073709551615"   --->   Operation 116 'specmemcore' 'specmemcore_ln0' <Predicate = true> <Delay = 0.00>
ST_1 : Operation 117 [1/1] (0.00ns)   --->   "%specmemcore_ln0 = specmemcore void @_ssdm_op_SpecMemCore, i32 %logits_buf_2_19, i64 666, i64 22, i64 18446744073709551615"   --->   Operation 117 'specmemcore' 'specmemcore_ln0' <Predicate = true> <Delay = 0.00>
ST_1 : Operation 118 [1/1] (0.00ns)   --->   "%specmemcore_ln0 = specmemcore void @_ssdm_op_SpecMemCore, i32 %logits_buf_2_18, i64 666, i64 22, i64 18446744073709551615"   --->   Operation 118 'specmemcore' 'specmemcore_ln0' <Predicate = true> <Delay = 0.00>
ST_1 : Operation 119 [1/1] (0.00ns)   --->   "%specmemcore_ln0 = specmemcore void @_ssdm_op_SpecMemCore, i32 %logits_buf_2_17, i64 666, i64 22, i64 18446744073709551615"   --->   Operation 119 'specmemcore' 'specmemcore_ln0' <Predicate = true> <Delay = 0.00>
ST_1 : Operation 120 [1/1] (0.00ns)   --->   "%specmemcore_ln0 = specmemcore void @_ssdm_op_SpecMemCore, i32 %logits_buf_2_16, i64 666, i64 22, i64 18446744073709551615"   --->   Operation 120 'specmemcore' 'specmemcore_ln0' <Predicate = true> <Delay = 0.00>
ST_1 : Operation 121 [1/1] (0.00ns)   --->   "%specmemcore_ln0 = specmemcore void @_ssdm_op_SpecMemCore, i32 %logits_buf_2_15, i64 666, i64 22, i64 18446744073709551615"   --->   Operation 121 'specmemcore' 'specmemcore_ln0' <Predicate = true> <Delay = 0.00>
ST_1 : Operation 122 [1/1] (0.00ns)   --->   "%specmemcore_ln0 = specmemcore void @_ssdm_op_SpecMemCore, i32 %logits_buf_2_14, i64 666, i64 22, i64 18446744073709551615"   --->   Operation 122 'specmemcore' 'specmemcore_ln0' <Predicate = true> <Delay = 0.00>
ST_1 : Operation 123 [1/1] (0.00ns)   --->   "%specmemcore_ln0 = specmemcore void @_ssdm_op_SpecMemCore, i32 %logits_buf_2_13, i64 666, i64 22, i64 18446744073709551615"   --->   Operation 123 'specmemcore' 'specmemcore_ln0' <Predicate = true> <Delay = 0.00>
ST_1 : Operation 124 [1/1] (0.00ns)   --->   "%specmemcore_ln0 = specmemcore void @_ssdm_op_SpecMemCore, i32 %logits_buf_2_12, i64 666, i64 22, i64 18446744073709551615"   --->   Operation 124 'specmemcore' 'specmemcore_ln0' <Predicate = true> <Delay = 0.00>
ST_1 : Operation 125 [1/1] (0.00ns)   --->   "%specmemcore_ln0 = specmemcore void @_ssdm_op_SpecMemCore, i32 %logits_buf_2_11, i64 666, i64 22, i64 18446744073709551615"   --->   Operation 125 'specmemcore' 'specmemcore_ln0' <Predicate = true> <Delay = 0.00>
ST_1 : Operation 126 [1/1] (0.00ns)   --->   "%specmemcore_ln0 = specmemcore void @_ssdm_op_SpecMemCore, i32 %logits_buf_2_10, i64 666, i64 22, i64 18446744073709551615"   --->   Operation 126 'specmemcore' 'specmemcore_ln0' <Predicate = true> <Delay = 0.00>
ST_1 : Operation 127 [1/1] (0.00ns)   --->   "%specmemcore_ln0 = specmemcore void @_ssdm_op_SpecMemCore, i32 %logits_buf_2_9, i64 666, i64 22, i64 18446744073709551615"   --->   Operation 127 'specmemcore' 'specmemcore_ln0' <Predicate = true> <Delay = 0.00>
ST_1 : Operation 128 [1/1] (0.00ns)   --->   "%specmemcore_ln0 = specmemcore void @_ssdm_op_SpecMemCore, i32 %logits_buf_2_8, i64 666, i64 22, i64 18446744073709551615"   --->   Operation 128 'specmemcore' 'specmemcore_ln0' <Predicate = true> <Delay = 0.00>
ST_1 : Operation 129 [1/1] (0.00ns)   --->   "%specmemcore_ln0 = specmemcore void @_ssdm_op_SpecMemCore, i32 %logits_buf_2_7, i64 666, i64 22, i64 18446744073709551615"   --->   Operation 129 'specmemcore' 'specmemcore_ln0' <Predicate = true> <Delay = 0.00>
ST_1 : Operation 130 [1/1] (0.00ns)   --->   "%specmemcore_ln0 = specmemcore void @_ssdm_op_SpecMemCore, i32 %logits_buf_2_6, i64 666, i64 22, i64 18446744073709551615"   --->   Operation 130 'specmemcore' 'specmemcore_ln0' <Predicate = true> <Delay = 0.00>
ST_1 : Operation 131 [1/1] (0.00ns)   --->   "%specmemcore_ln0 = specmemcore void @_ssdm_op_SpecMemCore, i32 %logits_buf_2_5, i64 666, i64 22, i64 18446744073709551615"   --->   Operation 131 'specmemcore' 'specmemcore_ln0' <Predicate = true> <Delay = 0.00>
ST_1 : Operation 132 [1/1] (0.00ns)   --->   "%specmemcore_ln0 = specmemcore void @_ssdm_op_SpecMemCore, i32 %logits_buf_2_4, i64 666, i64 22, i64 18446744073709551615"   --->   Operation 132 'specmemcore' 'specmemcore_ln0' <Predicate = true> <Delay = 0.00>
ST_1 : Operation 133 [1/1] (0.00ns)   --->   "%specmemcore_ln0 = specmemcore void @_ssdm_op_SpecMemCore, i32 %logits_buf_2_3, i64 666, i64 22, i64 18446744073709551615"   --->   Operation 133 'specmemcore' 'specmemcore_ln0' <Predicate = true> <Delay = 0.00>
ST_1 : Operation 134 [1/1] (0.00ns)   --->   "%specmemcore_ln0 = specmemcore void @_ssdm_op_SpecMemCore, i32 %logits_buf_2_2, i64 666, i64 22, i64 18446744073709551615"   --->   Operation 134 'specmemcore' 'specmemcore_ln0' <Predicate = true> <Delay = 0.00>
ST_1 : Operation 135 [1/1] (0.00ns)   --->   "%specmemcore_ln0 = specmemcore void @_ssdm_op_SpecMemCore, i32 %logits_buf_2_1, i64 666, i64 22, i64 18446744073709551615"   --->   Operation 135 'specmemcore' 'specmemcore_ln0' <Predicate = true> <Delay = 0.00>
ST_1 : Operation 136 [1/1] (0.00ns)   --->   "%specmemcore_ln0 = specmemcore void @_ssdm_op_SpecMemCore, i32 %logits_buf_2_0, i64 666, i64 22, i64 18446744073709551615"   --->   Operation 136 'specmemcore' 'specmemcore_ln0' <Predicate = true> <Delay = 0.00>
ST_1 : Operation 137 [1/1] (0.00ns)   --->   "%specmemcore_ln0 = specmemcore void @_ssdm_op_SpecMemCore, i32 %logits_buf_1_63, i64 666, i64 22, i64 18446744073709551615"   --->   Operation 137 'specmemcore' 'specmemcore_ln0' <Predicate = true> <Delay = 0.00>
ST_1 : Operation 138 [1/1] (0.00ns)   --->   "%specmemcore_ln0 = specmemcore void @_ssdm_op_SpecMemCore, i32 %logits_buf_1_62, i64 666, i64 22, i64 18446744073709551615"   --->   Operation 138 'specmemcore' 'specmemcore_ln0' <Predicate = true> <Delay = 0.00>
ST_1 : Operation 139 [1/1] (0.00ns)   --->   "%specmemcore_ln0 = specmemcore void @_ssdm_op_SpecMemCore, i32 %logits_buf_1_61, i64 666, i64 22, i64 18446744073709551615"   --->   Operation 139 'specmemcore' 'specmemcore_ln0' <Predicate = true> <Delay = 0.00>
ST_1 : Operation 140 [1/1] (0.00ns)   --->   "%specmemcore_ln0 = specmemcore void @_ssdm_op_SpecMemCore, i32 %logits_buf_1_60, i64 666, i64 22, i64 18446744073709551615"   --->   Operation 140 'specmemcore' 'specmemcore_ln0' <Predicate = true> <Delay = 0.00>
ST_1 : Operation 141 [1/1] (0.00ns)   --->   "%specmemcore_ln0 = specmemcore void @_ssdm_op_SpecMemCore, i32 %logits_buf_1_59, i64 666, i64 22, i64 18446744073709551615"   --->   Operation 141 'specmemcore' 'specmemcore_ln0' <Predicate = true> <Delay = 0.00>
ST_1 : Operation 142 [1/1] (0.00ns)   --->   "%specmemcore_ln0 = specmemcore void @_ssdm_op_SpecMemCore, i32 %logits_buf_1_58, i64 666, i64 22, i64 18446744073709551615"   --->   Operation 142 'specmemcore' 'specmemcore_ln0' <Predicate = true> <Delay = 0.00>
ST_1 : Operation 143 [1/1] (0.00ns)   --->   "%specmemcore_ln0 = specmemcore void @_ssdm_op_SpecMemCore, i32 %logits_buf_1_57, i64 666, i64 22, i64 18446744073709551615"   --->   Operation 143 'specmemcore' 'specmemcore_ln0' <Predicate = true> <Delay = 0.00>
ST_1 : Operation 144 [1/1] (0.00ns)   --->   "%specmemcore_ln0 = specmemcore void @_ssdm_op_SpecMemCore, i32 %logits_buf_1_56, i64 666, i64 22, i64 18446744073709551615"   --->   Operation 144 'specmemcore' 'specmemcore_ln0' <Predicate = true> <Delay = 0.00>
ST_1 : Operation 145 [1/1] (0.00ns)   --->   "%specmemcore_ln0 = specmemcore void @_ssdm_op_SpecMemCore, i32 %logits_buf_1_55, i64 666, i64 22, i64 18446744073709551615"   --->   Operation 145 'specmemcore' 'specmemcore_ln0' <Predicate = true> <Delay = 0.00>
ST_1 : Operation 146 [1/1] (0.00ns)   --->   "%specmemcore_ln0 = specmemcore void @_ssdm_op_SpecMemCore, i32 %logits_buf_1_54, i64 666, i64 22, i64 18446744073709551615"   --->   Operation 146 'specmemcore' 'specmemcore_ln0' <Predicate = true> <Delay = 0.00>
ST_1 : Operation 147 [1/1] (0.00ns)   --->   "%specmemcore_ln0 = specmemcore void @_ssdm_op_SpecMemCore, i32 %logits_buf_1_53, i64 666, i64 22, i64 18446744073709551615"   --->   Operation 147 'specmemcore' 'specmemcore_ln0' <Predicate = true> <Delay = 0.00>
ST_1 : Operation 148 [1/1] (0.00ns)   --->   "%specmemcore_ln0 = specmemcore void @_ssdm_op_SpecMemCore, i32 %logits_buf_1_52, i64 666, i64 22, i64 18446744073709551615"   --->   Operation 148 'specmemcore' 'specmemcore_ln0' <Predicate = true> <Delay = 0.00>
ST_1 : Operation 149 [1/1] (0.00ns)   --->   "%specmemcore_ln0 = specmemcore void @_ssdm_op_SpecMemCore, i32 %logits_buf_1_51, i64 666, i64 22, i64 18446744073709551615"   --->   Operation 149 'specmemcore' 'specmemcore_ln0' <Predicate = true> <Delay = 0.00>
ST_1 : Operation 150 [1/1] (0.00ns)   --->   "%specmemcore_ln0 = specmemcore void @_ssdm_op_SpecMemCore, i32 %logits_buf_1_50, i64 666, i64 22, i64 18446744073709551615"   --->   Operation 150 'specmemcore' 'specmemcore_ln0' <Predicate = true> <Delay = 0.00>
ST_1 : Operation 151 [1/1] (0.00ns)   --->   "%specmemcore_ln0 = specmemcore void @_ssdm_op_SpecMemCore, i32 %logits_buf_1_49, i64 666, i64 22, i64 18446744073709551615"   --->   Operation 151 'specmemcore' 'specmemcore_ln0' <Predicate = true> <Delay = 0.00>
ST_1 : Operation 152 [1/1] (0.00ns)   --->   "%specmemcore_ln0 = specmemcore void @_ssdm_op_SpecMemCore, i32 %logits_buf_1_48, i64 666, i64 22, i64 18446744073709551615"   --->   Operation 152 'specmemcore' 'specmemcore_ln0' <Predicate = true> <Delay = 0.00>
ST_1 : Operation 153 [1/1] (0.00ns)   --->   "%specmemcore_ln0 = specmemcore void @_ssdm_op_SpecMemCore, i32 %logits_buf_1_47, i64 666, i64 22, i64 18446744073709551615"   --->   Operation 153 'specmemcore' 'specmemcore_ln0' <Predicate = true> <Delay = 0.00>
ST_1 : Operation 154 [1/1] (0.00ns)   --->   "%specmemcore_ln0 = specmemcore void @_ssdm_op_SpecMemCore, i32 %logits_buf_1_46, i64 666, i64 22, i64 18446744073709551615"   --->   Operation 154 'specmemcore' 'specmemcore_ln0' <Predicate = true> <Delay = 0.00>
ST_1 : Operation 155 [1/1] (0.00ns)   --->   "%specmemcore_ln0 = specmemcore void @_ssdm_op_SpecMemCore, i32 %logits_buf_1_45, i64 666, i64 22, i64 18446744073709551615"   --->   Operation 155 'specmemcore' 'specmemcore_ln0' <Predicate = true> <Delay = 0.00>
ST_1 : Operation 156 [1/1] (0.00ns)   --->   "%specmemcore_ln0 = specmemcore void @_ssdm_op_SpecMemCore, i32 %logits_buf_1_44, i64 666, i64 22, i64 18446744073709551615"   --->   Operation 156 'specmemcore' 'specmemcore_ln0' <Predicate = true> <Delay = 0.00>
ST_1 : Operation 157 [1/1] (0.00ns)   --->   "%specmemcore_ln0 = specmemcore void @_ssdm_op_SpecMemCore, i32 %logits_buf_1_43, i64 666, i64 22, i64 18446744073709551615"   --->   Operation 157 'specmemcore' 'specmemcore_ln0' <Predicate = true> <Delay = 0.00>
ST_1 : Operation 158 [1/1] (0.00ns)   --->   "%specmemcore_ln0 = specmemcore void @_ssdm_op_SpecMemCore, i32 %logits_buf_1_42, i64 666, i64 22, i64 18446744073709551615"   --->   Operation 158 'specmemcore' 'specmemcore_ln0' <Predicate = true> <Delay = 0.00>
ST_1 : Operation 159 [1/1] (0.00ns)   --->   "%specmemcore_ln0 = specmemcore void @_ssdm_op_SpecMemCore, i32 %logits_buf_1_41, i64 666, i64 22, i64 18446744073709551615"   --->   Operation 159 'specmemcore' 'specmemcore_ln0' <Predicate = true> <Delay = 0.00>
ST_1 : Operation 160 [1/1] (0.00ns)   --->   "%specmemcore_ln0 = specmemcore void @_ssdm_op_SpecMemCore, i32 %logits_buf_1_40, i64 666, i64 22, i64 18446744073709551615"   --->   Operation 160 'specmemcore' 'specmemcore_ln0' <Predicate = true> <Delay = 0.00>
ST_1 : Operation 161 [1/1] (0.00ns)   --->   "%specmemcore_ln0 = specmemcore void @_ssdm_op_SpecMemCore, i32 %logits_buf_1_39, i64 666, i64 22, i64 18446744073709551615"   --->   Operation 161 'specmemcore' 'specmemcore_ln0' <Predicate = true> <Delay = 0.00>
ST_1 : Operation 162 [1/1] (0.00ns)   --->   "%specmemcore_ln0 = specmemcore void @_ssdm_op_SpecMemCore, i32 %logits_buf_1_38, i64 666, i64 22, i64 18446744073709551615"   --->   Operation 162 'specmemcore' 'specmemcore_ln0' <Predicate = true> <Delay = 0.00>
ST_1 : Operation 163 [1/1] (0.00ns)   --->   "%specmemcore_ln0 = specmemcore void @_ssdm_op_SpecMemCore, i32 %logits_buf_1_37, i64 666, i64 22, i64 18446744073709551615"   --->   Operation 163 'specmemcore' 'specmemcore_ln0' <Predicate = true> <Delay = 0.00>
ST_1 : Operation 164 [1/1] (0.00ns)   --->   "%specmemcore_ln0 = specmemcore void @_ssdm_op_SpecMemCore, i32 %logits_buf_1_36, i64 666, i64 22, i64 18446744073709551615"   --->   Operation 164 'specmemcore' 'specmemcore_ln0' <Predicate = true> <Delay = 0.00>
ST_1 : Operation 165 [1/1] (0.00ns)   --->   "%specmemcore_ln0 = specmemcore void @_ssdm_op_SpecMemCore, i32 %logits_buf_1_35, i64 666, i64 22, i64 18446744073709551615"   --->   Operation 165 'specmemcore' 'specmemcore_ln0' <Predicate = true> <Delay = 0.00>
ST_1 : Operation 166 [1/1] (0.00ns)   --->   "%specmemcore_ln0 = specmemcore void @_ssdm_op_SpecMemCore, i32 %logits_buf_1_34, i64 666, i64 22, i64 18446744073709551615"   --->   Operation 166 'specmemcore' 'specmemcore_ln0' <Predicate = true> <Delay = 0.00>
ST_1 : Operation 167 [1/1] (0.00ns)   --->   "%specmemcore_ln0 = specmemcore void @_ssdm_op_SpecMemCore, i32 %logits_buf_1_33, i64 666, i64 22, i64 18446744073709551615"   --->   Operation 167 'specmemcore' 'specmemcore_ln0' <Predicate = true> <Delay = 0.00>
ST_1 : Operation 168 [1/1] (0.00ns)   --->   "%specmemcore_ln0 = specmemcore void @_ssdm_op_SpecMemCore, i32 %logits_buf_1_32, i64 666, i64 22, i64 18446744073709551615"   --->   Operation 168 'specmemcore' 'specmemcore_ln0' <Predicate = true> <Delay = 0.00>
ST_1 : Operation 169 [1/1] (0.00ns)   --->   "%specmemcore_ln0 = specmemcore void @_ssdm_op_SpecMemCore, i32 %logits_buf_1_31, i64 666, i64 22, i64 18446744073709551615"   --->   Operation 169 'specmemcore' 'specmemcore_ln0' <Predicate = true> <Delay = 0.00>
ST_1 : Operation 170 [1/1] (0.00ns)   --->   "%specmemcore_ln0 = specmemcore void @_ssdm_op_SpecMemCore, i32 %logits_buf_1_30, i64 666, i64 22, i64 18446744073709551615"   --->   Operation 170 'specmemcore' 'specmemcore_ln0' <Predicate = true> <Delay = 0.00>
ST_1 : Operation 171 [1/1] (0.00ns)   --->   "%specmemcore_ln0 = specmemcore void @_ssdm_op_SpecMemCore, i32 %logits_buf_1_29, i64 666, i64 22, i64 18446744073709551615"   --->   Operation 171 'specmemcore' 'specmemcore_ln0' <Predicate = true> <Delay = 0.00>
ST_1 : Operation 172 [1/1] (0.00ns)   --->   "%specmemcore_ln0 = specmemcore void @_ssdm_op_SpecMemCore, i32 %logits_buf_1_28, i64 666, i64 22, i64 18446744073709551615"   --->   Operation 172 'specmemcore' 'specmemcore_ln0' <Predicate = true> <Delay = 0.00>
ST_1 : Operation 173 [1/1] (0.00ns)   --->   "%specmemcore_ln0 = specmemcore void @_ssdm_op_SpecMemCore, i32 %logits_buf_1_27, i64 666, i64 22, i64 18446744073709551615"   --->   Operation 173 'specmemcore' 'specmemcore_ln0' <Predicate = true> <Delay = 0.00>
ST_1 : Operation 174 [1/1] (0.00ns)   --->   "%specmemcore_ln0 = specmemcore void @_ssdm_op_SpecMemCore, i32 %logits_buf_1_26, i64 666, i64 22, i64 18446744073709551615"   --->   Operation 174 'specmemcore' 'specmemcore_ln0' <Predicate = true> <Delay = 0.00>
ST_1 : Operation 175 [1/1] (0.00ns)   --->   "%specmemcore_ln0 = specmemcore void @_ssdm_op_SpecMemCore, i32 %logits_buf_1_25, i64 666, i64 22, i64 18446744073709551615"   --->   Operation 175 'specmemcore' 'specmemcore_ln0' <Predicate = true> <Delay = 0.00>
ST_1 : Operation 176 [1/1] (0.00ns)   --->   "%specmemcore_ln0 = specmemcore void @_ssdm_op_SpecMemCore, i32 %logits_buf_1_24, i64 666, i64 22, i64 18446744073709551615"   --->   Operation 176 'specmemcore' 'specmemcore_ln0' <Predicate = true> <Delay = 0.00>
ST_1 : Operation 177 [1/1] (0.00ns)   --->   "%specmemcore_ln0 = specmemcore void @_ssdm_op_SpecMemCore, i32 %logits_buf_1_23, i64 666, i64 22, i64 18446744073709551615"   --->   Operation 177 'specmemcore' 'specmemcore_ln0' <Predicate = true> <Delay = 0.00>
ST_1 : Operation 178 [1/1] (0.00ns)   --->   "%specmemcore_ln0 = specmemcore void @_ssdm_op_SpecMemCore, i32 %logits_buf_1_22, i64 666, i64 22, i64 18446744073709551615"   --->   Operation 178 'specmemcore' 'specmemcore_ln0' <Predicate = true> <Delay = 0.00>
ST_1 : Operation 179 [1/1] (0.00ns)   --->   "%specmemcore_ln0 = specmemcore void @_ssdm_op_SpecMemCore, i32 %logits_buf_1_21, i64 666, i64 22, i64 18446744073709551615"   --->   Operation 179 'specmemcore' 'specmemcore_ln0' <Predicate = true> <Delay = 0.00>
ST_1 : Operation 180 [1/1] (0.00ns)   --->   "%specmemcore_ln0 = specmemcore void @_ssdm_op_SpecMemCore, i32 %logits_buf_1_20, i64 666, i64 22, i64 18446744073709551615"   --->   Operation 180 'specmemcore' 'specmemcore_ln0' <Predicate = true> <Delay = 0.00>
ST_1 : Operation 181 [1/1] (0.00ns)   --->   "%specmemcore_ln0 = specmemcore void @_ssdm_op_SpecMemCore, i32 %logits_buf_1_19, i64 666, i64 22, i64 18446744073709551615"   --->   Operation 181 'specmemcore' 'specmemcore_ln0' <Predicate = true> <Delay = 0.00>
ST_1 : Operation 182 [1/1] (0.00ns)   --->   "%specmemcore_ln0 = specmemcore void @_ssdm_op_SpecMemCore, i32 %logits_buf_1_18, i64 666, i64 22, i64 18446744073709551615"   --->   Operation 182 'specmemcore' 'specmemcore_ln0' <Predicate = true> <Delay = 0.00>
ST_1 : Operation 183 [1/1] (0.00ns)   --->   "%specmemcore_ln0 = specmemcore void @_ssdm_op_SpecMemCore, i32 %logits_buf_1_17, i64 666, i64 22, i64 18446744073709551615"   --->   Operation 183 'specmemcore' 'specmemcore_ln0' <Predicate = true> <Delay = 0.00>
ST_1 : Operation 184 [1/1] (0.00ns)   --->   "%specmemcore_ln0 = specmemcore void @_ssdm_op_SpecMemCore, i32 %logits_buf_1_16, i64 666, i64 22, i64 18446744073709551615"   --->   Operation 184 'specmemcore' 'specmemcore_ln0' <Predicate = true> <Delay = 0.00>
ST_1 : Operation 185 [1/1] (0.00ns)   --->   "%specmemcore_ln0 = specmemcore void @_ssdm_op_SpecMemCore, i32 %logits_buf_1_15, i64 666, i64 22, i64 18446744073709551615"   --->   Operation 185 'specmemcore' 'specmemcore_ln0' <Predicate = true> <Delay = 0.00>
ST_1 : Operation 186 [1/1] (0.00ns)   --->   "%specmemcore_ln0 = specmemcore void @_ssdm_op_SpecMemCore, i32 %logits_buf_1_14, i64 666, i64 22, i64 18446744073709551615"   --->   Operation 186 'specmemcore' 'specmemcore_ln0' <Predicate = true> <Delay = 0.00>
ST_1 : Operation 187 [1/1] (0.00ns)   --->   "%specmemcore_ln0 = specmemcore void @_ssdm_op_SpecMemCore, i32 %logits_buf_1_13, i64 666, i64 22, i64 18446744073709551615"   --->   Operation 187 'specmemcore' 'specmemcore_ln0' <Predicate = true> <Delay = 0.00>
ST_1 : Operation 188 [1/1] (0.00ns)   --->   "%specmemcore_ln0 = specmemcore void @_ssdm_op_SpecMemCore, i32 %logits_buf_1_12, i64 666, i64 22, i64 18446744073709551615"   --->   Operation 188 'specmemcore' 'specmemcore_ln0' <Predicate = true> <Delay = 0.00>
ST_1 : Operation 189 [1/1] (0.00ns)   --->   "%specmemcore_ln0 = specmemcore void @_ssdm_op_SpecMemCore, i32 %logits_buf_1_11, i64 666, i64 22, i64 18446744073709551615"   --->   Operation 189 'specmemcore' 'specmemcore_ln0' <Predicate = true> <Delay = 0.00>
ST_1 : Operation 190 [1/1] (0.00ns)   --->   "%specmemcore_ln0 = specmemcore void @_ssdm_op_SpecMemCore, i32 %logits_buf_1_10, i64 666, i64 22, i64 18446744073709551615"   --->   Operation 190 'specmemcore' 'specmemcore_ln0' <Predicate = true> <Delay = 0.00>
ST_1 : Operation 191 [1/1] (0.00ns)   --->   "%specmemcore_ln0 = specmemcore void @_ssdm_op_SpecMemCore, i32 %logits_buf_1_9, i64 666, i64 22, i64 18446744073709551615"   --->   Operation 191 'specmemcore' 'specmemcore_ln0' <Predicate = true> <Delay = 0.00>
ST_1 : Operation 192 [1/1] (0.00ns)   --->   "%specmemcore_ln0 = specmemcore void @_ssdm_op_SpecMemCore, i32 %logits_buf_1_8, i64 666, i64 22, i64 18446744073709551615"   --->   Operation 192 'specmemcore' 'specmemcore_ln0' <Predicate = true> <Delay = 0.00>
ST_1 : Operation 193 [1/1] (0.00ns)   --->   "%specmemcore_ln0 = specmemcore void @_ssdm_op_SpecMemCore, i32 %logits_buf_1_7, i64 666, i64 22, i64 18446744073709551615"   --->   Operation 193 'specmemcore' 'specmemcore_ln0' <Predicate = true> <Delay = 0.00>
ST_1 : Operation 194 [1/1] (0.00ns)   --->   "%specmemcore_ln0 = specmemcore void @_ssdm_op_SpecMemCore, i32 %logits_buf_1_6, i64 666, i64 22, i64 18446744073709551615"   --->   Operation 194 'specmemcore' 'specmemcore_ln0' <Predicate = true> <Delay = 0.00>
ST_1 : Operation 195 [1/1] (0.00ns)   --->   "%specmemcore_ln0 = specmemcore void @_ssdm_op_SpecMemCore, i32 %logits_buf_1_5, i64 666, i64 22, i64 18446744073709551615"   --->   Operation 195 'specmemcore' 'specmemcore_ln0' <Predicate = true> <Delay = 0.00>
ST_1 : Operation 196 [1/1] (0.00ns)   --->   "%specmemcore_ln0 = specmemcore void @_ssdm_op_SpecMemCore, i32 %logits_buf_1_4, i64 666, i64 22, i64 18446744073709551615"   --->   Operation 196 'specmemcore' 'specmemcore_ln0' <Predicate = true> <Delay = 0.00>
ST_1 : Operation 197 [1/1] (0.00ns)   --->   "%specmemcore_ln0 = specmemcore void @_ssdm_op_SpecMemCore, i32 %logits_buf_1_3, i64 666, i64 22, i64 18446744073709551615"   --->   Operation 197 'specmemcore' 'specmemcore_ln0' <Predicate = true> <Delay = 0.00>
ST_1 : Operation 198 [1/1] (0.00ns)   --->   "%specmemcore_ln0 = specmemcore void @_ssdm_op_SpecMemCore, i32 %logits_buf_1_2, i64 666, i64 22, i64 18446744073709551615"   --->   Operation 198 'specmemcore' 'specmemcore_ln0' <Predicate = true> <Delay = 0.00>
ST_1 : Operation 199 [1/1] (0.00ns)   --->   "%specmemcore_ln0 = specmemcore void @_ssdm_op_SpecMemCore, i32 %logits_buf_1_1, i64 666, i64 22, i64 18446744073709551615"   --->   Operation 199 'specmemcore' 'specmemcore_ln0' <Predicate = true> <Delay = 0.00>
ST_1 : Operation 200 [1/1] (0.00ns)   --->   "%specmemcore_ln0 = specmemcore void @_ssdm_op_SpecMemCore, i32 %logits_buf_1_0, i64 666, i64 22, i64 18446744073709551615"   --->   Operation 200 'specmemcore' 'specmemcore_ln0' <Predicate = true> <Delay = 0.00>
ST_1 : Operation 201 [1/1] (0.00ns)   --->   "%specmemcore_ln0 = specmemcore void @_ssdm_op_SpecMemCore, i32 %logits_buf_0_63, i64 666, i64 22, i64 18446744073709551615"   --->   Operation 201 'specmemcore' 'specmemcore_ln0' <Predicate = true> <Delay = 0.00>
ST_1 : Operation 202 [1/1] (0.00ns)   --->   "%specmemcore_ln0 = specmemcore void @_ssdm_op_SpecMemCore, i32 %logits_buf_0_62, i64 666, i64 22, i64 18446744073709551615"   --->   Operation 202 'specmemcore' 'specmemcore_ln0' <Predicate = true> <Delay = 0.00>
ST_1 : Operation 203 [1/1] (0.00ns)   --->   "%specmemcore_ln0 = specmemcore void @_ssdm_op_SpecMemCore, i32 %logits_buf_0_61, i64 666, i64 22, i64 18446744073709551615"   --->   Operation 203 'specmemcore' 'specmemcore_ln0' <Predicate = true> <Delay = 0.00>
ST_1 : Operation 204 [1/1] (0.00ns)   --->   "%specmemcore_ln0 = specmemcore void @_ssdm_op_SpecMemCore, i32 %logits_buf_0_60, i64 666, i64 22, i64 18446744073709551615"   --->   Operation 204 'specmemcore' 'specmemcore_ln0' <Predicate = true> <Delay = 0.00>
ST_1 : Operation 205 [1/1] (0.00ns)   --->   "%specmemcore_ln0 = specmemcore void @_ssdm_op_SpecMemCore, i32 %logits_buf_0_59, i64 666, i64 22, i64 18446744073709551615"   --->   Operation 205 'specmemcore' 'specmemcore_ln0' <Predicate = true> <Delay = 0.00>
ST_1 : Operation 206 [1/1] (0.00ns)   --->   "%specmemcore_ln0 = specmemcore void @_ssdm_op_SpecMemCore, i32 %logits_buf_0_58, i64 666, i64 22, i64 18446744073709551615"   --->   Operation 206 'specmemcore' 'specmemcore_ln0' <Predicate = true> <Delay = 0.00>
ST_1 : Operation 207 [1/1] (0.00ns)   --->   "%specmemcore_ln0 = specmemcore void @_ssdm_op_SpecMemCore, i32 %logits_buf_0_57, i64 666, i64 22, i64 18446744073709551615"   --->   Operation 207 'specmemcore' 'specmemcore_ln0' <Predicate = true> <Delay = 0.00>
ST_1 : Operation 208 [1/1] (0.00ns)   --->   "%specmemcore_ln0 = specmemcore void @_ssdm_op_SpecMemCore, i32 %logits_buf_0_56, i64 666, i64 22, i64 18446744073709551615"   --->   Operation 208 'specmemcore' 'specmemcore_ln0' <Predicate = true> <Delay = 0.00>
ST_1 : Operation 209 [1/1] (0.00ns)   --->   "%specmemcore_ln0 = specmemcore void @_ssdm_op_SpecMemCore, i32 %logits_buf_0_55, i64 666, i64 22, i64 18446744073709551615"   --->   Operation 209 'specmemcore' 'specmemcore_ln0' <Predicate = true> <Delay = 0.00>
ST_1 : Operation 210 [1/1] (0.00ns)   --->   "%specmemcore_ln0 = specmemcore void @_ssdm_op_SpecMemCore, i32 %logits_buf_0_54, i64 666, i64 22, i64 18446744073709551615"   --->   Operation 210 'specmemcore' 'specmemcore_ln0' <Predicate = true> <Delay = 0.00>
ST_1 : Operation 211 [1/1] (0.00ns)   --->   "%specmemcore_ln0 = specmemcore void @_ssdm_op_SpecMemCore, i32 %logits_buf_0_53, i64 666, i64 22, i64 18446744073709551615"   --->   Operation 211 'specmemcore' 'specmemcore_ln0' <Predicate = true> <Delay = 0.00>
ST_1 : Operation 212 [1/1] (0.00ns)   --->   "%specmemcore_ln0 = specmemcore void @_ssdm_op_SpecMemCore, i32 %logits_buf_0_52, i64 666, i64 22, i64 18446744073709551615"   --->   Operation 212 'specmemcore' 'specmemcore_ln0' <Predicate = true> <Delay = 0.00>
ST_1 : Operation 213 [1/1] (0.00ns)   --->   "%specmemcore_ln0 = specmemcore void @_ssdm_op_SpecMemCore, i32 %logits_buf_0_51, i64 666, i64 22, i64 18446744073709551615"   --->   Operation 213 'specmemcore' 'specmemcore_ln0' <Predicate = true> <Delay = 0.00>
ST_1 : Operation 214 [1/1] (0.00ns)   --->   "%specmemcore_ln0 = specmemcore void @_ssdm_op_SpecMemCore, i32 %logits_buf_0_50, i64 666, i64 22, i64 18446744073709551615"   --->   Operation 214 'specmemcore' 'specmemcore_ln0' <Predicate = true> <Delay = 0.00>
ST_1 : Operation 215 [1/1] (0.00ns)   --->   "%specmemcore_ln0 = specmemcore void @_ssdm_op_SpecMemCore, i32 %logits_buf_0_49, i64 666, i64 22, i64 18446744073709551615"   --->   Operation 215 'specmemcore' 'specmemcore_ln0' <Predicate = true> <Delay = 0.00>
ST_1 : Operation 216 [1/1] (0.00ns)   --->   "%specmemcore_ln0 = specmemcore void @_ssdm_op_SpecMemCore, i32 %logits_buf_0_48, i64 666, i64 22, i64 18446744073709551615"   --->   Operation 216 'specmemcore' 'specmemcore_ln0' <Predicate = true> <Delay = 0.00>
ST_1 : Operation 217 [1/1] (0.00ns)   --->   "%specmemcore_ln0 = specmemcore void @_ssdm_op_SpecMemCore, i32 %logits_buf_0_47, i64 666, i64 22, i64 18446744073709551615"   --->   Operation 217 'specmemcore' 'specmemcore_ln0' <Predicate = true> <Delay = 0.00>
ST_1 : Operation 218 [1/1] (0.00ns)   --->   "%specmemcore_ln0 = specmemcore void @_ssdm_op_SpecMemCore, i32 %logits_buf_0_46, i64 666, i64 22, i64 18446744073709551615"   --->   Operation 218 'specmemcore' 'specmemcore_ln0' <Predicate = true> <Delay = 0.00>
ST_1 : Operation 219 [1/1] (0.00ns)   --->   "%specmemcore_ln0 = specmemcore void @_ssdm_op_SpecMemCore, i32 %logits_buf_0_45, i64 666, i64 22, i64 18446744073709551615"   --->   Operation 219 'specmemcore' 'specmemcore_ln0' <Predicate = true> <Delay = 0.00>
ST_1 : Operation 220 [1/1] (0.00ns)   --->   "%specmemcore_ln0 = specmemcore void @_ssdm_op_SpecMemCore, i32 %logits_buf_0_44, i64 666, i64 22, i64 18446744073709551615"   --->   Operation 220 'specmemcore' 'specmemcore_ln0' <Predicate = true> <Delay = 0.00>
ST_1 : Operation 221 [1/1] (0.00ns)   --->   "%specmemcore_ln0 = specmemcore void @_ssdm_op_SpecMemCore, i32 %logits_buf_0_43, i64 666, i64 22, i64 18446744073709551615"   --->   Operation 221 'specmemcore' 'specmemcore_ln0' <Predicate = true> <Delay = 0.00>
ST_1 : Operation 222 [1/1] (0.00ns)   --->   "%specmemcore_ln0 = specmemcore void @_ssdm_op_SpecMemCore, i32 %logits_buf_0_42, i64 666, i64 22, i64 18446744073709551615"   --->   Operation 222 'specmemcore' 'specmemcore_ln0' <Predicate = true> <Delay = 0.00>
ST_1 : Operation 223 [1/1] (0.00ns)   --->   "%specmemcore_ln0 = specmemcore void @_ssdm_op_SpecMemCore, i32 %logits_buf_0_41, i64 666, i64 22, i64 18446744073709551615"   --->   Operation 223 'specmemcore' 'specmemcore_ln0' <Predicate = true> <Delay = 0.00>
ST_1 : Operation 224 [1/1] (0.00ns)   --->   "%specmemcore_ln0 = specmemcore void @_ssdm_op_SpecMemCore, i32 %logits_buf_0_40, i64 666, i64 22, i64 18446744073709551615"   --->   Operation 224 'specmemcore' 'specmemcore_ln0' <Predicate = true> <Delay = 0.00>
ST_1 : Operation 225 [1/1] (0.00ns)   --->   "%specmemcore_ln0 = specmemcore void @_ssdm_op_SpecMemCore, i32 %logits_buf_0_39, i64 666, i64 22, i64 18446744073709551615"   --->   Operation 225 'specmemcore' 'specmemcore_ln0' <Predicate = true> <Delay = 0.00>
ST_1 : Operation 226 [1/1] (0.00ns)   --->   "%specmemcore_ln0 = specmemcore void @_ssdm_op_SpecMemCore, i32 %logits_buf_0_38, i64 666, i64 22, i64 18446744073709551615"   --->   Operation 226 'specmemcore' 'specmemcore_ln0' <Predicate = true> <Delay = 0.00>
ST_1 : Operation 227 [1/1] (0.00ns)   --->   "%specmemcore_ln0 = specmemcore void @_ssdm_op_SpecMemCore, i32 %logits_buf_0_37, i64 666, i64 22, i64 18446744073709551615"   --->   Operation 227 'specmemcore' 'specmemcore_ln0' <Predicate = true> <Delay = 0.00>
ST_1 : Operation 228 [1/1] (0.00ns)   --->   "%specmemcore_ln0 = specmemcore void @_ssdm_op_SpecMemCore, i32 %logits_buf_0_36, i64 666, i64 22, i64 18446744073709551615"   --->   Operation 228 'specmemcore' 'specmemcore_ln0' <Predicate = true> <Delay = 0.00>
ST_1 : Operation 229 [1/1] (0.00ns)   --->   "%specmemcore_ln0 = specmemcore void @_ssdm_op_SpecMemCore, i32 %logits_buf_0_35, i64 666, i64 22, i64 18446744073709551615"   --->   Operation 229 'specmemcore' 'specmemcore_ln0' <Predicate = true> <Delay = 0.00>
ST_1 : Operation 230 [1/1] (0.00ns)   --->   "%specmemcore_ln0 = specmemcore void @_ssdm_op_SpecMemCore, i32 %logits_buf_0_34, i64 666, i64 22, i64 18446744073709551615"   --->   Operation 230 'specmemcore' 'specmemcore_ln0' <Predicate = true> <Delay = 0.00>
ST_1 : Operation 231 [1/1] (0.00ns)   --->   "%specmemcore_ln0 = specmemcore void @_ssdm_op_SpecMemCore, i32 %logits_buf_0_33, i64 666, i64 22, i64 18446744073709551615"   --->   Operation 231 'specmemcore' 'specmemcore_ln0' <Predicate = true> <Delay = 0.00>
ST_1 : Operation 232 [1/1] (0.00ns)   --->   "%specmemcore_ln0 = specmemcore void @_ssdm_op_SpecMemCore, i32 %logits_buf_0_32, i64 666, i64 22, i64 18446744073709551615"   --->   Operation 232 'specmemcore' 'specmemcore_ln0' <Predicate = true> <Delay = 0.00>
ST_1 : Operation 233 [1/1] (0.00ns)   --->   "%specmemcore_ln0 = specmemcore void @_ssdm_op_SpecMemCore, i32 %logits_buf_0_31, i64 666, i64 22, i64 18446744073709551615"   --->   Operation 233 'specmemcore' 'specmemcore_ln0' <Predicate = true> <Delay = 0.00>
ST_1 : Operation 234 [1/1] (0.00ns)   --->   "%specmemcore_ln0 = specmemcore void @_ssdm_op_SpecMemCore, i32 %logits_buf_0_30, i64 666, i64 22, i64 18446744073709551615"   --->   Operation 234 'specmemcore' 'specmemcore_ln0' <Predicate = true> <Delay = 0.00>
ST_1 : Operation 235 [1/1] (0.00ns)   --->   "%specmemcore_ln0 = specmemcore void @_ssdm_op_SpecMemCore, i32 %logits_buf_0_29, i64 666, i64 22, i64 18446744073709551615"   --->   Operation 235 'specmemcore' 'specmemcore_ln0' <Predicate = true> <Delay = 0.00>
ST_1 : Operation 236 [1/1] (0.00ns)   --->   "%specmemcore_ln0 = specmemcore void @_ssdm_op_SpecMemCore, i32 %logits_buf_0_28, i64 666, i64 22, i64 18446744073709551615"   --->   Operation 236 'specmemcore' 'specmemcore_ln0' <Predicate = true> <Delay = 0.00>
ST_1 : Operation 237 [1/1] (0.00ns)   --->   "%specmemcore_ln0 = specmemcore void @_ssdm_op_SpecMemCore, i32 %logits_buf_0_27, i64 666, i64 22, i64 18446744073709551615"   --->   Operation 237 'specmemcore' 'specmemcore_ln0' <Predicate = true> <Delay = 0.00>
ST_1 : Operation 238 [1/1] (0.00ns)   --->   "%specmemcore_ln0 = specmemcore void @_ssdm_op_SpecMemCore, i32 %logits_buf_0_26, i64 666, i64 22, i64 18446744073709551615"   --->   Operation 238 'specmemcore' 'specmemcore_ln0' <Predicate = true> <Delay = 0.00>
ST_1 : Operation 239 [1/1] (0.00ns)   --->   "%specmemcore_ln0 = specmemcore void @_ssdm_op_SpecMemCore, i32 %logits_buf_0_25, i64 666, i64 22, i64 18446744073709551615"   --->   Operation 239 'specmemcore' 'specmemcore_ln0' <Predicate = true> <Delay = 0.00>
ST_1 : Operation 240 [1/1] (0.00ns)   --->   "%specmemcore_ln0 = specmemcore void @_ssdm_op_SpecMemCore, i32 %logits_buf_0_24, i64 666, i64 22, i64 18446744073709551615"   --->   Operation 240 'specmemcore' 'specmemcore_ln0' <Predicate = true> <Delay = 0.00>
ST_1 : Operation 241 [1/1] (0.00ns)   --->   "%specmemcore_ln0 = specmemcore void @_ssdm_op_SpecMemCore, i32 %logits_buf_0_23, i64 666, i64 22, i64 18446744073709551615"   --->   Operation 241 'specmemcore' 'specmemcore_ln0' <Predicate = true> <Delay = 0.00>
ST_1 : Operation 242 [1/1] (0.00ns)   --->   "%specmemcore_ln0 = specmemcore void @_ssdm_op_SpecMemCore, i32 %logits_buf_0_22, i64 666, i64 22, i64 18446744073709551615"   --->   Operation 242 'specmemcore' 'specmemcore_ln0' <Predicate = true> <Delay = 0.00>
ST_1 : Operation 243 [1/1] (0.00ns)   --->   "%specmemcore_ln0 = specmemcore void @_ssdm_op_SpecMemCore, i32 %logits_buf_0_21, i64 666, i64 22, i64 18446744073709551615"   --->   Operation 243 'specmemcore' 'specmemcore_ln0' <Predicate = true> <Delay = 0.00>
ST_1 : Operation 244 [1/1] (0.00ns)   --->   "%specmemcore_ln0 = specmemcore void @_ssdm_op_SpecMemCore, i32 %logits_buf_0_20, i64 666, i64 22, i64 18446744073709551615"   --->   Operation 244 'specmemcore' 'specmemcore_ln0' <Predicate = true> <Delay = 0.00>
ST_1 : Operation 245 [1/1] (0.00ns)   --->   "%specmemcore_ln0 = specmemcore void @_ssdm_op_SpecMemCore, i32 %logits_buf_0_19, i64 666, i64 22, i64 18446744073709551615"   --->   Operation 245 'specmemcore' 'specmemcore_ln0' <Predicate = true> <Delay = 0.00>
ST_1 : Operation 246 [1/1] (0.00ns)   --->   "%specmemcore_ln0 = specmemcore void @_ssdm_op_SpecMemCore, i32 %logits_buf_0_18, i64 666, i64 22, i64 18446744073709551615"   --->   Operation 246 'specmemcore' 'specmemcore_ln0' <Predicate = true> <Delay = 0.00>
ST_1 : Operation 247 [1/1] (0.00ns)   --->   "%specmemcore_ln0 = specmemcore void @_ssdm_op_SpecMemCore, i32 %logits_buf_0_17, i64 666, i64 22, i64 18446744073709551615"   --->   Operation 247 'specmemcore' 'specmemcore_ln0' <Predicate = true> <Delay = 0.00>
ST_1 : Operation 248 [1/1] (0.00ns)   --->   "%specmemcore_ln0 = specmemcore void @_ssdm_op_SpecMemCore, i32 %logits_buf_0_16, i64 666, i64 22, i64 18446744073709551615"   --->   Operation 248 'specmemcore' 'specmemcore_ln0' <Predicate = true> <Delay = 0.00>
ST_1 : Operation 249 [1/1] (0.00ns)   --->   "%specmemcore_ln0 = specmemcore void @_ssdm_op_SpecMemCore, i32 %logits_buf_0_15, i64 666, i64 22, i64 18446744073709551615"   --->   Operation 249 'specmemcore' 'specmemcore_ln0' <Predicate = true> <Delay = 0.00>
ST_1 : Operation 250 [1/1] (0.00ns)   --->   "%specmemcore_ln0 = specmemcore void @_ssdm_op_SpecMemCore, i32 %logits_buf_0_14, i64 666, i64 22, i64 18446744073709551615"   --->   Operation 250 'specmemcore' 'specmemcore_ln0' <Predicate = true> <Delay = 0.00>
ST_1 : Operation 251 [1/1] (0.00ns)   --->   "%specmemcore_ln0 = specmemcore void @_ssdm_op_SpecMemCore, i32 %logits_buf_0_13, i64 666, i64 22, i64 18446744073709551615"   --->   Operation 251 'specmemcore' 'specmemcore_ln0' <Predicate = true> <Delay = 0.00>
ST_1 : Operation 252 [1/1] (0.00ns)   --->   "%specmemcore_ln0 = specmemcore void @_ssdm_op_SpecMemCore, i32 %logits_buf_0_12, i64 666, i64 22, i64 18446744073709551615"   --->   Operation 252 'specmemcore' 'specmemcore_ln0' <Predicate = true> <Delay = 0.00>
ST_1 : Operation 253 [1/1] (0.00ns)   --->   "%specmemcore_ln0 = specmemcore void @_ssdm_op_SpecMemCore, i32 %logits_buf_0_11, i64 666, i64 22, i64 18446744073709551615"   --->   Operation 253 'specmemcore' 'specmemcore_ln0' <Predicate = true> <Delay = 0.00>
ST_1 : Operation 254 [1/1] (0.00ns)   --->   "%specmemcore_ln0 = specmemcore void @_ssdm_op_SpecMemCore, i32 %logits_buf_0_10, i64 666, i64 22, i64 18446744073709551615"   --->   Operation 254 'specmemcore' 'specmemcore_ln0' <Predicate = true> <Delay = 0.00>
ST_1 : Operation 255 [1/1] (0.00ns)   --->   "%specmemcore_ln0 = specmemcore void @_ssdm_op_SpecMemCore, i32 %logits_buf_0_9, i64 666, i64 22, i64 18446744073709551615"   --->   Operation 255 'specmemcore' 'specmemcore_ln0' <Predicate = true> <Delay = 0.00>
ST_1 : Operation 256 [1/1] (0.00ns)   --->   "%specmemcore_ln0 = specmemcore void @_ssdm_op_SpecMemCore, i32 %logits_buf_0_8, i64 666, i64 22, i64 18446744073709551615"   --->   Operation 256 'specmemcore' 'specmemcore_ln0' <Predicate = true> <Delay = 0.00>
ST_1 : Operation 257 [1/1] (0.00ns)   --->   "%specmemcore_ln0 = specmemcore void @_ssdm_op_SpecMemCore, i32 %logits_buf_0_7, i64 666, i64 22, i64 18446744073709551615"   --->   Operation 257 'specmemcore' 'specmemcore_ln0' <Predicate = true> <Delay = 0.00>
ST_1 : Operation 258 [1/1] (0.00ns)   --->   "%specmemcore_ln0 = specmemcore void @_ssdm_op_SpecMemCore, i32 %logits_buf_0_6, i64 666, i64 22, i64 18446744073709551615"   --->   Operation 258 'specmemcore' 'specmemcore_ln0' <Predicate = true> <Delay = 0.00>
ST_1 : Operation 259 [1/1] (0.00ns)   --->   "%specmemcore_ln0 = specmemcore void @_ssdm_op_SpecMemCore, i32 %logits_buf_0_5, i64 666, i64 22, i64 18446744073709551615"   --->   Operation 259 'specmemcore' 'specmemcore_ln0' <Predicate = true> <Delay = 0.00>
ST_1 : Operation 260 [1/1] (0.00ns)   --->   "%specmemcore_ln0 = specmemcore void @_ssdm_op_SpecMemCore, i32 %logits_buf_0_4, i64 666, i64 22, i64 18446744073709551615"   --->   Operation 260 'specmemcore' 'specmemcore_ln0' <Predicate = true> <Delay = 0.00>
ST_1 : Operation 261 [1/1] (0.00ns)   --->   "%specmemcore_ln0 = specmemcore void @_ssdm_op_SpecMemCore, i32 %logits_buf_0_3, i64 666, i64 22, i64 18446744073709551615"   --->   Operation 261 'specmemcore' 'specmemcore_ln0' <Predicate = true> <Delay = 0.00>
ST_1 : Operation 262 [1/1] (0.00ns)   --->   "%specmemcore_ln0 = specmemcore void @_ssdm_op_SpecMemCore, i32 %logits_buf_0_2, i64 666, i64 22, i64 18446744073709551615"   --->   Operation 262 'specmemcore' 'specmemcore_ln0' <Predicate = true> <Delay = 0.00>
ST_1 : Operation 263 [1/1] (0.00ns)   --->   "%specmemcore_ln0 = specmemcore void @_ssdm_op_SpecMemCore, i32 %logits_buf_0_1, i64 666, i64 22, i64 18446744073709551615"   --->   Operation 263 'specmemcore' 'specmemcore_ln0' <Predicate = true> <Delay = 0.00>
ST_1 : Operation 264 [1/1] (0.00ns)   --->   "%specmemcore_ln0 = specmemcore void @_ssdm_op_SpecMemCore, i32 %logits_buf_0_0, i64 666, i64 22, i64 18446744073709551615"   --->   Operation 264 'specmemcore' 'specmemcore_ln0' <Predicate = true> <Delay = 0.00>
ST_1 : Operation 265 [1/1] (0.00ns)   --->   "%specinterface_ln0 = specinterface void @_ssdm_op_SpecInterface, i128 %mem, void @empty_3, i32 0, i32 0, void @empty_2, i32 4294967295, i32 0, void @empty_2, void @empty_2, void @empty_2, i32 0, i32 0, i32 0, i32 0, void @empty_2, void @empty_2, i32 4294967295, i32 0, i32 0"   --->   Operation 265 'specinterface' 'specinterface_ln0' <Predicate = true> <Delay = 0.00>
ST_1 : Operation 266 [1/1] (0.00ns)   --->   "%in_l_read = read i14 @_ssdm_op_Read.ap_auto.i14, i14 %in_l"   --->   Operation 266 'read' 'in_l_read' <Predicate = true> <Delay = 0.00>
ST_1 : Operation 267 [1/1] (0.00ns)   --->   "%n_read = read i9 @_ssdm_op_Read.ap_auto.i9, i9 %n"   --->   Operation 267 'read' 'n_read' <Predicate = true> <Delay = 0.00>
ST_1 : Operation 268 [1/1] (0.00ns)   --->   "%trunc_ln_read = read i7 @_ssdm_op_Read.ap_auto.i7, i7 %trunc_ln"   --->   Operation 268 'read' 'trunc_ln_read' <Predicate = true> <Delay = 0.00>
ST_1 : Operation 269 [1/1] (1.58ns)   --->   "%store_ln181 = store i7 0, i7 %blk" [softmax_accel_hls.cc:181]   --->   Operation 269 'store' 'store_ln181' <Predicate = true> <Delay = 1.58>
ST_1 : Operation 270 [1/1] (1.58ns)   --->   "%store_ln177 = store i32 0, i32 %max_x" [softmax_accel_hls.cc:177]   --->   Operation 270 'store' 'store_ln177' <Predicate = true> <Delay = 1.58>
ST_1 : Operation 271 [1/1] (0.00ns)   --->   "%br_ln0 = br void %for.body"   --->   Operation 271 'br' 'br_ln0' <Predicate = true> <Delay = 0.00>
ST_1 : Operation 272 [1/1] (0.00ns)   --->   "%blk_2 = load i7 %blk" [softmax_accel_hls.cc:181]   --->   Operation 272 'load' 'blk_2' <Predicate = true> <Delay = 0.00>
ST_1 : Operation 273 [1/1] (1.87ns)   --->   "%icmp_ln181 = icmp_eq  i7 %blk_2, i7 %trunc_ln_read" [softmax_accel_hls.cc:181]   --->   Operation 273 'icmp' 'icmp_ln181' <Predicate = true> <Delay = 1.87> <CoreInst = "Cmp">   --->   Core 9 'Cmp' <Latency = 0> <II = 1> <Delay = 1.87> <FuncUnit> <Opcode : 'seteq' 'setne' 'setle' 'setge' 'setlt' 'setgt'> <InPorts = 2> <OutPorts = 1>
ST_1 : Operation 274 [1/1] (0.00ns)   --->   "%speclooptripcount_ln0 = speclooptripcount void @_ssdm_op_SpecLoopTripCount, i64 1, i64 64, i64 0"   --->   Operation 274 'speclooptripcount' 'speclooptripcount_ln0' <Predicate = true> <Delay = 0.00>
ST_1 : Operation 275 [1/1] (1.87ns)   --->   "%add_ln181 = add i7 %blk_2, i7 1" [softmax_accel_hls.cc:181]   --->   Operation 275 'add' 'add_ln181' <Predicate = true> <Delay = 1.87> <CoreInst = "Adder">   --->   Core 1 'Adder' <Latency = 0> <II = 1> <Delay = 1.87> <FuncUnit> <Opcode : 'add' 'sub'> <InPorts = 2> <OutPorts = 1>
ST_1 : Operation 276 [1/1] (0.00ns)   --->   "%br_ln181 = br i1 %icmp_ln181, void %for.body.split, void %for.end.exitStub" [softmax_accel_hls.cc:181]   --->   Operation 276 'br' 'br_ln181' <Predicate = true> <Delay = 0.00>
ST_1 : Operation 277 [1/1] (0.00ns)   --->   "%trunc_ln181 = trunc i7 %blk_2" [softmax_accel_hls.cc:181]   --->   Operation 277 'trunc' 'trunc_ln181' <Predicate = (!icmp_ln181)> <Delay = 0.00>
ST_1 : Operation 278 [1/1] (0.00ns)   --->   "%shl_ln = bitconcatenate i8 @_ssdm_op_BitConcatenate.i8.i6.i2, i6 %trunc_ln181, i2 0" [softmax_accel_hls.cc:183]   --->   Operation 278 'bitconcatenate' 'shl_ln' <Predicate = (!icmp_ln181)> <Delay = 0.00>
ST_1 : Operation 279 [1/1] (0.00ns)   --->   "%zext_ln184_1 = zext i8 %shl_ln" [softmax_accel_hls.cc:184]   --->   Operation 279 'zext' 'zext_ln184_1' <Predicate = (!icmp_ln181)> <Delay = 0.00>
ST_1 : Operation 280 [1/1] (0.00ns)   --->   "%zext_ln184_2 = zext i6 %trunc_ln181" [softmax_accel_hls.cc:184]   --->   Operation 280 'zext' 'zext_ln184_2' <Predicate = (!icmp_ln181)> <Delay = 0.00>
ST_1 : Operation 281 [1/1] (1.81ns)   --->   "%add_ln184 = add i14 %zext_ln184_2, i14 %in_l_read" [softmax_accel_hls.cc:184]   --->   Operation 281 'add' 'add_ln184' <Predicate = (!icmp_ln181)> <Delay = 1.81> <CoreInst = "Adder">   --->   Core 1 'Adder' <Latency = 0> <II = 1> <Delay = 1.81> <FuncUnit> <Opcode : 'add' 'sub'> <InPorts = 2> <OutPorts = 1>
ST_1 : Operation 282 [1/1] (0.00ns)   --->   "%zext_ln184 = zext i14 %add_ln184" [softmax_accel_hls.cc:184]   --->   Operation 282 'zext' 'zext_ln184' <Predicate = (!icmp_ln181)> <Delay = 0.00>
ST_1 : Operation 283 [1/1] (0.00ns)   --->   "%mem_addr = getelementptr i128 %mem, i64 0, i64 %zext_ln184" [softmax_accel_hls.cc:184]   --->   Operation 283 'getelementptr' 'mem_addr' <Predicate = (!icmp_ln181)> <Delay = 0.00>
ST_1 : Operation 284 [2/2] (3.25ns)   --->   "%line = load i14 %mem_addr" [softmax_accel_hls.cc:184]   --->   Operation 284 'load' 'line' <Predicate = (!icmp_ln181)> <Delay = 3.25> <CoreInst = "RAM">   --->   Core 81 'RAM' <Latency = 1> <II = 1> <Delay = 3.25> <Storage> <Opcode : 'load' 'store'> <Ports = 2> <Width = 128> <Depth = 16384> <RAM>
ST_1 : Operation 285 [1/1] (1.82ns)   --->   "%icmp_ln192 = icmp_ult  i9 %zext_ln184_1, i9 %n_read" [softmax_accel_hls.cc:192]   --->   Operation 285 'icmp' 'icmp_ln192' <Predicate = (!icmp_ln181)> <Delay = 1.82> <CoreInst = "Cmp">   --->   Core 9 'Cmp' <Latency = 0> <II = 1> <Delay = 1.82> <FuncUnit> <Opcode : 'seteq' 'setne' 'setle' 'setge' 'setlt' 'setgt'> <InPorts = 2> <OutPorts = 1>
ST_1 : Operation 286 [1/1] (1.58ns)   --->   "%br_ln192 = br i1 %icmp_ln192, void %if.end, void %if.then" [softmax_accel_hls.cc:192]   --->   Operation 286 'br' 'br_ln192' <Predicate = (!icmp_ln181)> <Delay = 1.58>
ST_1 : Operation 287 [1/1] (1.82ns)   --->   "%switch_ln194 = switch i6 %trunc_ln181, void %arrayidx65_0.case.0, i6 63, void %arrayidx65_0.case.63, i6 1, void %arrayidx65_0.case.1, i6 2, void %arrayidx65_0.case.2, i6 3, void %arrayidx65_0.case.3, i6 4, void %arrayidx65_0.case.4, i6 5, void %arrayidx65_0.case.5, i6 6, void %arrayidx65_0.case.6, i6 7, void %arrayidx65_0.case.7, i6 8, void %arrayidx65_0.case.8, i6 9, void %arrayidx65_0.case.9, i6 10, void %arrayidx65_0.case.10, i6 11, void %arrayidx65_0.case.11, i6 12, void %arrayidx65_0.case.12, i6 13, void %arrayidx65_0.case.13, i6 14, void %arrayidx65_0.case.14, i6 15, void %arrayidx65_0.case.15, i6 16, void %arrayidx65_0.case.16, i6 17, void %arrayidx65_0.case.17, i6 18, void %arrayidx65_0.case.18, i6 19, void %arrayidx65_0.case.19, i6 20, void %arrayidx65_0.case.20, i6 21, void %arrayidx65_0.case.21, i6 22, void %arrayidx65_0.case.22, i6 23, void %arrayidx65_0.case.23, i6 24, void %arrayidx65_0.case.24, i6 25, void %arrayidx65_0.case.25, i6 26, void %arrayidx65_0.case.26, i6 27, void %arrayidx65_0.case.27, i6 28, void %arrayidx65_0.case.28, i6 29, void %arrayidx65_0.case.29, i6 30, void %arrayidx65_0.case.30, i6 31, void %arrayidx65_0.case.31, i6 32, void %arrayidx65_0.case.32, i6 33, void %arrayidx65_0.case.33, i6 34, void %arrayidx65_0.case.34, i6 35, void %arrayidx65_0.case.35, i6 36, void %arrayidx65_0.case.36, i6 37, void %arrayidx65_0.case.37, i6 38, void %arrayidx65_0.case.38, i6 39, void %arrayidx65_0.case.39, i6 40, void %arrayidx65_0.case.40, i6 41, void %arrayidx65_0.case.41, i6 42, void %arrayidx65_0.case.42, i6 43, void %arrayidx65_0.case.43, i6 44, void %arrayidx65_0.case.44, i6 45, void %arrayidx65_0.case.45, i6 46, void %arrayidx65_0.case.46, i6 47, void %arrayidx65_0.case.47, i6 48, void %arrayidx65_0.case.48, i6 49, void %arrayidx65_0.case.49, i6 50, void %arrayidx65_0.case.50, i6 51, void %arrayidx65_0.case.51, i6 52, void %arrayidx65_0.case.52, i6 53, void %arrayidx65_0.case.53, i6 54, void %arrayidx65_0.case.54, i6 55, void %arrayidx65_0.case.55, i6 56, void %arrayidx65_0.case.56, i6 57, void %arrayidx65_0.case.57, i6 58, void %arrayidx65_0.case.58, i6 59, void %arrayidx65_0.case.59, i6 60, void %arrayidx65_0.case.60, i6 61, void %arrayidx65_0.case.61, i6 62, void %arrayidx65_0.case.62" [softmax_accel_hls.cc:194]   --->   Operation 287 'switch' 'switch_ln194' <Predicate = (!icmp_ln181 & icmp_ln192)> <Delay = 1.82>
ST_1 : Operation 288 [1/1] (0.00ns)   --->   "%br_ln194 = br void %arrayidx65_0.exit" [softmax_accel_hls.cc:194]   --->   Operation 288 'br' 'br_ln194' <Predicate = (!icmp_ln181 & icmp_ln192 & trunc_ln181 == 62)> <Delay = 0.00>
ST_1 : Operation 289 [1/1] (0.00ns)   --->   "%br_ln194 = br void %arrayidx65_0.exit" [softmax_accel_hls.cc:194]   --->   Operation 289 'br' 'br_ln194' <Predicate = (!icmp_ln181 & icmp_ln192 & trunc_ln181 == 61)> <Delay = 0.00>
ST_1 : Operation 290 [1/1] (0.00ns)   --->   "%br_ln194 = br void %arrayidx65_0.exit" [softmax_accel_hls.cc:194]   --->   Operation 290 'br' 'br_ln194' <Predicate = (!icmp_ln181 & icmp_ln192 & trunc_ln181 == 60)> <Delay = 0.00>
ST_1 : Operation 291 [1/1] (0.00ns)   --->   "%br_ln194 = br void %arrayidx65_0.exit" [softmax_accel_hls.cc:194]   --->   Operation 291 'br' 'br_ln194' <Predicate = (!icmp_ln181 & icmp_ln192 & trunc_ln181 == 59)> <Delay = 0.00>
ST_1 : Operation 292 [1/1] (0.00ns)   --->   "%br_ln194 = br void %arrayidx65_0.exit" [softmax_accel_hls.cc:194]   --->   Operation 292 'br' 'br_ln194' <Predicate = (!icmp_ln181 & icmp_ln192 & trunc_ln181 == 58)> <Delay = 0.00>
ST_1 : Operation 293 [1/1] (0.00ns)   --->   "%br_ln194 = br void %arrayidx65_0.exit" [softmax_accel_hls.cc:194]   --->   Operation 293 'br' 'br_ln194' <Predicate = (!icmp_ln181 & icmp_ln192 & trunc_ln181 == 57)> <Delay = 0.00>
ST_1 : Operation 294 [1/1] (0.00ns)   --->   "%br_ln194 = br void %arrayidx65_0.exit" [softmax_accel_hls.cc:194]   --->   Operation 294 'br' 'br_ln194' <Predicate = (!icmp_ln181 & icmp_ln192 & trunc_ln181 == 56)> <Delay = 0.00>
ST_1 : Operation 295 [1/1] (0.00ns)   --->   "%br_ln194 = br void %arrayidx65_0.exit" [softmax_accel_hls.cc:194]   --->   Operation 295 'br' 'br_ln194' <Predicate = (!icmp_ln181 & icmp_ln192 & trunc_ln181 == 55)> <Delay = 0.00>
ST_1 : Operation 296 [1/1] (0.00ns)   --->   "%br_ln194 = br void %arrayidx65_0.exit" [softmax_accel_hls.cc:194]   --->   Operation 296 'br' 'br_ln194' <Predicate = (!icmp_ln181 & icmp_ln192 & trunc_ln181 == 54)> <Delay = 0.00>
ST_1 : Operation 297 [1/1] (0.00ns)   --->   "%br_ln194 = br void %arrayidx65_0.exit" [softmax_accel_hls.cc:194]   --->   Operation 297 'br' 'br_ln194' <Predicate = (!icmp_ln181 & icmp_ln192 & trunc_ln181 == 53)> <Delay = 0.00>
ST_1 : Operation 298 [1/1] (0.00ns)   --->   "%br_ln194 = br void %arrayidx65_0.exit" [softmax_accel_hls.cc:194]   --->   Operation 298 'br' 'br_ln194' <Predicate = (!icmp_ln181 & icmp_ln192 & trunc_ln181 == 52)> <Delay = 0.00>
ST_1 : Operation 299 [1/1] (0.00ns)   --->   "%br_ln194 = br void %arrayidx65_0.exit" [softmax_accel_hls.cc:194]   --->   Operation 299 'br' 'br_ln194' <Predicate = (!icmp_ln181 & icmp_ln192 & trunc_ln181 == 51)> <Delay = 0.00>
ST_1 : Operation 300 [1/1] (0.00ns)   --->   "%br_ln194 = br void %arrayidx65_0.exit" [softmax_accel_hls.cc:194]   --->   Operation 300 'br' 'br_ln194' <Predicate = (!icmp_ln181 & icmp_ln192 & trunc_ln181 == 50)> <Delay = 0.00>
ST_1 : Operation 301 [1/1] (0.00ns)   --->   "%br_ln194 = br void %arrayidx65_0.exit" [softmax_accel_hls.cc:194]   --->   Operation 301 'br' 'br_ln194' <Predicate = (!icmp_ln181 & icmp_ln192 & trunc_ln181 == 49)> <Delay = 0.00>
ST_1 : Operation 302 [1/1] (0.00ns)   --->   "%br_ln194 = br void %arrayidx65_0.exit" [softmax_accel_hls.cc:194]   --->   Operation 302 'br' 'br_ln194' <Predicate = (!icmp_ln181 & icmp_ln192 & trunc_ln181 == 48)> <Delay = 0.00>
ST_1 : Operation 303 [1/1] (0.00ns)   --->   "%br_ln194 = br void %arrayidx65_0.exit" [softmax_accel_hls.cc:194]   --->   Operation 303 'br' 'br_ln194' <Predicate = (!icmp_ln181 & icmp_ln192 & trunc_ln181 == 47)> <Delay = 0.00>
ST_1 : Operation 304 [1/1] (0.00ns)   --->   "%br_ln194 = br void %arrayidx65_0.exit" [softmax_accel_hls.cc:194]   --->   Operation 304 'br' 'br_ln194' <Predicate = (!icmp_ln181 & icmp_ln192 & trunc_ln181 == 46)> <Delay = 0.00>
ST_1 : Operation 305 [1/1] (0.00ns)   --->   "%br_ln194 = br void %arrayidx65_0.exit" [softmax_accel_hls.cc:194]   --->   Operation 305 'br' 'br_ln194' <Predicate = (!icmp_ln181 & icmp_ln192 & trunc_ln181 == 45)> <Delay = 0.00>
ST_1 : Operation 306 [1/1] (0.00ns)   --->   "%br_ln194 = br void %arrayidx65_0.exit" [softmax_accel_hls.cc:194]   --->   Operation 306 'br' 'br_ln194' <Predicate = (!icmp_ln181 & icmp_ln192 & trunc_ln181 == 44)> <Delay = 0.00>
ST_1 : Operation 307 [1/1] (0.00ns)   --->   "%br_ln194 = br void %arrayidx65_0.exit" [softmax_accel_hls.cc:194]   --->   Operation 307 'br' 'br_ln194' <Predicate = (!icmp_ln181 & icmp_ln192 & trunc_ln181 == 43)> <Delay = 0.00>
ST_1 : Operation 308 [1/1] (0.00ns)   --->   "%br_ln194 = br void %arrayidx65_0.exit" [softmax_accel_hls.cc:194]   --->   Operation 308 'br' 'br_ln194' <Predicate = (!icmp_ln181 & icmp_ln192 & trunc_ln181 == 42)> <Delay = 0.00>
ST_1 : Operation 309 [1/1] (0.00ns)   --->   "%br_ln194 = br void %arrayidx65_0.exit" [softmax_accel_hls.cc:194]   --->   Operation 309 'br' 'br_ln194' <Predicate = (!icmp_ln181 & icmp_ln192 & trunc_ln181 == 41)> <Delay = 0.00>
ST_1 : Operation 310 [1/1] (0.00ns)   --->   "%br_ln194 = br void %arrayidx65_0.exit" [softmax_accel_hls.cc:194]   --->   Operation 310 'br' 'br_ln194' <Predicate = (!icmp_ln181 & icmp_ln192 & trunc_ln181 == 40)> <Delay = 0.00>
ST_1 : Operation 311 [1/1] (0.00ns)   --->   "%br_ln194 = br void %arrayidx65_0.exit" [softmax_accel_hls.cc:194]   --->   Operation 311 'br' 'br_ln194' <Predicate = (!icmp_ln181 & icmp_ln192 & trunc_ln181 == 39)> <Delay = 0.00>
ST_1 : Operation 312 [1/1] (0.00ns)   --->   "%br_ln194 = br void %arrayidx65_0.exit" [softmax_accel_hls.cc:194]   --->   Operation 312 'br' 'br_ln194' <Predicate = (!icmp_ln181 & icmp_ln192 & trunc_ln181 == 38)> <Delay = 0.00>
ST_1 : Operation 313 [1/1] (0.00ns)   --->   "%br_ln194 = br void %arrayidx65_0.exit" [softmax_accel_hls.cc:194]   --->   Operation 313 'br' 'br_ln194' <Predicate = (!icmp_ln181 & icmp_ln192 & trunc_ln181 == 37)> <Delay = 0.00>
ST_1 : Operation 314 [1/1] (0.00ns)   --->   "%br_ln194 = br void %arrayidx65_0.exit" [softmax_accel_hls.cc:194]   --->   Operation 314 'br' 'br_ln194' <Predicate = (!icmp_ln181 & icmp_ln192 & trunc_ln181 == 36)> <Delay = 0.00>
ST_1 : Operation 315 [1/1] (0.00ns)   --->   "%br_ln194 = br void %arrayidx65_0.exit" [softmax_accel_hls.cc:194]   --->   Operation 315 'br' 'br_ln194' <Predicate = (!icmp_ln181 & icmp_ln192 & trunc_ln181 == 35)> <Delay = 0.00>
ST_1 : Operation 316 [1/1] (0.00ns)   --->   "%br_ln194 = br void %arrayidx65_0.exit" [softmax_accel_hls.cc:194]   --->   Operation 316 'br' 'br_ln194' <Predicate = (!icmp_ln181 & icmp_ln192 & trunc_ln181 == 34)> <Delay = 0.00>
ST_1 : Operation 317 [1/1] (0.00ns)   --->   "%br_ln194 = br void %arrayidx65_0.exit" [softmax_accel_hls.cc:194]   --->   Operation 317 'br' 'br_ln194' <Predicate = (!icmp_ln181 & icmp_ln192 & trunc_ln181 == 33)> <Delay = 0.00>
ST_1 : Operation 318 [1/1] (0.00ns)   --->   "%br_ln194 = br void %arrayidx65_0.exit" [softmax_accel_hls.cc:194]   --->   Operation 318 'br' 'br_ln194' <Predicate = (!icmp_ln181 & icmp_ln192 & trunc_ln181 == 32)> <Delay = 0.00>
ST_1 : Operation 319 [1/1] (0.00ns)   --->   "%br_ln194 = br void %arrayidx65_0.exit" [softmax_accel_hls.cc:194]   --->   Operation 319 'br' 'br_ln194' <Predicate = (!icmp_ln181 & icmp_ln192 & trunc_ln181 == 31)> <Delay = 0.00>
ST_1 : Operation 320 [1/1] (0.00ns)   --->   "%br_ln194 = br void %arrayidx65_0.exit" [softmax_accel_hls.cc:194]   --->   Operation 320 'br' 'br_ln194' <Predicate = (!icmp_ln181 & icmp_ln192 & trunc_ln181 == 30)> <Delay = 0.00>
ST_1 : Operation 321 [1/1] (0.00ns)   --->   "%br_ln194 = br void %arrayidx65_0.exit" [softmax_accel_hls.cc:194]   --->   Operation 321 'br' 'br_ln194' <Predicate = (!icmp_ln181 & icmp_ln192 & trunc_ln181 == 29)> <Delay = 0.00>
ST_1 : Operation 322 [1/1] (0.00ns)   --->   "%br_ln194 = br void %arrayidx65_0.exit" [softmax_accel_hls.cc:194]   --->   Operation 322 'br' 'br_ln194' <Predicate = (!icmp_ln181 & icmp_ln192 & trunc_ln181 == 28)> <Delay = 0.00>
ST_1 : Operation 323 [1/1] (0.00ns)   --->   "%br_ln194 = br void %arrayidx65_0.exit" [softmax_accel_hls.cc:194]   --->   Operation 323 'br' 'br_ln194' <Predicate = (!icmp_ln181 & icmp_ln192 & trunc_ln181 == 27)> <Delay = 0.00>
ST_1 : Operation 324 [1/1] (0.00ns)   --->   "%br_ln194 = br void %arrayidx65_0.exit" [softmax_accel_hls.cc:194]   --->   Operation 324 'br' 'br_ln194' <Predicate = (!icmp_ln181 & icmp_ln192 & trunc_ln181 == 26)> <Delay = 0.00>
ST_1 : Operation 325 [1/1] (0.00ns)   --->   "%br_ln194 = br void %arrayidx65_0.exit" [softmax_accel_hls.cc:194]   --->   Operation 325 'br' 'br_ln194' <Predicate = (!icmp_ln181 & icmp_ln192 & trunc_ln181 == 25)> <Delay = 0.00>
ST_1 : Operation 326 [1/1] (0.00ns)   --->   "%br_ln194 = br void %arrayidx65_0.exit" [softmax_accel_hls.cc:194]   --->   Operation 326 'br' 'br_ln194' <Predicate = (!icmp_ln181 & icmp_ln192 & trunc_ln181 == 24)> <Delay = 0.00>
ST_1 : Operation 327 [1/1] (0.00ns)   --->   "%br_ln194 = br void %arrayidx65_0.exit" [softmax_accel_hls.cc:194]   --->   Operation 327 'br' 'br_ln194' <Predicate = (!icmp_ln181 & icmp_ln192 & trunc_ln181 == 23)> <Delay = 0.00>
ST_1 : Operation 328 [1/1] (0.00ns)   --->   "%br_ln194 = br void %arrayidx65_0.exit" [softmax_accel_hls.cc:194]   --->   Operation 328 'br' 'br_ln194' <Predicate = (!icmp_ln181 & icmp_ln192 & trunc_ln181 == 22)> <Delay = 0.00>
ST_1 : Operation 329 [1/1] (0.00ns)   --->   "%br_ln194 = br void %arrayidx65_0.exit" [softmax_accel_hls.cc:194]   --->   Operation 329 'br' 'br_ln194' <Predicate = (!icmp_ln181 & icmp_ln192 & trunc_ln181 == 21)> <Delay = 0.00>
ST_1 : Operation 330 [1/1] (0.00ns)   --->   "%br_ln194 = br void %arrayidx65_0.exit" [softmax_accel_hls.cc:194]   --->   Operation 330 'br' 'br_ln194' <Predicate = (!icmp_ln181 & icmp_ln192 & trunc_ln181 == 20)> <Delay = 0.00>
ST_1 : Operation 331 [1/1] (0.00ns)   --->   "%br_ln194 = br void %arrayidx65_0.exit" [softmax_accel_hls.cc:194]   --->   Operation 331 'br' 'br_ln194' <Predicate = (!icmp_ln181 & icmp_ln192 & trunc_ln181 == 19)> <Delay = 0.00>
ST_1 : Operation 332 [1/1] (0.00ns)   --->   "%br_ln194 = br void %arrayidx65_0.exit" [softmax_accel_hls.cc:194]   --->   Operation 332 'br' 'br_ln194' <Predicate = (!icmp_ln181 & icmp_ln192 & trunc_ln181 == 18)> <Delay = 0.00>
ST_1 : Operation 333 [1/1] (0.00ns)   --->   "%br_ln194 = br void %arrayidx65_0.exit" [softmax_accel_hls.cc:194]   --->   Operation 333 'br' 'br_ln194' <Predicate = (!icmp_ln181 & icmp_ln192 & trunc_ln181 == 17)> <Delay = 0.00>
ST_1 : Operation 334 [1/1] (0.00ns)   --->   "%br_ln194 = br void %arrayidx65_0.exit" [softmax_accel_hls.cc:194]   --->   Operation 334 'br' 'br_ln194' <Predicate = (!icmp_ln181 & icmp_ln192 & trunc_ln181 == 16)> <Delay = 0.00>
ST_1 : Operation 335 [1/1] (0.00ns)   --->   "%br_ln194 = br void %arrayidx65_0.exit" [softmax_accel_hls.cc:194]   --->   Operation 335 'br' 'br_ln194' <Predicate = (!icmp_ln181 & icmp_ln192 & trunc_ln181 == 15)> <Delay = 0.00>
ST_1 : Operation 336 [1/1] (0.00ns)   --->   "%br_ln194 = br void %arrayidx65_0.exit" [softmax_accel_hls.cc:194]   --->   Operation 336 'br' 'br_ln194' <Predicate = (!icmp_ln181 & icmp_ln192 & trunc_ln181 == 14)> <Delay = 0.00>
ST_1 : Operation 337 [1/1] (0.00ns)   --->   "%br_ln194 = br void %arrayidx65_0.exit" [softmax_accel_hls.cc:194]   --->   Operation 337 'br' 'br_ln194' <Predicate = (!icmp_ln181 & icmp_ln192 & trunc_ln181 == 13)> <Delay = 0.00>
ST_1 : Operation 338 [1/1] (0.00ns)   --->   "%br_ln194 = br void %arrayidx65_0.exit" [softmax_accel_hls.cc:194]   --->   Operation 338 'br' 'br_ln194' <Predicate = (!icmp_ln181 & icmp_ln192 & trunc_ln181 == 12)> <Delay = 0.00>
ST_1 : Operation 339 [1/1] (0.00ns)   --->   "%br_ln194 = br void %arrayidx65_0.exit" [softmax_accel_hls.cc:194]   --->   Operation 339 'br' 'br_ln194' <Predicate = (!icmp_ln181 & icmp_ln192 & trunc_ln181 == 11)> <Delay = 0.00>
ST_1 : Operation 340 [1/1] (0.00ns)   --->   "%br_ln194 = br void %arrayidx65_0.exit" [softmax_accel_hls.cc:194]   --->   Operation 340 'br' 'br_ln194' <Predicate = (!icmp_ln181 & icmp_ln192 & trunc_ln181 == 10)> <Delay = 0.00>
ST_1 : Operation 341 [1/1] (0.00ns)   --->   "%br_ln194 = br void %arrayidx65_0.exit" [softmax_accel_hls.cc:194]   --->   Operation 341 'br' 'br_ln194' <Predicate = (!icmp_ln181 & icmp_ln192 & trunc_ln181 == 9)> <Delay = 0.00>
ST_1 : Operation 342 [1/1] (0.00ns)   --->   "%br_ln194 = br void %arrayidx65_0.exit" [softmax_accel_hls.cc:194]   --->   Operation 342 'br' 'br_ln194' <Predicate = (!icmp_ln181 & icmp_ln192 & trunc_ln181 == 8)> <Delay = 0.00>
ST_1 : Operation 343 [1/1] (0.00ns)   --->   "%br_ln194 = br void %arrayidx65_0.exit" [softmax_accel_hls.cc:194]   --->   Operation 343 'br' 'br_ln194' <Predicate = (!icmp_ln181 & icmp_ln192 & trunc_ln181 == 7)> <Delay = 0.00>
ST_1 : Operation 344 [1/1] (0.00ns)   --->   "%br_ln194 = br void %arrayidx65_0.exit" [softmax_accel_hls.cc:194]   --->   Operation 344 'br' 'br_ln194' <Predicate = (!icmp_ln181 & icmp_ln192 & trunc_ln181 == 6)> <Delay = 0.00>
ST_1 : Operation 345 [1/1] (0.00ns)   --->   "%br_ln194 = br void %arrayidx65_0.exit" [softmax_accel_hls.cc:194]   --->   Operation 345 'br' 'br_ln194' <Predicate = (!icmp_ln181 & icmp_ln192 & trunc_ln181 == 5)> <Delay = 0.00>
ST_1 : Operation 346 [1/1] (0.00ns)   --->   "%br_ln194 = br void %arrayidx65_0.exit" [softmax_accel_hls.cc:194]   --->   Operation 346 'br' 'br_ln194' <Predicate = (!icmp_ln181 & icmp_ln192 & trunc_ln181 == 4)> <Delay = 0.00>
ST_1 : Operation 347 [1/1] (0.00ns)   --->   "%br_ln194 = br void %arrayidx65_0.exit" [softmax_accel_hls.cc:194]   --->   Operation 347 'br' 'br_ln194' <Predicate = (!icmp_ln181 & icmp_ln192 & trunc_ln181 == 3)> <Delay = 0.00>
ST_1 : Operation 348 [1/1] (0.00ns)   --->   "%br_ln194 = br void %arrayidx65_0.exit" [softmax_accel_hls.cc:194]   --->   Operation 348 'br' 'br_ln194' <Predicate = (!icmp_ln181 & icmp_ln192 & trunc_ln181 == 2)> <Delay = 0.00>
ST_1 : Operation 349 [1/1] (0.00ns)   --->   "%br_ln194 = br void %arrayidx65_0.exit" [softmax_accel_hls.cc:194]   --->   Operation 349 'br' 'br_ln194' <Predicate = (!icmp_ln181 & icmp_ln192 & trunc_ln181 == 1)> <Delay = 0.00>
ST_1 : Operation 350 [1/1] (0.00ns)   --->   "%br_ln194 = br void %arrayidx65_0.exit" [softmax_accel_hls.cc:194]   --->   Operation 350 'br' 'br_ln194' <Predicate = (!icmp_ln181 & icmp_ln192 & trunc_ln181 == 63)> <Delay = 0.00>
ST_1 : Operation 351 [1/1] (0.00ns)   --->   "%br_ln194 = br void %arrayidx65_0.exit" [softmax_accel_hls.cc:194]   --->   Operation 351 'br' 'br_ln194' <Predicate = (!icmp_ln181 & icmp_ln192 & trunc_ln181 == 0)> <Delay = 0.00>
ST_1 : Operation 352 [1/1] (0.00ns)   --->   "%or_ln = bitconcatenate i8 @_ssdm_op_BitConcatenate.i8.i6.i2, i6 %trunc_ln181, i2 1" [softmax_accel_hls.cc:197]   --->   Operation 352 'bitconcatenate' 'or_ln' <Predicate = (!icmp_ln181)> <Delay = 0.00>
ST_1 : Operation 353 [1/1] (0.00ns)   --->   "%zext_ln197 = zext i8 %or_ln" [softmax_accel_hls.cc:197]   --->   Operation 353 'zext' 'zext_ln197' <Predicate = (!icmp_ln181)> <Delay = 0.00>
ST_1 : Operation 354 [1/1] (1.82ns)   --->   "%icmp_ln197 = icmp_ult  i9 %zext_ln197, i9 %n_read" [softmax_accel_hls.cc:197]   --->   Operation 354 'icmp' 'icmp_ln197' <Predicate = (!icmp_ln181)> <Delay = 1.82> <CoreInst = "Cmp">   --->   Core 9 'Cmp' <Latency = 0> <II = 1> <Delay = 1.82> <FuncUnit> <Opcode : 'seteq' 'setne' 'setle' 'setge' 'setlt' 'setgt'> <InPorts = 2> <OutPorts = 1>
ST_1 : Operation 355 [1/1] (1.58ns)   --->   "%br_ln197 = br i1 %icmp_ln197, void %if.end19, void %if.then10" [softmax_accel_hls.cc:197]   --->   Operation 355 'br' 'br_ln197' <Predicate = (!icmp_ln181)> <Delay = 1.58>
ST_1 : Operation 356 [1/1] (1.82ns)   --->   "%switch_ln199 = switch i6 %trunc_ln181, void %arrayidx164_1.case.0, i6 63, void %arrayidx164_1.case.63, i6 1, void %arrayidx164_1.case.1, i6 2, void %arrayidx164_1.case.2, i6 3, void %arrayidx164_1.case.3, i6 4, void %arrayidx164_1.case.4, i6 5, void %arrayidx164_1.case.5, i6 6, void %arrayidx164_1.case.6, i6 7, void %arrayidx164_1.case.7, i6 8, void %arrayidx164_1.case.8, i6 9, void %arrayidx164_1.case.9, i6 10, void %arrayidx164_1.case.10, i6 11, void %arrayidx164_1.case.11, i6 12, void %arrayidx164_1.case.12, i6 13, void %arrayidx164_1.case.13, i6 14, void %arrayidx164_1.case.14, i6 15, void %arrayidx164_1.case.15, i6 16, void %arrayidx164_1.case.16, i6 17, void %arrayidx164_1.case.17, i6 18, void %arrayidx164_1.case.18, i6 19, void %arrayidx164_1.case.19, i6 20, void %arrayidx164_1.case.20, i6 21, void %arrayidx164_1.case.21, i6 22, void %arrayidx164_1.case.22, i6 23, void %arrayidx164_1.case.23, i6 24, void %arrayidx164_1.case.24, i6 25, void %arrayidx164_1.case.25, i6 26, void %arrayidx164_1.case.26, i6 27, void %arrayidx164_1.case.27, i6 28, void %arrayidx164_1.case.28, i6 29, void %arrayidx164_1.case.29, i6 30, void %arrayidx164_1.case.30, i6 31, void %arrayidx164_1.case.31, i6 32, void %arrayidx164_1.case.32, i6 33, void %arrayidx164_1.case.33, i6 34, void %arrayidx164_1.case.34, i6 35, void %arrayidx164_1.case.35, i6 36, void %arrayidx164_1.case.36, i6 37, void %arrayidx164_1.case.37, i6 38, void %arrayidx164_1.case.38, i6 39, void %arrayidx164_1.case.39, i6 40, void %arrayidx164_1.case.40, i6 41, void %arrayidx164_1.case.41, i6 42, void %arrayidx164_1.case.42, i6 43, void %arrayidx164_1.case.43, i6 44, void %arrayidx164_1.case.44, i6 45, void %arrayidx164_1.case.45, i6 46, void %arrayidx164_1.case.46, i6 47, void %arrayidx164_1.case.47, i6 48, void %arrayidx164_1.case.48, i6 49, void %arrayidx164_1.case.49, i6 50, void %arrayidx164_1.case.50, i6 51, void %arrayidx164_1.case.51, i6 52, void %arrayidx164_1.case.52, i6 53, void %arrayidx164_1.case.53, i6 54, void %arrayidx164_1.case.54, i6 55, void %arrayidx164_1.case.55, i6 56, void %arrayidx164_1.case.56, i6 57, void %arrayidx164_1.case.57, i6 58, void %arrayidx164_1.case.58, i6 59, void %arrayidx164_1.case.59, i6 60, void %arrayidx164_1.case.60, i6 61, void %arrayidx164_1.case.61, i6 62, void %arrayidx164_1.case.62" [softmax_accel_hls.cc:199]   --->   Operation 356 'switch' 'switch_ln199' <Predicate = (!icmp_ln181 & icmp_ln197)> <Delay = 1.82>
ST_1 : Operation 357 [1/1] (0.00ns)   --->   "%br_ln199 = br void %arrayidx164_1.exit" [softmax_accel_hls.cc:199]   --->   Operation 357 'br' 'br_ln199' <Predicate = (!icmp_ln181 & trunc_ln181 == 62 & icmp_ln197)> <Delay = 0.00>
ST_1 : Operation 358 [1/1] (0.00ns)   --->   "%br_ln199 = br void %arrayidx164_1.exit" [softmax_accel_hls.cc:199]   --->   Operation 358 'br' 'br_ln199' <Predicate = (!icmp_ln181 & trunc_ln181 == 61 & icmp_ln197)> <Delay = 0.00>
ST_1 : Operation 359 [1/1] (0.00ns)   --->   "%br_ln199 = br void %arrayidx164_1.exit" [softmax_accel_hls.cc:199]   --->   Operation 359 'br' 'br_ln199' <Predicate = (!icmp_ln181 & trunc_ln181 == 60 & icmp_ln197)> <Delay = 0.00>
ST_1 : Operation 360 [1/1] (0.00ns)   --->   "%br_ln199 = br void %arrayidx164_1.exit" [softmax_accel_hls.cc:199]   --->   Operation 360 'br' 'br_ln199' <Predicate = (!icmp_ln181 & trunc_ln181 == 59 & icmp_ln197)> <Delay = 0.00>
ST_1 : Operation 361 [1/1] (0.00ns)   --->   "%br_ln199 = br void %arrayidx164_1.exit" [softmax_accel_hls.cc:199]   --->   Operation 361 'br' 'br_ln199' <Predicate = (!icmp_ln181 & trunc_ln181 == 58 & icmp_ln197)> <Delay = 0.00>
ST_1 : Operation 362 [1/1] (0.00ns)   --->   "%br_ln199 = br void %arrayidx164_1.exit" [softmax_accel_hls.cc:199]   --->   Operation 362 'br' 'br_ln199' <Predicate = (!icmp_ln181 & trunc_ln181 == 57 & icmp_ln197)> <Delay = 0.00>
ST_1 : Operation 363 [1/1] (0.00ns)   --->   "%br_ln199 = br void %arrayidx164_1.exit" [softmax_accel_hls.cc:199]   --->   Operation 363 'br' 'br_ln199' <Predicate = (!icmp_ln181 & trunc_ln181 == 56 & icmp_ln197)> <Delay = 0.00>
ST_1 : Operation 364 [1/1] (0.00ns)   --->   "%br_ln199 = br void %arrayidx164_1.exit" [softmax_accel_hls.cc:199]   --->   Operation 364 'br' 'br_ln199' <Predicate = (!icmp_ln181 & trunc_ln181 == 55 & icmp_ln197)> <Delay = 0.00>
ST_1 : Operation 365 [1/1] (0.00ns)   --->   "%br_ln199 = br void %arrayidx164_1.exit" [softmax_accel_hls.cc:199]   --->   Operation 365 'br' 'br_ln199' <Predicate = (!icmp_ln181 & trunc_ln181 == 54 & icmp_ln197)> <Delay = 0.00>
ST_1 : Operation 366 [1/1] (0.00ns)   --->   "%br_ln199 = br void %arrayidx164_1.exit" [softmax_accel_hls.cc:199]   --->   Operation 366 'br' 'br_ln199' <Predicate = (!icmp_ln181 & trunc_ln181 == 53 & icmp_ln197)> <Delay = 0.00>
ST_1 : Operation 367 [1/1] (0.00ns)   --->   "%br_ln199 = br void %arrayidx164_1.exit" [softmax_accel_hls.cc:199]   --->   Operation 367 'br' 'br_ln199' <Predicate = (!icmp_ln181 & trunc_ln181 == 52 & icmp_ln197)> <Delay = 0.00>
ST_1 : Operation 368 [1/1] (0.00ns)   --->   "%br_ln199 = br void %arrayidx164_1.exit" [softmax_accel_hls.cc:199]   --->   Operation 368 'br' 'br_ln199' <Predicate = (!icmp_ln181 & trunc_ln181 == 51 & icmp_ln197)> <Delay = 0.00>
ST_1 : Operation 369 [1/1] (0.00ns)   --->   "%br_ln199 = br void %arrayidx164_1.exit" [softmax_accel_hls.cc:199]   --->   Operation 369 'br' 'br_ln199' <Predicate = (!icmp_ln181 & trunc_ln181 == 50 & icmp_ln197)> <Delay = 0.00>
ST_1 : Operation 370 [1/1] (0.00ns)   --->   "%br_ln199 = br void %arrayidx164_1.exit" [softmax_accel_hls.cc:199]   --->   Operation 370 'br' 'br_ln199' <Predicate = (!icmp_ln181 & trunc_ln181 == 49 & icmp_ln197)> <Delay = 0.00>
ST_1 : Operation 371 [1/1] (0.00ns)   --->   "%br_ln199 = br void %arrayidx164_1.exit" [softmax_accel_hls.cc:199]   --->   Operation 371 'br' 'br_ln199' <Predicate = (!icmp_ln181 & trunc_ln181 == 48 & icmp_ln197)> <Delay = 0.00>
ST_1 : Operation 372 [1/1] (0.00ns)   --->   "%br_ln199 = br void %arrayidx164_1.exit" [softmax_accel_hls.cc:199]   --->   Operation 372 'br' 'br_ln199' <Predicate = (!icmp_ln181 & trunc_ln181 == 47 & icmp_ln197)> <Delay = 0.00>
ST_1 : Operation 373 [1/1] (0.00ns)   --->   "%br_ln199 = br void %arrayidx164_1.exit" [softmax_accel_hls.cc:199]   --->   Operation 373 'br' 'br_ln199' <Predicate = (!icmp_ln181 & trunc_ln181 == 46 & icmp_ln197)> <Delay = 0.00>
ST_1 : Operation 374 [1/1] (0.00ns)   --->   "%br_ln199 = br void %arrayidx164_1.exit" [softmax_accel_hls.cc:199]   --->   Operation 374 'br' 'br_ln199' <Predicate = (!icmp_ln181 & trunc_ln181 == 45 & icmp_ln197)> <Delay = 0.00>
ST_1 : Operation 375 [1/1] (0.00ns)   --->   "%br_ln199 = br void %arrayidx164_1.exit" [softmax_accel_hls.cc:199]   --->   Operation 375 'br' 'br_ln199' <Predicate = (!icmp_ln181 & trunc_ln181 == 44 & icmp_ln197)> <Delay = 0.00>
ST_1 : Operation 376 [1/1] (0.00ns)   --->   "%br_ln199 = br void %arrayidx164_1.exit" [softmax_accel_hls.cc:199]   --->   Operation 376 'br' 'br_ln199' <Predicate = (!icmp_ln181 & trunc_ln181 == 43 & icmp_ln197)> <Delay = 0.00>
ST_1 : Operation 377 [1/1] (0.00ns)   --->   "%br_ln199 = br void %arrayidx164_1.exit" [softmax_accel_hls.cc:199]   --->   Operation 377 'br' 'br_ln199' <Predicate = (!icmp_ln181 & trunc_ln181 == 42 & icmp_ln197)> <Delay = 0.00>
ST_1 : Operation 378 [1/1] (0.00ns)   --->   "%br_ln199 = br void %arrayidx164_1.exit" [softmax_accel_hls.cc:199]   --->   Operation 378 'br' 'br_ln199' <Predicate = (!icmp_ln181 & trunc_ln181 == 41 & icmp_ln197)> <Delay = 0.00>
ST_1 : Operation 379 [1/1] (0.00ns)   --->   "%br_ln199 = br void %arrayidx164_1.exit" [softmax_accel_hls.cc:199]   --->   Operation 379 'br' 'br_ln199' <Predicate = (!icmp_ln181 & trunc_ln181 == 40 & icmp_ln197)> <Delay = 0.00>
ST_1 : Operation 380 [1/1] (0.00ns)   --->   "%br_ln199 = br void %arrayidx164_1.exit" [softmax_accel_hls.cc:199]   --->   Operation 380 'br' 'br_ln199' <Predicate = (!icmp_ln181 & trunc_ln181 == 39 & icmp_ln197)> <Delay = 0.00>
ST_1 : Operation 381 [1/1] (0.00ns)   --->   "%br_ln199 = br void %arrayidx164_1.exit" [softmax_accel_hls.cc:199]   --->   Operation 381 'br' 'br_ln199' <Predicate = (!icmp_ln181 & trunc_ln181 == 38 & icmp_ln197)> <Delay = 0.00>
ST_1 : Operation 382 [1/1] (0.00ns)   --->   "%br_ln199 = br void %arrayidx164_1.exit" [softmax_accel_hls.cc:199]   --->   Operation 382 'br' 'br_ln199' <Predicate = (!icmp_ln181 & trunc_ln181 == 37 & icmp_ln197)> <Delay = 0.00>
ST_1 : Operation 383 [1/1] (0.00ns)   --->   "%br_ln199 = br void %arrayidx164_1.exit" [softmax_accel_hls.cc:199]   --->   Operation 383 'br' 'br_ln199' <Predicate = (!icmp_ln181 & trunc_ln181 == 36 & icmp_ln197)> <Delay = 0.00>
ST_1 : Operation 384 [1/1] (0.00ns)   --->   "%br_ln199 = br void %arrayidx164_1.exit" [softmax_accel_hls.cc:199]   --->   Operation 384 'br' 'br_ln199' <Predicate = (!icmp_ln181 & trunc_ln181 == 35 & icmp_ln197)> <Delay = 0.00>
ST_1 : Operation 385 [1/1] (0.00ns)   --->   "%br_ln199 = br void %arrayidx164_1.exit" [softmax_accel_hls.cc:199]   --->   Operation 385 'br' 'br_ln199' <Predicate = (!icmp_ln181 & trunc_ln181 == 34 & icmp_ln197)> <Delay = 0.00>
ST_1 : Operation 386 [1/1] (0.00ns)   --->   "%br_ln199 = br void %arrayidx164_1.exit" [softmax_accel_hls.cc:199]   --->   Operation 386 'br' 'br_ln199' <Predicate = (!icmp_ln181 & trunc_ln181 == 33 & icmp_ln197)> <Delay = 0.00>
ST_1 : Operation 387 [1/1] (0.00ns)   --->   "%br_ln199 = br void %arrayidx164_1.exit" [softmax_accel_hls.cc:199]   --->   Operation 387 'br' 'br_ln199' <Predicate = (!icmp_ln181 & trunc_ln181 == 32 & icmp_ln197)> <Delay = 0.00>
ST_1 : Operation 388 [1/1] (0.00ns)   --->   "%br_ln199 = br void %arrayidx164_1.exit" [softmax_accel_hls.cc:199]   --->   Operation 388 'br' 'br_ln199' <Predicate = (!icmp_ln181 & trunc_ln181 == 31 & icmp_ln197)> <Delay = 0.00>
ST_1 : Operation 389 [1/1] (0.00ns)   --->   "%br_ln199 = br void %arrayidx164_1.exit" [softmax_accel_hls.cc:199]   --->   Operation 389 'br' 'br_ln199' <Predicate = (!icmp_ln181 & trunc_ln181 == 30 & icmp_ln197)> <Delay = 0.00>
ST_1 : Operation 390 [1/1] (0.00ns)   --->   "%br_ln199 = br void %arrayidx164_1.exit" [softmax_accel_hls.cc:199]   --->   Operation 390 'br' 'br_ln199' <Predicate = (!icmp_ln181 & trunc_ln181 == 29 & icmp_ln197)> <Delay = 0.00>
ST_1 : Operation 391 [1/1] (0.00ns)   --->   "%br_ln199 = br void %arrayidx164_1.exit" [softmax_accel_hls.cc:199]   --->   Operation 391 'br' 'br_ln199' <Predicate = (!icmp_ln181 & trunc_ln181 == 28 & icmp_ln197)> <Delay = 0.00>
ST_1 : Operation 392 [1/1] (0.00ns)   --->   "%br_ln199 = br void %arrayidx164_1.exit" [softmax_accel_hls.cc:199]   --->   Operation 392 'br' 'br_ln199' <Predicate = (!icmp_ln181 & trunc_ln181 == 27 & icmp_ln197)> <Delay = 0.00>
ST_1 : Operation 393 [1/1] (0.00ns)   --->   "%br_ln199 = br void %arrayidx164_1.exit" [softmax_accel_hls.cc:199]   --->   Operation 393 'br' 'br_ln199' <Predicate = (!icmp_ln181 & trunc_ln181 == 26 & icmp_ln197)> <Delay = 0.00>
ST_1 : Operation 394 [1/1] (0.00ns)   --->   "%br_ln199 = br void %arrayidx164_1.exit" [softmax_accel_hls.cc:199]   --->   Operation 394 'br' 'br_ln199' <Predicate = (!icmp_ln181 & trunc_ln181 == 25 & icmp_ln197)> <Delay = 0.00>
ST_1 : Operation 395 [1/1] (0.00ns)   --->   "%br_ln199 = br void %arrayidx164_1.exit" [softmax_accel_hls.cc:199]   --->   Operation 395 'br' 'br_ln199' <Predicate = (!icmp_ln181 & trunc_ln181 == 24 & icmp_ln197)> <Delay = 0.00>
ST_1 : Operation 396 [1/1] (0.00ns)   --->   "%br_ln199 = br void %arrayidx164_1.exit" [softmax_accel_hls.cc:199]   --->   Operation 396 'br' 'br_ln199' <Predicate = (!icmp_ln181 & trunc_ln181 == 23 & icmp_ln197)> <Delay = 0.00>
ST_1 : Operation 397 [1/1] (0.00ns)   --->   "%br_ln199 = br void %arrayidx164_1.exit" [softmax_accel_hls.cc:199]   --->   Operation 397 'br' 'br_ln199' <Predicate = (!icmp_ln181 & trunc_ln181 == 22 & icmp_ln197)> <Delay = 0.00>
ST_1 : Operation 398 [1/1] (0.00ns)   --->   "%br_ln199 = br void %arrayidx164_1.exit" [softmax_accel_hls.cc:199]   --->   Operation 398 'br' 'br_ln199' <Predicate = (!icmp_ln181 & trunc_ln181 == 21 & icmp_ln197)> <Delay = 0.00>
ST_1 : Operation 399 [1/1] (0.00ns)   --->   "%br_ln199 = br void %arrayidx164_1.exit" [softmax_accel_hls.cc:199]   --->   Operation 399 'br' 'br_ln199' <Predicate = (!icmp_ln181 & trunc_ln181 == 20 & icmp_ln197)> <Delay = 0.00>
ST_1 : Operation 400 [1/1] (0.00ns)   --->   "%br_ln199 = br void %arrayidx164_1.exit" [softmax_accel_hls.cc:199]   --->   Operation 400 'br' 'br_ln199' <Predicate = (!icmp_ln181 & trunc_ln181 == 19 & icmp_ln197)> <Delay = 0.00>
ST_1 : Operation 401 [1/1] (0.00ns)   --->   "%br_ln199 = br void %arrayidx164_1.exit" [softmax_accel_hls.cc:199]   --->   Operation 401 'br' 'br_ln199' <Predicate = (!icmp_ln181 & trunc_ln181 == 18 & icmp_ln197)> <Delay = 0.00>
ST_1 : Operation 402 [1/1] (0.00ns)   --->   "%br_ln199 = br void %arrayidx164_1.exit" [softmax_accel_hls.cc:199]   --->   Operation 402 'br' 'br_ln199' <Predicate = (!icmp_ln181 & trunc_ln181 == 17 & icmp_ln197)> <Delay = 0.00>
ST_1 : Operation 403 [1/1] (0.00ns)   --->   "%br_ln199 = br void %arrayidx164_1.exit" [softmax_accel_hls.cc:199]   --->   Operation 403 'br' 'br_ln199' <Predicate = (!icmp_ln181 & trunc_ln181 == 16 & icmp_ln197)> <Delay = 0.00>
ST_1 : Operation 404 [1/1] (0.00ns)   --->   "%br_ln199 = br void %arrayidx164_1.exit" [softmax_accel_hls.cc:199]   --->   Operation 404 'br' 'br_ln199' <Predicate = (!icmp_ln181 & trunc_ln181 == 15 & icmp_ln197)> <Delay = 0.00>
ST_1 : Operation 405 [1/1] (0.00ns)   --->   "%br_ln199 = br void %arrayidx164_1.exit" [softmax_accel_hls.cc:199]   --->   Operation 405 'br' 'br_ln199' <Predicate = (!icmp_ln181 & trunc_ln181 == 14 & icmp_ln197)> <Delay = 0.00>
ST_1 : Operation 406 [1/1] (0.00ns)   --->   "%br_ln199 = br void %arrayidx164_1.exit" [softmax_accel_hls.cc:199]   --->   Operation 406 'br' 'br_ln199' <Predicate = (!icmp_ln181 & trunc_ln181 == 13 & icmp_ln197)> <Delay = 0.00>
ST_1 : Operation 407 [1/1] (0.00ns)   --->   "%br_ln199 = br void %arrayidx164_1.exit" [softmax_accel_hls.cc:199]   --->   Operation 407 'br' 'br_ln199' <Predicate = (!icmp_ln181 & trunc_ln181 == 12 & icmp_ln197)> <Delay = 0.00>
ST_1 : Operation 408 [1/1] (0.00ns)   --->   "%br_ln199 = br void %arrayidx164_1.exit" [softmax_accel_hls.cc:199]   --->   Operation 408 'br' 'br_ln199' <Predicate = (!icmp_ln181 & trunc_ln181 == 11 & icmp_ln197)> <Delay = 0.00>
ST_1 : Operation 409 [1/1] (0.00ns)   --->   "%br_ln199 = br void %arrayidx164_1.exit" [softmax_accel_hls.cc:199]   --->   Operation 409 'br' 'br_ln199' <Predicate = (!icmp_ln181 & trunc_ln181 == 10 & icmp_ln197)> <Delay = 0.00>
ST_1 : Operation 410 [1/1] (0.00ns)   --->   "%br_ln199 = br void %arrayidx164_1.exit" [softmax_accel_hls.cc:199]   --->   Operation 410 'br' 'br_ln199' <Predicate = (!icmp_ln181 & trunc_ln181 == 9 & icmp_ln197)> <Delay = 0.00>
ST_1 : Operation 411 [1/1] (0.00ns)   --->   "%br_ln199 = br void %arrayidx164_1.exit" [softmax_accel_hls.cc:199]   --->   Operation 411 'br' 'br_ln199' <Predicate = (!icmp_ln181 & trunc_ln181 == 8 & icmp_ln197)> <Delay = 0.00>
ST_1 : Operation 412 [1/1] (0.00ns)   --->   "%br_ln199 = br void %arrayidx164_1.exit" [softmax_accel_hls.cc:199]   --->   Operation 412 'br' 'br_ln199' <Predicate = (!icmp_ln181 & trunc_ln181 == 7 & icmp_ln197)> <Delay = 0.00>
ST_1 : Operation 413 [1/1] (0.00ns)   --->   "%br_ln199 = br void %arrayidx164_1.exit" [softmax_accel_hls.cc:199]   --->   Operation 413 'br' 'br_ln199' <Predicate = (!icmp_ln181 & trunc_ln181 == 6 & icmp_ln197)> <Delay = 0.00>
ST_1 : Operation 414 [1/1] (0.00ns)   --->   "%br_ln199 = br void %arrayidx164_1.exit" [softmax_accel_hls.cc:199]   --->   Operation 414 'br' 'br_ln199' <Predicate = (!icmp_ln181 & trunc_ln181 == 5 & icmp_ln197)> <Delay = 0.00>
ST_1 : Operation 415 [1/1] (0.00ns)   --->   "%br_ln199 = br void %arrayidx164_1.exit" [softmax_accel_hls.cc:199]   --->   Operation 415 'br' 'br_ln199' <Predicate = (!icmp_ln181 & trunc_ln181 == 4 & icmp_ln197)> <Delay = 0.00>
ST_1 : Operation 416 [1/1] (0.00ns)   --->   "%br_ln199 = br void %arrayidx164_1.exit" [softmax_accel_hls.cc:199]   --->   Operation 416 'br' 'br_ln199' <Predicate = (!icmp_ln181 & trunc_ln181 == 3 & icmp_ln197)> <Delay = 0.00>
ST_1 : Operation 417 [1/1] (0.00ns)   --->   "%br_ln199 = br void %arrayidx164_1.exit" [softmax_accel_hls.cc:199]   --->   Operation 417 'br' 'br_ln199' <Predicate = (!icmp_ln181 & trunc_ln181 == 2 & icmp_ln197)> <Delay = 0.00>
ST_1 : Operation 418 [1/1] (0.00ns)   --->   "%br_ln199 = br void %arrayidx164_1.exit" [softmax_accel_hls.cc:199]   --->   Operation 418 'br' 'br_ln199' <Predicate = (!icmp_ln181 & trunc_ln181 == 1 & icmp_ln197)> <Delay = 0.00>
ST_1 : Operation 419 [1/1] (0.00ns)   --->   "%br_ln199 = br void %arrayidx164_1.exit" [softmax_accel_hls.cc:199]   --->   Operation 419 'br' 'br_ln199' <Predicate = (!icmp_ln181 & trunc_ln181 == 63 & icmp_ln197)> <Delay = 0.00>
ST_1 : Operation 420 [1/1] (0.00ns)   --->   "%br_ln199 = br void %arrayidx164_1.exit" [softmax_accel_hls.cc:199]   --->   Operation 420 'br' 'br_ln199' <Predicate = (!icmp_ln181 & trunc_ln181 == 0 & icmp_ln197)> <Delay = 0.00>
ST_1 : Operation 421 [1/1] (0.00ns)   --->   "%or_ln1 = bitconcatenate i8 @_ssdm_op_BitConcatenate.i8.i6.i2, i6 %trunc_ln181, i2 2" [softmax_accel_hls.cc:202]   --->   Operation 421 'bitconcatenate' 'or_ln1' <Predicate = (!icmp_ln181)> <Delay = 0.00>
ST_1 : Operation 422 [1/1] (0.00ns)   --->   "%zext_ln202 = zext i8 %or_ln1" [softmax_accel_hls.cc:202]   --->   Operation 422 'zext' 'zext_ln202' <Predicate = (!icmp_ln181)> <Delay = 0.00>
ST_1 : Operation 423 [1/1] (1.82ns)   --->   "%icmp_ln202 = icmp_ult  i9 %zext_ln202, i9 %n_read" [softmax_accel_hls.cc:202]   --->   Operation 423 'icmp' 'icmp_ln202' <Predicate = (!icmp_ln181)> <Delay = 1.82> <CoreInst = "Cmp">   --->   Core 9 'Cmp' <Latency = 0> <II = 1> <Delay = 1.82> <FuncUnit> <Opcode : 'seteq' 'setne' 'setle' 'setge' 'setlt' 'setgt'> <InPorts = 2> <OutPorts = 1>
ST_1 : Operation 424 [1/1] (1.58ns)   --->   "%br_ln202 = br i1 %icmp_ln202, void %if.end31, void %if.then22" [softmax_accel_hls.cc:202]   --->   Operation 424 'br' 'br_ln202' <Predicate = (!icmp_ln181)> <Delay = 1.58>
ST_1 : Operation 425 [1/1] (1.82ns)   --->   "%switch_ln204 = switch i6 %trunc_ln181, void %arrayidx283_2.case.0, i6 63, void %arrayidx283_2.case.63, i6 1, void %arrayidx283_2.case.1, i6 2, void %arrayidx283_2.case.2, i6 3, void %arrayidx283_2.case.3, i6 4, void %arrayidx283_2.case.4, i6 5, void %arrayidx283_2.case.5, i6 6, void %arrayidx283_2.case.6, i6 7, void %arrayidx283_2.case.7, i6 8, void %arrayidx283_2.case.8, i6 9, void %arrayidx283_2.case.9, i6 10, void %arrayidx283_2.case.10, i6 11, void %arrayidx283_2.case.11, i6 12, void %arrayidx283_2.case.12, i6 13, void %arrayidx283_2.case.13, i6 14, void %arrayidx283_2.case.14, i6 15, void %arrayidx283_2.case.15, i6 16, void %arrayidx283_2.case.16, i6 17, void %arrayidx283_2.case.17, i6 18, void %arrayidx283_2.case.18, i6 19, void %arrayidx283_2.case.19, i6 20, void %arrayidx283_2.case.20, i6 21, void %arrayidx283_2.case.21, i6 22, void %arrayidx283_2.case.22, i6 23, void %arrayidx283_2.case.23, i6 24, void %arrayidx283_2.case.24, i6 25, void %arrayidx283_2.case.25, i6 26, void %arrayidx283_2.case.26, i6 27, void %arrayidx283_2.case.27, i6 28, void %arrayidx283_2.case.28, i6 29, void %arrayidx283_2.case.29, i6 30, void %arrayidx283_2.case.30, i6 31, void %arrayidx283_2.case.31, i6 32, void %arrayidx283_2.case.32, i6 33, void %arrayidx283_2.case.33, i6 34, void %arrayidx283_2.case.34, i6 35, void %arrayidx283_2.case.35, i6 36, void %arrayidx283_2.case.36, i6 37, void %arrayidx283_2.case.37, i6 38, void %arrayidx283_2.case.38, i6 39, void %arrayidx283_2.case.39, i6 40, void %arrayidx283_2.case.40, i6 41, void %arrayidx283_2.case.41, i6 42, void %arrayidx283_2.case.42, i6 43, void %arrayidx283_2.case.43, i6 44, void %arrayidx283_2.case.44, i6 45, void %arrayidx283_2.case.45, i6 46, void %arrayidx283_2.case.46, i6 47, void %arrayidx283_2.case.47, i6 48, void %arrayidx283_2.case.48, i6 49, void %arrayidx283_2.case.49, i6 50, void %arrayidx283_2.case.50, i6 51, void %arrayidx283_2.case.51, i6 52, void %arrayidx283_2.case.52, i6 53, void %arrayidx283_2.case.53, i6 54, void %arrayidx283_2.case.54, i6 55, void %arrayidx283_2.case.55, i6 56, void %arrayidx283_2.case.56, i6 57, void %arrayidx283_2.case.57, i6 58, void %arrayidx283_2.case.58, i6 59, void %arrayidx283_2.case.59, i6 60, void %arrayidx283_2.case.60, i6 61, void %arrayidx283_2.case.61, i6 62, void %arrayidx283_2.case.62" [softmax_accel_hls.cc:204]   --->   Operation 425 'switch' 'switch_ln204' <Predicate = (!icmp_ln181 & icmp_ln202)> <Delay = 1.82>
ST_1 : Operation 426 [1/1] (0.00ns)   --->   "%br_ln204 = br void %arrayidx283_2.exit" [softmax_accel_hls.cc:204]   --->   Operation 426 'br' 'br_ln204' <Predicate = (!icmp_ln181 & trunc_ln181 == 62 & icmp_ln202)> <Delay = 0.00>
ST_1 : Operation 427 [1/1] (0.00ns)   --->   "%br_ln204 = br void %arrayidx283_2.exit" [softmax_accel_hls.cc:204]   --->   Operation 427 'br' 'br_ln204' <Predicate = (!icmp_ln181 & trunc_ln181 == 61 & icmp_ln202)> <Delay = 0.00>
ST_1 : Operation 428 [1/1] (0.00ns)   --->   "%br_ln204 = br void %arrayidx283_2.exit" [softmax_accel_hls.cc:204]   --->   Operation 428 'br' 'br_ln204' <Predicate = (!icmp_ln181 & trunc_ln181 == 60 & icmp_ln202)> <Delay = 0.00>
ST_1 : Operation 429 [1/1] (0.00ns)   --->   "%br_ln204 = br void %arrayidx283_2.exit" [softmax_accel_hls.cc:204]   --->   Operation 429 'br' 'br_ln204' <Predicate = (!icmp_ln181 & trunc_ln181 == 59 & icmp_ln202)> <Delay = 0.00>
ST_1 : Operation 430 [1/1] (0.00ns)   --->   "%br_ln204 = br void %arrayidx283_2.exit" [softmax_accel_hls.cc:204]   --->   Operation 430 'br' 'br_ln204' <Predicate = (!icmp_ln181 & trunc_ln181 == 58 & icmp_ln202)> <Delay = 0.00>
ST_1 : Operation 431 [1/1] (0.00ns)   --->   "%br_ln204 = br void %arrayidx283_2.exit" [softmax_accel_hls.cc:204]   --->   Operation 431 'br' 'br_ln204' <Predicate = (!icmp_ln181 & trunc_ln181 == 57 & icmp_ln202)> <Delay = 0.00>
ST_1 : Operation 432 [1/1] (0.00ns)   --->   "%br_ln204 = br void %arrayidx283_2.exit" [softmax_accel_hls.cc:204]   --->   Operation 432 'br' 'br_ln204' <Predicate = (!icmp_ln181 & trunc_ln181 == 56 & icmp_ln202)> <Delay = 0.00>
ST_1 : Operation 433 [1/1] (0.00ns)   --->   "%br_ln204 = br void %arrayidx283_2.exit" [softmax_accel_hls.cc:204]   --->   Operation 433 'br' 'br_ln204' <Predicate = (!icmp_ln181 & trunc_ln181 == 55 & icmp_ln202)> <Delay = 0.00>
ST_1 : Operation 434 [1/1] (0.00ns)   --->   "%br_ln204 = br void %arrayidx283_2.exit" [softmax_accel_hls.cc:204]   --->   Operation 434 'br' 'br_ln204' <Predicate = (!icmp_ln181 & trunc_ln181 == 54 & icmp_ln202)> <Delay = 0.00>
ST_1 : Operation 435 [1/1] (0.00ns)   --->   "%br_ln204 = br void %arrayidx283_2.exit" [softmax_accel_hls.cc:204]   --->   Operation 435 'br' 'br_ln204' <Predicate = (!icmp_ln181 & trunc_ln181 == 53 & icmp_ln202)> <Delay = 0.00>
ST_1 : Operation 436 [1/1] (0.00ns)   --->   "%br_ln204 = br void %arrayidx283_2.exit" [softmax_accel_hls.cc:204]   --->   Operation 436 'br' 'br_ln204' <Predicate = (!icmp_ln181 & trunc_ln181 == 52 & icmp_ln202)> <Delay = 0.00>
ST_1 : Operation 437 [1/1] (0.00ns)   --->   "%br_ln204 = br void %arrayidx283_2.exit" [softmax_accel_hls.cc:204]   --->   Operation 437 'br' 'br_ln204' <Predicate = (!icmp_ln181 & trunc_ln181 == 51 & icmp_ln202)> <Delay = 0.00>
ST_1 : Operation 438 [1/1] (0.00ns)   --->   "%br_ln204 = br void %arrayidx283_2.exit" [softmax_accel_hls.cc:204]   --->   Operation 438 'br' 'br_ln204' <Predicate = (!icmp_ln181 & trunc_ln181 == 50 & icmp_ln202)> <Delay = 0.00>
ST_1 : Operation 439 [1/1] (0.00ns)   --->   "%br_ln204 = br void %arrayidx283_2.exit" [softmax_accel_hls.cc:204]   --->   Operation 439 'br' 'br_ln204' <Predicate = (!icmp_ln181 & trunc_ln181 == 49 & icmp_ln202)> <Delay = 0.00>
ST_1 : Operation 440 [1/1] (0.00ns)   --->   "%br_ln204 = br void %arrayidx283_2.exit" [softmax_accel_hls.cc:204]   --->   Operation 440 'br' 'br_ln204' <Predicate = (!icmp_ln181 & trunc_ln181 == 48 & icmp_ln202)> <Delay = 0.00>
ST_1 : Operation 441 [1/1] (0.00ns)   --->   "%br_ln204 = br void %arrayidx283_2.exit" [softmax_accel_hls.cc:204]   --->   Operation 441 'br' 'br_ln204' <Predicate = (!icmp_ln181 & trunc_ln181 == 47 & icmp_ln202)> <Delay = 0.00>
ST_1 : Operation 442 [1/1] (0.00ns)   --->   "%br_ln204 = br void %arrayidx283_2.exit" [softmax_accel_hls.cc:204]   --->   Operation 442 'br' 'br_ln204' <Predicate = (!icmp_ln181 & trunc_ln181 == 46 & icmp_ln202)> <Delay = 0.00>
ST_1 : Operation 443 [1/1] (0.00ns)   --->   "%br_ln204 = br void %arrayidx283_2.exit" [softmax_accel_hls.cc:204]   --->   Operation 443 'br' 'br_ln204' <Predicate = (!icmp_ln181 & trunc_ln181 == 45 & icmp_ln202)> <Delay = 0.00>
ST_1 : Operation 444 [1/1] (0.00ns)   --->   "%br_ln204 = br void %arrayidx283_2.exit" [softmax_accel_hls.cc:204]   --->   Operation 444 'br' 'br_ln204' <Predicate = (!icmp_ln181 & trunc_ln181 == 44 & icmp_ln202)> <Delay = 0.00>
ST_1 : Operation 445 [1/1] (0.00ns)   --->   "%br_ln204 = br void %arrayidx283_2.exit" [softmax_accel_hls.cc:204]   --->   Operation 445 'br' 'br_ln204' <Predicate = (!icmp_ln181 & trunc_ln181 == 43 & icmp_ln202)> <Delay = 0.00>
ST_1 : Operation 446 [1/1] (0.00ns)   --->   "%br_ln204 = br void %arrayidx283_2.exit" [softmax_accel_hls.cc:204]   --->   Operation 446 'br' 'br_ln204' <Predicate = (!icmp_ln181 & trunc_ln181 == 42 & icmp_ln202)> <Delay = 0.00>
ST_1 : Operation 447 [1/1] (0.00ns)   --->   "%br_ln204 = br void %arrayidx283_2.exit" [softmax_accel_hls.cc:204]   --->   Operation 447 'br' 'br_ln204' <Predicate = (!icmp_ln181 & trunc_ln181 == 41 & icmp_ln202)> <Delay = 0.00>
ST_1 : Operation 448 [1/1] (0.00ns)   --->   "%br_ln204 = br void %arrayidx283_2.exit" [softmax_accel_hls.cc:204]   --->   Operation 448 'br' 'br_ln204' <Predicate = (!icmp_ln181 & trunc_ln181 == 40 & icmp_ln202)> <Delay = 0.00>
ST_1 : Operation 449 [1/1] (0.00ns)   --->   "%br_ln204 = br void %arrayidx283_2.exit" [softmax_accel_hls.cc:204]   --->   Operation 449 'br' 'br_ln204' <Predicate = (!icmp_ln181 & trunc_ln181 == 39 & icmp_ln202)> <Delay = 0.00>
ST_1 : Operation 450 [1/1] (0.00ns)   --->   "%br_ln204 = br void %arrayidx283_2.exit" [softmax_accel_hls.cc:204]   --->   Operation 450 'br' 'br_ln204' <Predicate = (!icmp_ln181 & trunc_ln181 == 38 & icmp_ln202)> <Delay = 0.00>
ST_1 : Operation 451 [1/1] (0.00ns)   --->   "%br_ln204 = br void %arrayidx283_2.exit" [softmax_accel_hls.cc:204]   --->   Operation 451 'br' 'br_ln204' <Predicate = (!icmp_ln181 & trunc_ln181 == 37 & icmp_ln202)> <Delay = 0.00>
ST_1 : Operation 452 [1/1] (0.00ns)   --->   "%br_ln204 = br void %arrayidx283_2.exit" [softmax_accel_hls.cc:204]   --->   Operation 452 'br' 'br_ln204' <Predicate = (!icmp_ln181 & trunc_ln181 == 36 & icmp_ln202)> <Delay = 0.00>
ST_1 : Operation 453 [1/1] (0.00ns)   --->   "%br_ln204 = br void %arrayidx283_2.exit" [softmax_accel_hls.cc:204]   --->   Operation 453 'br' 'br_ln204' <Predicate = (!icmp_ln181 & trunc_ln181 == 35 & icmp_ln202)> <Delay = 0.00>
ST_1 : Operation 454 [1/1] (0.00ns)   --->   "%br_ln204 = br void %arrayidx283_2.exit" [softmax_accel_hls.cc:204]   --->   Operation 454 'br' 'br_ln204' <Predicate = (!icmp_ln181 & trunc_ln181 == 34 & icmp_ln202)> <Delay = 0.00>
ST_1 : Operation 455 [1/1] (0.00ns)   --->   "%br_ln204 = br void %arrayidx283_2.exit" [softmax_accel_hls.cc:204]   --->   Operation 455 'br' 'br_ln204' <Predicate = (!icmp_ln181 & trunc_ln181 == 33 & icmp_ln202)> <Delay = 0.00>
ST_1 : Operation 456 [1/1] (0.00ns)   --->   "%br_ln204 = br void %arrayidx283_2.exit" [softmax_accel_hls.cc:204]   --->   Operation 456 'br' 'br_ln204' <Predicate = (!icmp_ln181 & trunc_ln181 == 32 & icmp_ln202)> <Delay = 0.00>
ST_1 : Operation 457 [1/1] (0.00ns)   --->   "%br_ln204 = br void %arrayidx283_2.exit" [softmax_accel_hls.cc:204]   --->   Operation 457 'br' 'br_ln204' <Predicate = (!icmp_ln181 & trunc_ln181 == 31 & icmp_ln202)> <Delay = 0.00>
ST_1 : Operation 458 [1/1] (0.00ns)   --->   "%br_ln204 = br void %arrayidx283_2.exit" [softmax_accel_hls.cc:204]   --->   Operation 458 'br' 'br_ln204' <Predicate = (!icmp_ln181 & trunc_ln181 == 30 & icmp_ln202)> <Delay = 0.00>
ST_1 : Operation 459 [1/1] (0.00ns)   --->   "%br_ln204 = br void %arrayidx283_2.exit" [softmax_accel_hls.cc:204]   --->   Operation 459 'br' 'br_ln204' <Predicate = (!icmp_ln181 & trunc_ln181 == 29 & icmp_ln202)> <Delay = 0.00>
ST_1 : Operation 460 [1/1] (0.00ns)   --->   "%br_ln204 = br void %arrayidx283_2.exit" [softmax_accel_hls.cc:204]   --->   Operation 460 'br' 'br_ln204' <Predicate = (!icmp_ln181 & trunc_ln181 == 28 & icmp_ln202)> <Delay = 0.00>
ST_1 : Operation 461 [1/1] (0.00ns)   --->   "%br_ln204 = br void %arrayidx283_2.exit" [softmax_accel_hls.cc:204]   --->   Operation 461 'br' 'br_ln204' <Predicate = (!icmp_ln181 & trunc_ln181 == 27 & icmp_ln202)> <Delay = 0.00>
ST_1 : Operation 462 [1/1] (0.00ns)   --->   "%br_ln204 = br void %arrayidx283_2.exit" [softmax_accel_hls.cc:204]   --->   Operation 462 'br' 'br_ln204' <Predicate = (!icmp_ln181 & trunc_ln181 == 26 & icmp_ln202)> <Delay = 0.00>
ST_1 : Operation 463 [1/1] (0.00ns)   --->   "%br_ln204 = br void %arrayidx283_2.exit" [softmax_accel_hls.cc:204]   --->   Operation 463 'br' 'br_ln204' <Predicate = (!icmp_ln181 & trunc_ln181 == 25 & icmp_ln202)> <Delay = 0.00>
ST_1 : Operation 464 [1/1] (0.00ns)   --->   "%br_ln204 = br void %arrayidx283_2.exit" [softmax_accel_hls.cc:204]   --->   Operation 464 'br' 'br_ln204' <Predicate = (!icmp_ln181 & trunc_ln181 == 24 & icmp_ln202)> <Delay = 0.00>
ST_1 : Operation 465 [1/1] (0.00ns)   --->   "%br_ln204 = br void %arrayidx283_2.exit" [softmax_accel_hls.cc:204]   --->   Operation 465 'br' 'br_ln204' <Predicate = (!icmp_ln181 & trunc_ln181 == 23 & icmp_ln202)> <Delay = 0.00>
ST_1 : Operation 466 [1/1] (0.00ns)   --->   "%br_ln204 = br void %arrayidx283_2.exit" [softmax_accel_hls.cc:204]   --->   Operation 466 'br' 'br_ln204' <Predicate = (!icmp_ln181 & trunc_ln181 == 22 & icmp_ln202)> <Delay = 0.00>
ST_1 : Operation 467 [1/1] (0.00ns)   --->   "%br_ln204 = br void %arrayidx283_2.exit" [softmax_accel_hls.cc:204]   --->   Operation 467 'br' 'br_ln204' <Predicate = (!icmp_ln181 & trunc_ln181 == 21 & icmp_ln202)> <Delay = 0.00>
ST_1 : Operation 468 [1/1] (0.00ns)   --->   "%br_ln204 = br void %arrayidx283_2.exit" [softmax_accel_hls.cc:204]   --->   Operation 468 'br' 'br_ln204' <Predicate = (!icmp_ln181 & trunc_ln181 == 20 & icmp_ln202)> <Delay = 0.00>
ST_1 : Operation 469 [1/1] (0.00ns)   --->   "%br_ln204 = br void %arrayidx283_2.exit" [softmax_accel_hls.cc:204]   --->   Operation 469 'br' 'br_ln204' <Predicate = (!icmp_ln181 & trunc_ln181 == 19 & icmp_ln202)> <Delay = 0.00>
ST_1 : Operation 470 [1/1] (0.00ns)   --->   "%br_ln204 = br void %arrayidx283_2.exit" [softmax_accel_hls.cc:204]   --->   Operation 470 'br' 'br_ln204' <Predicate = (!icmp_ln181 & trunc_ln181 == 18 & icmp_ln202)> <Delay = 0.00>
ST_1 : Operation 471 [1/1] (0.00ns)   --->   "%br_ln204 = br void %arrayidx283_2.exit" [softmax_accel_hls.cc:204]   --->   Operation 471 'br' 'br_ln204' <Predicate = (!icmp_ln181 & trunc_ln181 == 17 & icmp_ln202)> <Delay = 0.00>
ST_1 : Operation 472 [1/1] (0.00ns)   --->   "%br_ln204 = br void %arrayidx283_2.exit" [softmax_accel_hls.cc:204]   --->   Operation 472 'br' 'br_ln204' <Predicate = (!icmp_ln181 & trunc_ln181 == 16 & icmp_ln202)> <Delay = 0.00>
ST_1 : Operation 473 [1/1] (0.00ns)   --->   "%br_ln204 = br void %arrayidx283_2.exit" [softmax_accel_hls.cc:204]   --->   Operation 473 'br' 'br_ln204' <Predicate = (!icmp_ln181 & trunc_ln181 == 15 & icmp_ln202)> <Delay = 0.00>
ST_1 : Operation 474 [1/1] (0.00ns)   --->   "%br_ln204 = br void %arrayidx283_2.exit" [softmax_accel_hls.cc:204]   --->   Operation 474 'br' 'br_ln204' <Predicate = (!icmp_ln181 & trunc_ln181 == 14 & icmp_ln202)> <Delay = 0.00>
ST_1 : Operation 475 [1/1] (0.00ns)   --->   "%br_ln204 = br void %arrayidx283_2.exit" [softmax_accel_hls.cc:204]   --->   Operation 475 'br' 'br_ln204' <Predicate = (!icmp_ln181 & trunc_ln181 == 13 & icmp_ln202)> <Delay = 0.00>
ST_1 : Operation 476 [1/1] (0.00ns)   --->   "%br_ln204 = br void %arrayidx283_2.exit" [softmax_accel_hls.cc:204]   --->   Operation 476 'br' 'br_ln204' <Predicate = (!icmp_ln181 & trunc_ln181 == 12 & icmp_ln202)> <Delay = 0.00>
ST_1 : Operation 477 [1/1] (0.00ns)   --->   "%br_ln204 = br void %arrayidx283_2.exit" [softmax_accel_hls.cc:204]   --->   Operation 477 'br' 'br_ln204' <Predicate = (!icmp_ln181 & trunc_ln181 == 11 & icmp_ln202)> <Delay = 0.00>
ST_1 : Operation 478 [1/1] (0.00ns)   --->   "%br_ln204 = br void %arrayidx283_2.exit" [softmax_accel_hls.cc:204]   --->   Operation 478 'br' 'br_ln204' <Predicate = (!icmp_ln181 & trunc_ln181 == 10 & icmp_ln202)> <Delay = 0.00>
ST_1 : Operation 479 [1/1] (0.00ns)   --->   "%br_ln204 = br void %arrayidx283_2.exit" [softmax_accel_hls.cc:204]   --->   Operation 479 'br' 'br_ln204' <Predicate = (!icmp_ln181 & trunc_ln181 == 9 & icmp_ln202)> <Delay = 0.00>
ST_1 : Operation 480 [1/1] (0.00ns)   --->   "%br_ln204 = br void %arrayidx283_2.exit" [softmax_accel_hls.cc:204]   --->   Operation 480 'br' 'br_ln204' <Predicate = (!icmp_ln181 & trunc_ln181 == 8 & icmp_ln202)> <Delay = 0.00>
ST_1 : Operation 481 [1/1] (0.00ns)   --->   "%br_ln204 = br void %arrayidx283_2.exit" [softmax_accel_hls.cc:204]   --->   Operation 481 'br' 'br_ln204' <Predicate = (!icmp_ln181 & trunc_ln181 == 7 & icmp_ln202)> <Delay = 0.00>
ST_1 : Operation 482 [1/1] (0.00ns)   --->   "%br_ln204 = br void %arrayidx283_2.exit" [softmax_accel_hls.cc:204]   --->   Operation 482 'br' 'br_ln204' <Predicate = (!icmp_ln181 & trunc_ln181 == 6 & icmp_ln202)> <Delay = 0.00>
ST_1 : Operation 483 [1/1] (0.00ns)   --->   "%br_ln204 = br void %arrayidx283_2.exit" [softmax_accel_hls.cc:204]   --->   Operation 483 'br' 'br_ln204' <Predicate = (!icmp_ln181 & trunc_ln181 == 5 & icmp_ln202)> <Delay = 0.00>
ST_1 : Operation 484 [1/1] (0.00ns)   --->   "%br_ln204 = br void %arrayidx283_2.exit" [softmax_accel_hls.cc:204]   --->   Operation 484 'br' 'br_ln204' <Predicate = (!icmp_ln181 & trunc_ln181 == 4 & icmp_ln202)> <Delay = 0.00>
ST_1 : Operation 485 [1/1] (0.00ns)   --->   "%br_ln204 = br void %arrayidx283_2.exit" [softmax_accel_hls.cc:204]   --->   Operation 485 'br' 'br_ln204' <Predicate = (!icmp_ln181 & trunc_ln181 == 3 & icmp_ln202)> <Delay = 0.00>
ST_1 : Operation 486 [1/1] (0.00ns)   --->   "%br_ln204 = br void %arrayidx283_2.exit" [softmax_accel_hls.cc:204]   --->   Operation 486 'br' 'br_ln204' <Predicate = (!icmp_ln181 & trunc_ln181 == 2 & icmp_ln202)> <Delay = 0.00>
ST_1 : Operation 487 [1/1] (0.00ns)   --->   "%br_ln204 = br void %arrayidx283_2.exit" [softmax_accel_hls.cc:204]   --->   Operation 487 'br' 'br_ln204' <Predicate = (!icmp_ln181 & trunc_ln181 == 1 & icmp_ln202)> <Delay = 0.00>
ST_1 : Operation 488 [1/1] (0.00ns)   --->   "%br_ln204 = br void %arrayidx283_2.exit" [softmax_accel_hls.cc:204]   --->   Operation 488 'br' 'br_ln204' <Predicate = (!icmp_ln181 & trunc_ln181 == 63 & icmp_ln202)> <Delay = 0.00>
ST_1 : Operation 489 [1/1] (0.00ns)   --->   "%br_ln204 = br void %arrayidx283_2.exit" [softmax_accel_hls.cc:204]   --->   Operation 489 'br' 'br_ln204' <Predicate = (!icmp_ln181 & trunc_ln181 == 0 & icmp_ln202)> <Delay = 0.00>
ST_1 : Operation 490 [1/1] (0.00ns)   --->   "%or_ln2 = bitconcatenate i8 @_ssdm_op_BitConcatenate.i8.i6.i2, i6 %trunc_ln181, i2 3" [softmax_accel_hls.cc:207]   --->   Operation 490 'bitconcatenate' 'or_ln2' <Predicate = (!icmp_ln181)> <Delay = 0.00>
ST_1 : Operation 491 [1/1] (0.00ns)   --->   "%zext_ln207 = zext i8 %or_ln2" [softmax_accel_hls.cc:207]   --->   Operation 491 'zext' 'zext_ln207' <Predicate = (!icmp_ln181)> <Delay = 0.00>
ST_1 : Operation 492 [1/1] (1.82ns)   --->   "%icmp_ln207 = icmp_ult  i9 %zext_ln207, i9 %n_read" [softmax_accel_hls.cc:207]   --->   Operation 492 'icmp' 'icmp_ln207' <Predicate = (!icmp_ln181)> <Delay = 1.82> <CoreInst = "Cmp">   --->   Core 9 'Cmp' <Latency = 0> <II = 1> <Delay = 1.82> <FuncUnit> <Opcode : 'seteq' 'setne' 'setle' 'setge' 'setlt' 'setgt'> <InPorts = 2> <OutPorts = 1>
ST_1 : Operation 493 [1/1] (1.58ns)   --->   "%br_ln207 = br i1 %icmp_ln207, void %if.end43, void %if.then34" [softmax_accel_hls.cc:207]   --->   Operation 493 'br' 'br_ln207' <Predicate = (!icmp_ln181)> <Delay = 1.58>
ST_1 : Operation 494 [1/1] (1.82ns)   --->   "%switch_ln209 = switch i6 %trunc_ln181, void %arrayidx402_3.case.0, i6 63, void %arrayidx402_3.case.63, i6 1, void %arrayidx402_3.case.1, i6 2, void %arrayidx402_3.case.2, i6 3, void %arrayidx402_3.case.3, i6 4, void %arrayidx402_3.case.4, i6 5, void %arrayidx402_3.case.5, i6 6, void %arrayidx402_3.case.6, i6 7, void %arrayidx402_3.case.7, i6 8, void %arrayidx402_3.case.8, i6 9, void %arrayidx402_3.case.9, i6 10, void %arrayidx402_3.case.10, i6 11, void %arrayidx402_3.case.11, i6 12, void %arrayidx402_3.case.12, i6 13, void %arrayidx402_3.case.13, i6 14, void %arrayidx402_3.case.14, i6 15, void %arrayidx402_3.case.15, i6 16, void %arrayidx402_3.case.16, i6 17, void %arrayidx402_3.case.17, i6 18, void %arrayidx402_3.case.18, i6 19, void %arrayidx402_3.case.19, i6 20, void %arrayidx402_3.case.20, i6 21, void %arrayidx402_3.case.21, i6 22, void %arrayidx402_3.case.22, i6 23, void %arrayidx402_3.case.23, i6 24, void %arrayidx402_3.case.24, i6 25, void %arrayidx402_3.case.25, i6 26, void %arrayidx402_3.case.26, i6 27, void %arrayidx402_3.case.27, i6 28, void %arrayidx402_3.case.28, i6 29, void %arrayidx402_3.case.29, i6 30, void %arrayidx402_3.case.30, i6 31, void %arrayidx402_3.case.31, i6 32, void %arrayidx402_3.case.32, i6 33, void %arrayidx402_3.case.33, i6 34, void %arrayidx402_3.case.34, i6 35, void %arrayidx402_3.case.35, i6 36, void %arrayidx402_3.case.36, i6 37, void %arrayidx402_3.case.37, i6 38, void %arrayidx402_3.case.38, i6 39, void %arrayidx402_3.case.39, i6 40, void %arrayidx402_3.case.40, i6 41, void %arrayidx402_3.case.41, i6 42, void %arrayidx402_3.case.42, i6 43, void %arrayidx402_3.case.43, i6 44, void %arrayidx402_3.case.44, i6 45, void %arrayidx402_3.case.45, i6 46, void %arrayidx402_3.case.46, i6 47, void %arrayidx402_3.case.47, i6 48, void %arrayidx402_3.case.48, i6 49, void %arrayidx402_3.case.49, i6 50, void %arrayidx402_3.case.50, i6 51, void %arrayidx402_3.case.51, i6 52, void %arrayidx402_3.case.52, i6 53, void %arrayidx402_3.case.53, i6 54, void %arrayidx402_3.case.54, i6 55, void %arrayidx402_3.case.55, i6 56, void %arrayidx402_3.case.56, i6 57, void %arrayidx402_3.case.57, i6 58, void %arrayidx402_3.case.58, i6 59, void %arrayidx402_3.case.59, i6 60, void %arrayidx402_3.case.60, i6 61, void %arrayidx402_3.case.61, i6 62, void %arrayidx402_3.case.62" [softmax_accel_hls.cc:209]   --->   Operation 494 'switch' 'switch_ln209' <Predicate = (!icmp_ln181 & icmp_ln207)> <Delay = 1.82>
ST_1 : Operation 495 [1/1] (0.00ns)   --->   "%br_ln209 = br void %arrayidx402_3.exit" [softmax_accel_hls.cc:209]   --->   Operation 495 'br' 'br_ln209' <Predicate = (!icmp_ln181 & trunc_ln181 == 62 & icmp_ln207)> <Delay = 0.00>
ST_1 : Operation 496 [1/1] (0.00ns)   --->   "%br_ln209 = br void %arrayidx402_3.exit" [softmax_accel_hls.cc:209]   --->   Operation 496 'br' 'br_ln209' <Predicate = (!icmp_ln181 & trunc_ln181 == 61 & icmp_ln207)> <Delay = 0.00>
ST_1 : Operation 497 [1/1] (0.00ns)   --->   "%br_ln209 = br void %arrayidx402_3.exit" [softmax_accel_hls.cc:209]   --->   Operation 497 'br' 'br_ln209' <Predicate = (!icmp_ln181 & trunc_ln181 == 60 & icmp_ln207)> <Delay = 0.00>
ST_1 : Operation 498 [1/1] (0.00ns)   --->   "%br_ln209 = br void %arrayidx402_3.exit" [softmax_accel_hls.cc:209]   --->   Operation 498 'br' 'br_ln209' <Predicate = (!icmp_ln181 & trunc_ln181 == 59 & icmp_ln207)> <Delay = 0.00>
ST_1 : Operation 499 [1/1] (0.00ns)   --->   "%br_ln209 = br void %arrayidx402_3.exit" [softmax_accel_hls.cc:209]   --->   Operation 499 'br' 'br_ln209' <Predicate = (!icmp_ln181 & trunc_ln181 == 58 & icmp_ln207)> <Delay = 0.00>
ST_1 : Operation 500 [1/1] (0.00ns)   --->   "%br_ln209 = br void %arrayidx402_3.exit" [softmax_accel_hls.cc:209]   --->   Operation 500 'br' 'br_ln209' <Predicate = (!icmp_ln181 & trunc_ln181 == 57 & icmp_ln207)> <Delay = 0.00>
ST_1 : Operation 501 [1/1] (0.00ns)   --->   "%br_ln209 = br void %arrayidx402_3.exit" [softmax_accel_hls.cc:209]   --->   Operation 501 'br' 'br_ln209' <Predicate = (!icmp_ln181 & trunc_ln181 == 56 & icmp_ln207)> <Delay = 0.00>
ST_1 : Operation 502 [1/1] (0.00ns)   --->   "%br_ln209 = br void %arrayidx402_3.exit" [softmax_accel_hls.cc:209]   --->   Operation 502 'br' 'br_ln209' <Predicate = (!icmp_ln181 & trunc_ln181 == 55 & icmp_ln207)> <Delay = 0.00>
ST_1 : Operation 503 [1/1] (0.00ns)   --->   "%br_ln209 = br void %arrayidx402_3.exit" [softmax_accel_hls.cc:209]   --->   Operation 503 'br' 'br_ln209' <Predicate = (!icmp_ln181 & trunc_ln181 == 54 & icmp_ln207)> <Delay = 0.00>
ST_1 : Operation 504 [1/1] (0.00ns)   --->   "%br_ln209 = br void %arrayidx402_3.exit" [softmax_accel_hls.cc:209]   --->   Operation 504 'br' 'br_ln209' <Predicate = (!icmp_ln181 & trunc_ln181 == 53 & icmp_ln207)> <Delay = 0.00>
ST_1 : Operation 505 [1/1] (0.00ns)   --->   "%br_ln209 = br void %arrayidx402_3.exit" [softmax_accel_hls.cc:209]   --->   Operation 505 'br' 'br_ln209' <Predicate = (!icmp_ln181 & trunc_ln181 == 52 & icmp_ln207)> <Delay = 0.00>
ST_1 : Operation 506 [1/1] (0.00ns)   --->   "%br_ln209 = br void %arrayidx402_3.exit" [softmax_accel_hls.cc:209]   --->   Operation 506 'br' 'br_ln209' <Predicate = (!icmp_ln181 & trunc_ln181 == 51 & icmp_ln207)> <Delay = 0.00>
ST_1 : Operation 507 [1/1] (0.00ns)   --->   "%br_ln209 = br void %arrayidx402_3.exit" [softmax_accel_hls.cc:209]   --->   Operation 507 'br' 'br_ln209' <Predicate = (!icmp_ln181 & trunc_ln181 == 50 & icmp_ln207)> <Delay = 0.00>
ST_1 : Operation 508 [1/1] (0.00ns)   --->   "%br_ln209 = br void %arrayidx402_3.exit" [softmax_accel_hls.cc:209]   --->   Operation 508 'br' 'br_ln209' <Predicate = (!icmp_ln181 & trunc_ln181 == 49 & icmp_ln207)> <Delay = 0.00>
ST_1 : Operation 509 [1/1] (0.00ns)   --->   "%br_ln209 = br void %arrayidx402_3.exit" [softmax_accel_hls.cc:209]   --->   Operation 509 'br' 'br_ln209' <Predicate = (!icmp_ln181 & trunc_ln181 == 48 & icmp_ln207)> <Delay = 0.00>
ST_1 : Operation 510 [1/1] (0.00ns)   --->   "%br_ln209 = br void %arrayidx402_3.exit" [softmax_accel_hls.cc:209]   --->   Operation 510 'br' 'br_ln209' <Predicate = (!icmp_ln181 & trunc_ln181 == 47 & icmp_ln207)> <Delay = 0.00>
ST_1 : Operation 511 [1/1] (0.00ns)   --->   "%br_ln209 = br void %arrayidx402_3.exit" [softmax_accel_hls.cc:209]   --->   Operation 511 'br' 'br_ln209' <Predicate = (!icmp_ln181 & trunc_ln181 == 46 & icmp_ln207)> <Delay = 0.00>
ST_1 : Operation 512 [1/1] (0.00ns)   --->   "%br_ln209 = br void %arrayidx402_3.exit" [softmax_accel_hls.cc:209]   --->   Operation 512 'br' 'br_ln209' <Predicate = (!icmp_ln181 & trunc_ln181 == 45 & icmp_ln207)> <Delay = 0.00>
ST_1 : Operation 513 [1/1] (0.00ns)   --->   "%br_ln209 = br void %arrayidx402_3.exit" [softmax_accel_hls.cc:209]   --->   Operation 513 'br' 'br_ln209' <Predicate = (!icmp_ln181 & trunc_ln181 == 44 & icmp_ln207)> <Delay = 0.00>
ST_1 : Operation 514 [1/1] (0.00ns)   --->   "%br_ln209 = br void %arrayidx402_3.exit" [softmax_accel_hls.cc:209]   --->   Operation 514 'br' 'br_ln209' <Predicate = (!icmp_ln181 & trunc_ln181 == 43 & icmp_ln207)> <Delay = 0.00>
ST_1 : Operation 515 [1/1] (0.00ns)   --->   "%br_ln209 = br void %arrayidx402_3.exit" [softmax_accel_hls.cc:209]   --->   Operation 515 'br' 'br_ln209' <Predicate = (!icmp_ln181 & trunc_ln181 == 42 & icmp_ln207)> <Delay = 0.00>
ST_1 : Operation 516 [1/1] (0.00ns)   --->   "%br_ln209 = br void %arrayidx402_3.exit" [softmax_accel_hls.cc:209]   --->   Operation 516 'br' 'br_ln209' <Predicate = (!icmp_ln181 & trunc_ln181 == 41 & icmp_ln207)> <Delay = 0.00>
ST_1 : Operation 517 [1/1] (0.00ns)   --->   "%br_ln209 = br void %arrayidx402_3.exit" [softmax_accel_hls.cc:209]   --->   Operation 517 'br' 'br_ln209' <Predicate = (!icmp_ln181 & trunc_ln181 == 40 & icmp_ln207)> <Delay = 0.00>
ST_1 : Operation 518 [1/1] (0.00ns)   --->   "%br_ln209 = br void %arrayidx402_3.exit" [softmax_accel_hls.cc:209]   --->   Operation 518 'br' 'br_ln209' <Predicate = (!icmp_ln181 & trunc_ln181 == 39 & icmp_ln207)> <Delay = 0.00>
ST_1 : Operation 519 [1/1] (0.00ns)   --->   "%br_ln209 = br void %arrayidx402_3.exit" [softmax_accel_hls.cc:209]   --->   Operation 519 'br' 'br_ln209' <Predicate = (!icmp_ln181 & trunc_ln181 == 38 & icmp_ln207)> <Delay = 0.00>
ST_1 : Operation 520 [1/1] (0.00ns)   --->   "%br_ln209 = br void %arrayidx402_3.exit" [softmax_accel_hls.cc:209]   --->   Operation 520 'br' 'br_ln209' <Predicate = (!icmp_ln181 & trunc_ln181 == 37 & icmp_ln207)> <Delay = 0.00>
ST_1 : Operation 521 [1/1] (0.00ns)   --->   "%br_ln209 = br void %arrayidx402_3.exit" [softmax_accel_hls.cc:209]   --->   Operation 521 'br' 'br_ln209' <Predicate = (!icmp_ln181 & trunc_ln181 == 36 & icmp_ln207)> <Delay = 0.00>
ST_1 : Operation 522 [1/1] (0.00ns)   --->   "%br_ln209 = br void %arrayidx402_3.exit" [softmax_accel_hls.cc:209]   --->   Operation 522 'br' 'br_ln209' <Predicate = (!icmp_ln181 & trunc_ln181 == 35 & icmp_ln207)> <Delay = 0.00>
ST_1 : Operation 523 [1/1] (0.00ns)   --->   "%br_ln209 = br void %arrayidx402_3.exit" [softmax_accel_hls.cc:209]   --->   Operation 523 'br' 'br_ln209' <Predicate = (!icmp_ln181 & trunc_ln181 == 34 & icmp_ln207)> <Delay = 0.00>
ST_1 : Operation 524 [1/1] (0.00ns)   --->   "%br_ln209 = br void %arrayidx402_3.exit" [softmax_accel_hls.cc:209]   --->   Operation 524 'br' 'br_ln209' <Predicate = (!icmp_ln181 & trunc_ln181 == 33 & icmp_ln207)> <Delay = 0.00>
ST_1 : Operation 525 [1/1] (0.00ns)   --->   "%br_ln209 = br void %arrayidx402_3.exit" [softmax_accel_hls.cc:209]   --->   Operation 525 'br' 'br_ln209' <Predicate = (!icmp_ln181 & trunc_ln181 == 32 & icmp_ln207)> <Delay = 0.00>
ST_1 : Operation 526 [1/1] (0.00ns)   --->   "%br_ln209 = br void %arrayidx402_3.exit" [softmax_accel_hls.cc:209]   --->   Operation 526 'br' 'br_ln209' <Predicate = (!icmp_ln181 & trunc_ln181 == 31 & icmp_ln207)> <Delay = 0.00>
ST_1 : Operation 527 [1/1] (0.00ns)   --->   "%br_ln209 = br void %arrayidx402_3.exit" [softmax_accel_hls.cc:209]   --->   Operation 527 'br' 'br_ln209' <Predicate = (!icmp_ln181 & trunc_ln181 == 30 & icmp_ln207)> <Delay = 0.00>
ST_1 : Operation 528 [1/1] (0.00ns)   --->   "%br_ln209 = br void %arrayidx402_3.exit" [softmax_accel_hls.cc:209]   --->   Operation 528 'br' 'br_ln209' <Predicate = (!icmp_ln181 & trunc_ln181 == 29 & icmp_ln207)> <Delay = 0.00>
ST_1 : Operation 529 [1/1] (0.00ns)   --->   "%br_ln209 = br void %arrayidx402_3.exit" [softmax_accel_hls.cc:209]   --->   Operation 529 'br' 'br_ln209' <Predicate = (!icmp_ln181 & trunc_ln181 == 28 & icmp_ln207)> <Delay = 0.00>
ST_1 : Operation 530 [1/1] (0.00ns)   --->   "%br_ln209 = br void %arrayidx402_3.exit" [softmax_accel_hls.cc:209]   --->   Operation 530 'br' 'br_ln209' <Predicate = (!icmp_ln181 & trunc_ln181 == 27 & icmp_ln207)> <Delay = 0.00>
ST_1 : Operation 531 [1/1] (0.00ns)   --->   "%br_ln209 = br void %arrayidx402_3.exit" [softmax_accel_hls.cc:209]   --->   Operation 531 'br' 'br_ln209' <Predicate = (!icmp_ln181 & trunc_ln181 == 26 & icmp_ln207)> <Delay = 0.00>
ST_1 : Operation 532 [1/1] (0.00ns)   --->   "%br_ln209 = br void %arrayidx402_3.exit" [softmax_accel_hls.cc:209]   --->   Operation 532 'br' 'br_ln209' <Predicate = (!icmp_ln181 & trunc_ln181 == 25 & icmp_ln207)> <Delay = 0.00>
ST_1 : Operation 533 [1/1] (0.00ns)   --->   "%br_ln209 = br void %arrayidx402_3.exit" [softmax_accel_hls.cc:209]   --->   Operation 533 'br' 'br_ln209' <Predicate = (!icmp_ln181 & trunc_ln181 == 24 & icmp_ln207)> <Delay = 0.00>
ST_1 : Operation 534 [1/1] (0.00ns)   --->   "%br_ln209 = br void %arrayidx402_3.exit" [softmax_accel_hls.cc:209]   --->   Operation 534 'br' 'br_ln209' <Predicate = (!icmp_ln181 & trunc_ln181 == 23 & icmp_ln207)> <Delay = 0.00>
ST_1 : Operation 535 [1/1] (0.00ns)   --->   "%br_ln209 = br void %arrayidx402_3.exit" [softmax_accel_hls.cc:209]   --->   Operation 535 'br' 'br_ln209' <Predicate = (!icmp_ln181 & trunc_ln181 == 22 & icmp_ln207)> <Delay = 0.00>
ST_1 : Operation 536 [1/1] (0.00ns)   --->   "%br_ln209 = br void %arrayidx402_3.exit" [softmax_accel_hls.cc:209]   --->   Operation 536 'br' 'br_ln209' <Predicate = (!icmp_ln181 & trunc_ln181 == 21 & icmp_ln207)> <Delay = 0.00>
ST_1 : Operation 537 [1/1] (0.00ns)   --->   "%br_ln209 = br void %arrayidx402_3.exit" [softmax_accel_hls.cc:209]   --->   Operation 537 'br' 'br_ln209' <Predicate = (!icmp_ln181 & trunc_ln181 == 20 & icmp_ln207)> <Delay = 0.00>
ST_1 : Operation 538 [1/1] (0.00ns)   --->   "%br_ln209 = br void %arrayidx402_3.exit" [softmax_accel_hls.cc:209]   --->   Operation 538 'br' 'br_ln209' <Predicate = (!icmp_ln181 & trunc_ln181 == 19 & icmp_ln207)> <Delay = 0.00>
ST_1 : Operation 539 [1/1] (0.00ns)   --->   "%br_ln209 = br void %arrayidx402_3.exit" [softmax_accel_hls.cc:209]   --->   Operation 539 'br' 'br_ln209' <Predicate = (!icmp_ln181 & trunc_ln181 == 18 & icmp_ln207)> <Delay = 0.00>
ST_1 : Operation 540 [1/1] (0.00ns)   --->   "%br_ln209 = br void %arrayidx402_3.exit" [softmax_accel_hls.cc:209]   --->   Operation 540 'br' 'br_ln209' <Predicate = (!icmp_ln181 & trunc_ln181 == 17 & icmp_ln207)> <Delay = 0.00>
ST_1 : Operation 541 [1/1] (0.00ns)   --->   "%br_ln209 = br void %arrayidx402_3.exit" [softmax_accel_hls.cc:209]   --->   Operation 541 'br' 'br_ln209' <Predicate = (!icmp_ln181 & trunc_ln181 == 16 & icmp_ln207)> <Delay = 0.00>
ST_1 : Operation 542 [1/1] (0.00ns)   --->   "%br_ln209 = br void %arrayidx402_3.exit" [softmax_accel_hls.cc:209]   --->   Operation 542 'br' 'br_ln209' <Predicate = (!icmp_ln181 & trunc_ln181 == 15 & icmp_ln207)> <Delay = 0.00>
ST_1 : Operation 543 [1/1] (0.00ns)   --->   "%br_ln209 = br void %arrayidx402_3.exit" [softmax_accel_hls.cc:209]   --->   Operation 543 'br' 'br_ln209' <Predicate = (!icmp_ln181 & trunc_ln181 == 14 & icmp_ln207)> <Delay = 0.00>
ST_1 : Operation 544 [1/1] (0.00ns)   --->   "%br_ln209 = br void %arrayidx402_3.exit" [softmax_accel_hls.cc:209]   --->   Operation 544 'br' 'br_ln209' <Predicate = (!icmp_ln181 & trunc_ln181 == 13 & icmp_ln207)> <Delay = 0.00>
ST_1 : Operation 545 [1/1] (0.00ns)   --->   "%br_ln209 = br void %arrayidx402_3.exit" [softmax_accel_hls.cc:209]   --->   Operation 545 'br' 'br_ln209' <Predicate = (!icmp_ln181 & trunc_ln181 == 12 & icmp_ln207)> <Delay = 0.00>
ST_1 : Operation 546 [1/1] (0.00ns)   --->   "%br_ln209 = br void %arrayidx402_3.exit" [softmax_accel_hls.cc:209]   --->   Operation 546 'br' 'br_ln209' <Predicate = (!icmp_ln181 & trunc_ln181 == 11 & icmp_ln207)> <Delay = 0.00>
ST_1 : Operation 547 [1/1] (0.00ns)   --->   "%br_ln209 = br void %arrayidx402_3.exit" [softmax_accel_hls.cc:209]   --->   Operation 547 'br' 'br_ln209' <Predicate = (!icmp_ln181 & trunc_ln181 == 10 & icmp_ln207)> <Delay = 0.00>
ST_1 : Operation 548 [1/1] (0.00ns)   --->   "%br_ln209 = br void %arrayidx402_3.exit" [softmax_accel_hls.cc:209]   --->   Operation 548 'br' 'br_ln209' <Predicate = (!icmp_ln181 & trunc_ln181 == 9 & icmp_ln207)> <Delay = 0.00>
ST_1 : Operation 549 [1/1] (0.00ns)   --->   "%br_ln209 = br void %arrayidx402_3.exit" [softmax_accel_hls.cc:209]   --->   Operation 549 'br' 'br_ln209' <Predicate = (!icmp_ln181 & trunc_ln181 == 8 & icmp_ln207)> <Delay = 0.00>
ST_1 : Operation 550 [1/1] (0.00ns)   --->   "%br_ln209 = br void %arrayidx402_3.exit" [softmax_accel_hls.cc:209]   --->   Operation 550 'br' 'br_ln209' <Predicate = (!icmp_ln181 & trunc_ln181 == 7 & icmp_ln207)> <Delay = 0.00>
ST_1 : Operation 551 [1/1] (0.00ns)   --->   "%br_ln209 = br void %arrayidx402_3.exit" [softmax_accel_hls.cc:209]   --->   Operation 551 'br' 'br_ln209' <Predicate = (!icmp_ln181 & trunc_ln181 == 6 & icmp_ln207)> <Delay = 0.00>
ST_1 : Operation 552 [1/1] (0.00ns)   --->   "%br_ln209 = br void %arrayidx402_3.exit" [softmax_accel_hls.cc:209]   --->   Operation 552 'br' 'br_ln209' <Predicate = (!icmp_ln181 & trunc_ln181 == 5 & icmp_ln207)> <Delay = 0.00>
ST_1 : Operation 553 [1/1] (0.00ns)   --->   "%br_ln209 = br void %arrayidx402_3.exit" [softmax_accel_hls.cc:209]   --->   Operation 553 'br' 'br_ln209' <Predicate = (!icmp_ln181 & trunc_ln181 == 4 & icmp_ln207)> <Delay = 0.00>
ST_1 : Operation 554 [1/1] (0.00ns)   --->   "%br_ln209 = br void %arrayidx402_3.exit" [softmax_accel_hls.cc:209]   --->   Operation 554 'br' 'br_ln209' <Predicate = (!icmp_ln181 & trunc_ln181 == 3 & icmp_ln207)> <Delay = 0.00>
ST_1 : Operation 555 [1/1] (0.00ns)   --->   "%br_ln209 = br void %arrayidx402_3.exit" [softmax_accel_hls.cc:209]   --->   Operation 555 'br' 'br_ln209' <Predicate = (!icmp_ln181 & trunc_ln181 == 2 & icmp_ln207)> <Delay = 0.00>
ST_1 : Operation 556 [1/1] (0.00ns)   --->   "%br_ln209 = br void %arrayidx402_3.exit" [softmax_accel_hls.cc:209]   --->   Operation 556 'br' 'br_ln209' <Predicate = (!icmp_ln181 & trunc_ln181 == 1 & icmp_ln207)> <Delay = 0.00>
ST_1 : Operation 557 [1/1] (0.00ns)   --->   "%br_ln209 = br void %arrayidx402_3.exit" [softmax_accel_hls.cc:209]   --->   Operation 557 'br' 'br_ln209' <Predicate = (!icmp_ln181 & trunc_ln181 == 63 & icmp_ln207)> <Delay = 0.00>
ST_1 : Operation 558 [1/1] (0.00ns)   --->   "%br_ln209 = br void %arrayidx402_3.exit" [softmax_accel_hls.cc:209]   --->   Operation 558 'br' 'br_ln209' <Predicate = (!icmp_ln181 & trunc_ln181 == 0 & icmp_ln207)> <Delay = 0.00>
ST_1 : Operation 559 [1/1] (1.87ns)   --->   "%icmp_ln214 = icmp_eq  i7 %blk_2, i7 0" [softmax_accel_hls.cc:214]   --->   Operation 559 'icmp' 'icmp_ln214' <Predicate = (!icmp_ln181)> <Delay = 1.87> <CoreInst = "Cmp">   --->   Core 9 'Cmp' <Latency = 0> <II = 1> <Delay = 1.87> <FuncUnit> <Opcode : 'seteq' 'setne' 'setle' 'setge' 'setlt' 'setgt'> <InPorts = 2> <OutPorts = 1>
ST_1 : Operation 560 [1/1] (1.58ns)   --->   "%store_ln181 = store i7 %add_ln181, i7 %blk" [softmax_accel_hls.cc:181]   --->   Operation 560 'store' 'store_ln181' <Predicate = (!icmp_ln181)> <Delay = 1.58>

State 2 <SV = 1> <Delay = 3.25>
ST_2 : Operation 561 [1/1] (0.00ns)   --->   "%specpipeline_ln182 = specpipeline void @_ssdm_op_SpecPipeline, i32 1, i32 0, i32 0, i32 0, void @empty_2" [softmax_accel_hls.cc:182]   --->   Operation 561 'specpipeline' 'specpipeline_ln182' <Predicate = (!icmp_ln181)> <Delay = 0.00>
ST_2 : Operation 562 [1/1] (0.00ns)   --->   "%specloopname_ln181 = specloopname void @_ssdm_op_SpecLoopName, void @empty_1" [softmax_accel_hls.cc:181]   --->   Operation 562 'specloopname' 'specloopname_ln181' <Predicate = (!icmp_ln181)> <Delay = 0.00>
ST_2 : Operation 563 [1/2] ( I:3.25ns O:3.25ns )   --->   "%line = load i14 %mem_addr" [softmax_accel_hls.cc:184]   --->   Operation 563 'load' 'line' <Predicate = (!icmp_ln181)> <Delay = 3.25> <CoreInst = "RAM">   --->   Core 81 'RAM' <Latency = 1> <II = 1> <Delay = 3.25> <Storage> <Opcode : 'load' 'store'> <Ports = 2> <Width = 128> <Depth = 16384> <RAM>
ST_2 : Operation 564 [1/1] (0.00ns)   --->   "%x0 = trunc i128 %line" [softmax_accel_hls.cc:160->softmax_accel_hls.cc:193]   --->   Operation 564 'trunc' 'x0' <Predicate = (!icmp_ln181 & icmp_ln192)> <Delay = 0.00>
ST_2 : Operation 565 [1/1] (0.00ns)   --->   "%write_ln194 = write void @_ssdm_op_Write.ap_auto.i32P0A, i32 %logits_buf_0_62, i32 %x0" [softmax_accel_hls.cc:194]   --->   Operation 565 'write' 'write_ln194' <Predicate = (icmp_ln192 & trunc_ln181 == 62)> <Delay = 0.00>
ST_2 : Operation 566 [1/1] (0.00ns)   --->   "%write_ln194 = write void @_ssdm_op_Write.ap_auto.i32P0A, i32 %logits_buf_0_61, i32 %x0" [softmax_accel_hls.cc:194]   --->   Operation 566 'write' 'write_ln194' <Predicate = (icmp_ln192 & trunc_ln181 == 61)> <Delay = 0.00>
ST_2 : Operation 567 [1/1] (0.00ns)   --->   "%write_ln194 = write void @_ssdm_op_Write.ap_auto.i32P0A, i32 %logits_buf_0_60, i32 %x0" [softmax_accel_hls.cc:194]   --->   Operation 567 'write' 'write_ln194' <Predicate = (icmp_ln192 & trunc_ln181 == 60)> <Delay = 0.00>
ST_2 : Operation 568 [1/1] (0.00ns)   --->   "%write_ln194 = write void @_ssdm_op_Write.ap_auto.i32P0A, i32 %logits_buf_0_59, i32 %x0" [softmax_accel_hls.cc:194]   --->   Operation 568 'write' 'write_ln194' <Predicate = (icmp_ln192 & trunc_ln181 == 59)> <Delay = 0.00>
ST_2 : Operation 569 [1/1] (0.00ns)   --->   "%write_ln194 = write void @_ssdm_op_Write.ap_auto.i32P0A, i32 %logits_buf_0_58, i32 %x0" [softmax_accel_hls.cc:194]   --->   Operation 569 'write' 'write_ln194' <Predicate = (icmp_ln192 & trunc_ln181 == 58)> <Delay = 0.00>
ST_2 : Operation 570 [1/1] (0.00ns)   --->   "%write_ln194 = write void @_ssdm_op_Write.ap_auto.i32P0A, i32 %logits_buf_0_57, i32 %x0" [softmax_accel_hls.cc:194]   --->   Operation 570 'write' 'write_ln194' <Predicate = (icmp_ln192 & trunc_ln181 == 57)> <Delay = 0.00>
ST_2 : Operation 571 [1/1] (0.00ns)   --->   "%write_ln194 = write void @_ssdm_op_Write.ap_auto.i32P0A, i32 %logits_buf_0_56, i32 %x0" [softmax_accel_hls.cc:194]   --->   Operation 571 'write' 'write_ln194' <Predicate = (icmp_ln192 & trunc_ln181 == 56)> <Delay = 0.00>
ST_2 : Operation 572 [1/1] (0.00ns)   --->   "%write_ln194 = write void @_ssdm_op_Write.ap_auto.i32P0A, i32 %logits_buf_0_55, i32 %x0" [softmax_accel_hls.cc:194]   --->   Operation 572 'write' 'write_ln194' <Predicate = (icmp_ln192 & trunc_ln181 == 55)> <Delay = 0.00>
ST_2 : Operation 573 [1/1] (0.00ns)   --->   "%write_ln194 = write void @_ssdm_op_Write.ap_auto.i32P0A, i32 %logits_buf_0_54, i32 %x0" [softmax_accel_hls.cc:194]   --->   Operation 573 'write' 'write_ln194' <Predicate = (icmp_ln192 & trunc_ln181 == 54)> <Delay = 0.00>
ST_2 : Operation 574 [1/1] (0.00ns)   --->   "%write_ln194 = write void @_ssdm_op_Write.ap_auto.i32P0A, i32 %logits_buf_0_53, i32 %x0" [softmax_accel_hls.cc:194]   --->   Operation 574 'write' 'write_ln194' <Predicate = (icmp_ln192 & trunc_ln181 == 53)> <Delay = 0.00>
ST_2 : Operation 575 [1/1] (0.00ns)   --->   "%write_ln194 = write void @_ssdm_op_Write.ap_auto.i32P0A, i32 %logits_buf_0_52, i32 %x0" [softmax_accel_hls.cc:194]   --->   Operation 575 'write' 'write_ln194' <Predicate = (icmp_ln192 & trunc_ln181 == 52)> <Delay = 0.00>
ST_2 : Operation 576 [1/1] (0.00ns)   --->   "%write_ln194 = write void @_ssdm_op_Write.ap_auto.i32P0A, i32 %logits_buf_0_51, i32 %x0" [softmax_accel_hls.cc:194]   --->   Operation 576 'write' 'write_ln194' <Predicate = (icmp_ln192 & trunc_ln181 == 51)> <Delay = 0.00>
ST_2 : Operation 577 [1/1] (0.00ns)   --->   "%write_ln194 = write void @_ssdm_op_Write.ap_auto.i32P0A, i32 %logits_buf_0_50, i32 %x0" [softmax_accel_hls.cc:194]   --->   Operation 577 'write' 'write_ln194' <Predicate = (icmp_ln192 & trunc_ln181 == 50)> <Delay = 0.00>
ST_2 : Operation 578 [1/1] (0.00ns)   --->   "%write_ln194 = write void @_ssdm_op_Write.ap_auto.i32P0A, i32 %logits_buf_0_49, i32 %x0" [softmax_accel_hls.cc:194]   --->   Operation 578 'write' 'write_ln194' <Predicate = (icmp_ln192 & trunc_ln181 == 49)> <Delay = 0.00>
ST_2 : Operation 579 [1/1] (0.00ns)   --->   "%write_ln194 = write void @_ssdm_op_Write.ap_auto.i32P0A, i32 %logits_buf_0_48, i32 %x0" [softmax_accel_hls.cc:194]   --->   Operation 579 'write' 'write_ln194' <Predicate = (icmp_ln192 & trunc_ln181 == 48)> <Delay = 0.00>
ST_2 : Operation 580 [1/1] (0.00ns)   --->   "%write_ln194 = write void @_ssdm_op_Write.ap_auto.i32P0A, i32 %logits_buf_0_47, i32 %x0" [softmax_accel_hls.cc:194]   --->   Operation 580 'write' 'write_ln194' <Predicate = (icmp_ln192 & trunc_ln181 == 47)> <Delay = 0.00>
ST_2 : Operation 581 [1/1] (0.00ns)   --->   "%write_ln194 = write void @_ssdm_op_Write.ap_auto.i32P0A, i32 %logits_buf_0_46, i32 %x0" [softmax_accel_hls.cc:194]   --->   Operation 581 'write' 'write_ln194' <Predicate = (icmp_ln192 & trunc_ln181 == 46)> <Delay = 0.00>
ST_2 : Operation 582 [1/1] (0.00ns)   --->   "%write_ln194 = write void @_ssdm_op_Write.ap_auto.i32P0A, i32 %logits_buf_0_45, i32 %x0" [softmax_accel_hls.cc:194]   --->   Operation 582 'write' 'write_ln194' <Predicate = (icmp_ln192 & trunc_ln181 == 45)> <Delay = 0.00>
ST_2 : Operation 583 [1/1] (0.00ns)   --->   "%write_ln194 = write void @_ssdm_op_Write.ap_auto.i32P0A, i32 %logits_buf_0_44, i32 %x0" [softmax_accel_hls.cc:194]   --->   Operation 583 'write' 'write_ln194' <Predicate = (icmp_ln192 & trunc_ln181 == 44)> <Delay = 0.00>
ST_2 : Operation 584 [1/1] (0.00ns)   --->   "%write_ln194 = write void @_ssdm_op_Write.ap_auto.i32P0A, i32 %logits_buf_0_43, i32 %x0" [softmax_accel_hls.cc:194]   --->   Operation 584 'write' 'write_ln194' <Predicate = (icmp_ln192 & trunc_ln181 == 43)> <Delay = 0.00>
ST_2 : Operation 585 [1/1] (0.00ns)   --->   "%write_ln194 = write void @_ssdm_op_Write.ap_auto.i32P0A, i32 %logits_buf_0_42, i32 %x0" [softmax_accel_hls.cc:194]   --->   Operation 585 'write' 'write_ln194' <Predicate = (icmp_ln192 & trunc_ln181 == 42)> <Delay = 0.00>
ST_2 : Operation 586 [1/1] (0.00ns)   --->   "%write_ln194 = write void @_ssdm_op_Write.ap_auto.i32P0A, i32 %logits_buf_0_41, i32 %x0" [softmax_accel_hls.cc:194]   --->   Operation 586 'write' 'write_ln194' <Predicate = (icmp_ln192 & trunc_ln181 == 41)> <Delay = 0.00>
ST_2 : Operation 587 [1/1] (0.00ns)   --->   "%write_ln194 = write void @_ssdm_op_Write.ap_auto.i32P0A, i32 %logits_buf_0_40, i32 %x0" [softmax_accel_hls.cc:194]   --->   Operation 587 'write' 'write_ln194' <Predicate = (icmp_ln192 & trunc_ln181 == 40)> <Delay = 0.00>
ST_2 : Operation 588 [1/1] (0.00ns)   --->   "%write_ln194 = write void @_ssdm_op_Write.ap_auto.i32P0A, i32 %logits_buf_0_39, i32 %x0" [softmax_accel_hls.cc:194]   --->   Operation 588 'write' 'write_ln194' <Predicate = (icmp_ln192 & trunc_ln181 == 39)> <Delay = 0.00>
ST_2 : Operation 589 [1/1] (0.00ns)   --->   "%write_ln194 = write void @_ssdm_op_Write.ap_auto.i32P0A, i32 %logits_buf_0_38, i32 %x0" [softmax_accel_hls.cc:194]   --->   Operation 589 'write' 'write_ln194' <Predicate = (icmp_ln192 & trunc_ln181 == 38)> <Delay = 0.00>
ST_2 : Operation 590 [1/1] (0.00ns)   --->   "%write_ln194 = write void @_ssdm_op_Write.ap_auto.i32P0A, i32 %logits_buf_0_37, i32 %x0" [softmax_accel_hls.cc:194]   --->   Operation 590 'write' 'write_ln194' <Predicate = (icmp_ln192 & trunc_ln181 == 37)> <Delay = 0.00>
ST_2 : Operation 591 [1/1] (0.00ns)   --->   "%write_ln194 = write void @_ssdm_op_Write.ap_auto.i32P0A, i32 %logits_buf_0_36, i32 %x0" [softmax_accel_hls.cc:194]   --->   Operation 591 'write' 'write_ln194' <Predicate = (icmp_ln192 & trunc_ln181 == 36)> <Delay = 0.00>
ST_2 : Operation 592 [1/1] (0.00ns)   --->   "%write_ln194 = write void @_ssdm_op_Write.ap_auto.i32P0A, i32 %logits_buf_0_35, i32 %x0" [softmax_accel_hls.cc:194]   --->   Operation 592 'write' 'write_ln194' <Predicate = (icmp_ln192 & trunc_ln181 == 35)> <Delay = 0.00>
ST_2 : Operation 593 [1/1] (0.00ns)   --->   "%write_ln194 = write void @_ssdm_op_Write.ap_auto.i32P0A, i32 %logits_buf_0_34, i32 %x0" [softmax_accel_hls.cc:194]   --->   Operation 593 'write' 'write_ln194' <Predicate = (icmp_ln192 & trunc_ln181 == 34)> <Delay = 0.00>
ST_2 : Operation 594 [1/1] (0.00ns)   --->   "%write_ln194 = write void @_ssdm_op_Write.ap_auto.i32P0A, i32 %logits_buf_0_33, i32 %x0" [softmax_accel_hls.cc:194]   --->   Operation 594 'write' 'write_ln194' <Predicate = (icmp_ln192 & trunc_ln181 == 33)> <Delay = 0.00>
ST_2 : Operation 595 [1/1] (0.00ns)   --->   "%write_ln194 = write void @_ssdm_op_Write.ap_auto.i32P0A, i32 %logits_buf_0_32, i32 %x0" [softmax_accel_hls.cc:194]   --->   Operation 595 'write' 'write_ln194' <Predicate = (icmp_ln192 & trunc_ln181 == 32)> <Delay = 0.00>
ST_2 : Operation 596 [1/1] (0.00ns)   --->   "%write_ln194 = write void @_ssdm_op_Write.ap_auto.i32P0A, i32 %logits_buf_0_31, i32 %x0" [softmax_accel_hls.cc:194]   --->   Operation 596 'write' 'write_ln194' <Predicate = (icmp_ln192 & trunc_ln181 == 31)> <Delay = 0.00>
ST_2 : Operation 597 [1/1] (0.00ns)   --->   "%write_ln194 = write void @_ssdm_op_Write.ap_auto.i32P0A, i32 %logits_buf_0_30, i32 %x0" [softmax_accel_hls.cc:194]   --->   Operation 597 'write' 'write_ln194' <Predicate = (icmp_ln192 & trunc_ln181 == 30)> <Delay = 0.00>
ST_2 : Operation 598 [1/1] (0.00ns)   --->   "%write_ln194 = write void @_ssdm_op_Write.ap_auto.i32P0A, i32 %logits_buf_0_29, i32 %x0" [softmax_accel_hls.cc:194]   --->   Operation 598 'write' 'write_ln194' <Predicate = (icmp_ln192 & trunc_ln181 == 29)> <Delay = 0.00>
ST_2 : Operation 599 [1/1] (0.00ns)   --->   "%write_ln194 = write void @_ssdm_op_Write.ap_auto.i32P0A, i32 %logits_buf_0_28, i32 %x0" [softmax_accel_hls.cc:194]   --->   Operation 599 'write' 'write_ln194' <Predicate = (icmp_ln192 & trunc_ln181 == 28)> <Delay = 0.00>
ST_2 : Operation 600 [1/1] (0.00ns)   --->   "%write_ln194 = write void @_ssdm_op_Write.ap_auto.i32P0A, i32 %logits_buf_0_27, i32 %x0" [softmax_accel_hls.cc:194]   --->   Operation 600 'write' 'write_ln194' <Predicate = (icmp_ln192 & trunc_ln181 == 27)> <Delay = 0.00>
ST_2 : Operation 601 [1/1] (0.00ns)   --->   "%write_ln194 = write void @_ssdm_op_Write.ap_auto.i32P0A, i32 %logits_buf_0_26, i32 %x0" [softmax_accel_hls.cc:194]   --->   Operation 601 'write' 'write_ln194' <Predicate = (icmp_ln192 & trunc_ln181 == 26)> <Delay = 0.00>
ST_2 : Operation 602 [1/1] (0.00ns)   --->   "%write_ln194 = write void @_ssdm_op_Write.ap_auto.i32P0A, i32 %logits_buf_0_25, i32 %x0" [softmax_accel_hls.cc:194]   --->   Operation 602 'write' 'write_ln194' <Predicate = (icmp_ln192 & trunc_ln181 == 25)> <Delay = 0.00>
ST_2 : Operation 603 [1/1] (0.00ns)   --->   "%write_ln194 = write void @_ssdm_op_Write.ap_auto.i32P0A, i32 %logits_buf_0_24, i32 %x0" [softmax_accel_hls.cc:194]   --->   Operation 603 'write' 'write_ln194' <Predicate = (icmp_ln192 & trunc_ln181 == 24)> <Delay = 0.00>
ST_2 : Operation 604 [1/1] (0.00ns)   --->   "%write_ln194 = write void @_ssdm_op_Write.ap_auto.i32P0A, i32 %logits_buf_0_23, i32 %x0" [softmax_accel_hls.cc:194]   --->   Operation 604 'write' 'write_ln194' <Predicate = (icmp_ln192 & trunc_ln181 == 23)> <Delay = 0.00>
ST_2 : Operation 605 [1/1] (0.00ns)   --->   "%write_ln194 = write void @_ssdm_op_Write.ap_auto.i32P0A, i32 %logits_buf_0_22, i32 %x0" [softmax_accel_hls.cc:194]   --->   Operation 605 'write' 'write_ln194' <Predicate = (icmp_ln192 & trunc_ln181 == 22)> <Delay = 0.00>
ST_2 : Operation 606 [1/1] (0.00ns)   --->   "%write_ln194 = write void @_ssdm_op_Write.ap_auto.i32P0A, i32 %logits_buf_0_21, i32 %x0" [softmax_accel_hls.cc:194]   --->   Operation 606 'write' 'write_ln194' <Predicate = (icmp_ln192 & trunc_ln181 == 21)> <Delay = 0.00>
ST_2 : Operation 607 [1/1] (0.00ns)   --->   "%write_ln194 = write void @_ssdm_op_Write.ap_auto.i32P0A, i32 %logits_buf_0_20, i32 %x0" [softmax_accel_hls.cc:194]   --->   Operation 607 'write' 'write_ln194' <Predicate = (icmp_ln192 & trunc_ln181 == 20)> <Delay = 0.00>
ST_2 : Operation 608 [1/1] (0.00ns)   --->   "%write_ln194 = write void @_ssdm_op_Write.ap_auto.i32P0A, i32 %logits_buf_0_19, i32 %x0" [softmax_accel_hls.cc:194]   --->   Operation 608 'write' 'write_ln194' <Predicate = (icmp_ln192 & trunc_ln181 == 19)> <Delay = 0.00>
ST_2 : Operation 609 [1/1] (0.00ns)   --->   "%write_ln194 = write void @_ssdm_op_Write.ap_auto.i32P0A, i32 %logits_buf_0_18, i32 %x0" [softmax_accel_hls.cc:194]   --->   Operation 609 'write' 'write_ln194' <Predicate = (icmp_ln192 & trunc_ln181 == 18)> <Delay = 0.00>
ST_2 : Operation 610 [1/1] (0.00ns)   --->   "%write_ln194 = write void @_ssdm_op_Write.ap_auto.i32P0A, i32 %logits_buf_0_17, i32 %x0" [softmax_accel_hls.cc:194]   --->   Operation 610 'write' 'write_ln194' <Predicate = (icmp_ln192 & trunc_ln181 == 17)> <Delay = 0.00>
ST_2 : Operation 611 [1/1] (0.00ns)   --->   "%write_ln194 = write void @_ssdm_op_Write.ap_auto.i32P0A, i32 %logits_buf_0_16, i32 %x0" [softmax_accel_hls.cc:194]   --->   Operation 611 'write' 'write_ln194' <Predicate = (icmp_ln192 & trunc_ln181 == 16)> <Delay = 0.00>
ST_2 : Operation 612 [1/1] (0.00ns)   --->   "%write_ln194 = write void @_ssdm_op_Write.ap_auto.i32P0A, i32 %logits_buf_0_15, i32 %x0" [softmax_accel_hls.cc:194]   --->   Operation 612 'write' 'write_ln194' <Predicate = (icmp_ln192 & trunc_ln181 == 15)> <Delay = 0.00>
ST_2 : Operation 613 [1/1] (0.00ns)   --->   "%write_ln194 = write void @_ssdm_op_Write.ap_auto.i32P0A, i32 %logits_buf_0_14, i32 %x0" [softmax_accel_hls.cc:194]   --->   Operation 613 'write' 'write_ln194' <Predicate = (icmp_ln192 & trunc_ln181 == 14)> <Delay = 0.00>
ST_2 : Operation 614 [1/1] (0.00ns)   --->   "%write_ln194 = write void @_ssdm_op_Write.ap_auto.i32P0A, i32 %logits_buf_0_13, i32 %x0" [softmax_accel_hls.cc:194]   --->   Operation 614 'write' 'write_ln194' <Predicate = (icmp_ln192 & trunc_ln181 == 13)> <Delay = 0.00>
ST_2 : Operation 615 [1/1] (0.00ns)   --->   "%write_ln194 = write void @_ssdm_op_Write.ap_auto.i32P0A, i32 %logits_buf_0_12, i32 %x0" [softmax_accel_hls.cc:194]   --->   Operation 615 'write' 'write_ln194' <Predicate = (icmp_ln192 & trunc_ln181 == 12)> <Delay = 0.00>
ST_2 : Operation 616 [1/1] (0.00ns)   --->   "%write_ln194 = write void @_ssdm_op_Write.ap_auto.i32P0A, i32 %logits_buf_0_11, i32 %x0" [softmax_accel_hls.cc:194]   --->   Operation 616 'write' 'write_ln194' <Predicate = (icmp_ln192 & trunc_ln181 == 11)> <Delay = 0.00>
ST_2 : Operation 617 [1/1] (0.00ns)   --->   "%write_ln194 = write void @_ssdm_op_Write.ap_auto.i32P0A, i32 %logits_buf_0_10, i32 %x0" [softmax_accel_hls.cc:194]   --->   Operation 617 'write' 'write_ln194' <Predicate = (icmp_ln192 & trunc_ln181 == 10)> <Delay = 0.00>
ST_2 : Operation 618 [1/1] (0.00ns)   --->   "%write_ln194 = write void @_ssdm_op_Write.ap_auto.i32P0A, i32 %logits_buf_0_9, i32 %x0" [softmax_accel_hls.cc:194]   --->   Operation 618 'write' 'write_ln194' <Predicate = (icmp_ln192 & trunc_ln181 == 9)> <Delay = 0.00>
ST_2 : Operation 619 [1/1] (0.00ns)   --->   "%write_ln194 = write void @_ssdm_op_Write.ap_auto.i32P0A, i32 %logits_buf_0_8, i32 %x0" [softmax_accel_hls.cc:194]   --->   Operation 619 'write' 'write_ln194' <Predicate = (icmp_ln192 & trunc_ln181 == 8)> <Delay = 0.00>
ST_2 : Operation 620 [1/1] (0.00ns)   --->   "%write_ln194 = write void @_ssdm_op_Write.ap_auto.i32P0A, i32 %logits_buf_0_7, i32 %x0" [softmax_accel_hls.cc:194]   --->   Operation 620 'write' 'write_ln194' <Predicate = (icmp_ln192 & trunc_ln181 == 7)> <Delay = 0.00>
ST_2 : Operation 621 [1/1] (0.00ns)   --->   "%write_ln194 = write void @_ssdm_op_Write.ap_auto.i32P0A, i32 %logits_buf_0_6, i32 %x0" [softmax_accel_hls.cc:194]   --->   Operation 621 'write' 'write_ln194' <Predicate = (icmp_ln192 & trunc_ln181 == 6)> <Delay = 0.00>
ST_2 : Operation 622 [1/1] (0.00ns)   --->   "%write_ln194 = write void @_ssdm_op_Write.ap_auto.i32P0A, i32 %logits_buf_0_5, i32 %x0" [softmax_accel_hls.cc:194]   --->   Operation 622 'write' 'write_ln194' <Predicate = (icmp_ln192 & trunc_ln181 == 5)> <Delay = 0.00>
ST_2 : Operation 623 [1/1] (0.00ns)   --->   "%write_ln194 = write void @_ssdm_op_Write.ap_auto.i32P0A, i32 %logits_buf_0_4, i32 %x0" [softmax_accel_hls.cc:194]   --->   Operation 623 'write' 'write_ln194' <Predicate = (icmp_ln192 & trunc_ln181 == 4)> <Delay = 0.00>
ST_2 : Operation 624 [1/1] (0.00ns)   --->   "%write_ln194 = write void @_ssdm_op_Write.ap_auto.i32P0A, i32 %logits_buf_0_3, i32 %x0" [softmax_accel_hls.cc:194]   --->   Operation 624 'write' 'write_ln194' <Predicate = (icmp_ln192 & trunc_ln181 == 3)> <Delay = 0.00>
ST_2 : Operation 625 [1/1] (0.00ns)   --->   "%write_ln194 = write void @_ssdm_op_Write.ap_auto.i32P0A, i32 %logits_buf_0_2, i32 %x0" [softmax_accel_hls.cc:194]   --->   Operation 625 'write' 'write_ln194' <Predicate = (icmp_ln192 & trunc_ln181 == 2)> <Delay = 0.00>
ST_2 : Operation 626 [1/1] (0.00ns)   --->   "%write_ln194 = write void @_ssdm_op_Write.ap_auto.i32P0A, i32 %logits_buf_0_1, i32 %x0" [softmax_accel_hls.cc:194]   --->   Operation 626 'write' 'write_ln194' <Predicate = (icmp_ln192 & trunc_ln181 == 1)> <Delay = 0.00>
ST_2 : Operation 627 [1/1] (0.00ns)   --->   "%write_ln194 = write void @_ssdm_op_Write.ap_auto.i32P0A, i32 %logits_buf_0_63, i32 %x0" [softmax_accel_hls.cc:194]   --->   Operation 627 'write' 'write_ln194' <Predicate = (icmp_ln192 & trunc_ln181 == 63)> <Delay = 0.00>
ST_2 : Operation 628 [1/1] (0.00ns)   --->   "%write_ln194 = write void @_ssdm_op_Write.ap_auto.i32P0A, i32 %logits_buf_0_0, i32 %x0" [softmax_accel_hls.cc:194]   --->   Operation 628 'write' 'write_ln194' <Predicate = (icmp_ln192 & trunc_ln181 == 0)> <Delay = 0.00>
ST_2 : Operation 629 [1/1] (1.58ns)   --->   "%br_ln196 = br void %if.end" [softmax_accel_hls.cc:196]   --->   Operation 629 'br' 'br_ln196' <Predicate = (!icmp_ln181 & icmp_ln192)> <Delay = 1.58>
ST_2 : Operation 630 [1/1] (0.00ns)   --->   "%x1 = partselect i32 @_ssdm_op_PartSelect.i32.i128.i32, i128 %line, i32 32" [softmax_accel_hls.cc:160->softmax_accel_hls.cc:198]   --->   Operation 630 'partselect' 'x1' <Predicate = (!icmp_ln181 & icmp_ln197)> <Delay = 0.00>
ST_2 : Operation 631 [1/1] (0.00ns)   --->   "%write_ln199 = write void @_ssdm_op_Write.ap_auto.i32P0A, i32 %logits_buf_1_62, i32 %x1" [softmax_accel_hls.cc:199]   --->   Operation 631 'write' 'write_ln199' <Predicate = (trunc_ln181 == 62 & icmp_ln197)> <Delay = 0.00>
ST_2 : Operation 632 [1/1] (0.00ns)   --->   "%write_ln199 = write void @_ssdm_op_Write.ap_auto.i32P0A, i32 %logits_buf_1_61, i32 %x1" [softmax_accel_hls.cc:199]   --->   Operation 632 'write' 'write_ln199' <Predicate = (trunc_ln181 == 61 & icmp_ln197)> <Delay = 0.00>
ST_2 : Operation 633 [1/1] (0.00ns)   --->   "%write_ln199 = write void @_ssdm_op_Write.ap_auto.i32P0A, i32 %logits_buf_1_60, i32 %x1" [softmax_accel_hls.cc:199]   --->   Operation 633 'write' 'write_ln199' <Predicate = (trunc_ln181 == 60 & icmp_ln197)> <Delay = 0.00>
ST_2 : Operation 634 [1/1] (0.00ns)   --->   "%write_ln199 = write void @_ssdm_op_Write.ap_auto.i32P0A, i32 %logits_buf_1_59, i32 %x1" [softmax_accel_hls.cc:199]   --->   Operation 634 'write' 'write_ln199' <Predicate = (trunc_ln181 == 59 & icmp_ln197)> <Delay = 0.00>
ST_2 : Operation 635 [1/1] (0.00ns)   --->   "%write_ln199 = write void @_ssdm_op_Write.ap_auto.i32P0A, i32 %logits_buf_1_58, i32 %x1" [softmax_accel_hls.cc:199]   --->   Operation 635 'write' 'write_ln199' <Predicate = (trunc_ln181 == 58 & icmp_ln197)> <Delay = 0.00>
ST_2 : Operation 636 [1/1] (0.00ns)   --->   "%write_ln199 = write void @_ssdm_op_Write.ap_auto.i32P0A, i32 %logits_buf_1_57, i32 %x1" [softmax_accel_hls.cc:199]   --->   Operation 636 'write' 'write_ln199' <Predicate = (trunc_ln181 == 57 & icmp_ln197)> <Delay = 0.00>
ST_2 : Operation 637 [1/1] (0.00ns)   --->   "%write_ln199 = write void @_ssdm_op_Write.ap_auto.i32P0A, i32 %logits_buf_1_56, i32 %x1" [softmax_accel_hls.cc:199]   --->   Operation 637 'write' 'write_ln199' <Predicate = (trunc_ln181 == 56 & icmp_ln197)> <Delay = 0.00>
ST_2 : Operation 638 [1/1] (0.00ns)   --->   "%write_ln199 = write void @_ssdm_op_Write.ap_auto.i32P0A, i32 %logits_buf_1_55, i32 %x1" [softmax_accel_hls.cc:199]   --->   Operation 638 'write' 'write_ln199' <Predicate = (trunc_ln181 == 55 & icmp_ln197)> <Delay = 0.00>
ST_2 : Operation 639 [1/1] (0.00ns)   --->   "%write_ln199 = write void @_ssdm_op_Write.ap_auto.i32P0A, i32 %logits_buf_1_54, i32 %x1" [softmax_accel_hls.cc:199]   --->   Operation 639 'write' 'write_ln199' <Predicate = (trunc_ln181 == 54 & icmp_ln197)> <Delay = 0.00>
ST_2 : Operation 640 [1/1] (0.00ns)   --->   "%write_ln199 = write void @_ssdm_op_Write.ap_auto.i32P0A, i32 %logits_buf_1_53, i32 %x1" [softmax_accel_hls.cc:199]   --->   Operation 640 'write' 'write_ln199' <Predicate = (trunc_ln181 == 53 & icmp_ln197)> <Delay = 0.00>
ST_2 : Operation 641 [1/1] (0.00ns)   --->   "%write_ln199 = write void @_ssdm_op_Write.ap_auto.i32P0A, i32 %logits_buf_1_52, i32 %x1" [softmax_accel_hls.cc:199]   --->   Operation 641 'write' 'write_ln199' <Predicate = (trunc_ln181 == 52 & icmp_ln197)> <Delay = 0.00>
ST_2 : Operation 642 [1/1] (0.00ns)   --->   "%write_ln199 = write void @_ssdm_op_Write.ap_auto.i32P0A, i32 %logits_buf_1_51, i32 %x1" [softmax_accel_hls.cc:199]   --->   Operation 642 'write' 'write_ln199' <Predicate = (trunc_ln181 == 51 & icmp_ln197)> <Delay = 0.00>
ST_2 : Operation 643 [1/1] (0.00ns)   --->   "%write_ln199 = write void @_ssdm_op_Write.ap_auto.i32P0A, i32 %logits_buf_1_50, i32 %x1" [softmax_accel_hls.cc:199]   --->   Operation 643 'write' 'write_ln199' <Predicate = (trunc_ln181 == 50 & icmp_ln197)> <Delay = 0.00>
ST_2 : Operation 644 [1/1] (0.00ns)   --->   "%write_ln199 = write void @_ssdm_op_Write.ap_auto.i32P0A, i32 %logits_buf_1_49, i32 %x1" [softmax_accel_hls.cc:199]   --->   Operation 644 'write' 'write_ln199' <Predicate = (trunc_ln181 == 49 & icmp_ln197)> <Delay = 0.00>
ST_2 : Operation 645 [1/1] (0.00ns)   --->   "%write_ln199 = write void @_ssdm_op_Write.ap_auto.i32P0A, i32 %logits_buf_1_48, i32 %x1" [softmax_accel_hls.cc:199]   --->   Operation 645 'write' 'write_ln199' <Predicate = (trunc_ln181 == 48 & icmp_ln197)> <Delay = 0.00>
ST_2 : Operation 646 [1/1] (0.00ns)   --->   "%write_ln199 = write void @_ssdm_op_Write.ap_auto.i32P0A, i32 %logits_buf_1_47, i32 %x1" [softmax_accel_hls.cc:199]   --->   Operation 646 'write' 'write_ln199' <Predicate = (trunc_ln181 == 47 & icmp_ln197)> <Delay = 0.00>
ST_2 : Operation 647 [1/1] (0.00ns)   --->   "%write_ln199 = write void @_ssdm_op_Write.ap_auto.i32P0A, i32 %logits_buf_1_46, i32 %x1" [softmax_accel_hls.cc:199]   --->   Operation 647 'write' 'write_ln199' <Predicate = (trunc_ln181 == 46 & icmp_ln197)> <Delay = 0.00>
ST_2 : Operation 648 [1/1] (0.00ns)   --->   "%write_ln199 = write void @_ssdm_op_Write.ap_auto.i32P0A, i32 %logits_buf_1_45, i32 %x1" [softmax_accel_hls.cc:199]   --->   Operation 648 'write' 'write_ln199' <Predicate = (trunc_ln181 == 45 & icmp_ln197)> <Delay = 0.00>
ST_2 : Operation 649 [1/1] (0.00ns)   --->   "%write_ln199 = write void @_ssdm_op_Write.ap_auto.i32P0A, i32 %logits_buf_1_44, i32 %x1" [softmax_accel_hls.cc:199]   --->   Operation 649 'write' 'write_ln199' <Predicate = (trunc_ln181 == 44 & icmp_ln197)> <Delay = 0.00>
ST_2 : Operation 650 [1/1] (0.00ns)   --->   "%write_ln199 = write void @_ssdm_op_Write.ap_auto.i32P0A, i32 %logits_buf_1_43, i32 %x1" [softmax_accel_hls.cc:199]   --->   Operation 650 'write' 'write_ln199' <Predicate = (trunc_ln181 == 43 & icmp_ln197)> <Delay = 0.00>
ST_2 : Operation 651 [1/1] (0.00ns)   --->   "%write_ln199 = write void @_ssdm_op_Write.ap_auto.i32P0A, i32 %logits_buf_1_42, i32 %x1" [softmax_accel_hls.cc:199]   --->   Operation 651 'write' 'write_ln199' <Predicate = (trunc_ln181 == 42 & icmp_ln197)> <Delay = 0.00>
ST_2 : Operation 652 [1/1] (0.00ns)   --->   "%write_ln199 = write void @_ssdm_op_Write.ap_auto.i32P0A, i32 %logits_buf_1_41, i32 %x1" [softmax_accel_hls.cc:199]   --->   Operation 652 'write' 'write_ln199' <Predicate = (trunc_ln181 == 41 & icmp_ln197)> <Delay = 0.00>
ST_2 : Operation 653 [1/1] (0.00ns)   --->   "%write_ln199 = write void @_ssdm_op_Write.ap_auto.i32P0A, i32 %logits_buf_1_40, i32 %x1" [softmax_accel_hls.cc:199]   --->   Operation 653 'write' 'write_ln199' <Predicate = (trunc_ln181 == 40 & icmp_ln197)> <Delay = 0.00>
ST_2 : Operation 654 [1/1] (0.00ns)   --->   "%write_ln199 = write void @_ssdm_op_Write.ap_auto.i32P0A, i32 %logits_buf_1_39, i32 %x1" [softmax_accel_hls.cc:199]   --->   Operation 654 'write' 'write_ln199' <Predicate = (trunc_ln181 == 39 & icmp_ln197)> <Delay = 0.00>
ST_2 : Operation 655 [1/1] (0.00ns)   --->   "%write_ln199 = write void @_ssdm_op_Write.ap_auto.i32P0A, i32 %logits_buf_1_38, i32 %x1" [softmax_accel_hls.cc:199]   --->   Operation 655 'write' 'write_ln199' <Predicate = (trunc_ln181 == 38 & icmp_ln197)> <Delay = 0.00>
ST_2 : Operation 656 [1/1] (0.00ns)   --->   "%write_ln199 = write void @_ssdm_op_Write.ap_auto.i32P0A, i32 %logits_buf_1_37, i32 %x1" [softmax_accel_hls.cc:199]   --->   Operation 656 'write' 'write_ln199' <Predicate = (trunc_ln181 == 37 & icmp_ln197)> <Delay = 0.00>
ST_2 : Operation 657 [1/1] (0.00ns)   --->   "%write_ln199 = write void @_ssdm_op_Write.ap_auto.i32P0A, i32 %logits_buf_1_36, i32 %x1" [softmax_accel_hls.cc:199]   --->   Operation 657 'write' 'write_ln199' <Predicate = (trunc_ln181 == 36 & icmp_ln197)> <Delay = 0.00>
ST_2 : Operation 658 [1/1] (0.00ns)   --->   "%write_ln199 = write void @_ssdm_op_Write.ap_auto.i32P0A, i32 %logits_buf_1_35, i32 %x1" [softmax_accel_hls.cc:199]   --->   Operation 658 'write' 'write_ln199' <Predicate = (trunc_ln181 == 35 & icmp_ln197)> <Delay = 0.00>
ST_2 : Operation 659 [1/1] (0.00ns)   --->   "%write_ln199 = write void @_ssdm_op_Write.ap_auto.i32P0A, i32 %logits_buf_1_34, i32 %x1" [softmax_accel_hls.cc:199]   --->   Operation 659 'write' 'write_ln199' <Predicate = (trunc_ln181 == 34 & icmp_ln197)> <Delay = 0.00>
ST_2 : Operation 660 [1/1] (0.00ns)   --->   "%write_ln199 = write void @_ssdm_op_Write.ap_auto.i32P0A, i32 %logits_buf_1_33, i32 %x1" [softmax_accel_hls.cc:199]   --->   Operation 660 'write' 'write_ln199' <Predicate = (trunc_ln181 == 33 & icmp_ln197)> <Delay = 0.00>
ST_2 : Operation 661 [1/1] (0.00ns)   --->   "%write_ln199 = write void @_ssdm_op_Write.ap_auto.i32P0A, i32 %logits_buf_1_32, i32 %x1" [softmax_accel_hls.cc:199]   --->   Operation 661 'write' 'write_ln199' <Predicate = (trunc_ln181 == 32 & icmp_ln197)> <Delay = 0.00>
ST_2 : Operation 662 [1/1] (0.00ns)   --->   "%write_ln199 = write void @_ssdm_op_Write.ap_auto.i32P0A, i32 %logits_buf_1_31, i32 %x1" [softmax_accel_hls.cc:199]   --->   Operation 662 'write' 'write_ln199' <Predicate = (trunc_ln181 == 31 & icmp_ln197)> <Delay = 0.00>
ST_2 : Operation 663 [1/1] (0.00ns)   --->   "%write_ln199 = write void @_ssdm_op_Write.ap_auto.i32P0A, i32 %logits_buf_1_30, i32 %x1" [softmax_accel_hls.cc:199]   --->   Operation 663 'write' 'write_ln199' <Predicate = (trunc_ln181 == 30 & icmp_ln197)> <Delay = 0.00>
ST_2 : Operation 664 [1/1] (0.00ns)   --->   "%write_ln199 = write void @_ssdm_op_Write.ap_auto.i32P0A, i32 %logits_buf_1_29, i32 %x1" [softmax_accel_hls.cc:199]   --->   Operation 664 'write' 'write_ln199' <Predicate = (trunc_ln181 == 29 & icmp_ln197)> <Delay = 0.00>
ST_2 : Operation 665 [1/1] (0.00ns)   --->   "%write_ln199 = write void @_ssdm_op_Write.ap_auto.i32P0A, i32 %logits_buf_1_28, i32 %x1" [softmax_accel_hls.cc:199]   --->   Operation 665 'write' 'write_ln199' <Predicate = (trunc_ln181 == 28 & icmp_ln197)> <Delay = 0.00>
ST_2 : Operation 666 [1/1] (0.00ns)   --->   "%write_ln199 = write void @_ssdm_op_Write.ap_auto.i32P0A, i32 %logits_buf_1_27, i32 %x1" [softmax_accel_hls.cc:199]   --->   Operation 666 'write' 'write_ln199' <Predicate = (trunc_ln181 == 27 & icmp_ln197)> <Delay = 0.00>
ST_2 : Operation 667 [1/1] (0.00ns)   --->   "%write_ln199 = write void @_ssdm_op_Write.ap_auto.i32P0A, i32 %logits_buf_1_26, i32 %x1" [softmax_accel_hls.cc:199]   --->   Operation 667 'write' 'write_ln199' <Predicate = (trunc_ln181 == 26 & icmp_ln197)> <Delay = 0.00>
ST_2 : Operation 668 [1/1] (0.00ns)   --->   "%write_ln199 = write void @_ssdm_op_Write.ap_auto.i32P0A, i32 %logits_buf_1_25, i32 %x1" [softmax_accel_hls.cc:199]   --->   Operation 668 'write' 'write_ln199' <Predicate = (trunc_ln181 == 25 & icmp_ln197)> <Delay = 0.00>
ST_2 : Operation 669 [1/1] (0.00ns)   --->   "%write_ln199 = write void @_ssdm_op_Write.ap_auto.i32P0A, i32 %logits_buf_1_24, i32 %x1" [softmax_accel_hls.cc:199]   --->   Operation 669 'write' 'write_ln199' <Predicate = (trunc_ln181 == 24 & icmp_ln197)> <Delay = 0.00>
ST_2 : Operation 670 [1/1] (0.00ns)   --->   "%write_ln199 = write void @_ssdm_op_Write.ap_auto.i32P0A, i32 %logits_buf_1_23, i32 %x1" [softmax_accel_hls.cc:199]   --->   Operation 670 'write' 'write_ln199' <Predicate = (trunc_ln181 == 23 & icmp_ln197)> <Delay = 0.00>
ST_2 : Operation 671 [1/1] (0.00ns)   --->   "%write_ln199 = write void @_ssdm_op_Write.ap_auto.i32P0A, i32 %logits_buf_1_22, i32 %x1" [softmax_accel_hls.cc:199]   --->   Operation 671 'write' 'write_ln199' <Predicate = (trunc_ln181 == 22 & icmp_ln197)> <Delay = 0.00>
ST_2 : Operation 672 [1/1] (0.00ns)   --->   "%write_ln199 = write void @_ssdm_op_Write.ap_auto.i32P0A, i32 %logits_buf_1_21, i32 %x1" [softmax_accel_hls.cc:199]   --->   Operation 672 'write' 'write_ln199' <Predicate = (trunc_ln181 == 21 & icmp_ln197)> <Delay = 0.00>
ST_2 : Operation 673 [1/1] (0.00ns)   --->   "%write_ln199 = write void @_ssdm_op_Write.ap_auto.i32P0A, i32 %logits_buf_1_20, i32 %x1" [softmax_accel_hls.cc:199]   --->   Operation 673 'write' 'write_ln199' <Predicate = (trunc_ln181 == 20 & icmp_ln197)> <Delay = 0.00>
ST_2 : Operation 674 [1/1] (0.00ns)   --->   "%write_ln199 = write void @_ssdm_op_Write.ap_auto.i32P0A, i32 %logits_buf_1_19, i32 %x1" [softmax_accel_hls.cc:199]   --->   Operation 674 'write' 'write_ln199' <Predicate = (trunc_ln181 == 19 & icmp_ln197)> <Delay = 0.00>
ST_2 : Operation 675 [1/1] (0.00ns)   --->   "%write_ln199 = write void @_ssdm_op_Write.ap_auto.i32P0A, i32 %logits_buf_1_18, i32 %x1" [softmax_accel_hls.cc:199]   --->   Operation 675 'write' 'write_ln199' <Predicate = (trunc_ln181 == 18 & icmp_ln197)> <Delay = 0.00>
ST_2 : Operation 676 [1/1] (0.00ns)   --->   "%write_ln199 = write void @_ssdm_op_Write.ap_auto.i32P0A, i32 %logits_buf_1_17, i32 %x1" [softmax_accel_hls.cc:199]   --->   Operation 676 'write' 'write_ln199' <Predicate = (trunc_ln181 == 17 & icmp_ln197)> <Delay = 0.00>
ST_2 : Operation 677 [1/1] (0.00ns)   --->   "%write_ln199 = write void @_ssdm_op_Write.ap_auto.i32P0A, i32 %logits_buf_1_16, i32 %x1" [softmax_accel_hls.cc:199]   --->   Operation 677 'write' 'write_ln199' <Predicate = (trunc_ln181 == 16 & icmp_ln197)> <Delay = 0.00>
ST_2 : Operation 678 [1/1] (0.00ns)   --->   "%write_ln199 = write void @_ssdm_op_Write.ap_auto.i32P0A, i32 %logits_buf_1_15, i32 %x1" [softmax_accel_hls.cc:199]   --->   Operation 678 'write' 'write_ln199' <Predicate = (trunc_ln181 == 15 & icmp_ln197)> <Delay = 0.00>
ST_2 : Operation 679 [1/1] (0.00ns)   --->   "%write_ln199 = write void @_ssdm_op_Write.ap_auto.i32P0A, i32 %logits_buf_1_14, i32 %x1" [softmax_accel_hls.cc:199]   --->   Operation 679 'write' 'write_ln199' <Predicate = (trunc_ln181 == 14 & icmp_ln197)> <Delay = 0.00>
ST_2 : Operation 680 [1/1] (0.00ns)   --->   "%write_ln199 = write void @_ssdm_op_Write.ap_auto.i32P0A, i32 %logits_buf_1_13, i32 %x1" [softmax_accel_hls.cc:199]   --->   Operation 680 'write' 'write_ln199' <Predicate = (trunc_ln181 == 13 & icmp_ln197)> <Delay = 0.00>
ST_2 : Operation 681 [1/1] (0.00ns)   --->   "%write_ln199 = write void @_ssdm_op_Write.ap_auto.i32P0A, i32 %logits_buf_1_12, i32 %x1" [softmax_accel_hls.cc:199]   --->   Operation 681 'write' 'write_ln199' <Predicate = (trunc_ln181 == 12 & icmp_ln197)> <Delay = 0.00>
ST_2 : Operation 682 [1/1] (0.00ns)   --->   "%write_ln199 = write void @_ssdm_op_Write.ap_auto.i32P0A, i32 %logits_buf_1_11, i32 %x1" [softmax_accel_hls.cc:199]   --->   Operation 682 'write' 'write_ln199' <Predicate = (trunc_ln181 == 11 & icmp_ln197)> <Delay = 0.00>
ST_2 : Operation 683 [1/1] (0.00ns)   --->   "%write_ln199 = write void @_ssdm_op_Write.ap_auto.i32P0A, i32 %logits_buf_1_10, i32 %x1" [softmax_accel_hls.cc:199]   --->   Operation 683 'write' 'write_ln199' <Predicate = (trunc_ln181 == 10 & icmp_ln197)> <Delay = 0.00>
ST_2 : Operation 684 [1/1] (0.00ns)   --->   "%write_ln199 = write void @_ssdm_op_Write.ap_auto.i32P0A, i32 %logits_buf_1_9, i32 %x1" [softmax_accel_hls.cc:199]   --->   Operation 684 'write' 'write_ln199' <Predicate = (trunc_ln181 == 9 & icmp_ln197)> <Delay = 0.00>
ST_2 : Operation 685 [1/1] (0.00ns)   --->   "%write_ln199 = write void @_ssdm_op_Write.ap_auto.i32P0A, i32 %logits_buf_1_8, i32 %x1" [softmax_accel_hls.cc:199]   --->   Operation 685 'write' 'write_ln199' <Predicate = (trunc_ln181 == 8 & icmp_ln197)> <Delay = 0.00>
ST_2 : Operation 686 [1/1] (0.00ns)   --->   "%write_ln199 = write void @_ssdm_op_Write.ap_auto.i32P0A, i32 %logits_buf_1_7, i32 %x1" [softmax_accel_hls.cc:199]   --->   Operation 686 'write' 'write_ln199' <Predicate = (trunc_ln181 == 7 & icmp_ln197)> <Delay = 0.00>
ST_2 : Operation 687 [1/1] (0.00ns)   --->   "%write_ln199 = write void @_ssdm_op_Write.ap_auto.i32P0A, i32 %logits_buf_1_6, i32 %x1" [softmax_accel_hls.cc:199]   --->   Operation 687 'write' 'write_ln199' <Predicate = (trunc_ln181 == 6 & icmp_ln197)> <Delay = 0.00>
ST_2 : Operation 688 [1/1] (0.00ns)   --->   "%write_ln199 = write void @_ssdm_op_Write.ap_auto.i32P0A, i32 %logits_buf_1_5, i32 %x1" [softmax_accel_hls.cc:199]   --->   Operation 688 'write' 'write_ln199' <Predicate = (trunc_ln181 == 5 & icmp_ln197)> <Delay = 0.00>
ST_2 : Operation 689 [1/1] (0.00ns)   --->   "%write_ln199 = write void @_ssdm_op_Write.ap_auto.i32P0A, i32 %logits_buf_1_4, i32 %x1" [softmax_accel_hls.cc:199]   --->   Operation 689 'write' 'write_ln199' <Predicate = (trunc_ln181 == 4 & icmp_ln197)> <Delay = 0.00>
ST_2 : Operation 690 [1/1] (0.00ns)   --->   "%write_ln199 = write void @_ssdm_op_Write.ap_auto.i32P0A, i32 %logits_buf_1_3, i32 %x1" [softmax_accel_hls.cc:199]   --->   Operation 690 'write' 'write_ln199' <Predicate = (trunc_ln181 == 3 & icmp_ln197)> <Delay = 0.00>
ST_2 : Operation 691 [1/1] (0.00ns)   --->   "%write_ln199 = write void @_ssdm_op_Write.ap_auto.i32P0A, i32 %logits_buf_1_2, i32 %x1" [softmax_accel_hls.cc:199]   --->   Operation 691 'write' 'write_ln199' <Predicate = (trunc_ln181 == 2 & icmp_ln197)> <Delay = 0.00>
ST_2 : Operation 692 [1/1] (0.00ns)   --->   "%write_ln199 = write void @_ssdm_op_Write.ap_auto.i32P0A, i32 %logits_buf_1_1, i32 %x1" [softmax_accel_hls.cc:199]   --->   Operation 692 'write' 'write_ln199' <Predicate = (trunc_ln181 == 1 & icmp_ln197)> <Delay = 0.00>
ST_2 : Operation 693 [1/1] (0.00ns)   --->   "%write_ln199 = write void @_ssdm_op_Write.ap_auto.i32P0A, i32 %logits_buf_1_63, i32 %x1" [softmax_accel_hls.cc:199]   --->   Operation 693 'write' 'write_ln199' <Predicate = (trunc_ln181 == 63 & icmp_ln197)> <Delay = 0.00>
ST_2 : Operation 694 [1/1] (0.00ns)   --->   "%write_ln199 = write void @_ssdm_op_Write.ap_auto.i32P0A, i32 %logits_buf_1_0, i32 %x1" [softmax_accel_hls.cc:199]   --->   Operation 694 'write' 'write_ln199' <Predicate = (trunc_ln181 == 0 & icmp_ln197)> <Delay = 0.00>
ST_2 : Operation 695 [1/1] (1.58ns)   --->   "%br_ln201 = br void %if.end19" [softmax_accel_hls.cc:201]   --->   Operation 695 'br' 'br_ln201' <Predicate = (!icmp_ln181 & icmp_ln197)> <Delay = 1.58>
ST_2 : Operation 696 [1/1] (0.00ns)   --->   "%x2 = partselect i32 @_ssdm_op_PartSelect.i32.i128.i32, i128 %line, i32 64" [softmax_accel_hls.cc:160->softmax_accel_hls.cc:203]   --->   Operation 696 'partselect' 'x2' <Predicate = (!icmp_ln181 & icmp_ln202)> <Delay = 0.00>
ST_2 : Operation 697 [1/1] (0.00ns)   --->   "%write_ln204 = write void @_ssdm_op_Write.ap_auto.i32P0A, i32 %logits_buf_2_62, i32 %x2" [softmax_accel_hls.cc:204]   --->   Operation 697 'write' 'write_ln204' <Predicate = (trunc_ln181 == 62 & icmp_ln202)> <Delay = 0.00>
ST_2 : Operation 698 [1/1] (0.00ns)   --->   "%write_ln204 = write void @_ssdm_op_Write.ap_auto.i32P0A, i32 %logits_buf_2_61, i32 %x2" [softmax_accel_hls.cc:204]   --->   Operation 698 'write' 'write_ln204' <Predicate = (trunc_ln181 == 61 & icmp_ln202)> <Delay = 0.00>
ST_2 : Operation 699 [1/1] (0.00ns)   --->   "%write_ln204 = write void @_ssdm_op_Write.ap_auto.i32P0A, i32 %logits_buf_2_60, i32 %x2" [softmax_accel_hls.cc:204]   --->   Operation 699 'write' 'write_ln204' <Predicate = (trunc_ln181 == 60 & icmp_ln202)> <Delay = 0.00>
ST_2 : Operation 700 [1/1] (0.00ns)   --->   "%write_ln204 = write void @_ssdm_op_Write.ap_auto.i32P0A, i32 %logits_buf_2_59, i32 %x2" [softmax_accel_hls.cc:204]   --->   Operation 700 'write' 'write_ln204' <Predicate = (trunc_ln181 == 59 & icmp_ln202)> <Delay = 0.00>
ST_2 : Operation 701 [1/1] (0.00ns)   --->   "%write_ln204 = write void @_ssdm_op_Write.ap_auto.i32P0A, i32 %logits_buf_2_58, i32 %x2" [softmax_accel_hls.cc:204]   --->   Operation 701 'write' 'write_ln204' <Predicate = (trunc_ln181 == 58 & icmp_ln202)> <Delay = 0.00>
ST_2 : Operation 702 [1/1] (0.00ns)   --->   "%write_ln204 = write void @_ssdm_op_Write.ap_auto.i32P0A, i32 %logits_buf_2_57, i32 %x2" [softmax_accel_hls.cc:204]   --->   Operation 702 'write' 'write_ln204' <Predicate = (trunc_ln181 == 57 & icmp_ln202)> <Delay = 0.00>
ST_2 : Operation 703 [1/1] (0.00ns)   --->   "%write_ln204 = write void @_ssdm_op_Write.ap_auto.i32P0A, i32 %logits_buf_2_56, i32 %x2" [softmax_accel_hls.cc:204]   --->   Operation 703 'write' 'write_ln204' <Predicate = (trunc_ln181 == 56 & icmp_ln202)> <Delay = 0.00>
ST_2 : Operation 704 [1/1] (0.00ns)   --->   "%write_ln204 = write void @_ssdm_op_Write.ap_auto.i32P0A, i32 %logits_buf_2_55, i32 %x2" [softmax_accel_hls.cc:204]   --->   Operation 704 'write' 'write_ln204' <Predicate = (trunc_ln181 == 55 & icmp_ln202)> <Delay = 0.00>
ST_2 : Operation 705 [1/1] (0.00ns)   --->   "%write_ln204 = write void @_ssdm_op_Write.ap_auto.i32P0A, i32 %logits_buf_2_54, i32 %x2" [softmax_accel_hls.cc:204]   --->   Operation 705 'write' 'write_ln204' <Predicate = (trunc_ln181 == 54 & icmp_ln202)> <Delay = 0.00>
ST_2 : Operation 706 [1/1] (0.00ns)   --->   "%write_ln204 = write void @_ssdm_op_Write.ap_auto.i32P0A, i32 %logits_buf_2_53, i32 %x2" [softmax_accel_hls.cc:204]   --->   Operation 706 'write' 'write_ln204' <Predicate = (trunc_ln181 == 53 & icmp_ln202)> <Delay = 0.00>
ST_2 : Operation 707 [1/1] (0.00ns)   --->   "%write_ln204 = write void @_ssdm_op_Write.ap_auto.i32P0A, i32 %logits_buf_2_52, i32 %x2" [softmax_accel_hls.cc:204]   --->   Operation 707 'write' 'write_ln204' <Predicate = (trunc_ln181 == 52 & icmp_ln202)> <Delay = 0.00>
ST_2 : Operation 708 [1/1] (0.00ns)   --->   "%write_ln204 = write void @_ssdm_op_Write.ap_auto.i32P0A, i32 %logits_buf_2_51, i32 %x2" [softmax_accel_hls.cc:204]   --->   Operation 708 'write' 'write_ln204' <Predicate = (trunc_ln181 == 51 & icmp_ln202)> <Delay = 0.00>
ST_2 : Operation 709 [1/1] (0.00ns)   --->   "%write_ln204 = write void @_ssdm_op_Write.ap_auto.i32P0A, i32 %logits_buf_2_50, i32 %x2" [softmax_accel_hls.cc:204]   --->   Operation 709 'write' 'write_ln204' <Predicate = (trunc_ln181 == 50 & icmp_ln202)> <Delay = 0.00>
ST_2 : Operation 710 [1/1] (0.00ns)   --->   "%write_ln204 = write void @_ssdm_op_Write.ap_auto.i32P0A, i32 %logits_buf_2_49, i32 %x2" [softmax_accel_hls.cc:204]   --->   Operation 710 'write' 'write_ln204' <Predicate = (trunc_ln181 == 49 & icmp_ln202)> <Delay = 0.00>
ST_2 : Operation 711 [1/1] (0.00ns)   --->   "%write_ln204 = write void @_ssdm_op_Write.ap_auto.i32P0A, i32 %logits_buf_2_48, i32 %x2" [softmax_accel_hls.cc:204]   --->   Operation 711 'write' 'write_ln204' <Predicate = (trunc_ln181 == 48 & icmp_ln202)> <Delay = 0.00>
ST_2 : Operation 712 [1/1] (0.00ns)   --->   "%write_ln204 = write void @_ssdm_op_Write.ap_auto.i32P0A, i32 %logits_buf_2_47, i32 %x2" [softmax_accel_hls.cc:204]   --->   Operation 712 'write' 'write_ln204' <Predicate = (trunc_ln181 == 47 & icmp_ln202)> <Delay = 0.00>
ST_2 : Operation 713 [1/1] (0.00ns)   --->   "%write_ln204 = write void @_ssdm_op_Write.ap_auto.i32P0A, i32 %logits_buf_2_46, i32 %x2" [softmax_accel_hls.cc:204]   --->   Operation 713 'write' 'write_ln204' <Predicate = (trunc_ln181 == 46 & icmp_ln202)> <Delay = 0.00>
ST_2 : Operation 714 [1/1] (0.00ns)   --->   "%write_ln204 = write void @_ssdm_op_Write.ap_auto.i32P0A, i32 %logits_buf_2_45, i32 %x2" [softmax_accel_hls.cc:204]   --->   Operation 714 'write' 'write_ln204' <Predicate = (trunc_ln181 == 45 & icmp_ln202)> <Delay = 0.00>
ST_2 : Operation 715 [1/1] (0.00ns)   --->   "%write_ln204 = write void @_ssdm_op_Write.ap_auto.i32P0A, i32 %logits_buf_2_44, i32 %x2" [softmax_accel_hls.cc:204]   --->   Operation 715 'write' 'write_ln204' <Predicate = (trunc_ln181 == 44 & icmp_ln202)> <Delay = 0.00>
ST_2 : Operation 716 [1/1] (0.00ns)   --->   "%write_ln204 = write void @_ssdm_op_Write.ap_auto.i32P0A, i32 %logits_buf_2_43, i32 %x2" [softmax_accel_hls.cc:204]   --->   Operation 716 'write' 'write_ln204' <Predicate = (trunc_ln181 == 43 & icmp_ln202)> <Delay = 0.00>
ST_2 : Operation 717 [1/1] (0.00ns)   --->   "%write_ln204 = write void @_ssdm_op_Write.ap_auto.i32P0A, i32 %logits_buf_2_42, i32 %x2" [softmax_accel_hls.cc:204]   --->   Operation 717 'write' 'write_ln204' <Predicate = (trunc_ln181 == 42 & icmp_ln202)> <Delay = 0.00>
ST_2 : Operation 718 [1/1] (0.00ns)   --->   "%write_ln204 = write void @_ssdm_op_Write.ap_auto.i32P0A, i32 %logits_buf_2_41, i32 %x2" [softmax_accel_hls.cc:204]   --->   Operation 718 'write' 'write_ln204' <Predicate = (trunc_ln181 == 41 & icmp_ln202)> <Delay = 0.00>
ST_2 : Operation 719 [1/1] (0.00ns)   --->   "%write_ln204 = write void @_ssdm_op_Write.ap_auto.i32P0A, i32 %logits_buf_2_40, i32 %x2" [softmax_accel_hls.cc:204]   --->   Operation 719 'write' 'write_ln204' <Predicate = (trunc_ln181 == 40 & icmp_ln202)> <Delay = 0.00>
ST_2 : Operation 720 [1/1] (0.00ns)   --->   "%write_ln204 = write void @_ssdm_op_Write.ap_auto.i32P0A, i32 %logits_buf_2_39, i32 %x2" [softmax_accel_hls.cc:204]   --->   Operation 720 'write' 'write_ln204' <Predicate = (trunc_ln181 == 39 & icmp_ln202)> <Delay = 0.00>
ST_2 : Operation 721 [1/1] (0.00ns)   --->   "%write_ln204 = write void @_ssdm_op_Write.ap_auto.i32P0A, i32 %logits_buf_2_38, i32 %x2" [softmax_accel_hls.cc:204]   --->   Operation 721 'write' 'write_ln204' <Predicate = (trunc_ln181 == 38 & icmp_ln202)> <Delay = 0.00>
ST_2 : Operation 722 [1/1] (0.00ns)   --->   "%write_ln204 = write void @_ssdm_op_Write.ap_auto.i32P0A, i32 %logits_buf_2_37, i32 %x2" [softmax_accel_hls.cc:204]   --->   Operation 722 'write' 'write_ln204' <Predicate = (trunc_ln181 == 37 & icmp_ln202)> <Delay = 0.00>
ST_2 : Operation 723 [1/1] (0.00ns)   --->   "%write_ln204 = write void @_ssdm_op_Write.ap_auto.i32P0A, i32 %logits_buf_2_36, i32 %x2" [softmax_accel_hls.cc:204]   --->   Operation 723 'write' 'write_ln204' <Predicate = (trunc_ln181 == 36 & icmp_ln202)> <Delay = 0.00>
ST_2 : Operation 724 [1/1] (0.00ns)   --->   "%write_ln204 = write void @_ssdm_op_Write.ap_auto.i32P0A, i32 %logits_buf_2_35, i32 %x2" [softmax_accel_hls.cc:204]   --->   Operation 724 'write' 'write_ln204' <Predicate = (trunc_ln181 == 35 & icmp_ln202)> <Delay = 0.00>
ST_2 : Operation 725 [1/1] (0.00ns)   --->   "%write_ln204 = write void @_ssdm_op_Write.ap_auto.i32P0A, i32 %logits_buf_2_34, i32 %x2" [softmax_accel_hls.cc:204]   --->   Operation 725 'write' 'write_ln204' <Predicate = (trunc_ln181 == 34 & icmp_ln202)> <Delay = 0.00>
ST_2 : Operation 726 [1/1] (0.00ns)   --->   "%write_ln204 = write void @_ssdm_op_Write.ap_auto.i32P0A, i32 %logits_buf_2_33, i32 %x2" [softmax_accel_hls.cc:204]   --->   Operation 726 'write' 'write_ln204' <Predicate = (trunc_ln181 == 33 & icmp_ln202)> <Delay = 0.00>
ST_2 : Operation 727 [1/1] (0.00ns)   --->   "%write_ln204 = write void @_ssdm_op_Write.ap_auto.i32P0A, i32 %logits_buf_2_32, i32 %x2" [softmax_accel_hls.cc:204]   --->   Operation 727 'write' 'write_ln204' <Predicate = (trunc_ln181 == 32 & icmp_ln202)> <Delay = 0.00>
ST_2 : Operation 728 [1/1] (0.00ns)   --->   "%write_ln204 = write void @_ssdm_op_Write.ap_auto.i32P0A, i32 %logits_buf_2_31, i32 %x2" [softmax_accel_hls.cc:204]   --->   Operation 728 'write' 'write_ln204' <Predicate = (trunc_ln181 == 31 & icmp_ln202)> <Delay = 0.00>
ST_2 : Operation 729 [1/1] (0.00ns)   --->   "%write_ln204 = write void @_ssdm_op_Write.ap_auto.i32P0A, i32 %logits_buf_2_30, i32 %x2" [softmax_accel_hls.cc:204]   --->   Operation 729 'write' 'write_ln204' <Predicate = (trunc_ln181 == 30 & icmp_ln202)> <Delay = 0.00>
ST_2 : Operation 730 [1/1] (0.00ns)   --->   "%write_ln204 = write void @_ssdm_op_Write.ap_auto.i32P0A, i32 %logits_buf_2_29, i32 %x2" [softmax_accel_hls.cc:204]   --->   Operation 730 'write' 'write_ln204' <Predicate = (trunc_ln181 == 29 & icmp_ln202)> <Delay = 0.00>
ST_2 : Operation 731 [1/1] (0.00ns)   --->   "%write_ln204 = write void @_ssdm_op_Write.ap_auto.i32P0A, i32 %logits_buf_2_28, i32 %x2" [softmax_accel_hls.cc:204]   --->   Operation 731 'write' 'write_ln204' <Predicate = (trunc_ln181 == 28 & icmp_ln202)> <Delay = 0.00>
ST_2 : Operation 732 [1/1] (0.00ns)   --->   "%write_ln204 = write void @_ssdm_op_Write.ap_auto.i32P0A, i32 %logits_buf_2_27, i32 %x2" [softmax_accel_hls.cc:204]   --->   Operation 732 'write' 'write_ln204' <Predicate = (trunc_ln181 == 27 & icmp_ln202)> <Delay = 0.00>
ST_2 : Operation 733 [1/1] (0.00ns)   --->   "%write_ln204 = write void @_ssdm_op_Write.ap_auto.i32P0A, i32 %logits_buf_2_26, i32 %x2" [softmax_accel_hls.cc:204]   --->   Operation 733 'write' 'write_ln204' <Predicate = (trunc_ln181 == 26 & icmp_ln202)> <Delay = 0.00>
ST_2 : Operation 734 [1/1] (0.00ns)   --->   "%write_ln204 = write void @_ssdm_op_Write.ap_auto.i32P0A, i32 %logits_buf_2_25, i32 %x2" [softmax_accel_hls.cc:204]   --->   Operation 734 'write' 'write_ln204' <Predicate = (trunc_ln181 == 25 & icmp_ln202)> <Delay = 0.00>
ST_2 : Operation 735 [1/1] (0.00ns)   --->   "%write_ln204 = write void @_ssdm_op_Write.ap_auto.i32P0A, i32 %logits_buf_2_24, i32 %x2" [softmax_accel_hls.cc:204]   --->   Operation 735 'write' 'write_ln204' <Predicate = (trunc_ln181 == 24 & icmp_ln202)> <Delay = 0.00>
ST_2 : Operation 736 [1/1] (0.00ns)   --->   "%write_ln204 = write void @_ssdm_op_Write.ap_auto.i32P0A, i32 %logits_buf_2_23, i32 %x2" [softmax_accel_hls.cc:204]   --->   Operation 736 'write' 'write_ln204' <Predicate = (trunc_ln181 == 23 & icmp_ln202)> <Delay = 0.00>
ST_2 : Operation 737 [1/1] (0.00ns)   --->   "%write_ln204 = write void @_ssdm_op_Write.ap_auto.i32P0A, i32 %logits_buf_2_22, i32 %x2" [softmax_accel_hls.cc:204]   --->   Operation 737 'write' 'write_ln204' <Predicate = (trunc_ln181 == 22 & icmp_ln202)> <Delay = 0.00>
ST_2 : Operation 738 [1/1] (0.00ns)   --->   "%write_ln204 = write void @_ssdm_op_Write.ap_auto.i32P0A, i32 %logits_buf_2_21, i32 %x2" [softmax_accel_hls.cc:204]   --->   Operation 738 'write' 'write_ln204' <Predicate = (trunc_ln181 == 21 & icmp_ln202)> <Delay = 0.00>
ST_2 : Operation 739 [1/1] (0.00ns)   --->   "%write_ln204 = write void @_ssdm_op_Write.ap_auto.i32P0A, i32 %logits_buf_2_20, i32 %x2" [softmax_accel_hls.cc:204]   --->   Operation 739 'write' 'write_ln204' <Predicate = (trunc_ln181 == 20 & icmp_ln202)> <Delay = 0.00>
ST_2 : Operation 740 [1/1] (0.00ns)   --->   "%write_ln204 = write void @_ssdm_op_Write.ap_auto.i32P0A, i32 %logits_buf_2_19, i32 %x2" [softmax_accel_hls.cc:204]   --->   Operation 740 'write' 'write_ln204' <Predicate = (trunc_ln181 == 19 & icmp_ln202)> <Delay = 0.00>
ST_2 : Operation 741 [1/1] (0.00ns)   --->   "%write_ln204 = write void @_ssdm_op_Write.ap_auto.i32P0A, i32 %logits_buf_2_18, i32 %x2" [softmax_accel_hls.cc:204]   --->   Operation 741 'write' 'write_ln204' <Predicate = (trunc_ln181 == 18 & icmp_ln202)> <Delay = 0.00>
ST_2 : Operation 742 [1/1] (0.00ns)   --->   "%write_ln204 = write void @_ssdm_op_Write.ap_auto.i32P0A, i32 %logits_buf_2_17, i32 %x2" [softmax_accel_hls.cc:204]   --->   Operation 742 'write' 'write_ln204' <Predicate = (trunc_ln181 == 17 & icmp_ln202)> <Delay = 0.00>
ST_2 : Operation 743 [1/1] (0.00ns)   --->   "%write_ln204 = write void @_ssdm_op_Write.ap_auto.i32P0A, i32 %logits_buf_2_16, i32 %x2" [softmax_accel_hls.cc:204]   --->   Operation 743 'write' 'write_ln204' <Predicate = (trunc_ln181 == 16 & icmp_ln202)> <Delay = 0.00>
ST_2 : Operation 744 [1/1] (0.00ns)   --->   "%write_ln204 = write void @_ssdm_op_Write.ap_auto.i32P0A, i32 %logits_buf_2_15, i32 %x2" [softmax_accel_hls.cc:204]   --->   Operation 744 'write' 'write_ln204' <Predicate = (trunc_ln181 == 15 & icmp_ln202)> <Delay = 0.00>
ST_2 : Operation 745 [1/1] (0.00ns)   --->   "%write_ln204 = write void @_ssdm_op_Write.ap_auto.i32P0A, i32 %logits_buf_2_14, i32 %x2" [softmax_accel_hls.cc:204]   --->   Operation 745 'write' 'write_ln204' <Predicate = (trunc_ln181 == 14 & icmp_ln202)> <Delay = 0.00>
ST_2 : Operation 746 [1/1] (0.00ns)   --->   "%write_ln204 = write void @_ssdm_op_Write.ap_auto.i32P0A, i32 %logits_buf_2_13, i32 %x2" [softmax_accel_hls.cc:204]   --->   Operation 746 'write' 'write_ln204' <Predicate = (trunc_ln181 == 13 & icmp_ln202)> <Delay = 0.00>
ST_2 : Operation 747 [1/1] (0.00ns)   --->   "%write_ln204 = write void @_ssdm_op_Write.ap_auto.i32P0A, i32 %logits_buf_2_12, i32 %x2" [softmax_accel_hls.cc:204]   --->   Operation 747 'write' 'write_ln204' <Predicate = (trunc_ln181 == 12 & icmp_ln202)> <Delay = 0.00>
ST_2 : Operation 748 [1/1] (0.00ns)   --->   "%write_ln204 = write void @_ssdm_op_Write.ap_auto.i32P0A, i32 %logits_buf_2_11, i32 %x2" [softmax_accel_hls.cc:204]   --->   Operation 748 'write' 'write_ln204' <Predicate = (trunc_ln181 == 11 & icmp_ln202)> <Delay = 0.00>
ST_2 : Operation 749 [1/1] (0.00ns)   --->   "%write_ln204 = write void @_ssdm_op_Write.ap_auto.i32P0A, i32 %logits_buf_2_10, i32 %x2" [softmax_accel_hls.cc:204]   --->   Operation 749 'write' 'write_ln204' <Predicate = (trunc_ln181 == 10 & icmp_ln202)> <Delay = 0.00>
ST_2 : Operation 750 [1/1] (0.00ns)   --->   "%write_ln204 = write void @_ssdm_op_Write.ap_auto.i32P0A, i32 %logits_buf_2_9, i32 %x2" [softmax_accel_hls.cc:204]   --->   Operation 750 'write' 'write_ln204' <Predicate = (trunc_ln181 == 9 & icmp_ln202)> <Delay = 0.00>
ST_2 : Operation 751 [1/1] (0.00ns)   --->   "%write_ln204 = write void @_ssdm_op_Write.ap_auto.i32P0A, i32 %logits_buf_2_8, i32 %x2" [softmax_accel_hls.cc:204]   --->   Operation 751 'write' 'write_ln204' <Predicate = (trunc_ln181 == 8 & icmp_ln202)> <Delay = 0.00>
ST_2 : Operation 752 [1/1] (0.00ns)   --->   "%write_ln204 = write void @_ssdm_op_Write.ap_auto.i32P0A, i32 %logits_buf_2_7, i32 %x2" [softmax_accel_hls.cc:204]   --->   Operation 752 'write' 'write_ln204' <Predicate = (trunc_ln181 == 7 & icmp_ln202)> <Delay = 0.00>
ST_2 : Operation 753 [1/1] (0.00ns)   --->   "%write_ln204 = write void @_ssdm_op_Write.ap_auto.i32P0A, i32 %logits_buf_2_6, i32 %x2" [softmax_accel_hls.cc:204]   --->   Operation 753 'write' 'write_ln204' <Predicate = (trunc_ln181 == 6 & icmp_ln202)> <Delay = 0.00>
ST_2 : Operation 754 [1/1] (0.00ns)   --->   "%write_ln204 = write void @_ssdm_op_Write.ap_auto.i32P0A, i32 %logits_buf_2_5, i32 %x2" [softmax_accel_hls.cc:204]   --->   Operation 754 'write' 'write_ln204' <Predicate = (trunc_ln181 == 5 & icmp_ln202)> <Delay = 0.00>
ST_2 : Operation 755 [1/1] (0.00ns)   --->   "%write_ln204 = write void @_ssdm_op_Write.ap_auto.i32P0A, i32 %logits_buf_2_4, i32 %x2" [softmax_accel_hls.cc:204]   --->   Operation 755 'write' 'write_ln204' <Predicate = (trunc_ln181 == 4 & icmp_ln202)> <Delay = 0.00>
ST_2 : Operation 756 [1/1] (0.00ns)   --->   "%write_ln204 = write void @_ssdm_op_Write.ap_auto.i32P0A, i32 %logits_buf_2_3, i32 %x2" [softmax_accel_hls.cc:204]   --->   Operation 756 'write' 'write_ln204' <Predicate = (trunc_ln181 == 3 & icmp_ln202)> <Delay = 0.00>
ST_2 : Operation 757 [1/1] (0.00ns)   --->   "%write_ln204 = write void @_ssdm_op_Write.ap_auto.i32P0A, i32 %logits_buf_2_2, i32 %x2" [softmax_accel_hls.cc:204]   --->   Operation 757 'write' 'write_ln204' <Predicate = (trunc_ln181 == 2 & icmp_ln202)> <Delay = 0.00>
ST_2 : Operation 758 [1/1] (0.00ns)   --->   "%write_ln204 = write void @_ssdm_op_Write.ap_auto.i32P0A, i32 %logits_buf_2_1, i32 %x2" [softmax_accel_hls.cc:204]   --->   Operation 758 'write' 'write_ln204' <Predicate = (trunc_ln181 == 1 & icmp_ln202)> <Delay = 0.00>
ST_2 : Operation 759 [1/1] (0.00ns)   --->   "%write_ln204 = write void @_ssdm_op_Write.ap_auto.i32P0A, i32 %logits_buf_2_63, i32 %x2" [softmax_accel_hls.cc:204]   --->   Operation 759 'write' 'write_ln204' <Predicate = (trunc_ln181 == 63 & icmp_ln202)> <Delay = 0.00>
ST_2 : Operation 760 [1/1] (0.00ns)   --->   "%write_ln204 = write void @_ssdm_op_Write.ap_auto.i32P0A, i32 %logits_buf_2_0, i32 %x2" [softmax_accel_hls.cc:204]   --->   Operation 760 'write' 'write_ln204' <Predicate = (trunc_ln181 == 0 & icmp_ln202)> <Delay = 0.00>
ST_2 : Operation 761 [1/1] (1.58ns)   --->   "%br_ln206 = br void %if.end31" [softmax_accel_hls.cc:206]   --->   Operation 761 'br' 'br_ln206' <Predicate = (!icmp_ln181 & icmp_ln202)> <Delay = 1.58>
ST_2 : Operation 762 [1/1] (0.00ns)   --->   "%x3 = partselect i32 @_ssdm_op_PartSelect.i32.i128.i32, i128 %line, i32 96" [softmax_accel_hls.cc:160->softmax_accel_hls.cc:208]   --->   Operation 762 'partselect' 'x3' <Predicate = (!icmp_ln181 & icmp_ln207)> <Delay = 0.00>
ST_2 : Operation 763 [1/1] (0.00ns)   --->   "%write_ln209 = write void @_ssdm_op_Write.ap_auto.i32P0A, i32 %logits_buf_3_62, i32 %x3" [softmax_accel_hls.cc:209]   --->   Operation 763 'write' 'write_ln209' <Predicate = (trunc_ln181 == 62 & icmp_ln207)> <Delay = 0.00>
ST_2 : Operation 764 [1/1] (0.00ns)   --->   "%write_ln209 = write void @_ssdm_op_Write.ap_auto.i32P0A, i32 %logits_buf_3_61, i32 %x3" [softmax_accel_hls.cc:209]   --->   Operation 764 'write' 'write_ln209' <Predicate = (trunc_ln181 == 61 & icmp_ln207)> <Delay = 0.00>
ST_2 : Operation 765 [1/1] (0.00ns)   --->   "%write_ln209 = write void @_ssdm_op_Write.ap_auto.i32P0A, i32 %logits_buf_3_60, i32 %x3" [softmax_accel_hls.cc:209]   --->   Operation 765 'write' 'write_ln209' <Predicate = (trunc_ln181 == 60 & icmp_ln207)> <Delay = 0.00>
ST_2 : Operation 766 [1/1] (0.00ns)   --->   "%write_ln209 = write void @_ssdm_op_Write.ap_auto.i32P0A, i32 %logits_buf_3_59, i32 %x3" [softmax_accel_hls.cc:209]   --->   Operation 766 'write' 'write_ln209' <Predicate = (trunc_ln181 == 59 & icmp_ln207)> <Delay = 0.00>
ST_2 : Operation 767 [1/1] (0.00ns)   --->   "%write_ln209 = write void @_ssdm_op_Write.ap_auto.i32P0A, i32 %logits_buf_3_58, i32 %x3" [softmax_accel_hls.cc:209]   --->   Operation 767 'write' 'write_ln209' <Predicate = (trunc_ln181 == 58 & icmp_ln207)> <Delay = 0.00>
ST_2 : Operation 768 [1/1] (0.00ns)   --->   "%write_ln209 = write void @_ssdm_op_Write.ap_auto.i32P0A, i32 %logits_buf_3_57, i32 %x3" [softmax_accel_hls.cc:209]   --->   Operation 768 'write' 'write_ln209' <Predicate = (trunc_ln181 == 57 & icmp_ln207)> <Delay = 0.00>
ST_2 : Operation 769 [1/1] (0.00ns)   --->   "%write_ln209 = write void @_ssdm_op_Write.ap_auto.i32P0A, i32 %logits_buf_3_56, i32 %x3" [softmax_accel_hls.cc:209]   --->   Operation 769 'write' 'write_ln209' <Predicate = (trunc_ln181 == 56 & icmp_ln207)> <Delay = 0.00>
ST_2 : Operation 770 [1/1] (0.00ns)   --->   "%write_ln209 = write void @_ssdm_op_Write.ap_auto.i32P0A, i32 %logits_buf_3_55, i32 %x3" [softmax_accel_hls.cc:209]   --->   Operation 770 'write' 'write_ln209' <Predicate = (trunc_ln181 == 55 & icmp_ln207)> <Delay = 0.00>
ST_2 : Operation 771 [1/1] (0.00ns)   --->   "%write_ln209 = write void @_ssdm_op_Write.ap_auto.i32P0A, i32 %logits_buf_3_54, i32 %x3" [softmax_accel_hls.cc:209]   --->   Operation 771 'write' 'write_ln209' <Predicate = (trunc_ln181 == 54 & icmp_ln207)> <Delay = 0.00>
ST_2 : Operation 772 [1/1] (0.00ns)   --->   "%write_ln209 = write void @_ssdm_op_Write.ap_auto.i32P0A, i32 %logits_buf_3_53, i32 %x3" [softmax_accel_hls.cc:209]   --->   Operation 772 'write' 'write_ln209' <Predicate = (trunc_ln181 == 53 & icmp_ln207)> <Delay = 0.00>
ST_2 : Operation 773 [1/1] (0.00ns)   --->   "%write_ln209 = write void @_ssdm_op_Write.ap_auto.i32P0A, i32 %logits_buf_3_52, i32 %x3" [softmax_accel_hls.cc:209]   --->   Operation 773 'write' 'write_ln209' <Predicate = (trunc_ln181 == 52 & icmp_ln207)> <Delay = 0.00>
ST_2 : Operation 774 [1/1] (0.00ns)   --->   "%write_ln209 = write void @_ssdm_op_Write.ap_auto.i32P0A, i32 %logits_buf_3_51, i32 %x3" [softmax_accel_hls.cc:209]   --->   Operation 774 'write' 'write_ln209' <Predicate = (trunc_ln181 == 51 & icmp_ln207)> <Delay = 0.00>
ST_2 : Operation 775 [1/1] (0.00ns)   --->   "%write_ln209 = write void @_ssdm_op_Write.ap_auto.i32P0A, i32 %logits_buf_3_50, i32 %x3" [softmax_accel_hls.cc:209]   --->   Operation 775 'write' 'write_ln209' <Predicate = (trunc_ln181 == 50 & icmp_ln207)> <Delay = 0.00>
ST_2 : Operation 776 [1/1] (0.00ns)   --->   "%write_ln209 = write void @_ssdm_op_Write.ap_auto.i32P0A, i32 %logits_buf_3_49, i32 %x3" [softmax_accel_hls.cc:209]   --->   Operation 776 'write' 'write_ln209' <Predicate = (trunc_ln181 == 49 & icmp_ln207)> <Delay = 0.00>
ST_2 : Operation 777 [1/1] (0.00ns)   --->   "%write_ln209 = write void @_ssdm_op_Write.ap_auto.i32P0A, i32 %logits_buf_3_48, i32 %x3" [softmax_accel_hls.cc:209]   --->   Operation 777 'write' 'write_ln209' <Predicate = (trunc_ln181 == 48 & icmp_ln207)> <Delay = 0.00>
ST_2 : Operation 778 [1/1] (0.00ns)   --->   "%write_ln209 = write void @_ssdm_op_Write.ap_auto.i32P0A, i32 %logits_buf_3_47, i32 %x3" [softmax_accel_hls.cc:209]   --->   Operation 778 'write' 'write_ln209' <Predicate = (trunc_ln181 == 47 & icmp_ln207)> <Delay = 0.00>
ST_2 : Operation 779 [1/1] (0.00ns)   --->   "%write_ln209 = write void @_ssdm_op_Write.ap_auto.i32P0A, i32 %logits_buf_3_46, i32 %x3" [softmax_accel_hls.cc:209]   --->   Operation 779 'write' 'write_ln209' <Predicate = (trunc_ln181 == 46 & icmp_ln207)> <Delay = 0.00>
ST_2 : Operation 780 [1/1] (0.00ns)   --->   "%write_ln209 = write void @_ssdm_op_Write.ap_auto.i32P0A, i32 %logits_buf_3_45, i32 %x3" [softmax_accel_hls.cc:209]   --->   Operation 780 'write' 'write_ln209' <Predicate = (trunc_ln181 == 45 & icmp_ln207)> <Delay = 0.00>
ST_2 : Operation 781 [1/1] (0.00ns)   --->   "%write_ln209 = write void @_ssdm_op_Write.ap_auto.i32P0A, i32 %logits_buf_3_44, i32 %x3" [softmax_accel_hls.cc:209]   --->   Operation 781 'write' 'write_ln209' <Predicate = (trunc_ln181 == 44 & icmp_ln207)> <Delay = 0.00>
ST_2 : Operation 782 [1/1] (0.00ns)   --->   "%write_ln209 = write void @_ssdm_op_Write.ap_auto.i32P0A, i32 %logits_buf_3_43, i32 %x3" [softmax_accel_hls.cc:209]   --->   Operation 782 'write' 'write_ln209' <Predicate = (trunc_ln181 == 43 & icmp_ln207)> <Delay = 0.00>
ST_2 : Operation 783 [1/1] (0.00ns)   --->   "%write_ln209 = write void @_ssdm_op_Write.ap_auto.i32P0A, i32 %logits_buf_3_42, i32 %x3" [softmax_accel_hls.cc:209]   --->   Operation 783 'write' 'write_ln209' <Predicate = (trunc_ln181 == 42 & icmp_ln207)> <Delay = 0.00>
ST_2 : Operation 784 [1/1] (0.00ns)   --->   "%write_ln209 = write void @_ssdm_op_Write.ap_auto.i32P0A, i32 %logits_buf_3_41, i32 %x3" [softmax_accel_hls.cc:209]   --->   Operation 784 'write' 'write_ln209' <Predicate = (trunc_ln181 == 41 & icmp_ln207)> <Delay = 0.00>
ST_2 : Operation 785 [1/1] (0.00ns)   --->   "%write_ln209 = write void @_ssdm_op_Write.ap_auto.i32P0A, i32 %logits_buf_3_40, i32 %x3" [softmax_accel_hls.cc:209]   --->   Operation 785 'write' 'write_ln209' <Predicate = (trunc_ln181 == 40 & icmp_ln207)> <Delay = 0.00>
ST_2 : Operation 786 [1/1] (0.00ns)   --->   "%write_ln209 = write void @_ssdm_op_Write.ap_auto.i32P0A, i32 %logits_buf_3_39, i32 %x3" [softmax_accel_hls.cc:209]   --->   Operation 786 'write' 'write_ln209' <Predicate = (trunc_ln181 == 39 & icmp_ln207)> <Delay = 0.00>
ST_2 : Operation 787 [1/1] (0.00ns)   --->   "%write_ln209 = write void @_ssdm_op_Write.ap_auto.i32P0A, i32 %logits_buf_3_38, i32 %x3" [softmax_accel_hls.cc:209]   --->   Operation 787 'write' 'write_ln209' <Predicate = (trunc_ln181 == 38 & icmp_ln207)> <Delay = 0.00>
ST_2 : Operation 788 [1/1] (0.00ns)   --->   "%write_ln209 = write void @_ssdm_op_Write.ap_auto.i32P0A, i32 %logits_buf_3_37, i32 %x3" [softmax_accel_hls.cc:209]   --->   Operation 788 'write' 'write_ln209' <Predicate = (trunc_ln181 == 37 & icmp_ln207)> <Delay = 0.00>
ST_2 : Operation 789 [1/1] (0.00ns)   --->   "%write_ln209 = write void @_ssdm_op_Write.ap_auto.i32P0A, i32 %logits_buf_3_36, i32 %x3" [softmax_accel_hls.cc:209]   --->   Operation 789 'write' 'write_ln209' <Predicate = (trunc_ln181 == 36 & icmp_ln207)> <Delay = 0.00>
ST_2 : Operation 790 [1/1] (0.00ns)   --->   "%write_ln209 = write void @_ssdm_op_Write.ap_auto.i32P0A, i32 %logits_buf_3_35, i32 %x3" [softmax_accel_hls.cc:209]   --->   Operation 790 'write' 'write_ln209' <Predicate = (trunc_ln181 == 35 & icmp_ln207)> <Delay = 0.00>
ST_2 : Operation 791 [1/1] (0.00ns)   --->   "%write_ln209 = write void @_ssdm_op_Write.ap_auto.i32P0A, i32 %logits_buf_3_34, i32 %x3" [softmax_accel_hls.cc:209]   --->   Operation 791 'write' 'write_ln209' <Predicate = (trunc_ln181 == 34 & icmp_ln207)> <Delay = 0.00>
ST_2 : Operation 792 [1/1] (0.00ns)   --->   "%write_ln209 = write void @_ssdm_op_Write.ap_auto.i32P0A, i32 %logits_buf_3_33, i32 %x3" [softmax_accel_hls.cc:209]   --->   Operation 792 'write' 'write_ln209' <Predicate = (trunc_ln181 == 33 & icmp_ln207)> <Delay = 0.00>
ST_2 : Operation 793 [1/1] (0.00ns)   --->   "%write_ln209 = write void @_ssdm_op_Write.ap_auto.i32P0A, i32 %logits_buf_3_32, i32 %x3" [softmax_accel_hls.cc:209]   --->   Operation 793 'write' 'write_ln209' <Predicate = (trunc_ln181 == 32 & icmp_ln207)> <Delay = 0.00>
ST_2 : Operation 794 [1/1] (0.00ns)   --->   "%write_ln209 = write void @_ssdm_op_Write.ap_auto.i32P0A, i32 %logits_buf_3_31, i32 %x3" [softmax_accel_hls.cc:209]   --->   Operation 794 'write' 'write_ln209' <Predicate = (trunc_ln181 == 31 & icmp_ln207)> <Delay = 0.00>
ST_2 : Operation 795 [1/1] (0.00ns)   --->   "%write_ln209 = write void @_ssdm_op_Write.ap_auto.i32P0A, i32 %logits_buf_3_30, i32 %x3" [softmax_accel_hls.cc:209]   --->   Operation 795 'write' 'write_ln209' <Predicate = (trunc_ln181 == 30 & icmp_ln207)> <Delay = 0.00>
ST_2 : Operation 796 [1/1] (0.00ns)   --->   "%write_ln209 = write void @_ssdm_op_Write.ap_auto.i32P0A, i32 %logits_buf_3_29, i32 %x3" [softmax_accel_hls.cc:209]   --->   Operation 796 'write' 'write_ln209' <Predicate = (trunc_ln181 == 29 & icmp_ln207)> <Delay = 0.00>
ST_2 : Operation 797 [1/1] (0.00ns)   --->   "%write_ln209 = write void @_ssdm_op_Write.ap_auto.i32P0A, i32 %logits_buf_3_28, i32 %x3" [softmax_accel_hls.cc:209]   --->   Operation 797 'write' 'write_ln209' <Predicate = (trunc_ln181 == 28 & icmp_ln207)> <Delay = 0.00>
ST_2 : Operation 798 [1/1] (0.00ns)   --->   "%write_ln209 = write void @_ssdm_op_Write.ap_auto.i32P0A, i32 %logits_buf_3_27, i32 %x3" [softmax_accel_hls.cc:209]   --->   Operation 798 'write' 'write_ln209' <Predicate = (trunc_ln181 == 27 & icmp_ln207)> <Delay = 0.00>
ST_2 : Operation 799 [1/1] (0.00ns)   --->   "%write_ln209 = write void @_ssdm_op_Write.ap_auto.i32P0A, i32 %logits_buf_3_26, i32 %x3" [softmax_accel_hls.cc:209]   --->   Operation 799 'write' 'write_ln209' <Predicate = (trunc_ln181 == 26 & icmp_ln207)> <Delay = 0.00>
ST_2 : Operation 800 [1/1] (0.00ns)   --->   "%write_ln209 = write void @_ssdm_op_Write.ap_auto.i32P0A, i32 %logits_buf_3_25, i32 %x3" [softmax_accel_hls.cc:209]   --->   Operation 800 'write' 'write_ln209' <Predicate = (trunc_ln181 == 25 & icmp_ln207)> <Delay = 0.00>
ST_2 : Operation 801 [1/1] (0.00ns)   --->   "%write_ln209 = write void @_ssdm_op_Write.ap_auto.i32P0A, i32 %logits_buf_3_24, i32 %x3" [softmax_accel_hls.cc:209]   --->   Operation 801 'write' 'write_ln209' <Predicate = (trunc_ln181 == 24 & icmp_ln207)> <Delay = 0.00>
ST_2 : Operation 802 [1/1] (0.00ns)   --->   "%write_ln209 = write void @_ssdm_op_Write.ap_auto.i32P0A, i32 %logits_buf_3_23, i32 %x3" [softmax_accel_hls.cc:209]   --->   Operation 802 'write' 'write_ln209' <Predicate = (trunc_ln181 == 23 & icmp_ln207)> <Delay = 0.00>
ST_2 : Operation 803 [1/1] (0.00ns)   --->   "%write_ln209 = write void @_ssdm_op_Write.ap_auto.i32P0A, i32 %logits_buf_3_22, i32 %x3" [softmax_accel_hls.cc:209]   --->   Operation 803 'write' 'write_ln209' <Predicate = (trunc_ln181 == 22 & icmp_ln207)> <Delay = 0.00>
ST_2 : Operation 804 [1/1] (0.00ns)   --->   "%write_ln209 = write void @_ssdm_op_Write.ap_auto.i32P0A, i32 %logits_buf_3_21, i32 %x3" [softmax_accel_hls.cc:209]   --->   Operation 804 'write' 'write_ln209' <Predicate = (trunc_ln181 == 21 & icmp_ln207)> <Delay = 0.00>
ST_2 : Operation 805 [1/1] (0.00ns)   --->   "%write_ln209 = write void @_ssdm_op_Write.ap_auto.i32P0A, i32 %logits_buf_3_20, i32 %x3" [softmax_accel_hls.cc:209]   --->   Operation 805 'write' 'write_ln209' <Predicate = (trunc_ln181 == 20 & icmp_ln207)> <Delay = 0.00>
ST_2 : Operation 806 [1/1] (0.00ns)   --->   "%write_ln209 = write void @_ssdm_op_Write.ap_auto.i32P0A, i32 %logits_buf_3_19, i32 %x3" [softmax_accel_hls.cc:209]   --->   Operation 806 'write' 'write_ln209' <Predicate = (trunc_ln181 == 19 & icmp_ln207)> <Delay = 0.00>
ST_2 : Operation 807 [1/1] (0.00ns)   --->   "%write_ln209 = write void @_ssdm_op_Write.ap_auto.i32P0A, i32 %logits_buf_3_18, i32 %x3" [softmax_accel_hls.cc:209]   --->   Operation 807 'write' 'write_ln209' <Predicate = (trunc_ln181 == 18 & icmp_ln207)> <Delay = 0.00>
ST_2 : Operation 808 [1/1] (0.00ns)   --->   "%write_ln209 = write void @_ssdm_op_Write.ap_auto.i32P0A, i32 %logits_buf_3_17, i32 %x3" [softmax_accel_hls.cc:209]   --->   Operation 808 'write' 'write_ln209' <Predicate = (trunc_ln181 == 17 & icmp_ln207)> <Delay = 0.00>
ST_2 : Operation 809 [1/1] (0.00ns)   --->   "%write_ln209 = write void @_ssdm_op_Write.ap_auto.i32P0A, i32 %logits_buf_3_16, i32 %x3" [softmax_accel_hls.cc:209]   --->   Operation 809 'write' 'write_ln209' <Predicate = (trunc_ln181 == 16 & icmp_ln207)> <Delay = 0.00>
ST_2 : Operation 810 [1/1] (0.00ns)   --->   "%write_ln209 = write void @_ssdm_op_Write.ap_auto.i32P0A, i32 %logits_buf_3_15, i32 %x3" [softmax_accel_hls.cc:209]   --->   Operation 810 'write' 'write_ln209' <Predicate = (trunc_ln181 == 15 & icmp_ln207)> <Delay = 0.00>
ST_2 : Operation 811 [1/1] (0.00ns)   --->   "%write_ln209 = write void @_ssdm_op_Write.ap_auto.i32P0A, i32 %logits_buf_3_14, i32 %x3" [softmax_accel_hls.cc:209]   --->   Operation 811 'write' 'write_ln209' <Predicate = (trunc_ln181 == 14 & icmp_ln207)> <Delay = 0.00>
ST_2 : Operation 812 [1/1] (0.00ns)   --->   "%write_ln209 = write void @_ssdm_op_Write.ap_auto.i32P0A, i32 %logits_buf_3_13, i32 %x3" [softmax_accel_hls.cc:209]   --->   Operation 812 'write' 'write_ln209' <Predicate = (trunc_ln181 == 13 & icmp_ln207)> <Delay = 0.00>
ST_2 : Operation 813 [1/1] (0.00ns)   --->   "%write_ln209 = write void @_ssdm_op_Write.ap_auto.i32P0A, i32 %logits_buf_3_12, i32 %x3" [softmax_accel_hls.cc:209]   --->   Operation 813 'write' 'write_ln209' <Predicate = (trunc_ln181 == 12 & icmp_ln207)> <Delay = 0.00>
ST_2 : Operation 814 [1/1] (0.00ns)   --->   "%write_ln209 = write void @_ssdm_op_Write.ap_auto.i32P0A, i32 %logits_buf_3_11, i32 %x3" [softmax_accel_hls.cc:209]   --->   Operation 814 'write' 'write_ln209' <Predicate = (trunc_ln181 == 11 & icmp_ln207)> <Delay = 0.00>
ST_2 : Operation 815 [1/1] (0.00ns)   --->   "%write_ln209 = write void @_ssdm_op_Write.ap_auto.i32P0A, i32 %logits_buf_3_10, i32 %x3" [softmax_accel_hls.cc:209]   --->   Operation 815 'write' 'write_ln209' <Predicate = (trunc_ln181 == 10 & icmp_ln207)> <Delay = 0.00>
ST_2 : Operation 816 [1/1] (0.00ns)   --->   "%write_ln209 = write void @_ssdm_op_Write.ap_auto.i32P0A, i32 %logits_buf_3_9, i32 %x3" [softmax_accel_hls.cc:209]   --->   Operation 816 'write' 'write_ln209' <Predicate = (trunc_ln181 == 9 & icmp_ln207)> <Delay = 0.00>
ST_2 : Operation 817 [1/1] (0.00ns)   --->   "%write_ln209 = write void @_ssdm_op_Write.ap_auto.i32P0A, i32 %logits_buf_3_8, i32 %x3" [softmax_accel_hls.cc:209]   --->   Operation 817 'write' 'write_ln209' <Predicate = (trunc_ln181 == 8 & icmp_ln207)> <Delay = 0.00>
ST_2 : Operation 818 [1/1] (0.00ns)   --->   "%write_ln209 = write void @_ssdm_op_Write.ap_auto.i32P0A, i32 %logits_buf_3_7, i32 %x3" [softmax_accel_hls.cc:209]   --->   Operation 818 'write' 'write_ln209' <Predicate = (trunc_ln181 == 7 & icmp_ln207)> <Delay = 0.00>
ST_2 : Operation 819 [1/1] (0.00ns)   --->   "%write_ln209 = write void @_ssdm_op_Write.ap_auto.i32P0A, i32 %logits_buf_3_6, i32 %x3" [softmax_accel_hls.cc:209]   --->   Operation 819 'write' 'write_ln209' <Predicate = (trunc_ln181 == 6 & icmp_ln207)> <Delay = 0.00>
ST_2 : Operation 820 [1/1] (0.00ns)   --->   "%write_ln209 = write void @_ssdm_op_Write.ap_auto.i32P0A, i32 %logits_buf_3_5, i32 %x3" [softmax_accel_hls.cc:209]   --->   Operation 820 'write' 'write_ln209' <Predicate = (trunc_ln181 == 5 & icmp_ln207)> <Delay = 0.00>
ST_2 : Operation 821 [1/1] (0.00ns)   --->   "%write_ln209 = write void @_ssdm_op_Write.ap_auto.i32P0A, i32 %logits_buf_3_4, i32 %x3" [softmax_accel_hls.cc:209]   --->   Operation 821 'write' 'write_ln209' <Predicate = (trunc_ln181 == 4 & icmp_ln207)> <Delay = 0.00>
ST_2 : Operation 822 [1/1] (0.00ns)   --->   "%write_ln209 = write void @_ssdm_op_Write.ap_auto.i32P0A, i32 %logits_buf_3_3, i32 %x3" [softmax_accel_hls.cc:209]   --->   Operation 822 'write' 'write_ln209' <Predicate = (trunc_ln181 == 3 & icmp_ln207)> <Delay = 0.00>
ST_2 : Operation 823 [1/1] (0.00ns)   --->   "%write_ln209 = write void @_ssdm_op_Write.ap_auto.i32P0A, i32 %logits_buf_3_2, i32 %x3" [softmax_accel_hls.cc:209]   --->   Operation 823 'write' 'write_ln209' <Predicate = (trunc_ln181 == 2 & icmp_ln207)> <Delay = 0.00>
ST_2 : Operation 824 [1/1] (0.00ns)   --->   "%write_ln209 = write void @_ssdm_op_Write.ap_auto.i32P0A, i32 %logits_buf_3_1, i32 %x3" [softmax_accel_hls.cc:209]   --->   Operation 824 'write' 'write_ln209' <Predicate = (trunc_ln181 == 1 & icmp_ln207)> <Delay = 0.00>
ST_2 : Operation 825 [1/1] (0.00ns)   --->   "%write_ln209 = write void @_ssdm_op_Write.ap_auto.i32P0A, i32 %logits_buf_3_63, i32 %x3" [softmax_accel_hls.cc:209]   --->   Operation 825 'write' 'write_ln209' <Predicate = (trunc_ln181 == 63 & icmp_ln207)> <Delay = 0.00>
ST_2 : Operation 826 [1/1] (0.00ns)   --->   "%write_ln209 = write void @_ssdm_op_Write.ap_auto.i32P0A, i32 %logits_buf_3_0, i32 %x3" [softmax_accel_hls.cc:209]   --->   Operation 826 'write' 'write_ln209' <Predicate = (trunc_ln181 == 0 & icmp_ln207)> <Delay = 0.00>
ST_2 : Operation 827 [1/1] (1.58ns)   --->   "%br_ln211 = br void %if.end43" [softmax_accel_hls.cc:211]   --->   Operation 827 'br' 'br_ln211' <Predicate = (!icmp_ln181 & icmp_ln207)> <Delay = 1.58>

State 3 <SV = 2> <Delay = 7.19>
ST_3 : Operation 828 [1/1] (0.00ns)   --->   "%keep = phi i1 1, void %arrayidx65_0.exit, i1 0, void %for.body.split"   --->   Operation 828 'phi' 'keep' <Predicate = (!icmp_ln181)> <Delay = 0.00>
ST_3 : Operation 829 [1/1] (0.00ns)   --->   "%x0_1 = phi i32 %x0, void %arrayidx65_0.exit, i32 2147483648, void %for.body.split"   --->   Operation 829 'phi' 'x0_1' <Predicate = (!icmp_ln181)> <Delay = 0.00>
ST_3 : Operation 830 [1/1] (0.00ns)   --->   "%zext_ln187 = zext i1 %keep" [softmax_accel_hls.cc:187]   --->   Operation 830 'zext' 'zext_ln187' <Predicate = (!icmp_ln181)> <Delay = 0.00>
ST_3 : Operation 831 [1/1] (0.00ns)   --->   "%keep_4 = bitconcatenate i2 @_ssdm_op_BitConcatenate.i2.i1.i1, i1 1, i1 %keep" [softmax_accel_hls.cc:200]   --->   Operation 831 'bitconcatenate' 'keep_4' <Predicate = (!icmp_ln181 & icmp_ln197)> <Delay = 0.00>
ST_3 : Operation 832 [1/1] (0.00ns)   --->   "%keep_1 = phi i2 %keep_4, void %arrayidx164_1.exit, i2 %zext_ln187, void %if.end"   --->   Operation 832 'phi' 'keep_1' <Predicate = (!icmp_ln181)> <Delay = 0.00>
ST_3 : Operation 833 [1/1] (0.00ns)   --->   "%x1_1 = phi i32 %x1, void %arrayidx164_1.exit, i32 2147483648, void %if.end"   --->   Operation 833 'phi' 'x1_1' <Predicate = (!icmp_ln181)> <Delay = 0.00>
ST_3 : Operation 834 [1/1] (0.00ns)   --->   "%zext_ln188 = zext i2 %keep_1" [softmax_accel_hls.cc:188]   --->   Operation 834 'zext' 'zext_ln188' <Predicate = (!icmp_ln181)> <Delay = 0.00>
ST_3 : Operation 835 [1/1] (0.00ns)   --->   "%keep_5 = bitconcatenate i3 @_ssdm_op_BitConcatenate.i3.i1.i2, i1 1, i2 %keep_1" [softmax_accel_hls.cc:205]   --->   Operation 835 'bitconcatenate' 'keep_5' <Predicate = (!icmp_ln181 & icmp_ln202)> <Delay = 0.00>
ST_3 : Operation 836 [1/1] (0.00ns)   --->   "%keep_2 = phi i3 %keep_5, void %arrayidx283_2.exit, i3 %zext_ln188, void %if.end19"   --->   Operation 836 'phi' 'keep_2' <Predicate = (!icmp_ln181)> <Delay = 0.00>
ST_3 : Operation 837 [1/1] (0.00ns)   --->   "%x2_1 = phi i32 %x2, void %arrayidx283_2.exit, i32 2147483648, void %if.end19"   --->   Operation 837 'phi' 'x2_1' <Predicate = (!icmp_ln181)> <Delay = 0.00>
ST_3 : Operation 838 [1/1] (0.00ns)   --->   "%zext_ln189 = zext i3 %keep_2" [softmax_accel_hls.cc:189]   --->   Operation 838 'zext' 'zext_ln189' <Predicate = (!icmp_ln181)> <Delay = 0.00>
ST_3 : Operation 839 [1/1] (0.00ns)   --->   "%keep_6 = bitset i4 @_ssdm_op_BitSet.i4.i4.i32.i1, i4 %zext_ln189, i32 3, i1 1" [softmax_accel_hls.cc:210]   --->   Operation 839 'bitset' 'keep_6' <Predicate = (!icmp_ln181 & icmp_ln207)> <Delay = 0.00>
ST_3 : Operation 840 [1/1] (0.00ns)   --->   "%keep_3 = phi i4 %keep_6, void %arrayidx402_3.exit, i4 %zext_ln189, void %if.end31"   --->   Operation 840 'phi' 'keep_3' <Predicate = true> <Delay = 0.00>
ST_3 : Operation 841 [1/1] (0.00ns) (grouped into LUT with out node m3)   --->   "%x3_1 = phi i32 %x3, void %arrayidx402_3.exit, i32 2147483648, void %if.end31"   --->   Operation 841 'phi' 'x3_1' <Predicate = true> <Delay = 0.00>
ST_3 : Operation 842 [1/1] (0.00ns)   --->   "%trunc_ln127 = trunc i4 %keep_3" [softmax_accel_hls.cc:127->softmax_accel_hls.cc:213]   --->   Operation 842 'trunc' 'trunc_ln127' <Predicate = true> <Delay = 0.00>
ST_3 : Operation 843 [1/1] (0.69ns)   --->   "%m0 = select i1 %trunc_ln127, i32 %x0_1, i32 2147483648" [softmax_accel_hls.cc:127->softmax_accel_hls.cc:213]   --->   Operation 843 'select' 'm0' <Predicate = true> <Delay = 0.69> <CoreInst = "Sel">   --->   Core 73 'Sel' <Latency = 0> <II = 1> <Delay = 0.69> <FuncUnit> <Opcode : 'select'> <InPorts = 3> <OutPorts = 1>
ST_3 : Operation 844 [1/1] (0.00ns)   --->   "%tmp = bitselect i1 @_ssdm_op_BitSelect.i1.i4.i32, i4 %keep_3, i32 1" [softmax_accel_hls.cc:128->softmax_accel_hls.cc:213]   --->   Operation 844 'bitselect' 'tmp' <Predicate = true> <Delay = 0.00>
ST_3 : Operation 845 [1/1] (0.69ns)   --->   "%m1 = select i1 %tmp, i32 %x1_1, i32 2147483648" [softmax_accel_hls.cc:128->softmax_accel_hls.cc:213]   --->   Operation 845 'select' 'm1' <Predicate = true> <Delay = 0.69> <CoreInst = "Sel">   --->   Core 73 'Sel' <Latency = 0> <II = 1> <Delay = 0.69> <FuncUnit> <Opcode : 'select'> <InPorts = 3> <OutPorts = 1>
ST_3 : Operation 846 [1/1] (0.00ns)   --->   "%tmp_82 = bitselect i1 @_ssdm_op_BitSelect.i1.i4.i32, i4 %keep_3, i32 2" [softmax_accel_hls.cc:129->softmax_accel_hls.cc:213]   --->   Operation 846 'bitselect' 'tmp_82' <Predicate = true> <Delay = 0.00>
ST_3 : Operation 847 [1/1] (0.69ns)   --->   "%m2 = select i1 %tmp_82, i32 %x2_1, i32 2147483648" [softmax_accel_hls.cc:129->softmax_accel_hls.cc:213]   --->   Operation 847 'select' 'm2' <Predicate = true> <Delay = 0.69> <CoreInst = "Sel">   --->   Core 73 'Sel' <Latency = 0> <II = 1> <Delay = 0.69> <FuncUnit> <Opcode : 'select'> <InPorts = 3> <OutPorts = 1>
ST_3 : Operation 848 [1/1] (0.00ns) (grouped into LUT with out node m3)   --->   "%tmp_83 = bitselect i1 @_ssdm_op_BitSelect.i1.i4.i32, i4 %keep_3, i32 3" [softmax_accel_hls.cc:130->softmax_accel_hls.cc:213]   --->   Operation 848 'bitselect' 'tmp_83' <Predicate = true> <Delay = 0.00>
ST_3 : Operation 849 [1/1] (0.69ns) (out node of the LUT)   --->   "%m3 = select i1 %tmp_83, i32 %x3_1, i32 2147483648" [softmax_accel_hls.cc:130->softmax_accel_hls.cc:213]   --->   Operation 849 'select' 'm3' <Predicate = true> <Delay = 0.69> <CoreInst = "Sel">   --->   Core 73 'Sel' <Latency = 0> <II = 1> <Delay = 0.69> <FuncUnit> <Opcode : 'select'> <InPorts = 3> <OutPorts = 1>
ST_3 : Operation 850 [1/1] (2.55ns)   --->   "%icmp_ln132 = icmp_sgt  i32 %m0, i32 %m1" [softmax_accel_hls.cc:132->softmax_accel_hls.cc:213]   --->   Operation 850 'icmp' 'icmp_ln132' <Predicate = true> <Delay = 2.55> <CoreInst = "Cmp">   --->   Core 9 'Cmp' <Latency = 0> <II = 1> <Delay = 2.55> <FuncUnit> <Opcode : 'seteq' 'setne' 'setle' 'setge' 'setlt' 'setgt'> <InPorts = 2> <OutPorts = 1>
ST_3 : Operation 851 [1/1] (0.69ns)   --->   "%m01 = select i1 %icmp_ln132, i32 %m0, i32 %m1" [softmax_accel_hls.cc:132->softmax_accel_hls.cc:213]   --->   Operation 851 'select' 'm01' <Predicate = true> <Delay = 0.69> <CoreInst = "Sel">   --->   Core 73 'Sel' <Latency = 0> <II = 1> <Delay = 0.69> <FuncUnit> <Opcode : 'select'> <InPorts = 3> <OutPorts = 1>
ST_3 : Operation 852 [1/1] (2.55ns)   --->   "%icmp_ln133 = icmp_sgt  i32 %m2, i32 %m3" [softmax_accel_hls.cc:133->softmax_accel_hls.cc:213]   --->   Operation 852 'icmp' 'icmp_ln133' <Predicate = true> <Delay = 2.55> <CoreInst = "Cmp">   --->   Core 9 'Cmp' <Latency = 0> <II = 1> <Delay = 2.55> <FuncUnit> <Opcode : 'seteq' 'setne' 'setle' 'setge' 'setlt' 'setgt'> <InPorts = 2> <OutPorts = 1>
ST_3 : Operation 853 [1/1] (0.69ns)   --->   "%m23 = select i1 %icmp_ln133, i32 %m2, i32 %m3" [softmax_accel_hls.cc:133->softmax_accel_hls.cc:213]   --->   Operation 853 'select' 'm23' <Predicate = true> <Delay = 0.69> <CoreInst = "Sel">   --->   Core 73 'Sel' <Latency = 0> <II = 1> <Delay = 0.69> <FuncUnit> <Opcode : 'select'> <InPorts = 3> <OutPorts = 1>
ST_3 : Operation 854 [1/1] (2.55ns)   --->   "%icmp_ln134 = icmp_sgt  i32 %m01, i32 %m23" [softmax_accel_hls.cc:134->softmax_accel_hls.cc:213]   --->   Operation 854 'icmp' 'icmp_ln134' <Predicate = true> <Delay = 2.55> <CoreInst = "Cmp">   --->   Core 9 'Cmp' <Latency = 0> <II = 1> <Delay = 2.55> <FuncUnit> <Opcode : 'seteq' 'setne' 'setle' 'setge' 'setlt' 'setgt'> <InPorts = 2> <OutPorts = 1>
ST_3 : Operation 855 [1/1] (0.69ns)   --->   "%local_max = select i1 %icmp_ln134, i32 %m01, i32 %m23" [softmax_accel_hls.cc:134->softmax_accel_hls.cc:213]   --->   Operation 855 'select' 'local_max' <Predicate = true> <Delay = 0.69> <CoreInst = "Sel">   --->   Core 73 'Sel' <Latency = 0> <II = 1> <Delay = 0.69> <FuncUnit> <Opcode : 'select'> <InPorts = 3> <OutPorts = 1>
ST_3 : Operation 862 [1/1] (0.00ns)   --->   "%max_x_load = load i32 %max_x"   --->   Operation 862 'load' 'max_x_load' <Predicate = (icmp_ln181)> <Delay = 0.00>
ST_3 : Operation 863 [1/1] (0.00ns)   --->   "%write_ln0 = write void @_ssdm_op_Write.ap_auto.i32P0A, i32 %max_x_out, i32 %max_x_load"   --->   Operation 863 'write' 'write_ln0' <Predicate = (icmp_ln181)> <Delay = 0.00>
ST_3 : Operation 864 [1/1] (1.58ns)   --->   "%ret_ln0 = ret"   --->   Operation 864 'ret' 'ret_ln0' <Predicate = (icmp_ln181)> <Delay = 1.58>

State 4 <SV = 3> <Delay = 5.11>
ST_4 : Operation 856 [1/1] (0.00ns)   --->   "%max_x_load_1 = load i32 %max_x" [softmax_accel_hls.cc:214]   --->   Operation 856 'load' 'max_x_load_1' <Predicate = true> <Delay = 0.00>
ST_4 : Operation 857 [1/1] (2.55ns)   --->   "%icmp_ln214_1 = icmp_sgt  i32 %local_max, i32 %max_x_load_1" [softmax_accel_hls.cc:214]   --->   Operation 857 'icmp' 'icmp_ln214_1' <Predicate = true> <Delay = 2.55> <CoreInst = "Cmp">   --->   Core 9 'Cmp' <Latency = 0> <II = 1> <Delay = 2.55> <FuncUnit> <Opcode : 'seteq' 'setne' 'setle' 'setge' 'setlt' 'setgt'> <InPorts = 2> <OutPorts = 1>
ST_4 : Operation 858 [1/1] (0.00ns) (grouped into LUT with out node max_x_2)   --->   "%or_ln214 = or i1 %icmp_ln214, i1 %icmp_ln214_1" [softmax_accel_hls.cc:214]   --->   Operation 858 'or' 'or_ln214' <Predicate = true> <Delay = 0.00> <CoreInst = "LogicGate">   --->   Core 74 'LogicGate' <Latency = 0> <II = 1> <Delay = 0.97> <FuncUnit> <Opcode : 'and' 'or' 'xor'> <InPorts = 2> <OutPorts = 1>
ST_4 : Operation 859 [1/1] (0.97ns) (out node of the LUT)   --->   "%max_x_2 = select i1 %or_ln214, i32 %local_max, i32 %max_x_load_1" [softmax_accel_hls.cc:214]   --->   Operation 859 'select' 'max_x_2' <Predicate = true> <Delay = 0.97> <CoreInst = "Sel">   --->   Core 73 'Sel' <Latency = 0> <II = 1> <Delay = 0.69> <FuncUnit> <Opcode : 'select'> <InPorts = 3> <OutPorts = 1>
ST_4 : Operation 860 [1/1] (1.58ns)   --->   "%store_ln177 = store i32 %max_x_2, i32 %max_x" [softmax_accel_hls.cc:177]   --->   Operation 860 'store' 'store_ln177' <Predicate = true> <Delay = 1.58>
ST_4 : Operation 861 [1/1] (0.00ns)   --->   "%br_ln181 = br void %for.body" [softmax_accel_hls.cc:181]   --->   Operation 861 'br' 'br_ln181' <Predicate = true> <Delay = 0.00>


============================================================
+ Verbose Summary: Timing violations
============================================================
Target clock period: 11.800ns, clock uncertainty: 3.186ns.

 <State 1>: 6.654ns
The critical path consists of the following:
	'store' operation 0 bit ('store_ln181', softmax_accel_hls.cc:181) of constant 0 on local variable 'blk', softmax_accel_hls.cc:181 [524]  (1.588 ns)
	'load' operation 7 bit ('blk', softmax_accel_hls.cc:181) on local variable 'blk', softmax_accel_hls.cc:181 [528]  (0.000 ns)
	'add' operation 14 bit ('add_ln184', softmax_accel_hls.cc:184) [540]  (1.812 ns)
	'getelementptr' operation 14 bit ('mem_addr', softmax_accel_hls.cc:184) [542]  (0.000 ns)
	'load' operation 128 bit ('line', softmax_accel_hls.cc:184) on array 'mem' [543]  (3.254 ns)

 <State 2>: 3.254ns
The critical path consists of the following:
	'load' operation 128 bit ('line', softmax_accel_hls.cc:184) on array 'mem' [543]  (3.254 ns)
	wire write operation ('write_ln194', softmax_accel_hls.cc:194) on port 'logits_buf_0_61' (softmax_accel_hls.cc:194) [553]  (0.000 ns)

 <State 3>: 7.198ns
The critical path consists of the following:
	'phi' operation 1 bit ('keep') [744]  (0.000 ns)
	'phi' operation 2 bit ('keep') with incoming values : ('zext_ln187', softmax_accel_hls.cc:187) ('keep', softmax_accel_hls.cc:200) [950]  (0.000 ns)
	'phi' operation 3 bit ('keep') with incoming values : ('zext_ln188', softmax_accel_hls.cc:188) ('keep', softmax_accel_hls.cc:205) [1156]  (0.000 ns)
	'phi' operation 4 bit ('keep') with incoming values : ('zext_ln189', softmax_accel_hls.cc:189) ('keep', softmax_accel_hls.cc:210) [1362]  (0.000 ns)
	'select' operation 32 bit ('m0', softmax_accel_hls.cc:127->softmax_accel_hls.cc:213) [1366]  (0.698 ns)
	'icmp' operation 1 bit ('icmp_ln132', softmax_accel_hls.cc:132->softmax_accel_hls.cc:213) [1373]  (2.552 ns)
	'select' operation 32 bit ('m01', softmax_accel_hls.cc:132->softmax_accel_hls.cc:213) [1374]  (0.698 ns)
	'icmp' operation 1 bit ('icmp_ln134', softmax_accel_hls.cc:134->softmax_accel_hls.cc:213) [1377]  (2.552 ns)
	'select' operation 32 bit ('local_max', softmax_accel_hls.cc:134->softmax_accel_hls.cc:213) [1378]  (0.698 ns)

 <State 4>: 5.118ns
The critical path consists of the following:
	'load' operation 32 bit ('max_x_load_1', softmax_accel_hls.cc:214) on local variable 'max_x', softmax_accel_hls.cc:177 [1364]  (0.000 ns)
	'icmp' operation 1 bit ('icmp_ln214_1', softmax_accel_hls.cc:214) [1380]  (2.552 ns)
	'or' operation 1 bit ('or_ln214', softmax_accel_hls.cc:214) [1381]  (0.000 ns)
	'select' operation 32 bit ('max_x', softmax_accel_hls.cc:214) [1382]  (0.978 ns)
	'store' operation 0 bit ('store_ln177', softmax_accel_hls.cc:177) of variable 'max_x', softmax_accel_hls.cc:214 on local variable 'max_x', softmax_accel_hls.cc:177 [1384]  (1.588 ns)


============================================================
+ Verbose Summary: Binding
============================================================
N/A
* FSMD analyzer results:
  - Output states:
 - Input state : 
  - Chain level:
	State 1
	State 2
	State 3
	State 4


============================================================
+ Verbose Summary: Datapath Resource usage 
============================================================
N/A
