

================================================================
== Vitis HLS Report for 'normalize_and_store'
================================================================
* Date:           Sat Mar 14 16:27:06 2026

* Version:        2025.1 (Build 6135595 on May 21 2025)
* Project:        Prometheus_SoC
* Solution:       hls (Vivado IP Flow Target)
* Product family: zynq
* Target device:  xc7z020-clg400-1


================================================================
== Performance Estimates
================================================================
+ Timing: 
    * Summary: 
    +--------+----------+----------+------------+
    |  Clock |  Target  | Estimated| Uncertainty|
    +--------+----------+----------+------------+
    |ap_clk  |  11.80 ns|  8.510 ns|     3.19 ns|
    +--------+----------+----------+------------+

+ Latency: 
    * Summary: 
    +---------+---------+-----------+----------+-----+-----+----------+
    |  Latency (cycles) |  Latency (absolute)  |  Interval | Pipeline |
    |   min   |   max   |    min    |    max   | min | max |   Type   |
    +---------+---------+-----------+----------+-----+-----+----------+
    |        6|       72|  70.800 ns|  0.850 us|    6|   71|  dataflow|
    +---------+---------+-----------+----------+-----+-----+----------+

    + Detail: 
        * Instance: 
        N/A

        * Loop: 
        N/A

============================================================
+ Verbose Summary: Synthesis Manager
============================================================
InlineROM: 1
ExposeGlobal: 0
============================================================
+ Verbose Summary: CDFG Model
============================================================
IsTopModel: 0
ResetActiveHigh: 1
IsCombinational: 2
IsDatapathOnly: 0
HasWiredReturn: 1
HasMFsm: 0
HasVarLatency: 1
IsPipeline: 0
IsRtlPipelined: 0
IsInstanceOverlapped: 0
IsDontTouch: 0
HasImplIP: 0
IsGatedGlobalClock: 0


============================================================
+ Verbose Summary: Schedule
============================================================
* Number of FSM states : 4
* Pipeline : 0
* Dataflow Pipeline: 1
  DF-Pipeline-0: Size = 4, States = { 1 2 3 4 }

* FSM state transitions: 
1 --> 2 
2 --> 3 
3 --> 4 
4 --> 

* FSM state operations: 

State 1 <SV = 0> <Delay = 5.28>
ST_1 : Operation 5 [1/1] (0.00ns)   --->   "%inv_sum_q30_read = read i31 @_ssdm_op_Read.ap_auto.i31, i31 %inv_sum_q30"   --->   Operation 5 'read' 'inv_sum_q30_read' <Predicate = true> <Delay = 0.00>
ST_1 : Operation 6 [1/1] (0.00ns)   --->   "%n_read = read i9 @_ssdm_op_Read.ap_auto.i9, i9 %n"   --->   Operation 6 'read' 'n_read' <Predicate = true> <Delay = 0.00>
ST_1 : Operation 7 [1/1] (0.00ns)   --->   "%prob_stream = alloca i64 1"   --->   Operation 7 'alloca' 'prob_stream' <Predicate = true> <Delay = 0.00> <CoreInst = "FIFO">   --->   Core 77 'FIFO' <Latency = 0> <II = 1> <Delay = 3.70> <Storage> <Opcode : 'read' 'write' 'nbread' 'nbwrite'> <Ports = 0> <Width = 132> <Depth = 16> <FIFO>
ST_1 : Operation 8 [2/2] (5.28ns)   --->   "%call_ln403 = call void @emit_prob_stream, i32 %exp_buf_0_0, i32 %exp_buf_0_1, i32 %exp_buf_0_2, i32 %exp_buf_0_3, i32 %exp_buf_0_4, i32 %exp_buf_0_5, i32 %exp_buf_0_6, i32 %exp_buf_0_7, i32 %exp_buf_0_8, i32 %exp_buf_0_9, i32 %exp_buf_0_10, i32 %exp_buf_0_11, i32 %exp_buf_0_12, i32 %exp_buf_0_13, i32 %exp_buf_0_14, i32 %exp_buf_0_15, i32 %exp_buf_0_16, i32 %exp_buf_0_17, i32 %exp_buf_0_18, i32 %exp_buf_0_19, i32 %exp_buf_0_20, i32 %exp_buf_0_21, i32 %exp_buf_0_22, i32 %exp_buf_0_23, i32 %exp_buf_0_24, i32 %exp_buf_0_25, i32 %exp_buf_0_26, i32 %exp_buf_0_27, i32 %exp_buf_0_28, i32 %exp_buf_0_29, i32 %exp_buf_0_30, i32 %exp_buf_0_31, i32 %exp_buf_0_32, i32 %exp_buf_0_33, i32 %exp_buf_0_34, i32 %exp_buf_0_35, i32 %exp_buf_0_36, i32 %exp_buf_0_37, i32 %exp_buf_0_38, i32 %exp_buf_0_39, i32 %exp_buf_0_40, i32 %exp_buf_0_41, i32 %exp_buf_0_42, i32 %exp_buf_0_43, i32 %exp_buf_0_44, i32 %exp_buf_0_45, i32 %exp_buf_0_46, i32 %exp_buf_0_47, i32 %exp_buf_0_48, i32 %exp_buf_0_49, i32 %exp_buf_0_50, i32 %exp_buf_0_51, i32 %exp_buf_0_52, i32 %exp_buf_0_53, i32 %exp_buf_0_54, i32 %exp_buf_0_55, i32 %exp_buf_0_56, i32 %exp_buf_0_57, i32 %exp_buf_0_58, i32 %exp_buf_0_59, i32 %exp_buf_0_60, i32 %exp_buf_0_61, i32 %exp_buf_0_62, i32 %exp_buf_0_63, i32 %exp_buf_1_0, i32 %exp_buf_1_1, i32 %exp_buf_1_2, i32 %exp_buf_1_3, i32 %exp_buf_1_4, i32 %exp_buf_1_5, i32 %exp_buf_1_6, i32 %exp_buf_1_7, i32 %exp_buf_1_8, i32 %exp_buf_1_9, i32 %exp_buf_1_10, i32 %exp_buf_1_11, i32 %exp_buf_1_12, i32 %exp_buf_1_13, i32 %exp_buf_1_14, i32 %exp_buf_1_15, i32 %exp_buf_1_16, i32 %exp_buf_1_17, i32 %exp_buf_1_18, i32 %exp_buf_1_19, i32 %exp_buf_1_20, i32 %exp_buf_1_21, i32 %exp_buf_1_22, i32 %exp_buf_1_23, i32 %exp_buf_1_24, i32 %exp_buf_1_25, i32 %exp_buf_1_26, i32 %exp_buf_1_27, i32 %exp_buf_1_28, i32 %exp_buf_1_29, i32 %exp_buf_1_30, i32 %exp_buf_1_31, i32 %exp_buf_1_32, i32 %exp_buf_1_33, i32 %exp_buf_1_34, i32 %exp_buf_1_35, i32 %exp_buf_1_36, i32 %exp_buf_1_37, i32 %exp_buf_1_38, i32 %exp_buf_1_39, i32 %exp_buf_1_40, i32 %exp_buf_1_41, i32 %exp_buf_1_42, i32 %exp_buf_1_43, i32 %exp_buf_1_44, i32 %exp_buf_1_45, i32 %exp_buf_1_46, i32 %exp_buf_1_47, i32 %exp_buf_1_48, i32 %exp_buf_1_49, i32 %exp_buf_1_50, i32 %exp_buf_1_51, i32 %exp_buf_1_52, i32 %exp_buf_1_53, i32 %exp_buf_1_54, i32 %exp_buf_1_55, i32 %exp_buf_1_56, i32 %exp_buf_1_57, i32 %exp_buf_1_58, i32 %exp_buf_1_59, i32 %exp_buf_1_60, i32 %exp_buf_1_61, i32 %exp_buf_1_62, i32 %exp_buf_1_63, i32 %exp_buf_2_0, i32 %exp_buf_2_1, i32 %exp_buf_2_2, i32 %exp_buf_2_3, i32 %exp_buf_2_4, i32 %exp_buf_2_5, i32 %exp_buf_2_6, i32 %exp_buf_2_7, i32 %exp_buf_2_8, i32 %exp_buf_2_9, i32 %exp_buf_2_10, i32 %exp_buf_2_11, i32 %exp_buf_2_12, i32 %exp_buf_2_13, i32 %exp_buf_2_14, i32 %exp_buf_2_15, i32 %exp_buf_2_16, i32 %exp_buf_2_17, i32 %exp_buf_2_18, i32 %exp_buf_2_19, i32 %exp_buf_2_20, i32 %exp_buf_2_21, i32 %exp_buf_2_22, i32 %exp_buf_2_23, i32 %exp_buf_2_24, i32 %exp_buf_2_25, i32 %exp_buf_2_26, i32 %exp_buf_2_27, i32 %exp_buf_2_28, i32 %exp_buf_2_29, i32 %exp_buf_2_30, i32 %exp_buf_2_31, i32 %exp_buf_2_32, i32 %exp_buf_2_33, i32 %exp_buf_2_34, i32 %exp_buf_2_35, i32 %exp_buf_2_36, i32 %exp_buf_2_37, i32 %exp_buf_2_38, i32 %exp_buf_2_39, i32 %exp_buf_2_40, i32 %exp_buf_2_41, i32 %exp_buf_2_42, i32 %exp_buf_2_43, i32 %exp_buf_2_44, i32 %exp_buf_2_45, i32 %exp_buf_2_46, i32 %exp_buf_2_47, i32 %exp_buf_2_48, i32 %exp_buf_2_49, i32 %exp_buf_2_50, i32 %exp_buf_2_51, i32 %exp_buf_2_52, i32 %exp_buf_2_53, i32 %exp_buf_2_54, i32 %exp_buf_2_55, i32 %exp_buf_2_56, i32 %exp_buf_2_57, i32 %exp_buf_2_58, i32 %exp_buf_2_59, i32 %exp_buf_2_60, i32 %exp_buf_2_61, i32 %exp_buf_2_62, i32 %exp_buf_2_63, i32 %exp_buf_3_0, i32 %exp_buf_3_1, i32 %exp_buf_3_2, i32 %exp_buf_3_3, i32 %exp_buf_3_4, i32 %exp_buf_3_5, i32 %exp_buf_3_6, i32 %exp_buf_3_7, i32 %exp_buf_3_8, i32 %exp_buf_3_9, i32 %exp_buf_3_10, i32 %exp_buf_3_11, i32 %exp_buf_3_12, i32 %exp_buf_3_13, i32 %exp_buf_3_14, i32 %exp_buf_3_15, i32 %exp_buf_3_16, i32 %exp_buf_3_17, i32 %exp_buf_3_18, i32 %exp_buf_3_19, i32 %exp_buf_3_20, i32 %exp_buf_3_21, i32 %exp_buf_3_22, i32 %exp_buf_3_23, i32 %exp_buf_3_24, i32 %exp_buf_3_25, i32 %exp_buf_3_26, i32 %exp_buf_3_27, i32 %exp_buf_3_28, i32 %exp_buf_3_29, i32 %exp_buf_3_30, i32 %exp_buf_3_31, i32 %exp_buf_3_32, i32 %exp_buf_3_33, i32 %exp_buf_3_34, i32 %exp_buf_3_35, i32 %exp_buf_3_36, i32 %exp_buf_3_37, i32 %exp_buf_3_38, i32 %exp_buf_3_39, i32 %exp_buf_3_40, i32 %exp_buf_3_41, i32 %exp_buf_3_42, i32 %exp_buf_3_43, i32 %exp_buf_3_44, i32 %exp_buf_3_45, i32 %exp_buf_3_46, i32 %exp_buf_3_47, i32 %exp_buf_3_48, i32 %exp_buf_3_49, i32 %exp_buf_3_50, i32 %exp_buf_3_51, i32 %exp_buf_3_52, i32 %exp_buf_3_53, i32 %exp_buf_3_54, i32 %exp_buf_3_55, i32 %exp_buf_3_56, i32 %exp_buf_3_57, i32 %exp_buf_3_58, i32 %exp_buf_3_59, i32 %exp_buf_3_60, i32 %exp_buf_3_61, i32 %exp_buf_3_62, i32 %exp_buf_3_63, i9 %n_read, i31 %inv_sum_q30_read, i132 %prob_stream" [softmax_accel_hls.cc:403]   --->   Operation 8 'call' 'call_ln403' <Predicate = true> <Delay = 5.28> <CoreType = "Generic">   --->   Generic Core

State 2 <SV = 1> <Delay = 0.00>
ST_2 : Operation 9 [1/2] (0.00ns)   --->   "%call_ln403 = call void @emit_prob_stream, i32 %exp_buf_0_0, i32 %exp_buf_0_1, i32 %exp_buf_0_2, i32 %exp_buf_0_3, i32 %exp_buf_0_4, i32 %exp_buf_0_5, i32 %exp_buf_0_6, i32 %exp_buf_0_7, i32 %exp_buf_0_8, i32 %exp_buf_0_9, i32 %exp_buf_0_10, i32 %exp_buf_0_11, i32 %exp_buf_0_12, i32 %exp_buf_0_13, i32 %exp_buf_0_14, i32 %exp_buf_0_15, i32 %exp_buf_0_16, i32 %exp_buf_0_17, i32 %exp_buf_0_18, i32 %exp_buf_0_19, i32 %exp_buf_0_20, i32 %exp_buf_0_21, i32 %exp_buf_0_22, i32 %exp_buf_0_23, i32 %exp_buf_0_24, i32 %exp_buf_0_25, i32 %exp_buf_0_26, i32 %exp_buf_0_27, i32 %exp_buf_0_28, i32 %exp_buf_0_29, i32 %exp_buf_0_30, i32 %exp_buf_0_31, i32 %exp_buf_0_32, i32 %exp_buf_0_33, i32 %exp_buf_0_34, i32 %exp_buf_0_35, i32 %exp_buf_0_36, i32 %exp_buf_0_37, i32 %exp_buf_0_38, i32 %exp_buf_0_39, i32 %exp_buf_0_40, i32 %exp_buf_0_41, i32 %exp_buf_0_42, i32 %exp_buf_0_43, i32 %exp_buf_0_44, i32 %exp_buf_0_45, i32 %exp_buf_0_46, i32 %exp_buf_0_47, i32 %exp_buf_0_48, i32 %exp_buf_0_49, i32 %exp_buf_0_50, i32 %exp_buf_0_51, i32 %exp_buf_0_52, i32 %exp_buf_0_53, i32 %exp_buf_0_54, i32 %exp_buf_0_55, i32 %exp_buf_0_56, i32 %exp_buf_0_57, i32 %exp_buf_0_58, i32 %exp_buf_0_59, i32 %exp_buf_0_60, i32 %exp_buf_0_61, i32 %exp_buf_0_62, i32 %exp_buf_0_63, i32 %exp_buf_1_0, i32 %exp_buf_1_1, i32 %exp_buf_1_2, i32 %exp_buf_1_3, i32 %exp_buf_1_4, i32 %exp_buf_1_5, i32 %exp_buf_1_6, i32 %exp_buf_1_7, i32 %exp_buf_1_8, i32 %exp_buf_1_9, i32 %exp_buf_1_10, i32 %exp_buf_1_11, i32 %exp_buf_1_12, i32 %exp_buf_1_13, i32 %exp_buf_1_14, i32 %exp_buf_1_15, i32 %exp_buf_1_16, i32 %exp_buf_1_17, i32 %exp_buf_1_18, i32 %exp_buf_1_19, i32 %exp_buf_1_20, i32 %exp_buf_1_21, i32 %exp_buf_1_22, i32 %exp_buf_1_23, i32 %exp_buf_1_24, i32 %exp_buf_1_25, i32 %exp_buf_1_26, i32 %exp_buf_1_27, i32 %exp_buf_1_28, i32 %exp_buf_1_29, i32 %exp_buf_1_30, i32 %exp_buf_1_31, i32 %exp_buf_1_32, i32 %exp_buf_1_33, i32 %exp_buf_1_34, i32 %exp_buf_1_35, i32 %exp_buf_1_36, i32 %exp_buf_1_37, i32 %exp_buf_1_38, i32 %exp_buf_1_39, i32 %exp_buf_1_40, i32 %exp_buf_1_41, i32 %exp_buf_1_42, i32 %exp_buf_1_43, i32 %exp_buf_1_44, i32 %exp_buf_1_45, i32 %exp_buf_1_46, i32 %exp_buf_1_47, i32 %exp_buf_1_48, i32 %exp_buf_1_49, i32 %exp_buf_1_50, i32 %exp_buf_1_51, i32 %exp_buf_1_52, i32 %exp_buf_1_53, i32 %exp_buf_1_54, i32 %exp_buf_1_55, i32 %exp_buf_1_56, i32 %exp_buf_1_57, i32 %exp_buf_1_58, i32 %exp_buf_1_59, i32 %exp_buf_1_60, i32 %exp_buf_1_61, i32 %exp_buf_1_62, i32 %exp_buf_1_63, i32 %exp_buf_2_0, i32 %exp_buf_2_1, i32 %exp_buf_2_2, i32 %exp_buf_2_3, i32 %exp_buf_2_4, i32 %exp_buf_2_5, i32 %exp_buf_2_6, i32 %exp_buf_2_7, i32 %exp_buf_2_8, i32 %exp_buf_2_9, i32 %exp_buf_2_10, i32 %exp_buf_2_11, i32 %exp_buf_2_12, i32 %exp_buf_2_13, i32 %exp_buf_2_14, i32 %exp_buf_2_15, i32 %exp_buf_2_16, i32 %exp_buf_2_17, i32 %exp_buf_2_18, i32 %exp_buf_2_19, i32 %exp_buf_2_20, i32 %exp_buf_2_21, i32 %exp_buf_2_22, i32 %exp_buf_2_23, i32 %exp_buf_2_24, i32 %exp_buf_2_25, i32 %exp_buf_2_26, i32 %exp_buf_2_27, i32 %exp_buf_2_28, i32 %exp_buf_2_29, i32 %exp_buf_2_30, i32 %exp_buf_2_31, i32 %exp_buf_2_32, i32 %exp_buf_2_33, i32 %exp_buf_2_34, i32 %exp_buf_2_35, i32 %exp_buf_2_36, i32 %exp_buf_2_37, i32 %exp_buf_2_38, i32 %exp_buf_2_39, i32 %exp_buf_2_40, i32 %exp_buf_2_41, i32 %exp_buf_2_42, i32 %exp_buf_2_43, i32 %exp_buf_2_44, i32 %exp_buf_2_45, i32 %exp_buf_2_46, i32 %exp_buf_2_47, i32 %exp_buf_2_48, i32 %exp_buf_2_49, i32 %exp_buf_2_50, i32 %exp_buf_2_51, i32 %exp_buf_2_52, i32 %exp_buf_2_53, i32 %exp_buf_2_54, i32 %exp_buf_2_55, i32 %exp_buf_2_56, i32 %exp_buf_2_57, i32 %exp_buf_2_58, i32 %exp_buf_2_59, i32 %exp_buf_2_60, i32 %exp_buf_2_61, i32 %exp_buf_2_62, i32 %exp_buf_2_63, i32 %exp_buf_3_0, i32 %exp_buf_3_1, i32 %exp_buf_3_2, i32 %exp_buf_3_3, i32 %exp_buf_3_4, i32 %exp_buf_3_5, i32 %exp_buf_3_6, i32 %exp_buf_3_7, i32 %exp_buf_3_8, i32 %exp_buf_3_9, i32 %exp_buf_3_10, i32 %exp_buf_3_11, i32 %exp_buf_3_12, i32 %exp_buf_3_13, i32 %exp_buf_3_14, i32 %exp_buf_3_15, i32 %exp_buf_3_16, i32 %exp_buf_3_17, i32 %exp_buf_3_18, i32 %exp_buf_3_19, i32 %exp_buf_3_20, i32 %exp_buf_3_21, i32 %exp_buf_3_22, i32 %exp_buf_3_23, i32 %exp_buf_3_24, i32 %exp_buf_3_25, i32 %exp_buf_3_26, i32 %exp_buf_3_27, i32 %exp_buf_3_28, i32 %exp_buf_3_29, i32 %exp_buf_3_30, i32 %exp_buf_3_31, i32 %exp_buf_3_32, i32 %exp_buf_3_33, i32 %exp_buf_3_34, i32 %exp_buf_3_35, i32 %exp_buf_3_36, i32 %exp_buf_3_37, i32 %exp_buf_3_38, i32 %exp_buf_3_39, i32 %exp_buf_3_40, i32 %exp_buf_3_41, i32 %exp_buf_3_42, i32 %exp_buf_3_43, i32 %exp_buf_3_44, i32 %exp_buf_3_45, i32 %exp_buf_3_46, i32 %exp_buf_3_47, i32 %exp_buf_3_48, i32 %exp_buf_3_49, i32 %exp_buf_3_50, i32 %exp_buf_3_51, i32 %exp_buf_3_52, i32 %exp_buf_3_53, i32 %exp_buf_3_54, i32 %exp_buf_3_55, i32 %exp_buf_3_56, i32 %exp_buf_3_57, i32 %exp_buf_3_58, i32 %exp_buf_3_59, i32 %exp_buf_3_60, i32 %exp_buf_3_61, i32 %exp_buf_3_62, i32 %exp_buf_3_63, i9 %n_read, i31 %inv_sum_q30_read, i132 %prob_stream" [softmax_accel_hls.cc:403]   --->   Operation 9 'call' 'call_ln403' <Predicate = true> <Delay = 0.00> <CoreType = "Generic">   --->   Generic Core

State 3 <SV = 2> <Delay = 3.45>
ST_3 : Operation 10 [1/1] (0.00ns)   --->   "%pr_l_read = read i14 @_ssdm_op_Read.ap_auto.i14, i14 %pr_l"   --->   Operation 10 'read' 'pr_l_read' <Predicate = true> <Delay = 0.00>
ST_3 : Operation 11 [2/2] (3.45ns)   --->   "%call_ln404 = call void @write_prob_stream, i128 %mem, i14 %pr_l_read, i9 %n_read, i132 %prob_stream" [softmax_accel_hls.cc:404]   --->   Operation 11 'call' 'call_ln404' <Predicate = true> <Delay = 3.45> <CoreType = "Generic">   --->   Generic Core

State 4 <SV = 3> <Delay = 0.00>
ST_4 : Operation 12 [1/1] (0.00ns)   --->   "%specstablecontent_ln398 = specstablecontent void @_ssdm_op_SpecStableContent, i31 %inv_sum_q30, i1 1, void @p_str" [softmax_accel_hls.cc:398]   --->   Operation 12 'specstablecontent' 'specstablecontent_ln398' <Predicate = true> <Delay = 0.00>
ST_4 : Operation 13 [1/1] (0.00ns)   --->   "%specstablecontent_ln398 = specstablecontent void @_ssdm_op_SpecStableContent, i32 %exp_buf_3_63, i1 1, void @p_str" [softmax_accel_hls.cc:398]   --->   Operation 13 'specstablecontent' 'specstablecontent_ln398' <Predicate = true> <Delay = 0.00>
ST_4 : Operation 14 [1/1] (0.00ns)   --->   "%specstablecontent_ln398 = specstablecontent void @_ssdm_op_SpecStableContent, i32 %exp_buf_3_62, i1 1, void @p_str" [softmax_accel_hls.cc:398]   --->   Operation 14 'specstablecontent' 'specstablecontent_ln398' <Predicate = true> <Delay = 0.00>
ST_4 : Operation 15 [1/1] (0.00ns)   --->   "%specstablecontent_ln398 = specstablecontent void @_ssdm_op_SpecStableContent, i32 %exp_buf_3_61, i1 1, void @p_str" [softmax_accel_hls.cc:398]   --->   Operation 15 'specstablecontent' 'specstablecontent_ln398' <Predicate = true> <Delay = 0.00>
ST_4 : Operation 16 [1/1] (0.00ns)   --->   "%specstablecontent_ln398 = specstablecontent void @_ssdm_op_SpecStableContent, i32 %exp_buf_3_60, i1 1, void @p_str" [softmax_accel_hls.cc:398]   --->   Operation 16 'specstablecontent' 'specstablecontent_ln398' <Predicate = true> <Delay = 0.00>
ST_4 : Operation 17 [1/1] (0.00ns)   --->   "%specstablecontent_ln398 = specstablecontent void @_ssdm_op_SpecStableContent, i32 %exp_buf_3_59, i1 1, void @p_str" [softmax_accel_hls.cc:398]   --->   Operation 17 'specstablecontent' 'specstablecontent_ln398' <Predicate = true> <Delay = 0.00>
ST_4 : Operation 18 [1/1] (0.00ns)   --->   "%specstablecontent_ln398 = specstablecontent void @_ssdm_op_SpecStableContent, i32 %exp_buf_3_58, i1 1, void @p_str" [softmax_accel_hls.cc:398]   --->   Operation 18 'specstablecontent' 'specstablecontent_ln398' <Predicate = true> <Delay = 0.00>
ST_4 : Operation 19 [1/1] (0.00ns)   --->   "%specstablecontent_ln398 = specstablecontent void @_ssdm_op_SpecStableContent, i32 %exp_buf_3_57, i1 1, void @p_str" [softmax_accel_hls.cc:398]   --->   Operation 19 'specstablecontent' 'specstablecontent_ln398' <Predicate = true> <Delay = 0.00>
ST_4 : Operation 20 [1/1] (0.00ns)   --->   "%specstablecontent_ln398 = specstablecontent void @_ssdm_op_SpecStableContent, i32 %exp_buf_3_56, i1 1, void @p_str" [softmax_accel_hls.cc:398]   --->   Operation 20 'specstablecontent' 'specstablecontent_ln398' <Predicate = true> <Delay = 0.00>
ST_4 : Operation 21 [1/1] (0.00ns)   --->   "%specstablecontent_ln398 = specstablecontent void @_ssdm_op_SpecStableContent, i32 %exp_buf_3_55, i1 1, void @p_str" [softmax_accel_hls.cc:398]   --->   Operation 21 'specstablecontent' 'specstablecontent_ln398' <Predicate = true> <Delay = 0.00>
ST_4 : Operation 22 [1/1] (0.00ns)   --->   "%specstablecontent_ln398 = specstablecontent void @_ssdm_op_SpecStableContent, i32 %exp_buf_3_54, i1 1, void @p_str" [softmax_accel_hls.cc:398]   --->   Operation 22 'specstablecontent' 'specstablecontent_ln398' <Predicate = true> <Delay = 0.00>
ST_4 : Operation 23 [1/1] (0.00ns)   --->   "%specstablecontent_ln398 = specstablecontent void @_ssdm_op_SpecStableContent, i32 %exp_buf_3_53, i1 1, void @p_str" [softmax_accel_hls.cc:398]   --->   Operation 23 'specstablecontent' 'specstablecontent_ln398' <Predicate = true> <Delay = 0.00>
ST_4 : Operation 24 [1/1] (0.00ns)   --->   "%specstablecontent_ln398 = specstablecontent void @_ssdm_op_SpecStableContent, i32 %exp_buf_3_52, i1 1, void @p_str" [softmax_accel_hls.cc:398]   --->   Operation 24 'specstablecontent' 'specstablecontent_ln398' <Predicate = true> <Delay = 0.00>
ST_4 : Operation 25 [1/1] (0.00ns)   --->   "%specstablecontent_ln398 = specstablecontent void @_ssdm_op_SpecStableContent, i32 %exp_buf_3_51, i1 1, void @p_str" [softmax_accel_hls.cc:398]   --->   Operation 25 'specstablecontent' 'specstablecontent_ln398' <Predicate = true> <Delay = 0.00>
ST_4 : Operation 26 [1/1] (0.00ns)   --->   "%specstablecontent_ln398 = specstablecontent void @_ssdm_op_SpecStableContent, i32 %exp_buf_3_50, i1 1, void @p_str" [softmax_accel_hls.cc:398]   --->   Operation 26 'specstablecontent' 'specstablecontent_ln398' <Predicate = true> <Delay = 0.00>
ST_4 : Operation 27 [1/1] (0.00ns)   --->   "%specstablecontent_ln398 = specstablecontent void @_ssdm_op_SpecStableContent, i32 %exp_buf_3_49, i1 1, void @p_str" [softmax_accel_hls.cc:398]   --->   Operation 27 'specstablecontent' 'specstablecontent_ln398' <Predicate = true> <Delay = 0.00>
ST_4 : Operation 28 [1/1] (0.00ns)   --->   "%specstablecontent_ln398 = specstablecontent void @_ssdm_op_SpecStableContent, i32 %exp_buf_3_48, i1 1, void @p_str" [softmax_accel_hls.cc:398]   --->   Operation 28 'specstablecontent' 'specstablecontent_ln398' <Predicate = true> <Delay = 0.00>
ST_4 : Operation 29 [1/1] (0.00ns)   --->   "%specstablecontent_ln398 = specstablecontent void @_ssdm_op_SpecStableContent, i32 %exp_buf_3_47, i1 1, void @p_str" [softmax_accel_hls.cc:398]   --->   Operation 29 'specstablecontent' 'specstablecontent_ln398' <Predicate = true> <Delay = 0.00>
ST_4 : Operation 30 [1/1] (0.00ns)   --->   "%specstablecontent_ln398 = specstablecontent void @_ssdm_op_SpecStableContent, i32 %exp_buf_3_46, i1 1, void @p_str" [softmax_accel_hls.cc:398]   --->   Operation 30 'specstablecontent' 'specstablecontent_ln398' <Predicate = true> <Delay = 0.00>
ST_4 : Operation 31 [1/1] (0.00ns)   --->   "%specstablecontent_ln398 = specstablecontent void @_ssdm_op_SpecStableContent, i32 %exp_buf_3_45, i1 1, void @p_str" [softmax_accel_hls.cc:398]   --->   Operation 31 'specstablecontent' 'specstablecontent_ln398' <Predicate = true> <Delay = 0.00>
ST_4 : Operation 32 [1/1] (0.00ns)   --->   "%specstablecontent_ln398 = specstablecontent void @_ssdm_op_SpecStableContent, i32 %exp_buf_3_44, i1 1, void @p_str" [softmax_accel_hls.cc:398]   --->   Operation 32 'specstablecontent' 'specstablecontent_ln398' <Predicate = true> <Delay = 0.00>
ST_4 : Operation 33 [1/1] (0.00ns)   --->   "%specstablecontent_ln398 = specstablecontent void @_ssdm_op_SpecStableContent, i32 %exp_buf_3_43, i1 1, void @p_str" [softmax_accel_hls.cc:398]   --->   Operation 33 'specstablecontent' 'specstablecontent_ln398' <Predicate = true> <Delay = 0.00>
ST_4 : Operation 34 [1/1] (0.00ns)   --->   "%specstablecontent_ln398 = specstablecontent void @_ssdm_op_SpecStableContent, i32 %exp_buf_3_42, i1 1, void @p_str" [softmax_accel_hls.cc:398]   --->   Operation 34 'specstablecontent' 'specstablecontent_ln398' <Predicate = true> <Delay = 0.00>
ST_4 : Operation 35 [1/1] (0.00ns)   --->   "%specstablecontent_ln398 = specstablecontent void @_ssdm_op_SpecStableContent, i32 %exp_buf_3_41, i1 1, void @p_str" [softmax_accel_hls.cc:398]   --->   Operation 35 'specstablecontent' 'specstablecontent_ln398' <Predicate = true> <Delay = 0.00>
ST_4 : Operation 36 [1/1] (0.00ns)   --->   "%specstablecontent_ln398 = specstablecontent void @_ssdm_op_SpecStableContent, i32 %exp_buf_3_40, i1 1, void @p_str" [softmax_accel_hls.cc:398]   --->   Operation 36 'specstablecontent' 'specstablecontent_ln398' <Predicate = true> <Delay = 0.00>
ST_4 : Operation 37 [1/1] (0.00ns)   --->   "%specstablecontent_ln398 = specstablecontent void @_ssdm_op_SpecStableContent, i32 %exp_buf_3_39, i1 1, void @p_str" [softmax_accel_hls.cc:398]   --->   Operation 37 'specstablecontent' 'specstablecontent_ln398' <Predicate = true> <Delay = 0.00>
ST_4 : Operation 38 [1/1] (0.00ns)   --->   "%specstablecontent_ln398 = specstablecontent void @_ssdm_op_SpecStableContent, i32 %exp_buf_3_38, i1 1, void @p_str" [softmax_accel_hls.cc:398]   --->   Operation 38 'specstablecontent' 'specstablecontent_ln398' <Predicate = true> <Delay = 0.00>
ST_4 : Operation 39 [1/1] (0.00ns)   --->   "%specstablecontent_ln398 = specstablecontent void @_ssdm_op_SpecStableContent, i32 %exp_buf_3_37, i1 1, void @p_str" [softmax_accel_hls.cc:398]   --->   Operation 39 'specstablecontent' 'specstablecontent_ln398' <Predicate = true> <Delay = 0.00>
ST_4 : Operation 40 [1/1] (0.00ns)   --->   "%specstablecontent_ln398 = specstablecontent void @_ssdm_op_SpecStableContent, i32 %exp_buf_3_36, i1 1, void @p_str" [softmax_accel_hls.cc:398]   --->   Operation 40 'specstablecontent' 'specstablecontent_ln398' <Predicate = true> <Delay = 0.00>
ST_4 : Operation 41 [1/1] (0.00ns)   --->   "%specstablecontent_ln398 = specstablecontent void @_ssdm_op_SpecStableContent, i32 %exp_buf_3_35, i1 1, void @p_str" [softmax_accel_hls.cc:398]   --->   Operation 41 'specstablecontent' 'specstablecontent_ln398' <Predicate = true> <Delay = 0.00>
ST_4 : Operation 42 [1/1] (0.00ns)   --->   "%specstablecontent_ln398 = specstablecontent void @_ssdm_op_SpecStableContent, i32 %exp_buf_3_34, i1 1, void @p_str" [softmax_accel_hls.cc:398]   --->   Operation 42 'specstablecontent' 'specstablecontent_ln398' <Predicate = true> <Delay = 0.00>
ST_4 : Operation 43 [1/1] (0.00ns)   --->   "%specstablecontent_ln398 = specstablecontent void @_ssdm_op_SpecStableContent, i32 %exp_buf_3_33, i1 1, void @p_str" [softmax_accel_hls.cc:398]   --->   Operation 43 'specstablecontent' 'specstablecontent_ln398' <Predicate = true> <Delay = 0.00>
ST_4 : Operation 44 [1/1] (0.00ns)   --->   "%specstablecontent_ln398 = specstablecontent void @_ssdm_op_SpecStableContent, i32 %exp_buf_3_32, i1 1, void @p_str" [softmax_accel_hls.cc:398]   --->   Operation 44 'specstablecontent' 'specstablecontent_ln398' <Predicate = true> <Delay = 0.00>
ST_4 : Operation 45 [1/1] (0.00ns)   --->   "%specstablecontent_ln398 = specstablecontent void @_ssdm_op_SpecStableContent, i32 %exp_buf_3_31, i1 1, void @p_str" [softmax_accel_hls.cc:398]   --->   Operation 45 'specstablecontent' 'specstablecontent_ln398' <Predicate = true> <Delay = 0.00>
ST_4 : Operation 46 [1/1] (0.00ns)   --->   "%specstablecontent_ln398 = specstablecontent void @_ssdm_op_SpecStableContent, i32 %exp_buf_3_30, i1 1, void @p_str" [softmax_accel_hls.cc:398]   --->   Operation 46 'specstablecontent' 'specstablecontent_ln398' <Predicate = true> <Delay = 0.00>
ST_4 : Operation 47 [1/1] (0.00ns)   --->   "%specstablecontent_ln398 = specstablecontent void @_ssdm_op_SpecStableContent, i32 %exp_buf_3_29, i1 1, void @p_str" [softmax_accel_hls.cc:398]   --->   Operation 47 'specstablecontent' 'specstablecontent_ln398' <Predicate = true> <Delay = 0.00>
ST_4 : Operation 48 [1/1] (0.00ns)   --->   "%specstablecontent_ln398 = specstablecontent void @_ssdm_op_SpecStableContent, i32 %exp_buf_3_28, i1 1, void @p_str" [softmax_accel_hls.cc:398]   --->   Operation 48 'specstablecontent' 'specstablecontent_ln398' <Predicate = true> <Delay = 0.00>
ST_4 : Operation 49 [1/1] (0.00ns)   --->   "%specstablecontent_ln398 = specstablecontent void @_ssdm_op_SpecStableContent, i32 %exp_buf_3_27, i1 1, void @p_str" [softmax_accel_hls.cc:398]   --->   Operation 49 'specstablecontent' 'specstablecontent_ln398' <Predicate = true> <Delay = 0.00>
ST_4 : Operation 50 [1/1] (0.00ns)   --->   "%specstablecontent_ln398 = specstablecontent void @_ssdm_op_SpecStableContent, i32 %exp_buf_3_26, i1 1, void @p_str" [softmax_accel_hls.cc:398]   --->   Operation 50 'specstablecontent' 'specstablecontent_ln398' <Predicate = true> <Delay = 0.00>
ST_4 : Operation 51 [1/1] (0.00ns)   --->   "%specstablecontent_ln398 = specstablecontent void @_ssdm_op_SpecStableContent, i32 %exp_buf_3_25, i1 1, void @p_str" [softmax_accel_hls.cc:398]   --->   Operation 51 'specstablecontent' 'specstablecontent_ln398' <Predicate = true> <Delay = 0.00>
ST_4 : Operation 52 [1/1] (0.00ns)   --->   "%specstablecontent_ln398 = specstablecontent void @_ssdm_op_SpecStableContent, i32 %exp_buf_3_24, i1 1, void @p_str" [softmax_accel_hls.cc:398]   --->   Operation 52 'specstablecontent' 'specstablecontent_ln398' <Predicate = true> <Delay = 0.00>
ST_4 : Operation 53 [1/1] (0.00ns)   --->   "%specstablecontent_ln398 = specstablecontent void @_ssdm_op_SpecStableContent, i32 %exp_buf_3_23, i1 1, void @p_str" [softmax_accel_hls.cc:398]   --->   Operation 53 'specstablecontent' 'specstablecontent_ln398' <Predicate = true> <Delay = 0.00>
ST_4 : Operation 54 [1/1] (0.00ns)   --->   "%specstablecontent_ln398 = specstablecontent void @_ssdm_op_SpecStableContent, i32 %exp_buf_3_22, i1 1, void @p_str" [softmax_accel_hls.cc:398]   --->   Operation 54 'specstablecontent' 'specstablecontent_ln398' <Predicate = true> <Delay = 0.00>
ST_4 : Operation 55 [1/1] (0.00ns)   --->   "%specstablecontent_ln398 = specstablecontent void @_ssdm_op_SpecStableContent, i32 %exp_buf_3_21, i1 1, void @p_str" [softmax_accel_hls.cc:398]   --->   Operation 55 'specstablecontent' 'specstablecontent_ln398' <Predicate = true> <Delay = 0.00>
ST_4 : Operation 56 [1/1] (0.00ns)   --->   "%specstablecontent_ln398 = specstablecontent void @_ssdm_op_SpecStableContent, i32 %exp_buf_3_20, i1 1, void @p_str" [softmax_accel_hls.cc:398]   --->   Operation 56 'specstablecontent' 'specstablecontent_ln398' <Predicate = true> <Delay = 0.00>
ST_4 : Operation 57 [1/1] (0.00ns)   --->   "%specstablecontent_ln398 = specstablecontent void @_ssdm_op_SpecStableContent, i32 %exp_buf_3_19, i1 1, void @p_str" [softmax_accel_hls.cc:398]   --->   Operation 57 'specstablecontent' 'specstablecontent_ln398' <Predicate = true> <Delay = 0.00>
ST_4 : Operation 58 [1/1] (0.00ns)   --->   "%specstablecontent_ln398 = specstablecontent void @_ssdm_op_SpecStableContent, i32 %exp_buf_3_18, i1 1, void @p_str" [softmax_accel_hls.cc:398]   --->   Operation 58 'specstablecontent' 'specstablecontent_ln398' <Predicate = true> <Delay = 0.00>
ST_4 : Operation 59 [1/1] (0.00ns)   --->   "%specstablecontent_ln398 = specstablecontent void @_ssdm_op_SpecStableContent, i32 %exp_buf_3_17, i1 1, void @p_str" [softmax_accel_hls.cc:398]   --->   Operation 59 'specstablecontent' 'specstablecontent_ln398' <Predicate = true> <Delay = 0.00>
ST_4 : Operation 60 [1/1] (0.00ns)   --->   "%specstablecontent_ln398 = specstablecontent void @_ssdm_op_SpecStableContent, i32 %exp_buf_3_16, i1 1, void @p_str" [softmax_accel_hls.cc:398]   --->   Operation 60 'specstablecontent' 'specstablecontent_ln398' <Predicate = true> <Delay = 0.00>
ST_4 : Operation 61 [1/1] (0.00ns)   --->   "%specstablecontent_ln398 = specstablecontent void @_ssdm_op_SpecStableContent, i32 %exp_buf_3_15, i1 1, void @p_str" [softmax_accel_hls.cc:398]   --->   Operation 61 'specstablecontent' 'specstablecontent_ln398' <Predicate = true> <Delay = 0.00>
ST_4 : Operation 62 [1/1] (0.00ns)   --->   "%specstablecontent_ln398 = specstablecontent void @_ssdm_op_SpecStableContent, i32 %exp_buf_3_14, i1 1, void @p_str" [softmax_accel_hls.cc:398]   --->   Operation 62 'specstablecontent' 'specstablecontent_ln398' <Predicate = true> <Delay = 0.00>
ST_4 : Operation 63 [1/1] (0.00ns)   --->   "%specstablecontent_ln398 = specstablecontent void @_ssdm_op_SpecStableContent, i32 %exp_buf_3_13, i1 1, void @p_str" [softmax_accel_hls.cc:398]   --->   Operation 63 'specstablecontent' 'specstablecontent_ln398' <Predicate = true> <Delay = 0.00>
ST_4 : Operation 64 [1/1] (0.00ns)   --->   "%specstablecontent_ln398 = specstablecontent void @_ssdm_op_SpecStableContent, i32 %exp_buf_3_12, i1 1, void @p_str" [softmax_accel_hls.cc:398]   --->   Operation 64 'specstablecontent' 'specstablecontent_ln398' <Predicate = true> <Delay = 0.00>
ST_4 : Operation 65 [1/1] (0.00ns)   --->   "%specstablecontent_ln398 = specstablecontent void @_ssdm_op_SpecStableContent, i32 %exp_buf_3_11, i1 1, void @p_str" [softmax_accel_hls.cc:398]   --->   Operation 65 'specstablecontent' 'specstablecontent_ln398' <Predicate = true> <Delay = 0.00>
ST_4 : Operation 66 [1/1] (0.00ns)   --->   "%specstablecontent_ln398 = specstablecontent void @_ssdm_op_SpecStableContent, i32 %exp_buf_3_10, i1 1, void @p_str" [softmax_accel_hls.cc:398]   --->   Operation 66 'specstablecontent' 'specstablecontent_ln398' <Predicate = true> <Delay = 0.00>
ST_4 : Operation 67 [1/1] (0.00ns)   --->   "%specstablecontent_ln398 = specstablecontent void @_ssdm_op_SpecStableContent, i32 %exp_buf_3_9, i1 1, void @p_str" [softmax_accel_hls.cc:398]   --->   Operation 67 'specstablecontent' 'specstablecontent_ln398' <Predicate = true> <Delay = 0.00>
ST_4 : Operation 68 [1/1] (0.00ns)   --->   "%specstablecontent_ln398 = specstablecontent void @_ssdm_op_SpecStableContent, i32 %exp_buf_3_8, i1 1, void @p_str" [softmax_accel_hls.cc:398]   --->   Operation 68 'specstablecontent' 'specstablecontent_ln398' <Predicate = true> <Delay = 0.00>
ST_4 : Operation 69 [1/1] (0.00ns)   --->   "%specstablecontent_ln398 = specstablecontent void @_ssdm_op_SpecStableContent, i32 %exp_buf_3_7, i1 1, void @p_str" [softmax_accel_hls.cc:398]   --->   Operation 69 'specstablecontent' 'specstablecontent_ln398' <Predicate = true> <Delay = 0.00>
ST_4 : Operation 70 [1/1] (0.00ns)   --->   "%specstablecontent_ln398 = specstablecontent void @_ssdm_op_SpecStableContent, i32 %exp_buf_3_6, i1 1, void @p_str" [softmax_accel_hls.cc:398]   --->   Operation 70 'specstablecontent' 'specstablecontent_ln398' <Predicate = true> <Delay = 0.00>
ST_4 : Operation 71 [1/1] (0.00ns)   --->   "%specstablecontent_ln398 = specstablecontent void @_ssdm_op_SpecStableContent, i32 %exp_buf_3_5, i1 1, void @p_str" [softmax_accel_hls.cc:398]   --->   Operation 71 'specstablecontent' 'specstablecontent_ln398' <Predicate = true> <Delay = 0.00>
ST_4 : Operation 72 [1/1] (0.00ns)   --->   "%specstablecontent_ln398 = specstablecontent void @_ssdm_op_SpecStableContent, i32 %exp_buf_3_4, i1 1, void @p_str" [softmax_accel_hls.cc:398]   --->   Operation 72 'specstablecontent' 'specstablecontent_ln398' <Predicate = true> <Delay = 0.00>
ST_4 : Operation 73 [1/1] (0.00ns)   --->   "%specstablecontent_ln398 = specstablecontent void @_ssdm_op_SpecStableContent, i32 %exp_buf_3_3, i1 1, void @p_str" [softmax_accel_hls.cc:398]   --->   Operation 73 'specstablecontent' 'specstablecontent_ln398' <Predicate = true> <Delay = 0.00>
ST_4 : Operation 74 [1/1] (0.00ns)   --->   "%specstablecontent_ln398 = specstablecontent void @_ssdm_op_SpecStableContent, i32 %exp_buf_3_2, i1 1, void @p_str" [softmax_accel_hls.cc:398]   --->   Operation 74 'specstablecontent' 'specstablecontent_ln398' <Predicate = true> <Delay = 0.00>
ST_4 : Operation 75 [1/1] (0.00ns)   --->   "%specstablecontent_ln398 = specstablecontent void @_ssdm_op_SpecStableContent, i32 %exp_buf_3_1, i1 1, void @p_str" [softmax_accel_hls.cc:398]   --->   Operation 75 'specstablecontent' 'specstablecontent_ln398' <Predicate = true> <Delay = 0.00>
ST_4 : Operation 76 [1/1] (0.00ns)   --->   "%specstablecontent_ln398 = specstablecontent void @_ssdm_op_SpecStableContent, i32 %exp_buf_3_0, i1 1, void @p_str" [softmax_accel_hls.cc:398]   --->   Operation 76 'specstablecontent' 'specstablecontent_ln398' <Predicate = true> <Delay = 0.00>
ST_4 : Operation 77 [1/1] (0.00ns)   --->   "%specstablecontent_ln398 = specstablecontent void @_ssdm_op_SpecStableContent, i32 %exp_buf_2_63, i1 1, void @p_str" [softmax_accel_hls.cc:398]   --->   Operation 77 'specstablecontent' 'specstablecontent_ln398' <Predicate = true> <Delay = 0.00>
ST_4 : Operation 78 [1/1] (0.00ns)   --->   "%specstablecontent_ln398 = specstablecontent void @_ssdm_op_SpecStableContent, i32 %exp_buf_2_62, i1 1, void @p_str" [softmax_accel_hls.cc:398]   --->   Operation 78 'specstablecontent' 'specstablecontent_ln398' <Predicate = true> <Delay = 0.00>
ST_4 : Operation 79 [1/1] (0.00ns)   --->   "%specstablecontent_ln398 = specstablecontent void @_ssdm_op_SpecStableContent, i32 %exp_buf_2_61, i1 1, void @p_str" [softmax_accel_hls.cc:398]   --->   Operation 79 'specstablecontent' 'specstablecontent_ln398' <Predicate = true> <Delay = 0.00>
ST_4 : Operation 80 [1/1] (0.00ns)   --->   "%specstablecontent_ln398 = specstablecontent void @_ssdm_op_SpecStableContent, i32 %exp_buf_2_60, i1 1, void @p_str" [softmax_accel_hls.cc:398]   --->   Operation 80 'specstablecontent' 'specstablecontent_ln398' <Predicate = true> <Delay = 0.00>
ST_4 : Operation 81 [1/1] (0.00ns)   --->   "%specstablecontent_ln398 = specstablecontent void @_ssdm_op_SpecStableContent, i32 %exp_buf_2_59, i1 1, void @p_str" [softmax_accel_hls.cc:398]   --->   Operation 81 'specstablecontent' 'specstablecontent_ln398' <Predicate = true> <Delay = 0.00>
ST_4 : Operation 82 [1/1] (0.00ns)   --->   "%specstablecontent_ln398 = specstablecontent void @_ssdm_op_SpecStableContent, i32 %exp_buf_2_58, i1 1, void @p_str" [softmax_accel_hls.cc:398]   --->   Operation 82 'specstablecontent' 'specstablecontent_ln398' <Predicate = true> <Delay = 0.00>
ST_4 : Operation 83 [1/1] (0.00ns)   --->   "%specstablecontent_ln398 = specstablecontent void @_ssdm_op_SpecStableContent, i32 %exp_buf_2_57, i1 1, void @p_str" [softmax_accel_hls.cc:398]   --->   Operation 83 'specstablecontent' 'specstablecontent_ln398' <Predicate = true> <Delay = 0.00>
ST_4 : Operation 84 [1/1] (0.00ns)   --->   "%specstablecontent_ln398 = specstablecontent void @_ssdm_op_SpecStableContent, i32 %exp_buf_2_56, i1 1, void @p_str" [softmax_accel_hls.cc:398]   --->   Operation 84 'specstablecontent' 'specstablecontent_ln398' <Predicate = true> <Delay = 0.00>
ST_4 : Operation 85 [1/1] (0.00ns)   --->   "%specstablecontent_ln398 = specstablecontent void @_ssdm_op_SpecStableContent, i32 %exp_buf_2_55, i1 1, void @p_str" [softmax_accel_hls.cc:398]   --->   Operation 85 'specstablecontent' 'specstablecontent_ln398' <Predicate = true> <Delay = 0.00>
ST_4 : Operation 86 [1/1] (0.00ns)   --->   "%specstablecontent_ln398 = specstablecontent void @_ssdm_op_SpecStableContent, i32 %exp_buf_2_54, i1 1, void @p_str" [softmax_accel_hls.cc:398]   --->   Operation 86 'specstablecontent' 'specstablecontent_ln398' <Predicate = true> <Delay = 0.00>
ST_4 : Operation 87 [1/1] (0.00ns)   --->   "%specstablecontent_ln398 = specstablecontent void @_ssdm_op_SpecStableContent, i32 %exp_buf_2_53, i1 1, void @p_str" [softmax_accel_hls.cc:398]   --->   Operation 87 'specstablecontent' 'specstablecontent_ln398' <Predicate = true> <Delay = 0.00>
ST_4 : Operation 88 [1/1] (0.00ns)   --->   "%specstablecontent_ln398 = specstablecontent void @_ssdm_op_SpecStableContent, i32 %exp_buf_2_52, i1 1, void @p_str" [softmax_accel_hls.cc:398]   --->   Operation 88 'specstablecontent' 'specstablecontent_ln398' <Predicate = true> <Delay = 0.00>
ST_4 : Operation 89 [1/1] (0.00ns)   --->   "%specstablecontent_ln398 = specstablecontent void @_ssdm_op_SpecStableContent, i32 %exp_buf_2_51, i1 1, void @p_str" [softmax_accel_hls.cc:398]   --->   Operation 89 'specstablecontent' 'specstablecontent_ln398' <Predicate = true> <Delay = 0.00>
ST_4 : Operation 90 [1/1] (0.00ns)   --->   "%specstablecontent_ln398 = specstablecontent void @_ssdm_op_SpecStableContent, i32 %exp_buf_2_50, i1 1, void @p_str" [softmax_accel_hls.cc:398]   --->   Operation 90 'specstablecontent' 'specstablecontent_ln398' <Predicate = true> <Delay = 0.00>
ST_4 : Operation 91 [1/1] (0.00ns)   --->   "%specstablecontent_ln398 = specstablecontent void @_ssdm_op_SpecStableContent, i32 %exp_buf_2_49, i1 1, void @p_str" [softmax_accel_hls.cc:398]   --->   Operation 91 'specstablecontent' 'specstablecontent_ln398' <Predicate = true> <Delay = 0.00>
ST_4 : Operation 92 [1/1] (0.00ns)   --->   "%specstablecontent_ln398 = specstablecontent void @_ssdm_op_SpecStableContent, i32 %exp_buf_2_48, i1 1, void @p_str" [softmax_accel_hls.cc:398]   --->   Operation 92 'specstablecontent' 'specstablecontent_ln398' <Predicate = true> <Delay = 0.00>
ST_4 : Operation 93 [1/1] (0.00ns)   --->   "%specstablecontent_ln398 = specstablecontent void @_ssdm_op_SpecStableContent, i32 %exp_buf_2_47, i1 1, void @p_str" [softmax_accel_hls.cc:398]   --->   Operation 93 'specstablecontent' 'specstablecontent_ln398' <Predicate = true> <Delay = 0.00>
ST_4 : Operation 94 [1/1] (0.00ns)   --->   "%specstablecontent_ln398 = specstablecontent void @_ssdm_op_SpecStableContent, i32 %exp_buf_2_46, i1 1, void @p_str" [softmax_accel_hls.cc:398]   --->   Operation 94 'specstablecontent' 'specstablecontent_ln398' <Predicate = true> <Delay = 0.00>
ST_4 : Operation 95 [1/1] (0.00ns)   --->   "%specstablecontent_ln398 = specstablecontent void @_ssdm_op_SpecStableContent, i32 %exp_buf_2_45, i1 1, void @p_str" [softmax_accel_hls.cc:398]   --->   Operation 95 'specstablecontent' 'specstablecontent_ln398' <Predicate = true> <Delay = 0.00>
ST_4 : Operation 96 [1/1] (0.00ns)   --->   "%specstablecontent_ln398 = specstablecontent void @_ssdm_op_SpecStableContent, i32 %exp_buf_2_44, i1 1, void @p_str" [softmax_accel_hls.cc:398]   --->   Operation 96 'specstablecontent' 'specstablecontent_ln398' <Predicate = true> <Delay = 0.00>
ST_4 : Operation 97 [1/1] (0.00ns)   --->   "%specstablecontent_ln398 = specstablecontent void @_ssdm_op_SpecStableContent, i32 %exp_buf_2_43, i1 1, void @p_str" [softmax_accel_hls.cc:398]   --->   Operation 97 'specstablecontent' 'specstablecontent_ln398' <Predicate = true> <Delay = 0.00>
ST_4 : Operation 98 [1/1] (0.00ns)   --->   "%specstablecontent_ln398 = specstablecontent void @_ssdm_op_SpecStableContent, i32 %exp_buf_2_42, i1 1, void @p_str" [softmax_accel_hls.cc:398]   --->   Operation 98 'specstablecontent' 'specstablecontent_ln398' <Predicate = true> <Delay = 0.00>
ST_4 : Operation 99 [1/1] (0.00ns)   --->   "%specstablecontent_ln398 = specstablecontent void @_ssdm_op_SpecStableContent, i32 %exp_buf_2_41, i1 1, void @p_str" [softmax_accel_hls.cc:398]   --->   Operation 99 'specstablecontent' 'specstablecontent_ln398' <Predicate = true> <Delay = 0.00>
ST_4 : Operation 100 [1/1] (0.00ns)   --->   "%specstablecontent_ln398 = specstablecontent void @_ssdm_op_SpecStableContent, i32 %exp_buf_2_40, i1 1, void @p_str" [softmax_accel_hls.cc:398]   --->   Operation 100 'specstablecontent' 'specstablecontent_ln398' <Predicate = true> <Delay = 0.00>
ST_4 : Operation 101 [1/1] (0.00ns)   --->   "%specstablecontent_ln398 = specstablecontent void @_ssdm_op_SpecStableContent, i32 %exp_buf_2_39, i1 1, void @p_str" [softmax_accel_hls.cc:398]   --->   Operation 101 'specstablecontent' 'specstablecontent_ln398' <Predicate = true> <Delay = 0.00>
ST_4 : Operation 102 [1/1] (0.00ns)   --->   "%specstablecontent_ln398 = specstablecontent void @_ssdm_op_SpecStableContent, i32 %exp_buf_2_38, i1 1, void @p_str" [softmax_accel_hls.cc:398]   --->   Operation 102 'specstablecontent' 'specstablecontent_ln398' <Predicate = true> <Delay = 0.00>
ST_4 : Operation 103 [1/1] (0.00ns)   --->   "%specstablecontent_ln398 = specstablecontent void @_ssdm_op_SpecStableContent, i32 %exp_buf_2_37, i1 1, void @p_str" [softmax_accel_hls.cc:398]   --->   Operation 103 'specstablecontent' 'specstablecontent_ln398' <Predicate = true> <Delay = 0.00>
ST_4 : Operation 104 [1/1] (0.00ns)   --->   "%specstablecontent_ln398 = specstablecontent void @_ssdm_op_SpecStableContent, i32 %exp_buf_2_36, i1 1, void @p_str" [softmax_accel_hls.cc:398]   --->   Operation 104 'specstablecontent' 'specstablecontent_ln398' <Predicate = true> <Delay = 0.00>
ST_4 : Operation 105 [1/1] (0.00ns)   --->   "%specstablecontent_ln398 = specstablecontent void @_ssdm_op_SpecStableContent, i32 %exp_buf_2_35, i1 1, void @p_str" [softmax_accel_hls.cc:398]   --->   Operation 105 'specstablecontent' 'specstablecontent_ln398' <Predicate = true> <Delay = 0.00>
ST_4 : Operation 106 [1/1] (0.00ns)   --->   "%specstablecontent_ln398 = specstablecontent void @_ssdm_op_SpecStableContent, i32 %exp_buf_2_34, i1 1, void @p_str" [softmax_accel_hls.cc:398]   --->   Operation 106 'specstablecontent' 'specstablecontent_ln398' <Predicate = true> <Delay = 0.00>
ST_4 : Operation 107 [1/1] (0.00ns)   --->   "%specstablecontent_ln398 = specstablecontent void @_ssdm_op_SpecStableContent, i32 %exp_buf_2_33, i1 1, void @p_str" [softmax_accel_hls.cc:398]   --->   Operation 107 'specstablecontent' 'specstablecontent_ln398' <Predicate = true> <Delay = 0.00>
ST_4 : Operation 108 [1/1] (0.00ns)   --->   "%specstablecontent_ln398 = specstablecontent void @_ssdm_op_SpecStableContent, i32 %exp_buf_2_32, i1 1, void @p_str" [softmax_accel_hls.cc:398]   --->   Operation 108 'specstablecontent' 'specstablecontent_ln398' <Predicate = true> <Delay = 0.00>
ST_4 : Operation 109 [1/1] (0.00ns)   --->   "%specstablecontent_ln398 = specstablecontent void @_ssdm_op_SpecStableContent, i32 %exp_buf_2_31, i1 1, void @p_str" [softmax_accel_hls.cc:398]   --->   Operation 109 'specstablecontent' 'specstablecontent_ln398' <Predicate = true> <Delay = 0.00>
ST_4 : Operation 110 [1/1] (0.00ns)   --->   "%specstablecontent_ln398 = specstablecontent void @_ssdm_op_SpecStableContent, i32 %exp_buf_2_30, i1 1, void @p_str" [softmax_accel_hls.cc:398]   --->   Operation 110 'specstablecontent' 'specstablecontent_ln398' <Predicate = true> <Delay = 0.00>
ST_4 : Operation 111 [1/1] (0.00ns)   --->   "%specstablecontent_ln398 = specstablecontent void @_ssdm_op_SpecStableContent, i32 %exp_buf_2_29, i1 1, void @p_str" [softmax_accel_hls.cc:398]   --->   Operation 111 'specstablecontent' 'specstablecontent_ln398' <Predicate = true> <Delay = 0.00>
ST_4 : Operation 112 [1/1] (0.00ns)   --->   "%specstablecontent_ln398 = specstablecontent void @_ssdm_op_SpecStableContent, i32 %exp_buf_2_28, i1 1, void @p_str" [softmax_accel_hls.cc:398]   --->   Operation 112 'specstablecontent' 'specstablecontent_ln398' <Predicate = true> <Delay = 0.00>
ST_4 : Operation 113 [1/1] (0.00ns)   --->   "%specstablecontent_ln398 = specstablecontent void @_ssdm_op_SpecStableContent, i32 %exp_buf_2_27, i1 1, void @p_str" [softmax_accel_hls.cc:398]   --->   Operation 113 'specstablecontent' 'specstablecontent_ln398' <Predicate = true> <Delay = 0.00>
ST_4 : Operation 114 [1/1] (0.00ns)   --->   "%specstablecontent_ln398 = specstablecontent void @_ssdm_op_SpecStableContent, i32 %exp_buf_2_26, i1 1, void @p_str" [softmax_accel_hls.cc:398]   --->   Operation 114 'specstablecontent' 'specstablecontent_ln398' <Predicate = true> <Delay = 0.00>
ST_4 : Operation 115 [1/1] (0.00ns)   --->   "%specstablecontent_ln398 = specstablecontent void @_ssdm_op_SpecStableContent, i32 %exp_buf_2_25, i1 1, void @p_str" [softmax_accel_hls.cc:398]   --->   Operation 115 'specstablecontent' 'specstablecontent_ln398' <Predicate = true> <Delay = 0.00>
ST_4 : Operation 116 [1/1] (0.00ns)   --->   "%specstablecontent_ln398 = specstablecontent void @_ssdm_op_SpecStableContent, i32 %exp_buf_2_24, i1 1, void @p_str" [softmax_accel_hls.cc:398]   --->   Operation 116 'specstablecontent' 'specstablecontent_ln398' <Predicate = true> <Delay = 0.00>
ST_4 : Operation 117 [1/1] (0.00ns)   --->   "%specstablecontent_ln398 = specstablecontent void @_ssdm_op_SpecStableContent, i32 %exp_buf_2_23, i1 1, void @p_str" [softmax_accel_hls.cc:398]   --->   Operation 117 'specstablecontent' 'specstablecontent_ln398' <Predicate = true> <Delay = 0.00>
ST_4 : Operation 118 [1/1] (0.00ns)   --->   "%specstablecontent_ln398 = specstablecontent void @_ssdm_op_SpecStableContent, i32 %exp_buf_2_22, i1 1, void @p_str" [softmax_accel_hls.cc:398]   --->   Operation 118 'specstablecontent' 'specstablecontent_ln398' <Predicate = true> <Delay = 0.00>
ST_4 : Operation 119 [1/1] (0.00ns)   --->   "%specstablecontent_ln398 = specstablecontent void @_ssdm_op_SpecStableContent, i32 %exp_buf_2_21, i1 1, void @p_str" [softmax_accel_hls.cc:398]   --->   Operation 119 'specstablecontent' 'specstablecontent_ln398' <Predicate = true> <Delay = 0.00>
ST_4 : Operation 120 [1/1] (0.00ns)   --->   "%specstablecontent_ln398 = specstablecontent void @_ssdm_op_SpecStableContent, i32 %exp_buf_2_20, i1 1, void @p_str" [softmax_accel_hls.cc:398]   --->   Operation 120 'specstablecontent' 'specstablecontent_ln398' <Predicate = true> <Delay = 0.00>
ST_4 : Operation 121 [1/1] (0.00ns)   --->   "%specstablecontent_ln398 = specstablecontent void @_ssdm_op_SpecStableContent, i32 %exp_buf_2_19, i1 1, void @p_str" [softmax_accel_hls.cc:398]   --->   Operation 121 'specstablecontent' 'specstablecontent_ln398' <Predicate = true> <Delay = 0.00>
ST_4 : Operation 122 [1/1] (0.00ns)   --->   "%specstablecontent_ln398 = specstablecontent void @_ssdm_op_SpecStableContent, i32 %exp_buf_2_18, i1 1, void @p_str" [softmax_accel_hls.cc:398]   --->   Operation 122 'specstablecontent' 'specstablecontent_ln398' <Predicate = true> <Delay = 0.00>
ST_4 : Operation 123 [1/1] (0.00ns)   --->   "%specstablecontent_ln398 = specstablecontent void @_ssdm_op_SpecStableContent, i32 %exp_buf_2_17, i1 1, void @p_str" [softmax_accel_hls.cc:398]   --->   Operation 123 'specstablecontent' 'specstablecontent_ln398' <Predicate = true> <Delay = 0.00>
ST_4 : Operation 124 [1/1] (0.00ns)   --->   "%specstablecontent_ln398 = specstablecontent void @_ssdm_op_SpecStableContent, i32 %exp_buf_2_16, i1 1, void @p_str" [softmax_accel_hls.cc:398]   --->   Operation 124 'specstablecontent' 'specstablecontent_ln398' <Predicate = true> <Delay = 0.00>
ST_4 : Operation 125 [1/1] (0.00ns)   --->   "%specstablecontent_ln398 = specstablecontent void @_ssdm_op_SpecStableContent, i32 %exp_buf_2_15, i1 1, void @p_str" [softmax_accel_hls.cc:398]   --->   Operation 125 'specstablecontent' 'specstablecontent_ln398' <Predicate = true> <Delay = 0.00>
ST_4 : Operation 126 [1/1] (0.00ns)   --->   "%specstablecontent_ln398 = specstablecontent void @_ssdm_op_SpecStableContent, i32 %exp_buf_2_14, i1 1, void @p_str" [softmax_accel_hls.cc:398]   --->   Operation 126 'specstablecontent' 'specstablecontent_ln398' <Predicate = true> <Delay = 0.00>
ST_4 : Operation 127 [1/1] (0.00ns)   --->   "%specstablecontent_ln398 = specstablecontent void @_ssdm_op_SpecStableContent, i32 %exp_buf_2_13, i1 1, void @p_str" [softmax_accel_hls.cc:398]   --->   Operation 127 'specstablecontent' 'specstablecontent_ln398' <Predicate = true> <Delay = 0.00>
ST_4 : Operation 128 [1/1] (0.00ns)   --->   "%specstablecontent_ln398 = specstablecontent void @_ssdm_op_SpecStableContent, i32 %exp_buf_2_12, i1 1, void @p_str" [softmax_accel_hls.cc:398]   --->   Operation 128 'specstablecontent' 'specstablecontent_ln398' <Predicate = true> <Delay = 0.00>
ST_4 : Operation 129 [1/1] (0.00ns)   --->   "%specstablecontent_ln398 = specstablecontent void @_ssdm_op_SpecStableContent, i32 %exp_buf_2_11, i1 1, void @p_str" [softmax_accel_hls.cc:398]   --->   Operation 129 'specstablecontent' 'specstablecontent_ln398' <Predicate = true> <Delay = 0.00>
ST_4 : Operation 130 [1/1] (0.00ns)   --->   "%specstablecontent_ln398 = specstablecontent void @_ssdm_op_SpecStableContent, i32 %exp_buf_2_10, i1 1, void @p_str" [softmax_accel_hls.cc:398]   --->   Operation 130 'specstablecontent' 'specstablecontent_ln398' <Predicate = true> <Delay = 0.00>
ST_4 : Operation 131 [1/1] (0.00ns)   --->   "%specstablecontent_ln398 = specstablecontent void @_ssdm_op_SpecStableContent, i32 %exp_buf_2_9, i1 1, void @p_str" [softmax_accel_hls.cc:398]   --->   Operation 131 'specstablecontent' 'specstablecontent_ln398' <Predicate = true> <Delay = 0.00>
ST_4 : Operation 132 [1/1] (0.00ns)   --->   "%specstablecontent_ln398 = specstablecontent void @_ssdm_op_SpecStableContent, i32 %exp_buf_2_8, i1 1, void @p_str" [softmax_accel_hls.cc:398]   --->   Operation 132 'specstablecontent' 'specstablecontent_ln398' <Predicate = true> <Delay = 0.00>
ST_4 : Operation 133 [1/1] (0.00ns)   --->   "%specstablecontent_ln398 = specstablecontent void @_ssdm_op_SpecStableContent, i32 %exp_buf_2_7, i1 1, void @p_str" [softmax_accel_hls.cc:398]   --->   Operation 133 'specstablecontent' 'specstablecontent_ln398' <Predicate = true> <Delay = 0.00>
ST_4 : Operation 134 [1/1] (0.00ns)   --->   "%specstablecontent_ln398 = specstablecontent void @_ssdm_op_SpecStableContent, i32 %exp_buf_2_6, i1 1, void @p_str" [softmax_accel_hls.cc:398]   --->   Operation 134 'specstablecontent' 'specstablecontent_ln398' <Predicate = true> <Delay = 0.00>
ST_4 : Operation 135 [1/1] (0.00ns)   --->   "%specstablecontent_ln398 = specstablecontent void @_ssdm_op_SpecStableContent, i32 %exp_buf_2_5, i1 1, void @p_str" [softmax_accel_hls.cc:398]   --->   Operation 135 'specstablecontent' 'specstablecontent_ln398' <Predicate = true> <Delay = 0.00>
ST_4 : Operation 136 [1/1] (0.00ns)   --->   "%specstablecontent_ln398 = specstablecontent void @_ssdm_op_SpecStableContent, i32 %exp_buf_2_4, i1 1, void @p_str" [softmax_accel_hls.cc:398]   --->   Operation 136 'specstablecontent' 'specstablecontent_ln398' <Predicate = true> <Delay = 0.00>
ST_4 : Operation 137 [1/1] (0.00ns)   --->   "%specstablecontent_ln398 = specstablecontent void @_ssdm_op_SpecStableContent, i32 %exp_buf_2_3, i1 1, void @p_str" [softmax_accel_hls.cc:398]   --->   Operation 137 'specstablecontent' 'specstablecontent_ln398' <Predicate = true> <Delay = 0.00>
ST_4 : Operation 138 [1/1] (0.00ns)   --->   "%specstablecontent_ln398 = specstablecontent void @_ssdm_op_SpecStableContent, i32 %exp_buf_2_2, i1 1, void @p_str" [softmax_accel_hls.cc:398]   --->   Operation 138 'specstablecontent' 'specstablecontent_ln398' <Predicate = true> <Delay = 0.00>
ST_4 : Operation 139 [1/1] (0.00ns)   --->   "%specstablecontent_ln398 = specstablecontent void @_ssdm_op_SpecStableContent, i32 %exp_buf_2_1, i1 1, void @p_str" [softmax_accel_hls.cc:398]   --->   Operation 139 'specstablecontent' 'specstablecontent_ln398' <Predicate = true> <Delay = 0.00>
ST_4 : Operation 140 [1/1] (0.00ns)   --->   "%specstablecontent_ln398 = specstablecontent void @_ssdm_op_SpecStableContent, i32 %exp_buf_2_0, i1 1, void @p_str" [softmax_accel_hls.cc:398]   --->   Operation 140 'specstablecontent' 'specstablecontent_ln398' <Predicate = true> <Delay = 0.00>
ST_4 : Operation 141 [1/1] (0.00ns)   --->   "%specstablecontent_ln398 = specstablecontent void @_ssdm_op_SpecStableContent, i32 %exp_buf_1_63, i1 1, void @p_str" [softmax_accel_hls.cc:398]   --->   Operation 141 'specstablecontent' 'specstablecontent_ln398' <Predicate = true> <Delay = 0.00>
ST_4 : Operation 142 [1/1] (0.00ns)   --->   "%specstablecontent_ln398 = specstablecontent void @_ssdm_op_SpecStableContent, i32 %exp_buf_1_62, i1 1, void @p_str" [softmax_accel_hls.cc:398]   --->   Operation 142 'specstablecontent' 'specstablecontent_ln398' <Predicate = true> <Delay = 0.00>
ST_4 : Operation 143 [1/1] (0.00ns)   --->   "%specstablecontent_ln398 = specstablecontent void @_ssdm_op_SpecStableContent, i32 %exp_buf_1_61, i1 1, void @p_str" [softmax_accel_hls.cc:398]   --->   Operation 143 'specstablecontent' 'specstablecontent_ln398' <Predicate = true> <Delay = 0.00>
ST_4 : Operation 144 [1/1] (0.00ns)   --->   "%specstablecontent_ln398 = specstablecontent void @_ssdm_op_SpecStableContent, i32 %exp_buf_1_60, i1 1, void @p_str" [softmax_accel_hls.cc:398]   --->   Operation 144 'specstablecontent' 'specstablecontent_ln398' <Predicate = true> <Delay = 0.00>
ST_4 : Operation 145 [1/1] (0.00ns)   --->   "%specstablecontent_ln398 = specstablecontent void @_ssdm_op_SpecStableContent, i32 %exp_buf_1_59, i1 1, void @p_str" [softmax_accel_hls.cc:398]   --->   Operation 145 'specstablecontent' 'specstablecontent_ln398' <Predicate = true> <Delay = 0.00>
ST_4 : Operation 146 [1/1] (0.00ns)   --->   "%specstablecontent_ln398 = specstablecontent void @_ssdm_op_SpecStableContent, i32 %exp_buf_1_58, i1 1, void @p_str" [softmax_accel_hls.cc:398]   --->   Operation 146 'specstablecontent' 'specstablecontent_ln398' <Predicate = true> <Delay = 0.00>
ST_4 : Operation 147 [1/1] (0.00ns)   --->   "%specstablecontent_ln398 = specstablecontent void @_ssdm_op_SpecStableContent, i32 %exp_buf_1_57, i1 1, void @p_str" [softmax_accel_hls.cc:398]   --->   Operation 147 'specstablecontent' 'specstablecontent_ln398' <Predicate = true> <Delay = 0.00>
ST_4 : Operation 148 [1/1] (0.00ns)   --->   "%specstablecontent_ln398 = specstablecontent void @_ssdm_op_SpecStableContent, i32 %exp_buf_1_56, i1 1, void @p_str" [softmax_accel_hls.cc:398]   --->   Operation 148 'specstablecontent' 'specstablecontent_ln398' <Predicate = true> <Delay = 0.00>
ST_4 : Operation 149 [1/1] (0.00ns)   --->   "%specstablecontent_ln398 = specstablecontent void @_ssdm_op_SpecStableContent, i32 %exp_buf_1_55, i1 1, void @p_str" [softmax_accel_hls.cc:398]   --->   Operation 149 'specstablecontent' 'specstablecontent_ln398' <Predicate = true> <Delay = 0.00>
ST_4 : Operation 150 [1/1] (0.00ns)   --->   "%specstablecontent_ln398 = specstablecontent void @_ssdm_op_SpecStableContent, i32 %exp_buf_1_54, i1 1, void @p_str" [softmax_accel_hls.cc:398]   --->   Operation 150 'specstablecontent' 'specstablecontent_ln398' <Predicate = true> <Delay = 0.00>
ST_4 : Operation 151 [1/1] (0.00ns)   --->   "%specstablecontent_ln398 = specstablecontent void @_ssdm_op_SpecStableContent, i32 %exp_buf_1_53, i1 1, void @p_str" [softmax_accel_hls.cc:398]   --->   Operation 151 'specstablecontent' 'specstablecontent_ln398' <Predicate = true> <Delay = 0.00>
ST_4 : Operation 152 [1/1] (0.00ns)   --->   "%specstablecontent_ln398 = specstablecontent void @_ssdm_op_SpecStableContent, i32 %exp_buf_1_52, i1 1, void @p_str" [softmax_accel_hls.cc:398]   --->   Operation 152 'specstablecontent' 'specstablecontent_ln398' <Predicate = true> <Delay = 0.00>
ST_4 : Operation 153 [1/1] (0.00ns)   --->   "%specstablecontent_ln398 = specstablecontent void @_ssdm_op_SpecStableContent, i32 %exp_buf_1_51, i1 1, void @p_str" [softmax_accel_hls.cc:398]   --->   Operation 153 'specstablecontent' 'specstablecontent_ln398' <Predicate = true> <Delay = 0.00>
ST_4 : Operation 154 [1/1] (0.00ns)   --->   "%specstablecontent_ln398 = specstablecontent void @_ssdm_op_SpecStableContent, i32 %exp_buf_1_50, i1 1, void @p_str" [softmax_accel_hls.cc:398]   --->   Operation 154 'specstablecontent' 'specstablecontent_ln398' <Predicate = true> <Delay = 0.00>
ST_4 : Operation 155 [1/1] (0.00ns)   --->   "%specstablecontent_ln398 = specstablecontent void @_ssdm_op_SpecStableContent, i32 %exp_buf_1_49, i1 1, void @p_str" [softmax_accel_hls.cc:398]   --->   Operation 155 'specstablecontent' 'specstablecontent_ln398' <Predicate = true> <Delay = 0.00>
ST_4 : Operation 156 [1/1] (0.00ns)   --->   "%specstablecontent_ln398 = specstablecontent void @_ssdm_op_SpecStableContent, i32 %exp_buf_1_48, i1 1, void @p_str" [softmax_accel_hls.cc:398]   --->   Operation 156 'specstablecontent' 'specstablecontent_ln398' <Predicate = true> <Delay = 0.00>
ST_4 : Operation 157 [1/1] (0.00ns)   --->   "%specstablecontent_ln398 = specstablecontent void @_ssdm_op_SpecStableContent, i32 %exp_buf_1_47, i1 1, void @p_str" [softmax_accel_hls.cc:398]   --->   Operation 157 'specstablecontent' 'specstablecontent_ln398' <Predicate = true> <Delay = 0.00>
ST_4 : Operation 158 [1/1] (0.00ns)   --->   "%specstablecontent_ln398 = specstablecontent void @_ssdm_op_SpecStableContent, i32 %exp_buf_1_46, i1 1, void @p_str" [softmax_accel_hls.cc:398]   --->   Operation 158 'specstablecontent' 'specstablecontent_ln398' <Predicate = true> <Delay = 0.00>
ST_4 : Operation 159 [1/1] (0.00ns)   --->   "%specstablecontent_ln398 = specstablecontent void @_ssdm_op_SpecStableContent, i32 %exp_buf_1_45, i1 1, void @p_str" [softmax_accel_hls.cc:398]   --->   Operation 159 'specstablecontent' 'specstablecontent_ln398' <Predicate = true> <Delay = 0.00>
ST_4 : Operation 160 [1/1] (0.00ns)   --->   "%specstablecontent_ln398 = specstablecontent void @_ssdm_op_SpecStableContent, i32 %exp_buf_1_44, i1 1, void @p_str" [softmax_accel_hls.cc:398]   --->   Operation 160 'specstablecontent' 'specstablecontent_ln398' <Predicate = true> <Delay = 0.00>
ST_4 : Operation 161 [1/1] (0.00ns)   --->   "%specstablecontent_ln398 = specstablecontent void @_ssdm_op_SpecStableContent, i32 %exp_buf_1_43, i1 1, void @p_str" [softmax_accel_hls.cc:398]   --->   Operation 161 'specstablecontent' 'specstablecontent_ln398' <Predicate = true> <Delay = 0.00>
ST_4 : Operation 162 [1/1] (0.00ns)   --->   "%specstablecontent_ln398 = specstablecontent void @_ssdm_op_SpecStableContent, i32 %exp_buf_1_42, i1 1, void @p_str" [softmax_accel_hls.cc:398]   --->   Operation 162 'specstablecontent' 'specstablecontent_ln398' <Predicate = true> <Delay = 0.00>
ST_4 : Operation 163 [1/1] (0.00ns)   --->   "%specstablecontent_ln398 = specstablecontent void @_ssdm_op_SpecStableContent, i32 %exp_buf_1_41, i1 1, void @p_str" [softmax_accel_hls.cc:398]   --->   Operation 163 'specstablecontent' 'specstablecontent_ln398' <Predicate = true> <Delay = 0.00>
ST_4 : Operation 164 [1/1] (0.00ns)   --->   "%specstablecontent_ln398 = specstablecontent void @_ssdm_op_SpecStableContent, i32 %exp_buf_1_40, i1 1, void @p_str" [softmax_accel_hls.cc:398]   --->   Operation 164 'specstablecontent' 'specstablecontent_ln398' <Predicate = true> <Delay = 0.00>
ST_4 : Operation 165 [1/1] (0.00ns)   --->   "%specstablecontent_ln398 = specstablecontent void @_ssdm_op_SpecStableContent, i32 %exp_buf_1_39, i1 1, void @p_str" [softmax_accel_hls.cc:398]   --->   Operation 165 'specstablecontent' 'specstablecontent_ln398' <Predicate = true> <Delay = 0.00>
ST_4 : Operation 166 [1/1] (0.00ns)   --->   "%specstablecontent_ln398 = specstablecontent void @_ssdm_op_SpecStableContent, i32 %exp_buf_1_38, i1 1, void @p_str" [softmax_accel_hls.cc:398]   --->   Operation 166 'specstablecontent' 'specstablecontent_ln398' <Predicate = true> <Delay = 0.00>
ST_4 : Operation 167 [1/1] (0.00ns)   --->   "%specstablecontent_ln398 = specstablecontent void @_ssdm_op_SpecStableContent, i32 %exp_buf_1_37, i1 1, void @p_str" [softmax_accel_hls.cc:398]   --->   Operation 167 'specstablecontent' 'specstablecontent_ln398' <Predicate = true> <Delay = 0.00>
ST_4 : Operation 168 [1/1] (0.00ns)   --->   "%specstablecontent_ln398 = specstablecontent void @_ssdm_op_SpecStableContent, i32 %exp_buf_1_36, i1 1, void @p_str" [softmax_accel_hls.cc:398]   --->   Operation 168 'specstablecontent' 'specstablecontent_ln398' <Predicate = true> <Delay = 0.00>
ST_4 : Operation 169 [1/1] (0.00ns)   --->   "%specstablecontent_ln398 = specstablecontent void @_ssdm_op_SpecStableContent, i32 %exp_buf_1_35, i1 1, void @p_str" [softmax_accel_hls.cc:398]   --->   Operation 169 'specstablecontent' 'specstablecontent_ln398' <Predicate = true> <Delay = 0.00>
ST_4 : Operation 170 [1/1] (0.00ns)   --->   "%specstablecontent_ln398 = specstablecontent void @_ssdm_op_SpecStableContent, i32 %exp_buf_1_34, i1 1, void @p_str" [softmax_accel_hls.cc:398]   --->   Operation 170 'specstablecontent' 'specstablecontent_ln398' <Predicate = true> <Delay = 0.00>
ST_4 : Operation 171 [1/1] (0.00ns)   --->   "%specstablecontent_ln398 = specstablecontent void @_ssdm_op_SpecStableContent, i32 %exp_buf_1_33, i1 1, void @p_str" [softmax_accel_hls.cc:398]   --->   Operation 171 'specstablecontent' 'specstablecontent_ln398' <Predicate = true> <Delay = 0.00>
ST_4 : Operation 172 [1/1] (0.00ns)   --->   "%specstablecontent_ln398 = specstablecontent void @_ssdm_op_SpecStableContent, i32 %exp_buf_1_32, i1 1, void @p_str" [softmax_accel_hls.cc:398]   --->   Operation 172 'specstablecontent' 'specstablecontent_ln398' <Predicate = true> <Delay = 0.00>
ST_4 : Operation 173 [1/1] (0.00ns)   --->   "%specstablecontent_ln398 = specstablecontent void @_ssdm_op_SpecStableContent, i32 %exp_buf_1_31, i1 1, void @p_str" [softmax_accel_hls.cc:398]   --->   Operation 173 'specstablecontent' 'specstablecontent_ln398' <Predicate = true> <Delay = 0.00>
ST_4 : Operation 174 [1/1] (0.00ns)   --->   "%specstablecontent_ln398 = specstablecontent void @_ssdm_op_SpecStableContent, i32 %exp_buf_1_30, i1 1, void @p_str" [softmax_accel_hls.cc:398]   --->   Operation 174 'specstablecontent' 'specstablecontent_ln398' <Predicate = true> <Delay = 0.00>
ST_4 : Operation 175 [1/1] (0.00ns)   --->   "%specstablecontent_ln398 = specstablecontent void @_ssdm_op_SpecStableContent, i32 %exp_buf_1_29, i1 1, void @p_str" [softmax_accel_hls.cc:398]   --->   Operation 175 'specstablecontent' 'specstablecontent_ln398' <Predicate = true> <Delay = 0.00>
ST_4 : Operation 176 [1/1] (0.00ns)   --->   "%specstablecontent_ln398 = specstablecontent void @_ssdm_op_SpecStableContent, i32 %exp_buf_1_28, i1 1, void @p_str" [softmax_accel_hls.cc:398]   --->   Operation 176 'specstablecontent' 'specstablecontent_ln398' <Predicate = true> <Delay = 0.00>
ST_4 : Operation 177 [1/1] (0.00ns)   --->   "%specstablecontent_ln398 = specstablecontent void @_ssdm_op_SpecStableContent, i32 %exp_buf_1_27, i1 1, void @p_str" [softmax_accel_hls.cc:398]   --->   Operation 177 'specstablecontent' 'specstablecontent_ln398' <Predicate = true> <Delay = 0.00>
ST_4 : Operation 178 [1/1] (0.00ns)   --->   "%specstablecontent_ln398 = specstablecontent void @_ssdm_op_SpecStableContent, i32 %exp_buf_1_26, i1 1, void @p_str" [softmax_accel_hls.cc:398]   --->   Operation 178 'specstablecontent' 'specstablecontent_ln398' <Predicate = true> <Delay = 0.00>
ST_4 : Operation 179 [1/1] (0.00ns)   --->   "%specstablecontent_ln398 = specstablecontent void @_ssdm_op_SpecStableContent, i32 %exp_buf_1_25, i1 1, void @p_str" [softmax_accel_hls.cc:398]   --->   Operation 179 'specstablecontent' 'specstablecontent_ln398' <Predicate = true> <Delay = 0.00>
ST_4 : Operation 180 [1/1] (0.00ns)   --->   "%specstablecontent_ln398 = specstablecontent void @_ssdm_op_SpecStableContent, i32 %exp_buf_1_24, i1 1, void @p_str" [softmax_accel_hls.cc:398]   --->   Operation 180 'specstablecontent' 'specstablecontent_ln398' <Predicate = true> <Delay = 0.00>
ST_4 : Operation 181 [1/1] (0.00ns)   --->   "%specstablecontent_ln398 = specstablecontent void @_ssdm_op_SpecStableContent, i32 %exp_buf_1_23, i1 1, void @p_str" [softmax_accel_hls.cc:398]   --->   Operation 181 'specstablecontent' 'specstablecontent_ln398' <Predicate = true> <Delay = 0.00>
ST_4 : Operation 182 [1/1] (0.00ns)   --->   "%specstablecontent_ln398 = specstablecontent void @_ssdm_op_SpecStableContent, i32 %exp_buf_1_22, i1 1, void @p_str" [softmax_accel_hls.cc:398]   --->   Operation 182 'specstablecontent' 'specstablecontent_ln398' <Predicate = true> <Delay = 0.00>
ST_4 : Operation 183 [1/1] (0.00ns)   --->   "%specstablecontent_ln398 = specstablecontent void @_ssdm_op_SpecStableContent, i32 %exp_buf_1_21, i1 1, void @p_str" [softmax_accel_hls.cc:398]   --->   Operation 183 'specstablecontent' 'specstablecontent_ln398' <Predicate = true> <Delay = 0.00>
ST_4 : Operation 184 [1/1] (0.00ns)   --->   "%specstablecontent_ln398 = specstablecontent void @_ssdm_op_SpecStableContent, i32 %exp_buf_1_20, i1 1, void @p_str" [softmax_accel_hls.cc:398]   --->   Operation 184 'specstablecontent' 'specstablecontent_ln398' <Predicate = true> <Delay = 0.00>
ST_4 : Operation 185 [1/1] (0.00ns)   --->   "%specstablecontent_ln398 = specstablecontent void @_ssdm_op_SpecStableContent, i32 %exp_buf_1_19, i1 1, void @p_str" [softmax_accel_hls.cc:398]   --->   Operation 185 'specstablecontent' 'specstablecontent_ln398' <Predicate = true> <Delay = 0.00>
ST_4 : Operation 186 [1/1] (0.00ns)   --->   "%specstablecontent_ln398 = specstablecontent void @_ssdm_op_SpecStableContent, i32 %exp_buf_1_18, i1 1, void @p_str" [softmax_accel_hls.cc:398]   --->   Operation 186 'specstablecontent' 'specstablecontent_ln398' <Predicate = true> <Delay = 0.00>
ST_4 : Operation 187 [1/1] (0.00ns)   --->   "%specstablecontent_ln398 = specstablecontent void @_ssdm_op_SpecStableContent, i32 %exp_buf_1_17, i1 1, void @p_str" [softmax_accel_hls.cc:398]   --->   Operation 187 'specstablecontent' 'specstablecontent_ln398' <Predicate = true> <Delay = 0.00>
ST_4 : Operation 188 [1/1] (0.00ns)   --->   "%specstablecontent_ln398 = specstablecontent void @_ssdm_op_SpecStableContent, i32 %exp_buf_1_16, i1 1, void @p_str" [softmax_accel_hls.cc:398]   --->   Operation 188 'specstablecontent' 'specstablecontent_ln398' <Predicate = true> <Delay = 0.00>
ST_4 : Operation 189 [1/1] (0.00ns)   --->   "%specstablecontent_ln398 = specstablecontent void @_ssdm_op_SpecStableContent, i32 %exp_buf_1_15, i1 1, void @p_str" [softmax_accel_hls.cc:398]   --->   Operation 189 'specstablecontent' 'specstablecontent_ln398' <Predicate = true> <Delay = 0.00>
ST_4 : Operation 190 [1/1] (0.00ns)   --->   "%specstablecontent_ln398 = specstablecontent void @_ssdm_op_SpecStableContent, i32 %exp_buf_1_14, i1 1, void @p_str" [softmax_accel_hls.cc:398]   --->   Operation 190 'specstablecontent' 'specstablecontent_ln398' <Predicate = true> <Delay = 0.00>
ST_4 : Operation 191 [1/1] (0.00ns)   --->   "%specstablecontent_ln398 = specstablecontent void @_ssdm_op_SpecStableContent, i32 %exp_buf_1_13, i1 1, void @p_str" [softmax_accel_hls.cc:398]   --->   Operation 191 'specstablecontent' 'specstablecontent_ln398' <Predicate = true> <Delay = 0.00>
ST_4 : Operation 192 [1/1] (0.00ns)   --->   "%specstablecontent_ln398 = specstablecontent void @_ssdm_op_SpecStableContent, i32 %exp_buf_1_12, i1 1, void @p_str" [softmax_accel_hls.cc:398]   --->   Operation 192 'specstablecontent' 'specstablecontent_ln398' <Predicate = true> <Delay = 0.00>
ST_4 : Operation 193 [1/1] (0.00ns)   --->   "%specstablecontent_ln398 = specstablecontent void @_ssdm_op_SpecStableContent, i32 %exp_buf_1_11, i1 1, void @p_str" [softmax_accel_hls.cc:398]   --->   Operation 193 'specstablecontent' 'specstablecontent_ln398' <Predicate = true> <Delay = 0.00>
ST_4 : Operation 194 [1/1] (0.00ns)   --->   "%specstablecontent_ln398 = specstablecontent void @_ssdm_op_SpecStableContent, i32 %exp_buf_1_10, i1 1, void @p_str" [softmax_accel_hls.cc:398]   --->   Operation 194 'specstablecontent' 'specstablecontent_ln398' <Predicate = true> <Delay = 0.00>
ST_4 : Operation 195 [1/1] (0.00ns)   --->   "%specstablecontent_ln398 = specstablecontent void @_ssdm_op_SpecStableContent, i32 %exp_buf_1_9, i1 1, void @p_str" [softmax_accel_hls.cc:398]   --->   Operation 195 'specstablecontent' 'specstablecontent_ln398' <Predicate = true> <Delay = 0.00>
ST_4 : Operation 196 [1/1] (0.00ns)   --->   "%specstablecontent_ln398 = specstablecontent void @_ssdm_op_SpecStableContent, i32 %exp_buf_1_8, i1 1, void @p_str" [softmax_accel_hls.cc:398]   --->   Operation 196 'specstablecontent' 'specstablecontent_ln398' <Predicate = true> <Delay = 0.00>
ST_4 : Operation 197 [1/1] (0.00ns)   --->   "%specstablecontent_ln398 = specstablecontent void @_ssdm_op_SpecStableContent, i32 %exp_buf_1_7, i1 1, void @p_str" [softmax_accel_hls.cc:398]   --->   Operation 197 'specstablecontent' 'specstablecontent_ln398' <Predicate = true> <Delay = 0.00>
ST_4 : Operation 198 [1/1] (0.00ns)   --->   "%specstablecontent_ln398 = specstablecontent void @_ssdm_op_SpecStableContent, i32 %exp_buf_1_6, i1 1, void @p_str" [softmax_accel_hls.cc:398]   --->   Operation 198 'specstablecontent' 'specstablecontent_ln398' <Predicate = true> <Delay = 0.00>
ST_4 : Operation 199 [1/1] (0.00ns)   --->   "%specstablecontent_ln398 = specstablecontent void @_ssdm_op_SpecStableContent, i32 %exp_buf_1_5, i1 1, void @p_str" [softmax_accel_hls.cc:398]   --->   Operation 199 'specstablecontent' 'specstablecontent_ln398' <Predicate = true> <Delay = 0.00>
ST_4 : Operation 200 [1/1] (0.00ns)   --->   "%specstablecontent_ln398 = specstablecontent void @_ssdm_op_SpecStableContent, i32 %exp_buf_1_4, i1 1, void @p_str" [softmax_accel_hls.cc:398]   --->   Operation 200 'specstablecontent' 'specstablecontent_ln398' <Predicate = true> <Delay = 0.00>
ST_4 : Operation 201 [1/1] (0.00ns)   --->   "%specstablecontent_ln398 = specstablecontent void @_ssdm_op_SpecStableContent, i32 %exp_buf_1_3, i1 1, void @p_str" [softmax_accel_hls.cc:398]   --->   Operation 201 'specstablecontent' 'specstablecontent_ln398' <Predicate = true> <Delay = 0.00>
ST_4 : Operation 202 [1/1] (0.00ns)   --->   "%specstablecontent_ln398 = specstablecontent void @_ssdm_op_SpecStableContent, i32 %exp_buf_1_2, i1 1, void @p_str" [softmax_accel_hls.cc:398]   --->   Operation 202 'specstablecontent' 'specstablecontent_ln398' <Predicate = true> <Delay = 0.00>
ST_4 : Operation 203 [1/1] (0.00ns)   --->   "%specstablecontent_ln398 = specstablecontent void @_ssdm_op_SpecStableContent, i32 %exp_buf_1_1, i1 1, void @p_str" [softmax_accel_hls.cc:398]   --->   Operation 203 'specstablecontent' 'specstablecontent_ln398' <Predicate = true> <Delay = 0.00>
ST_4 : Operation 204 [1/1] (0.00ns)   --->   "%specstablecontent_ln398 = specstablecontent void @_ssdm_op_SpecStableContent, i32 %exp_buf_1_0, i1 1, void @p_str" [softmax_accel_hls.cc:398]   --->   Operation 204 'specstablecontent' 'specstablecontent_ln398' <Predicate = true> <Delay = 0.00>
ST_4 : Operation 205 [1/1] (0.00ns)   --->   "%specstablecontent_ln398 = specstablecontent void @_ssdm_op_SpecStableContent, i32 %exp_buf_0_63, i1 1, void @p_str" [softmax_accel_hls.cc:398]   --->   Operation 205 'specstablecontent' 'specstablecontent_ln398' <Predicate = true> <Delay = 0.00>
ST_4 : Operation 206 [1/1] (0.00ns)   --->   "%specstablecontent_ln398 = specstablecontent void @_ssdm_op_SpecStableContent, i32 %exp_buf_0_62, i1 1, void @p_str" [softmax_accel_hls.cc:398]   --->   Operation 206 'specstablecontent' 'specstablecontent_ln398' <Predicate = true> <Delay = 0.00>
ST_4 : Operation 207 [1/1] (0.00ns)   --->   "%specstablecontent_ln398 = specstablecontent void @_ssdm_op_SpecStableContent, i32 %exp_buf_0_61, i1 1, void @p_str" [softmax_accel_hls.cc:398]   --->   Operation 207 'specstablecontent' 'specstablecontent_ln398' <Predicate = true> <Delay = 0.00>
ST_4 : Operation 208 [1/1] (0.00ns)   --->   "%specstablecontent_ln398 = specstablecontent void @_ssdm_op_SpecStableContent, i32 %exp_buf_0_60, i1 1, void @p_str" [softmax_accel_hls.cc:398]   --->   Operation 208 'specstablecontent' 'specstablecontent_ln398' <Predicate = true> <Delay = 0.00>
ST_4 : Operation 209 [1/1] (0.00ns)   --->   "%specstablecontent_ln398 = specstablecontent void @_ssdm_op_SpecStableContent, i32 %exp_buf_0_59, i1 1, void @p_str" [softmax_accel_hls.cc:398]   --->   Operation 209 'specstablecontent' 'specstablecontent_ln398' <Predicate = true> <Delay = 0.00>
ST_4 : Operation 210 [1/1] (0.00ns)   --->   "%specstablecontent_ln398 = specstablecontent void @_ssdm_op_SpecStableContent, i32 %exp_buf_0_58, i1 1, void @p_str" [softmax_accel_hls.cc:398]   --->   Operation 210 'specstablecontent' 'specstablecontent_ln398' <Predicate = true> <Delay = 0.00>
ST_4 : Operation 211 [1/1] (0.00ns)   --->   "%specstablecontent_ln398 = specstablecontent void @_ssdm_op_SpecStableContent, i32 %exp_buf_0_57, i1 1, void @p_str" [softmax_accel_hls.cc:398]   --->   Operation 211 'specstablecontent' 'specstablecontent_ln398' <Predicate = true> <Delay = 0.00>
ST_4 : Operation 212 [1/1] (0.00ns)   --->   "%specstablecontent_ln398 = specstablecontent void @_ssdm_op_SpecStableContent, i32 %exp_buf_0_56, i1 1, void @p_str" [softmax_accel_hls.cc:398]   --->   Operation 212 'specstablecontent' 'specstablecontent_ln398' <Predicate = true> <Delay = 0.00>
ST_4 : Operation 213 [1/1] (0.00ns)   --->   "%specstablecontent_ln398 = specstablecontent void @_ssdm_op_SpecStableContent, i32 %exp_buf_0_55, i1 1, void @p_str" [softmax_accel_hls.cc:398]   --->   Operation 213 'specstablecontent' 'specstablecontent_ln398' <Predicate = true> <Delay = 0.00>
ST_4 : Operation 214 [1/1] (0.00ns)   --->   "%specstablecontent_ln398 = specstablecontent void @_ssdm_op_SpecStableContent, i32 %exp_buf_0_54, i1 1, void @p_str" [softmax_accel_hls.cc:398]   --->   Operation 214 'specstablecontent' 'specstablecontent_ln398' <Predicate = true> <Delay = 0.00>
ST_4 : Operation 215 [1/1] (0.00ns)   --->   "%specstablecontent_ln398 = specstablecontent void @_ssdm_op_SpecStableContent, i32 %exp_buf_0_53, i1 1, void @p_str" [softmax_accel_hls.cc:398]   --->   Operation 215 'specstablecontent' 'specstablecontent_ln398' <Predicate = true> <Delay = 0.00>
ST_4 : Operation 216 [1/1] (0.00ns)   --->   "%specstablecontent_ln398 = specstablecontent void @_ssdm_op_SpecStableContent, i32 %exp_buf_0_52, i1 1, void @p_str" [softmax_accel_hls.cc:398]   --->   Operation 216 'specstablecontent' 'specstablecontent_ln398' <Predicate = true> <Delay = 0.00>
ST_4 : Operation 217 [1/1] (0.00ns)   --->   "%specstablecontent_ln398 = specstablecontent void @_ssdm_op_SpecStableContent, i32 %exp_buf_0_51, i1 1, void @p_str" [softmax_accel_hls.cc:398]   --->   Operation 217 'specstablecontent' 'specstablecontent_ln398' <Predicate = true> <Delay = 0.00>
ST_4 : Operation 218 [1/1] (0.00ns)   --->   "%specstablecontent_ln398 = specstablecontent void @_ssdm_op_SpecStableContent, i32 %exp_buf_0_50, i1 1, void @p_str" [softmax_accel_hls.cc:398]   --->   Operation 218 'specstablecontent' 'specstablecontent_ln398' <Predicate = true> <Delay = 0.00>
ST_4 : Operation 219 [1/1] (0.00ns)   --->   "%specstablecontent_ln398 = specstablecontent void @_ssdm_op_SpecStableContent, i32 %exp_buf_0_49, i1 1, void @p_str" [softmax_accel_hls.cc:398]   --->   Operation 219 'specstablecontent' 'specstablecontent_ln398' <Predicate = true> <Delay = 0.00>
ST_4 : Operation 220 [1/1] (0.00ns)   --->   "%specstablecontent_ln398 = specstablecontent void @_ssdm_op_SpecStableContent, i32 %exp_buf_0_48, i1 1, void @p_str" [softmax_accel_hls.cc:398]   --->   Operation 220 'specstablecontent' 'specstablecontent_ln398' <Predicate = true> <Delay = 0.00>
ST_4 : Operation 221 [1/1] (0.00ns)   --->   "%specstablecontent_ln398 = specstablecontent void @_ssdm_op_SpecStableContent, i32 %exp_buf_0_47, i1 1, void @p_str" [softmax_accel_hls.cc:398]   --->   Operation 221 'specstablecontent' 'specstablecontent_ln398' <Predicate = true> <Delay = 0.00>
ST_4 : Operation 222 [1/1] (0.00ns)   --->   "%specstablecontent_ln398 = specstablecontent void @_ssdm_op_SpecStableContent, i32 %exp_buf_0_46, i1 1, void @p_str" [softmax_accel_hls.cc:398]   --->   Operation 222 'specstablecontent' 'specstablecontent_ln398' <Predicate = true> <Delay = 0.00>
ST_4 : Operation 223 [1/1] (0.00ns)   --->   "%specstablecontent_ln398 = specstablecontent void @_ssdm_op_SpecStableContent, i32 %exp_buf_0_45, i1 1, void @p_str" [softmax_accel_hls.cc:398]   --->   Operation 223 'specstablecontent' 'specstablecontent_ln398' <Predicate = true> <Delay = 0.00>
ST_4 : Operation 224 [1/1] (0.00ns)   --->   "%specstablecontent_ln398 = specstablecontent void @_ssdm_op_SpecStableContent, i32 %exp_buf_0_44, i1 1, void @p_str" [softmax_accel_hls.cc:398]   --->   Operation 224 'specstablecontent' 'specstablecontent_ln398' <Predicate = true> <Delay = 0.00>
ST_4 : Operation 225 [1/1] (0.00ns)   --->   "%specstablecontent_ln398 = specstablecontent void @_ssdm_op_SpecStableContent, i32 %exp_buf_0_43, i1 1, void @p_str" [softmax_accel_hls.cc:398]   --->   Operation 225 'specstablecontent' 'specstablecontent_ln398' <Predicate = true> <Delay = 0.00>
ST_4 : Operation 226 [1/1] (0.00ns)   --->   "%specstablecontent_ln398 = specstablecontent void @_ssdm_op_SpecStableContent, i32 %exp_buf_0_42, i1 1, void @p_str" [softmax_accel_hls.cc:398]   --->   Operation 226 'specstablecontent' 'specstablecontent_ln398' <Predicate = true> <Delay = 0.00>
ST_4 : Operation 227 [1/1] (0.00ns)   --->   "%specstablecontent_ln398 = specstablecontent void @_ssdm_op_SpecStableContent, i32 %exp_buf_0_41, i1 1, void @p_str" [softmax_accel_hls.cc:398]   --->   Operation 227 'specstablecontent' 'specstablecontent_ln398' <Predicate = true> <Delay = 0.00>
ST_4 : Operation 228 [1/1] (0.00ns)   --->   "%specstablecontent_ln398 = specstablecontent void @_ssdm_op_SpecStableContent, i32 %exp_buf_0_40, i1 1, void @p_str" [softmax_accel_hls.cc:398]   --->   Operation 228 'specstablecontent' 'specstablecontent_ln398' <Predicate = true> <Delay = 0.00>
ST_4 : Operation 229 [1/1] (0.00ns)   --->   "%specstablecontent_ln398 = specstablecontent void @_ssdm_op_SpecStableContent, i32 %exp_buf_0_39, i1 1, void @p_str" [softmax_accel_hls.cc:398]   --->   Operation 229 'specstablecontent' 'specstablecontent_ln398' <Predicate = true> <Delay = 0.00>
ST_4 : Operation 230 [1/1] (0.00ns)   --->   "%specstablecontent_ln398 = specstablecontent void @_ssdm_op_SpecStableContent, i32 %exp_buf_0_38, i1 1, void @p_str" [softmax_accel_hls.cc:398]   --->   Operation 230 'specstablecontent' 'specstablecontent_ln398' <Predicate = true> <Delay = 0.00>
ST_4 : Operation 231 [1/1] (0.00ns)   --->   "%specstablecontent_ln398 = specstablecontent void @_ssdm_op_SpecStableContent, i32 %exp_buf_0_37, i1 1, void @p_str" [softmax_accel_hls.cc:398]   --->   Operation 231 'specstablecontent' 'specstablecontent_ln398' <Predicate = true> <Delay = 0.00>
ST_4 : Operation 232 [1/1] (0.00ns)   --->   "%specstablecontent_ln398 = specstablecontent void @_ssdm_op_SpecStableContent, i32 %exp_buf_0_36, i1 1, void @p_str" [softmax_accel_hls.cc:398]   --->   Operation 232 'specstablecontent' 'specstablecontent_ln398' <Predicate = true> <Delay = 0.00>
ST_4 : Operation 233 [1/1] (0.00ns)   --->   "%specstablecontent_ln398 = specstablecontent void @_ssdm_op_SpecStableContent, i32 %exp_buf_0_35, i1 1, void @p_str" [softmax_accel_hls.cc:398]   --->   Operation 233 'specstablecontent' 'specstablecontent_ln398' <Predicate = true> <Delay = 0.00>
ST_4 : Operation 234 [1/1] (0.00ns)   --->   "%specstablecontent_ln398 = specstablecontent void @_ssdm_op_SpecStableContent, i32 %exp_buf_0_34, i1 1, void @p_str" [softmax_accel_hls.cc:398]   --->   Operation 234 'specstablecontent' 'specstablecontent_ln398' <Predicate = true> <Delay = 0.00>
ST_4 : Operation 235 [1/1] (0.00ns)   --->   "%specstablecontent_ln398 = specstablecontent void @_ssdm_op_SpecStableContent, i32 %exp_buf_0_33, i1 1, void @p_str" [softmax_accel_hls.cc:398]   --->   Operation 235 'specstablecontent' 'specstablecontent_ln398' <Predicate = true> <Delay = 0.00>
ST_4 : Operation 236 [1/1] (0.00ns)   --->   "%specstablecontent_ln398 = specstablecontent void @_ssdm_op_SpecStableContent, i32 %exp_buf_0_32, i1 1, void @p_str" [softmax_accel_hls.cc:398]   --->   Operation 236 'specstablecontent' 'specstablecontent_ln398' <Predicate = true> <Delay = 0.00>
ST_4 : Operation 237 [1/1] (0.00ns)   --->   "%specstablecontent_ln398 = specstablecontent void @_ssdm_op_SpecStableContent, i32 %exp_buf_0_31, i1 1, void @p_str" [softmax_accel_hls.cc:398]   --->   Operation 237 'specstablecontent' 'specstablecontent_ln398' <Predicate = true> <Delay = 0.00>
ST_4 : Operation 238 [1/1] (0.00ns)   --->   "%specstablecontent_ln398 = specstablecontent void @_ssdm_op_SpecStableContent, i32 %exp_buf_0_30, i1 1, void @p_str" [softmax_accel_hls.cc:398]   --->   Operation 238 'specstablecontent' 'specstablecontent_ln398' <Predicate = true> <Delay = 0.00>
ST_4 : Operation 239 [1/1] (0.00ns)   --->   "%specstablecontent_ln398 = specstablecontent void @_ssdm_op_SpecStableContent, i32 %exp_buf_0_29, i1 1, void @p_str" [softmax_accel_hls.cc:398]   --->   Operation 239 'specstablecontent' 'specstablecontent_ln398' <Predicate = true> <Delay = 0.00>
ST_4 : Operation 240 [1/1] (0.00ns)   --->   "%specstablecontent_ln398 = specstablecontent void @_ssdm_op_SpecStableContent, i32 %exp_buf_0_28, i1 1, void @p_str" [softmax_accel_hls.cc:398]   --->   Operation 240 'specstablecontent' 'specstablecontent_ln398' <Predicate = true> <Delay = 0.00>
ST_4 : Operation 241 [1/1] (0.00ns)   --->   "%specstablecontent_ln398 = specstablecontent void @_ssdm_op_SpecStableContent, i32 %exp_buf_0_27, i1 1, void @p_str" [softmax_accel_hls.cc:398]   --->   Operation 241 'specstablecontent' 'specstablecontent_ln398' <Predicate = true> <Delay = 0.00>
ST_4 : Operation 242 [1/1] (0.00ns)   --->   "%specstablecontent_ln398 = specstablecontent void @_ssdm_op_SpecStableContent, i32 %exp_buf_0_26, i1 1, void @p_str" [softmax_accel_hls.cc:398]   --->   Operation 242 'specstablecontent' 'specstablecontent_ln398' <Predicate = true> <Delay = 0.00>
ST_4 : Operation 243 [1/1] (0.00ns)   --->   "%specstablecontent_ln398 = specstablecontent void @_ssdm_op_SpecStableContent, i32 %exp_buf_0_25, i1 1, void @p_str" [softmax_accel_hls.cc:398]   --->   Operation 243 'specstablecontent' 'specstablecontent_ln398' <Predicate = true> <Delay = 0.00>
ST_4 : Operation 244 [1/1] (0.00ns)   --->   "%specstablecontent_ln398 = specstablecontent void @_ssdm_op_SpecStableContent, i32 %exp_buf_0_24, i1 1, void @p_str" [softmax_accel_hls.cc:398]   --->   Operation 244 'specstablecontent' 'specstablecontent_ln398' <Predicate = true> <Delay = 0.00>
ST_4 : Operation 245 [1/1] (0.00ns)   --->   "%specstablecontent_ln398 = specstablecontent void @_ssdm_op_SpecStableContent, i32 %exp_buf_0_23, i1 1, void @p_str" [softmax_accel_hls.cc:398]   --->   Operation 245 'specstablecontent' 'specstablecontent_ln398' <Predicate = true> <Delay = 0.00>
ST_4 : Operation 246 [1/1] (0.00ns)   --->   "%specstablecontent_ln398 = specstablecontent void @_ssdm_op_SpecStableContent, i32 %exp_buf_0_22, i1 1, void @p_str" [softmax_accel_hls.cc:398]   --->   Operation 246 'specstablecontent' 'specstablecontent_ln398' <Predicate = true> <Delay = 0.00>
ST_4 : Operation 247 [1/1] (0.00ns)   --->   "%specstablecontent_ln398 = specstablecontent void @_ssdm_op_SpecStableContent, i32 %exp_buf_0_21, i1 1, void @p_str" [softmax_accel_hls.cc:398]   --->   Operation 247 'specstablecontent' 'specstablecontent_ln398' <Predicate = true> <Delay = 0.00>
ST_4 : Operation 248 [1/1] (0.00ns)   --->   "%specstablecontent_ln398 = specstablecontent void @_ssdm_op_SpecStableContent, i32 %exp_buf_0_20, i1 1, void @p_str" [softmax_accel_hls.cc:398]   --->   Operation 248 'specstablecontent' 'specstablecontent_ln398' <Predicate = true> <Delay = 0.00>
ST_4 : Operation 249 [1/1] (0.00ns)   --->   "%specstablecontent_ln398 = specstablecontent void @_ssdm_op_SpecStableContent, i32 %exp_buf_0_19, i1 1, void @p_str" [softmax_accel_hls.cc:398]   --->   Operation 249 'specstablecontent' 'specstablecontent_ln398' <Predicate = true> <Delay = 0.00>
ST_4 : Operation 250 [1/1] (0.00ns)   --->   "%specstablecontent_ln398 = specstablecontent void @_ssdm_op_SpecStableContent, i32 %exp_buf_0_18, i1 1, void @p_str" [softmax_accel_hls.cc:398]   --->   Operation 250 'specstablecontent' 'specstablecontent_ln398' <Predicate = true> <Delay = 0.00>
ST_4 : Operation 251 [1/1] (0.00ns)   --->   "%specstablecontent_ln398 = specstablecontent void @_ssdm_op_SpecStableContent, i32 %exp_buf_0_17, i1 1, void @p_str" [softmax_accel_hls.cc:398]   --->   Operation 251 'specstablecontent' 'specstablecontent_ln398' <Predicate = true> <Delay = 0.00>
ST_4 : Operation 252 [1/1] (0.00ns)   --->   "%specstablecontent_ln398 = specstablecontent void @_ssdm_op_SpecStableContent, i32 %exp_buf_0_16, i1 1, void @p_str" [softmax_accel_hls.cc:398]   --->   Operation 252 'specstablecontent' 'specstablecontent_ln398' <Predicate = true> <Delay = 0.00>
ST_4 : Operation 253 [1/1] (0.00ns)   --->   "%specstablecontent_ln398 = specstablecontent void @_ssdm_op_SpecStableContent, i32 %exp_buf_0_15, i1 1, void @p_str" [softmax_accel_hls.cc:398]   --->   Operation 253 'specstablecontent' 'specstablecontent_ln398' <Predicate = true> <Delay = 0.00>
ST_4 : Operation 254 [1/1] (0.00ns)   --->   "%specstablecontent_ln398 = specstablecontent void @_ssdm_op_SpecStableContent, i32 %exp_buf_0_14, i1 1, void @p_str" [softmax_accel_hls.cc:398]   --->   Operation 254 'specstablecontent' 'specstablecontent_ln398' <Predicate = true> <Delay = 0.00>
ST_4 : Operation 255 [1/1] (0.00ns)   --->   "%specstablecontent_ln398 = specstablecontent void @_ssdm_op_SpecStableContent, i32 %exp_buf_0_13, i1 1, void @p_str" [softmax_accel_hls.cc:398]   --->   Operation 255 'specstablecontent' 'specstablecontent_ln398' <Predicate = true> <Delay = 0.00>
ST_4 : Operation 256 [1/1] (0.00ns)   --->   "%specstablecontent_ln398 = specstablecontent void @_ssdm_op_SpecStableContent, i32 %exp_buf_0_12, i1 1, void @p_str" [softmax_accel_hls.cc:398]   --->   Operation 256 'specstablecontent' 'specstablecontent_ln398' <Predicate = true> <Delay = 0.00>
ST_4 : Operation 257 [1/1] (0.00ns)   --->   "%specstablecontent_ln398 = specstablecontent void @_ssdm_op_SpecStableContent, i32 %exp_buf_0_11, i1 1, void @p_str" [softmax_accel_hls.cc:398]   --->   Operation 257 'specstablecontent' 'specstablecontent_ln398' <Predicate = true> <Delay = 0.00>
ST_4 : Operation 258 [1/1] (0.00ns)   --->   "%specstablecontent_ln398 = specstablecontent void @_ssdm_op_SpecStableContent, i32 %exp_buf_0_10, i1 1, void @p_str" [softmax_accel_hls.cc:398]   --->   Operation 258 'specstablecontent' 'specstablecontent_ln398' <Predicate = true> <Delay = 0.00>
ST_4 : Operation 259 [1/1] (0.00ns)   --->   "%specstablecontent_ln398 = specstablecontent void @_ssdm_op_SpecStableContent, i32 %exp_buf_0_9, i1 1, void @p_str" [softmax_accel_hls.cc:398]   --->   Operation 259 'specstablecontent' 'specstablecontent_ln398' <Predicate = true> <Delay = 0.00>
ST_4 : Operation 260 [1/1] (0.00ns)   --->   "%specstablecontent_ln398 = specstablecontent void @_ssdm_op_SpecStableContent, i32 %exp_buf_0_8, i1 1, void @p_str" [softmax_accel_hls.cc:398]   --->   Operation 260 'specstablecontent' 'specstablecontent_ln398' <Predicate = true> <Delay = 0.00>
ST_4 : Operation 261 [1/1] (0.00ns)   --->   "%specstablecontent_ln398 = specstablecontent void @_ssdm_op_SpecStableContent, i32 %exp_buf_0_7, i1 1, void @p_str" [softmax_accel_hls.cc:398]   --->   Operation 261 'specstablecontent' 'specstablecontent_ln398' <Predicate = true> <Delay = 0.00>
ST_4 : Operation 262 [1/1] (0.00ns)   --->   "%specstablecontent_ln398 = specstablecontent void @_ssdm_op_SpecStableContent, i32 %exp_buf_0_6, i1 1, void @p_str" [softmax_accel_hls.cc:398]   --->   Operation 262 'specstablecontent' 'specstablecontent_ln398' <Predicate = true> <Delay = 0.00>
ST_4 : Operation 263 [1/1] (0.00ns)   --->   "%specstablecontent_ln398 = specstablecontent void @_ssdm_op_SpecStableContent, i32 %exp_buf_0_5, i1 1, void @p_str" [softmax_accel_hls.cc:398]   --->   Operation 263 'specstablecontent' 'specstablecontent_ln398' <Predicate = true> <Delay = 0.00>
ST_4 : Operation 264 [1/1] (0.00ns)   --->   "%specstablecontent_ln398 = specstablecontent void @_ssdm_op_SpecStableContent, i32 %exp_buf_0_4, i1 1, void @p_str" [softmax_accel_hls.cc:398]   --->   Operation 264 'specstablecontent' 'specstablecontent_ln398' <Predicate = true> <Delay = 0.00>
ST_4 : Operation 265 [1/1] (0.00ns)   --->   "%specstablecontent_ln398 = specstablecontent void @_ssdm_op_SpecStableContent, i32 %exp_buf_0_3, i1 1, void @p_str" [softmax_accel_hls.cc:398]   --->   Operation 265 'specstablecontent' 'specstablecontent_ln398' <Predicate = true> <Delay = 0.00>
ST_4 : Operation 266 [1/1] (0.00ns)   --->   "%specstablecontent_ln398 = specstablecontent void @_ssdm_op_SpecStableContent, i32 %exp_buf_0_2, i1 1, void @p_str" [softmax_accel_hls.cc:398]   --->   Operation 266 'specstablecontent' 'specstablecontent_ln398' <Predicate = true> <Delay = 0.00>
ST_4 : Operation 267 [1/1] (0.00ns)   --->   "%specstablecontent_ln398 = specstablecontent void @_ssdm_op_SpecStableContent, i32 %exp_buf_0_1, i1 1, void @p_str" [softmax_accel_hls.cc:398]   --->   Operation 267 'specstablecontent' 'specstablecontent_ln398' <Predicate = true> <Delay = 0.00>
ST_4 : Operation 268 [1/1] (0.00ns)   --->   "%specstablecontent_ln398 = specstablecontent void @_ssdm_op_SpecStableContent, i32 %exp_buf_0_0, i1 1, void @p_str" [softmax_accel_hls.cc:398]   --->   Operation 268 'specstablecontent' 'specstablecontent_ln398' <Predicate = true> <Delay = 0.00>
ST_4 : Operation 269 [1/1] (0.00ns)   --->   "%specstablecontent_ln398 = specstablecontent void @_ssdm_op_SpecStableContent, i9 %n, i1 1, void @p_str" [softmax_accel_hls.cc:398]   --->   Operation 269 'specstablecontent' 'specstablecontent_ln398' <Predicate = true> <Delay = 0.00>
ST_4 : Operation 270 [1/1] (0.00ns)   --->   "%specstablecontent_ln398 = specstablecontent void @_ssdm_op_SpecStableContent, i14 %pr_l, i1 1, void @p_str" [softmax_accel_hls.cc:398]   --->   Operation 270 'specstablecontent' 'specstablecontent_ln398' <Predicate = true> <Delay = 0.00>
ST_4 : Operation 271 [1/1] (0.00ns)   --->   "%specdataflowpipeline_ln398 = specdataflowpipeline void @_ssdm_op_SpecDataflowPipeline, i32 4294967295, i32 0, void @empty_2" [softmax_accel_hls.cc:398]   --->   Operation 271 'specdataflowpipeline' 'specdataflowpipeline_ln398' <Predicate = true> <Delay = 0.00>
ST_4 : Operation 272 [1/1] (0.00ns)   --->   "%specmemcore_ln0 = specmemcore void @_ssdm_op_SpecMemCore, i32 %exp_buf_0_0, i64 666, i64 22, i64 18446744073709551615"   --->   Operation 272 'specmemcore' 'specmemcore_ln0' <Predicate = true> <Delay = 0.00>
ST_4 : Operation 273 [1/1] (0.00ns)   --->   "%specmemcore_ln0 = specmemcore void @_ssdm_op_SpecMemCore, i32 %exp_buf_0_1, i64 666, i64 22, i64 18446744073709551615"   --->   Operation 273 'specmemcore' 'specmemcore_ln0' <Predicate = true> <Delay = 0.00>
ST_4 : Operation 274 [1/1] (0.00ns)   --->   "%specmemcore_ln0 = specmemcore void @_ssdm_op_SpecMemCore, i32 %exp_buf_0_2, i64 666, i64 22, i64 18446744073709551615"   --->   Operation 274 'specmemcore' 'specmemcore_ln0' <Predicate = true> <Delay = 0.00>
ST_4 : Operation 275 [1/1] (0.00ns)   --->   "%specmemcore_ln0 = specmemcore void @_ssdm_op_SpecMemCore, i32 %exp_buf_0_3, i64 666, i64 22, i64 18446744073709551615"   --->   Operation 275 'specmemcore' 'specmemcore_ln0' <Predicate = true> <Delay = 0.00>
ST_4 : Operation 276 [1/1] (0.00ns)   --->   "%specmemcore_ln0 = specmemcore void @_ssdm_op_SpecMemCore, i32 %exp_buf_0_4, i64 666, i64 22, i64 18446744073709551615"   --->   Operation 276 'specmemcore' 'specmemcore_ln0' <Predicate = true> <Delay = 0.00>
ST_4 : Operation 277 [1/1] (0.00ns)   --->   "%specmemcore_ln0 = specmemcore void @_ssdm_op_SpecMemCore, i32 %exp_buf_0_5, i64 666, i64 22, i64 18446744073709551615"   --->   Operation 277 'specmemcore' 'specmemcore_ln0' <Predicate = true> <Delay = 0.00>
ST_4 : Operation 278 [1/1] (0.00ns)   --->   "%specmemcore_ln0 = specmemcore void @_ssdm_op_SpecMemCore, i32 %exp_buf_0_6, i64 666, i64 22, i64 18446744073709551615"   --->   Operation 278 'specmemcore' 'specmemcore_ln0' <Predicate = true> <Delay = 0.00>
ST_4 : Operation 279 [1/1] (0.00ns)   --->   "%specmemcore_ln0 = specmemcore void @_ssdm_op_SpecMemCore, i32 %exp_buf_0_7, i64 666, i64 22, i64 18446744073709551615"   --->   Operation 279 'specmemcore' 'specmemcore_ln0' <Predicate = true> <Delay = 0.00>
ST_4 : Operation 280 [1/1] (0.00ns)   --->   "%specmemcore_ln0 = specmemcore void @_ssdm_op_SpecMemCore, i32 %exp_buf_0_8, i64 666, i64 22, i64 18446744073709551615"   --->   Operation 280 'specmemcore' 'specmemcore_ln0' <Predicate = true> <Delay = 0.00>
ST_4 : Operation 281 [1/1] (0.00ns)   --->   "%specmemcore_ln0 = specmemcore void @_ssdm_op_SpecMemCore, i32 %exp_buf_0_9, i64 666, i64 22, i64 18446744073709551615"   --->   Operation 281 'specmemcore' 'specmemcore_ln0' <Predicate = true> <Delay = 0.00>
ST_4 : Operation 282 [1/1] (0.00ns)   --->   "%specmemcore_ln0 = specmemcore void @_ssdm_op_SpecMemCore, i32 %exp_buf_0_10, i64 666, i64 22, i64 18446744073709551615"   --->   Operation 282 'specmemcore' 'specmemcore_ln0' <Predicate = true> <Delay = 0.00>
ST_4 : Operation 283 [1/1] (0.00ns)   --->   "%specmemcore_ln0 = specmemcore void @_ssdm_op_SpecMemCore, i32 %exp_buf_0_11, i64 666, i64 22, i64 18446744073709551615"   --->   Operation 283 'specmemcore' 'specmemcore_ln0' <Predicate = true> <Delay = 0.00>
ST_4 : Operation 284 [1/1] (0.00ns)   --->   "%specmemcore_ln0 = specmemcore void @_ssdm_op_SpecMemCore, i32 %exp_buf_0_12, i64 666, i64 22, i64 18446744073709551615"   --->   Operation 284 'specmemcore' 'specmemcore_ln0' <Predicate = true> <Delay = 0.00>
ST_4 : Operation 285 [1/1] (0.00ns)   --->   "%specmemcore_ln0 = specmemcore void @_ssdm_op_SpecMemCore, i32 %exp_buf_0_13, i64 666, i64 22, i64 18446744073709551615"   --->   Operation 285 'specmemcore' 'specmemcore_ln0' <Predicate = true> <Delay = 0.00>
ST_4 : Operation 286 [1/1] (0.00ns)   --->   "%specmemcore_ln0 = specmemcore void @_ssdm_op_SpecMemCore, i32 %exp_buf_0_14, i64 666, i64 22, i64 18446744073709551615"   --->   Operation 286 'specmemcore' 'specmemcore_ln0' <Predicate = true> <Delay = 0.00>
ST_4 : Operation 287 [1/1] (0.00ns)   --->   "%specmemcore_ln0 = specmemcore void @_ssdm_op_SpecMemCore, i32 %exp_buf_0_15, i64 666, i64 22, i64 18446744073709551615"   --->   Operation 287 'specmemcore' 'specmemcore_ln0' <Predicate = true> <Delay = 0.00>
ST_4 : Operation 288 [1/1] (0.00ns)   --->   "%specmemcore_ln0 = specmemcore void @_ssdm_op_SpecMemCore, i32 %exp_buf_0_16, i64 666, i64 22, i64 18446744073709551615"   --->   Operation 288 'specmemcore' 'specmemcore_ln0' <Predicate = true> <Delay = 0.00>
ST_4 : Operation 289 [1/1] (0.00ns)   --->   "%specmemcore_ln0 = specmemcore void @_ssdm_op_SpecMemCore, i32 %exp_buf_0_17, i64 666, i64 22, i64 18446744073709551615"   --->   Operation 289 'specmemcore' 'specmemcore_ln0' <Predicate = true> <Delay = 0.00>
ST_4 : Operation 290 [1/1] (0.00ns)   --->   "%specmemcore_ln0 = specmemcore void @_ssdm_op_SpecMemCore, i32 %exp_buf_0_18, i64 666, i64 22, i64 18446744073709551615"   --->   Operation 290 'specmemcore' 'specmemcore_ln0' <Predicate = true> <Delay = 0.00>
ST_4 : Operation 291 [1/1] (0.00ns)   --->   "%specmemcore_ln0 = specmemcore void @_ssdm_op_SpecMemCore, i32 %exp_buf_0_19, i64 666, i64 22, i64 18446744073709551615"   --->   Operation 291 'specmemcore' 'specmemcore_ln0' <Predicate = true> <Delay = 0.00>
ST_4 : Operation 292 [1/1] (0.00ns)   --->   "%specmemcore_ln0 = specmemcore void @_ssdm_op_SpecMemCore, i32 %exp_buf_0_20, i64 666, i64 22, i64 18446744073709551615"   --->   Operation 292 'specmemcore' 'specmemcore_ln0' <Predicate = true> <Delay = 0.00>
ST_4 : Operation 293 [1/1] (0.00ns)   --->   "%specmemcore_ln0 = specmemcore void @_ssdm_op_SpecMemCore, i32 %exp_buf_0_21, i64 666, i64 22, i64 18446744073709551615"   --->   Operation 293 'specmemcore' 'specmemcore_ln0' <Predicate = true> <Delay = 0.00>
ST_4 : Operation 294 [1/1] (0.00ns)   --->   "%specmemcore_ln0 = specmemcore void @_ssdm_op_SpecMemCore, i32 %exp_buf_0_22, i64 666, i64 22, i64 18446744073709551615"   --->   Operation 294 'specmemcore' 'specmemcore_ln0' <Predicate = true> <Delay = 0.00>
ST_4 : Operation 295 [1/1] (0.00ns)   --->   "%specmemcore_ln0 = specmemcore void @_ssdm_op_SpecMemCore, i32 %exp_buf_0_23, i64 666, i64 22, i64 18446744073709551615"   --->   Operation 295 'specmemcore' 'specmemcore_ln0' <Predicate = true> <Delay = 0.00>
ST_4 : Operation 296 [1/1] (0.00ns)   --->   "%specmemcore_ln0 = specmemcore void @_ssdm_op_SpecMemCore, i32 %exp_buf_0_24, i64 666, i64 22, i64 18446744073709551615"   --->   Operation 296 'specmemcore' 'specmemcore_ln0' <Predicate = true> <Delay = 0.00>
ST_4 : Operation 297 [1/1] (0.00ns)   --->   "%specmemcore_ln0 = specmemcore void @_ssdm_op_SpecMemCore, i32 %exp_buf_0_25, i64 666, i64 22, i64 18446744073709551615"   --->   Operation 297 'specmemcore' 'specmemcore_ln0' <Predicate = true> <Delay = 0.00>
ST_4 : Operation 298 [1/1] (0.00ns)   --->   "%specmemcore_ln0 = specmemcore void @_ssdm_op_SpecMemCore, i32 %exp_buf_0_26, i64 666, i64 22, i64 18446744073709551615"   --->   Operation 298 'specmemcore' 'specmemcore_ln0' <Predicate = true> <Delay = 0.00>
ST_4 : Operation 299 [1/1] (0.00ns)   --->   "%specmemcore_ln0 = specmemcore void @_ssdm_op_SpecMemCore, i32 %exp_buf_0_27, i64 666, i64 22, i64 18446744073709551615"   --->   Operation 299 'specmemcore' 'specmemcore_ln0' <Predicate = true> <Delay = 0.00>
ST_4 : Operation 300 [1/1] (0.00ns)   --->   "%specmemcore_ln0 = specmemcore void @_ssdm_op_SpecMemCore, i32 %exp_buf_0_28, i64 666, i64 22, i64 18446744073709551615"   --->   Operation 300 'specmemcore' 'specmemcore_ln0' <Predicate = true> <Delay = 0.00>
ST_4 : Operation 301 [1/1] (0.00ns)   --->   "%specmemcore_ln0 = specmemcore void @_ssdm_op_SpecMemCore, i32 %exp_buf_0_29, i64 666, i64 22, i64 18446744073709551615"   --->   Operation 301 'specmemcore' 'specmemcore_ln0' <Predicate = true> <Delay = 0.00>
ST_4 : Operation 302 [1/1] (0.00ns)   --->   "%specmemcore_ln0 = specmemcore void @_ssdm_op_SpecMemCore, i32 %exp_buf_0_30, i64 666, i64 22, i64 18446744073709551615"   --->   Operation 302 'specmemcore' 'specmemcore_ln0' <Predicate = true> <Delay = 0.00>
ST_4 : Operation 303 [1/1] (0.00ns)   --->   "%specmemcore_ln0 = specmemcore void @_ssdm_op_SpecMemCore, i32 %exp_buf_0_31, i64 666, i64 22, i64 18446744073709551615"   --->   Operation 303 'specmemcore' 'specmemcore_ln0' <Predicate = true> <Delay = 0.00>
ST_4 : Operation 304 [1/1] (0.00ns)   --->   "%specmemcore_ln0 = specmemcore void @_ssdm_op_SpecMemCore, i32 %exp_buf_0_32, i64 666, i64 22, i64 18446744073709551615"   --->   Operation 304 'specmemcore' 'specmemcore_ln0' <Predicate = true> <Delay = 0.00>
ST_4 : Operation 305 [1/1] (0.00ns)   --->   "%specmemcore_ln0 = specmemcore void @_ssdm_op_SpecMemCore, i32 %exp_buf_0_33, i64 666, i64 22, i64 18446744073709551615"   --->   Operation 305 'specmemcore' 'specmemcore_ln0' <Predicate = true> <Delay = 0.00>
ST_4 : Operation 306 [1/1] (0.00ns)   --->   "%specmemcore_ln0 = specmemcore void @_ssdm_op_SpecMemCore, i32 %exp_buf_0_34, i64 666, i64 22, i64 18446744073709551615"   --->   Operation 306 'specmemcore' 'specmemcore_ln0' <Predicate = true> <Delay = 0.00>
ST_4 : Operation 307 [1/1] (0.00ns)   --->   "%specmemcore_ln0 = specmemcore void @_ssdm_op_SpecMemCore, i32 %exp_buf_0_35, i64 666, i64 22, i64 18446744073709551615"   --->   Operation 307 'specmemcore' 'specmemcore_ln0' <Predicate = true> <Delay = 0.00>
ST_4 : Operation 308 [1/1] (0.00ns)   --->   "%specmemcore_ln0 = specmemcore void @_ssdm_op_SpecMemCore, i32 %exp_buf_0_36, i64 666, i64 22, i64 18446744073709551615"   --->   Operation 308 'specmemcore' 'specmemcore_ln0' <Predicate = true> <Delay = 0.00>
ST_4 : Operation 309 [1/1] (0.00ns)   --->   "%specmemcore_ln0 = specmemcore void @_ssdm_op_SpecMemCore, i32 %exp_buf_0_37, i64 666, i64 22, i64 18446744073709551615"   --->   Operation 309 'specmemcore' 'specmemcore_ln0' <Predicate = true> <Delay = 0.00>
ST_4 : Operation 310 [1/1] (0.00ns)   --->   "%specmemcore_ln0 = specmemcore void @_ssdm_op_SpecMemCore, i32 %exp_buf_0_38, i64 666, i64 22, i64 18446744073709551615"   --->   Operation 310 'specmemcore' 'specmemcore_ln0' <Predicate = true> <Delay = 0.00>
ST_4 : Operation 311 [1/1] (0.00ns)   --->   "%specmemcore_ln0 = specmemcore void @_ssdm_op_SpecMemCore, i32 %exp_buf_0_39, i64 666, i64 22, i64 18446744073709551615"   --->   Operation 311 'specmemcore' 'specmemcore_ln0' <Predicate = true> <Delay = 0.00>
ST_4 : Operation 312 [1/1] (0.00ns)   --->   "%specmemcore_ln0 = specmemcore void @_ssdm_op_SpecMemCore, i32 %exp_buf_0_40, i64 666, i64 22, i64 18446744073709551615"   --->   Operation 312 'specmemcore' 'specmemcore_ln0' <Predicate = true> <Delay = 0.00>
ST_4 : Operation 313 [1/1] (0.00ns)   --->   "%specmemcore_ln0 = specmemcore void @_ssdm_op_SpecMemCore, i32 %exp_buf_0_41, i64 666, i64 22, i64 18446744073709551615"   --->   Operation 313 'specmemcore' 'specmemcore_ln0' <Predicate = true> <Delay = 0.00>
ST_4 : Operation 314 [1/1] (0.00ns)   --->   "%specmemcore_ln0 = specmemcore void @_ssdm_op_SpecMemCore, i32 %exp_buf_0_42, i64 666, i64 22, i64 18446744073709551615"   --->   Operation 314 'specmemcore' 'specmemcore_ln0' <Predicate = true> <Delay = 0.00>
ST_4 : Operation 315 [1/1] (0.00ns)   --->   "%specmemcore_ln0 = specmemcore void @_ssdm_op_SpecMemCore, i32 %exp_buf_0_43, i64 666, i64 22, i64 18446744073709551615"   --->   Operation 315 'specmemcore' 'specmemcore_ln0' <Predicate = true> <Delay = 0.00>
ST_4 : Operation 316 [1/1] (0.00ns)   --->   "%specmemcore_ln0 = specmemcore void @_ssdm_op_SpecMemCore, i32 %exp_buf_0_44, i64 666, i64 22, i64 18446744073709551615"   --->   Operation 316 'specmemcore' 'specmemcore_ln0' <Predicate = true> <Delay = 0.00>
ST_4 : Operation 317 [1/1] (0.00ns)   --->   "%specmemcore_ln0 = specmemcore void @_ssdm_op_SpecMemCore, i32 %exp_buf_0_45, i64 666, i64 22, i64 18446744073709551615"   --->   Operation 317 'specmemcore' 'specmemcore_ln0' <Predicate = true> <Delay = 0.00>
ST_4 : Operation 318 [1/1] (0.00ns)   --->   "%specmemcore_ln0 = specmemcore void @_ssdm_op_SpecMemCore, i32 %exp_buf_0_46, i64 666, i64 22, i64 18446744073709551615"   --->   Operation 318 'specmemcore' 'specmemcore_ln0' <Predicate = true> <Delay = 0.00>
ST_4 : Operation 319 [1/1] (0.00ns)   --->   "%specmemcore_ln0 = specmemcore void @_ssdm_op_SpecMemCore, i32 %exp_buf_0_47, i64 666, i64 22, i64 18446744073709551615"   --->   Operation 319 'specmemcore' 'specmemcore_ln0' <Predicate = true> <Delay = 0.00>
ST_4 : Operation 320 [1/1] (0.00ns)   --->   "%specmemcore_ln0 = specmemcore void @_ssdm_op_SpecMemCore, i32 %exp_buf_0_48, i64 666, i64 22, i64 18446744073709551615"   --->   Operation 320 'specmemcore' 'specmemcore_ln0' <Predicate = true> <Delay = 0.00>
ST_4 : Operation 321 [1/1] (0.00ns)   --->   "%specmemcore_ln0 = specmemcore void @_ssdm_op_SpecMemCore, i32 %exp_buf_0_49, i64 666, i64 22, i64 18446744073709551615"   --->   Operation 321 'specmemcore' 'specmemcore_ln0' <Predicate = true> <Delay = 0.00>
ST_4 : Operation 322 [1/1] (0.00ns)   --->   "%specmemcore_ln0 = specmemcore void @_ssdm_op_SpecMemCore, i32 %exp_buf_0_50, i64 666, i64 22, i64 18446744073709551615"   --->   Operation 322 'specmemcore' 'specmemcore_ln0' <Predicate = true> <Delay = 0.00>
ST_4 : Operation 323 [1/1] (0.00ns)   --->   "%specmemcore_ln0 = specmemcore void @_ssdm_op_SpecMemCore, i32 %exp_buf_0_51, i64 666, i64 22, i64 18446744073709551615"   --->   Operation 323 'specmemcore' 'specmemcore_ln0' <Predicate = true> <Delay = 0.00>
ST_4 : Operation 324 [1/1] (0.00ns)   --->   "%specmemcore_ln0 = specmemcore void @_ssdm_op_SpecMemCore, i32 %exp_buf_0_52, i64 666, i64 22, i64 18446744073709551615"   --->   Operation 324 'specmemcore' 'specmemcore_ln0' <Predicate = true> <Delay = 0.00>
ST_4 : Operation 325 [1/1] (0.00ns)   --->   "%specmemcore_ln0 = specmemcore void @_ssdm_op_SpecMemCore, i32 %exp_buf_0_53, i64 666, i64 22, i64 18446744073709551615"   --->   Operation 325 'specmemcore' 'specmemcore_ln0' <Predicate = true> <Delay = 0.00>
ST_4 : Operation 326 [1/1] (0.00ns)   --->   "%specmemcore_ln0 = specmemcore void @_ssdm_op_SpecMemCore, i32 %exp_buf_0_54, i64 666, i64 22, i64 18446744073709551615"   --->   Operation 326 'specmemcore' 'specmemcore_ln0' <Predicate = true> <Delay = 0.00>
ST_4 : Operation 327 [1/1] (0.00ns)   --->   "%specmemcore_ln0 = specmemcore void @_ssdm_op_SpecMemCore, i32 %exp_buf_0_55, i64 666, i64 22, i64 18446744073709551615"   --->   Operation 327 'specmemcore' 'specmemcore_ln0' <Predicate = true> <Delay = 0.00>
ST_4 : Operation 328 [1/1] (0.00ns)   --->   "%specmemcore_ln0 = specmemcore void @_ssdm_op_SpecMemCore, i32 %exp_buf_0_56, i64 666, i64 22, i64 18446744073709551615"   --->   Operation 328 'specmemcore' 'specmemcore_ln0' <Predicate = true> <Delay = 0.00>
ST_4 : Operation 329 [1/1] (0.00ns)   --->   "%specmemcore_ln0 = specmemcore void @_ssdm_op_SpecMemCore, i32 %exp_buf_0_57, i64 666, i64 22, i64 18446744073709551615"   --->   Operation 329 'specmemcore' 'specmemcore_ln0' <Predicate = true> <Delay = 0.00>
ST_4 : Operation 330 [1/1] (0.00ns)   --->   "%specmemcore_ln0 = specmemcore void @_ssdm_op_SpecMemCore, i32 %exp_buf_0_58, i64 666, i64 22, i64 18446744073709551615"   --->   Operation 330 'specmemcore' 'specmemcore_ln0' <Predicate = true> <Delay = 0.00>
ST_4 : Operation 331 [1/1] (0.00ns)   --->   "%specmemcore_ln0 = specmemcore void @_ssdm_op_SpecMemCore, i32 %exp_buf_0_59, i64 666, i64 22, i64 18446744073709551615"   --->   Operation 331 'specmemcore' 'specmemcore_ln0' <Predicate = true> <Delay = 0.00>
ST_4 : Operation 332 [1/1] (0.00ns)   --->   "%specmemcore_ln0 = specmemcore void @_ssdm_op_SpecMemCore, i32 %exp_buf_0_60, i64 666, i64 22, i64 18446744073709551615"   --->   Operation 332 'specmemcore' 'specmemcore_ln0' <Predicate = true> <Delay = 0.00>
ST_4 : Operation 333 [1/1] (0.00ns)   --->   "%specmemcore_ln0 = specmemcore void @_ssdm_op_SpecMemCore, i32 %exp_buf_0_61, i64 666, i64 22, i64 18446744073709551615"   --->   Operation 333 'specmemcore' 'specmemcore_ln0' <Predicate = true> <Delay = 0.00>
ST_4 : Operation 334 [1/1] (0.00ns)   --->   "%specmemcore_ln0 = specmemcore void @_ssdm_op_SpecMemCore, i32 %exp_buf_0_62, i64 666, i64 22, i64 18446744073709551615"   --->   Operation 334 'specmemcore' 'specmemcore_ln0' <Predicate = true> <Delay = 0.00>
ST_4 : Operation 335 [1/1] (0.00ns)   --->   "%specmemcore_ln0 = specmemcore void @_ssdm_op_SpecMemCore, i32 %exp_buf_0_63, i64 666, i64 22, i64 18446744073709551615"   --->   Operation 335 'specmemcore' 'specmemcore_ln0' <Predicate = true> <Delay = 0.00>
ST_4 : Operation 336 [1/1] (0.00ns)   --->   "%specmemcore_ln0 = specmemcore void @_ssdm_op_SpecMemCore, i32 %exp_buf_1_0, i64 666, i64 22, i64 18446744073709551615"   --->   Operation 336 'specmemcore' 'specmemcore_ln0' <Predicate = true> <Delay = 0.00>
ST_4 : Operation 337 [1/1] (0.00ns)   --->   "%specmemcore_ln0 = specmemcore void @_ssdm_op_SpecMemCore, i32 %exp_buf_1_1, i64 666, i64 22, i64 18446744073709551615"   --->   Operation 337 'specmemcore' 'specmemcore_ln0' <Predicate = true> <Delay = 0.00>
ST_4 : Operation 338 [1/1] (0.00ns)   --->   "%specmemcore_ln0 = specmemcore void @_ssdm_op_SpecMemCore, i32 %exp_buf_1_2, i64 666, i64 22, i64 18446744073709551615"   --->   Operation 338 'specmemcore' 'specmemcore_ln0' <Predicate = true> <Delay = 0.00>
ST_4 : Operation 339 [1/1] (0.00ns)   --->   "%specmemcore_ln0 = specmemcore void @_ssdm_op_SpecMemCore, i32 %exp_buf_1_3, i64 666, i64 22, i64 18446744073709551615"   --->   Operation 339 'specmemcore' 'specmemcore_ln0' <Predicate = true> <Delay = 0.00>
ST_4 : Operation 340 [1/1] (0.00ns)   --->   "%specmemcore_ln0 = specmemcore void @_ssdm_op_SpecMemCore, i32 %exp_buf_1_4, i64 666, i64 22, i64 18446744073709551615"   --->   Operation 340 'specmemcore' 'specmemcore_ln0' <Predicate = true> <Delay = 0.00>
ST_4 : Operation 341 [1/1] (0.00ns)   --->   "%specmemcore_ln0 = specmemcore void @_ssdm_op_SpecMemCore, i32 %exp_buf_1_5, i64 666, i64 22, i64 18446744073709551615"   --->   Operation 341 'specmemcore' 'specmemcore_ln0' <Predicate = true> <Delay = 0.00>
ST_4 : Operation 342 [1/1] (0.00ns)   --->   "%specmemcore_ln0 = specmemcore void @_ssdm_op_SpecMemCore, i32 %exp_buf_1_6, i64 666, i64 22, i64 18446744073709551615"   --->   Operation 342 'specmemcore' 'specmemcore_ln0' <Predicate = true> <Delay = 0.00>
ST_4 : Operation 343 [1/1] (0.00ns)   --->   "%specmemcore_ln0 = specmemcore void @_ssdm_op_SpecMemCore, i32 %exp_buf_1_7, i64 666, i64 22, i64 18446744073709551615"   --->   Operation 343 'specmemcore' 'specmemcore_ln0' <Predicate = true> <Delay = 0.00>
ST_4 : Operation 344 [1/1] (0.00ns)   --->   "%specmemcore_ln0 = specmemcore void @_ssdm_op_SpecMemCore, i32 %exp_buf_1_8, i64 666, i64 22, i64 18446744073709551615"   --->   Operation 344 'specmemcore' 'specmemcore_ln0' <Predicate = true> <Delay = 0.00>
ST_4 : Operation 345 [1/1] (0.00ns)   --->   "%specmemcore_ln0 = specmemcore void @_ssdm_op_SpecMemCore, i32 %exp_buf_1_9, i64 666, i64 22, i64 18446744073709551615"   --->   Operation 345 'specmemcore' 'specmemcore_ln0' <Predicate = true> <Delay = 0.00>
ST_4 : Operation 346 [1/1] (0.00ns)   --->   "%specmemcore_ln0 = specmemcore void @_ssdm_op_SpecMemCore, i32 %exp_buf_1_10, i64 666, i64 22, i64 18446744073709551615"   --->   Operation 346 'specmemcore' 'specmemcore_ln0' <Predicate = true> <Delay = 0.00>
ST_4 : Operation 347 [1/1] (0.00ns)   --->   "%specmemcore_ln0 = specmemcore void @_ssdm_op_SpecMemCore, i32 %exp_buf_1_11, i64 666, i64 22, i64 18446744073709551615"   --->   Operation 347 'specmemcore' 'specmemcore_ln0' <Predicate = true> <Delay = 0.00>
ST_4 : Operation 348 [1/1] (0.00ns)   --->   "%specmemcore_ln0 = specmemcore void @_ssdm_op_SpecMemCore, i32 %exp_buf_1_12, i64 666, i64 22, i64 18446744073709551615"   --->   Operation 348 'specmemcore' 'specmemcore_ln0' <Predicate = true> <Delay = 0.00>
ST_4 : Operation 349 [1/1] (0.00ns)   --->   "%specmemcore_ln0 = specmemcore void @_ssdm_op_SpecMemCore, i32 %exp_buf_1_13, i64 666, i64 22, i64 18446744073709551615"   --->   Operation 349 'specmemcore' 'specmemcore_ln0' <Predicate = true> <Delay = 0.00>
ST_4 : Operation 350 [1/1] (0.00ns)   --->   "%specmemcore_ln0 = specmemcore void @_ssdm_op_SpecMemCore, i32 %exp_buf_1_14, i64 666, i64 22, i64 18446744073709551615"   --->   Operation 350 'specmemcore' 'specmemcore_ln0' <Predicate = true> <Delay = 0.00>
ST_4 : Operation 351 [1/1] (0.00ns)   --->   "%specmemcore_ln0 = specmemcore void @_ssdm_op_SpecMemCore, i32 %exp_buf_1_15, i64 666, i64 22, i64 18446744073709551615"   --->   Operation 351 'specmemcore' 'specmemcore_ln0' <Predicate = true> <Delay = 0.00>
ST_4 : Operation 352 [1/1] (0.00ns)   --->   "%specmemcore_ln0 = specmemcore void @_ssdm_op_SpecMemCore, i32 %exp_buf_1_16, i64 666, i64 22, i64 18446744073709551615"   --->   Operation 352 'specmemcore' 'specmemcore_ln0' <Predicate = true> <Delay = 0.00>
ST_4 : Operation 353 [1/1] (0.00ns)   --->   "%specmemcore_ln0 = specmemcore void @_ssdm_op_SpecMemCore, i32 %exp_buf_1_17, i64 666, i64 22, i64 18446744073709551615"   --->   Operation 353 'specmemcore' 'specmemcore_ln0' <Predicate = true> <Delay = 0.00>
ST_4 : Operation 354 [1/1] (0.00ns)   --->   "%specmemcore_ln0 = specmemcore void @_ssdm_op_SpecMemCore, i32 %exp_buf_1_18, i64 666, i64 22, i64 18446744073709551615"   --->   Operation 354 'specmemcore' 'specmemcore_ln0' <Predicate = true> <Delay = 0.00>
ST_4 : Operation 355 [1/1] (0.00ns)   --->   "%specmemcore_ln0 = specmemcore void @_ssdm_op_SpecMemCore, i32 %exp_buf_1_19, i64 666, i64 22, i64 18446744073709551615"   --->   Operation 355 'specmemcore' 'specmemcore_ln0' <Predicate = true> <Delay = 0.00>
ST_4 : Operation 356 [1/1] (0.00ns)   --->   "%specmemcore_ln0 = specmemcore void @_ssdm_op_SpecMemCore, i32 %exp_buf_1_20, i64 666, i64 22, i64 18446744073709551615"   --->   Operation 356 'specmemcore' 'specmemcore_ln0' <Predicate = true> <Delay = 0.00>
ST_4 : Operation 357 [1/1] (0.00ns)   --->   "%specmemcore_ln0 = specmemcore void @_ssdm_op_SpecMemCore, i32 %exp_buf_1_21, i64 666, i64 22, i64 18446744073709551615"   --->   Operation 357 'specmemcore' 'specmemcore_ln0' <Predicate = true> <Delay = 0.00>
ST_4 : Operation 358 [1/1] (0.00ns)   --->   "%specmemcore_ln0 = specmemcore void @_ssdm_op_SpecMemCore, i32 %exp_buf_1_22, i64 666, i64 22, i64 18446744073709551615"   --->   Operation 358 'specmemcore' 'specmemcore_ln0' <Predicate = true> <Delay = 0.00>
ST_4 : Operation 359 [1/1] (0.00ns)   --->   "%specmemcore_ln0 = specmemcore void @_ssdm_op_SpecMemCore, i32 %exp_buf_1_23, i64 666, i64 22, i64 18446744073709551615"   --->   Operation 359 'specmemcore' 'specmemcore_ln0' <Predicate = true> <Delay = 0.00>
ST_4 : Operation 360 [1/1] (0.00ns)   --->   "%specmemcore_ln0 = specmemcore void @_ssdm_op_SpecMemCore, i32 %exp_buf_1_24, i64 666, i64 22, i64 18446744073709551615"   --->   Operation 360 'specmemcore' 'specmemcore_ln0' <Predicate = true> <Delay = 0.00>
ST_4 : Operation 361 [1/1] (0.00ns)   --->   "%specmemcore_ln0 = specmemcore void @_ssdm_op_SpecMemCore, i32 %exp_buf_1_25, i64 666, i64 22, i64 18446744073709551615"   --->   Operation 361 'specmemcore' 'specmemcore_ln0' <Predicate = true> <Delay = 0.00>
ST_4 : Operation 362 [1/1] (0.00ns)   --->   "%specmemcore_ln0 = specmemcore void @_ssdm_op_SpecMemCore, i32 %exp_buf_1_26, i64 666, i64 22, i64 18446744073709551615"   --->   Operation 362 'specmemcore' 'specmemcore_ln0' <Predicate = true> <Delay = 0.00>
ST_4 : Operation 363 [1/1] (0.00ns)   --->   "%specmemcore_ln0 = specmemcore void @_ssdm_op_SpecMemCore, i32 %exp_buf_1_27, i64 666, i64 22, i64 18446744073709551615"   --->   Operation 363 'specmemcore' 'specmemcore_ln0' <Predicate = true> <Delay = 0.00>
ST_4 : Operation 364 [1/1] (0.00ns)   --->   "%specmemcore_ln0 = specmemcore void @_ssdm_op_SpecMemCore, i32 %exp_buf_1_28, i64 666, i64 22, i64 18446744073709551615"   --->   Operation 364 'specmemcore' 'specmemcore_ln0' <Predicate = true> <Delay = 0.00>
ST_4 : Operation 365 [1/1] (0.00ns)   --->   "%specmemcore_ln0 = specmemcore void @_ssdm_op_SpecMemCore, i32 %exp_buf_1_29, i64 666, i64 22, i64 18446744073709551615"   --->   Operation 365 'specmemcore' 'specmemcore_ln0' <Predicate = true> <Delay = 0.00>
ST_4 : Operation 366 [1/1] (0.00ns)   --->   "%specmemcore_ln0 = specmemcore void @_ssdm_op_SpecMemCore, i32 %exp_buf_1_30, i64 666, i64 22, i64 18446744073709551615"   --->   Operation 366 'specmemcore' 'specmemcore_ln0' <Predicate = true> <Delay = 0.00>
ST_4 : Operation 367 [1/1] (0.00ns)   --->   "%specmemcore_ln0 = specmemcore void @_ssdm_op_SpecMemCore, i32 %exp_buf_1_31, i64 666, i64 22, i64 18446744073709551615"   --->   Operation 367 'specmemcore' 'specmemcore_ln0' <Predicate = true> <Delay = 0.00>
ST_4 : Operation 368 [1/1] (0.00ns)   --->   "%specmemcore_ln0 = specmemcore void @_ssdm_op_SpecMemCore, i32 %exp_buf_1_32, i64 666, i64 22, i64 18446744073709551615"   --->   Operation 368 'specmemcore' 'specmemcore_ln0' <Predicate = true> <Delay = 0.00>
ST_4 : Operation 369 [1/1] (0.00ns)   --->   "%specmemcore_ln0 = specmemcore void @_ssdm_op_SpecMemCore, i32 %exp_buf_1_33, i64 666, i64 22, i64 18446744073709551615"   --->   Operation 369 'specmemcore' 'specmemcore_ln0' <Predicate = true> <Delay = 0.00>
ST_4 : Operation 370 [1/1] (0.00ns)   --->   "%specmemcore_ln0 = specmemcore void @_ssdm_op_SpecMemCore, i32 %exp_buf_1_34, i64 666, i64 22, i64 18446744073709551615"   --->   Operation 370 'specmemcore' 'specmemcore_ln0' <Predicate = true> <Delay = 0.00>
ST_4 : Operation 371 [1/1] (0.00ns)   --->   "%specmemcore_ln0 = specmemcore void @_ssdm_op_SpecMemCore, i32 %exp_buf_1_35, i64 666, i64 22, i64 18446744073709551615"   --->   Operation 371 'specmemcore' 'specmemcore_ln0' <Predicate = true> <Delay = 0.00>
ST_4 : Operation 372 [1/1] (0.00ns)   --->   "%specmemcore_ln0 = specmemcore void @_ssdm_op_SpecMemCore, i32 %exp_buf_1_36, i64 666, i64 22, i64 18446744073709551615"   --->   Operation 372 'specmemcore' 'specmemcore_ln0' <Predicate = true> <Delay = 0.00>
ST_4 : Operation 373 [1/1] (0.00ns)   --->   "%specmemcore_ln0 = specmemcore void @_ssdm_op_SpecMemCore, i32 %exp_buf_1_37, i64 666, i64 22, i64 18446744073709551615"   --->   Operation 373 'specmemcore' 'specmemcore_ln0' <Predicate = true> <Delay = 0.00>
ST_4 : Operation 374 [1/1] (0.00ns)   --->   "%specmemcore_ln0 = specmemcore void @_ssdm_op_SpecMemCore, i32 %exp_buf_1_38, i64 666, i64 22, i64 18446744073709551615"   --->   Operation 374 'specmemcore' 'specmemcore_ln0' <Predicate = true> <Delay = 0.00>
ST_4 : Operation 375 [1/1] (0.00ns)   --->   "%specmemcore_ln0 = specmemcore void @_ssdm_op_SpecMemCore, i32 %exp_buf_1_39, i64 666, i64 22, i64 18446744073709551615"   --->   Operation 375 'specmemcore' 'specmemcore_ln0' <Predicate = true> <Delay = 0.00>
ST_4 : Operation 376 [1/1] (0.00ns)   --->   "%specmemcore_ln0 = specmemcore void @_ssdm_op_SpecMemCore, i32 %exp_buf_1_40, i64 666, i64 22, i64 18446744073709551615"   --->   Operation 376 'specmemcore' 'specmemcore_ln0' <Predicate = true> <Delay = 0.00>
ST_4 : Operation 377 [1/1] (0.00ns)   --->   "%specmemcore_ln0 = specmemcore void @_ssdm_op_SpecMemCore, i32 %exp_buf_1_41, i64 666, i64 22, i64 18446744073709551615"   --->   Operation 377 'specmemcore' 'specmemcore_ln0' <Predicate = true> <Delay = 0.00>
ST_4 : Operation 378 [1/1] (0.00ns)   --->   "%specmemcore_ln0 = specmemcore void @_ssdm_op_SpecMemCore, i32 %exp_buf_1_42, i64 666, i64 22, i64 18446744073709551615"   --->   Operation 378 'specmemcore' 'specmemcore_ln0' <Predicate = true> <Delay = 0.00>
ST_4 : Operation 379 [1/1] (0.00ns)   --->   "%specmemcore_ln0 = specmemcore void @_ssdm_op_SpecMemCore, i32 %exp_buf_1_43, i64 666, i64 22, i64 18446744073709551615"   --->   Operation 379 'specmemcore' 'specmemcore_ln0' <Predicate = true> <Delay = 0.00>
ST_4 : Operation 380 [1/1] (0.00ns)   --->   "%specmemcore_ln0 = specmemcore void @_ssdm_op_SpecMemCore, i32 %exp_buf_1_44, i64 666, i64 22, i64 18446744073709551615"   --->   Operation 380 'specmemcore' 'specmemcore_ln0' <Predicate = true> <Delay = 0.00>
ST_4 : Operation 381 [1/1] (0.00ns)   --->   "%specmemcore_ln0 = specmemcore void @_ssdm_op_SpecMemCore, i32 %exp_buf_1_45, i64 666, i64 22, i64 18446744073709551615"   --->   Operation 381 'specmemcore' 'specmemcore_ln0' <Predicate = true> <Delay = 0.00>
ST_4 : Operation 382 [1/1] (0.00ns)   --->   "%specmemcore_ln0 = specmemcore void @_ssdm_op_SpecMemCore, i32 %exp_buf_1_46, i64 666, i64 22, i64 18446744073709551615"   --->   Operation 382 'specmemcore' 'specmemcore_ln0' <Predicate = true> <Delay = 0.00>
ST_4 : Operation 383 [1/1] (0.00ns)   --->   "%specmemcore_ln0 = specmemcore void @_ssdm_op_SpecMemCore, i32 %exp_buf_1_47, i64 666, i64 22, i64 18446744073709551615"   --->   Operation 383 'specmemcore' 'specmemcore_ln0' <Predicate = true> <Delay = 0.00>
ST_4 : Operation 384 [1/1] (0.00ns)   --->   "%specmemcore_ln0 = specmemcore void @_ssdm_op_SpecMemCore, i32 %exp_buf_1_48, i64 666, i64 22, i64 18446744073709551615"   --->   Operation 384 'specmemcore' 'specmemcore_ln0' <Predicate = true> <Delay = 0.00>
ST_4 : Operation 385 [1/1] (0.00ns)   --->   "%specmemcore_ln0 = specmemcore void @_ssdm_op_SpecMemCore, i32 %exp_buf_1_49, i64 666, i64 22, i64 18446744073709551615"   --->   Operation 385 'specmemcore' 'specmemcore_ln0' <Predicate = true> <Delay = 0.00>
ST_4 : Operation 386 [1/1] (0.00ns)   --->   "%specmemcore_ln0 = specmemcore void @_ssdm_op_SpecMemCore, i32 %exp_buf_1_50, i64 666, i64 22, i64 18446744073709551615"   --->   Operation 386 'specmemcore' 'specmemcore_ln0' <Predicate = true> <Delay = 0.00>
ST_4 : Operation 387 [1/1] (0.00ns)   --->   "%specmemcore_ln0 = specmemcore void @_ssdm_op_SpecMemCore, i32 %exp_buf_1_51, i64 666, i64 22, i64 18446744073709551615"   --->   Operation 387 'specmemcore' 'specmemcore_ln0' <Predicate = true> <Delay = 0.00>
ST_4 : Operation 388 [1/1] (0.00ns)   --->   "%specmemcore_ln0 = specmemcore void @_ssdm_op_SpecMemCore, i32 %exp_buf_1_52, i64 666, i64 22, i64 18446744073709551615"   --->   Operation 388 'specmemcore' 'specmemcore_ln0' <Predicate = true> <Delay = 0.00>
ST_4 : Operation 389 [1/1] (0.00ns)   --->   "%specmemcore_ln0 = specmemcore void @_ssdm_op_SpecMemCore, i32 %exp_buf_1_53, i64 666, i64 22, i64 18446744073709551615"   --->   Operation 389 'specmemcore' 'specmemcore_ln0' <Predicate = true> <Delay = 0.00>
ST_4 : Operation 390 [1/1] (0.00ns)   --->   "%specmemcore_ln0 = specmemcore void @_ssdm_op_SpecMemCore, i32 %exp_buf_1_54, i64 666, i64 22, i64 18446744073709551615"   --->   Operation 390 'specmemcore' 'specmemcore_ln0' <Predicate = true> <Delay = 0.00>
ST_4 : Operation 391 [1/1] (0.00ns)   --->   "%specmemcore_ln0 = specmemcore void @_ssdm_op_SpecMemCore, i32 %exp_buf_1_55, i64 666, i64 22, i64 18446744073709551615"   --->   Operation 391 'specmemcore' 'specmemcore_ln0' <Predicate = true> <Delay = 0.00>
ST_4 : Operation 392 [1/1] (0.00ns)   --->   "%specmemcore_ln0 = specmemcore void @_ssdm_op_SpecMemCore, i32 %exp_buf_1_56, i64 666, i64 22, i64 18446744073709551615"   --->   Operation 392 'specmemcore' 'specmemcore_ln0' <Predicate = true> <Delay = 0.00>
ST_4 : Operation 393 [1/1] (0.00ns)   --->   "%specmemcore_ln0 = specmemcore void @_ssdm_op_SpecMemCore, i32 %exp_buf_1_57, i64 666, i64 22, i64 18446744073709551615"   --->   Operation 393 'specmemcore' 'specmemcore_ln0' <Predicate = true> <Delay = 0.00>
ST_4 : Operation 394 [1/1] (0.00ns)   --->   "%specmemcore_ln0 = specmemcore void @_ssdm_op_SpecMemCore, i32 %exp_buf_1_58, i64 666, i64 22, i64 18446744073709551615"   --->   Operation 394 'specmemcore' 'specmemcore_ln0' <Predicate = true> <Delay = 0.00>
ST_4 : Operation 395 [1/1] (0.00ns)   --->   "%specmemcore_ln0 = specmemcore void @_ssdm_op_SpecMemCore, i32 %exp_buf_1_59, i64 666, i64 22, i64 18446744073709551615"   --->   Operation 395 'specmemcore' 'specmemcore_ln0' <Predicate = true> <Delay = 0.00>
ST_4 : Operation 396 [1/1] (0.00ns)   --->   "%specmemcore_ln0 = specmemcore void @_ssdm_op_SpecMemCore, i32 %exp_buf_1_60, i64 666, i64 22, i64 18446744073709551615"   --->   Operation 396 'specmemcore' 'specmemcore_ln0' <Predicate = true> <Delay = 0.00>
ST_4 : Operation 397 [1/1] (0.00ns)   --->   "%specmemcore_ln0 = specmemcore void @_ssdm_op_SpecMemCore, i32 %exp_buf_1_61, i64 666, i64 22, i64 18446744073709551615"   --->   Operation 397 'specmemcore' 'specmemcore_ln0' <Predicate = true> <Delay = 0.00>
ST_4 : Operation 398 [1/1] (0.00ns)   --->   "%specmemcore_ln0 = specmemcore void @_ssdm_op_SpecMemCore, i32 %exp_buf_1_62, i64 666, i64 22, i64 18446744073709551615"   --->   Operation 398 'specmemcore' 'specmemcore_ln0' <Predicate = true> <Delay = 0.00>
ST_4 : Operation 399 [1/1] (0.00ns)   --->   "%specmemcore_ln0 = specmemcore void @_ssdm_op_SpecMemCore, i32 %exp_buf_1_63, i64 666, i64 22, i64 18446744073709551615"   --->   Operation 399 'specmemcore' 'specmemcore_ln0' <Predicate = true> <Delay = 0.00>
ST_4 : Operation 400 [1/1] (0.00ns)   --->   "%specmemcore_ln0 = specmemcore void @_ssdm_op_SpecMemCore, i32 %exp_buf_2_0, i64 666, i64 22, i64 18446744073709551615"   --->   Operation 400 'specmemcore' 'specmemcore_ln0' <Predicate = true> <Delay = 0.00>
ST_4 : Operation 401 [1/1] (0.00ns)   --->   "%specmemcore_ln0 = specmemcore void @_ssdm_op_SpecMemCore, i32 %exp_buf_2_1, i64 666, i64 22, i64 18446744073709551615"   --->   Operation 401 'specmemcore' 'specmemcore_ln0' <Predicate = true> <Delay = 0.00>
ST_4 : Operation 402 [1/1] (0.00ns)   --->   "%specmemcore_ln0 = specmemcore void @_ssdm_op_SpecMemCore, i32 %exp_buf_2_2, i64 666, i64 22, i64 18446744073709551615"   --->   Operation 402 'specmemcore' 'specmemcore_ln0' <Predicate = true> <Delay = 0.00>
ST_4 : Operation 403 [1/1] (0.00ns)   --->   "%specmemcore_ln0 = specmemcore void @_ssdm_op_SpecMemCore, i32 %exp_buf_2_3, i64 666, i64 22, i64 18446744073709551615"   --->   Operation 403 'specmemcore' 'specmemcore_ln0' <Predicate = true> <Delay = 0.00>
ST_4 : Operation 404 [1/1] (0.00ns)   --->   "%specmemcore_ln0 = specmemcore void @_ssdm_op_SpecMemCore, i32 %exp_buf_2_4, i64 666, i64 22, i64 18446744073709551615"   --->   Operation 404 'specmemcore' 'specmemcore_ln0' <Predicate = true> <Delay = 0.00>
ST_4 : Operation 405 [1/1] (0.00ns)   --->   "%specmemcore_ln0 = specmemcore void @_ssdm_op_SpecMemCore, i32 %exp_buf_2_5, i64 666, i64 22, i64 18446744073709551615"   --->   Operation 405 'specmemcore' 'specmemcore_ln0' <Predicate = true> <Delay = 0.00>
ST_4 : Operation 406 [1/1] (0.00ns)   --->   "%specmemcore_ln0 = specmemcore void @_ssdm_op_SpecMemCore, i32 %exp_buf_2_6, i64 666, i64 22, i64 18446744073709551615"   --->   Operation 406 'specmemcore' 'specmemcore_ln0' <Predicate = true> <Delay = 0.00>
ST_4 : Operation 407 [1/1] (0.00ns)   --->   "%specmemcore_ln0 = specmemcore void @_ssdm_op_SpecMemCore, i32 %exp_buf_2_7, i64 666, i64 22, i64 18446744073709551615"   --->   Operation 407 'specmemcore' 'specmemcore_ln0' <Predicate = true> <Delay = 0.00>
ST_4 : Operation 408 [1/1] (0.00ns)   --->   "%specmemcore_ln0 = specmemcore void @_ssdm_op_SpecMemCore, i32 %exp_buf_2_8, i64 666, i64 22, i64 18446744073709551615"   --->   Operation 408 'specmemcore' 'specmemcore_ln0' <Predicate = true> <Delay = 0.00>
ST_4 : Operation 409 [1/1] (0.00ns)   --->   "%specmemcore_ln0 = specmemcore void @_ssdm_op_SpecMemCore, i32 %exp_buf_2_9, i64 666, i64 22, i64 18446744073709551615"   --->   Operation 409 'specmemcore' 'specmemcore_ln0' <Predicate = true> <Delay = 0.00>
ST_4 : Operation 410 [1/1] (0.00ns)   --->   "%specmemcore_ln0 = specmemcore void @_ssdm_op_SpecMemCore, i32 %exp_buf_2_10, i64 666, i64 22, i64 18446744073709551615"   --->   Operation 410 'specmemcore' 'specmemcore_ln0' <Predicate = true> <Delay = 0.00>
ST_4 : Operation 411 [1/1] (0.00ns)   --->   "%specmemcore_ln0 = specmemcore void @_ssdm_op_SpecMemCore, i32 %exp_buf_2_11, i64 666, i64 22, i64 18446744073709551615"   --->   Operation 411 'specmemcore' 'specmemcore_ln0' <Predicate = true> <Delay = 0.00>
ST_4 : Operation 412 [1/1] (0.00ns)   --->   "%specmemcore_ln0 = specmemcore void @_ssdm_op_SpecMemCore, i32 %exp_buf_2_12, i64 666, i64 22, i64 18446744073709551615"   --->   Operation 412 'specmemcore' 'specmemcore_ln0' <Predicate = true> <Delay = 0.00>
ST_4 : Operation 413 [1/1] (0.00ns)   --->   "%specmemcore_ln0 = specmemcore void @_ssdm_op_SpecMemCore, i32 %exp_buf_2_13, i64 666, i64 22, i64 18446744073709551615"   --->   Operation 413 'specmemcore' 'specmemcore_ln0' <Predicate = true> <Delay = 0.00>
ST_4 : Operation 414 [1/1] (0.00ns)   --->   "%specmemcore_ln0 = specmemcore void @_ssdm_op_SpecMemCore, i32 %exp_buf_2_14, i64 666, i64 22, i64 18446744073709551615"   --->   Operation 414 'specmemcore' 'specmemcore_ln0' <Predicate = true> <Delay = 0.00>
ST_4 : Operation 415 [1/1] (0.00ns)   --->   "%specmemcore_ln0 = specmemcore void @_ssdm_op_SpecMemCore, i32 %exp_buf_2_15, i64 666, i64 22, i64 18446744073709551615"   --->   Operation 415 'specmemcore' 'specmemcore_ln0' <Predicate = true> <Delay = 0.00>
ST_4 : Operation 416 [1/1] (0.00ns)   --->   "%specmemcore_ln0 = specmemcore void @_ssdm_op_SpecMemCore, i32 %exp_buf_2_16, i64 666, i64 22, i64 18446744073709551615"   --->   Operation 416 'specmemcore' 'specmemcore_ln0' <Predicate = true> <Delay = 0.00>
ST_4 : Operation 417 [1/1] (0.00ns)   --->   "%specmemcore_ln0 = specmemcore void @_ssdm_op_SpecMemCore, i32 %exp_buf_2_17, i64 666, i64 22, i64 18446744073709551615"   --->   Operation 417 'specmemcore' 'specmemcore_ln0' <Predicate = true> <Delay = 0.00>
ST_4 : Operation 418 [1/1] (0.00ns)   --->   "%specmemcore_ln0 = specmemcore void @_ssdm_op_SpecMemCore, i32 %exp_buf_2_18, i64 666, i64 22, i64 18446744073709551615"   --->   Operation 418 'specmemcore' 'specmemcore_ln0' <Predicate = true> <Delay = 0.00>
ST_4 : Operation 419 [1/1] (0.00ns)   --->   "%specmemcore_ln0 = specmemcore void @_ssdm_op_SpecMemCore, i32 %exp_buf_2_19, i64 666, i64 22, i64 18446744073709551615"   --->   Operation 419 'specmemcore' 'specmemcore_ln0' <Predicate = true> <Delay = 0.00>
ST_4 : Operation 420 [1/1] (0.00ns)   --->   "%specmemcore_ln0 = specmemcore void @_ssdm_op_SpecMemCore, i32 %exp_buf_2_20, i64 666, i64 22, i64 18446744073709551615"   --->   Operation 420 'specmemcore' 'specmemcore_ln0' <Predicate = true> <Delay = 0.00>
ST_4 : Operation 421 [1/1] (0.00ns)   --->   "%specmemcore_ln0 = specmemcore void @_ssdm_op_SpecMemCore, i32 %exp_buf_2_21, i64 666, i64 22, i64 18446744073709551615"   --->   Operation 421 'specmemcore' 'specmemcore_ln0' <Predicate = true> <Delay = 0.00>
ST_4 : Operation 422 [1/1] (0.00ns)   --->   "%specmemcore_ln0 = specmemcore void @_ssdm_op_SpecMemCore, i32 %exp_buf_2_22, i64 666, i64 22, i64 18446744073709551615"   --->   Operation 422 'specmemcore' 'specmemcore_ln0' <Predicate = true> <Delay = 0.00>
ST_4 : Operation 423 [1/1] (0.00ns)   --->   "%specmemcore_ln0 = specmemcore void @_ssdm_op_SpecMemCore, i32 %exp_buf_2_23, i64 666, i64 22, i64 18446744073709551615"   --->   Operation 423 'specmemcore' 'specmemcore_ln0' <Predicate = true> <Delay = 0.00>
ST_4 : Operation 424 [1/1] (0.00ns)   --->   "%specmemcore_ln0 = specmemcore void @_ssdm_op_SpecMemCore, i32 %exp_buf_2_24, i64 666, i64 22, i64 18446744073709551615"   --->   Operation 424 'specmemcore' 'specmemcore_ln0' <Predicate = true> <Delay = 0.00>
ST_4 : Operation 425 [1/1] (0.00ns)   --->   "%specmemcore_ln0 = specmemcore void @_ssdm_op_SpecMemCore, i32 %exp_buf_2_25, i64 666, i64 22, i64 18446744073709551615"   --->   Operation 425 'specmemcore' 'specmemcore_ln0' <Predicate = true> <Delay = 0.00>
ST_4 : Operation 426 [1/1] (0.00ns)   --->   "%specmemcore_ln0 = specmemcore void @_ssdm_op_SpecMemCore, i32 %exp_buf_2_26, i64 666, i64 22, i64 18446744073709551615"   --->   Operation 426 'specmemcore' 'specmemcore_ln0' <Predicate = true> <Delay = 0.00>
ST_4 : Operation 427 [1/1] (0.00ns)   --->   "%specmemcore_ln0 = specmemcore void @_ssdm_op_SpecMemCore, i32 %exp_buf_2_27, i64 666, i64 22, i64 18446744073709551615"   --->   Operation 427 'specmemcore' 'specmemcore_ln0' <Predicate = true> <Delay = 0.00>
ST_4 : Operation 428 [1/1] (0.00ns)   --->   "%specmemcore_ln0 = specmemcore void @_ssdm_op_SpecMemCore, i32 %exp_buf_2_28, i64 666, i64 22, i64 18446744073709551615"   --->   Operation 428 'specmemcore' 'specmemcore_ln0' <Predicate = true> <Delay = 0.00>
ST_4 : Operation 429 [1/1] (0.00ns)   --->   "%specmemcore_ln0 = specmemcore void @_ssdm_op_SpecMemCore, i32 %exp_buf_2_29, i64 666, i64 22, i64 18446744073709551615"   --->   Operation 429 'specmemcore' 'specmemcore_ln0' <Predicate = true> <Delay = 0.00>
ST_4 : Operation 430 [1/1] (0.00ns)   --->   "%specmemcore_ln0 = specmemcore void @_ssdm_op_SpecMemCore, i32 %exp_buf_2_30, i64 666, i64 22, i64 18446744073709551615"   --->   Operation 430 'specmemcore' 'specmemcore_ln0' <Predicate = true> <Delay = 0.00>
ST_4 : Operation 431 [1/1] (0.00ns)   --->   "%specmemcore_ln0 = specmemcore void @_ssdm_op_SpecMemCore, i32 %exp_buf_2_31, i64 666, i64 22, i64 18446744073709551615"   --->   Operation 431 'specmemcore' 'specmemcore_ln0' <Predicate = true> <Delay = 0.00>
ST_4 : Operation 432 [1/1] (0.00ns)   --->   "%specmemcore_ln0 = specmemcore void @_ssdm_op_SpecMemCore, i32 %exp_buf_2_32, i64 666, i64 22, i64 18446744073709551615"   --->   Operation 432 'specmemcore' 'specmemcore_ln0' <Predicate = true> <Delay = 0.00>
ST_4 : Operation 433 [1/1] (0.00ns)   --->   "%specmemcore_ln0 = specmemcore void @_ssdm_op_SpecMemCore, i32 %exp_buf_2_33, i64 666, i64 22, i64 18446744073709551615"   --->   Operation 433 'specmemcore' 'specmemcore_ln0' <Predicate = true> <Delay = 0.00>
ST_4 : Operation 434 [1/1] (0.00ns)   --->   "%specmemcore_ln0 = specmemcore void @_ssdm_op_SpecMemCore, i32 %exp_buf_2_34, i64 666, i64 22, i64 18446744073709551615"   --->   Operation 434 'specmemcore' 'specmemcore_ln0' <Predicate = true> <Delay = 0.00>
ST_4 : Operation 435 [1/1] (0.00ns)   --->   "%specmemcore_ln0 = specmemcore void @_ssdm_op_SpecMemCore, i32 %exp_buf_2_35, i64 666, i64 22, i64 18446744073709551615"   --->   Operation 435 'specmemcore' 'specmemcore_ln0' <Predicate = true> <Delay = 0.00>
ST_4 : Operation 436 [1/1] (0.00ns)   --->   "%specmemcore_ln0 = specmemcore void @_ssdm_op_SpecMemCore, i32 %exp_buf_2_36, i64 666, i64 22, i64 18446744073709551615"   --->   Operation 436 'specmemcore' 'specmemcore_ln0' <Predicate = true> <Delay = 0.00>
ST_4 : Operation 437 [1/1] (0.00ns)   --->   "%specmemcore_ln0 = specmemcore void @_ssdm_op_SpecMemCore, i32 %exp_buf_2_37, i64 666, i64 22, i64 18446744073709551615"   --->   Operation 437 'specmemcore' 'specmemcore_ln0' <Predicate = true> <Delay = 0.00>
ST_4 : Operation 438 [1/1] (0.00ns)   --->   "%specmemcore_ln0 = specmemcore void @_ssdm_op_SpecMemCore, i32 %exp_buf_2_38, i64 666, i64 22, i64 18446744073709551615"   --->   Operation 438 'specmemcore' 'specmemcore_ln0' <Predicate = true> <Delay = 0.00>
ST_4 : Operation 439 [1/1] (0.00ns)   --->   "%specmemcore_ln0 = specmemcore void @_ssdm_op_SpecMemCore, i32 %exp_buf_2_39, i64 666, i64 22, i64 18446744073709551615"   --->   Operation 439 'specmemcore' 'specmemcore_ln0' <Predicate = true> <Delay = 0.00>
ST_4 : Operation 440 [1/1] (0.00ns)   --->   "%specmemcore_ln0 = specmemcore void @_ssdm_op_SpecMemCore, i32 %exp_buf_2_40, i64 666, i64 22, i64 18446744073709551615"   --->   Operation 440 'specmemcore' 'specmemcore_ln0' <Predicate = true> <Delay = 0.00>
ST_4 : Operation 441 [1/1] (0.00ns)   --->   "%specmemcore_ln0 = specmemcore void @_ssdm_op_SpecMemCore, i32 %exp_buf_2_41, i64 666, i64 22, i64 18446744073709551615"   --->   Operation 441 'specmemcore' 'specmemcore_ln0' <Predicate = true> <Delay = 0.00>
ST_4 : Operation 442 [1/1] (0.00ns)   --->   "%specmemcore_ln0 = specmemcore void @_ssdm_op_SpecMemCore, i32 %exp_buf_2_42, i64 666, i64 22, i64 18446744073709551615"   --->   Operation 442 'specmemcore' 'specmemcore_ln0' <Predicate = true> <Delay = 0.00>
ST_4 : Operation 443 [1/1] (0.00ns)   --->   "%specmemcore_ln0 = specmemcore void @_ssdm_op_SpecMemCore, i32 %exp_buf_2_43, i64 666, i64 22, i64 18446744073709551615"   --->   Operation 443 'specmemcore' 'specmemcore_ln0' <Predicate = true> <Delay = 0.00>
ST_4 : Operation 444 [1/1] (0.00ns)   --->   "%specmemcore_ln0 = specmemcore void @_ssdm_op_SpecMemCore, i32 %exp_buf_2_44, i64 666, i64 22, i64 18446744073709551615"   --->   Operation 444 'specmemcore' 'specmemcore_ln0' <Predicate = true> <Delay = 0.00>
ST_4 : Operation 445 [1/1] (0.00ns)   --->   "%specmemcore_ln0 = specmemcore void @_ssdm_op_SpecMemCore, i32 %exp_buf_2_45, i64 666, i64 22, i64 18446744073709551615"   --->   Operation 445 'specmemcore' 'specmemcore_ln0' <Predicate = true> <Delay = 0.00>
ST_4 : Operation 446 [1/1] (0.00ns)   --->   "%specmemcore_ln0 = specmemcore void @_ssdm_op_SpecMemCore, i32 %exp_buf_2_46, i64 666, i64 22, i64 18446744073709551615"   --->   Operation 446 'specmemcore' 'specmemcore_ln0' <Predicate = true> <Delay = 0.00>
ST_4 : Operation 447 [1/1] (0.00ns)   --->   "%specmemcore_ln0 = specmemcore void @_ssdm_op_SpecMemCore, i32 %exp_buf_2_47, i64 666, i64 22, i64 18446744073709551615"   --->   Operation 447 'specmemcore' 'specmemcore_ln0' <Predicate = true> <Delay = 0.00>
ST_4 : Operation 448 [1/1] (0.00ns)   --->   "%specmemcore_ln0 = specmemcore void @_ssdm_op_SpecMemCore, i32 %exp_buf_2_48, i64 666, i64 22, i64 18446744073709551615"   --->   Operation 448 'specmemcore' 'specmemcore_ln0' <Predicate = true> <Delay = 0.00>
ST_4 : Operation 449 [1/1] (0.00ns)   --->   "%specmemcore_ln0 = specmemcore void @_ssdm_op_SpecMemCore, i32 %exp_buf_2_49, i64 666, i64 22, i64 18446744073709551615"   --->   Operation 449 'specmemcore' 'specmemcore_ln0' <Predicate = true> <Delay = 0.00>
ST_4 : Operation 450 [1/1] (0.00ns)   --->   "%specmemcore_ln0 = specmemcore void @_ssdm_op_SpecMemCore, i32 %exp_buf_2_50, i64 666, i64 22, i64 18446744073709551615"   --->   Operation 450 'specmemcore' 'specmemcore_ln0' <Predicate = true> <Delay = 0.00>
ST_4 : Operation 451 [1/1] (0.00ns)   --->   "%specmemcore_ln0 = specmemcore void @_ssdm_op_SpecMemCore, i32 %exp_buf_2_51, i64 666, i64 22, i64 18446744073709551615"   --->   Operation 451 'specmemcore' 'specmemcore_ln0' <Predicate = true> <Delay = 0.00>
ST_4 : Operation 452 [1/1] (0.00ns)   --->   "%specmemcore_ln0 = specmemcore void @_ssdm_op_SpecMemCore, i32 %exp_buf_2_52, i64 666, i64 22, i64 18446744073709551615"   --->   Operation 452 'specmemcore' 'specmemcore_ln0' <Predicate = true> <Delay = 0.00>
ST_4 : Operation 453 [1/1] (0.00ns)   --->   "%specmemcore_ln0 = specmemcore void @_ssdm_op_SpecMemCore, i32 %exp_buf_2_53, i64 666, i64 22, i64 18446744073709551615"   --->   Operation 453 'specmemcore' 'specmemcore_ln0' <Predicate = true> <Delay = 0.00>
ST_4 : Operation 454 [1/1] (0.00ns)   --->   "%specmemcore_ln0 = specmemcore void @_ssdm_op_SpecMemCore, i32 %exp_buf_2_54, i64 666, i64 22, i64 18446744073709551615"   --->   Operation 454 'specmemcore' 'specmemcore_ln0' <Predicate = true> <Delay = 0.00>
ST_4 : Operation 455 [1/1] (0.00ns)   --->   "%specmemcore_ln0 = specmemcore void @_ssdm_op_SpecMemCore, i32 %exp_buf_2_55, i64 666, i64 22, i64 18446744073709551615"   --->   Operation 455 'specmemcore' 'specmemcore_ln0' <Predicate = true> <Delay = 0.00>
ST_4 : Operation 456 [1/1] (0.00ns)   --->   "%specmemcore_ln0 = specmemcore void @_ssdm_op_SpecMemCore, i32 %exp_buf_2_56, i64 666, i64 22, i64 18446744073709551615"   --->   Operation 456 'specmemcore' 'specmemcore_ln0' <Predicate = true> <Delay = 0.00>
ST_4 : Operation 457 [1/1] (0.00ns)   --->   "%specmemcore_ln0 = specmemcore void @_ssdm_op_SpecMemCore, i32 %exp_buf_2_57, i64 666, i64 22, i64 18446744073709551615"   --->   Operation 457 'specmemcore' 'specmemcore_ln0' <Predicate = true> <Delay = 0.00>
ST_4 : Operation 458 [1/1] (0.00ns)   --->   "%specmemcore_ln0 = specmemcore void @_ssdm_op_SpecMemCore, i32 %exp_buf_2_58, i64 666, i64 22, i64 18446744073709551615"   --->   Operation 458 'specmemcore' 'specmemcore_ln0' <Predicate = true> <Delay = 0.00>
ST_4 : Operation 459 [1/1] (0.00ns)   --->   "%specmemcore_ln0 = specmemcore void @_ssdm_op_SpecMemCore, i32 %exp_buf_2_59, i64 666, i64 22, i64 18446744073709551615"   --->   Operation 459 'specmemcore' 'specmemcore_ln0' <Predicate = true> <Delay = 0.00>
ST_4 : Operation 460 [1/1] (0.00ns)   --->   "%specmemcore_ln0 = specmemcore void @_ssdm_op_SpecMemCore, i32 %exp_buf_2_60, i64 666, i64 22, i64 18446744073709551615"   --->   Operation 460 'specmemcore' 'specmemcore_ln0' <Predicate = true> <Delay = 0.00>
ST_4 : Operation 461 [1/1] (0.00ns)   --->   "%specmemcore_ln0 = specmemcore void @_ssdm_op_SpecMemCore, i32 %exp_buf_2_61, i64 666, i64 22, i64 18446744073709551615"   --->   Operation 461 'specmemcore' 'specmemcore_ln0' <Predicate = true> <Delay = 0.00>
ST_4 : Operation 462 [1/1] (0.00ns)   --->   "%specmemcore_ln0 = specmemcore void @_ssdm_op_SpecMemCore, i32 %exp_buf_2_62, i64 666, i64 22, i64 18446744073709551615"   --->   Operation 462 'specmemcore' 'specmemcore_ln0' <Predicate = true> <Delay = 0.00>
ST_4 : Operation 463 [1/1] (0.00ns)   --->   "%specmemcore_ln0 = specmemcore void @_ssdm_op_SpecMemCore, i32 %exp_buf_2_63, i64 666, i64 22, i64 18446744073709551615"   --->   Operation 463 'specmemcore' 'specmemcore_ln0' <Predicate = true> <Delay = 0.00>
ST_4 : Operation 464 [1/1] (0.00ns)   --->   "%specmemcore_ln0 = specmemcore void @_ssdm_op_SpecMemCore, i32 %exp_buf_3_0, i64 666, i64 22, i64 18446744073709551615"   --->   Operation 464 'specmemcore' 'specmemcore_ln0' <Predicate = true> <Delay = 0.00>
ST_4 : Operation 465 [1/1] (0.00ns)   --->   "%specmemcore_ln0 = specmemcore void @_ssdm_op_SpecMemCore, i32 %exp_buf_3_1, i64 666, i64 22, i64 18446744073709551615"   --->   Operation 465 'specmemcore' 'specmemcore_ln0' <Predicate = true> <Delay = 0.00>
ST_4 : Operation 466 [1/1] (0.00ns)   --->   "%specmemcore_ln0 = specmemcore void @_ssdm_op_SpecMemCore, i32 %exp_buf_3_2, i64 666, i64 22, i64 18446744073709551615"   --->   Operation 466 'specmemcore' 'specmemcore_ln0' <Predicate = true> <Delay = 0.00>
ST_4 : Operation 467 [1/1] (0.00ns)   --->   "%specmemcore_ln0 = specmemcore void @_ssdm_op_SpecMemCore, i32 %exp_buf_3_3, i64 666, i64 22, i64 18446744073709551615"   --->   Operation 467 'specmemcore' 'specmemcore_ln0' <Predicate = true> <Delay = 0.00>
ST_4 : Operation 468 [1/1] (0.00ns)   --->   "%specmemcore_ln0 = specmemcore void @_ssdm_op_SpecMemCore, i32 %exp_buf_3_4, i64 666, i64 22, i64 18446744073709551615"   --->   Operation 468 'specmemcore' 'specmemcore_ln0' <Predicate = true> <Delay = 0.00>
ST_4 : Operation 469 [1/1] (0.00ns)   --->   "%specmemcore_ln0 = specmemcore void @_ssdm_op_SpecMemCore, i32 %exp_buf_3_5, i64 666, i64 22, i64 18446744073709551615"   --->   Operation 469 'specmemcore' 'specmemcore_ln0' <Predicate = true> <Delay = 0.00>
ST_4 : Operation 470 [1/1] (0.00ns)   --->   "%specmemcore_ln0 = specmemcore void @_ssdm_op_SpecMemCore, i32 %exp_buf_3_6, i64 666, i64 22, i64 18446744073709551615"   --->   Operation 470 'specmemcore' 'specmemcore_ln0' <Predicate = true> <Delay = 0.00>
ST_4 : Operation 471 [1/1] (0.00ns)   --->   "%specmemcore_ln0 = specmemcore void @_ssdm_op_SpecMemCore, i32 %exp_buf_3_7, i64 666, i64 22, i64 18446744073709551615"   --->   Operation 471 'specmemcore' 'specmemcore_ln0' <Predicate = true> <Delay = 0.00>
ST_4 : Operation 472 [1/1] (0.00ns)   --->   "%specmemcore_ln0 = specmemcore void @_ssdm_op_SpecMemCore, i32 %exp_buf_3_8, i64 666, i64 22, i64 18446744073709551615"   --->   Operation 472 'specmemcore' 'specmemcore_ln0' <Predicate = true> <Delay = 0.00>
ST_4 : Operation 473 [1/1] (0.00ns)   --->   "%specmemcore_ln0 = specmemcore void @_ssdm_op_SpecMemCore, i32 %exp_buf_3_9, i64 666, i64 22, i64 18446744073709551615"   --->   Operation 473 'specmemcore' 'specmemcore_ln0' <Predicate = true> <Delay = 0.00>
ST_4 : Operation 474 [1/1] (0.00ns)   --->   "%specmemcore_ln0 = specmemcore void @_ssdm_op_SpecMemCore, i32 %exp_buf_3_10, i64 666, i64 22, i64 18446744073709551615"   --->   Operation 474 'specmemcore' 'specmemcore_ln0' <Predicate = true> <Delay = 0.00>
ST_4 : Operation 475 [1/1] (0.00ns)   --->   "%specmemcore_ln0 = specmemcore void @_ssdm_op_SpecMemCore, i32 %exp_buf_3_11, i64 666, i64 22, i64 18446744073709551615"   --->   Operation 475 'specmemcore' 'specmemcore_ln0' <Predicate = true> <Delay = 0.00>
ST_4 : Operation 476 [1/1] (0.00ns)   --->   "%specmemcore_ln0 = specmemcore void @_ssdm_op_SpecMemCore, i32 %exp_buf_3_12, i64 666, i64 22, i64 18446744073709551615"   --->   Operation 476 'specmemcore' 'specmemcore_ln0' <Predicate = true> <Delay = 0.00>
ST_4 : Operation 477 [1/1] (0.00ns)   --->   "%specmemcore_ln0 = specmemcore void @_ssdm_op_SpecMemCore, i32 %exp_buf_3_13, i64 666, i64 22, i64 18446744073709551615"   --->   Operation 477 'specmemcore' 'specmemcore_ln0' <Predicate = true> <Delay = 0.00>
ST_4 : Operation 478 [1/1] (0.00ns)   --->   "%specmemcore_ln0 = specmemcore void @_ssdm_op_SpecMemCore, i32 %exp_buf_3_14, i64 666, i64 22, i64 18446744073709551615"   --->   Operation 478 'specmemcore' 'specmemcore_ln0' <Predicate = true> <Delay = 0.00>
ST_4 : Operation 479 [1/1] (0.00ns)   --->   "%specmemcore_ln0 = specmemcore void @_ssdm_op_SpecMemCore, i32 %exp_buf_3_15, i64 666, i64 22, i64 18446744073709551615"   --->   Operation 479 'specmemcore' 'specmemcore_ln0' <Predicate = true> <Delay = 0.00>
ST_4 : Operation 480 [1/1] (0.00ns)   --->   "%specmemcore_ln0 = specmemcore void @_ssdm_op_SpecMemCore, i32 %exp_buf_3_16, i64 666, i64 22, i64 18446744073709551615"   --->   Operation 480 'specmemcore' 'specmemcore_ln0' <Predicate = true> <Delay = 0.00>
ST_4 : Operation 481 [1/1] (0.00ns)   --->   "%specmemcore_ln0 = specmemcore void @_ssdm_op_SpecMemCore, i32 %exp_buf_3_17, i64 666, i64 22, i64 18446744073709551615"   --->   Operation 481 'specmemcore' 'specmemcore_ln0' <Predicate = true> <Delay = 0.00>
ST_4 : Operation 482 [1/1] (0.00ns)   --->   "%specmemcore_ln0 = specmemcore void @_ssdm_op_SpecMemCore, i32 %exp_buf_3_18, i64 666, i64 22, i64 18446744073709551615"   --->   Operation 482 'specmemcore' 'specmemcore_ln0' <Predicate = true> <Delay = 0.00>
ST_4 : Operation 483 [1/1] (0.00ns)   --->   "%specmemcore_ln0 = specmemcore void @_ssdm_op_SpecMemCore, i32 %exp_buf_3_19, i64 666, i64 22, i64 18446744073709551615"   --->   Operation 483 'specmemcore' 'specmemcore_ln0' <Predicate = true> <Delay = 0.00>
ST_4 : Operation 484 [1/1] (0.00ns)   --->   "%specmemcore_ln0 = specmemcore void @_ssdm_op_SpecMemCore, i32 %exp_buf_3_20, i64 666, i64 22, i64 18446744073709551615"   --->   Operation 484 'specmemcore' 'specmemcore_ln0' <Predicate = true> <Delay = 0.00>
ST_4 : Operation 485 [1/1] (0.00ns)   --->   "%specmemcore_ln0 = specmemcore void @_ssdm_op_SpecMemCore, i32 %exp_buf_3_21, i64 666, i64 22, i64 18446744073709551615"   --->   Operation 485 'specmemcore' 'specmemcore_ln0' <Predicate = true> <Delay = 0.00>
ST_4 : Operation 486 [1/1] (0.00ns)   --->   "%specmemcore_ln0 = specmemcore void @_ssdm_op_SpecMemCore, i32 %exp_buf_3_22, i64 666, i64 22, i64 18446744073709551615"   --->   Operation 486 'specmemcore' 'specmemcore_ln0' <Predicate = true> <Delay = 0.00>
ST_4 : Operation 487 [1/1] (0.00ns)   --->   "%specmemcore_ln0 = specmemcore void @_ssdm_op_SpecMemCore, i32 %exp_buf_3_23, i64 666, i64 22, i64 18446744073709551615"   --->   Operation 487 'specmemcore' 'specmemcore_ln0' <Predicate = true> <Delay = 0.00>
ST_4 : Operation 488 [1/1] (0.00ns)   --->   "%specmemcore_ln0 = specmemcore void @_ssdm_op_SpecMemCore, i32 %exp_buf_3_24, i64 666, i64 22, i64 18446744073709551615"   --->   Operation 488 'specmemcore' 'specmemcore_ln0' <Predicate = true> <Delay = 0.00>
ST_4 : Operation 489 [1/1] (0.00ns)   --->   "%specmemcore_ln0 = specmemcore void @_ssdm_op_SpecMemCore, i32 %exp_buf_3_25, i64 666, i64 22, i64 18446744073709551615"   --->   Operation 489 'specmemcore' 'specmemcore_ln0' <Predicate = true> <Delay = 0.00>
ST_4 : Operation 490 [1/1] (0.00ns)   --->   "%specmemcore_ln0 = specmemcore void @_ssdm_op_SpecMemCore, i32 %exp_buf_3_26, i64 666, i64 22, i64 18446744073709551615"   --->   Operation 490 'specmemcore' 'specmemcore_ln0' <Predicate = true> <Delay = 0.00>
ST_4 : Operation 491 [1/1] (0.00ns)   --->   "%specmemcore_ln0 = specmemcore void @_ssdm_op_SpecMemCore, i32 %exp_buf_3_27, i64 666, i64 22, i64 18446744073709551615"   --->   Operation 491 'specmemcore' 'specmemcore_ln0' <Predicate = true> <Delay = 0.00>
ST_4 : Operation 492 [1/1] (0.00ns)   --->   "%specmemcore_ln0 = specmemcore void @_ssdm_op_SpecMemCore, i32 %exp_buf_3_28, i64 666, i64 22, i64 18446744073709551615"   --->   Operation 492 'specmemcore' 'specmemcore_ln0' <Predicate = true> <Delay = 0.00>
ST_4 : Operation 493 [1/1] (0.00ns)   --->   "%specmemcore_ln0 = specmemcore void @_ssdm_op_SpecMemCore, i32 %exp_buf_3_29, i64 666, i64 22, i64 18446744073709551615"   --->   Operation 493 'specmemcore' 'specmemcore_ln0' <Predicate = true> <Delay = 0.00>
ST_4 : Operation 494 [1/1] (0.00ns)   --->   "%specmemcore_ln0 = specmemcore void @_ssdm_op_SpecMemCore, i32 %exp_buf_3_30, i64 666, i64 22, i64 18446744073709551615"   --->   Operation 494 'specmemcore' 'specmemcore_ln0' <Predicate = true> <Delay = 0.00>
ST_4 : Operation 495 [1/1] (0.00ns)   --->   "%specmemcore_ln0 = specmemcore void @_ssdm_op_SpecMemCore, i32 %exp_buf_3_31, i64 666, i64 22, i64 18446744073709551615"   --->   Operation 495 'specmemcore' 'specmemcore_ln0' <Predicate = true> <Delay = 0.00>
ST_4 : Operation 496 [1/1] (0.00ns)   --->   "%specmemcore_ln0 = specmemcore void @_ssdm_op_SpecMemCore, i32 %exp_buf_3_32, i64 666, i64 22, i64 18446744073709551615"   --->   Operation 496 'specmemcore' 'specmemcore_ln0' <Predicate = true> <Delay = 0.00>
ST_4 : Operation 497 [1/1] (0.00ns)   --->   "%specmemcore_ln0 = specmemcore void @_ssdm_op_SpecMemCore, i32 %exp_buf_3_33, i64 666, i64 22, i64 18446744073709551615"   --->   Operation 497 'specmemcore' 'specmemcore_ln0' <Predicate = true> <Delay = 0.00>
ST_4 : Operation 498 [1/1] (0.00ns)   --->   "%specmemcore_ln0 = specmemcore void @_ssdm_op_SpecMemCore, i32 %exp_buf_3_34, i64 666, i64 22, i64 18446744073709551615"   --->   Operation 498 'specmemcore' 'specmemcore_ln0' <Predicate = true> <Delay = 0.00>
ST_4 : Operation 499 [1/1] (0.00ns)   --->   "%specmemcore_ln0 = specmemcore void @_ssdm_op_SpecMemCore, i32 %exp_buf_3_35, i64 666, i64 22, i64 18446744073709551615"   --->   Operation 499 'specmemcore' 'specmemcore_ln0' <Predicate = true> <Delay = 0.00>
ST_4 : Operation 500 [1/1] (0.00ns)   --->   "%specmemcore_ln0 = specmemcore void @_ssdm_op_SpecMemCore, i32 %exp_buf_3_36, i64 666, i64 22, i64 18446744073709551615"   --->   Operation 500 'specmemcore' 'specmemcore_ln0' <Predicate = true> <Delay = 0.00>
ST_4 : Operation 501 [1/1] (0.00ns)   --->   "%specmemcore_ln0 = specmemcore void @_ssdm_op_SpecMemCore, i32 %exp_buf_3_37, i64 666, i64 22, i64 18446744073709551615"   --->   Operation 501 'specmemcore' 'specmemcore_ln0' <Predicate = true> <Delay = 0.00>
ST_4 : Operation 502 [1/1] (0.00ns)   --->   "%specmemcore_ln0 = specmemcore void @_ssdm_op_SpecMemCore, i32 %exp_buf_3_38, i64 666, i64 22, i64 18446744073709551615"   --->   Operation 502 'specmemcore' 'specmemcore_ln0' <Predicate = true> <Delay = 0.00>
ST_4 : Operation 503 [1/1] (0.00ns)   --->   "%specmemcore_ln0 = specmemcore void @_ssdm_op_SpecMemCore, i32 %exp_buf_3_39, i64 666, i64 22, i64 18446744073709551615"   --->   Operation 503 'specmemcore' 'specmemcore_ln0' <Predicate = true> <Delay = 0.00>
ST_4 : Operation 504 [1/1] (0.00ns)   --->   "%specmemcore_ln0 = specmemcore void @_ssdm_op_SpecMemCore, i32 %exp_buf_3_40, i64 666, i64 22, i64 18446744073709551615"   --->   Operation 504 'specmemcore' 'specmemcore_ln0' <Predicate = true> <Delay = 0.00>
ST_4 : Operation 505 [1/1] (0.00ns)   --->   "%specmemcore_ln0 = specmemcore void @_ssdm_op_SpecMemCore, i32 %exp_buf_3_41, i64 666, i64 22, i64 18446744073709551615"   --->   Operation 505 'specmemcore' 'specmemcore_ln0' <Predicate = true> <Delay = 0.00>
ST_4 : Operation 506 [1/1] (0.00ns)   --->   "%specmemcore_ln0 = specmemcore void @_ssdm_op_SpecMemCore, i32 %exp_buf_3_42, i64 666, i64 22, i64 18446744073709551615"   --->   Operation 506 'specmemcore' 'specmemcore_ln0' <Predicate = true> <Delay = 0.00>
ST_4 : Operation 507 [1/1] (0.00ns)   --->   "%specmemcore_ln0 = specmemcore void @_ssdm_op_SpecMemCore, i32 %exp_buf_3_43, i64 666, i64 22, i64 18446744073709551615"   --->   Operation 507 'specmemcore' 'specmemcore_ln0' <Predicate = true> <Delay = 0.00>
ST_4 : Operation 508 [1/1] (0.00ns)   --->   "%specmemcore_ln0 = specmemcore void @_ssdm_op_SpecMemCore, i32 %exp_buf_3_44, i64 666, i64 22, i64 18446744073709551615"   --->   Operation 508 'specmemcore' 'specmemcore_ln0' <Predicate = true> <Delay = 0.00>
ST_4 : Operation 509 [1/1] (0.00ns)   --->   "%specmemcore_ln0 = specmemcore void @_ssdm_op_SpecMemCore, i32 %exp_buf_3_45, i64 666, i64 22, i64 18446744073709551615"   --->   Operation 509 'specmemcore' 'specmemcore_ln0' <Predicate = true> <Delay = 0.00>
ST_4 : Operation 510 [1/1] (0.00ns)   --->   "%specmemcore_ln0 = specmemcore void @_ssdm_op_SpecMemCore, i32 %exp_buf_3_46, i64 666, i64 22, i64 18446744073709551615"   --->   Operation 510 'specmemcore' 'specmemcore_ln0' <Predicate = true> <Delay = 0.00>
ST_4 : Operation 511 [1/1] (0.00ns)   --->   "%specmemcore_ln0 = specmemcore void @_ssdm_op_SpecMemCore, i32 %exp_buf_3_47, i64 666, i64 22, i64 18446744073709551615"   --->   Operation 511 'specmemcore' 'specmemcore_ln0' <Predicate = true> <Delay = 0.00>
ST_4 : Operation 512 [1/1] (0.00ns)   --->   "%specmemcore_ln0 = specmemcore void @_ssdm_op_SpecMemCore, i32 %exp_buf_3_48, i64 666, i64 22, i64 18446744073709551615"   --->   Operation 512 'specmemcore' 'specmemcore_ln0' <Predicate = true> <Delay = 0.00>
ST_4 : Operation 513 [1/1] (0.00ns)   --->   "%specmemcore_ln0 = specmemcore void @_ssdm_op_SpecMemCore, i32 %exp_buf_3_49, i64 666, i64 22, i64 18446744073709551615"   --->   Operation 513 'specmemcore' 'specmemcore_ln0' <Predicate = true> <Delay = 0.00>
ST_4 : Operation 514 [1/1] (0.00ns)   --->   "%specmemcore_ln0 = specmemcore void @_ssdm_op_SpecMemCore, i32 %exp_buf_3_50, i64 666, i64 22, i64 18446744073709551615"   --->   Operation 514 'specmemcore' 'specmemcore_ln0' <Predicate = true> <Delay = 0.00>
ST_4 : Operation 515 [1/1] (0.00ns)   --->   "%specmemcore_ln0 = specmemcore void @_ssdm_op_SpecMemCore, i32 %exp_buf_3_51, i64 666, i64 22, i64 18446744073709551615"   --->   Operation 515 'specmemcore' 'specmemcore_ln0' <Predicate = true> <Delay = 0.00>
ST_4 : Operation 516 [1/1] (0.00ns)   --->   "%specmemcore_ln0 = specmemcore void @_ssdm_op_SpecMemCore, i32 %exp_buf_3_52, i64 666, i64 22, i64 18446744073709551615"   --->   Operation 516 'specmemcore' 'specmemcore_ln0' <Predicate = true> <Delay = 0.00>
ST_4 : Operation 517 [1/1] (0.00ns)   --->   "%specmemcore_ln0 = specmemcore void @_ssdm_op_SpecMemCore, i32 %exp_buf_3_53, i64 666, i64 22, i64 18446744073709551615"   --->   Operation 517 'specmemcore' 'specmemcore_ln0' <Predicate = true> <Delay = 0.00>
ST_4 : Operation 518 [1/1] (0.00ns)   --->   "%specmemcore_ln0 = specmemcore void @_ssdm_op_SpecMemCore, i32 %exp_buf_3_54, i64 666, i64 22, i64 18446744073709551615"   --->   Operation 518 'specmemcore' 'specmemcore_ln0' <Predicate = true> <Delay = 0.00>
ST_4 : Operation 519 [1/1] (0.00ns)   --->   "%specmemcore_ln0 = specmemcore void @_ssdm_op_SpecMemCore, i32 %exp_buf_3_55, i64 666, i64 22, i64 18446744073709551615"   --->   Operation 519 'specmemcore' 'specmemcore_ln0' <Predicate = true> <Delay = 0.00>
ST_4 : Operation 520 [1/1] (0.00ns)   --->   "%specmemcore_ln0 = specmemcore void @_ssdm_op_SpecMemCore, i32 %exp_buf_3_56, i64 666, i64 22, i64 18446744073709551615"   --->   Operation 520 'specmemcore' 'specmemcore_ln0' <Predicate = true> <Delay = 0.00>
ST_4 : Operation 521 [1/1] (0.00ns)   --->   "%specmemcore_ln0 = specmemcore void @_ssdm_op_SpecMemCore, i32 %exp_buf_3_57, i64 666, i64 22, i64 18446744073709551615"   --->   Operation 521 'specmemcore' 'specmemcore_ln0' <Predicate = true> <Delay = 0.00>
ST_4 : Operation 522 [1/1] (0.00ns)   --->   "%specmemcore_ln0 = specmemcore void @_ssdm_op_SpecMemCore, i32 %exp_buf_3_58, i64 666, i64 22, i64 18446744073709551615"   --->   Operation 522 'specmemcore' 'specmemcore_ln0' <Predicate = true> <Delay = 0.00>
ST_4 : Operation 523 [1/1] (0.00ns)   --->   "%specmemcore_ln0 = specmemcore void @_ssdm_op_SpecMemCore, i32 %exp_buf_3_59, i64 666, i64 22, i64 18446744073709551615"   --->   Operation 523 'specmemcore' 'specmemcore_ln0' <Predicate = true> <Delay = 0.00>
ST_4 : Operation 524 [1/1] (0.00ns)   --->   "%specmemcore_ln0 = specmemcore void @_ssdm_op_SpecMemCore, i32 %exp_buf_3_60, i64 666, i64 22, i64 18446744073709551615"   --->   Operation 524 'specmemcore' 'specmemcore_ln0' <Predicate = true> <Delay = 0.00>
ST_4 : Operation 525 [1/1] (0.00ns)   --->   "%specmemcore_ln0 = specmemcore void @_ssdm_op_SpecMemCore, i32 %exp_buf_3_61, i64 666, i64 22, i64 18446744073709551615"   --->   Operation 525 'specmemcore' 'specmemcore_ln0' <Predicate = true> <Delay = 0.00>
ST_4 : Operation 526 [1/1] (0.00ns)   --->   "%specmemcore_ln0 = specmemcore void @_ssdm_op_SpecMemCore, i32 %exp_buf_3_62, i64 666, i64 22, i64 18446744073709551615"   --->   Operation 526 'specmemcore' 'specmemcore_ln0' <Predicate = true> <Delay = 0.00>
ST_4 : Operation 527 [1/1] (0.00ns)   --->   "%specmemcore_ln0 = specmemcore void @_ssdm_op_SpecMemCore, i32 %exp_buf_3_63, i64 666, i64 22, i64 18446744073709551615"   --->   Operation 527 'specmemcore' 'specmemcore_ln0' <Predicate = true> <Delay = 0.00>
ST_4 : Operation 528 [1/1] (0.00ns)   --->   "%specinterface_ln0 = specinterface void @_ssdm_op_SpecInterface, i128 %mem, void @empty_3, i32 0, i32 0, void @empty_2, i32 4294967295, i32 0, void @empty_2, void @empty_2, void @empty_2, i32 0, i32 0, i32 0, i32 0, void @empty_2, void @empty_2, i32 4294967295, i32 0, i32 0"   --->   Operation 528 'specinterface' 'specinterface_ln0' <Predicate = true> <Delay = 0.00>
ST_4 : Operation 529 [1/1] (0.00ns)   --->   "%empty = specchannel i32 @_ssdm_op_SpecChannel, void @prob_stream_str, i32 1, void @p_str, void @p_str, i32 16, i32 16, i132 %prob_stream, i132 %prob_stream"   --->   Operation 529 'specchannel' 'empty' <Predicate = true> <Delay = 0.00>
ST_4 : Operation 530 [1/1] (0.00ns)   --->   "%specinterface_ln0 = specinterface void @_ssdm_op_SpecInterface, i132 %prob_stream, void @empty_9, i32 0, i32 0, void @empty_2, i32 0, i32 0, void @empty_2, void @empty_2, void @empty_2, i32 0, i32 0, i32 0, i32 0, void @empty_2, void @empty_2, i32 4294967295, i32 0, i32 0"   --->   Operation 530 'specinterface' 'specinterface_ln0' <Predicate = true> <Delay = 0.00>
ST_4 : Operation 531 [1/2] (0.00ns)   --->   "%call_ln404 = call void @write_prob_stream, i128 %mem, i14 %pr_l_read, i9 %n_read, i132 %prob_stream" [softmax_accel_hls.cc:404]   --->   Operation 531 'call' 'call_ln404' <Predicate = true> <Delay = 0.00> <CoreType = "Generic">   --->   Generic Core
ST_4 : Operation 532 [1/1] (0.00ns)   --->   "%ret_ln405 = ret" [softmax_accel_hls.cc:405]   --->   Operation 532 'ret' 'ret_ln405' <Predicate = true> <Delay = 0.00>


============================================================
+ Verbose Summary: Timing violations
============================================================
Target clock period: 11.800ns, clock uncertainty: 3.186ns.

 <State 1>: 5.281ns
The critical path consists of the following:
	wire read operation ('inv_sum_q30_read') on port 'inv_sum_q30' [521]  (0.000 ns)
	'call' operation 0 bit ('call_ln403', softmax_accel_hls.cc:403) to 'emit_prob_stream' [784]  (5.281 ns)

 <State 2>: 0.000ns
The critical path consists of the following:

 <State 3>: 3.458ns
The critical path consists of the following:
	wire read operation ('pr_l_read') on port 'pr_l' [523]  (0.000 ns)
	'call' operation 0 bit ('call_ln404', softmax_accel_hls.cc:404) to 'write_prob_stream' [785]  (3.458 ns)

 <State 4>: 0.000ns
The critical path consists of the following:


============================================================
+ Verbose Summary: Binding
============================================================
N/A
* FSMD analyzer results:
  - Output states:
 - Input state : 
  - Chain level:
	State 1
	State 2
	State 3
	State 4


============================================================
+ Verbose Summary: Datapath Resource usage 
============================================================
N/A
