

================================================================
== Vitis HLS Report for 'normalize_and_store'
================================================================
* Date:           Sat Mar 14 16:27:06 2026

* Version:        2025.1 (Build 6135595 on May 21 2025)
* Project:        Prometheus_SoC
* Solution:       hls (Vivado IP Flow Target)
* Product family: zynq
* Target device:  xc7z020-clg400-1


================================================================
== Performance Estimates
================================================================
+ Timing: 
    * Summary: 
    +--------+----------+----------+------------+
    |  Clock |  Target  | Estimated| Uncertainty|
    +--------+----------+----------+------------+
    |ap_clk  |  11.80 ns|  8.510 ns|     3.19 ns|
    +--------+----------+----------+------------+

+ Latency: 
    * Summary: 
    +---------+---------+-----------+----------+-----+-----+----------+
    |  Latency (cycles) |  Latency (absolute)  |  Interval | Pipeline |
    |   min   |   max   |    min    |    max   | min | max |   Type   |
    +---------+---------+-----------+----------+-----+-----+----------+
    |        6|       72|  70.800 ns|  0.850 us|    6|   71|  dataflow|
    +---------+---------+-----------+----------+-----+-----+----------+

    + Detail: 
        * Instance: 
        +-------------------------------+-------------------+---------+---------+-----------+----------+-----+-----+---------+
        |                               |                   |  Latency (cycles) |  Latency (absolute)  |  Interval | Pipeline|
        |            Instance           |       Module      |   min   |   max   |    min    |    max   | min | max |   Type  |
        +-------------------------------+-------------------+---------+---------+-----------+----------+-----+-----+---------+
        |grp_emit_prob_stream_fu_590    |emit_prob_stream   |        5|       68|  59.000 ns|  0.802 us|    5|   68|       no|
        |grp_write_prob_stream_fu_1111  |write_prob_stream  |        4|       70|  47.200 ns|  0.826 us|    4|   70|       no|
        +-------------------------------+-------------------+---------+---------+-----------+----------+-----+-----+---------+

        * Loop: 
        N/A

============================================================
+ Verbose Summary: Synthesis Manager
============================================================
InlineROM: 1
ExposeGlobal: 0
============================================================
+ Verbose Summary: CDFG Model
============================================================
IsTopModel: 0
ResetActiveHigh: 1
IsCombinational: 2
IsDatapathOnly: 0
HasWiredReturn: 1
HasMFsm: 0
HasVarLatency: 1
IsPipeline: 0
IsRtlPipelined: 0
IsInstanceOverlapped: 0
IsDontTouch: 0
HasImplIP: 0
IsGatedGlobalClock: 0


============================================================
+ Verbose Summary: Schedule
============================================================
* Number of FSM states : 4
* Pipeline : 0
* Dataflow Pipeline: 1
  DF-Pipeline-0: Size = 4, States = { 1 2 3 4 }

* FSM state transitions: 
1 --> 2 
2 --> 3 
3 --> 4 
4 --> 

* FSM state operations: 

State 1 <SV = 0> <Delay = 5.28>
ST_1 : Operation 5 [1/1] (0.00ns)   --->   "%inv_sum_q30_read = read i31 @_ssdm_op_Read.ap_auto.i31, i31 %inv_sum_q30"   --->   Operation 5 'read' 'inv_sum_q30_read' <Predicate = true> <Delay = 0.00>
ST_1 : Operation 6 [1/1] (0.00ns)   --->   "%n_read = read i9 @_ssdm_op_Read.ap_auto.i9, i9 %n"   --->   Operation 6 'read' 'n_read' <Predicate = true> <Delay = 0.00>
ST_1 : Operation 7 [1/1] (0.00ns)   --->   "%prob_stream = alloca i64 1"   --->   Operation 7 'alloca' 'prob_stream' <Predicate = true> <Delay = 0.00> <CoreInst = "FIFO">   --->   Core 77 'FIFO' <Latency = 0> <II = 1> <Delay = 3.70> <Storage> <Opcode : 'read' 'write' 'nbread' 'nbwrite'> <Ports = 0> <Width = 132> <Depth = 16> <FIFO>
ST_1 : Operation 8 [2/2] (5.28ns)   --->   "%call_ln403 = call void @emit_prob_stream, i32 %exp_buf_0_0, i32 %exp_buf_0_1, i32 %exp_buf_0_2, i32 %exp_buf_0_3, i32 %exp_buf_0_4, i32 %exp_buf_0_5, i32 %exp_buf_0_6, i32 %exp_buf_0_7, i32 %exp_buf_0_8, i32 %exp_buf_0_9, i32 %exp_buf_0_10, i32 %exp_buf_0_11, i32 %exp_buf_0_12, i32 %exp_buf_0_13, i32 %exp_buf_0_14, i32 %exp_buf_0_15, i32 %exp_buf_0_16, i32 %exp_buf_0_17, i32 %exp_buf_0_18, i32 %exp_buf_0_19, i32 %exp_buf_0_20, i32 %exp_buf_0_21, i32 %exp_buf_0_22, i32 %exp_buf_0_23, i32 %exp_buf_0_24, i32 %exp_buf_0_25, i32 %exp_buf_0_26, i32 %exp_buf_0_27, i32 %exp_buf_0_28, i32 %exp_buf_0_29, i32 %exp_buf_0_30, i32 %exp_buf_0_31, i32 %exp_buf_0_32, i32 %exp_buf_0_33, i32 %exp_buf_0_34, i32 %exp_buf_0_35, i32 %exp_buf_0_36, i32 %exp_buf_0_37, i32 %exp_buf_0_38, i32 %exp_buf_0_39, i32 %exp_buf_0_40, i32 %exp_buf_0_41, i32 %exp_buf_0_42, i32 %exp_buf_0_43, i32 %exp_buf_0_44, i32 %exp_buf_0_45, i32 %exp_buf_0_46, i32 %exp_buf_0_47, i32 %exp_buf_0_48, i32 %exp_buf_0_49, i32 %exp_buf_0_50, i32 %exp_buf_0_51, i32 %exp_buf_0_52, i32 %exp_buf_0_53, i32 %exp_buf_0_54, i32 %exp_buf_0_55, i32 %exp_buf_0_56, i32 %exp_buf_0_57, i32 %exp_buf_0_58, i32 %exp_buf_0_59, i32 %exp_buf_0_60, i32 %exp_buf_0_61, i32 %exp_buf_0_62, i32 %exp_buf_0_63, i32 %exp_buf_1_0, i32 %exp_buf_1_1, i32 %exp_buf_1_2, i32 %exp_buf_1_3, i32 %exp_buf_1_4, i32 %exp_buf_1_5, i32 %exp_buf_1_6, i32 %exp_buf_1_7, i32 %exp_buf_1_8, i32 %exp_buf_1_9, i32 %exp_buf_1_10, i32 %exp_buf_1_11, i32 %exp_buf_1_12, i32 %exp_buf_1_13, i32 %exp_buf_1_14, i32 %exp_buf_1_15, i32 %exp_buf_1_16, i32 %exp_buf_1_17, i32 %exp_buf_1_18, i32 %exp_buf_1_19, i32 %exp_buf_1_20, i32 %exp_buf_1_21, i32 %exp_buf_1_22, i32 %exp_buf_1_23, i32 %exp_buf_1_24, i32 %exp_buf_1_25, i32 %exp_buf_1_26, i32 %exp_buf_1_27, i32 %exp_buf_1_28, i32 %exp_buf_1_29, i32 %exp_buf_1_30, i32 %exp_buf_1_31, i32 %exp_buf_1_32, i32 %exp_buf_1_33, i32 %exp_buf_1_34, i32 %exp_buf_1_35, i32 %exp_buf_1_36, i32 %exp_buf_1_37, i32 %exp_buf_1_38, i32 %exp_buf_1_39, i32 %exp_buf_1_40, i32 %exp_buf_1_41, i32 %exp_buf_1_42, i32 %exp_buf_1_43, i32 %exp_buf_1_44, i32 %exp_buf_1_45, i32 %exp_buf_1_46, i32 %exp_buf_1_47, i32 %exp_buf_1_48, i32 %exp_buf_1_49, i32 %exp_buf_1_50, i32 %exp_buf_1_51, i32 %exp_buf_1_52, i32 %exp_buf_1_53, i32 %exp_buf_1_54, i32 %exp_buf_1_55, i32 %exp_buf_1_56, i32 %exp_buf_1_57, i32 %exp_buf_1_58, i32 %exp_buf_1_59, i32 %exp_buf_1_60, i32 %exp_buf_1_61, i32 %exp_buf_1_62, i32 %exp_buf_1_63, i32 %exp_buf_2_0, i32 %exp_buf_2_1, i32 %exp_buf_2_2, i32 %exp_buf_2_3, i32 %exp_buf_2_4, i32 %exp_buf_2_5, i32 %exp_buf_2_6, i32 %exp_buf_2_7, i32 %exp_buf_2_8, i32 %exp_buf_2_9, i32 %exp_buf_2_10, i32 %exp_buf_2_11, i32 %exp_buf_2_12, i32 %exp_buf_2_13, i32 %exp_buf_2_14, i32 %exp_buf_2_15, i32 %exp_buf_2_16, i32 %exp_buf_2_17, i32 %exp_buf_2_18, i32 %exp_buf_2_19, i32 %exp_buf_2_20, i32 %exp_buf_2_21, i32 %exp_buf_2_22, i32 %exp_buf_2_23, i32 %exp_buf_2_24, i32 %exp_buf_2_25, i32 %exp_buf_2_26, i32 %exp_buf_2_27, i32 %exp_buf_2_28, i32 %exp_buf_2_29, i32 %exp_buf_2_30, i32 %exp_buf_2_31, i32 %exp_buf_2_32, i32 %exp_buf_2_33, i32 %exp_buf_2_34, i32 %exp_buf_2_35, i32 %exp_buf_2_36, i32 %exp_buf_2_37, i32 %exp_buf_2_38, i32 %exp_buf_2_39, i32 %exp_buf_2_40, i32 %exp_buf_2_41, i32 %exp_buf_2_42, i32 %exp_buf_2_43, i32 %exp_buf_2_44, i32 %exp_buf_2_45, i32 %exp_buf_2_46, i32 %exp_buf_2_47, i32 %exp_buf_2_48, i32 %exp_buf_2_49, i32 %exp_buf_2_50, i32 %exp_buf_2_51, i32 %exp_buf_2_52, i32 %exp_buf_2_53, i32 %exp_buf_2_54, i32 %exp_buf_2_55, i32 %exp_buf_2_56, i32 %exp_buf_2_57, i32 %exp_buf_2_58, i32 %exp_buf_2_59, i32 %exp_buf_2_60, i32 %exp_buf_2_61, i32 %exp_buf_2_62, i32 %exp_buf_2_63, i32 %exp_buf_3_0, i32 %exp_buf_3_1, i32 %exp_buf_3_2, i32 %exp_buf_3_3, i32 %exp_buf_3_4, i32 %exp_buf_3_5, i32 %exp_buf_3_6, i32 %exp_buf_3_7, i32 %exp_buf_3_8, i32 %exp_buf_3_9, i32 %exp_buf_3_10, i32 %exp_buf_3_11, i32 %exp_buf_3_12, i32 %exp_buf_3_13, i32 %exp_buf_3_14, i32 %exp_buf_3_15, i32 %exp_buf_3_16, i32 %exp_buf_3_17, i32 %exp_buf_3_18, i32 %exp_buf_3_19, i32 %exp_buf_3_20, i32 %exp_buf_3_21, i32 %exp_buf_3_22, i32 %exp_buf_3_23, i32 %exp_buf_3_24, i32 %exp_buf_3_25, i32 %exp_buf_3_26, i32 %exp_buf_3_27, i32 %exp_buf_3_28, i32 %exp_buf_3_29, i32 %exp_buf_3_30, i32 %exp_buf_3_31, i32 %exp_buf_3_32, i32 %exp_buf_3_33, i32 %exp_buf_3_34, i32 %exp_buf_3_35, i32 %exp_buf_3_36, i32 %exp_buf_3_37, i32 %exp_buf_3_38, i32 %exp_buf_3_39, i32 %exp_buf_3_40, i32 %exp_buf_3_41, i32 %exp_buf_3_42, i32 %exp_buf_3_43, i32 %exp_buf_3_44, i32 %exp_buf_3_45, i32 %exp_buf_3_46, i32 %exp_buf_3_47, i32 %exp_buf_3_48, i32 %exp_buf_3_49, i32 %exp_buf_3_50, i32 %exp_buf_3_51, i32 %exp_buf_3_52, i32 %exp_buf_3_53, i32 %exp_buf_3_54, i32 %exp_buf_3_55, i32 %exp_buf_3_56, i32 %exp_buf_3_57, i32 %exp_buf_3_58, i32 %exp_buf_3_59, i32 %exp_buf_3_60, i32 %exp_buf_3_61, i32 %exp_buf_3_62, i32 %exp_buf_3_63, i9 %n_read, i31 %inv_sum_q30_read, i132 %prob_stream" [softmax_accel_hls.cc:403]   --->   Operation 8 'call' 'call_ln403' <Predicate = true> <Delay = 5.28> <CoreType = "Generic">   --->   Generic Core

State 2 <SV = 1> <Delay = 0.00>
ST_2 : Operation 9 [1/2] (0.00ns)   --->   "%call_ln403 = call void @emit_prob_stream, i32 %exp_buf_0_0, i32 %exp_buf_0_1, i32 %exp_buf_0_2, i32 %exp_buf_0_3, i32 %exp_buf_0_4, i32 %exp_buf_0_5, i32 %exp_buf_0_6, i32 %exp_buf_0_7, i32 %exp_buf_0_8, i32 %exp_buf_0_9, i32 %exp_buf_0_10, i32 %exp_buf_0_11, i32 %exp_buf_0_12, i32 %exp_buf_0_13, i32 %exp_buf_0_14, i32 %exp_buf_0_15, i32 %exp_buf_0_16, i32 %exp_buf_0_17, i32 %exp_buf_0_18, i32 %exp_buf_0_19, i32 %exp_buf_0_20, i32 %exp_buf_0_21, i32 %exp_buf_0_22, i32 %exp_buf_0_23, i32 %exp_buf_0_24, i32 %exp_buf_0_25, i32 %exp_buf_0_26, i32 %exp_buf_0_27, i32 %exp_buf_0_28, i32 %exp_buf_0_29, i32 %exp_buf_0_30, i32 %exp_buf_0_31, i32 %exp_buf_0_32, i32 %exp_buf_0_33, i32 %exp_buf_0_34, i32 %exp_buf_0_35, i32 %exp_buf_0_36, i32 %exp_buf_0_37, i32 %exp_buf_0_38, i32 %exp_buf_0_39, i32 %exp_buf_0_40, i32 %exp_buf_0_41, i32 %exp_buf_0_42, i32 %exp_buf_0_43, i32 %exp_buf_0_44, i32 %exp_buf_0_45, i32 %exp_buf_0_46, i32 %exp_buf_0_47, i32 %exp_buf_0_48, i32 %exp_buf_0_49, i32 %exp_buf_0_50, i32 %exp_buf_0_51, i32 %exp_buf_0_52, i32 %exp_buf_0_53, i32 %exp_buf_0_54, i32 %exp_buf_0_55, i32 %exp_buf_0_56, i32 %exp_buf_0_57, i32 %exp_buf_0_58, i32 %exp_buf_0_59, i32 %exp_buf_0_60, i32 %exp_buf_0_61, i32 %exp_buf_0_62, i32 %exp_buf_0_63, i32 %exp_buf_1_0, i32 %exp_buf_1_1, i32 %exp_buf_1_2, i32 %exp_buf_1_3, i32 %exp_buf_1_4, i32 %exp_buf_1_5, i32 %exp_buf_1_6, i32 %exp_buf_1_7, i32 %exp_buf_1_8, i32 %exp_buf_1_9, i32 %exp_buf_1_10, i32 %exp_buf_1_11, i32 %exp_buf_1_12, i32 %exp_buf_1_13, i32 %exp_buf_1_14, i32 %exp_buf_1_15, i32 %exp_buf_1_16, i32 %exp_buf_1_17, i32 %exp_buf_1_18, i32 %exp_buf_1_19, i32 %exp_buf_1_20, i32 %exp_buf_1_21, i32 %exp_buf_1_22, i32 %exp_buf_1_23, i32 %exp_buf_1_24, i32 %exp_buf_1_25, i32 %exp_buf_1_26, i32 %exp_buf_1_27, i32 %exp_buf_1_28, i32 %exp_buf_1_29, i32 %exp_buf_1_30, i32 %exp_buf_1_31, i32 %exp_buf_1_32, i32 %exp_buf_1_33, i32 %exp_buf_1_34, i32 %exp_buf_1_35, i32 %exp_buf_1_36, i32 %exp_buf_1_37, i32 %exp_buf_1_38, i32 %exp_buf_1_39, i32 %exp_buf_1_40, i32 %exp_buf_1_41, i32 %exp_buf_1_42, i32 %exp_buf_1_43, i32 %exp_buf_1_44, i32 %exp_buf_1_45, i32 %exp_buf_1_46, i32 %exp_buf_1_47, i32 %exp_buf_1_48, i32 %exp_buf_1_49, i32 %exp_buf_1_50, i32 %exp_buf_1_51, i32 %exp_buf_1_52, i32 %exp_buf_1_53, i32 %exp_buf_1_54, i32 %exp_buf_1_55, i32 %exp_buf_1_56, i32 %exp_buf_1_57, i32 %exp_buf_1_58, i32 %exp_buf_1_59, i32 %exp_buf_1_60, i32 %exp_buf_1_61, i32 %exp_buf_1_62, i32 %exp_buf_1_63, i32 %exp_buf_2_0, i32 %exp_buf_2_1, i32 %exp_buf_2_2, i32 %exp_buf_2_3, i32 %exp_buf_2_4, i32 %exp_buf_2_5, i32 %exp_buf_2_6, i32 %exp_buf_2_7, i32 %exp_buf_2_8, i32 %exp_buf_2_9, i32 %exp_buf_2_10, i32 %exp_buf_2_11, i32 %exp_buf_2_12, i32 %exp_buf_2_13, i32 %exp_buf_2_14, i32 %exp_buf_2_15, i32 %exp_buf_2_16, i32 %exp_buf_2_17, i32 %exp_buf_2_18, i32 %exp_buf_2_19, i32 %exp_buf_2_20, i32 %exp_buf_2_21, i32 %exp_buf_2_22, i32 %exp_buf_2_23, i32 %exp_buf_2_24, i32 %exp_buf_2_25, i32 %exp_buf_2_26, i32 %exp_buf_2_27, i32 %exp_buf_2_28, i32 %exp_buf_2_29, i32 %exp_buf_2_30, i32 %exp_buf_2_31, i32 %exp_buf_2_32, i32 %exp_buf_2_33, i32 %exp_buf_2_34, i32 %exp_buf_2_35, i32 %exp_buf_2_36, i32 %exp_buf_2_37, i32 %exp_buf_2_38, i32 %exp_buf_2_39, i32 %exp_buf_2_40, i32 %exp_buf_2_41, i32 %exp_buf_2_42, i32 %exp_buf_2_43, i32 %exp_buf_2_44, i32 %exp_buf_2_45, i32 %exp_buf_2_46, i32 %exp_buf_2_47, i32 %exp_buf_2_48, i32 %exp_buf_2_49, i32 %exp_buf_2_50, i32 %exp_buf_2_51, i32 %exp_buf_2_52, i32 %exp_buf_2_53, i32 %exp_buf_2_54, i32 %exp_buf_2_55, i32 %exp_buf_2_56, i32 %exp_buf_2_57, i32 %exp_buf_2_58, i32 %exp_buf_2_59, i32 %exp_buf_2_60, i32 %exp_buf_2_61, i32 %exp_buf_2_62, i32 %exp_buf_2_63, i32 %exp_buf_3_0, i32 %exp_buf_3_1, i32 %exp_buf_3_2, i32 %exp_buf_3_3, i32 %exp_buf_3_4, i32 %exp_buf_3_5, i32 %exp_buf_3_6, i32 %exp_buf_3_7, i32 %exp_buf_3_8, i32 %exp_buf_3_9, i32 %exp_buf_3_10, i32 %exp_buf_3_11, i32 %exp_buf_3_12, i32 %exp_buf_3_13, i32 %exp_buf_3_14, i32 %exp_buf_3_15, i32 %exp_buf_3_16, i32 %exp_buf_3_17, i32 %exp_buf_3_18, i32 %exp_buf_3_19, i32 %exp_buf_3_20, i32 %exp_buf_3_21, i32 %exp_buf_3_22, i32 %exp_buf_3_23, i32 %exp_buf_3_24, i32 %exp_buf_3_25, i32 %exp_buf_3_26, i32 %exp_buf_3_27, i32 %exp_buf_3_28, i32 %exp_buf_3_29, i32 %exp_buf_3_30, i32 %exp_buf_3_31, i32 %exp_buf_3_32, i32 %exp_buf_3_33, i32 %exp_buf_3_34, i32 %exp_buf_3_35, i32 %exp_buf_3_36, i32 %exp_buf_3_37, i32 %exp_buf_3_38, i32 %exp_buf_3_39, i32 %exp_buf_3_40, i32 %exp_buf_3_41, i32 %exp_buf_3_42, i32 %exp_buf_3_43, i32 %exp_buf_3_44, i32 %exp_buf_3_45, i32 %exp_buf_3_46, i32 %exp_buf_3_47, i32 %exp_buf_3_48, i32 %exp_buf_3_49, i32 %exp_buf_3_50, i32 %exp_buf_3_51, i32 %exp_buf_3_52, i32 %exp_buf_3_53, i32 %exp_buf_3_54, i32 %exp_buf_3_55, i32 %exp_buf_3_56, i32 %exp_buf_3_57, i32 %exp_buf_3_58, i32 %exp_buf_3_59, i32 %exp_buf_3_60, i32 %exp_buf_3_61, i32 %exp_buf_3_62, i32 %exp_buf_3_63, i9 %n_read, i31 %inv_sum_q30_read, i132 %prob_stream" [softmax_accel_hls.cc:403]   --->   Operation 9 'call' 'call_ln403' <Predicate = true> <Delay = 0.00> <CoreType = "Generic">   --->   Generic Core

State 3 <SV = 2> <Delay = 3.45>
ST_3 : Operation 10 [1/1] (0.00ns)   --->   "%pr_l_read = read i14 @_ssdm_op_Read.ap_auto.i14, i14 %pr_l"   --->   Operation 10 'read' 'pr_l_read' <Predicate = true> <Delay = 0.00>
ST_3 : Operation 11 [2/2] (3.45ns)   --->   "%call_ln404 = call void @write_prob_stream, i128 %mem, i14 %pr_l_read, i9 %n_read, i132 %prob_stream" [softmax_accel_hls.cc:404]   --->   Operation 11 'call' 'call_ln404' <Predicate = true> <Delay = 3.45> <CoreType = "Generic">   --->   Generic Core

State 4 <SV = 3> <Delay = 0.00>
ST_4 : Operation 12 [1/1] (0.00ns)   --->   "%specstablecontent_ln398 = specstablecontent void @_ssdm_op_SpecStableContent, i31 %inv_sum_q30, i1 1, void @p_str" [softmax_accel_hls.cc:398]   --->   Operation 12 'specstablecontent' 'specstablecontent_ln398' <Predicate = true> <Delay = 0.00>
ST_4 : Operation 13 [1/1] (0.00ns)   --->   "%specstablecontent_ln398 = specstablecontent void @_ssdm_op_SpecStableContent, i32 %exp_buf_3_63, i1 1, void @p_str" [softmax_accel_hls.cc:398]   --->   Operation 13 'specstablecontent' 'specstablecontent_ln398' <Predicate = true> <Delay = 0.00>
ST_4 : Operation 14 [1/1] (0.00ns)   --->   "%specstablecontent_ln398 = specstablecontent void @_ssdm_op_SpecStableContent, i32 %exp_buf_3_62, i1 1, void @p_str" [softmax_accel_hls.cc:398]   --->   Operation 14 'specstablecontent' 'specstablecontent_ln398' <Predicate = true> <Delay = 0.00>
ST_4 : Operation 15 [1/1] (0.00ns)   --->   "%specstablecontent_ln398 = specstablecontent void @_ssdm_op_SpecStableContent, i32 %exp_buf_3_61, i1 1, void @p_str" [softmax_accel_hls.cc:398]   --->   Operation 15 'specstablecontent' 'specstablecontent_ln398' <Predicate = true> <Delay = 0.00>
ST_4 : Operation 16 [1/1] (0.00ns)   --->   "%specstablecontent_ln398 = specstablecontent void @_ssdm_op_SpecStableContent, i32 %exp_buf_3_60, i1 1, void @p_str" [softmax_accel_hls.cc:398]   --->   Operation 16 'specstablecontent' 'specstablecontent_ln398' <Predicate = true> <Delay = 0.00>
ST_4 : Operation 17 [1/1] (0.00ns)   --->   "%specstablecontent_ln398 = specstablecontent void @_ssdm_op_SpecStableContent, i32 %exp_buf_3_59, i1 1, void @p_str" [softmax_accel_hls.cc:398]   --->   Operation 17 'specstablecontent' 'specstablecontent_ln398' <Predicate = true> <Delay = 0.00>
ST_4 : Operation 18 [1/1] (0.00ns)   --->   "%specstablecontent_ln398 = specstablecontent void @_ssdm_op_SpecStableContent, i32 %exp_buf_3_58, i1 1, void @p_str" [softmax_accel_hls.cc:398]   --->   Operation 18 'specstablecontent' 'specstablecontent_ln398' <Predicate = true> <Delay = 0.00>
ST_4 : Operation 19 [1/1] (0.00ns)   --->   "%specstablecontent_ln398 = specstablecontent void @_ssdm_op_SpecStableContent, i32 %exp_buf_3_57, i1 1, void @p_str" [softmax_accel_hls.cc:398]   --->   Operation 19 'specstablecontent' 'specstablecontent_ln398' <Predicate = true> <Delay = 0.00>
ST_4 : Operation 20 [1/1] (0.00ns)   --->   "%specstablecontent_ln398 = specstablecontent void @_ssdm_op_SpecStableContent, i32 %exp_buf_3_56, i1 1, void @p_str" [softmax_accel_hls.cc:398]   --->   Operation 20 'specstablecontent' 'specstablecontent_ln398' <Predicate = true> <Delay = 0.00>
ST_4 : Operation 21 [1/1] (0.00ns)   --->   "%specstablecontent_ln398 = specstablecontent void @_ssdm_op_SpecStableContent, i32 %exp_buf_3_55, i1 1, void @p_str" [softmax_accel_hls.cc:398]   --->   Operation 21 'specstablecontent' 'specstablecontent_ln398' <Predicate = true> <Delay = 0.00>
ST_4 : Operation 22 [1/1] (0.00ns)   --->   "%specstablecontent_ln398 = specstablecontent void @_ssdm_op_SpecStableContent, i32 %exp_buf_3_54, i1 1, void @p_str" [softmax_accel_hls.cc:398]   --->   Operation 22 'specstablecontent' 'specstablecontent_ln398' <Predicate = true> <Delay = 0.00>
ST_4 : Operation 23 [1/1] (0.00ns)   --->   "%specstablecontent_ln398 = specstablecontent void @_ssdm_op_SpecStableContent, i32 %exp_buf_3_53, i1 1, void @p_str" [softmax_accel_hls.cc:398]   --->   Operation 23 'specstablecontent' 'specstablecontent_ln398' <Predicate = true> <Delay = 0.00>
ST_4 : Operation 24 [1/1] (0.00ns)   --->   "%specstablecontent_ln398 = specstablecontent void @_ssdm_op_SpecStableContent, i32 %exp_buf_3_52, i1 1, void @p_str" [softmax_accel_hls.cc:398]   --->   Operation 24 'specstablecontent' 'specstablecontent_ln398' <Predicate = true> <Delay = 0.00>
ST_4 : Operation 25 [1/1] (0.00ns)   --->   "%specstablecontent_ln398 = specstablecontent void @_ssdm_op_SpecStableContent, i32 %exp_buf_3_51, i1 1, void @p_str" [softmax_accel_hls.cc:398]   --->   Operation 25 'specstablecontent' 'specstablecontent_ln398' <Predicate = true> <Delay = 0.00>
ST_4 : Operation 26 [1/1] (0.00ns)   --->   "%specstablecontent_ln398 = specstablecontent void @_ssdm_op_SpecStableContent, i32 %exp_buf_3_50, i1 1, void @p_str" [softmax_accel_hls.cc:398]   --->   Operation 26 'specstablecontent' 'specstablecontent_ln398' <Predicate = true> <Delay = 0.00>
ST_4 : Operation 27 [1/1] (0.00ns)   --->   "%specstablecontent_ln398 = specstablecontent void @_ssdm_op_SpecStableContent, i32 %exp_buf_3_49, i1 1, void @p_str" [softmax_accel_hls.cc:398]   --->   Operation 27 'specstablecontent' 'specstablecontent_ln398' <Predicate = true> <Delay = 0.00>
ST_4 : Operation 28 [1/1] (0.00ns)   --->   "%specstablecontent_ln398 = specstablecontent void @_ssdm_op_SpecStableContent, i32 %exp_buf_3_48, i1 1, void @p_str" [softmax_accel_hls.cc:398]   --->   Operation 28 'specstablecontent' 'specstablecontent_ln398' <Predicate = true> <Delay = 0.00>
ST_4 : Operation 29 [1/1] (0.00ns)   --->   "%specstablecontent_ln398 = specstablecontent void @_ssdm_op_SpecStableContent, i32 %exp_buf_3_47, i1 1, void @p_str" [softmax_accel_hls.cc:398]   --->   Operation 29 'specstablecontent' 'specstablecontent_ln398' <Predicate = true> <Delay = 0.00>
ST_4 : Operation 30 [1/1] (0.00ns)   --->   "%specstablecontent_ln398 = specstablecontent void @_ssdm_op_SpecStableContent, i32 %exp_buf_3_46, i1 1, void @p_str" [softmax_accel_hls.cc:398]   --->   Operation 30 'specstablecontent' 'specstablecontent_ln398' <Predicate = true> <Delay = 0.00>
ST_4 : Operation 31 [1/1] (0.00ns)   --->   "%specstablecontent_ln398 = specstablecontent void @_ssdm_op_SpecStableContent, i32 %exp_buf_3_45, i1 1, void @p_str" [softmax_accel_hls.cc:398]   --->   Operation 31 'specstablecontent' 'specstablecontent_ln398' <Predicate = true> <Delay = 0.00>
ST_4 : Operation 32 [1/1] (0.00ns)   --->   "%specstablecontent_ln398 = specstablecontent void @_ssdm_op_SpecStableContent, i32 %exp_buf_3_44, i1 1, void @p_str" [softmax_accel_hls.cc:398]   --->   Operation 32 'specstablecontent' 'specstablecontent_ln398' <Predicate = true> <Delay = 0.00>
ST_4 : Operation 33 [1/1] (0.00ns)   --->   "%specstablecontent_ln398 = specstablecontent void @_ssdm_op_SpecStableContent, i32 %exp_buf_3_43, i1 1, void @p_str" [softmax_accel_hls.cc:398]   --->   Operation 33 'specstablecontent' 'specstablecontent_ln398' <Predicate = true> <Delay = 0.00>
ST_4 : Operation 34 [1/1] (0.00ns)   --->   "%specstablecontent_ln398 = specstablecontent void @_ssdm_op_SpecStableContent, i32 %exp_buf_3_42, i1 1, void @p_str" [softmax_accel_hls.cc:398]   --->   Operation 34 'specstablecontent' 'specstablecontent_ln398' <Predicate = true> <Delay = 0.00>
ST_4 : Operation 35 [1/1] (0.00ns)   --->   "%specstablecontent_ln398 = specstablecontent void @_ssdm_op_SpecStableContent, i32 %exp_buf_3_41, i1 1, void @p_str" [softmax_accel_hls.cc:398]   --->   Operation 35 'specstablecontent' 'specstablecontent_ln398' <Predicate = true> <Delay = 0.00>
ST_4 : Operation 36 [1/1] (0.00ns)   --->   "%specstablecontent_ln398 = specstablecontent void @_ssdm_op_SpecStableContent, i32 %exp_buf_3_40, i1 1, void @p_str" [softmax_accel_hls.cc:398]   --->   Operation 36 'specstablecontent' 'specstablecontent_ln398' <Predicate = true> <Delay = 0.00>
ST_4 : Operation 37 [1/1] (0.00ns)   --->   "%specstablecontent_ln398 = specstablecontent void @_ssdm_op_SpecStableContent, i32 %exp_buf_3_39, i1 1, void @p_str" [softmax_accel_hls.cc:398]   --->   Operation 37 'specstablecontent' 'specstablecontent_ln398' <Predicate = true> <Delay = 0.00>
ST_4 : Operation 38 [1/1] (0.00ns)   --->   "%specstablecontent_ln398 = specstablecontent void @_ssdm_op_SpecStableContent, i32 %exp_buf_3_38, i1 1, void @p_str" [softmax_accel_hls.cc:398]   --->   Operation 38 'specstablecontent' 'specstablecontent_ln398' <Predicate = true> <Delay = 0.00>
ST_4 : Operation 39 [1/1] (0.00ns)   --->   "%specstablecontent_ln398 = specstablecontent void @_ssdm_op_SpecStableContent, i32 %exp_buf_3_37, i1 1, void @p_str" [softmax_accel_hls.cc:398]   --->   Operation 39 'specstablecontent' 'specstablecontent_ln398' <Predicate = true> <Delay = 0.00>
ST_4 : Operation 40 [1/1] (0.00ns)   --->   "%specstablecontent_ln398 = specstablecontent void @_ssdm_op_SpecStableContent, i32 %exp_buf_3_36, i1 1, void @p_str" [softmax_accel_hls.cc:398]   --->   Operation 40 'specstablecontent' 'specstablecontent_ln398' <Predicate = true> <Delay = 0.00>
ST_4 : Operation 41 [1/1] (0.00ns)   --->   "%specstablecontent_ln398 = specstablecontent void @_ssdm_op_SpecStableContent, i32 %exp_buf_3_35, i1 1, void @p_str" [softmax_accel_hls.cc:398]   --->   Operation 41 'specstablecontent' 'specstablecontent_ln398' <Predicate = true> <Delay = 0.00>
ST_4 : Operation 42 [1/1] (0.00ns)   --->   "%specstablecontent_ln398 = specstablecontent void @_ssdm_op_SpecStableContent, i32 %exp_buf_3_34, i1 1, void @p_str" [softmax_accel_hls.cc:398]   --->   Operation 42 'specstablecontent' 'specstablecontent_ln398' <Predicate = true> <Delay = 0.00>
ST_4 : Operation 43 [1/1] (0.00ns)   --->   "%specstablecontent_ln398 = specstablecontent void @_ssdm_op_SpecStableContent, i32 %exp_buf_3_33, i1 1, void @p_str" [softmax_accel_hls.cc:398]   --->   Operation 43 'specstablecontent' 'specstablecontent_ln398' <Predicate = true> <Delay = 0.00>
ST_4 : Operation 44 [1/1] (0.00ns)   --->   "%specstablecontent_ln398 = specstablecontent void @_ssdm_op_SpecStableContent, i32 %exp_buf_3_32, i1 1, void @p_str" [softmax_accel_hls.cc:398]   --->   Operation 44 'specstablecontent' 'specstablecontent_ln398' <Predicate = true> <Delay = 0.00>
ST_4 : Operation 45 [1/1] (0.00ns)   --->   "%specstablecontent_ln398 = specstablecontent void @_ssdm_op_SpecStableContent, i32 %exp_buf_3_31, i1 1, void @p_str" [softmax_accel_hls.cc:398]   --->   Operation 45 'specstablecontent' 'specstablecontent_ln398' <Predicate = true> <Delay = 0.00>
ST_4 : Operation 46 [1/1] (0.00ns)   --->   "%specstablecontent_ln398 = specstablecontent void @_ssdm_op_SpecStableContent, i32 %exp_buf_3_30, i1 1, void @p_str" [softmax_accel_hls.cc:398]   --->   Operation 46 'specstablecontent' 'specstablecontent_ln398' <Predicate = true> <Delay = 0.00>
ST_4 : Operation 47 [1/1] (0.00ns)   --->   "%specstablecontent_ln398 = specstablecontent void @_ssdm_op_SpecStableContent, i32 %exp_buf_3_29, i1 1, void @p_str" [softmax_accel_hls.cc:398]   --->   Operation 47 'specstablecontent' 'specstablecontent_ln398' <Predicate = true> <Delay = 0.00>
ST_4 : Operation 48 [1/1] (0.00ns)   --->   "%specstablecontent_ln398 = specstablecontent void @_ssdm_op_SpecStableContent, i32 %exp_buf_3_28, i1 1, void @p_str" [softmax_accel_hls.cc:398]   --->   Operation 48 'specstablecontent' 'specstablecontent_ln398' <Predicate = true> <Delay = 0.00>
ST_4 : Operation 49 [1/1] (0.00ns)   --->   "%specstablecontent_ln398 = specstablecontent void @_ssdm_op_SpecStableContent, i32 %exp_buf_3_27, i1 1, void @p_str" [softmax_accel_hls.cc:398]   --->   Operation 49 'specstablecontent' 'specstablecontent_ln398' <Predicate = true> <Delay = 0.00>
ST_4 : Operation 50 [1/1] (0.00ns)   --->   "%specstablecontent_ln398 = specstablecontent void @_ssdm_op_SpecStableContent, i32 %exp_buf_3_26, i1 1, void @p_str" [softmax_accel_hls.cc:398]   --->   Operation 50 'specstablecontent' 'specstablecontent_ln398' <Predicate = true> <Delay = 0.00>
ST_4 : Operation 51 [1/1] (0.00ns)   --->   "%specstablecontent_ln398 = specstablecontent void @_ssdm_op_SpecStableContent, i32 %exp_buf_3_25, i1 1, void @p_str" [softmax_accel_hls.cc:398]   --->   Operation 51 'specstablecontent' 'specstablecontent_ln398' <Predicate = true> <Delay = 0.00>
ST_4 : Operation 52 [1/1] (0.00ns)   --->   "%specstablecontent_ln398 = specstablecontent void @_ssdm_op_SpecStableContent, i32 %exp_buf_3_24, i1 1, void @p_str" [softmax_accel_hls.cc:398]   --->   Operation 52 'specstablecontent' 'specstablecontent_ln398' <Predicate = true> <Delay = 0.00>
ST_4 : Operation 53 [1/1] (0.00ns)   --->   "%specstablecontent_ln398 = specstablecontent void @_ssdm_op_SpecStableContent, i32 %exp_buf_3_23, i1 1, void @p_str" [softmax_accel_hls.cc:398]   --->   Operation 53 'specstablecontent' 'specstablecontent_ln398' <Predicate = true> <Delay = 0.00>
ST_4 : Operation 54 [1/1] (0.00ns)   --->   "%specstablecontent_ln398 = specstablecontent void @_ssdm_op_SpecStableContent, i32 %exp_buf_3_22, i1 1, void @p_str" [softmax_accel_hls.cc:398]   --->   Operation 54 'specstablecontent' 'specstablecontent_ln398' <Predicate = true> <Delay = 0.00>
ST_4 : Operation 55 [1/1] (0.00ns)   --->   "%specstablecontent_ln398 = specstablecontent void @_ssdm_op_SpecStableContent, i32 %exp_buf_3_21, i1 1, void @p_str" [softmax_accel_hls.cc:398]   --->   Operation 55 'specstablecontent' 'specstablecontent_ln398' <Predicate = true> <Delay = 0.00>
ST_4 : Operation 56 [1/1] (0.00ns)   --->   "%specstablecontent_ln398 = specstablecontent void @_ssdm_op_SpecStableContent, i32 %exp_buf_3_20, i1 1, void @p_str" [softmax_accel_hls.cc:398]   --->   Operation 56 'specstablecontent' 'specstablecontent_ln398' <Predicate = true> <Delay = 0.00>
ST_4 : Operation 57 [1/1] (0.00ns)   --->   "%specstablecontent_ln398 = specstablecontent void @_ssdm_op_SpecStableContent, i32 %exp_buf_3_19, i1 1, void @p_str" [softmax_accel_hls.cc:398]   --->   Operation 57 'specstablecontent' 'specstablecontent_ln398' <Predicate = true> <Delay = 0.00>
ST_4 : Operation 58 [1/1] (0.00ns)   --->   "%specstablecontent_ln398 = specstablecontent void @_ssdm_op_SpecStableContent, i32 %exp_buf_3_18, i1 1, void @p_str" [softmax_accel_hls.cc:398]   --->   Operation 58 'specstablecontent' 'specstablecontent_ln398' <Predicate = true> <Delay = 0.00>
ST_4 : Operation 59 [1/1] (0.00ns)   --->   "%specstablecontent_ln398 = specstablecontent void @_ssdm_op_SpecStableContent, i32 %exp_buf_3_17, i1 1, void @p_str" [softmax_accel_hls.cc:398]   --->   Operation 59 'specstablecontent' 'specstablecontent_ln398' <Predicate = true> <Delay = 0.00>
ST_4 : Operation 60 [1/1] (0.00ns)   --->   "%specstablecontent_ln398 = specstablecontent void @_ssdm_op_SpecStableContent, i32 %exp_buf_3_16, i1 1, void @p_str" [softmax_accel_hls.cc:398]   --->   Operation 60 'specstablecontent' 'specstablecontent_ln398' <Predicate = true> <Delay = 0.00>
ST_4 : Operation 61 [1/1] (0.00ns)   --->   "%specstablecontent_ln398 = specstablecontent void @_ssdm_op_SpecStableContent, i32 %exp_buf_3_15, i1 1, void @p_str" [softmax_accel_hls.cc:398]   --->   Operation 61 'specstablecontent' 'specstablecontent_ln398' <Predicate = true> <Delay = 0.00>
ST_4 : Operation 62 [1/1] (0.00ns)   --->   "%specstablecontent_ln398 = specstablecontent void @_ssdm_op_SpecStableContent, i32 %exp_buf_3_14, i1 1, void @p_str" [softmax_accel_hls.cc:398]   --->   Operation 62 'specstablecontent' 'specstablecontent_ln398' <Predicate = true> <Delay = 0.00>
ST_4 : Operation 63 [1/1] (0.00ns)   --->   "%specstablecontent_ln398 = specstablecontent void @_ssdm_op_SpecStableContent, i32 %exp_buf_3_13, i1 1, void @p_str" [softmax_accel_hls.cc:398]   --->   Operation 63 'specstablecontent' 'specstablecontent_ln398' <Predicate = true> <Delay = 0.00>
ST_4 : Operation 64 [1/1] (0.00ns)   --->   "%specstablecontent_ln398 = specstablecontent void @_ssdm_op_SpecStableContent, i32 %exp_buf_3_12, i1 1, void @p_str" [softmax_accel_hls.cc:398]   --->   Operation 64 'specstablecontent' 'specstablecontent_ln398' <Predicate = true> <Delay = 0.00>
ST_4 : Operation 65 [1/1] (0.00ns)   --->   "%specstablecontent_ln398 = specstablecontent void @_ssdm_op_SpecStableContent, i32 %exp_buf_3_11, i1 1, void @p_str" [softmax_accel_hls.cc:398]   --->   Operation 65 'specstablecontent' 'specstablecontent_ln398' <Predicate = true> <Delay = 0.00>
ST_4 : Operation 66 [1/1] (0.00ns)   --->   "%specstablecontent_ln398 = specstablecontent void @_ssdm_op_SpecStableContent, i32 %exp_buf_3_10, i1 1, void @p_str" [softmax_accel_hls.cc:398]   --->   Operation 66 'specstablecontent' 'specstablecontent_ln398' <Predicate = true> <Delay = 0.00>
ST_4 : Operation 67 [1/1] (0.00ns)   --->   "%specstablecontent_ln398 = specstablecontent void @_ssdm_op_SpecStableContent, i32 %exp_buf_3_9, i1 1, void @p_str" [softmax_accel_hls.cc:398]   --->   Operation 67 'specstablecontent' 'specstablecontent_ln398' <Predicate = true> <Delay = 0.00>
ST_4 : Operation 68 [1/1] (0.00ns)   --->   "%specstablecontent_ln398 = specstablecontent void @_ssdm_op_SpecStableContent, i32 %exp_buf_3_8, i1 1, void @p_str" [softmax_accel_hls.cc:398]   --->   Operation 68 'specstablecontent' 'specstablecontent_ln398' <Predicate = true> <Delay = 0.00>
ST_4 : Operation 69 [1/1] (0.00ns)   --->   "%specstablecontent_ln398 = specstablecontent void @_ssdm_op_SpecStableContent, i32 %exp_buf_3_7, i1 1, void @p_str" [softmax_accel_hls.cc:398]   --->   Operation 69 'specstablecontent' 'specstablecontent_ln398' <Predicate = true> <Delay = 0.00>
ST_4 : Operation 70 [1/1] (0.00ns)   --->   "%specstablecontent_ln398 = specstablecontent void @_ssdm_op_SpecStableContent, i32 %exp_buf_3_6, i1 1, void @p_str" [softmax_accel_hls.cc:398]   --->   Operation 70 'specstablecontent' 'specstablecontent_ln398' <Predicate = true> <Delay = 0.00>
ST_4 : Operation 71 [1/1] (0.00ns)   --->   "%specstablecontent_ln398 = specstablecontent void @_ssdm_op_SpecStableContent, i32 %exp_buf_3_5, i1 1, void @p_str" [softmax_accel_hls.cc:398]   --->   Operation 71 'specstablecontent' 'specstablecontent_ln398' <Predicate = true> <Delay = 0.00>
ST_4 : Operation 72 [1/1] (0.00ns)   --->   "%specstablecontent_ln398 = specstablecontent void @_ssdm_op_SpecStableContent, i32 %exp_buf_3_4, i1 1, void @p_str" [softmax_accel_hls.cc:398]   --->   Operation 72 'specstablecontent' 'specstablecontent_ln398' <Predicate = true> <Delay = 0.00>
ST_4 : Operation 73 [1/1] (0.00ns)   --->   "%specstablecontent_ln398 = specstablecontent void @_ssdm_op_SpecStableContent, i32 %exp_buf_3_3, i1 1, void @p_str" [softmax_accel_hls.cc:398]   --->   Operation 73 'specstablecontent' 'specstablecontent_ln398' <Predicate = true> <Delay = 0.00>
ST_4 : Operation 74 [1/1] (0.00ns)   --->   "%specstablecontent_ln398 = specstablecontent void @_ssdm_op_SpecStableContent, i32 %exp_buf_3_2, i1 1, void @p_str" [softmax_accel_hls.cc:398]   --->   Operation 74 'specstablecontent' 'specstablecontent_ln398' <Predicate = true> <Delay = 0.00>
ST_4 : Operation 75 [1/1] (0.00ns)   --->   "%specstablecontent_ln398 = specstablecontent void @_ssdm_op_SpecStableContent, i32 %exp_buf_3_1, i1 1, void @p_str" [softmax_accel_hls.cc:398]   --->   Operation 75 'specstablecontent' 'specstablecontent_ln398' <Predicate = true> <Delay = 0.00>
ST_4 : Operation 76 [1/1] (0.00ns)   --->   "%specstablecontent_ln398 = specstablecontent void @_ssdm_op_SpecStableContent, i32 %exp_buf_3_0, i1 1, void @p_str" [softmax_accel_hls.cc:398]   --->   Operation 76 'specstablecontent' 'specstablecontent_ln398' <Predicate = true> <Delay = 0.00>
ST_4 : Operation 77 [1/1] (0.00ns)   --->   "%specstablecontent_ln398 = specstablecontent void @_ssdm_op_SpecStableContent, i32 %exp_buf_2_63, i1 1, void @p_str" [softmax_accel_hls.cc:398]   --->   Operation 77 'specstablecontent' 'specstablecontent_ln398' <Predicate = true> <Delay = 0.00>
ST_4 : Operation 78 [1/1] (0.00ns)   --->   "%specstablecontent_ln398 = specstablecontent void @_ssdm_op_SpecStableContent, i32 %exp_buf_2_62, i1 1, void @p_str" [softmax_accel_hls.cc:398]   --->   Operation 78 'specstablecontent' 'specstablecontent_ln398' <Predicate = true> <Delay = 0.00>
ST_4 : Operation 79 [1/1] (0.00ns)   --->   "%specstablecontent_ln398 = specstablecontent void @_ssdm_op_SpecStableContent, i32 %exp_buf_2_61, i1 1, void @p_str" [softmax_accel_hls.cc:398]   --->   Operation 79 'specstablecontent' 'specstablecontent_ln398' <Predicate = true> <Delay = 0.00>
ST_4 : Operation 80 [1/1] (0.00ns)   --->   "%specstablecontent_ln398 = specstablecontent void @_ssdm_op_SpecStableContent, i32 %exp_buf_2_60, i1 1, void @p_str" [softmax_accel_hls.cc:398]   --->   Operation 80 'specstablecontent' 'specstablecontent_ln398' <Predicate = true> <Delay = 0.00>
ST_4 : Operation 81 [1/1] (0.00ns)   --->   "%specstablecontent_ln398 = specstablecontent void @_ssdm_op_SpecStableContent, i32 %exp_buf_2_59, i1 1, void @p_str" [softmax_accel_hls.cc:398]   --->   Operation 81 'specstablecontent' 'specstablecontent_ln398' <Predicate = true> <Delay = 0.00>
ST_4 : Operation 82 [1/1] (0.00ns)   --->   "%specstablecontent_ln398 = specstablecontent void @_ssdm_op_SpecStableContent, i32 %exp_buf_2_58, i1 1, void @p_str" [softmax_accel_hls.cc:398]   --->   Operation 82 'specstablecontent' 'specstablecontent_ln398' <Predicate = true> <Delay = 0.00>
ST_4 : Operation 83 [1/1] (0.00ns)   --->   "%specstablecontent_ln398 = specstablecontent void @_ssdm_op_SpecStableContent, i32 %exp_buf_2_57, i1 1, void @p_str" [softmax_accel_hls.cc:398]   --->   Operation 83 'specstablecontent' 'specstablecontent_ln398' <Predicate = true> <Delay = 0.00>
ST_4 : Operation 84 [1/1] (0.00ns)   --->   "%specstablecontent_ln398 = specstablecontent void @_ssdm_op_SpecStableContent, i32 %exp_buf_2_56, i1 1, void @p_str" [softmax_accel_hls.cc:398]   --->   Operation 84 'specstablecontent' 'specstablecontent_ln398' <Predicate = true> <Delay = 0.00>
ST_4 : Operation 85 [1/1] (0.00ns)   --->   "%specstablecontent_ln398 = specstablecontent void @_ssdm_op_SpecStableContent, i32 %exp_buf_2_55, i1 1, void @p_str" [softmax_accel_hls.cc:398]   --->   Operation 85 'specstablecontent' 'specstablecontent_ln398' <Predicate = true> <Delay = 0.00>
ST_4 : Operation 86 [1/1] (0.00ns)   --->   "%specstablecontent_ln398 = specstablecontent void @_ssdm_op_SpecStableContent, i32 %exp_buf_2_54, i1 1, void @p_str" [softmax_accel_hls.cc:398]   --->   Operation 86 'specstablecontent' 'specstablecontent_ln398' <Predicate = true> <Delay = 0.00>
ST_4 : Operation 87 [1/1] (0.00ns)   --->   "%specstablecontent_ln398 = specstablecontent void @_ssdm_op_SpecStableContent, i32 %exp_buf_2_53, i1 1, void @p_str" [softmax_accel_hls.cc:398]   --->   Operation 87 'specstablecontent' 'specstablecontent_ln398' <Predicate = true> <Delay = 0.00>
ST_4 : Operation 88 [1/1] (0.00ns)   --->   "%specstablecontent_ln398 = specstablecontent void @_ssdm_op_SpecStableContent, i32 %exp_buf_2_52, i1 1, void @p_str" [softmax_accel_hls.cc:398]   --->   Operation 88 'specstablecontent' 'specstablecontent_ln398' <Predicate = true> <Delay = 0.00>
ST_4 : Operation 89 [1/1] (0.00ns)   --->   "%specstablecontent_ln398 = specstablecontent void @_ssdm_op_SpecStableContent, i32 %exp_buf_2_51, i1 1, void @p_str" [softmax_accel_hls.cc:398]   --->   Operation 89 'specstablecontent' 'specstablecontent_ln398' <Predicate = true> <Delay = 0.00>
ST_4 : Operation 90 [1/1] (0.00ns)   --->   "%specstablecontent_ln398 = specstablecontent void @_ssdm_op_SpecStableContent, i32 %exp_buf_2_50, i1 1, void @p_str" [softmax_accel_hls.cc:398]   --->   Operation 90 'specstablecontent' 'specstablecontent_ln398' <Predicate = true> <Delay = 0.00>
ST_4 : Operation 91 [1/1] (0.00ns)   --->   "%specstablecontent_ln398 = specstablecontent void @_ssdm_op_SpecStableContent, i32 %exp_buf_2_49, i1 1, void @p_str" [softmax_accel_hls.cc:398]   --->   Operation 91 'specstablecontent' 'specstablecontent_ln398' <Predicate = true> <Delay = 0.00>
ST_4 : Operation 92 [1/1] (0.00ns)   --->   "%specstablecontent_ln398 = specstablecontent void @_ssdm_op_SpecStableContent, i32 %exp_buf_2_48, i1 1, void @p_str" [softmax_accel_hls.cc:398]   --->   Operation 92 'specstablecontent' 'specstablecontent_ln398' <Predicate = true> <Delay = 0.00>
ST_4 : Operation 93 [1/1] (0.00ns)   --->   "%specstablecontent_ln398 = specstablecontent void @_ssdm_op_SpecStableContent, i32 %exp_buf_2_47, i1 1, void @p_str" [softmax_accel_hls.cc:398]   --->   Operation 93 'specstablecontent' 'specstablecontent_ln398' <Predicate = true> <Delay = 0.00>
ST_4 : Operation 94 [1/1] (0.00ns)   --->   "%specstablecontent_ln398 = specstablecontent void @_ssdm_op_SpecStableContent, i32 %exp_buf_2_46, i1 1, void @p_str" [softmax_accel_hls.cc:398]   --->   Operation 94 'specstablecontent' 'specstablecontent_ln398' <Predicate = true> <Delay = 0.00>
ST_4 : Operation 95 [1/1] (0.00ns)   --->   "%specstablecontent_ln398 = specstablecontent void @_ssdm_op_SpecStableContent, i32 %exp_buf_2_45, i1 1, void @p_str" [softmax_accel_hls.cc:398]   --->   Operation 95 'specstablecontent' 'specstablecontent_ln398' <Predicate = true> <Delay = 0.00>
ST_4 : Operation 96 [1/1] (0.00ns)   --->   "%specstablecontent_ln398 = specstablecontent void @_ssdm_op_SpecStableContent, i32 %exp_buf_2_44, i1 1, void @p_str" [softmax_accel_hls.cc:398]   --->   Operation 96 'specstablecontent' 'specstablecontent_ln398' <Predicate = true> <Delay = 0.00>
ST_4 : Operation 97 [1/1] (0.00ns)   --->   "%specstablecontent_ln398 = specstablecontent void @_ssdm_op_SpecStableContent, i32 %exp_buf_2_43, i1 1, void @p_str" [softmax_accel_hls.cc:398]   --->   Operation 97 'specstablecontent' 'specstablecontent_ln398' <Predicate = true> <Delay = 0.00>
ST_4 : Operation 98 [1/1] (0.00ns)   --->   "%specstablecontent_ln398 = specstablecontent void @_ssdm_op_SpecStableContent, i32 %exp_buf_2_42, i1 1, void @p_str" [softmax_accel_hls.cc:398]   --->   Operation 98 'specstablecontent' 'specstablecontent_ln398' <Predicate = true> <Delay = 0.00>
ST_4 : Operation 99 [1/1] (0.00ns)   --->   "%specstablecontent_ln398 = specstablecontent void @_ssdm_op_SpecStableContent, i32 %exp_buf_2_41, i1 1, void @p_str" [softmax_accel_hls.cc:398]   --->   Operation 99 'specstablecontent' 'specstablecontent_ln398' <Predicate = true> <Delay = 0.00>
ST_4 : Operation 100 [1/1] (0.00ns)   --->   "%specstablecontent_ln398 = specstablecontent void @_ssdm_op_SpecStableContent, i32 %exp_buf_2_40, i1 1, void @p_str" [softmax_accel_hls.cc:398]   --->   Operation 100 'specstablecontent' 'specstablecontent_ln398' <Predicate = true> <Delay = 0.00>
ST_4 : Operation 101 [1/1] (0.00ns)   --->   "%specstablecontent_ln398 = specstablecontent void @_ssdm_op_SpecStableContent, i32 %exp_buf_2_39, i1 1, void @p_str" [softmax_accel_hls.cc:398]   --->   Operation 101 'specstablecontent' 'specstablecontent_ln398' <Predicate = true> <Delay = 0.00>
ST_4 : Operation 102 [1/1] (0.00ns)   --->   "%specstablecontent_ln398 = specstablecontent void @_ssdm_op_SpecStableContent, i32 %exp_buf_2_38, i1 1, void @p_str" [softmax_accel_hls.cc:398]   --->   Operation 102 'specstablecontent' 'specstablecontent_ln398' <Predicate = true> <Delay = 0.00>
ST_4 : Operation 103 [1/1] (0.00ns)   --->   "%specstablecontent_ln398 = specstablecontent void @_ssdm_op_SpecStableContent, i32 %exp_buf_2_37, i1 1, void @p_str" [softmax_accel_hls.cc:398]   --->   Operation 103 'specstablecontent' 'specstablecontent_ln398' <Predicate = true> <Delay = 0.00>
ST_4 : Operation 104 [1/1] (0.00ns)   --->   "%specstablecontent_ln398 = specstablecontent void @_ssdm_op_SpecStableContent, i32 %exp_buf_2_36, i1 1, void @p_str" [softmax_accel_hls.cc:398]   --->   Operation 104 'specstablecontent' 'specstablecontent_ln398' <Predicate = true> <Delay = 0.00>
ST_4 : Operation 105 [1/1] (0.00ns)   --->   "%specstablecontent_ln398 = specstablecontent void @_ssdm_op_SpecStableContent, i32 %exp_buf_2_35, i1 1, void @p_str" [softmax_accel_hls.cc:398]   --->   Operation 105 'specstablecontent' 'specstablecontent_ln398' <Predicate = true> <Delay = 0.00>
ST_4 : Operation 106 [1/1] (0.00ns)   --->   "%specstablecontent_ln398 = specstablecontent void @_ssdm_op_SpecStableContent, i32 %exp_buf_2_34, i1 1, void @p_str" [softmax_accel_hls.cc:398]   --->   Operation 106 'specstablecontent' 'specstablecontent_ln398' <Predicate = true> <Delay = 0.00>
ST_4 : Operation 107 [1/1] (0.00ns)   --->   "%specstablecontent_ln398 = specstablecontent void @_ssdm_op_SpecStableContent, i32 %exp_buf_2_33, i1 1, void @p_str" [softmax_accel_hls.cc:398]   --->   Operation 107 'specstablecontent' 'specstablecontent_ln398' <Predicate = true> <Delay = 0.00>
ST_4 : Operation 108 [1/1] (0.00ns)   --->   "%specstablecontent_ln398 = specstablecontent void @_ssdm_op_SpecStableContent, i32 %exp_buf_2_32, i1 1, void @p_str" [softmax_accel_hls.cc:398]   --->   Operation 108 'specstablecontent' 'specstablecontent_ln398' <Predicate = true> <Delay = 0.00>
ST_4 : Operation 109 [1/1] (0.00ns)   --->   "%specstablecontent_ln398 = specstablecontent void @_ssdm_op_SpecStableContent, i32 %exp_buf_2_31, i1 1, void @p_str" [softmax_accel_hls.cc:398]   --->   Operation 109 'specstablecontent' 'specstablecontent_ln398' <Predicate = true> <Delay = 0.00>
ST_4 : Operation 110 [1/1] (0.00ns)   --->   "%specstablecontent_ln398 = specstablecontent void @_ssdm_op_SpecStableContent, i32 %exp_buf_2_30, i1 1, void @p_str" [softmax_accel_hls.cc:398]   --->   Operation 110 'specstablecontent' 'specstablecontent_ln398' <Predicate = true> <Delay = 0.00>
ST_4 : Operation 111 [1/1] (0.00ns)   --->   "%specstablecontent_ln398 = specstablecontent void @_ssdm_op_SpecStableContent, i32 %exp_buf_2_29, i1 1, void @p_str" [softmax_accel_hls.cc:398]   --->   Operation 111 'specstablecontent' 'specstablecontent_ln398' <Predicate = true> <Delay = 0.00>
ST_4 : Operation 112 [1/1] (0.00ns)   --->   "%specstablecontent_ln398 = specstablecontent void @_ssdm_op_SpecStableContent, i32 %exp_buf_2_28, i1 1, void @p_str" [softmax_accel_hls.cc:398]   --->   Operation 112 'specstablecontent' 'specstablecontent_ln398' <Predicate = true> <Delay = 0.00>
ST_4 : Operation 113 [1/1] (0.00ns)   --->   "%specstablecontent_ln398 = specstablecontent void @_ssdm_op_SpecStableContent, i32 %exp_buf_2_27, i1 1, void @p_str" [softmax_accel_hls.cc:398]   --->   Operation 113 'specstablecontent' 'specstablecontent_ln398' <Predicate = true> <Delay = 0.00>
ST_4 : Operation 114 [1/1] (0.00ns)   --->   "%specstablecontent_ln398 = specstablecontent void @_ssdm_op_SpecStableContent, i32 %exp_buf_2_26, i1 1, void @p_str" [softmax_accel_hls.cc:398]   --->   Operation 114 'specstablecontent' 'specstablecontent_ln398' <Predicate = true> <Delay = 0.00>
ST_4 : Operation 115 [1/1] (0.00ns)   --->   "%specstablecontent_ln398 = specstablecontent void @_ssdm_op_SpecStableContent, i32 %exp_buf_2_25, i1 1, void @p_str" [softmax_accel_hls.cc:398]   --->   Operation 115 'specstablecontent' 'specstablecontent_ln398' <Predicate = true> <Delay = 0.00>
ST_4 : Operation 116 [1/1] (0.00ns)   --->   "%specstablecontent_ln398 = specstablecontent void @_ssdm_op_SpecStableContent, i32 %exp_buf_2_24, i1 1, void @p_str" [softmax_accel_hls.cc:398]   --->   Operation 116 'specstablecontent' 'specstablecontent_ln398' <Predicate = true> <Delay = 0.00>
ST_4 : Operation 117 [1/1] (0.00ns)   --->   "%specstablecontent_ln398 = specstablecontent void @_ssdm_op_SpecStableContent, i32 %exp_buf_2_23, i1 1, void @p_str" [softmax_accel_hls.cc:398]   --->   Operation 117 'specstablecontent' 'specstablecontent_ln398' <Predicate = true> <Delay = 0.00>
ST_4 : Operation 118 [1/1] (0.00ns)   --->   "%specstablecontent_ln398 = specstablecontent void @_ssdm_op_SpecStableContent, i32 %exp_buf_2_22, i1 1, void @p_str" [softmax_accel_hls.cc:398]   --->   Operation 118 'specstablecontent' 'specstablecontent_ln398' <Predicate = true> <Delay = 0.00>
ST_4 : Operation 119 [1/1] (0.00ns)   --->   "%specstablecontent_ln398 = specstablecontent void @_ssdm_op_SpecStableContent, i32 %exp_buf_2_21, i1 1, void @p_str" [softmax_accel_hls.cc:398]   --->   Operation 119 'specstablecontent' 'specstablecontent_ln398' <Predicate = true> <Delay = 0.00>
ST_4 : Operation 120 [1/1] (0.00ns)   --->   "%specstablecontent_ln398 = specstablecontent void @_ssdm_op_SpecStableContent, i32 %exp_buf_2_20, i1 1, void @p_str" [softmax_accel_hls.cc:398]   --->   Operation 120 'specstablecontent' 'specstablecontent_ln398' <Predicate = true> <Delay = 0.00>
ST_4 : Operation 121 [1/1] (0.00ns)   --->   "%specstablecontent_ln398 = specstablecontent void @_ssdm_op_SpecStableContent, i32 %exp_buf_2_19, i1 1, void @p_str" [softmax_accel_hls.cc:398]   --->   Operation 121 'specstablecontent' 'specstablecontent_ln398' <Predicate = true> <Delay = 0.00>
ST_4 : Operation 122 [1/1] (0.00ns)   --->   "%specstablecontent_ln398 = specstablecontent void @_ssdm_op_SpecStableContent, i32 %exp_buf_2_18, i1 1, void @p_str" [softmax_accel_hls.cc:398]   --->   Operation 122 'specstablecontent' 'specstablecontent_ln398' <Predicate = true> <Delay = 0.00>
ST_4 : Operation 123 [1/1] (0.00ns)   --->   "%specstablecontent_ln398 = specstablecontent void @_ssdm_op_SpecStableContent, i32 %exp_buf_2_17, i1 1, void @p_str" [softmax_accel_hls.cc:398]   --->   Operation 123 'specstablecontent' 'specstablecontent_ln398' <Predicate = true> <Delay = 0.00>
ST_4 : Operation 124 [1/1] (0.00ns)   --->   "%specstablecontent_ln398 = specstablecontent void @_ssdm_op_SpecStableContent, i32 %exp_buf_2_16, i1 1, void @p_str" [softmax_accel_hls.cc:398]   --->   Operation 124 'specstablecontent' 'specstablecontent_ln398' <Predicate = true> <Delay = 0.00>
ST_4 : Operation 125 [1/1] (0.00ns)   --->   "%specstablecontent_ln398 = specstablecontent void @_ssdm_op_SpecStableContent, i32 %exp_buf_2_15, i1 1, void @p_str" [softmax_accel_hls.cc:398]   --->   Operation 125 'specstablecontent' 'specstablecontent_ln398' <Predicate = true> <Delay = 0.00>
ST_4 : Operation 126 [1/1] (0.00ns)   --->   "%specstablecontent_ln398 = specstablecontent void @_ssdm_op_SpecStableContent, i32 %exp_buf_2_14, i1 1, void @p_str" [softmax_accel_hls.cc:398]   --->   Operation 126 'specstablecontent' 'specstablecontent_ln398' <Predicate = true> <Delay = 0.00>
ST_4 : Operation 127 [1/1] (0.00ns)   --->   "%specstablecontent_ln398 = specstablecontent void @_ssdm_op_SpecStableContent, i32 %exp_buf_2_13, i1 1, void @p_str" [softmax_accel_hls.cc:398]   --->   Operation 127 'specstablecontent' 'specstablecontent_ln398' <Predicate = true> <Delay = 0.00>
ST_4 : Operation 128 [1/1] (0.00ns)   --->   "%specstablecontent_ln398 = specstablecontent void @_ssdm_op_SpecStableContent, i32 %exp_buf_2_12, i1 1, void @p_str" [softmax_accel_hls.cc:398]   --->   Operation 128 'specstablecontent' 'specstablecontent_ln398' <Predicate = true> <Delay = 0.00>
ST_4 : Operation 129 [1/1] (0.00ns)   --->   "%specstablecontent_ln398 = specstablecontent void @_ssdm_op_SpecStableContent, i32 %exp_buf_2_11, i1 1, void @p_str" [softmax_accel_hls.cc:398]   --->   Operation 129 'specstablecontent' 'specstablecontent_ln398' <Predicate = true> <Delay = 0.00>
ST_4 : Operation 130 [1/1] (0.00ns)   --->   "%specstablecontent_ln398 = specstablecontent void @_ssdm_op_SpecStableContent, i32 %exp_buf_2_10, i1 1, void @p_str" [softmax_accel_hls.cc:398]   --->   Operation 130 'specstablecontent' 'specstablecontent_ln398' <Predicate = true> <Delay = 0.00>
ST_4 : Operation 131 [1/1] (0.00ns)   --->   "%specstablecontent_ln398 = specstablecontent void @_ssdm_op_SpecStableContent, i32 %exp_buf_2_9, i1 1, void @p_str" [softmax_accel_hls.cc:398]   --->   Operation 131 'specstablecontent' 'specstablecontent_ln398' <Predicate = true> <Delay = 0.00>
ST_4 : Operation 132 [1/1] (0.00ns)   --->   "%specstablecontent_ln398 = specstablecontent void @_ssdm_op_SpecStableContent, i32 %exp_buf_2_8, i1 1, void @p_str" [softmax_accel_hls.cc:398]   --->   Operation 132 'specstablecontent' 'specstablecontent_ln398' <Predicate = true> <Delay = 0.00>
ST_4 : Operation 133 [1/1] (0.00ns)   --->   "%specstablecontent_ln398 = specstablecontent void @_ssdm_op_SpecStableContent, i32 %exp_buf_2_7, i1 1, void @p_str" [softmax_accel_hls.cc:398]   --->   Operation 133 'specstablecontent' 'specstablecontent_ln398' <Predicate = true> <Delay = 0.00>
ST_4 : Operation 134 [1/1] (0.00ns)   --->   "%specstablecontent_ln398 = specstablecontent void @_ssdm_op_SpecStableContent, i32 %exp_buf_2_6, i1 1, void @p_str" [softmax_accel_hls.cc:398]   --->   Operation 134 'specstablecontent' 'specstablecontent_ln398' <Predicate = true> <Delay = 0.00>
ST_4 : Operation 135 [1/1] (0.00ns)   --->   "%specstablecontent_ln398 = specstablecontent void @_ssdm_op_SpecStableContent, i32 %exp_buf_2_5, i1 1, void @p_str" [softmax_accel_hls.cc:398]   --->   Operation 135 'specstablecontent' 'specstablecontent_ln398' <Predicate = true> <Delay = 0.00>
ST_4 : Operation 136 [1/1] (0.00ns)   --->   "%specstablecontent_ln398 = specstablecontent void @_ssdm_op_SpecStableContent, i32 %exp_buf_2_4, i1 1, void @p_str" [softmax_accel_hls.cc:398]   --->   Operation 136 'specstablecontent' 'specstablecontent_ln398' <Predicate = true> <Delay = 0.00>
ST_4 : Operation 137 [1/1] (0.00ns)   --->   "%specstablecontent_ln398 = specstablecontent void @_ssdm_op_SpecStableContent, i32 %exp_buf_2_3, i1 1, void @p_str" [softmax_accel_hls.cc:398]   --->   Operation 137 'specstablecontent' 'specstablecontent_ln398' <Predicate = true> <Delay = 0.00>
ST_4 : Operation 138 [1/1] (0.00ns)   --->   "%specstablecontent_ln398 = specstablecontent void @_ssdm_op_SpecStableContent, i32 %exp_buf_2_2, i1 1, void @p_str" [softmax_accel_hls.cc:398]   --->   Operation 138 'specstablecontent' 'specstablecontent_ln398' <Predicate = true> <Delay = 0.00>
ST_4 : Operation 139 [1/1] (0.00ns)   --->   "%specstablecontent_ln398 = specstablecontent void @_ssdm_op_SpecStableContent, i32 %exp_buf_2_1, i1 1, void @p_str" [softmax_accel_hls.cc:398]   --->   Operation 139 'specstablecontent' 'specstablecontent_ln398' <Predicate = true> <Delay = 0.00>
ST_4 : Operation 140 [1/1] (0.00ns)   --->   "%specstablecontent_ln398 = specstablecontent void @_ssdm_op_SpecStableContent, i32 %exp_buf_2_0, i1 1, void @p_str" [softmax_accel_hls.cc:398]   --->   Operation 140 'specstablecontent' 'specstablecontent_ln398' <Predicate = true> <Delay = 0.00>
ST_4 : Operation 141 [1/1] (0.00ns)   --->   "%specstablecontent_ln398 = specstablecontent void @_ssdm_op_SpecStableContent, i32 %exp_buf_1_63, i1 1, void @p_str" [softmax_accel_hls.cc:398]   --->   Operation 141 'specstablecontent' 'specstablecontent_ln398' <Predicate = true> <Delay = 0.00>
ST_4 : Operation 142 [1/1] (0.00ns)   --->   "%specstablecontent_ln398 = specstablecontent void @_ssdm_op_SpecStableContent, i32 %exp_buf_1_62, i1 1, void @p_str" [softmax_accel_hls.cc:398]   --->   Operation 142 'specstablecontent' 'specstablecontent_ln398' <Predicate = true> <Delay = 0.00>
ST_4 : Operation 143 [1/1] (0.00ns)   --->   "%specstablecontent_ln398 = specstablecontent void @_ssdm_op_SpecStableContent, i32 %exp_buf_1_61, i1 1, void @p_str" [softmax_accel_hls.cc:398]   --->   Operation 143 'specstablecontent' 'specstablecontent_ln398' <Predicate = true> <Delay = 0.00>
ST_4 : Operation 144 [1/1] (0.00ns)   --->   "%specstablecontent_ln398 = specstablecontent void @_ssdm_op_SpecStableContent, i32 %exp_buf_1_60, i1 1, void @p_str" [softmax_accel_hls.cc:398]   --->   Operation 144 'specstablecontent' 'specstablecontent_ln398' <Predicate = true> <Delay = 0.00>
ST_4 : Operation 145 [1/1] (0.00ns)   --->   "%specstablecontent_ln398 = specstablecontent void @_ssdm_op_SpecStableContent, i32 %exp_buf_1_59, i1 1, void @p_str" [softmax_accel_hls.cc:398]   --->   Operation 145 'specstablecontent' 'specstablecontent_ln398' <Predicate = true> <Delay = 0.00>
ST_4 : Operation 146 [1/1] (0.00ns)   --->   "%specstablecontent_ln398 = specstablecontent void @_ssdm_op_SpecStableContent, i32 %exp_buf_1_58, i1 1, void @p_str" [softmax_accel_hls.cc:398]   --->   Operation 146 'specstablecontent' 'specstablecontent_ln398' <Predicate = true> <Delay = 0.00>
ST_4 : Operation 147 [1/1] (0.00ns)   --->   "%specstablecontent_ln398 = specstablecontent void @_ssdm_op_SpecStableContent, i32 %exp_buf_1_57, i1 1, void @p_str" [softmax_accel_hls.cc:398]   --->   Operation 147 'specstablecontent' 'specstablecontent_ln398' <Predicate = true> <Delay = 0.00>
ST_4 : Operation 148 [1/1] (0.00ns)   --->   "%specstablecontent_ln398 = specstablecontent void @_ssdm_op_SpecStableContent, i32 %exp_buf_1_56, i1 1, void @p_str" [softmax_accel_hls.cc:398]   --->   Operation 148 'specstablecontent' 'specstablecontent_ln398' <Predicate = true> <Delay = 0.00>
ST_4 : Operation 149 [1/1] (0.00ns)   --->   "%specstablecontent_ln398 = specstablecontent void @_ssdm_op_SpecStableContent, i32 %exp_buf_1_55, i1 1, void @p_str" [softmax_accel_hls.cc:398]   --->   Operation 149 'specstablecontent' 'specstablecontent_ln398' <Predicate = true> <Delay = 0.00>
ST_4 : Operation 150 [1/1] (0.00ns)   --->   "%specstablecontent_ln398 = specstablecontent void @_ssdm_op_SpecStableContent, i32 %exp_buf_1_54, i1 1, void @p_str" [softmax_accel_hls.cc:398]   --->   Operation 150 'specstablecontent' 'specstablecontent_ln398' <Predicate = true> <Delay = 0.00>
ST_4 : Operation 151 [1/1] (0.00ns)   --->   "%specstablecontent_ln398 = specstablecontent void @_ssdm_op_SpecStableContent, i32 %exp_buf_1_53, i1 1, void @p_str" [softmax_accel_hls.cc:398]   --->   Operation 151 'specstablecontent' 'specstablecontent_ln398' <Predicate = true> <Delay = 0.00>
ST_4 : Operation 152 [1/1] (0.00ns)   --->   "%specstablecontent_ln398 = specstablecontent void @_ssdm_op_SpecStableContent, i32 %exp_buf_1_52, i1 1, void @p_str" [softmax_accel_hls.cc:398]   --->   Operation 152 'specstablecontent' 'specstablecontent_ln398' <Predicate = true> <Delay = 0.00>
ST_4 : Operation 153 [1/1] (0.00ns)   --->   "%specstablecontent_ln398 = specstablecontent void @_ssdm_op_SpecStableContent, i32 %exp_buf_1_51, i1 1, void @p_str" [softmax_accel_hls.cc:398]   --->   Operation 153 'specstablecontent' 'specstablecontent_ln398' <Predicate = true> <Delay = 0.00>
ST_4 : Operation 154 [1/1] (0.00ns)   --->   "%specstablecontent_ln398 = specstablecontent void @_ssdm_op_SpecStableContent, i32 %exp_buf_1_50, i1 1, void @p_str" [softmax_accel_hls.cc:398]   --->   Operation 154 'specstablecontent' 'specstablecontent_ln398' <Predicate = true> <Delay = 0.00>
ST_4 : Operation 155 [1/1] (0.00ns)   --->   "%specstablecontent_ln398 = specstablecontent void @_ssdm_op_SpecStableContent, i32 %exp_buf_1_49, i1 1, void @p_str" [softmax_accel_hls.cc:398]   --->   Operation 155 'specstablecontent' 'specstablecontent_ln398' <Predicate = true> <Delay = 0.00>
ST_4 : Operation 156 [1/1] (0.00ns)   --->   "%specstablecontent_ln398 = specstablecontent void @_ssdm_op_SpecStableContent, i32 %exp_buf_1_48, i1 1, void @p_str" [softmax_accel_hls.cc:398]   --->   Operation 156 'specstablecontent' 'specstablecontent_ln398' <Predicate = true> <Delay = 0.00>
ST_4 : Operation 157 [1/1] (0.00ns)   --->   "%specstablecontent_ln398 = specstablecontent void @_ssdm_op_SpecStableContent, i32 %exp_buf_1_47, i1 1, void @p_str" [softmax_accel_hls.cc:398]   --->   Operation 157 'specstablecontent' 'specstablecontent_ln398' <Predicate = true> <Delay = 0.00>
ST_4 : Operation 158 [1/1] (0.00ns)   --->   "%specstablecontent_ln398 = specstablecontent void @_ssdm_op_SpecStableContent, i32 %exp_buf_1_46, i1 1, void @p_str" [softmax_accel_hls.cc:398]   --->   Operation 158 'specstablecontent' 'specstablecontent_ln398' <Predicate = true> <Delay = 0.00>
ST_4 : Operation 159 [1/1] (0.00ns)   --->   "%specstablecontent_ln398 = specstablecontent void @_ssdm_op_SpecStableContent, i32 %exp_buf_1_45, i1 1, void @p_str" [softmax_accel_hls.cc:398]   --->   Operation 159 'specstablecontent' 'specstablecontent_ln398' <Predicate = true> <Delay = 0.00>
ST_4 : Operation 160 [1/1] (0.00ns)   --->   "%specstablecontent_ln398 = specstablecontent void @_ssdm_op_SpecStableContent, i32 %exp_buf_1_44, i1 1, void @p_str" [softmax_accel_hls.cc:398]   --->   Operation 160 'specstablecontent' 'specstablecontent_ln398' <Predicate = true> <Delay = 0.00>
ST_4 : Operation 161 [1/1] (0.00ns)   --->   "%specstablecontent_ln398 = specstablecontent void @_ssdm_op_SpecStableContent, i32 %exp_buf_1_43, i1 1, void @p_str" [softmax_accel_hls.cc:398]   --->   Operation 161 'specstablecontent' 'specstablecontent_ln398' <Predicate = true> <Delay = 0.00>
ST_4 : Operation 162 [1/1] (0.00ns)   --->   "%specstablecontent_ln398 = specstablecontent void @_ssdm_op_SpecStableContent, i32 %exp_buf_1_42, i1 1, void @p_str" [softmax_accel_hls.cc:398]   --->   Operation 162 'specstablecontent' 'specstablecontent_ln398' <Predicate = true> <Delay = 0.00>
ST_4 : Operation 163 [1/1] (0.00ns)   --->   "%specstablecontent_ln398 = specstablecontent void @_ssdm_op_SpecStableContent, i32 %exp_buf_1_41, i1 1, void @p_str" [softmax_accel_hls.cc:398]   --->   Operation 163 'specstablecontent' 'specstablecontent_ln398' <Predicate = true> <Delay = 0.00>
ST_4 : Operation 164 [1/1] (0.00ns)   --->   "%specstablecontent_ln398 = specstablecontent void @_ssdm_op_SpecStableContent, i32 %exp_buf_1_40, i1 1, void @p_str" [softmax_accel_hls.cc:398]   --->   Operation 164 'specstablecontent' 'specstablecontent_ln398' <Predicate = true> <Delay = 0.00>
ST_4 : Operation 165 [1/1] (0.00ns)   --->   "%specstablecontent_ln398 = specstablecontent void @_ssdm_op_SpecStableContent, i32 %exp_buf_1_39, i1 1, void @p_str" [softmax_accel_hls.cc:398]   --->   Operation 165 'specstablecontent' 'specstablecontent_ln398' <Predicate = true> <Delay = 0.00>
ST_4 : Operation 166 [1/1] (0.00ns)   --->   "%specstablecontent_ln398 = specstablecontent void @_ssdm_op_SpecStableContent, i32 %exp_buf_1_38, i1 1, void @p_str" [softmax_accel_hls.cc:398]   --->   Operation 166 'specstablecontent' 'specstablecontent_ln398' <Predicate = true> <Delay = 0.00>
ST_4 : Operation 167 [1/1] (0.00ns)   --->   "%specstablecontent_ln398 = specstablecontent void @_ssdm_op_SpecStableContent, i32 %exp_buf_1_37, i1 1, void @p_str" [softmax_accel_hls.cc:398]   --->   Operation 167 'specstablecontent' 'specstablecontent_ln398' <Predicate = true> <Delay = 0.00>
ST_4 : Operation 168 [1/1] (0.00ns)   --->   "%specstablecontent_ln398 = specstablecontent void @_ssdm_op_SpecStableContent, i32 %exp_buf_1_36, i1 1, void @p_str" [softmax_accel_hls.cc:398]   --->   Operation 168 'specstablecontent' 'specstablecontent_ln398' <Predicate = true> <Delay = 0.00>
ST_4 : Operation 169 [1/1] (0.00ns)   --->   "%specstablecontent_ln398 = specstablecontent void @_ssdm_op_SpecStableContent, i32 %exp_buf_1_35, i1 1, void @p_str" [softmax_accel_hls.cc:398]   --->   Operation 169 'specstablecontent' 'specstablecontent_ln398' <Predicate = true> <Delay = 0.00>
ST_4 : Operation 170 [1/1] (0.00ns)   --->   "%specstablecontent_ln398 = specstablecontent void @_ssdm_op_SpecStableContent, i32 %exp_buf_1_34, i1 1, void @p_str" [softmax_accel_hls.cc:398]   --->   Operation 170 'specstablecontent' 'specstablecontent_ln398' <Predicate = true> <Delay = 0.00>
ST_4 : Operation 171 [1/1] (0.00ns)   --->   "%specstablecontent_ln398 = specstablecontent void @_ssdm_op_SpecStableContent, i32 %exp_buf_1_33, i1 1, void @p_str" [softmax_accel_hls.cc:398]   --->   Operation 171 'specstablecontent' 'specstablecontent_ln398' <Predicate = true> <Delay = 0.00>
ST_4 : Operation 172 [1/1] (0.00ns)   --->   "%specstablecontent_ln398 = specstablecontent void @_ssdm_op_SpecStableContent, i32 %exp_buf_1_32, i1 1, void @p_str" [softmax_accel_hls.cc:398]   --->   Operation 172 'specstablecontent' 'specstablecontent_ln398' <Predicate = true> <Delay = 0.00>
ST_4 : Operation 173 [1/1] (0.00ns)   --->   "%specstablecontent_ln398 = specstablecontent void @_ssdm_op_SpecStableContent, i32 %exp_buf_1_31, i1 1, void @p_str" [softmax_accel_hls.cc:398]   --->   Operation 173 'specstablecontent' 'specstablecontent_ln398' <Predicate = true> <Delay = 0.00>
ST_4 : Operation 174 [1/1] (0.00ns)   --->   "%specstablecontent_ln398 = specstablecontent void @_ssdm_op_SpecStableContent, i32 %exp_buf_1_30, i1 1, void @p_str" [softmax_accel_hls.cc:398]   --->   Operation 174 'specstablecontent' 'specstablecontent_ln398' <Predicate = true> <Delay = 0.00>
ST_4 : Operation 175 [1/1] (0.00ns)   --->   "%specstablecontent_ln398 = specstablecontent void @_ssdm_op_SpecStableContent, i32 %exp_buf_1_29, i1 1, void @p_str" [softmax_accel_hls.cc:398]   --->   Operation 175 'specstablecontent' 'specstablecontent_ln398' <Predicate = true> <Delay = 0.00>
ST_4 : Operation 176 [1/1] (0.00ns)   --->   "%specstablecontent_ln398 = specstablecontent void @_ssdm_op_SpecStableContent, i32 %exp_buf_1_28, i1 1, void @p_str" [softmax_accel_hls.cc:398]   --->   Operation 176 'specstablecontent' 'specstablecontent_ln398' <Predicate = true> <Delay = 0.00>
ST_4 : Operation 177 [1/1] (0.00ns)   --->   "%specstablecontent_ln398 = specstablecontent void @_ssdm_op_SpecStableContent, i32 %exp_buf_1_27, i1 1, void @p_str" [softmax_accel_hls.cc:398]   --->   Operation 177 'specstablecontent' 'specstablecontent_ln398' <Predicate = true> <Delay = 0.00>
ST_4 : Operation 178 [1/1] (0.00ns)   --->   "%specstablecontent_ln398 = specstablecontent void @_ssdm_op_SpecStableContent, i32 %exp_buf_1_26, i1 1, void @p_str" [softmax_accel_hls.cc:398]   --->   Operation 178 'specstablecontent' 'specstablecontent_ln398' <Predicate = true> <Delay = 0.00>
ST_4 : Operation 179 [1/1] (0.00ns)   --->   "%specstablecontent_ln398 = specstablecontent void @_ssdm_op_SpecStableContent, i32 %exp_buf_1_25, i1 1, void @p_str" [softmax_accel_hls.cc:398]   --->   Operation 179 'specstablecontent' 'specstablecontent_ln398' <Predicate = true> <Delay = 0.00>
ST_4 : Operation 180 [1/1] (0.00ns)   --->   "%specstablecontent_ln398 = specstablecontent void @_ssdm_op_SpecStableContent, i32 %exp_buf_1_24, i1 1, void @p_str" [softmax_accel_hls.cc:398]   --->   Operation 180 'specstablecontent' 'specstablecontent_ln398' <Predicate = true> <Delay = 0.00>
ST_4 : Operation 181 [1/1] (0.00ns)   --->   "%specstablecontent_ln398 = specstablecontent void @_ssdm_op_SpecStableContent, i32 %exp_buf_1_23, i1 1, void @p_str" [softmax_accel_hls.cc:398]   --->   Operation 181 'specstablecontent' 'specstablecontent_ln398' <Predicate = true> <Delay = 0.00>
ST_4 : Operation 182 [1/1] (0.00ns)   --->   "%specstablecontent_ln398 = specstablecontent void @_ssdm_op_SpecStableContent, i32 %exp_buf_1_22, i1 1, void @p_str" [softmax_accel_hls.cc:398]   --->   Operation 182 'specstablecontent' 'specstablecontent_ln398' <Predicate = true> <Delay = 0.00>
ST_4 : Operation 183 [1/1] (0.00ns)   --->   "%specstablecontent_ln398 = specstablecontent void @_ssdm_op_SpecStableContent, i32 %exp_buf_1_21, i1 1, void @p_str" [softmax_accel_hls.cc:398]   --->   Operation 183 'specstablecontent' 'specstablecontent_ln398' <Predicate = true> <Delay = 0.00>
ST_4 : Operation 184 [1/1] (0.00ns)   --->   "%specstablecontent_ln398 = specstablecontent void @_ssdm_op_SpecStableContent, i32 %exp_buf_1_20, i1 1, void @p_str" [softmax_accel_hls.cc:398]   --->   Operation 184 'specstablecontent' 'specstablecontent_ln398' <Predicate = true> <Delay = 0.00>
ST_4 : Operation 185 [1/1] (0.00ns)   --->   "%specstablecontent_ln398 = specstablecontent void @_ssdm_op_SpecStableContent, i32 %exp_buf_1_19, i1 1, void @p_str" [softmax_accel_hls.cc:398]   --->   Operation 185 'specstablecontent' 'specstablecontent_ln398' <Predicate = true> <Delay = 0.00>
ST_4 : Operation 186 [1/1] (0.00ns)   --->   "%specstablecontent_ln398 = specstablecontent void @_ssdm_op_SpecStableContent, i32 %exp_buf_1_18, i1 1, void @p_str" [softmax_accel_hls.cc:398]   --->   Operation 186 'specstablecontent' 'specstablecontent_ln398' <Predicate = true> <Delay = 0.00>
ST_4 : Operation 187 [1/1] (0.00ns)   --->   "%specstablecontent_ln398 = specstablecontent void @_ssdm_op_SpecStableContent, i32 %exp_buf_1_17, i1 1, void @p_str" [softmax_accel_hls.cc:398]   --->   Operation 187 'specstablecontent' 'specstablecontent_ln398' <Predicate = true> <Delay = 0.00>
ST_4 : Operation 188 [1/1] (0.00ns)   --->   "%specstablecontent_ln398 = specstablecontent void @_ssdm_op_SpecStableContent, i32 %exp_buf_1_16, i1 1, void @p_str" [softmax_accel_hls.cc:398]   --->   Operation 188 'specstablecontent' 'specstablecontent_ln398' <Predicate = true> <Delay = 0.00>
ST_4 : Operation 189 [1/1] (0.00ns)   --->   "%specstablecontent_ln398 = specstablecontent void @_ssdm_op_SpecStableContent, i32 %exp_buf_1_15, i1 1, void @p_str" [softmax_accel_hls.cc:398]   --->   Operation 189 'specstablecontent' 'specstablecontent_ln398' <Predicate = true> <Delay = 0.00>
ST_4 : Operation 190 [1/1] (0.00ns)   --->   "%specstablecontent_ln398 = specstablecontent void @_ssdm_op_SpecStableContent, i32 %exp_buf_1_14, i1 1, void @p_str" [softmax_accel_hls.cc:398]   --->   Operation 190 'specstablecontent' 'specstablecontent_ln398' <Predicate = true> <Delay = 0.00>
ST_4 : Operation 191 [1/1] (0.00ns)   --->   "%specstablecontent_ln398 = specstablecontent void @_ssdm_op_SpecStableContent, i32 %exp_buf_1_13, i1 1, void @p_str" [softmax_accel_hls.cc:398]   --->   Operation 191 'specstablecontent' 'specstablecontent_ln398' <Predicate = true> <Delay = 0.00>
ST_4 : Operation 192 [1/1] (0.00ns)   --->   "%specstablecontent_ln398 = specstablecontent void @_ssdm_op_SpecStableContent, i32 %exp_buf_1_12, i1 1, void @p_str" [softmax_accel_hls.cc:398]   --->   Operation 192 'specstablecontent' 'specstablecontent_ln398' <Predicate = true> <Delay = 0.00>
ST_4 : Operation 193 [1/1] (0.00ns)   --->   "%specstablecontent_ln398 = specstablecontent void @_ssdm_op_SpecStableContent, i32 %exp_buf_1_11, i1 1, void @p_str" [softmax_accel_hls.cc:398]   --->   Operation 193 'specstablecontent' 'specstablecontent_ln398' <Predicate = true> <Delay = 0.00>
ST_4 : Operation 194 [1/1] (0.00ns)   --->   "%specstablecontent_ln398 = specstablecontent void @_ssdm_op_SpecStableContent, i32 %exp_buf_1_10, i1 1, void @p_str" [softmax_accel_hls.cc:398]   --->   Operation 194 'specstablecontent' 'specstablecontent_ln398' <Predicate = true> <Delay = 0.00>
ST_4 : Operation 195 [1/1] (0.00ns)   --->   "%specstablecontent_ln398 = specstablecontent void @_ssdm_op_SpecStableContent, i32 %exp_buf_1_9, i1 1, void @p_str" [softmax_accel_hls.cc:398]   --->   Operation 195 'specstablecontent' 'specstablecontent_ln398' <Predicate = true> <Delay = 0.00>
ST_4 : Operation 196 [1/1] (0.00ns)   --->   "%specstablecontent_ln398 = specstablecontent void @_ssdm_op_SpecStableContent, i32 %exp_buf_1_8, i1 1, void @p_str" [softmax_accel_hls.cc:398]   --->   Operation 196 'specstablecontent' 'specstablecontent_ln398' <Predicate = true> <Delay = 0.00>
ST_4 : Operation 197 [1/1] (0.00ns)   --->   "%specstablecontent_ln398 = specstablecontent void @_ssdm_op_SpecStableContent, i32 %exp_buf_1_7, i1 1, void @p_str" [softmax_accel_hls.cc:398]   --->   Operation 197 'specstablecontent' 'specstablecontent_ln398' <Predicate = true> <Delay = 0.00>
ST_4 : Operation 198 [1/1] (0.00ns)   --->   "%specstablecontent_ln398 = specstablecontent void @_ssdm_op_SpecStableContent, i32 %exp_buf_1_6, i1 1, void @p_str" [softmax_accel_hls.cc:398]   --->   Operation 198 'specstablecontent' 'specstablecontent_ln398' <Predicate = true> <Delay = 0.00>
ST_4 : Operation 199 [1/1] (0.00ns)   --->   "%specstablecontent_ln398 = specstablecontent void @_ssdm_op_SpecStableContent, i32 %exp_buf_1_5, i1 1, void @p_str" [softmax_accel_hls.cc:398]   --->   Operation 199 'specstablecontent' 'specstablecontent_ln398' <Predicate = true> <Delay = 0.00>
ST_4 : Operation 200 [1/1] (0.00ns)   --->   "%specstablecontent_ln398 = specstablecontent void @_ssdm_op_SpecStableContent, i32 %exp_buf_1_4, i1 1, void @p_str" [softmax_accel_hls.cc:398]   --->   Operation 200 'specstablecontent' 'specstablecontent_ln398' <Predicate = true> <Delay = 0.00>
ST_4 : Operation 201 [1/1] (0.00ns)   --->   "%specstablecontent_ln398 = specstablecontent void @_ssdm_op_SpecStableContent, i32 %exp_buf_1_3, i1 1, void @p_str" [softmax_accel_hls.cc:398]   --->   Operation 201 'specstablecontent' 'specstablecontent_ln398' <Predicate = true> <Delay = 0.00>
ST_4 : Operation 202 [1/1] (0.00ns)   --->   "%specstablecontent_ln398 = specstablecontent void @_ssdm_op_SpecStableContent, i32 %exp_buf_1_2, i1 1, void @p_str" [softmax_accel_hls.cc:398]   --->   Operation 202 'specstablecontent' 'specstablecontent_ln398' <Predicate = true> <Delay = 0.00>
ST_4 : Operation 203 [1/1] (0.00ns)   --->   "%specstablecontent_ln398 = specstablecontent void @_ssdm_op_SpecStableContent, i32 %exp_buf_1_1, i1 1, void @p_str" [softmax_accel_hls.cc:398]   --->   Operation 203 'specstablecontent' 'specstablecontent_ln398' <Predicate = true> <Delay = 0.00>
ST_4 : Operation 204 [1/1] (0.00ns)   --->   "%specstablecontent_ln398 = specstablecontent void @_ssdm_op_SpecStableContent, i32 %exp_buf_1_0, i1 1, void @p_str" [softmax_accel_hls.cc:398]   --->   Operation 204 'specstablecontent' 'specstablecontent_ln398' <Predicate = true> <Delay = 0.00>
ST_4 : Operation 205 [1/1] (0.00ns)   --->   "%specstablecontent_ln398 = specstablecontent void @_ssdm_op_SpecStableContent, i32 %exp_buf_0_63, i1 1, void @p_str" [softmax_accel_hls.cc:398]   --->   Operation 205 'specstablecontent' 'specstablecontent_ln398' <Predicate = true> <Delay = 0.00>
ST_4 : Operation 206 [1/1] (0.00ns)   --->   "%specstablecontent_ln398 = specstablecontent void @_ssdm_op_SpecStableContent, i32 %exp_buf_0_62, i1 1, void @p_str" [softmax_accel_hls.cc:398]   --->   Operation 206 'specstablecontent' 'specstablecontent_ln398' <Predicate = true> <Delay = 0.00>
ST_4 : Operation 207 [1/1] (0.00ns)   --->   "%specstablecontent_ln398 = specstablecontent void @_ssdm_op_SpecStableContent, i32 %exp_buf_0_61, i1 1, void @p_str" [softmax_accel_hls.cc:398]   --->   Operation 207 'specstablecontent' 'specstablecontent_ln398' <Predicate = true> <Delay = 0.00>
ST_4 : Operation 208 [1/1] (0.00ns)   --->   "%specstablecontent_ln398 = specstablecontent void @_ssdm_op_SpecStableContent, i32 %exp_buf_0_60, i1 1, void @p_str" [softmax_accel_hls.cc:398]   --->   Operation 208 'specstablecontent' 'specstablecontent_ln398' <Predicate = true> <Delay = 0.00>
ST_4 : Operation 209 [1/1] (0.00ns)   --->   "%specstablecontent_ln398 = specstablecontent void @_ssdm_op_SpecStableContent, i32 %exp_buf_0_59, i1 1, void @p_str" [softmax_accel_hls.cc:398]   --->   Operation 209 'specstablecontent' 'specstablecontent_ln398' <Predicate = true> <Delay = 0.00>
ST_4 : Operation 210 [1/1] (0.00ns)   --->   "%specstablecontent_ln398 = specstablecontent void @_ssdm_op_SpecStableContent, i32 %exp_buf_0_58, i1 1, void @p_str" [softmax_accel_hls.cc:398]   --->   Operation 210 'specstablecontent' 'specstablecontent_ln398' <Predicate = true> <Delay = 0.00>
ST_4 : Operation 211 [1/1] (0.00ns)   --->   "%specstablecontent_ln398 = specstablecontent void @_ssdm_op_SpecStableContent, i32 %exp_buf_0_57, i1 1, void @p_str" [softmax_accel_hls.cc:398]   --->   Operation 211 'specstablecontent' 'specstablecontent_ln398' <Predicate = true> <Delay = 0.00>
ST_4 : Operation 212 [1/1] (0.00ns)   --->   "%specstablecontent_ln398 = specstablecontent void @_ssdm_op_SpecStableContent, i32 %exp_buf_0_56, i1 1, void @p_str" [softmax_accel_hls.cc:398]   --->   Operation 212 'specstablecontent' 'specstablecontent_ln398' <Predicate = true> <Delay = 0.00>
ST_4 : Operation 213 [1/1] (0.00ns)   --->   "%specstablecontent_ln398 = specstablecontent void @_ssdm_op_SpecStableContent, i32 %exp_buf_0_55, i1 1, void @p_str" [softmax_accel_hls.cc:398]   --->   Operation 213 'specstablecontent' 'specstablecontent_ln398' <Predicate = true> <Delay = 0.00>
ST_4 : Operation 214 [1/1] (0.00ns)   --->   "%specstablecontent_ln398 = specstablecontent void @_ssdm_op_SpecStableContent, i32 %exp_buf_0_54, i1 1, void @p_str" [softmax_accel_hls.cc:398]   --->   Operation 214 'specstablecontent' 'specstablecontent_ln398' <Predicate = true> <Delay = 0.00>
ST_4 : Operation 215 [1/1] (0.00ns)   --->   "%specstablecontent_ln398 = specstablecontent void @_ssdm_op_SpecStableContent, i32 %exp_buf_0_53, i1 1, void @p_str" [softmax_accel_hls.cc:398]   --->   Operation 215 'specstablecontent' 'specstablecontent_ln398' <Predicate = true> <Delay = 0.00>
ST_4 : Operation 216 [1/1] (0.00ns)   --->   "%specstablecontent_ln398 = specstablecontent void @_ssdm_op_SpecStableContent, i32 %exp_buf_0_52, i1 1, void @p_str" [softmax_accel_hls.cc:398]   --->   Operation 216 'specstablecontent' 'specstablecontent_ln398' <Predicate = true> <Delay = 0.00>
ST_4 : Operation 217 [1/1] (0.00ns)   --->   "%specstablecontent_ln398 = specstablecontent void @_ssdm_op_SpecStableContent, i32 %exp_buf_0_51, i1 1, void @p_str" [softmax_accel_hls.cc:398]   --->   Operation 217 'specstablecontent' 'specstablecontent_ln398' <Predicate = true> <Delay = 0.00>
ST_4 : Operation 218 [1/1] (0.00ns)   --->   "%specstablecontent_ln398 = specstablecontent void @_ssdm_op_SpecStableContent, i32 %exp_buf_0_50, i1 1, void @p_str" [softmax_accel_hls.cc:398]   --->   Operation 218 'specstablecontent' 'specstablecontent_ln398' <Predicate = true> <Delay = 0.00>
ST_4 : Operation 219 [1/1] (0.00ns)   --->   "%specstablecontent_ln398 = specstablecontent void @_ssdm_op_SpecStableContent, i32 %exp_buf_0_49, i1 1, void @p_str" [softmax_accel_hls.cc:398]   --->   Operation 219 'specstablecontent' 'specstablecontent_ln398' <Predicate = true> <Delay = 0.00>
ST_4 : Operation 220 [1/1] (0.00ns)   --->   "%specstablecontent_ln398 = specstablecontent void @_ssdm_op_SpecStableContent, i32 %exp_buf_0_48, i1 1, void @p_str" [softmax_accel_hls.cc:398]   --->   Operation 220 'specstablecontent' 'specstablecontent_ln398' <Predicate = true> <Delay = 0.00>
ST_4 : Operation 221 [1/1] (0.00ns)   --->   "%specstablecontent_ln398 = specstablecontent void @_ssdm_op_SpecStableContent, i32 %exp_buf_0_47, i1 1, void @p_str" [softmax_accel_hls.cc:398]   --->   Operation 221 'specstablecontent' 'specstablecontent_ln398' <Predicate = true> <Delay = 0.00>
ST_4 : Operation 222 [1/1] (0.00ns)   --->   "%specstablecontent_ln398 = specstablecontent void @_ssdm_op_SpecStableContent, i32 %exp_buf_0_46, i1 1, void @p_str" [softmax_accel_hls.cc:398]   --->   Operation 222 'specstablecontent' 'specstablecontent_ln398' <Predicate = true> <Delay = 0.00>
ST_4 : Operation 223 [1/1] (0.00ns)   --->   "%specstablecontent_ln398 = specstablecontent void @_ssdm_op_SpecStableContent, i32 %exp_buf_0_45, i1 1, void @p_str" [softmax_accel_hls.cc:398]   --->   Operation 223 'specstablecontent' 'specstablecontent_ln398' <Predicate = true> <Delay = 0.00>
ST_4 : Operation 224 [1/1] (0.00ns)   --->   "%specstablecontent_ln398 = specstablecontent void @_ssdm_op_SpecStableContent, i32 %exp_buf_0_44, i1 1, void @p_str" [softmax_accel_hls.cc:398]   --->   Operation 224 'specstablecontent' 'specstablecontent_ln398' <Predicate = true> <Delay = 0.00>
ST_4 : Operation 225 [1/1] (0.00ns)   --->   "%specstablecontent_ln398 = specstablecontent void @_ssdm_op_SpecStableContent, i32 %exp_buf_0_43, i1 1, void @p_str" [softmax_accel_hls.cc:398]   --->   Operation 225 'specstablecontent' 'specstablecontent_ln398' <Predicate = true> <Delay = 0.00>
ST_4 : Operation 226 [1/1] (0.00ns)   --->   "%specstablecontent_ln398 = specstablecontent void @_ssdm_op_SpecStableContent, i32 %exp_buf_0_42, i1 1, void @p_str" [softmax_accel_hls.cc:398]   --->   Operation 226 'specstablecontent' 'specstablecontent_ln398' <Predicate = true> <Delay = 0.00>
ST_4 : Operation 227 [1/1] (0.00ns)   --->   "%specstablecontent_ln398 = specstablecontent void @_ssdm_op_SpecStableContent, i32 %exp_buf_0_41, i1 1, void @p_str" [softmax_accel_hls.cc:398]   --->   Operation 227 'specstablecontent' 'specstablecontent_ln398' <Predicate = true> <Delay = 0.00>
ST_4 : Operation 228 [1/1] (0.00ns)   --->   "%specstablecontent_ln398 = specstablecontent void @_ssdm_op_SpecStableContent, i32 %exp_buf_0_40, i1 1, void @p_str" [softmax_accel_hls.cc:398]   --->   Operation 228 'specstablecontent' 'specstablecontent_ln398' <Predicate = true> <Delay = 0.00>
ST_4 : Operation 229 [1/1] (0.00ns)   --->   "%specstablecontent_ln398 = specstablecontent void @_ssdm_op_SpecStableContent, i32 %exp_buf_0_39, i1 1, void @p_str" [softmax_accel_hls.cc:398]   --->   Operation 229 'specstablecontent' 'specstablecontent_ln398' <Predicate = true> <Delay = 0.00>
ST_4 : Operation 230 [1/1] (0.00ns)   --->   "%specstablecontent_ln398 = specstablecontent void @_ssdm_op_SpecStableContent, i32 %exp_buf_0_38, i1 1, void @p_str" [softmax_accel_hls.cc:398]   --->   Operation 230 'specstablecontent' 'specstablecontent_ln398' <Predicate = true> <Delay = 0.00>
ST_4 : Operation 231 [1/1] (0.00ns)   --->   "%specstablecontent_ln398 = specstablecontent void @_ssdm_op_SpecStableContent, i32 %exp_buf_0_37, i1 1, void @p_str" [softmax_accel_hls.cc:398]   --->   Operation 231 'specstablecontent' 'specstablecontent_ln398' <Predicate = true> <Delay = 0.00>
ST_4 : Operation 232 [1/1] (0.00ns)   --->   "%specstablecontent_ln398 = specstablecontent void @_ssdm_op_SpecStableContent, i32 %exp_buf_0_36, i1 1, void @p_str" [softmax_accel_hls.cc:398]   --->   Operation 232 'specstablecontent' 'specstablecontent_ln398' <Predicate = true> <Delay = 0.00>
ST_4 : Operation 233 [1/1] (0.00ns)   --->   "%specstablecontent_ln398 = specstablecontent void @_ssdm_op_SpecStableContent, i32 %exp_buf_0_35, i1 1, void @p_str" [softmax_accel_hls.cc:398]   --->   Operation 233 'specstablecontent' 'specstablecontent_ln398' <Predicate = true> <Delay = 0.00>
ST_4 : Operation 234 [1/1] (0.00ns)   --->   "%specstablecontent_ln398 = specstablecontent void @_ssdm_op_SpecStableContent, i32 %exp_buf_0_34, i1 1, void @p_str" [softmax_accel_hls.cc:398]   --->   Operation 234 'specstablecontent' 'specstablecontent_ln398' <Predicate = true> <Delay = 0.00>
ST_4 : Operation 235 [1/1] (0.00ns)   --->   "%specstablecontent_ln398 = specstablecontent void @_ssdm_op_SpecStableContent, i32 %exp_buf_0_33, i1 1, void @p_str" [softmax_accel_hls.cc:398]   --->   Operation 235 'specstablecontent' 'specstablecontent_ln398' <Predicate = true> <Delay = 0.00>
ST_4 : Operation 236 [1/1] (0.00ns)   --->   "%specstablecontent_ln398 = specstablecontent void @_ssdm_op_SpecStableContent, i32 %exp_buf_0_32, i1 1, void @p_str" [softmax_accel_hls.cc:398]   --->   Operation 236 'specstablecontent' 'specstablecontent_ln398' <Predicate = true> <Delay = 0.00>
ST_4 : Operation 237 [1/1] (0.00ns)   --->   "%specstablecontent_ln398 = specstablecontent void @_ssdm_op_SpecStableContent, i32 %exp_buf_0_31, i1 1, void @p_str" [softmax_accel_hls.cc:398]   --->   Operation 237 'specstablecontent' 'specstablecontent_ln398' <Predicate = true> <Delay = 0.00>
ST_4 : Operation 238 [1/1] (0.00ns)   --->   "%specstablecontent_ln398 = specstablecontent void @_ssdm_op_SpecStableContent, i32 %exp_buf_0_30, i1 1, void @p_str" [softmax_accel_hls.cc:398]   --->   Operation 238 'specstablecontent' 'specstablecontent_ln398' <Predicate = true> <Delay = 0.00>
ST_4 : Operation 239 [1/1] (0.00ns)   --->   "%specstablecontent_ln398 = specstablecontent void @_ssdm_op_SpecStableContent, i32 %exp_buf_0_29, i1 1, void @p_str" [softmax_accel_hls.cc:398]   --->   Operation 239 'specstablecontent' 'specstablecontent_ln398' <Predicate = true> <Delay = 0.00>
ST_4 : Operation 240 [1/1] (0.00ns)   --->   "%specstablecontent_ln398 = specstablecontent void @_ssdm_op_SpecStableContent, i32 %exp_buf_0_28, i1 1, void @p_str" [softmax_accel_hls.cc:398]   --->   Operation 240 'specstablecontent' 'specstablecontent_ln398' <Predicate = true> <Delay = 0.00>
ST_4 : Operation 241 [1/1] (0.00ns)   --->   "%specstablecontent_ln398 = specstablecontent void @_ssdm_op_SpecStableContent, i32 %exp_buf_0_27, i1 1, void @p_str" [softmax_accel_hls.cc:398]   --->   Operation 241 'specstablecontent' 'specstablecontent_ln398' <Predicate = true> <Delay = 0.00>
ST_4 : Operation 242 [1/1] (0.00ns)   --->   "%specstablecontent_ln398 = specstablecontent void @_ssdm_op_SpecStableContent, i32 %exp_buf_0_26, i1 1, void @p_str" [softmax_accel_hls.cc:398]   --->   Operation 242 'specstablecontent' 'specstablecontent_ln398' <Predicate = true> <Delay = 0.00>
ST_4 : Operation 243 [1/1] (0.00ns)   --->   "%specstablecontent_ln398 = specstablecontent void @_ssdm_op_SpecStableContent, i32 %exp_buf_0_25, i1 1, void @p_str" [softmax_accel_hls.cc:398]   --->   Operation 243 'specstablecontent' 'specstablecontent_ln398' <Predicate = true> <Delay = 0.00>
ST_4 : Operation 244 [1/1] (0.00ns)   --->   "%specstablecontent_ln398 = specstablecontent void @_ssdm_op_SpecStableContent, i32 %exp_buf_0_24, i1 1, void @p_str" [softmax_accel_hls.cc:398]   --->   Operation 244 'specstablecontent' 'specstablecontent_ln398' <Predicate = true> <Delay = 0.00>
ST_4 : Operation 245 [1/1] (0.00ns)   --->   "%specstablecontent_ln398 = specstablecontent void @_ssdm_op_SpecStableContent, i32 %exp_buf_0_23, i1 1, void @p_str" [softmax_accel_hls.cc:398]   --->   Operation 245 'specstablecontent' 'specstablecontent_ln398' <Predicate = true> <Delay = 0.00>
ST_4 : Operation 246 [1/1] (0.00ns)   --->   "%specstablecontent_ln398 = specstablecontent void @_ssdm_op_SpecStableContent, i32 %exp_buf_0_22, i1 1, void @p_str" [softmax_accel_hls.cc:398]   --->   Operation 246 'specstablecontent' 'specstablecontent_ln398' <Predicate = true> <Delay = 0.00>
ST_4 : Operation 247 [1/1] (0.00ns)   --->   "%specstablecontent_ln398 = specstablecontent void @_ssdm_op_SpecStableContent, i32 %exp_buf_0_21, i1 1, void @p_str" [softmax_accel_hls.cc:398]   --->   Operation 247 'specstablecontent' 'specstablecontent_ln398' <Predicate = true> <Delay = 0.00>
ST_4 : Operation 248 [1/1] (0.00ns)   --->   "%specstablecontent_ln398 = specstablecontent void @_ssdm_op_SpecStableContent, i32 %exp_buf_0_20, i1 1, void @p_str" [softmax_accel_hls.cc:398]   --->   Operation 248 'specstablecontent' 'specstablecontent_ln398' <Predicate = true> <Delay = 0.00>
ST_4 : Operation 249 [1/1] (0.00ns)   --->   "%specstablecontent_ln398 = specstablecontent void @_ssdm_op_SpecStableContent, i32 %exp_buf_0_19, i1 1, void @p_str" [softmax_accel_hls.cc:398]   --->   Operation 249 'specstablecontent' 'specstablecontent_ln398' <Predicate = true> <Delay = 0.00>
ST_4 : Operation 250 [1/1] (0.00ns)   --->   "%specstablecontent_ln398 = specstablecontent void @_ssdm_op_SpecStableContent, i32 %exp_buf_0_18, i1 1, void @p_str" [softmax_accel_hls.cc:398]   --->   Operation 250 'specstablecontent' 'specstablecontent_ln398' <Predicate = true> <Delay = 0.00>
ST_4 : Operation 251 [1/1] (0.00ns)   --->   "%specstablecontent_ln398 = specstablecontent void @_ssdm_op_SpecStableContent, i32 %exp_buf_0_17, i1 1, void @p_str" [softmax_accel_hls.cc:398]   --->   Operation 251 'specstablecontent' 'specstablecontent_ln398' <Predicate = true> <Delay = 0.00>
ST_4 : Operation 252 [1/1] (0.00ns)   --->   "%specstablecontent_ln398 = specstablecontent void @_ssdm_op_SpecStableContent, i32 %exp_buf_0_16, i1 1, void @p_str" [softmax_accel_hls.cc:398]   --->   Operation 252 'specstablecontent' 'specstablecontent_ln398' <Predicate = true> <Delay = 0.00>
ST_4 : Operation 253 [1/1] (0.00ns)   --->   "%specstablecontent_ln398 = specstablecontent void @_ssdm_op_SpecStableContent, i32 %exp_buf_0_15, i1 1, void @p_str" [softmax_accel_hls.cc:398]   --->   Operation 253 'specstablecontent' 'specstablecontent_ln398' <Predicate = true> <Delay = 0.00>
ST_4 : Operation 254 [1/1] (0.00ns)   --->   "%specstablecontent_ln398 = specstablecontent void @_ssdm_op_SpecStableContent, i32 %exp_buf_0_14, i1 1, void @p_str" [softmax_accel_hls.cc:398]   --->   Operation 254 'specstablecontent' 'specstablecontent_ln398' <Predicate = true> <Delay = 0.00>
ST_4 : Operation 255 [1/1] (0.00ns)   --->   "%specstablecontent_ln398 = specstablecontent void @_ssdm_op_SpecStableContent, i32 %exp_buf_0_13, i1 1, void @p_str" [softmax_accel_hls.cc:398]   --->   Operation 255 'specstablecontent' 'specstablecontent_ln398' <Predicate = true> <Delay = 0.00>
ST_4 : Operation 256 [1/1] (0.00ns)   --->   "%specstablecontent_ln398 = specstablecontent void @_ssdm_op_SpecStableContent, i32 %exp_buf_0_12, i1 1, void @p_str" [softmax_accel_hls.cc:398]   --->   Operation 256 'specstablecontent' 'specstablecontent_ln398' <Predicate = true> <Delay = 0.00>
ST_4 : Operation 257 [1/1] (0.00ns)   --->   "%specstablecontent_ln398 = specstablecontent void @_ssdm_op_SpecStableContent, i32 %exp_buf_0_11, i1 1, void @p_str" [softmax_accel_hls.cc:398]   --->   Operation 257 'specstablecontent' 'specstablecontent_ln398' <Predicate = true> <Delay = 0.00>
ST_4 : Operation 258 [1/1] (0.00ns)   --->   "%specstablecontent_ln398 = specstablecontent void @_ssdm_op_SpecStableContent, i32 %exp_buf_0_10, i1 1, void @p_str" [softmax_accel_hls.cc:398]   --->   Operation 258 'specstablecontent' 'specstablecontent_ln398' <Predicate = true> <Delay = 0.00>
ST_4 : Operation 259 [1/1] (0.00ns)   --->   "%specstablecontent_ln398 = specstablecontent void @_ssdm_op_SpecStableContent, i32 %exp_buf_0_9, i1 1, void @p_str" [softmax_accel_hls.cc:398]   --->   Operation 259 'specstablecontent' 'specstablecontent_ln398' <Predicate = true> <Delay = 0.00>
ST_4 : Operation 260 [1/1] (0.00ns)   --->   "%specstablecontent_ln398 = specstablecontent void @_ssdm_op_SpecStableContent, i32 %exp_buf_0_8, i1 1, void @p_str" [softmax_accel_hls.cc:398]   --->   Operation 260 'specstablecontent' 'specstablecontent_ln398' <Predicate = true> <Delay = 0.00>
ST_4 : Operation 261 [1/1] (0.00ns)   --->   "%specstablecontent_ln398 = specstablecontent void @_ssdm_op_SpecStableContent, i32 %exp_buf_0_7, i1 1, void @p_str" [softmax_accel_hls.cc:398]   --->   Operation 261 'specstablecontent' 'specstablecontent_ln398' <Predicate = true> <Delay = 0.00>
ST_4 : Operation 262 [1/1] (0.00ns)   --->   "%specstablecontent_ln398 = specstablecontent void @_ssdm_op_SpecStableContent, i32 %exp_buf_0_6, i1 1, void @p_str" [softmax_accel_hls.cc:398]   --->   Operation 262 'specstablecontent' 'specstablecontent_ln398' <Predicate = true> <Delay = 0.00>
ST_4 : Operation 263 [1/1] (0.00ns)   --->   "%specstablecontent_ln398 = specstablecontent void @_ssdm_op_SpecStableContent, i32 %exp_buf_0_5, i1 1, void @p_str" [softmax_accel_hls.cc:398]   --->   Operation 263 'specstablecontent' 'specstablecontent_ln398' <Predicate = true> <Delay = 0.00>
ST_4 : Operation 264 [1/1] (0.00ns)   --->   "%specstablecontent_ln398 = specstablecontent void @_ssdm_op_SpecStableContent, i32 %exp_buf_0_4, i1 1, void @p_str" [softmax_accel_hls.cc:398]   --->   Operation 264 'specstablecontent' 'specstablecontent_ln398' <Predicate = true> <Delay = 0.00>
ST_4 : Operation 265 [1/1] (0.00ns)   --->   "%specstablecontent_ln398 = specstablecontent void @_ssdm_op_SpecStableContent, i32 %exp_buf_0_3, i1 1, void @p_str" [softmax_accel_hls.cc:398]   --->   Operation 265 'specstablecontent' 'specstablecontent_ln398' <Predicate = true> <Delay = 0.00>
ST_4 : Operation 266 [1/1] (0.00ns)   --->   "%specstablecontent_ln398 = specstablecontent void @_ssdm_op_SpecStableContent, i32 %exp_buf_0_2, i1 1, void @p_str" [softmax_accel_hls.cc:398]   --->   Operation 266 'specstablecontent' 'specstablecontent_ln398' <Predicate = true> <Delay = 0.00>
ST_4 : Operation 267 [1/1] (0.00ns)   --->   "%specstablecontent_ln398 = specstablecontent void @_ssdm_op_SpecStableContent, i32 %exp_buf_0_1, i1 1, void @p_str" [softmax_accel_hls.cc:398]   --->   Operation 267 'specstablecontent' 'specstablecontent_ln398' <Predicate = true> <Delay = 0.00>
ST_4 : Operation 268 [1/1] (0.00ns)   --->   "%specstablecontent_ln398 = specstablecontent void @_ssdm_op_SpecStableContent, i32 %exp_buf_0_0, i1 1, void @p_str" [softmax_accel_hls.cc:398]   --->   Operation 268 'specstablecontent' 'specstablecontent_ln398' <Predicate = true> <Delay = 0.00>
ST_4 : Operation 269 [1/1] (0.00ns)   --->   "%specstablecontent_ln398 = specstablecontent void @_ssdm_op_SpecStableContent, i9 %n, i1 1, void @p_str" [softmax_accel_hls.cc:398]   --->   Operation 269 'specstablecontent' 'specstablecontent_ln398' <Predicate = true> <Delay = 0.00>
ST_4 : Operation 270 [1/1] (0.00ns)   --->   "%specstablecontent_ln398 = specstablecontent void @_ssdm_op_SpecStableContent, i14 %pr_l, i1 1, void @p_str" [softmax_accel_hls.cc:398]   --->   Operation 270 'specstablecontent' 'specstablecontent_ln398' <Predicate = true> <Delay = 0.00>
ST_4 : Operation 271 [1/1] (0.00ns)   --->   "%specdataflowpipeline_ln398 = specdataflowpipeline void @_ssdm_op_SpecDataflowPipeline, i32 4294967295, i32 0, void @empty_2" [softmax_accel_hls.cc:398]   --->   Operation 271 'specdataflowpipeline' 'specdataflowpipeline_ln398' <Predicate = true> <Delay = 0.00>
ST_4 : Operation 272 [1/1] (0.00ns)   --->   "%specmemcore_ln0 = specmemcore void @_ssdm_op_SpecMemCore, i32 %exp_buf_0_0, i64 666, i64 22, i64 18446744073709551615"   --->   Operation 272 'specmemcore' 'specmemcore_ln0' <Predicate = true> <Delay = 0.00>
ST_4 : Operation 273 [1/1] (0.00ns)   --->   "%specmemcore_ln0 = specmemcore void @_ssdm_op_SpecMemCore, i32 %exp_buf_0_1, i64 666, i64 22, i64 18446744073709551615"   --->   Operation 273 'specmemcore' 'specmemcore_ln0' <Predicate = true> <Delay = 0.00>
ST_4 : Operation 274 [1/1] (0.00ns)   --->   "%specmemcore_ln0 = specmemcore void @_ssdm_op_SpecMemCore, i32 %exp_buf_0_2, i64 666, i64 22, i64 18446744073709551615"   --->   Operation 274 'specmemcore' 'specmemcore_ln0' <Predicate = true> <Delay = 0.00>
ST_4 : Operation 275 [1/1] (0.00ns)   --->   "%specmemcore_ln0 = specmemcore void @_ssdm_op_SpecMemCore, i32 %exp_buf_0_3, i64 666, i64 22, i64 18446744073709551615"   --->   Operation 275 'specmemcore' 'specmemcore_ln0' <Predicate = true> <Delay = 0.00>
ST_4 : Operation 276 [1/1] (0.00ns)   --->   "%specmemcore_ln0 = specmemcore void @_ssdm_op_SpecMemCore, i32 %exp_buf_0_4, i64 666, i64 22, i64 18446744073709551615"   --->   Operation 276 'specmemcore' 'specmemcore_ln0' <Predicate = true> <Delay = 0.00>
ST_4 : Operation 277 [1/1] (0.00ns)   --->   "%specmemcore_ln0 = specmemcore void @_ssdm_op_SpecMemCore, i32 %exp_buf_0_5, i64 666, i64 22, i64 18446744073709551615"   --->   Operation 277 'specmemcore' 'specmemcore_ln0' <Predicate = true> <Delay = 0.00>
ST_4 : Operation 278 [1/1] (0.00ns)   --->   "%specmemcore_ln0 = specmemcore void @_ssdm_op_SpecMemCore, i32 %exp_buf_0_6, i64 666, i64 22, i64 18446744073709551615"   --->   Operation 278 'specmemcore' 'specmemcore_ln0' <Predicate = true> <Delay = 0.00>
ST_4 : Operation 279 [1/1] (0.00ns)   --->   "%specmemcore_ln0 = specmemcore void @_ssdm_op_SpecMemCore, i32 %exp_buf_0_7, i64 666, i64 22, i64 18446744073709551615"   --->   Operation 279 'specmemcore' 'specmemcore_ln0' <Predicate = true> <Delay = 0.00>
ST_4 : Operation 280 [1/1] (0.00ns)   --->   "%specmemcore_ln0 = specmemcore void @_ssdm_op_SpecMemCore, i32 %exp_buf_0_8, i64 666, i64 22, i64 18446744073709551615"   --->   Operation 280 'specmemcore' 'specmemcore_ln0' <Predicate = true> <Delay = 0.00>
ST_4 : Operation 281 [1/1] (0.00ns)   --->   "%specmemcore_ln0 = specmemcore void @_ssdm_op_SpecMemCore, i32 %exp_buf_0_9, i64 666, i64 22, i64 18446744073709551615"   --->   Operation 281 'specmemcore' 'specmemcore_ln0' <Predicate = true> <Delay = 0.00>
ST_4 : Operation 282 [1/1] (0.00ns)   --->   "%specmemcore_ln0 = specmemcore void @_ssdm_op_SpecMemCore, i32 %exp_buf_0_10, i64 666, i64 22, i64 18446744073709551615"   --->   Operation 282 'specmemcore' 'specmemcore_ln0' <Predicate = true> <Delay = 0.00>
ST_4 : Operation 283 [1/1] (0.00ns)   --->   "%specmemcore_ln0 = specmemcore void @_ssdm_op_SpecMemCore, i32 %exp_buf_0_11, i64 666, i64 22, i64 18446744073709551615"   --->   Operation 283 'specmemcore' 'specmemcore_ln0' <Predicate = true> <Delay = 0.00>
ST_4 : Operation 284 [1/1] (0.00ns)   --->   "%specmemcore_ln0 = specmemcore void @_ssdm_op_SpecMemCore, i32 %exp_buf_0_12, i64 666, i64 22, i64 18446744073709551615"   --->   Operation 284 'specmemcore' 'specmemcore_ln0' <Predicate = true> <Delay = 0.00>
ST_4 : Operation 285 [1/1] (0.00ns)   --->   "%specmemcore_ln0 = specmemcore void @_ssdm_op_SpecMemCore, i32 %exp_buf_0_13, i64 666, i64 22, i64 18446744073709551615"   --->   Operation 285 'specmemcore' 'specmemcore_ln0' <Predicate = true> <Delay = 0.00>
ST_4 : Operation 286 [1/1] (0.00ns)   --->   "%specmemcore_ln0 = specmemcore void @_ssdm_op_SpecMemCore, i32 %exp_buf_0_14, i64 666, i64 22, i64 18446744073709551615"   --->   Operation 286 'specmemcore' 'specmemcore_ln0' <Predicate = true> <Delay = 0.00>
ST_4 : Operation 287 [1/1] (0.00ns)   --->   "%specmemcore_ln0 = specmemcore void @_ssdm_op_SpecMemCore, i32 %exp_buf_0_15, i64 666, i64 22, i64 18446744073709551615"   --->   Operation 287 'specmemcore' 'specmemcore_ln0' <Predicate = true> <Delay = 0.00>
ST_4 : Operation 288 [1/1] (0.00ns)   --->   "%specmemcore_ln0 = specmemcore void @_ssdm_op_SpecMemCore, i32 %exp_buf_0_16, i64 666, i64 22, i64 18446744073709551615"   --->   Operation 288 'specmemcore' 'specmemcore_ln0' <Predicate = true> <Delay = 0.00>
ST_4 : Operation 289 [1/1] (0.00ns)   --->   "%specmemcore_ln0 = specmemcore void @_ssdm_op_SpecMemCore, i32 %exp_buf_0_17, i64 666, i64 22, i64 18446744073709551615"   --->   Operation 289 'specmemcore' 'specmemcore_ln0' <Predicate = true> <Delay = 0.00>
ST_4 : Operation 290 [1/1] (0.00ns)   --->   "%specmemcore_ln0 = specmemcore void @_ssdm_op_SpecMemCore, i32 %exp_buf_0_18, i64 666, i64 22, i64 18446744073709551615"   --->   Operation 290 'specmemcore' 'specmemcore_ln0' <Predicate = true> <Delay = 0.00>
ST_4 : Operation 291 [1/1] (0.00ns)   --->   "%specmemcore_ln0 = specmemcore void @_ssdm_op_SpecMemCore, i32 %exp_buf_0_19, i64 666, i64 22, i64 18446744073709551615"   --->   Operation 291 'specmemcore' 'specmemcore_ln0' <Predicate = true> <Delay = 0.00>
ST_4 : Operation 292 [1/1] (0.00ns)   --->   "%specmemcore_ln0 = specmemcore void @_ssdm_op_SpecMemCore, i32 %exp_buf_0_20, i64 666, i64 22, i64 18446744073709551615"   --->   Operation 292 'specmemcore' 'specmemcore_ln0' <Predicate = true> <Delay = 0.00>
ST_4 : Operation 293 [1/1] (0.00ns)   --->   "%specmemcore_ln0 = specmemcore void @_ssdm_op_SpecMemCore, i32 %exp_buf_0_21, i64 666, i64 22, i64 18446744073709551615"   --->   Operation 293 'specmemcore' 'specmemcore_ln0' <Predicate = true> <Delay = 0.00>
ST_4 : Operation 294 [1/1] (0.00ns)   --->   "%specmemcore_ln0 = specmemcore void @_ssdm_op_SpecMemCore, i32 %exp_buf_0_22, i64 666, i64 22, i64 18446744073709551615"   --->   Operation 294 'specmemcore' 'specmemcore_ln0' <Predicate = true> <Delay = 0.00>
ST_4 : Operation 295 [1/1] (0.00ns)   --->   "%specmemcore_ln0 = specmemcore void @_ssdm_op_SpecMemCore, i32 %exp_buf_0_23, i64 666, i64 22, i64 18446744073709551615"   --->   Operation 295 'specmemcore' 'specmemcore_ln0' <Predicate = true> <Delay = 0.00>
ST_4 : Operation 296 [1/1] (0.00ns)   --->   "%specmemcore_ln0 = specmemcore void @_ssdm_op_SpecMemCore, i32 %exp_buf_0_24, i64 666, i64 22, i64 18446744073709551615"   --->   Operation 296 'specmemcore' 'specmemcore_ln0' <Predicate = true> <Delay = 0.00>
ST_4 : Operation 297 [1/1] (0.00ns)   --->   "%specmemcore_ln0 = specmemcore void @_ssdm_op_SpecMemCore, i32 %exp_buf_0_25, i64 666, i64 22, i64 18446744073709551615"   --->   Operation 297 'specmemcore' 'specmemcore_ln0' <Predicate = true> <Delay = 0.00>
ST_4 : Operation 298 [1/1] (0.00ns)   --->   "%specmemcore_ln0 = specmemcore void @_ssdm_op_SpecMemCore, i32 %exp_buf_0_26, i64 666, i64 22, i64 18446744073709551615"   --->   Operation 298 'specmemcore' 'specmemcore_ln0' <Predicate = true> <Delay = 0.00>
ST_4 : Operation 299 [1/1] (0.00ns)   --->   "%specmemcore_ln0 = specmemcore void @_ssdm_op_SpecMemCore, i32 %exp_buf_0_27, i64 666, i64 22, i64 18446744073709551615"   --->   Operation 299 'specmemcore' 'specmemcore_ln0' <Predicate = true> <Delay = 0.00>
ST_4 : Operation 300 [1/1] (0.00ns)   --->   "%specmemcore_ln0 = specmemcore void @_ssdm_op_SpecMemCore, i32 %exp_buf_0_28, i64 666, i64 22, i64 18446744073709551615"   --->   Operation 300 'specmemcore' 'specmemcore_ln0' <Predicate = true> <Delay = 0.00>
ST_4 : Operation 301 [1/1] (0.00ns)   --->   "%specmemcore_ln0 = specmemcore void @_ssdm_op_SpecMemCore, i32 %exp_buf_0_29, i64 666, i64 22, i64 18446744073709551615"   --->   Operation 301 'specmemcore' 'specmemcore_ln0' <Predicate = true> <Delay = 0.00>
ST_4 : Operation 302 [1/1] (0.00ns)   --->   "%specmemcore_ln0 = specmemcore void @_ssdm_op_SpecMemCore, i32 %exp_buf_0_30, i64 666, i64 22, i64 18446744073709551615"   --->   Operation 302 'specmemcore' 'specmemcore_ln0' <Predicate = true> <Delay = 0.00>
ST_4 : Operation 303 [1/1] (0.00ns)   --->   "%specmemcore_ln0 = specmemcore void @_ssdm_op_SpecMemCore, i32 %exp_buf_0_31, i64 666, i64 22, i64 18446744073709551615"   --->   Operation 303 'specmemcore' 'specmemcore_ln0' <Predicate = true> <Delay = 0.00>
ST_4 : Operation 304 [1/1] (0.00ns)   --->   "%specmemcore_ln0 = specmemcore void @_ssdm_op_SpecMemCore, i32 %exp_buf_0_32, i64 666, i64 22, i64 18446744073709551615"   --->   Operation 304 'specmemcore' 'specmemcore_ln0' <Predicate = true> <Delay = 0.00>
ST_4 : Operation 305 [1/1] (0.00ns)   --->   "%specmemcore_ln0 = specmemcore void @_ssdm_op_SpecMemCore, i32 %exp_buf_0_33, i64 666, i64 22, i64 18446744073709551615"   --->   Operation 305 'specmemcore' 'specmemcore_ln0' <Predicate = true> <Delay = 0.00>
ST_4 : Operation 306 [1/1] (0.00ns)   --->   "%specmemcore_ln0 = specmemcore void @_ssdm_op_SpecMemCore, i32 %exp_buf_0_34, i64 666, i64 22, i64 18446744073709551615"   --->   Operation 306 'specmemcore' 'specmemcore_ln0' <Predicate = true> <Delay = 0.00>
ST_4 : Operation 307 [1/1] (0.00ns)   --->   "%specmemcore_ln0 = specmemcore void @_ssdm_op_SpecMemCore, i32 %exp_buf_0_35, i64 666, i64 22, i64 18446744073709551615"   --->   Operation 307 'specmemcore' 'specmemcore_ln0' <Predicate = true> <Delay = 0.00>
ST_4 : Operation 308 [1/1] (0.00ns)   --->   "%specmemcore_ln0 = specmemcore void @_ssdm_op_SpecMemCore, i32 %exp_buf_0_36, i64 666, i64 22, i64 18446744073709551615"   --->   Operation 308 'specmemcore' 'specmemcore_ln0' <Predicate = true> <Delay = 0.00>
ST_4 : Operation 309 [1/1] (0.00ns)   --->   "%specmemcore_ln0 = specmemcore void @_ssdm_op_SpecMemCore, i32 %exp_buf_0_37, i64 666, i64 22, i64 18446744073709551615"   --->   Operation 309 'specmemcore' 'specmemcore_ln0' <Predicate = true> <Delay = 0.00>
ST_4 : Operation 310 [1/1] (0.00ns)   --->   "%specmemcore_ln0 = specmemcore void @_ssdm_op_SpecMemCore, i32 %exp_buf_0_38, i64 666, i64 22, i64 18446744073709551615"   --->   Operation 310 'specmemcore' 'specmemcore_ln0' <Predicate = true> <Delay = 0.00>
ST_4 : Operation 311 [1/1] (0.00ns)   --->   "%specmemcore_ln0 = specmemcore void @_ssdm_op_SpecMemCore, i32 %exp_buf_0_39, i64 666, i64 22, i64 18446744073709551615"   --->   Operation 311 'specmemcore' 'specmemcore_ln0' <Predicate = true> <Delay = 0.00>
ST_4 : Operation 312 [1/1] (0.00ns)   --->   "%specmemcore_ln0 = specmemcore void @_ssdm_op_SpecMemCore, i32 %exp_buf_0_40, i64 666, i64 22, i64 18446744073709551615"   --->   Operation 312 'specmemcore' 'specmemcore_ln0' <Predicate = true> <Delay = 0.00>
ST_4 : Operation 313 [1/1] (0.00ns)   --->   "%specmemcore_ln0 = specmemcore void @_ssdm_op_SpecMemCore, i32 %exp_buf_0_41, i64 666, i64 22, i64 18446744073709551615"   --->   Operation 313 'specmemcore' 'specmemcore_ln0' <Predicate = true> <Delay = 0.00>
ST_4 : Operation 314 [1/1] (0.00ns)   --->   "%specmemcore_ln0 = specmemcore void @_ssdm_op_SpecMemCore, i32 %exp_buf_0_42, i64 666, i64 22, i64 18446744073709551615"   --->   Operation 314 'specmemcore' 'specmemcore_ln0' <Predicate = true> <Delay = 0.00>
ST_4 : Operation 315 [1/1] (0.00ns)   --->   "%specmemcore_ln0 = specmemcore void @_ssdm_op_SpecMemCore, i32 %exp_buf_0_43, i64 666, i64 22, i64 18446744073709551615"   --->   Operation 315 'specmemcore' 'specmemcore_ln0' <Predicate = true> <Delay = 0.00>
ST_4 : Operation 316 [1/1] (0.00ns)   --->   "%specmemcore_ln0 = specmemcore void @_ssdm_op_SpecMemCore, i32 %exp_buf_0_44, i64 666, i64 22, i64 18446744073709551615"   --->   Operation 316 'specmemcore' 'specmemcore_ln0' <Predicate = true> <Delay = 0.00>
ST_4 : Operation 317 [1/1] (0.00ns)   --->   "%specmemcore_ln0 = specmemcore void @_ssdm_op_SpecMemCore, i32 %exp_buf_0_45, i64 666, i64 22, i64 18446744073709551615"   --->   Operation 317 'specmemcore' 'specmemcore_ln0' <Predicate = true> <Delay = 0.00>
ST_4 : Operation 318 [1/1] (0.00ns)   --->   "%specmemcore_ln0 = specmemcore void @_ssdm_op_SpecMemCore, i32 %exp_buf_0_46, i64 666, i64 22, i64 18446744073709551615"   --->   Operation 318 'specmemcore' 'specmemcore_ln0' <Predicate = true> <Delay = 0.00>
ST_4 : Operation 319 [1/1] (0.00ns)   --->   "%specmemcore_ln0 = specmemcore void @_ssdm_op_SpecMemCore, i32 %exp_buf_0_47, i64 666, i64 22, i64 18446744073709551615"   --->   Operation 319 'specmemcore' 'specmemcore_ln0' <Predicate = true> <Delay = 0.00>
ST_4 : Operation 320 [1/1] (0.00ns)   --->   "%specmemcore_ln0 = specmemcore void @_ssdm_op_SpecMemCore, i32 %exp_buf_0_48, i64 666, i64 22, i64 18446744073709551615"   --->   Operation 320 'specmemcore' 'specmemcore_ln0' <Predicate = true> <Delay = 0.00>
ST_4 : Operation 321 [1/1] (0.00ns)   --->   "%specmemcore_ln0 = specmemcore void @_ssdm_op_SpecMemCore, i32 %exp_buf_0_49, i64 666, i64 22, i64 18446744073709551615"   --->   Operation 321 'specmemcore' 'specmemcore_ln0' <Predicate = true> <Delay = 0.00>
ST_4 : Operation 322 [1/1] (0.00ns)   --->   "%specmemcore_ln0 = specmemcore void @_ssdm_op_SpecMemCore, i32 %exp_buf_0_50, i64 666, i64 22, i64 18446744073709551615"   --->   Operation 322 'specmemcore' 'specmemcore_ln0' <Predicate = true> <Delay = 0.00>
ST_4 : Operation 323 [1/1] (0.00ns)   --->   "%specmemcore_ln0 = specmemcore void @_ssdm_op_SpecMemCore, i32 %exp_buf_0_51, i64 666, i64 22, i64 18446744073709551615"   --->   Operation 323 'specmemcore' 'specmemcore_ln0' <Predicate = true> <Delay = 0.00>
ST_4 : Operation 324 [1/1] (0.00ns)   --->   "%specmemcore_ln0 = specmemcore void @_ssdm_op_SpecMemCore, i32 %exp_buf_0_52, i64 666, i64 22, i64 18446744073709551615"   --->   Operation 324 'specmemcore' 'specmemcore_ln0' <Predicate = true> <Delay = 0.00>
ST_4 : Operation 325 [1/1] (0.00ns)   --->   "%specmemcore_ln0 = specmemcore void @_ssdm_op_SpecMemCore, i32 %exp_buf_0_53, i64 666, i64 22, i64 18446744073709551615"   --->   Operation 325 'specmemcore' 'specmemcore_ln0' <Predicate = true> <Delay = 0.00>
ST_4 : Operation 326 [1/1] (0.00ns)   --->   "%specmemcore_ln0 = specmemcore void @_ssdm_op_SpecMemCore, i32 %exp_buf_0_54, i64 666, i64 22, i64 18446744073709551615"   --->   Operation 326 'specmemcore' 'specmemcore_ln0' <Predicate = true> <Delay = 0.00>
ST_4 : Operation 327 [1/1] (0.00ns)   --->   "%specmemcore_ln0 = specmemcore void @_ssdm_op_SpecMemCore, i32 %exp_buf_0_55, i64 666, i64 22, i64 18446744073709551615"   --->   Operation 327 'specmemcore' 'specmemcore_ln0' <Predicate = true> <Delay = 0.00>
ST_4 : Operation 328 [1/1] (0.00ns)   --->   "%specmemcore_ln0 = specmemcore void @_ssdm_op_SpecMemCore, i32 %exp_buf_0_56, i64 666, i64 22, i64 18446744073709551615"   --->   Operation 328 'specmemcore' 'specmemcore_ln0' <Predicate = true> <Delay = 0.00>
ST_4 : Operation 329 [1/1] (0.00ns)   --->   "%specmemcore_ln0 = specmemcore void @_ssdm_op_SpecMemCore, i32 %exp_buf_0_57, i64 666, i64 22, i64 18446744073709551615"   --->   Operation 329 'specmemcore' 'specmemcore_ln0' <Predicate = true> <Delay = 0.00>
ST_4 : Operation 330 [1/1] (0.00ns)   --->   "%specmemcore_ln0 = specmemcore void @_ssdm_op_SpecMemCore, i32 %exp_buf_0_58, i64 666, i64 22, i64 18446744073709551615"   --->   Operation 330 'specmemcore' 'specmemcore_ln0' <Predicate = true> <Delay = 0.00>
ST_4 : Operation 331 [1/1] (0.00ns)   --->   "%specmemcore_ln0 = specmemcore void @_ssdm_op_SpecMemCore, i32 %exp_buf_0_59, i64 666, i64 22, i64 18446744073709551615"   --->   Operation 331 'specmemcore' 'specmemcore_ln0' <Predicate = true> <Delay = 0.00>
ST_4 : Operation 332 [1/1] (0.00ns)   --->   "%specmemcore_ln0 = specmemcore void @_ssdm_op_SpecMemCore, i32 %exp_buf_0_60, i64 666, i64 22, i64 18446744073709551615"   --->   Operation 332 'specmemcore' 'specmemcore_ln0' <Predicate = true> <Delay = 0.00>
ST_4 : Operation 333 [1/1] (0.00ns)   --->   "%specmemcore_ln0 = specmemcore void @_ssdm_op_SpecMemCore, i32 %exp_buf_0_61, i64 666, i64 22, i64 18446744073709551615"   --->   Operation 333 'specmemcore' 'specmemcore_ln0' <Predicate = true> <Delay = 0.00>
ST_4 : Operation 334 [1/1] (0.00ns)   --->   "%specmemcore_ln0 = specmemcore void @_ssdm_op_SpecMemCore, i32 %exp_buf_0_62, i64 666, i64 22, i64 18446744073709551615"   --->   Operation 334 'specmemcore' 'specmemcore_ln0' <Predicate = true> <Delay = 0.00>
ST_4 : Operation 335 [1/1] (0.00ns)   --->   "%specmemcore_ln0 = specmemcore void @_ssdm_op_SpecMemCore, i32 %exp_buf_0_63, i64 666, i64 22, i64 18446744073709551615"   --->   Operation 335 'specmemcore' 'specmemcore_ln0' <Predicate = true> <Delay = 0.00>
ST_4 : Operation 336 [1/1] (0.00ns)   --->   "%specmemcore_ln0 = specmemcore void @_ssdm_op_SpecMemCore, i32 %exp_buf_1_0, i64 666, i64 22, i64 18446744073709551615"   --->   Operation 336 'specmemcore' 'specmemcore_ln0' <Predicate = true> <Delay = 0.00>
ST_4 : Operation 337 [1/1] (0.00ns)   --->   "%specmemcore_ln0 = specmemcore void @_ssdm_op_SpecMemCore, i32 %exp_buf_1_1, i64 666, i64 22, i64 18446744073709551615"   --->   Operation 337 'specmemcore' 'specmemcore_ln0' <Predicate = true> <Delay = 0.00>
ST_4 : Operation 338 [1/1] (0.00ns)   --->   "%specmemcore_ln0 = specmemcore void @_ssdm_op_SpecMemCore, i32 %exp_buf_1_2, i64 666, i64 22, i64 18446744073709551615"   --->   Operation 338 'specmemcore' 'specmemcore_ln0' <Predicate = true> <Delay = 0.00>
ST_4 : Operation 339 [1/1] (0.00ns)   --->   "%specmemcore_ln0 = specmemcore void @_ssdm_op_SpecMemCore, i32 %exp_buf_1_3, i64 666, i64 22, i64 18446744073709551615"   --->   Operation 339 'specmemcore' 'specmemcore_ln0' <Predicate = true> <Delay = 0.00>
ST_4 : Operation 340 [1/1] (0.00ns)   --->   "%specmemcore_ln0 = specmemcore void @_ssdm_op_SpecMemCore, i32 %exp_buf_1_4, i64 666, i64 22, i64 18446744073709551615"   --->   Operation 340 'specmemcore' 'specmemcore_ln0' <Predicate = true> <Delay = 0.00>
ST_4 : Operation 341 [1/1] (0.00ns)   --->   "%specmemcore_ln0 = specmemcore void @_ssdm_op_SpecMemCore, i32 %exp_buf_1_5, i64 666, i64 22, i64 18446744073709551615"   --->   Operation 341 'specmemcore' 'specmemcore_ln0' <Predicate = true> <Delay = 0.00>
ST_4 : Operation 342 [1/1] (0.00ns)   --->   "%specmemcore_ln0 = specmemcore void @_ssdm_op_SpecMemCore, i32 %exp_buf_1_6, i64 666, i64 22, i64 18446744073709551615"   --->   Operation 342 'specmemcore' 'specmemcore_ln0' <Predicate = true> <Delay = 0.00>
ST_4 : Operation 343 [1/1] (0.00ns)   --->   "%specmemcore_ln0 = specmemcore void @_ssdm_op_SpecMemCore, i32 %exp_buf_1_7, i64 666, i64 22, i64 18446744073709551615"   --->   Operation 343 'specmemcore' 'specmemcore_ln0' <Predicate = true> <Delay = 0.00>
ST_4 : Operation 344 [1/1] (0.00ns)   --->   "%specmemcore_ln0 = specmemcore void @_ssdm_op_SpecMemCore, i32 %exp_buf_1_8, i64 666, i64 22, i64 18446744073709551615"   --->   Operation 344 'specmemcore' 'specmemcore_ln0' <Predicate = true> <Delay = 0.00>
ST_4 : Operation 345 [1/1] (0.00ns)   --->   "%specmemcore_ln0 = specmemcore void @_ssdm_op_SpecMemCore, i32 %exp_buf_1_9, i64 666, i64 22, i64 18446744073709551615"   --->   Operation 345 'specmemcore' 'specmemcore_ln0' <Predicate = true> <Delay = 0.00>
ST_4 : Operation 346 [1/1] (0.00ns)   --->   "%specmemcore_ln0 = specmemcore void @_ssdm_op_SpecMemCore, i32 %exp_buf_1_10, i64 666, i64 22, i64 18446744073709551615"   --->   Operation 346 'specmemcore' 'specmemcore_ln0' <Predicate = true> <Delay = 0.00>
ST_4 : Operation 347 [1/1] (0.00ns)   --->   "%specmemcore_ln0 = specmemcore void @_ssdm_op_SpecMemCore, i32 %exp_buf_1_11, i64 666, i64 22, i64 18446744073709551615"   --->   Operation 347 'specmemcore' 'specmemcore_ln0' <Predicate = true> <Delay = 0.00>
ST_4 : Operation 348 [1/1] (0.00ns)   --->   "%specmemcore_ln0 = specmemcore void @_ssdm_op_SpecMemCore, i32 %exp_buf_1_12, i64 666, i64 22, i64 18446744073709551615"   --->   Operation 348 'specmemcore' 'specmemcore_ln0' <Predicate = true> <Delay = 0.00>
ST_4 : Operation 349 [1/1] (0.00ns)   --->   "%specmemcore_ln0 = specmemcore void @_ssdm_op_SpecMemCore, i32 %exp_buf_1_13, i64 666, i64 22, i64 18446744073709551615"   --->   Operation 349 'specmemcore' 'specmemcore_ln0' <Predicate = true> <Delay = 0.00>
ST_4 : Operation 350 [1/1] (0.00ns)   --->   "%specmemcore_ln0 = specmemcore void @_ssdm_op_SpecMemCore, i32 %exp_buf_1_14, i64 666, i64 22, i64 18446744073709551615"   --->   Operation 350 'specmemcore' 'specmemcore_ln0' <Predicate = true> <Delay = 0.00>
ST_4 : Operation 351 [1/1] (0.00ns)   --->   "%specmemcore_ln0 = specmemcore void @_ssdm_op_SpecMemCore, i32 %exp_buf_1_15, i64 666, i64 22, i64 18446744073709551615"   --->   Operation 351 'specmemcore' 'specmemcore_ln0' <Predicate = true> <Delay = 0.00>
ST_4 : Operation 352 [1/1] (0.00ns)   --->   "%specmemcore_ln0 = specmemcore void @_ssdm_op_SpecMemCore, i32 %exp_buf_1_16, i64 666, i64 22, i64 18446744073709551615"   --->   Operation 352 'specmemcore' 'specmemcore_ln0' <Predicate = true> <Delay = 0.00>
ST_4 : Operation 353 [1/1] (0.00ns)   --->   "%specmemcore_ln0 = specmemcore void @_ssdm_op_SpecMemCore, i32 %exp_buf_1_17, i64 666, i64 22, i64 18446744073709551615"   --->   Operation 353 'specmemcore' 'specmemcore_ln0' <Predicate = true> <Delay = 0.00>
ST_4 : Operation 354 [1/1] (0.00ns)   --->   "%specmemcore_ln0 = specmemcore void @_ssdm_op_SpecMemCore, i32 %exp_buf_1_18, i64 666, i64 22, i64 18446744073709551615"   --->   Operation 354 'specmemcore' 'specmemcore_ln0' <Predicate = true> <Delay = 0.00>
ST_4 : Operation 355 [1/1] (0.00ns)   --->   "%specmemcore_ln0 = specmemcore void @_ssdm_op_SpecMemCore, i32 %exp_buf_1_19, i64 666, i64 22, i64 18446744073709551615"   --->   Operation 355 'specmemcore' 'specmemcore_ln0' <Predicate = true> <Delay = 0.00>
ST_4 : Operation 356 [1/1] (0.00ns)   --->   "%specmemcore_ln0 = specmemcore void @_ssdm_op_SpecMemCore, i32 %exp_buf_1_20, i64 666, i64 22, i64 18446744073709551615"   --->   Operation 356 'specmemcore' 'specmemcore_ln0' <Predicate = true> <Delay = 0.00>
ST_4 : Operation 357 [1/1] (0.00ns)   --->   "%specmemcore_ln0 = specmemcore void @_ssdm_op_SpecMemCore, i32 %exp_buf_1_21, i64 666, i64 22, i64 18446744073709551615"   --->   Operation 357 'specmemcore' 'specmemcore_ln0' <Predicate = true> <Delay = 0.00>
ST_4 : Operation 358 [1/1] (0.00ns)   --->   "%specmemcore_ln0 = specmemcore void @_ssdm_op_SpecMemCore, i32 %exp_buf_1_22, i64 666, i64 22, i64 18446744073709551615"   --->   Operation 358 'specmemcore' 'specmemcore_ln0' <Predicate = true> <Delay = 0.00>
ST_4 : Operation 359 [1/1] (0.00ns)   --->   "%specmemcore_ln0 = specmemcore void @_ssdm_op_SpecMemCore, i32 %exp_buf_1_23, i64 666, i64 22, i64 18446744073709551615"   --->   Operation 359 'specmemcore' 'specmemcore_ln0' <Predicate = true> <Delay = 0.00>
ST_4 : Operation 360 [1/1] (0.00ns)   --->   "%specmemcore_ln0 = specmemcore void @_ssdm_op_SpecMemCore, i32 %exp_buf_1_24, i64 666, i64 22, i64 18446744073709551615"   --->   Operation 360 'specmemcore' 'specmemcore_ln0' <Predicate = true> <Delay = 0.00>
ST_4 : Operation 361 [1/1] (0.00ns)   --->   "%specmemcore_ln0 = specmemcore void @_ssdm_op_SpecMemCore, i32 %exp_buf_1_25, i64 666, i64 22, i64 18446744073709551615"   --->   Operation 361 'specmemcore' 'specmemcore_ln0' <Predicate = true> <Delay = 0.00>
ST_4 : Operation 362 [1/1] (0.00ns)   --->   "%specmemcore_ln0 = specmemcore void @_ssdm_op_SpecMemCore, i32 %exp_buf_1_26, i64 666, i64 22, i64 18446744073709551615"   --->   Operation 362 'specmemcore' 'specmemcore_ln0' <Predicate = true> <Delay = 0.00>
ST_4 : Operation 363 [1/1] (0.00ns)   --->   "%specmemcore_ln0 = specmemcore void @_ssdm_op_SpecMemCore, i32 %exp_buf_1_27, i64 666, i64 22, i64 18446744073709551615"   --->   Operation 363 'specmemcore' 'specmemcore_ln0' <Predicate = true> <Delay = 0.00>
ST_4 : Operation 364 [1/1] (0.00ns)   --->   "%specmemcore_ln0 = specmemcore void @_ssdm_op_SpecMemCore, i32 %exp_buf_1_28, i64 666, i64 22, i64 18446744073709551615"   --->   Operation 364 'specmemcore' 'specmemcore_ln0' <Predicate = true> <Delay = 0.00>
ST_4 : Operation 365 [1/1] (0.00ns)   --->   "%specmemcore_ln0 = specmemcore void @_ssdm_op_SpecMemCore, i32 %exp_buf_1_29, i64 666, i64 22, i64 18446744073709551615"   --->   Operation 365 'specmemcore' 'specmemcore_ln0' <Predicate = true> <Delay = 0.00>
ST_4 : Operation 366 [1/1] (0.00ns)   --->   "%specmemcore_ln0 = specmemcore void @_ssdm_op_SpecMemCore, i32 %exp_buf_1_30, i64 666, i64 22, i64 18446744073709551615"   --->   Operation 366 'specmemcore' 'specmemcore_ln0' <Predicate = true> <Delay = 0.00>
ST_4 : Operation 367 [1/1] (0.00ns)   --->   "%specmemcore_ln0 = specmemcore void @_ssdm_op_SpecMemCore, i32 %exp_buf_1_31, i64 666, i64 22, i64 18446744073709551615"   --->   Operation 367 'specmemcore' 'specmemcore_ln0' <Predicate = true> <Delay = 0.00>
ST_4 : Operation 368 [1/1] (0.00ns)   --->   "%specmemcore_ln0 = specmemcore void @_ssdm_op_SpecMemCore, i32 %exp_buf_1_32, i64 666, i64 22, i64 18446744073709551615"   --->   Operation 368 'specmemcore' 'specmemcore_ln0' <Predicate = true> <Delay = 0.00>
ST_4 : Operation 369 [1/1] (0.00ns)   --->   "%specmemcore_ln0 = specmemcore void @_ssdm_op_SpecMemCore, i32 %exp_buf_1_33, i64 666, i64 22, i64 18446744073709551615"   --->   Operation 369 'specmemcore' 'specmemcore_ln0' <Predicate = true> <Delay = 0.00>
ST_4 : Operation 370 [1/1] (0.00ns)   --->   "%specmemcore_ln0 = specmemcore void @_ssdm_op_SpecMemCore, i32 %exp_buf_1_34, i64 666, i64 22, i64 18446744073709551615"   --->   Operation 370 'specmemcore' 'specmemcore_ln0' <Predicate = true> <Delay = 0.00>
ST_4 : Operation 371 [1/1] (0.00ns)   --->   "%specmemcore_ln0 = specmemcore void @_ssdm_op_SpecMemCore, i32 %exp_buf_1_35, i64 666, i64 22, i64 18446744073709551615"   --->   Operation 371 'specmemcore' 'specmemcore_ln0' <Predicate = true> <Delay = 0.00>
ST_4 : Operation 372 [1/1] (0.00ns)   --->   "%specmemcore_ln0 = specmemcore void @_ssdm_op_SpecMemCore, i32 %exp_buf_1_36, i64 666, i64 22, i64 18446744073709551615"   --->   Operation 372 'specmemcore' 'specmemcore_ln0' <Predicate = true> <Delay = 0.00>
ST_4 : Operation 373 [1/1] (0.00ns)   --->   "%specmemcore_ln0 = specmemcore void @_ssdm_op_SpecMemCore, i32 %exp_buf_1_37, i64 666, i64 22, i64 18446744073709551615"   --->   Operation 373 'specmemcore' 'specmemcore_ln0' <Predicate = true> <Delay = 0.00>
ST_4 : Operation 374 [1/1] (0.00ns)   --->   "%specmemcore_ln0 = specmemcore void @_ssdm_op_SpecMemCore, i32 %exp_buf_1_38, i64 666, i64 22, i64 18446744073709551615"   --->   Operation 374 'specmemcore' 'specmemcore_ln0' <Predicate = true> <Delay = 0.00>
ST_4 : Operation 375 [1/1] (0.00ns)   --->   "%specmemcore_ln0 = specmemcore void @_ssdm_op_SpecMemCore, i32 %exp_buf_1_39, i64 666, i64 22, i64 18446744073709551615"   --->   Operation 375 'specmemcore' 'specmemcore_ln0' <Predicate = true> <Delay = 0.00>
ST_4 : Operation 376 [1/1] (0.00ns)   --->   "%specmemcore_ln0 = specmemcore void @_ssdm_op_SpecMemCore, i32 %exp_buf_1_40, i64 666, i64 22, i64 18446744073709551615"   --->   Operation 376 'specmemcore' 'specmemcore_ln0' <Predicate = true> <Delay = 0.00>
ST_4 : Operation 377 [1/1] (0.00ns)   --->   "%specmemcore_ln0 = specmemcore void @_ssdm_op_SpecMemCore, i32 %exp_buf_1_41, i64 666, i64 22, i64 18446744073709551615"   --->   Operation 377 'specmemcore' 'specmemcore_ln0' <Predicate = true> <Delay = 0.00>
ST_4 : Operation 378 [1/1] (0.00ns)   --->   "%specmemcore_ln0 = specmemcore void @_ssdm_op_SpecMemCore, i32 %exp_buf_1_42, i64 666, i64 22, i64 18446744073709551615"   --->   Operation 378 'specmemcore' 'specmemcore_ln0' <Predicate = true> <Delay = 0.00>
ST_4 : Operation 379 [1/1] (0.00ns)   --->   "%specmemcore_ln0 = specmemcore void @_ssdm_op_SpecMemCore, i32 %exp_buf_1_43, i64 666, i64 22, i64 18446744073709551615"   --->   Operation 379 'specmemcore' 'specmemcore_ln0' <Predicate = true> <Delay = 0.00>
ST_4 : Operation 380 [1/1] (0.00ns)   --->   "%specmemcore_ln0 = specmemcore void @_ssdm_op_SpecMemCore, i32 %exp_buf_1_44, i64 666, i64 22, i64 18446744073709551615"   --->   Operation 380 'specmemcore' 'specmemcore_ln0' <Predicate = true> <Delay = 0.00>
ST_4 : Operation 381 [1/1] (0.00ns)   --->   "%specmemcore_ln0 = specmemcore void @_ssdm_op_SpecMemCore, i32 %exp_buf_1_45, i64 666, i64 22, i64 18446744073709551615"   --->   Operation 381 'specmemcore' 'specmemcore_ln0' <Predicate = true> <Delay = 0.00>
ST_4 : Operation 382 [1/1] (0.00ns)   --->   "%specmemcore_ln0 = specmemcore void @_ssdm_op_SpecMemCore, i32 %exp_buf_1_46, i64 666, i64 22, i64 18446744073709551615"   --->   Operation 382 'specmemcore' 'specmemcore_ln0' <Predicate = true> <Delay = 0.00>
ST_4 : Operation 383 [1/1] (0.00ns)   --->   "%specmemcore_ln0 = specmemcore void @_ssdm_op_SpecMemCore, i32 %exp_buf_1_47, i64 666, i64 22, i64 18446744073709551615"   --->   Operation 383 'specmemcore' 'specmemcore_ln0' <Predicate = true> <Delay = 0.00>
ST_4 : Operation 384 [1/1] (0.00ns)   --->   "%specmemcore_ln0 = specmemcore void @_ssdm_op_SpecMemCore, i32 %exp_buf_1_48, i64 666, i64 22, i64 18446744073709551615"   --->   Operation 384 'specmemcore' 'specmemcore_ln0' <Predicate = true> <Delay = 0.00>
ST_4 : Operation 385 [1/1] (0.00ns)   --->   "%specmemcore_ln0 = specmemcore void @_ssdm_op_SpecMemCore, i32 %exp_buf_1_49, i64 666, i64 22, i64 18446744073709551615"   --->   Operation 385 'specmemcore' 'specmemcore_ln0' <Predicate = true> <Delay = 0.00>
ST_4 : Operation 386 [1/1] (0.00ns)   --->   "%specmemcore_ln0 = specmemcore void @_ssdm_op_SpecMemCore, i32 %exp_buf_1_50, i64 666, i64 22, i64 18446744073709551615"   --->   Operation 386 'specmemcore' 'specmemcore_ln0' <Predicate = true> <Delay = 0.00>
ST_4 : Operation 387 [1/1] (0.00ns)   --->   "%specmemcore_ln0 = specmemcore void @_ssdm_op_SpecMemCore, i32 %exp_buf_1_51, i64 666, i64 22, i64 18446744073709551615"   --->   Operation 387 'specmemcore' 'specmemcore_ln0' <Predicate = true> <Delay = 0.00>
ST_4 : Operation 388 [1/1] (0.00ns)   --->   "%specmemcore_ln0 = specmemcore void @_ssdm_op_SpecMemCore, i32 %exp_buf_1_52, i64 666, i64 22, i64 18446744073709551615"   --->   Operation 388 'specmemcore' 'specmemcore_ln0' <Predicate = true> <Delay = 0.00>
ST_4 : Operation 389 [1/1] (0.00ns)   --->   "%specmemcore_ln0 = specmemcore void @_ssdm_op_SpecMemCore, i32 %exp_buf_1_53, i64 666, i64 22, i64 18446744073709551615"   --->   Operation 389 'specmemcore' 'specmemcore_ln0' <Predicate = true> <Delay = 0.00>
ST_4 : Operation 390 [1/1] (0.00ns)   --->   "%specmemcore_ln0 = specmemcore void @_ssdm_op_SpecMemCore, i32 %exp_buf_1_54, i64 666, i64 22, i64 18446744073709551615"   --->   Operation 390 'specmemcore' 'specmemcore_ln0' <Predicate = true> <Delay = 0.00>
ST_4 : Operation 391 [1/1] (0.00ns)   --->   "%specmemcore_ln0 = specmemcore void @_ssdm_op_SpecMemCore, i32 %exp_buf_1_55, i64 666, i64 22, i64 18446744073709551615"   --->   Operation 391 'specmemcore' 'specmemcore_ln0' <Predicate = true> <Delay = 0.00>
ST_4 : Operation 392 [1/1] (0.00ns)   --->   "%specmemcore_ln0 = specmemcore void @_ssdm_op_SpecMemCore, i32 %exp_buf_1_56, i64 666, i64 22, i64 18446744073709551615"   --->   Operation 392 'specmemcore' 'specmemcore_ln0' <Predicate = true> <Delay = 0.00>
ST_4 : Operation 393 [1/1] (0.00ns)   --->   "%specmemcore_ln0 = specmemcore void @_ssdm_op_SpecMemCore, i32 %exp_buf_1_57, i64 666, i64 22, i64 18446744073709551615"   --->   Operation 393 'specmemcore' 'specmemcore_ln0' <Predicate = true> <Delay = 0.00>
ST_4 : Operation 394 [1/1] (0.00ns)   --->   "%specmemcore_ln0 = specmemcore void @_ssdm_op_SpecMemCore, i32 %exp_buf_1_58, i64 666, i64 22, i64 18446744073709551615"   --->   Operation 394 'specmemcore' 'specmemcore_ln0' <Predicate = true> <Delay = 0.00>
ST_4 : Operation 395 [1/1] (0.00ns)   --->   "%specmemcore_ln0 = specmemcore void @_ssdm_op_SpecMemCore, i32 %exp_buf_1_59, i64 666, i64 22, i64 18446744073709551615"   --->   Operation 395 'specmemcore' 'specmemcore_ln0' <Predicate = true> <Delay = 0.00>
ST_4 : Operation 396 [1/1] (0.00ns)   --->   "%specmemcore_ln0 = specmemcore void @_ssdm_op_SpecMemCore, i32 %exp_buf_1_60, i64 666, i64 22, i64 18446744073709551615"   --->   Operation 396 'specmemcore' 'specmemcore_ln0' <Predicate = true> <Delay = 0.00>
ST_4 : Operation 397 [1/1] (0.00ns)   --->   "%specmemcore_ln0 = specmemcore void @_ssdm_op_SpecMemCore, i32 %exp_buf_1_61, i64 666, i64 22, i64 18446744073709551615"   --->   Operation 397 'specmemcore' 'specmemcore_ln0' <Predicate = true> <Delay = 0.00>
ST_4 : Operation 398 [1/1] (0.00ns)   --->   "%specmemcore_ln0 = specmemcore void @_ssdm_op_SpecMemCore, i32 %exp_buf_1_62, i64 666, i64 22, i64 18446744073709551615"   --->   Operation 398 'specmemcore' 'specmemcore_ln0' <Predicate = true> <Delay = 0.00>
ST_4 : Operation 399 [1/1] (0.00ns)   --->   "%specmemcore_ln0 = specmemcore void @_ssdm_op_SpecMemCore, i32 %exp_buf_1_63, i64 666, i64 22, i64 18446744073709551615"   --->   Operation 399 'specmemcore' 'specmemcore_ln0' <Predicate = true> <Delay = 0.00>
ST_4 : Operation 400 [1/1] (0.00ns)   --->   "%specmemcore_ln0 = specmemcore void @_ssdm_op_SpecMemCore, i32 %exp_buf_2_0, i64 666, i64 22, i64 18446744073709551615"   --->   Operation 400 'specmemcore' 'specmemcore_ln0' <Predicate = true> <Delay = 0.00>
ST_4 : Operation 401 [1/1] (0.00ns)   --->   "%specmemcore_ln0 = specmemcore void @_ssdm_op_SpecMemCore, i32 %exp_buf_2_1, i64 666, i64 22, i64 18446744073709551615"   --->   Operation 401 'specmemcore' 'specmemcore_ln0' <Predicate = true> <Delay = 0.00>
ST_4 : Operation 402 [1/1] (0.00ns)   --->   "%specmemcore_ln0 = specmemcore void @_ssdm_op_SpecMemCore, i32 %exp_buf_2_2, i64 666, i64 22, i64 18446744073709551615"   --->   Operation 402 'specmemcore' 'specmemcore_ln0' <Predicate = true> <Delay = 0.00>
ST_4 : Operation 403 [1/1] (0.00ns)   --->   "%specmemcore_ln0 = specmemcore void @_ssdm_op_SpecMemCore, i32 %exp_buf_2_3, i64 666, i64 22, i64 18446744073709551615"   --->   Operation 403 'specmemcore' 'specmemcore_ln0' <Predicate = true> <Delay = 0.00>
ST_4 : Operation 404 [1/1] (0.00ns)   --->   "%specmemcore_ln0 = specmemcore void @_ssdm_op_SpecMemCore, i32 %exp_buf_2_4, i64 666, i64 22, i64 18446744073709551615"   --->   Operation 404 'specmemcore' 'specmemcore_ln0' <Predicate = true> <Delay = 0.00>
ST_4 : Operation 405 [1/1] (0.00ns)   --->   "%specmemcore_ln0 = specmemcore void @_ssdm_op_SpecMemCore, i32 %exp_buf_2_5, i64 666, i64 22, i64 18446744073709551615"   --->   Operation 405 'specmemcore' 'specmemcore_ln0' <Predicate = true> <Delay = 0.00>
ST_4 : Operation 406 [1/1] (0.00ns)   --->   "%specmemcore_ln0 = specmemcore void @_ssdm_op_SpecMemCore, i32 %exp_buf_2_6, i64 666, i64 22, i64 18446744073709551615"   --->   Operation 406 'specmemcore' 'specmemcore_ln0' <Predicate = true> <Delay = 0.00>
ST_4 : Operation 407 [1/1] (0.00ns)   --->   "%specmemcore_ln0 = specmemcore void @_ssdm_op_SpecMemCore, i32 %exp_buf_2_7, i64 666, i64 22, i64 18446744073709551615"   --->   Operation 407 'specmemcore' 'specmemcore_ln0' <Predicate = true> <Delay = 0.00>
ST_4 : Operation 408 [1/1] (0.00ns)   --->   "%specmemcore_ln0 = specmemcore void @_ssdm_op_SpecMemCore, i32 %exp_buf_2_8, i64 666, i64 22, i64 18446744073709551615"   --->   Operation 408 'specmemcore' 'specmemcore_ln0' <Predicate = true> <Delay = 0.00>
ST_4 : Operation 409 [1/1] (0.00ns)   --->   "%specmemcore_ln0 = specmemcore void @_ssdm_op_SpecMemCore, i32 %exp_buf_2_9, i64 666, i64 22, i64 18446744073709551615"   --->   Operation 409 'specmemcore' 'specmemcore_ln0' <Predicate = true> <Delay = 0.00>
ST_4 : Operation 410 [1/1] (0.00ns)   --->   "%specmemcore_ln0 = specmemcore void @_ssdm_op_SpecMemCore, i32 %exp_buf_2_10, i64 666, i64 22, i64 18446744073709551615"   --->   Operation 410 'specmemcore' 'specmemcore_ln0' <Predicate = true> <Delay = 0.00>
ST_4 : Operation 411 [1/1] (0.00ns)   --->   "%specmemcore_ln0 = specmemcore void @_ssdm_op_SpecMemCore, i32 %exp_buf_2_11, i64 666, i64 22, i64 18446744073709551615"   --->   Operation 411 'specmemcore' 'specmemcore_ln0' <Predicate = true> <Delay = 0.00>
ST_4 : Operation 412 [1/1] (0.00ns)   --->   "%specmemcore_ln0 = specmemcore void @_ssdm_op_SpecMemCore, i32 %exp_buf_2_12, i64 666, i64 22, i64 18446744073709551615"   --->   Operation 412 'specmemcore' 'specmemcore_ln0' <Predicate = true> <Delay = 0.00>
ST_4 : Operation 413 [1/1] (0.00ns)   --->   "%specmemcore_ln0 = specmemcore void @_ssdm_op_SpecMemCore, i32 %exp_buf_2_13, i64 666, i64 22, i64 18446744073709551615"   --->   Operation 413 'specmemcore' 'specmemcore_ln0' <Predicate = true> <Delay = 0.00>
ST_4 : Operation 414 [1/1] (0.00ns)   --->   "%specmemcore_ln0 = specmemcore void @_ssdm_op_SpecMemCore, i32 %exp_buf_2_14, i64 666, i64 22, i64 18446744073709551615"   --->   Operation 414 'specmemcore' 'specmemcore_ln0' <Predicate = true> <Delay = 0.00>
ST_4 : Operation 415 [1/1] (0.00ns)   --->   "%specmemcore_ln0 = specmemcore void @_ssdm_op_SpecMemCore, i32 %exp_buf_2_15, i64 666, i64 22, i64 18446744073709551615"   --->   Operation 415 'specmemcore' 'specmemcore_ln0' <Predicate = true> <Delay = 0.00>
ST_4 : Operation 416 [1/1] (0.00ns)   --->   "%specmemcore_ln0 = specmemcore void @_ssdm_op_SpecMemCore, i32 %exp_buf_2_16, i64 666, i64 22, i64 18446744073709551615"   --->   Operation 416 'specmemcore' 'specmemcore_ln0' <Predicate = true> <Delay = 0.00>
ST_4 : Operation 417 [1/1] (0.00ns)   --->   "%specmemcore_ln0 = specmemcore void @_ssdm_op_SpecMemCore, i32 %exp_buf_2_17, i64 666, i64 22, i64 18446744073709551615"   --->   Operation 417 'specmemcore' 'specmemcore_ln0' <Predicate = true> <Delay = 0.00>
ST_4 : Operation 418 [1/1] (0.00ns)   --->   "%specmemcore_ln0 = specmemcore void @_ssdm_op_SpecMemCore, i32 %exp_buf_2_18, i64 666, i64 22, i64 18446744073709551615"   --->   Operation 418 'specmemcore' 'specmemcore_ln0' <Predicate = true> <Delay = 0.00>
ST_4 : Operation 419 [1/1] (0.00ns)   --->   "%specmemcore_ln0 = specmemcore void @_ssdm_op_SpecMemCore, i32 %exp_buf_2_19, i64 666, i64 22, i64 18446744073709551615"   --->   Operation 419 'specmemcore' 'specmemcore_ln0' <Predicate = true> <Delay = 0.00>
ST_4 : Operation 420 [1/1] (0.00ns)   --->   "%specmemcore_ln0 = specmemcore void @_ssdm_op_SpecMemCore, i32 %exp_buf_2_20, i64 666, i64 22, i64 18446744073709551615"   --->   Operation 420 'specmemcore' 'specmemcore_ln0' <Predicate = true> <Delay = 0.00>
ST_4 : Operation 421 [1/1] (0.00ns)   --->   "%specmemcore_ln0 = specmemcore void @_ssdm_op_SpecMemCore, i32 %exp_buf_2_21, i64 666, i64 22, i64 18446744073709551615"   --->   Operation 421 'specmemcore' 'specmemcore_ln0' <Predicate = true> <Delay = 0.00>
ST_4 : Operation 422 [1/1] (0.00ns)   --->   "%specmemcore_ln0 = specmemcore void @_ssdm_op_SpecMemCore, i32 %exp_buf_2_22, i64 666, i64 22, i64 18446744073709551615"   --->   Operation 422 'specmemcore' 'specmemcore_ln0' <Predicate = true> <Delay = 0.00>
ST_4 : Operation 423 [1/1] (0.00ns)   --->   "%specmemcore_ln0 = specmemcore void @_ssdm_op_SpecMemCore, i32 %exp_buf_2_23, i64 666, i64 22, i64 18446744073709551615"   --->   Operation 423 'specmemcore' 'specmemcore_ln0' <Predicate = true> <Delay = 0.00>
ST_4 : Operation 424 [1/1] (0.00ns)   --->   "%specmemcore_ln0 = specmemcore void @_ssdm_op_SpecMemCore, i32 %exp_buf_2_24, i64 666, i64 22, i64 18446744073709551615"   --->   Operation 424 'specmemcore' 'specmemcore_ln0' <Predicate = true> <Delay = 0.00>
ST_4 : Operation 425 [1/1] (0.00ns)   --->   "%specmemcore_ln0 = specmemcore void @_ssdm_op_SpecMemCore, i32 %exp_buf_2_25, i64 666, i64 22, i64 18446744073709551615"   --->   Operation 425 'specmemcore' 'specmemcore_ln0' <Predicate = true> <Delay = 0.00>
ST_4 : Operation 426 [1/1] (0.00ns)   --->   "%specmemcore_ln0 = specmemcore void @_ssdm_op_SpecMemCore, i32 %exp_buf_2_26, i64 666, i64 22, i64 18446744073709551615"   --->   Operation 426 'specmemcore' 'specmemcore_ln0' <Predicate = true> <Delay = 0.00>
ST_4 : Operation 427 [1/1] (0.00ns)   --->   "%specmemcore_ln0 = specmemcore void @_ssdm_op_SpecMemCore, i32 %exp_buf_2_27, i64 666, i64 22, i64 18446744073709551615"   --->   Operation 427 'specmemcore' 'specmemcore_ln0' <Predicate = true> <Delay = 0.00>
ST_4 : Operation 428 [1/1] (0.00ns)   --->   "%specmemcore_ln0 = specmemcore void @_ssdm_op_SpecMemCore, i32 %exp_buf_2_28, i64 666, i64 22, i64 18446744073709551615"   --->   Operation 428 'specmemcore' 'specmemcore_ln0' <Predicate = true> <Delay = 0.00>
ST_4 : Operation 429 [1/1] (0.00ns)   --->   "%specmemcore_ln0 = specmemcore void @_ssdm_op_SpecMemCore, i32 %exp_buf_2_29, i64 666, i64 22, i64 18446744073709551615"   --->   Operation 429 'specmemcore' 'specmemcore_ln0' <Predicate = true> <Delay = 0.00>
ST_4 : Operation 430 [1/1] (0.00ns)   --->   "%specmemcore_ln0 = specmemcore void @_ssdm_op_SpecMemCore, i32 %exp_buf_2_30, i64 666, i64 22, i64 18446744073709551615"   --->   Operation 430 'specmemcore' 'specmemcore_ln0' <Predicate = true> <Delay = 0.00>
ST_4 : Operation 431 [1/1] (0.00ns)   --->   "%specmemcore_ln0 = specmemcore void @_ssdm_op_SpecMemCore, i32 %exp_buf_2_31, i64 666, i64 22, i64 18446744073709551615"   --->   Operation 431 'specmemcore' 'specmemcore_ln0' <Predicate = true> <Delay = 0.00>
ST_4 : Operation 432 [1/1] (0.00ns)   --->   "%specmemcore_ln0 = specmemcore void @_ssdm_op_SpecMemCore, i32 %exp_buf_2_32, i64 666, i64 22, i64 18446744073709551615"   --->   Operation 432 'specmemcore' 'specmemcore_ln0' <Predicate = true> <Delay = 0.00>
ST_4 : Operation 433 [1/1] (0.00ns)   --->   "%specmemcore_ln0 = specmemcore void @_ssdm_op_SpecMemCore, i32 %exp_buf_2_33, i64 666, i64 22, i64 18446744073709551615"   --->   Operation 433 'specmemcore' 'specmemcore_ln0' <Predicate = true> <Delay = 0.00>
ST_4 : Operation 434 [1/1] (0.00ns)   --->   "%specmemcore_ln0 = specmemcore void @_ssdm_op_SpecMemCore, i32 %exp_buf_2_34, i64 666, i64 22, i64 18446744073709551615"   --->   Operation 434 'specmemcore' 'specmemcore_ln0' <Predicate = true> <Delay = 0.00>
ST_4 : Operation 435 [1/1] (0.00ns)   --->   "%specmemcore_ln0 = specmemcore void @_ssdm_op_SpecMemCore, i32 %exp_buf_2_35, i64 666, i64 22, i64 18446744073709551615"   --->   Operation 435 'specmemcore' 'specmemcore_ln0' <Predicate = true> <Delay = 0.00>
ST_4 : Operation 436 [1/1] (0.00ns)   --->   "%specmemcore_ln0 = specmemcore void @_ssdm_op_SpecMemCore, i32 %exp_buf_2_36, i64 666, i64 22, i64 18446744073709551615"   --->   Operation 436 'specmemcore' 'specmemcore_ln0' <Predicate = true> <Delay = 0.00>
ST_4 : Operation 437 [1/1] (0.00ns)   --->   "%specmemcore_ln0 = specmemcore void @_ssdm_op_SpecMemCore, i32 %exp_buf_2_37, i64 666, i64 22, i64 18446744073709551615"   --->   Operation 437 'specmemcore' 'specmemcore_ln0' <Predicate = true> <Delay = 0.00>
ST_4 : Operation 438 [1/1] (0.00ns)   --->   "%specmemcore_ln0 = specmemcore void @_ssdm_op_SpecMemCore, i32 %exp_buf_2_38, i64 666, i64 22, i64 18446744073709551615"   --->   Operation 438 'specmemcore' 'specmemcore_ln0' <Predicate = true> <Delay = 0.00>
ST_4 : Operation 439 [1/1] (0.00ns)   --->   "%specmemcore_ln0 = specmemcore void @_ssdm_op_SpecMemCore, i32 %exp_buf_2_39, i64 666, i64 22, i64 18446744073709551615"   --->   Operation 439 'specmemcore' 'specmemcore_ln0' <Predicate = true> <Delay = 0.00>
ST_4 : Operation 440 [1/1] (0.00ns)   --->   "%specmemcore_ln0 = specmemcore void @_ssdm_op_SpecMemCore, i32 %exp_buf_2_40, i64 666, i64 22, i64 18446744073709551615"   --->   Operation 440 'specmemcore' 'specmemcore_ln0' <Predicate = true> <Delay = 0.00>
ST_4 : Operation 441 [1/1] (0.00ns)   --->   "%specmemcore_ln0 = specmemcore void @_ssdm_op_SpecMemCore, i32 %exp_buf_2_41, i64 666, i64 22, i64 18446744073709551615"   --->   Operation 441 'specmemcore' 'specmemcore_ln0' <Predicate = true> <Delay = 0.00>
ST_4 : Operation 442 [1/1] (0.00ns)   --->   "%specmemcore_ln0 = specmemcore void @_ssdm_op_SpecMemCore, i32 %exp_buf_2_42, i64 666, i64 22, i64 18446744073709551615"   --->   Operation 442 'specmemcore' 'specmemcore_ln0' <Predicate = true> <Delay = 0.00>
ST_4 : Operation 443 [1/1] (0.00ns)   --->   "%specmemcore_ln0 = specmemcore void @_ssdm_op_SpecMemCore, i32 %exp_buf_2_43, i64 666, i64 22, i64 18446744073709551615"   --->   Operation 443 'specmemcore' 'specmemcore_ln0' <Predicate = true> <Delay = 0.00>
ST_4 : Operation 444 [1/1] (0.00ns)   --->   "%specmemcore_ln0 = specmemcore void @_ssdm_op_SpecMemCore, i32 %exp_buf_2_44, i64 666, i64 22, i64 18446744073709551615"   --->   Operation 444 'specmemcore' 'specmemcore_ln0' <Predicate = true> <Delay = 0.00>
ST_4 : Operation 445 [1/1] (0.00ns)   --->   "%specmemcore_ln0 = specmemcore void @_ssdm_op_SpecMemCore, i32 %exp_buf_2_45, i64 666, i64 22, i64 18446744073709551615"   --->   Operation 445 'specmemcore' 'specmemcore_ln0' <Predicate = true> <Delay = 0.00>
ST_4 : Operation 446 [1/1] (0.00ns)   --->   "%specmemcore_ln0 = specmemcore void @_ssdm_op_SpecMemCore, i32 %exp_buf_2_46, i64 666, i64 22, i64 18446744073709551615"   --->   Operation 446 'specmemcore' 'specmemcore_ln0' <Predicate = true> <Delay = 0.00>
ST_4 : Operation 447 [1/1] (0.00ns)   --->   "%specmemcore_ln0 = specmemcore void @_ssdm_op_SpecMemCore, i32 %exp_buf_2_47, i64 666, i64 22, i64 18446744073709551615"   --->   Operation 447 'specmemcore' 'specmemcore_ln0' <Predicate = true> <Delay = 0.00>
ST_4 : Operation 448 [1/1] (0.00ns)   --->   "%specmemcore_ln0 = specmemcore void @_ssdm_op_SpecMemCore, i32 %exp_buf_2_48, i64 666, i64 22, i64 18446744073709551615"   --->   Operation 448 'specmemcore' 'specmemcore_ln0' <Predicate = true> <Delay = 0.00>
ST_4 : Operation 449 [1/1] (0.00ns)   --->   "%specmemcore_ln0 = specmemcore void @_ssdm_op_SpecMemCore, i32 %exp_buf_2_49, i64 666, i64 22, i64 18446744073709551615"   --->   Operation 449 'specmemcore' 'specmemcore_ln0' <Predicate = true> <Delay = 0.00>
ST_4 : Operation 450 [1/1] (0.00ns)   --->   "%specmemcore_ln0 = specmemcore void @_ssdm_op_SpecMemCore, i32 %exp_buf_2_50, i64 666, i64 22, i64 18446744073709551615"   --->   Operation 450 'specmemcore' 'specmemcore_ln0' <Predicate = true> <Delay = 0.00>
ST_4 : Operation 451 [1/1] (0.00ns)   --->   "%specmemcore_ln0 = specmemcore void @_ssdm_op_SpecMemCore, i32 %exp_buf_2_51, i64 666, i64 22, i64 18446744073709551615"   --->   Operation 451 'specmemcore' 'specmemcore_ln0' <Predicate = true> <Delay = 0.00>
ST_4 : Operation 452 [1/1] (0.00ns)   --->   "%specmemcore_ln0 = specmemcore void @_ssdm_op_SpecMemCore, i32 %exp_buf_2_52, i64 666, i64 22, i64 18446744073709551615"   --->   Operation 452 'specmemcore' 'specmemcore_ln0' <Predicate = true> <Delay = 0.00>
ST_4 : Operation 453 [1/1] (0.00ns)   --->   "%specmemcore_ln0 = specmemcore void @_ssdm_op_SpecMemCore, i32 %exp_buf_2_53, i64 666, i64 22, i64 18446744073709551615"   --->   Operation 453 'specmemcore' 'specmemcore_ln0' <Predicate = true> <Delay = 0.00>
ST_4 : Operation 454 [1/1] (0.00ns)   --->   "%specmemcore_ln0 = specmemcore void @_ssdm_op_SpecMemCore, i32 %exp_buf_2_54, i64 666, i64 22, i64 18446744073709551615"   --->   Operation 454 'specmemcore' 'specmemcore_ln0' <Predicate = true> <Delay = 0.00>
ST_4 : Operation 455 [1/1] (0.00ns)   --->   "%specmemcore_ln0 = specmemcore void @_ssdm_op_SpecMemCore, i32 %exp_buf_2_55, i64 666, i64 22, i64 18446744073709551615"   --->   Operation 455 'specmemcore' 'specmemcore_ln0' <Predicate = true> <Delay = 0.00>
ST_4 : Operation 456 [1/1] (0.00ns)   --->   "%specmemcore_ln0 = specmemcore void @_ssdm_op_SpecMemCore, i32 %exp_buf_2_56, i64 666, i64 22, i64 18446744073709551615"   --->   Operation 456 'specmemcore' 'specmemcore_ln0' <Predicate = true> <Delay = 0.00>
ST_4 : Operation 457 [1/1] (0.00ns)   --->   "%specmemcore_ln0 = specmemcore void @_ssdm_op_SpecMemCore, i32 %exp_buf_2_57, i64 666, i64 22, i64 18446744073709551615"   --->   Operation 457 'specmemcore' 'specmemcore_ln0' <Predicate = true> <Delay = 0.00>
ST_4 : Operation 458 [1/1] (0.00ns)   --->   "%specmemcore_ln0 = specmemcore void @_ssdm_op_SpecMemCore, i32 %exp_buf_2_58, i64 666, i64 22, i64 18446744073709551615"   --->   Operation 458 'specmemcore' 'specmemcore_ln0' <Predicate = true> <Delay = 0.00>
ST_4 : Operation 459 [1/1] (0.00ns)   --->   "%specmemcore_ln0 = specmemcore void @_ssdm_op_SpecMemCore, i32 %exp_buf_2_59, i64 666, i64 22, i64 18446744073709551615"   --->   Operation 459 'specmemcore' 'specmemcore_ln0' <Predicate = true> <Delay = 0.00>
ST_4 : Operation 460 [1/1] (0.00ns)   --->   "%specmemcore_ln0 = specmemcore void @_ssdm_op_SpecMemCore, i32 %exp_buf_2_60, i64 666, i64 22, i64 18446744073709551615"   --->   Operation 460 'specmemcore' 'specmemcore_ln0' <Predicate = true> <Delay = 0.00>
ST_4 : Operation 461 [1/1] (0.00ns)   --->   "%specmemcore_ln0 = specmemcore void @_ssdm_op_SpecMemCore, i32 %exp_buf_2_61, i64 666, i64 22, i64 18446744073709551615"   --->   Operation 461 'specmemcore' 'specmemcore_ln0' <Predicate = true> <Delay = 0.00>
ST_4 : Operation 462 [1/1] (0.00ns)   --->   "%specmemcore_ln0 = specmemcore void @_ssdm_op_SpecMemCore, i32 %exp_buf_2_62, i64 666, i64 22, i64 18446744073709551615"   --->   Operation 462 'specmemcore' 'specmemcore_ln0' <Predicate = true> <Delay = 0.00>
ST_4 : Operation 463 [1/1] (0.00ns)   --->   "%specmemcore_ln0 = specmemcore void @_ssdm_op_SpecMemCore, i32 %exp_buf_2_63, i64 666, i64 22, i64 18446744073709551615"   --->   Operation 463 'specmemcore' 'specmemcore_ln0' <Predicate = true> <Delay = 0.00>
ST_4 : Operation 464 [1/1] (0.00ns)   --->   "%specmemcore_ln0 = specmemcore void @_ssdm_op_SpecMemCore, i32 %exp_buf_3_0, i64 666, i64 22, i64 18446744073709551615"   --->   Operation 464 'specmemcore' 'specmemcore_ln0' <Predicate = true> <Delay = 0.00>
ST_4 : Operation 465 [1/1] (0.00ns)   --->   "%specmemcore_ln0 = specmemcore void @_ssdm_op_SpecMemCore, i32 %exp_buf_3_1, i64 666, i64 22, i64 18446744073709551615"   --->   Operation 465 'specmemcore' 'specmemcore_ln0' <Predicate = true> <Delay = 0.00>
ST_4 : Operation 466 [1/1] (0.00ns)   --->   "%specmemcore_ln0 = specmemcore void @_ssdm_op_SpecMemCore, i32 %exp_buf_3_2, i64 666, i64 22, i64 18446744073709551615"   --->   Operation 466 'specmemcore' 'specmemcore_ln0' <Predicate = true> <Delay = 0.00>
ST_4 : Operation 467 [1/1] (0.00ns)   --->   "%specmemcore_ln0 = specmemcore void @_ssdm_op_SpecMemCore, i32 %exp_buf_3_3, i64 666, i64 22, i64 18446744073709551615"   --->   Operation 467 'specmemcore' 'specmemcore_ln0' <Predicate = true> <Delay = 0.00>
ST_4 : Operation 468 [1/1] (0.00ns)   --->   "%specmemcore_ln0 = specmemcore void @_ssdm_op_SpecMemCore, i32 %exp_buf_3_4, i64 666, i64 22, i64 18446744073709551615"   --->   Operation 468 'specmemcore' 'specmemcore_ln0' <Predicate = true> <Delay = 0.00>
ST_4 : Operation 469 [1/1] (0.00ns)   --->   "%specmemcore_ln0 = specmemcore void @_ssdm_op_SpecMemCore, i32 %exp_buf_3_5, i64 666, i64 22, i64 18446744073709551615"   --->   Operation 469 'specmemcore' 'specmemcore_ln0' <Predicate = true> <Delay = 0.00>
ST_4 : Operation 470 [1/1] (0.00ns)   --->   "%specmemcore_ln0 = specmemcore void @_ssdm_op_SpecMemCore, i32 %exp_buf_3_6, i64 666, i64 22, i64 18446744073709551615"   --->   Operation 470 'specmemcore' 'specmemcore_ln0' <Predicate = true> <Delay = 0.00>
ST_4 : Operation 471 [1/1] (0.00ns)   --->   "%specmemcore_ln0 = specmemcore void @_ssdm_op_SpecMemCore, i32 %exp_buf_3_7, i64 666, i64 22, i64 18446744073709551615"   --->   Operation 471 'specmemcore' 'specmemcore_ln0' <Predicate = true> <Delay = 0.00>
ST_4 : Operation 472 [1/1] (0.00ns)   --->   "%specmemcore_ln0 = specmemcore void @_ssdm_op_SpecMemCore, i32 %exp_buf_3_8, i64 666, i64 22, i64 18446744073709551615"   --->   Operation 472 'specmemcore' 'specmemcore_ln0' <Predicate = true> <Delay = 0.00>
ST_4 : Operation 473 [1/1] (0.00ns)   --->   "%specmemcore_ln0 = specmemcore void @_ssdm_op_SpecMemCore, i32 %exp_buf_3_9, i64 666, i64 22, i64 18446744073709551615"   --->   Operation 473 'specmemcore' 'specmemcore_ln0' <Predicate = true> <Delay = 0.00>
ST_4 : Operation 474 [1/1] (0.00ns)   --->   "%specmemcore_ln0 = specmemcore void @_ssdm_op_SpecMemCore, i32 %exp_buf_3_10, i64 666, i64 22, i64 18446744073709551615"   --->   Operation 474 'specmemcore' 'specmemcore_ln0' <Predicate = true> <Delay = 0.00>
ST_4 : Operation 475 [1/1] (0.00ns)   --->   "%specmemcore_ln0 = specmemcore void @_ssdm_op_SpecMemCore, i32 %exp_buf_3_11, i64 666, i64 22, i64 18446744073709551615"   --->   Operation 475 'specmemcore' 'specmemcore_ln0' <Predicate = true> <Delay = 0.00>
ST_4 : Operation 476 [1/1] (0.00ns)   --->   "%specmemcore_ln0 = specmemcore void @_ssdm_op_SpecMemCore, i32 %exp_buf_3_12, i64 666, i64 22, i64 18446744073709551615"   --->   Operation 476 'specmemcore' 'specmemcore_ln0' <Predicate = true> <Delay = 0.00>
ST_4 : Operation 477 [1/1] (0.00ns)   --->   "%specmemcore_ln0 = specmemcore void @_ssdm_op_SpecMemCore, i32 %exp_buf_3_13, i64 666, i64 22, i64 18446744073709551615"   --->   Operation 477 'specmemcore' 'specmemcore_ln0' <Predicate = true> <Delay = 0.00>
ST_4 : Operation 478 [1/1] (0.00ns)   --->   "%specmemcore_ln0 = specmemcore void @_ssdm_op_SpecMemCore, i32 %exp_buf_3_14, i64 666, i64 22, i64 18446744073709551615"   --->   Operation 478 'specmemcore' 'specmemcore_ln0' <Predicate = true> <Delay = 0.00>
ST_4 : Operation 479 [1/1] (0.00ns)   --->   "%specmemcore_ln0 = specmemcore void @_ssdm_op_SpecMemCore, i32 %exp_buf_3_15, i64 666, i64 22, i64 18446744073709551615"   --->   Operation 479 'specmemcore' 'specmemcore_ln0' <Predicate = true> <Delay = 0.00>
ST_4 : Operation 480 [1/1] (0.00ns)   --->   "%specmemcore_ln0 = specmemcore void @_ssdm_op_SpecMemCore, i32 %exp_buf_3_16, i64 666, i64 22, i64 18446744073709551615"   --->   Operation 480 'specmemcore' 'specmemcore_ln0' <Predicate = true> <Delay = 0.00>
ST_4 : Operation 481 [1/1] (0.00ns)   --->   "%specmemcore_ln0 = specmemcore void @_ssdm_op_SpecMemCore, i32 %exp_buf_3_17, i64 666, i64 22, i64 18446744073709551615"   --->   Operation 481 'specmemcore' 'specmemcore_ln0' <Predicate = true> <Delay = 0.00>
ST_4 : Operation 482 [1/1] (0.00ns)   --->   "%specmemcore_ln0 = specmemcore void @_ssdm_op_SpecMemCore, i32 %exp_buf_3_18, i64 666, i64 22, i64 18446744073709551615"   --->   Operation 482 'specmemcore' 'specmemcore_ln0' <Predicate = true> <Delay = 0.00>
ST_4 : Operation 483 [1/1] (0.00ns)   --->   "%specmemcore_ln0 = specmemcore void @_ssdm_op_SpecMemCore, i32 %exp_buf_3_19, i64 666, i64 22, i64 18446744073709551615"   --->   Operation 483 'specmemcore' 'specmemcore_ln0' <Predicate = true> <Delay = 0.00>
ST_4 : Operation 484 [1/1] (0.00ns)   --->   "%specmemcore_ln0 = specmemcore void @_ssdm_op_SpecMemCore, i32 %exp_buf_3_20, i64 666, i64 22, i64 18446744073709551615"   --->   Operation 484 'specmemcore' 'specmemcore_ln0' <Predicate = true> <Delay = 0.00>
ST_4 : Operation 485 [1/1] (0.00ns)   --->   "%specmemcore_ln0 = specmemcore void @_ssdm_op_SpecMemCore, i32 %exp_buf_3_21, i64 666, i64 22, i64 18446744073709551615"   --->   Operation 485 'specmemcore' 'specmemcore_ln0' <Predicate = true> <Delay = 0.00>
ST_4 : Operation 486 [1/1] (0.00ns)   --->   "%specmemcore_ln0 = specmemcore void @_ssdm_op_SpecMemCore, i32 %exp_buf_3_22, i64 666, i64 22, i64 18446744073709551615"   --->   Operation 486 'specmemcore' 'specmemcore_ln0' <Predicate = true> <Delay = 0.00>
ST_4 : Operation 487 [1/1] (0.00ns)   --->   "%specmemcore_ln0 = specmemcore void @_ssdm_op_SpecMemCore, i32 %exp_buf_3_23, i64 666, i64 22, i64 18446744073709551615"   --->   Operation 487 'specmemcore' 'specmemcore_ln0' <Predicate = true> <Delay = 0.00>
ST_4 : Operation 488 [1/1] (0.00ns)   --->   "%specmemcore_ln0 = specmemcore void @_ssdm_op_SpecMemCore, i32 %exp_buf_3_24, i64 666, i64 22, i64 18446744073709551615"   --->   Operation 488 'specmemcore' 'specmemcore_ln0' <Predicate = true> <Delay = 0.00>
ST_4 : Operation 489 [1/1] (0.00ns)   --->   "%specmemcore_ln0 = specmemcore void @_ssdm_op_SpecMemCore, i32 %exp_buf_3_25, i64 666, i64 22, i64 18446744073709551615"   --->   Operation 489 'specmemcore' 'specmemcore_ln0' <Predicate = true> <Delay = 0.00>
ST_4 : Operation 490 [1/1] (0.00ns)   --->   "%specmemcore_ln0 = specmemcore void @_ssdm_op_SpecMemCore, i32 %exp_buf_3_26, i64 666, i64 22, i64 18446744073709551615"   --->   Operation 490 'specmemcore' 'specmemcore_ln0' <Predicate = true> <Delay = 0.00>
ST_4 : Operation 491 [1/1] (0.00ns)   --->   "%specmemcore_ln0 = specmemcore void @_ssdm_op_SpecMemCore, i32 %exp_buf_3_27, i64 666, i64 22, i64 18446744073709551615"   --->   Operation 491 'specmemcore' 'specmemcore_ln0' <Predicate = true> <Delay = 0.00>
ST_4 : Operation 492 [1/1] (0.00ns)   --->   "%specmemcore_ln0 = specmemcore void @_ssdm_op_SpecMemCore, i32 %exp_buf_3_28, i64 666, i64 22, i64 18446744073709551615"   --->   Operation 492 'specmemcore' 'specmemcore_ln0' <Predicate = true> <Delay = 0.00>
ST_4 : Operation 493 [1/1] (0.00ns)   --->   "%specmemcore_ln0 = specmemcore void @_ssdm_op_SpecMemCore, i32 %exp_buf_3_29, i64 666, i64 22, i64 18446744073709551615"   --->   Operation 493 'specmemcore' 'specmemcore_ln0' <Predicate = true> <Delay = 0.00>
ST_4 : Operation 494 [1/1] (0.00ns)   --->   "%specmemcore_ln0 = specmemcore void @_ssdm_op_SpecMemCore, i32 %exp_buf_3_30, i64 666, i64 22, i64 18446744073709551615"   --->   Operation 494 'specmemcore' 'specmemcore_ln0' <Predicate = true> <Delay = 0.00>
ST_4 : Operation 495 [1/1] (0.00ns)   --->   "%specmemcore_ln0 = specmemcore void @_ssdm_op_SpecMemCore, i32 %exp_buf_3_31, i64 666, i64 22, i64 18446744073709551615"   --->   Operation 495 'specmemcore' 'specmemcore_ln0' <Predicate = true> <Delay = 0.00>
ST_4 : Operation 496 [1/1] (0.00ns)   --->   "%specmemcore_ln0 = specmemcore void @_ssdm_op_SpecMemCore, i32 %exp_buf_3_32, i64 666, i64 22, i64 18446744073709551615"   --->   Operation 496 'specmemcore' 'specmemcore_ln0' <Predicate = true> <Delay = 0.00>
ST_4 : Operation 497 [1/1] (0.00ns)   --->   "%specmemcore_ln0 = specmemcore void @_ssdm_op_SpecMemCore, i32 %exp_buf_3_33, i64 666, i64 22, i64 18446744073709551615"   --->   Operation 497 'specmemcore' 'specmemcore_ln0' <Predicate = true> <Delay = 0.00>
ST_4 : Operation 498 [1/1] (0.00ns)   --->   "%specmemcore_ln0 = specmemcore void @_ssdm_op_SpecMemCore, i32 %exp_buf_3_34, i64 666, i64 22, i64 18446744073709551615"   --->   Operation 498 'specmemcore' 'specmemcore_ln0' <Predicate = true> <Delay = 0.00>
ST_4 : Operation 499 [1/1] (0.00ns)   --->   "%specmemcore_ln0 = specmemcore void @_ssdm_op_SpecMemCore, i32 %exp_buf_3_35, i64 666, i64 22, i64 18446744073709551615"   --->   Operation 499 'specmemcore' 'specmemcore_ln0' <Predicate = true> <Delay = 0.00>
ST_4 : Operation 500 [1/1] (0.00ns)   --->   "%specmemcore_ln0 = specmemcore void @_ssdm_op_SpecMemCore, i32 %exp_buf_3_36, i64 666, i64 22, i64 18446744073709551615"   --->   Operation 500 'specmemcore' 'specmemcore_ln0' <Predicate = true> <Delay = 0.00>
ST_4 : Operation 501 [1/1] (0.00ns)   --->   "%specmemcore_ln0 = specmemcore void @_ssdm_op_SpecMemCore, i32 %exp_buf_3_37, i64 666, i64 22, i64 18446744073709551615"   --->   Operation 501 'specmemcore' 'specmemcore_ln0' <Predicate = true> <Delay = 0.00>
ST_4 : Operation 502 [1/1] (0.00ns)   --->   "%specmemcore_ln0 = specmemcore void @_ssdm_op_SpecMemCore, i32 %exp_buf_3_38, i64 666, i64 22, i64 18446744073709551615"   --->   Operation 502 'specmemcore' 'specmemcore_ln0' <Predicate = true> <Delay = 0.00>
ST_4 : Operation 503 [1/1] (0.00ns)   --->   "%specmemcore_ln0 = specmemcore void @_ssdm_op_SpecMemCore, i32 %exp_buf_3_39, i64 666, i64 22, i64 18446744073709551615"   --->   Operation 503 'specmemcore' 'specmemcore_ln0' <Predicate = true> <Delay = 0.00>
ST_4 : Operation 504 [1/1] (0.00ns)   --->   "%specmemcore_ln0 = specmemcore void @_ssdm_op_SpecMemCore, i32 %exp_buf_3_40, i64 666, i64 22, i64 18446744073709551615"   --->   Operation 504 'specmemcore' 'specmemcore_ln0' <Predicate = true> <Delay = 0.00>
ST_4 : Operation 505 [1/1] (0.00ns)   --->   "%specmemcore_ln0 = specmemcore void @_ssdm_op_SpecMemCore, i32 %exp_buf_3_41, i64 666, i64 22, i64 18446744073709551615"   --->   Operation 505 'specmemcore' 'specmemcore_ln0' <Predicate = true> <Delay = 0.00>
ST_4 : Operation 506 [1/1] (0.00ns)   --->   "%specmemcore_ln0 = specmemcore void @_ssdm_op_SpecMemCore, i32 %exp_buf_3_42, i64 666, i64 22, i64 18446744073709551615"   --->   Operation 506 'specmemcore' 'specmemcore_ln0' <Predicate = true> <Delay = 0.00>
ST_4 : Operation 507 [1/1] (0.00ns)   --->   "%specmemcore_ln0 = specmemcore void @_ssdm_op_SpecMemCore, i32 %exp_buf_3_43, i64 666, i64 22, i64 18446744073709551615"   --->   Operation 507 'specmemcore' 'specmemcore_ln0' <Predicate = true> <Delay = 0.00>
ST_4 : Operation 508 [1/1] (0.00ns)   --->   "%specmemcore_ln0 = specmemcore void @_ssdm_op_SpecMemCore, i32 %exp_buf_3_44, i64 666, i64 22, i64 18446744073709551615"   --->   Operation 508 'specmemcore' 'specmemcore_ln0' <Predicate = true> <Delay = 0.00>
ST_4 : Operation 509 [1/1] (0.00ns)   --->   "%specmemcore_ln0 = specmemcore void @_ssdm_op_SpecMemCore, i32 %exp_buf_3_45, i64 666, i64 22, i64 18446744073709551615"   --->   Operation 509 'specmemcore' 'specmemcore_ln0' <Predicate = true> <Delay = 0.00>
ST_4 : Operation 510 [1/1] (0.00ns)   --->   "%specmemcore_ln0 = specmemcore void @_ssdm_op_SpecMemCore, i32 %exp_buf_3_46, i64 666, i64 22, i64 18446744073709551615"   --->   Operation 510 'specmemcore' 'specmemcore_ln0' <Predicate = true> <Delay = 0.00>
ST_4 : Operation 511 [1/1] (0.00ns)   --->   "%specmemcore_ln0 = specmemcore void @_ssdm_op_SpecMemCore, i32 %exp_buf_3_47, i64 666, i64 22, i64 18446744073709551615"   --->   Operation 511 'specmemcore' 'specmemcore_ln0' <Predicate = true> <Delay = 0.00>
ST_4 : Operation 512 [1/1] (0.00ns)   --->   "%specmemcore_ln0 = specmemcore void @_ssdm_op_SpecMemCore, i32 %exp_buf_3_48, i64 666, i64 22, i64 18446744073709551615"   --->   Operation 512 'specmemcore' 'specmemcore_ln0' <Predicate = true> <Delay = 0.00>
ST_4 : Operation 513 [1/1] (0.00ns)   --->   "%specmemcore_ln0 = specmemcore void @_ssdm_op_SpecMemCore, i32 %exp_buf_3_49, i64 666, i64 22, i64 18446744073709551615"   --->   Operation 513 'specmemcore' 'specmemcore_ln0' <Predicate = true> <Delay = 0.00>
ST_4 : Operation 514 [1/1] (0.00ns)   --->   "%specmemcore_ln0 = specmemcore void @_ssdm_op_SpecMemCore, i32 %exp_buf_3_50, i64 666, i64 22, i64 18446744073709551615"   --->   Operation 514 'specmemcore' 'specmemcore_ln0' <Predicate = true> <Delay = 0.00>
ST_4 : Operation 515 [1/1] (0.00ns)   --->   "%specmemcore_ln0 = specmemcore void @_ssdm_op_SpecMemCore, i32 %exp_buf_3_51, i64 666, i64 22, i64 18446744073709551615"   --->   Operation 515 'specmemcore' 'specmemcore_ln0' <Predicate = true> <Delay = 0.00>
ST_4 : Operation 516 [1/1] (0.00ns)   --->   "%specmemcore_ln0 = specmemcore void @_ssdm_op_SpecMemCore, i32 %exp_buf_3_52, i64 666, i64 22, i64 18446744073709551615"   --->   Operation 516 'specmemcore' 'specmemcore_ln0' <Predicate = true> <Delay = 0.00>
ST_4 : Operation 517 [1/1] (0.00ns)   --->   "%specmemcore_ln0 = specmemcore void @_ssdm_op_SpecMemCore, i32 %exp_buf_3_53, i64 666, i64 22, i64 18446744073709551615"   --->   Operation 517 'specmemcore' 'specmemcore_ln0' <Predicate = true> <Delay = 0.00>
ST_4 : Operation 518 [1/1] (0.00ns)   --->   "%specmemcore_ln0 = specmemcore void @_ssdm_op_SpecMemCore, i32 %exp_buf_3_54, i64 666, i64 22, i64 18446744073709551615"   --->   Operation 518 'specmemcore' 'specmemcore_ln0' <Predicate = true> <Delay = 0.00>
ST_4 : Operation 519 [1/1] (0.00ns)   --->   "%specmemcore_ln0 = specmemcore void @_ssdm_op_SpecMemCore, i32 %exp_buf_3_55, i64 666, i64 22, i64 18446744073709551615"   --->   Operation 519 'specmemcore' 'specmemcore_ln0' <Predicate = true> <Delay = 0.00>
ST_4 : Operation 520 [1/1] (0.00ns)   --->   "%specmemcore_ln0 = specmemcore void @_ssdm_op_SpecMemCore, i32 %exp_buf_3_56, i64 666, i64 22, i64 18446744073709551615"   --->   Operation 520 'specmemcore' 'specmemcore_ln0' <Predicate = true> <Delay = 0.00>
ST_4 : Operation 521 [1/1] (0.00ns)   --->   "%specmemcore_ln0 = specmemcore void @_ssdm_op_SpecMemCore, i32 %exp_buf_3_57, i64 666, i64 22, i64 18446744073709551615"   --->   Operation 521 'specmemcore' 'specmemcore_ln0' <Predicate = true> <Delay = 0.00>
ST_4 : Operation 522 [1/1] (0.00ns)   --->   "%specmemcore_ln0 = specmemcore void @_ssdm_op_SpecMemCore, i32 %exp_buf_3_58, i64 666, i64 22, i64 18446744073709551615"   --->   Operation 522 'specmemcore' 'specmemcore_ln0' <Predicate = true> <Delay = 0.00>
ST_4 : Operation 523 [1/1] (0.00ns)   --->   "%specmemcore_ln0 = specmemcore void @_ssdm_op_SpecMemCore, i32 %exp_buf_3_59, i64 666, i64 22, i64 18446744073709551615"   --->   Operation 523 'specmemcore' 'specmemcore_ln0' <Predicate = true> <Delay = 0.00>
ST_4 : Operation 524 [1/1] (0.00ns)   --->   "%specmemcore_ln0 = specmemcore void @_ssdm_op_SpecMemCore, i32 %exp_buf_3_60, i64 666, i64 22, i64 18446744073709551615"   --->   Operation 524 'specmemcore' 'specmemcore_ln0' <Predicate = true> <Delay = 0.00>
ST_4 : Operation 525 [1/1] (0.00ns)   --->   "%specmemcore_ln0 = specmemcore void @_ssdm_op_SpecMemCore, i32 %exp_buf_3_61, i64 666, i64 22, i64 18446744073709551615"   --->   Operation 525 'specmemcore' 'specmemcore_ln0' <Predicate = true> <Delay = 0.00>
ST_4 : Operation 526 [1/1] (0.00ns)   --->   "%specmemcore_ln0 = specmemcore void @_ssdm_op_SpecMemCore, i32 %exp_buf_3_62, i64 666, i64 22, i64 18446744073709551615"   --->   Operation 526 'specmemcore' 'specmemcore_ln0' <Predicate = true> <Delay = 0.00>
ST_4 : Operation 527 [1/1] (0.00ns)   --->   "%specmemcore_ln0 = specmemcore void @_ssdm_op_SpecMemCore, i32 %exp_buf_3_63, i64 666, i64 22, i64 18446744073709551615"   --->   Operation 527 'specmemcore' 'specmemcore_ln0' <Predicate = true> <Delay = 0.00>
ST_4 : Operation 528 [1/1] (0.00ns)   --->   "%specinterface_ln0 = specinterface void @_ssdm_op_SpecInterface, i128 %mem, void @empty_3, i32 0, i32 0, void @empty_2, i32 4294967295, i32 0, void @empty_2, void @empty_2, void @empty_2, i32 0, i32 0, i32 0, i32 0, void @empty_2, void @empty_2, i32 4294967295, i32 0, i32 0"   --->   Operation 528 'specinterface' 'specinterface_ln0' <Predicate = true> <Delay = 0.00>
ST_4 : Operation 529 [1/1] (0.00ns)   --->   "%empty = specchannel i32 @_ssdm_op_SpecChannel, void @prob_stream_str, i32 1, void @p_str, void @p_str, i32 16, i32 16, i132 %prob_stream, i132 %prob_stream"   --->   Operation 529 'specchannel' 'empty' <Predicate = true> <Delay = 0.00>
ST_4 : Operation 530 [1/1] (0.00ns)   --->   "%specinterface_ln0 = specinterface void @_ssdm_op_SpecInterface, i132 %prob_stream, void @empty_9, i32 0, i32 0, void @empty_2, i32 0, i32 0, void @empty_2, void @empty_2, void @empty_2, i32 0, i32 0, i32 0, i32 0, void @empty_2, void @empty_2, i32 4294967295, i32 0, i32 0"   --->   Operation 530 'specinterface' 'specinterface_ln0' <Predicate = true> <Delay = 0.00>
ST_4 : Operation 531 [1/2] (0.00ns)   --->   "%call_ln404 = call void @write_prob_stream, i128 %mem, i14 %pr_l_read, i9 %n_read, i132 %prob_stream" [softmax_accel_hls.cc:404]   --->   Operation 531 'call' 'call_ln404' <Predicate = true> <Delay = 0.00> <CoreType = "Generic">   --->   Generic Core
ST_4 : Operation 532 [1/1] (0.00ns)   --->   "%ret_ln405 = ret" [softmax_accel_hls.cc:405]   --->   Operation 532 'ret' 'ret_ln405' <Predicate = true> <Delay = 0.00>


============================================================
+ Verbose Summary: Binding
============================================================
STG Binding: 
---------------- STG Properties BEGIN ----------------
- Is combinational: 0
- Is one-state seq: 0
- Is datapath-only: 0
- Is pipelined: 0
- Is top level: 0
Port [ Return ] is wired: 1; IO mode=ap_ctrl_hs:ce=0
Port [ mem]:  wired=1; compound=1; hidden=0; nouse=0; global=0; static=0; extern=0; dir=2; type=1; pingpong=0; private_global=0; MemPort=[23]; IO mode=ap_memory:ce=0
Port [ pr_l]:  wired=1; compound=0; hidden=0; nouse=0; global=0; static=0; extern=0; dir=0; type=0; pingpong=0; private_global=0; IO mode=ap_none:ce=0
Port [ n]:  wired=1; compound=0; hidden=0; nouse=0; global=0; static=0; extern=0; dir=0; type=0; pingpong=0; private_global=0; IO mode=ap_none:ce=0
Port [ exp_buf_0_0]:  wired=1; compound=0; hidden=0; nouse=0; global=0; static=0; extern=0; dir=0; type=0; pingpong=0; private_global=0; IO mode=ap_none:ce=0
Port [ exp_buf_0_1]:  wired=1; compound=0; hidden=0; nouse=0; global=0; static=0; extern=0; dir=0; type=0; pingpong=0; private_global=0; IO mode=ap_none:ce=0
Port [ exp_buf_0_2]:  wired=1; compound=0; hidden=0; nouse=0; global=0; static=0; extern=0; dir=0; type=0; pingpong=0; private_global=0; IO mode=ap_none:ce=0
Port [ exp_buf_0_3]:  wired=1; compound=0; hidden=0; nouse=0; global=0; static=0; extern=0; dir=0; type=0; pingpong=0; private_global=0; IO mode=ap_none:ce=0
Port [ exp_buf_0_4]:  wired=1; compound=0; hidden=0; nouse=0; global=0; static=0; extern=0; dir=0; type=0; pingpong=0; private_global=0; IO mode=ap_none:ce=0
Port [ exp_buf_0_5]:  wired=1; compound=0; hidden=0; nouse=0; global=0; static=0; extern=0; dir=0; type=0; pingpong=0; private_global=0; IO mode=ap_none:ce=0
Port [ exp_buf_0_6]:  wired=1; compound=0; hidden=0; nouse=0; global=0; static=0; extern=0; dir=0; type=0; pingpong=0; private_global=0; IO mode=ap_none:ce=0
Port [ exp_buf_0_7]:  wired=1; compound=0; hidden=0; nouse=0; global=0; static=0; extern=0; dir=0; type=0; pingpong=0; private_global=0; IO mode=ap_none:ce=0
Port [ exp_buf_0_8]:  wired=1; compound=0; hidden=0; nouse=0; global=0; static=0; extern=0; dir=0; type=0; pingpong=0; private_global=0; IO mode=ap_none:ce=0
Port [ exp_buf_0_9]:  wired=1; compound=0; hidden=0; nouse=0; global=0; static=0; extern=0; dir=0; type=0; pingpong=0; private_global=0; IO mode=ap_none:ce=0
Port [ exp_buf_0_10]:  wired=1; compound=0; hidden=0; nouse=0; global=0; static=0; extern=0; dir=0; type=0; pingpong=0; private_global=0; IO mode=ap_none:ce=0
Port [ exp_buf_0_11]:  wired=1; compound=0; hidden=0; nouse=0; global=0; static=0; extern=0; dir=0; type=0; pingpong=0; private_global=0; IO mode=ap_none:ce=0
Port [ exp_buf_0_12]:  wired=1; compound=0; hidden=0; nouse=0; global=0; static=0; extern=0; dir=0; type=0; pingpong=0; private_global=0; IO mode=ap_none:ce=0
Port [ exp_buf_0_13]:  wired=1; compound=0; hidden=0; nouse=0; global=0; static=0; extern=0; dir=0; type=0; pingpong=0; private_global=0; IO mode=ap_none:ce=0
Port [ exp_buf_0_14]:  wired=1; compound=0; hidden=0; nouse=0; global=0; static=0; extern=0; dir=0; type=0; pingpong=0; private_global=0; IO mode=ap_none:ce=0
Port [ exp_buf_0_15]:  wired=1; compound=0; hidden=0; nouse=0; global=0; static=0; extern=0; dir=0; type=0; pingpong=0; private_global=0; IO mode=ap_none:ce=0
Port [ exp_buf_0_16]:  wired=1; compound=0; hidden=0; nouse=0; global=0; static=0; extern=0; dir=0; type=0; pingpong=0; private_global=0; IO mode=ap_none:ce=0
Port [ exp_buf_0_17]:  wired=1; compound=0; hidden=0; nouse=0; global=0; static=0; extern=0; dir=0; type=0; pingpong=0; private_global=0; IO mode=ap_none:ce=0
Port [ exp_buf_0_18]:  wired=1; compound=0; hidden=0; nouse=0; global=0; static=0; extern=0; dir=0; type=0; pingpong=0; private_global=0; IO mode=ap_none:ce=0
Port [ exp_buf_0_19]:  wired=1; compound=0; hidden=0; nouse=0; global=0; static=0; extern=0; dir=0; type=0; pingpong=0; private_global=0; IO mode=ap_none:ce=0
Port [ exp_buf_0_20]:  wired=1; compound=0; hidden=0; nouse=0; global=0; static=0; extern=0; dir=0; type=0; pingpong=0; private_global=0; IO mode=ap_none:ce=0
Port [ exp_buf_0_21]:  wired=1; compound=0; hidden=0; nouse=0; global=0; static=0; extern=0; dir=0; type=0; pingpong=0; private_global=0; IO mode=ap_none:ce=0
Port [ exp_buf_0_22]:  wired=1; compound=0; hidden=0; nouse=0; global=0; static=0; extern=0; dir=0; type=0; pingpong=0; private_global=0; IO mode=ap_none:ce=0
Port [ exp_buf_0_23]:  wired=1; compound=0; hidden=0; nouse=0; global=0; static=0; extern=0; dir=0; type=0; pingpong=0; private_global=0; IO mode=ap_none:ce=0
Port [ exp_buf_0_24]:  wired=1; compound=0; hidden=0; nouse=0; global=0; static=0; extern=0; dir=0; type=0; pingpong=0; private_global=0; IO mode=ap_none:ce=0
Port [ exp_buf_0_25]:  wired=1; compound=0; hidden=0; nouse=0; global=0; static=0; extern=0; dir=0; type=0; pingpong=0; private_global=0; IO mode=ap_none:ce=0
Port [ exp_buf_0_26]:  wired=1; compound=0; hidden=0; nouse=0; global=0; static=0; extern=0; dir=0; type=0; pingpong=0; private_global=0; IO mode=ap_none:ce=0
Port [ exp_buf_0_27]:  wired=1; compound=0; hidden=0; nouse=0; global=0; static=0; extern=0; dir=0; type=0; pingpong=0; private_global=0; IO mode=ap_none:ce=0
Port [ exp_buf_0_28]:  wired=1; compound=0; hidden=0; nouse=0; global=0; static=0; extern=0; dir=0; type=0; pingpong=0; private_global=0; IO mode=ap_none:ce=0
Port [ exp_buf_0_29]:  wired=1; compound=0; hidden=0; nouse=0; global=0; static=0; extern=0; dir=0; type=0; pingpong=0; private_global=0; IO mode=ap_none:ce=0
Port [ exp_buf_0_30]:  wired=1; compound=0; hidden=0; nouse=0; global=0; static=0; extern=0; dir=0; type=0; pingpong=0; private_global=0; IO mode=ap_none:ce=0
Port [ exp_buf_0_31]:  wired=1; compound=0; hidden=0; nouse=0; global=0; static=0; extern=0; dir=0; type=0; pingpong=0; private_global=0; IO mode=ap_none:ce=0
Port [ exp_buf_0_32]:  wired=1; compound=0; hidden=0; nouse=0; global=0; static=0; extern=0; dir=0; type=0; pingpong=0; private_global=0; IO mode=ap_none:ce=0
Port [ exp_buf_0_33]:  wired=1; compound=0; hidden=0; nouse=0; global=0; static=0; extern=0; dir=0; type=0; pingpong=0; private_global=0; IO mode=ap_none:ce=0
Port [ exp_buf_0_34]:  wired=1; compound=0; hidden=0; nouse=0; global=0; static=0; extern=0; dir=0; type=0; pingpong=0; private_global=0; IO mode=ap_none:ce=0
Port [ exp_buf_0_35]:  wired=1; compound=0; hidden=0; nouse=0; global=0; static=0; extern=0; dir=0; type=0; pingpong=0; private_global=0; IO mode=ap_none:ce=0
Port [ exp_buf_0_36]:  wired=1; compound=0; hidden=0; nouse=0; global=0; static=0; extern=0; dir=0; type=0; pingpong=0; private_global=0; IO mode=ap_none:ce=0
Port [ exp_buf_0_37]:  wired=1; compound=0; hidden=0; nouse=0; global=0; static=0; extern=0; dir=0; type=0; pingpong=0; private_global=0; IO mode=ap_none:ce=0
Port [ exp_buf_0_38]:  wired=1; compound=0; hidden=0; nouse=0; global=0; static=0; extern=0; dir=0; type=0; pingpong=0; private_global=0; IO mode=ap_none:ce=0
Port [ exp_buf_0_39]:  wired=1; compound=0; hidden=0; nouse=0; global=0; static=0; extern=0; dir=0; type=0; pingpong=0; private_global=0; IO mode=ap_none:ce=0
Port [ exp_buf_0_40]:  wired=1; compound=0; hidden=0; nouse=0; global=0; static=0; extern=0; dir=0; type=0; pingpong=0; private_global=0; IO mode=ap_none:ce=0
Port [ exp_buf_0_41]:  wired=1; compound=0; hidden=0; nouse=0; global=0; static=0; extern=0; dir=0; type=0; pingpong=0; private_global=0; IO mode=ap_none:ce=0
Port [ exp_buf_0_42]:  wired=1; compound=0; hidden=0; nouse=0; global=0; static=0; extern=0; dir=0; type=0; pingpong=0; private_global=0; IO mode=ap_none:ce=0
Port [ exp_buf_0_43]:  wired=1; compound=0; hidden=0; nouse=0; global=0; static=0; extern=0; dir=0; type=0; pingpong=0; private_global=0; IO mode=ap_none:ce=0
Port [ exp_buf_0_44]:  wired=1; compound=0; hidden=0; nouse=0; global=0; static=0; extern=0; dir=0; type=0; pingpong=0; private_global=0; IO mode=ap_none:ce=0
Port [ exp_buf_0_45]:  wired=1; compound=0; hidden=0; nouse=0; global=0; static=0; extern=0; dir=0; type=0; pingpong=0; private_global=0; IO mode=ap_none:ce=0
Port [ exp_buf_0_46]:  wired=1; compound=0; hidden=0; nouse=0; global=0; static=0; extern=0; dir=0; type=0; pingpong=0; private_global=0; IO mode=ap_none:ce=0
Port [ exp_buf_0_47]:  wired=1; compound=0; hidden=0; nouse=0; global=0; static=0; extern=0; dir=0; type=0; pingpong=0; private_global=0; IO mode=ap_none:ce=0
Port [ exp_buf_0_48]:  wired=1; compound=0; hidden=0; nouse=0; global=0; static=0; extern=0; dir=0; type=0; pingpong=0; private_global=0; IO mode=ap_none:ce=0
Port [ exp_buf_0_49]:  wired=1; compound=0; hidden=0; nouse=0; global=0; static=0; extern=0; dir=0; type=0; pingpong=0; private_global=0; IO mode=ap_none:ce=0
Port [ exp_buf_0_50]:  wired=1; compound=0; hidden=0; nouse=0; global=0; static=0; extern=0; dir=0; type=0; pingpong=0; private_global=0; IO mode=ap_none:ce=0
Port [ exp_buf_0_51]:  wired=1; compound=0; hidden=0; nouse=0; global=0; static=0; extern=0; dir=0; type=0; pingpong=0; private_global=0; IO mode=ap_none:ce=0
Port [ exp_buf_0_52]:  wired=1; compound=0; hidden=0; nouse=0; global=0; static=0; extern=0; dir=0; type=0; pingpong=0; private_global=0; IO mode=ap_none:ce=0
Port [ exp_buf_0_53]:  wired=1; compound=0; hidden=0; nouse=0; global=0; static=0; extern=0; dir=0; type=0; pingpong=0; private_global=0; IO mode=ap_none:ce=0
Port [ exp_buf_0_54]:  wired=1; compound=0; hidden=0; nouse=0; global=0; static=0; extern=0; dir=0; type=0; pingpong=0; private_global=0; IO mode=ap_none:ce=0
Port [ exp_buf_0_55]:  wired=1; compound=0; hidden=0; nouse=0; global=0; static=0; extern=0; dir=0; type=0; pingpong=0; private_global=0; IO mode=ap_none:ce=0
Port [ exp_buf_0_56]:  wired=1; compound=0; hidden=0; nouse=0; global=0; static=0; extern=0; dir=0; type=0; pingpong=0; private_global=0; IO mode=ap_none:ce=0
Port [ exp_buf_0_57]:  wired=1; compound=0; hidden=0; nouse=0; global=0; static=0; extern=0; dir=0; type=0; pingpong=0; private_global=0; IO mode=ap_none:ce=0
Port [ exp_buf_0_58]:  wired=1; compound=0; hidden=0; nouse=0; global=0; static=0; extern=0; dir=0; type=0; pingpong=0; private_global=0; IO mode=ap_none:ce=0
Port [ exp_buf_0_59]:  wired=1; compound=0; hidden=0; nouse=0; global=0; static=0; extern=0; dir=0; type=0; pingpong=0; private_global=0; IO mode=ap_none:ce=0
Port [ exp_buf_0_60]:  wired=1; compound=0; hidden=0; nouse=0; global=0; static=0; extern=0; dir=0; type=0; pingpong=0; private_global=0; IO mode=ap_none:ce=0
Port [ exp_buf_0_61]:  wired=1; compound=0; hidden=0; nouse=0; global=0; static=0; extern=0; dir=0; type=0; pingpong=0; private_global=0; IO mode=ap_none:ce=0
Port [ exp_buf_0_62]:  wired=1; compound=0; hidden=0; nouse=0; global=0; static=0; extern=0; dir=0; type=0; pingpong=0; private_global=0; IO mode=ap_none:ce=0
Port [ exp_buf_0_63]:  wired=1; compound=0; hidden=0; nouse=0; global=0; static=0; extern=0; dir=0; type=0; pingpong=0; private_global=0; IO mode=ap_none:ce=0
Port [ exp_buf_1_0]:  wired=1; compound=0; hidden=0; nouse=0; global=0; static=0; extern=0; dir=0; type=0; pingpong=0; private_global=0; IO mode=ap_none:ce=0
Port [ exp_buf_1_1]:  wired=1; compound=0; hidden=0; nouse=0; global=0; static=0; extern=0; dir=0; type=0; pingpong=0; private_global=0; IO mode=ap_none:ce=0
Port [ exp_buf_1_2]:  wired=1; compound=0; hidden=0; nouse=0; global=0; static=0; extern=0; dir=0; type=0; pingpong=0; private_global=0; IO mode=ap_none:ce=0
Port [ exp_buf_1_3]:  wired=1; compound=0; hidden=0; nouse=0; global=0; static=0; extern=0; dir=0; type=0; pingpong=0; private_global=0; IO mode=ap_none:ce=0
Port [ exp_buf_1_4]:  wired=1; compound=0; hidden=0; nouse=0; global=0; static=0; extern=0; dir=0; type=0; pingpong=0; private_global=0; IO mode=ap_none:ce=0
Port [ exp_buf_1_5]:  wired=1; compound=0; hidden=0; nouse=0; global=0; static=0; extern=0; dir=0; type=0; pingpong=0; private_global=0; IO mode=ap_none:ce=0
Port [ exp_buf_1_6]:  wired=1; compound=0; hidden=0; nouse=0; global=0; static=0; extern=0; dir=0; type=0; pingpong=0; private_global=0; IO mode=ap_none:ce=0
Port [ exp_buf_1_7]:  wired=1; compound=0; hidden=0; nouse=0; global=0; static=0; extern=0; dir=0; type=0; pingpong=0; private_global=0; IO mode=ap_none:ce=0
Port [ exp_buf_1_8]:  wired=1; compound=0; hidden=0; nouse=0; global=0; static=0; extern=0; dir=0; type=0; pingpong=0; private_global=0; IO mode=ap_none:ce=0
Port [ exp_buf_1_9]:  wired=1; compound=0; hidden=0; nouse=0; global=0; static=0; extern=0; dir=0; type=0; pingpong=0; private_global=0; IO mode=ap_none:ce=0
Port [ exp_buf_1_10]:  wired=1; compound=0; hidden=0; nouse=0; global=0; static=0; extern=0; dir=0; type=0; pingpong=0; private_global=0; IO mode=ap_none:ce=0
Port [ exp_buf_1_11]:  wired=1; compound=0; hidden=0; nouse=0; global=0; static=0; extern=0; dir=0; type=0; pingpong=0; private_global=0; IO mode=ap_none:ce=0
Port [ exp_buf_1_12]:  wired=1; compound=0; hidden=0; nouse=0; global=0; static=0; extern=0; dir=0; type=0; pingpong=0; private_global=0; IO mode=ap_none:ce=0
Port [ exp_buf_1_13]:  wired=1; compound=0; hidden=0; nouse=0; global=0; static=0; extern=0; dir=0; type=0; pingpong=0; private_global=0; IO mode=ap_none:ce=0
Port [ exp_buf_1_14]:  wired=1; compound=0; hidden=0; nouse=0; global=0; static=0; extern=0; dir=0; type=0; pingpong=0; private_global=0; IO mode=ap_none:ce=0
Port [ exp_buf_1_15]:  wired=1; compound=0; hidden=0; nouse=0; global=0; static=0; extern=0; dir=0; type=0; pingpong=0; private_global=0; IO mode=ap_none:ce=0
Port [ exp_buf_1_16]:  wired=1; compound=0; hidden=0; nouse=0; global=0; static=0; extern=0; dir=0; type=0; pingpong=0; private_global=0; IO mode=ap_none:ce=0
Port [ exp_buf_1_17]:  wired=1; compound=0; hidden=0; nouse=0; global=0; static=0; extern=0; dir=0; type=0; pingpong=0; private_global=0; IO mode=ap_none:ce=0
Port [ exp_buf_1_18]:  wired=1; compound=0; hidden=0; nouse=0; global=0; static=0; extern=0; dir=0; type=0; pingpong=0; private_global=0; IO mode=ap_none:ce=0
Port [ exp_buf_1_19]:  wired=1; compound=0; hidden=0; nouse=0; global=0; static=0; extern=0; dir=0; type=0; pingpong=0; private_global=0; IO mode=ap_none:ce=0
Port [ exp_buf_1_20]:  wired=1; compound=0; hidden=0; nouse=0; global=0; static=0; extern=0; dir=0; type=0; pingpong=0; private_global=0; IO mode=ap_none:ce=0
Port [ exp_buf_1_21]:  wired=1; compound=0; hidden=0; nouse=0; global=0; static=0; extern=0; dir=0; type=0; pingpong=0; private_global=0; IO mode=ap_none:ce=0
Port [ exp_buf_1_22]:  wired=1; compound=0; hidden=0; nouse=0; global=0; static=0; extern=0; dir=0; type=0; pingpong=0; private_global=0; IO mode=ap_none:ce=0
Port [ exp_buf_1_23]:  wired=1; compound=0; hidden=0; nouse=0; global=0; static=0; extern=0; dir=0; type=0; pingpong=0; private_global=0; IO mode=ap_none:ce=0
Port [ exp_buf_1_24]:  wired=1; compound=0; hidden=0; nouse=0; global=0; static=0; extern=0; dir=0; type=0; pingpong=0; private_global=0; IO mode=ap_none:ce=0
Port [ exp_buf_1_25]:  wired=1; compound=0; hidden=0; nouse=0; global=0; static=0; extern=0; dir=0; type=0; pingpong=0; private_global=0; IO mode=ap_none:ce=0
Port [ exp_buf_1_26]:  wired=1; compound=0; hidden=0; nouse=0; global=0; static=0; extern=0; dir=0; type=0; pingpong=0; private_global=0; IO mode=ap_none:ce=0
Port [ exp_buf_1_27]:  wired=1; compound=0; hidden=0; nouse=0; global=0; static=0; extern=0; dir=0; type=0; pingpong=0; private_global=0; IO mode=ap_none:ce=0
Port [ exp_buf_1_28]:  wired=1; compound=0; hidden=0; nouse=0; global=0; static=0; extern=0; dir=0; type=0; pingpong=0; private_global=0; IO mode=ap_none:ce=0
Port [ exp_buf_1_29]:  wired=1; compound=0; hidden=0; nouse=0; global=0; static=0; extern=0; dir=0; type=0; pingpong=0; private_global=0; IO mode=ap_none:ce=0
Port [ exp_buf_1_30]:  wired=1; compound=0; hidden=0; nouse=0; global=0; static=0; extern=0; dir=0; type=0; pingpong=0; private_global=0; IO mode=ap_none:ce=0
Port [ exp_buf_1_31]:  wired=1; compound=0; hidden=0; nouse=0; global=0; static=0; extern=0; dir=0; type=0; pingpong=0; private_global=0; IO mode=ap_none:ce=0
Port [ exp_buf_1_32]:  wired=1; compound=0; hidden=0; nouse=0; global=0; static=0; extern=0; dir=0; type=0; pingpong=0; private_global=0; IO mode=ap_none:ce=0
Port [ exp_buf_1_33]:  wired=1; compound=0; hidden=0; nouse=0; global=0; static=0; extern=0; dir=0; type=0; pingpong=0; private_global=0; IO mode=ap_none:ce=0
Port [ exp_buf_1_34]:  wired=1; compound=0; hidden=0; nouse=0; global=0; static=0; extern=0; dir=0; type=0; pingpong=0; private_global=0; IO mode=ap_none:ce=0
Port [ exp_buf_1_35]:  wired=1; compound=0; hidden=0; nouse=0; global=0; static=0; extern=0; dir=0; type=0; pingpong=0; private_global=0; IO mode=ap_none:ce=0
Port [ exp_buf_1_36]:  wired=1; compound=0; hidden=0; nouse=0; global=0; static=0; extern=0; dir=0; type=0; pingpong=0; private_global=0; IO mode=ap_none:ce=0
Port [ exp_buf_1_37]:  wired=1; compound=0; hidden=0; nouse=0; global=0; static=0; extern=0; dir=0; type=0; pingpong=0; private_global=0; IO mode=ap_none:ce=0
Port [ exp_buf_1_38]:  wired=1; compound=0; hidden=0; nouse=0; global=0; static=0; extern=0; dir=0; type=0; pingpong=0; private_global=0; IO mode=ap_none:ce=0
Port [ exp_buf_1_39]:  wired=1; compound=0; hidden=0; nouse=0; global=0; static=0; extern=0; dir=0; type=0; pingpong=0; private_global=0; IO mode=ap_none:ce=0
Port [ exp_buf_1_40]:  wired=1; compound=0; hidden=0; nouse=0; global=0; static=0; extern=0; dir=0; type=0; pingpong=0; private_global=0; IO mode=ap_none:ce=0
Port [ exp_buf_1_41]:  wired=1; compound=0; hidden=0; nouse=0; global=0; static=0; extern=0; dir=0; type=0; pingpong=0; private_global=0; IO mode=ap_none:ce=0
Port [ exp_buf_1_42]:  wired=1; compound=0; hidden=0; nouse=0; global=0; static=0; extern=0; dir=0; type=0; pingpong=0; private_global=0; IO mode=ap_none:ce=0
Port [ exp_buf_1_43]:  wired=1; compound=0; hidden=0; nouse=0; global=0; static=0; extern=0; dir=0; type=0; pingpong=0; private_global=0; IO mode=ap_none:ce=0
Port [ exp_buf_1_44]:  wired=1; compound=0; hidden=0; nouse=0; global=0; static=0; extern=0; dir=0; type=0; pingpong=0; private_global=0; IO mode=ap_none:ce=0
Port [ exp_buf_1_45]:  wired=1; compound=0; hidden=0; nouse=0; global=0; static=0; extern=0; dir=0; type=0; pingpong=0; private_global=0; IO mode=ap_none:ce=0
Port [ exp_buf_1_46]:  wired=1; compound=0; hidden=0; nouse=0; global=0; static=0; extern=0; dir=0; type=0; pingpong=0; private_global=0; IO mode=ap_none:ce=0
Port [ exp_buf_1_47]:  wired=1; compound=0; hidden=0; nouse=0; global=0; static=0; extern=0; dir=0; type=0; pingpong=0; private_global=0; IO mode=ap_none:ce=0
Port [ exp_buf_1_48]:  wired=1; compound=0; hidden=0; nouse=0; global=0; static=0; extern=0; dir=0; type=0; pingpong=0; private_global=0; IO mode=ap_none:ce=0
Port [ exp_buf_1_49]:  wired=1; compound=0; hidden=0; nouse=0; global=0; static=0; extern=0; dir=0; type=0; pingpong=0; private_global=0; IO mode=ap_none:ce=0
Port [ exp_buf_1_50]:  wired=1; compound=0; hidden=0; nouse=0; global=0; static=0; extern=0; dir=0; type=0; pingpong=0; private_global=0; IO mode=ap_none:ce=0
Port [ exp_buf_1_51]:  wired=1; compound=0; hidden=0; nouse=0; global=0; static=0; extern=0; dir=0; type=0; pingpong=0; private_global=0; IO mode=ap_none:ce=0
Port [ exp_buf_1_52]:  wired=1; compound=0; hidden=0; nouse=0; global=0; static=0; extern=0; dir=0; type=0; pingpong=0; private_global=0; IO mode=ap_none:ce=0
Port [ exp_buf_1_53]:  wired=1; compound=0; hidden=0; nouse=0; global=0; static=0; extern=0; dir=0; type=0; pingpong=0; private_global=0; IO mode=ap_none:ce=0
Port [ exp_buf_1_54]:  wired=1; compound=0; hidden=0; nouse=0; global=0; static=0; extern=0; dir=0; type=0; pingpong=0; private_global=0; IO mode=ap_none:ce=0
Port [ exp_buf_1_55]:  wired=1; compound=0; hidden=0; nouse=0; global=0; static=0; extern=0; dir=0; type=0; pingpong=0; private_global=0; IO mode=ap_none:ce=0
Port [ exp_buf_1_56]:  wired=1; compound=0; hidden=0; nouse=0; global=0; static=0; extern=0; dir=0; type=0; pingpong=0; private_global=0; IO mode=ap_none:ce=0
Port [ exp_buf_1_57]:  wired=1; compound=0; hidden=0; nouse=0; global=0; static=0; extern=0; dir=0; type=0; pingpong=0; private_global=0; IO mode=ap_none:ce=0
Port [ exp_buf_1_58]:  wired=1; compound=0; hidden=0; nouse=0; global=0; static=0; extern=0; dir=0; type=0; pingpong=0; private_global=0; IO mode=ap_none:ce=0
Port [ exp_buf_1_59]:  wired=1; compound=0; hidden=0; nouse=0; global=0; static=0; extern=0; dir=0; type=0; pingpong=0; private_global=0; IO mode=ap_none:ce=0
Port [ exp_buf_1_60]:  wired=1; compound=0; hidden=0; nouse=0; global=0; static=0; extern=0; dir=0; type=0; pingpong=0; private_global=0; IO mode=ap_none:ce=0
Port [ exp_buf_1_61]:  wired=1; compound=0; hidden=0; nouse=0; global=0; static=0; extern=0; dir=0; type=0; pingpong=0; private_global=0; IO mode=ap_none:ce=0
Port [ exp_buf_1_62]:  wired=1; compound=0; hidden=0; nouse=0; global=0; static=0; extern=0; dir=0; type=0; pingpong=0; private_global=0; IO mode=ap_none:ce=0
Port [ exp_buf_1_63]:  wired=1; compound=0; hidden=0; nouse=0; global=0; static=0; extern=0; dir=0; type=0; pingpong=0; private_global=0; IO mode=ap_none:ce=0
Port [ exp_buf_2_0]:  wired=1; compound=0; hidden=0; nouse=0; global=0; static=0; extern=0; dir=0; type=0; pingpong=0; private_global=0; IO mode=ap_none:ce=0
Port [ exp_buf_2_1]:  wired=1; compound=0; hidden=0; nouse=0; global=0; static=0; extern=0; dir=0; type=0; pingpong=0; private_global=0; IO mode=ap_none:ce=0
Port [ exp_buf_2_2]:  wired=1; compound=0; hidden=0; nouse=0; global=0; static=0; extern=0; dir=0; type=0; pingpong=0; private_global=0; IO mode=ap_none:ce=0
Port [ exp_buf_2_3]:  wired=1; compound=0; hidden=0; nouse=0; global=0; static=0; extern=0; dir=0; type=0; pingpong=0; private_global=0; IO mode=ap_none:ce=0
Port [ exp_buf_2_4]:  wired=1; compound=0; hidden=0; nouse=0; global=0; static=0; extern=0; dir=0; type=0; pingpong=0; private_global=0; IO mode=ap_none:ce=0
Port [ exp_buf_2_5]:  wired=1; compound=0; hidden=0; nouse=0; global=0; static=0; extern=0; dir=0; type=0; pingpong=0; private_global=0; IO mode=ap_none:ce=0
Port [ exp_buf_2_6]:  wired=1; compound=0; hidden=0; nouse=0; global=0; static=0; extern=0; dir=0; type=0; pingpong=0; private_global=0; IO mode=ap_none:ce=0
Port [ exp_buf_2_7]:  wired=1; compound=0; hidden=0; nouse=0; global=0; static=0; extern=0; dir=0; type=0; pingpong=0; private_global=0; IO mode=ap_none:ce=0
Port [ exp_buf_2_8]:  wired=1; compound=0; hidden=0; nouse=0; global=0; static=0; extern=0; dir=0; type=0; pingpong=0; private_global=0; IO mode=ap_none:ce=0
Port [ exp_buf_2_9]:  wired=1; compound=0; hidden=0; nouse=0; global=0; static=0; extern=0; dir=0; type=0; pingpong=0; private_global=0; IO mode=ap_none:ce=0
Port [ exp_buf_2_10]:  wired=1; compound=0; hidden=0; nouse=0; global=0; static=0; extern=0; dir=0; type=0; pingpong=0; private_global=0; IO mode=ap_none:ce=0
Port [ exp_buf_2_11]:  wired=1; compound=0; hidden=0; nouse=0; global=0; static=0; extern=0; dir=0; type=0; pingpong=0; private_global=0; IO mode=ap_none:ce=0
Port [ exp_buf_2_12]:  wired=1; compound=0; hidden=0; nouse=0; global=0; static=0; extern=0; dir=0; type=0; pingpong=0; private_global=0; IO mode=ap_none:ce=0
Port [ exp_buf_2_13]:  wired=1; compound=0; hidden=0; nouse=0; global=0; static=0; extern=0; dir=0; type=0; pingpong=0; private_global=0; IO mode=ap_none:ce=0
Port [ exp_buf_2_14]:  wired=1; compound=0; hidden=0; nouse=0; global=0; static=0; extern=0; dir=0; type=0; pingpong=0; private_global=0; IO mode=ap_none:ce=0
Port [ exp_buf_2_15]:  wired=1; compound=0; hidden=0; nouse=0; global=0; static=0; extern=0; dir=0; type=0; pingpong=0; private_global=0; IO mode=ap_none:ce=0
Port [ exp_buf_2_16]:  wired=1; compound=0; hidden=0; nouse=0; global=0; static=0; extern=0; dir=0; type=0; pingpong=0; private_global=0; IO mode=ap_none:ce=0
Port [ exp_buf_2_17]:  wired=1; compound=0; hidden=0; nouse=0; global=0; static=0; extern=0; dir=0; type=0; pingpong=0; private_global=0; IO mode=ap_none:ce=0
Port [ exp_buf_2_18]:  wired=1; compound=0; hidden=0; nouse=0; global=0; static=0; extern=0; dir=0; type=0; pingpong=0; private_global=0; IO mode=ap_none:ce=0
Port [ exp_buf_2_19]:  wired=1; compound=0; hidden=0; nouse=0; global=0; static=0; extern=0; dir=0; type=0; pingpong=0; private_global=0; IO mode=ap_none:ce=0
Port [ exp_buf_2_20]:  wired=1; compound=0; hidden=0; nouse=0; global=0; static=0; extern=0; dir=0; type=0; pingpong=0; private_global=0; IO mode=ap_none:ce=0
Port [ exp_buf_2_21]:  wired=1; compound=0; hidden=0; nouse=0; global=0; static=0; extern=0; dir=0; type=0; pingpong=0; private_global=0; IO mode=ap_none:ce=0
Port [ exp_buf_2_22]:  wired=1; compound=0; hidden=0; nouse=0; global=0; static=0; extern=0; dir=0; type=0; pingpong=0; private_global=0; IO mode=ap_none:ce=0
Port [ exp_buf_2_23]:  wired=1; compound=0; hidden=0; nouse=0; global=0; static=0; extern=0; dir=0; type=0; pingpong=0; private_global=0; IO mode=ap_none:ce=0
Port [ exp_buf_2_24]:  wired=1; compound=0; hidden=0; nouse=0; global=0; static=0; extern=0; dir=0; type=0; pingpong=0; private_global=0; IO mode=ap_none:ce=0
Port [ exp_buf_2_25]:  wired=1; compound=0; hidden=0; nouse=0; global=0; static=0; extern=0; dir=0; type=0; pingpong=0; private_global=0; IO mode=ap_none:ce=0
Port [ exp_buf_2_26]:  wired=1; compound=0; hidden=0; nouse=0; global=0; static=0; extern=0; dir=0; type=0; pingpong=0; private_global=0; IO mode=ap_none:ce=0
Port [ exp_buf_2_27]:  wired=1; compound=0; hidden=0; nouse=0; global=0; static=0; extern=0; dir=0; type=0; pingpong=0; private_global=0; IO mode=ap_none:ce=0
Port [ exp_buf_2_28]:  wired=1; compound=0; hidden=0; nouse=0; global=0; static=0; extern=0; dir=0; type=0; pingpong=0; private_global=0; IO mode=ap_none:ce=0
Port [ exp_buf_2_29]:  wired=1; compound=0; hidden=0; nouse=0; global=0; static=0; extern=0; dir=0; type=0; pingpong=0; private_global=0; IO mode=ap_none:ce=0
Port [ exp_buf_2_30]:  wired=1; compound=0; hidden=0; nouse=0; global=0; static=0; extern=0; dir=0; type=0; pingpong=0; private_global=0; IO mode=ap_none:ce=0
Port [ exp_buf_2_31]:  wired=1; compound=0; hidden=0; nouse=0; global=0; static=0; extern=0; dir=0; type=0; pingpong=0; private_global=0; IO mode=ap_none:ce=0
Port [ exp_buf_2_32]:  wired=1; compound=0; hidden=0; nouse=0; global=0; static=0; extern=0; dir=0; type=0; pingpong=0; private_global=0; IO mode=ap_none:ce=0
Port [ exp_buf_2_33]:  wired=1; compound=0; hidden=0; nouse=0; global=0; static=0; extern=0; dir=0; type=0; pingpong=0; private_global=0; IO mode=ap_none:ce=0
Port [ exp_buf_2_34]:  wired=1; compound=0; hidden=0; nouse=0; global=0; static=0; extern=0; dir=0; type=0; pingpong=0; private_global=0; IO mode=ap_none:ce=0
Port [ exp_buf_2_35]:  wired=1; compound=0; hidden=0; nouse=0; global=0; static=0; extern=0; dir=0; type=0; pingpong=0; private_global=0; IO mode=ap_none:ce=0
Port [ exp_buf_2_36]:  wired=1; compound=0; hidden=0; nouse=0; global=0; static=0; extern=0; dir=0; type=0; pingpong=0; private_global=0; IO mode=ap_none:ce=0
Port [ exp_buf_2_37]:  wired=1; compound=0; hidden=0; nouse=0; global=0; static=0; extern=0; dir=0; type=0; pingpong=0; private_global=0; IO mode=ap_none:ce=0
Port [ exp_buf_2_38]:  wired=1; compound=0; hidden=0; nouse=0; global=0; static=0; extern=0; dir=0; type=0; pingpong=0; private_global=0; IO mode=ap_none:ce=0
Port [ exp_buf_2_39]:  wired=1; compound=0; hidden=0; nouse=0; global=0; static=0; extern=0; dir=0; type=0; pingpong=0; private_global=0; IO mode=ap_none:ce=0
Port [ exp_buf_2_40]:  wired=1; compound=0; hidden=0; nouse=0; global=0; static=0; extern=0; dir=0; type=0; pingpong=0; private_global=0; IO mode=ap_none:ce=0
Port [ exp_buf_2_41]:  wired=1; compound=0; hidden=0; nouse=0; global=0; static=0; extern=0; dir=0; type=0; pingpong=0; private_global=0; IO mode=ap_none:ce=0
Port [ exp_buf_2_42]:  wired=1; compound=0; hidden=0; nouse=0; global=0; static=0; extern=0; dir=0; type=0; pingpong=0; private_global=0; IO mode=ap_none:ce=0
Port [ exp_buf_2_43]:  wired=1; compound=0; hidden=0; nouse=0; global=0; static=0; extern=0; dir=0; type=0; pingpong=0; private_global=0; IO mode=ap_none:ce=0
Port [ exp_buf_2_44]:  wired=1; compound=0; hidden=0; nouse=0; global=0; static=0; extern=0; dir=0; type=0; pingpong=0; private_global=0; IO mode=ap_none:ce=0
Port [ exp_buf_2_45]:  wired=1; compound=0; hidden=0; nouse=0; global=0; static=0; extern=0; dir=0; type=0; pingpong=0; private_global=0; IO mode=ap_none:ce=0
Port [ exp_buf_2_46]:  wired=1; compound=0; hidden=0; nouse=0; global=0; static=0; extern=0; dir=0; type=0; pingpong=0; private_global=0; IO mode=ap_none:ce=0
Port [ exp_buf_2_47]:  wired=1; compound=0; hidden=0; nouse=0; global=0; static=0; extern=0; dir=0; type=0; pingpong=0; private_global=0; IO mode=ap_none:ce=0
Port [ exp_buf_2_48]:  wired=1; compound=0; hidden=0; nouse=0; global=0; static=0; extern=0; dir=0; type=0; pingpong=0; private_global=0; IO mode=ap_none:ce=0
Port [ exp_buf_2_49]:  wired=1; compound=0; hidden=0; nouse=0; global=0; static=0; extern=0; dir=0; type=0; pingpong=0; private_global=0; IO mode=ap_none:ce=0
Port [ exp_buf_2_50]:  wired=1; compound=0; hidden=0; nouse=0; global=0; static=0; extern=0; dir=0; type=0; pingpong=0; private_global=0; IO mode=ap_none:ce=0
Port [ exp_buf_2_51]:  wired=1; compound=0; hidden=0; nouse=0; global=0; static=0; extern=0; dir=0; type=0; pingpong=0; private_global=0; IO mode=ap_none:ce=0
Port [ exp_buf_2_52]:  wired=1; compound=0; hidden=0; nouse=0; global=0; static=0; extern=0; dir=0; type=0; pingpong=0; private_global=0; IO mode=ap_none:ce=0
Port [ exp_buf_2_53]:  wired=1; compound=0; hidden=0; nouse=0; global=0; static=0; extern=0; dir=0; type=0; pingpong=0; private_global=0; IO mode=ap_none:ce=0
Port [ exp_buf_2_54]:  wired=1; compound=0; hidden=0; nouse=0; global=0; static=0; extern=0; dir=0; type=0; pingpong=0; private_global=0; IO mode=ap_none:ce=0
Port [ exp_buf_2_55]:  wired=1; compound=0; hidden=0; nouse=0; global=0; static=0; extern=0; dir=0; type=0; pingpong=0; private_global=0; IO mode=ap_none:ce=0
Port [ exp_buf_2_56]:  wired=1; compound=0; hidden=0; nouse=0; global=0; static=0; extern=0; dir=0; type=0; pingpong=0; private_global=0; IO mode=ap_none:ce=0
Port [ exp_buf_2_57]:  wired=1; compound=0; hidden=0; nouse=0; global=0; static=0; extern=0; dir=0; type=0; pingpong=0; private_global=0; IO mode=ap_none:ce=0
Port [ exp_buf_2_58]:  wired=1; compound=0; hidden=0; nouse=0; global=0; static=0; extern=0; dir=0; type=0; pingpong=0; private_global=0; IO mode=ap_none:ce=0
Port [ exp_buf_2_59]:  wired=1; compound=0; hidden=0; nouse=0; global=0; static=0; extern=0; dir=0; type=0; pingpong=0; private_global=0; IO mode=ap_none:ce=0
Port [ exp_buf_2_60]:  wired=1; compound=0; hidden=0; nouse=0; global=0; static=0; extern=0; dir=0; type=0; pingpong=0; private_global=0; IO mode=ap_none:ce=0
Port [ exp_buf_2_61]:  wired=1; compound=0; hidden=0; nouse=0; global=0; static=0; extern=0; dir=0; type=0; pingpong=0; private_global=0; IO mode=ap_none:ce=0
Port [ exp_buf_2_62]:  wired=1; compound=0; hidden=0; nouse=0; global=0; static=0; extern=0; dir=0; type=0; pingpong=0; private_global=0; IO mode=ap_none:ce=0
Port [ exp_buf_2_63]:  wired=1; compound=0; hidden=0; nouse=0; global=0; static=0; extern=0; dir=0; type=0; pingpong=0; private_global=0; IO mode=ap_none:ce=0
Port [ exp_buf_3_0]:  wired=1; compound=0; hidden=0; nouse=0; global=0; static=0; extern=0; dir=0; type=0; pingpong=0; private_global=0; IO mode=ap_none:ce=0
Port [ exp_buf_3_1]:  wired=1; compound=0; hidden=0; nouse=0; global=0; static=0; extern=0; dir=0; type=0; pingpong=0; private_global=0; IO mode=ap_none:ce=0
Port [ exp_buf_3_2]:  wired=1; compound=0; hidden=0; nouse=0; global=0; static=0; extern=0; dir=0; type=0; pingpong=0; private_global=0; IO mode=ap_none:ce=0
Port [ exp_buf_3_3]:  wired=1; compound=0; hidden=0; nouse=0; global=0; static=0; extern=0; dir=0; type=0; pingpong=0; private_global=0; IO mode=ap_none:ce=0
Port [ exp_buf_3_4]:  wired=1; compound=0; hidden=0; nouse=0; global=0; static=0; extern=0; dir=0; type=0; pingpong=0; private_global=0; IO mode=ap_none:ce=0
Port [ exp_buf_3_5]:  wired=1; compound=0; hidden=0; nouse=0; global=0; static=0; extern=0; dir=0; type=0; pingpong=0; private_global=0; IO mode=ap_none:ce=0
Port [ exp_buf_3_6]:  wired=1; compound=0; hidden=0; nouse=0; global=0; static=0; extern=0; dir=0; type=0; pingpong=0; private_global=0; IO mode=ap_none:ce=0
Port [ exp_buf_3_7]:  wired=1; compound=0; hidden=0; nouse=0; global=0; static=0; extern=0; dir=0; type=0; pingpong=0; private_global=0; IO mode=ap_none:ce=0
Port [ exp_buf_3_8]:  wired=1; compound=0; hidden=0; nouse=0; global=0; static=0; extern=0; dir=0; type=0; pingpong=0; private_global=0; IO mode=ap_none:ce=0
Port [ exp_buf_3_9]:  wired=1; compound=0; hidden=0; nouse=0; global=0; static=0; extern=0; dir=0; type=0; pingpong=0; private_global=0; IO mode=ap_none:ce=0
Port [ exp_buf_3_10]:  wired=1; compound=0; hidden=0; nouse=0; global=0; static=0; extern=0; dir=0; type=0; pingpong=0; private_global=0; IO mode=ap_none:ce=0
Port [ exp_buf_3_11]:  wired=1; compound=0; hidden=0; nouse=0; global=0; static=0; extern=0; dir=0; type=0; pingpong=0; private_global=0; IO mode=ap_none:ce=0
Port [ exp_buf_3_12]:  wired=1; compound=0; hidden=0; nouse=0; global=0; static=0; extern=0; dir=0; type=0; pingpong=0; private_global=0; IO mode=ap_none:ce=0
Port [ exp_buf_3_13]:  wired=1; compound=0; hidden=0; nouse=0; global=0; static=0; extern=0; dir=0; type=0; pingpong=0; private_global=0; IO mode=ap_none:ce=0
Port [ exp_buf_3_14]:  wired=1; compound=0; hidden=0; nouse=0; global=0; static=0; extern=0; dir=0; type=0; pingpong=0; private_global=0; IO mode=ap_none:ce=0
Port [ exp_buf_3_15]:  wired=1; compound=0; hidden=0; nouse=0; global=0; static=0; extern=0; dir=0; type=0; pingpong=0; private_global=0; IO mode=ap_none:ce=0
Port [ exp_buf_3_16]:  wired=1; compound=0; hidden=0; nouse=0; global=0; static=0; extern=0; dir=0; type=0; pingpong=0; private_global=0; IO mode=ap_none:ce=0
Port [ exp_buf_3_17]:  wired=1; compound=0; hidden=0; nouse=0; global=0; static=0; extern=0; dir=0; type=0; pingpong=0; private_global=0; IO mode=ap_none:ce=0
Port [ exp_buf_3_18]:  wired=1; compound=0; hidden=0; nouse=0; global=0; static=0; extern=0; dir=0; type=0; pingpong=0; private_global=0; IO mode=ap_none:ce=0
Port [ exp_buf_3_19]:  wired=1; compound=0; hidden=0; nouse=0; global=0; static=0; extern=0; dir=0; type=0; pingpong=0; private_global=0; IO mode=ap_none:ce=0
Port [ exp_buf_3_20]:  wired=1; compound=0; hidden=0; nouse=0; global=0; static=0; extern=0; dir=0; type=0; pingpong=0; private_global=0; IO mode=ap_none:ce=0
Port [ exp_buf_3_21]:  wired=1; compound=0; hidden=0; nouse=0; global=0; static=0; extern=0; dir=0; type=0; pingpong=0; private_global=0; IO mode=ap_none:ce=0
Port [ exp_buf_3_22]:  wired=1; compound=0; hidden=0; nouse=0; global=0; static=0; extern=0; dir=0; type=0; pingpong=0; private_global=0; IO mode=ap_none:ce=0
Port [ exp_buf_3_23]:  wired=1; compound=0; hidden=0; nouse=0; global=0; static=0; extern=0; dir=0; type=0; pingpong=0; private_global=0; IO mode=ap_none:ce=0
Port [ exp_buf_3_24]:  wired=1; compound=0; hidden=0; nouse=0; global=0; static=0; extern=0; dir=0; type=0; pingpong=0; private_global=0; IO mode=ap_none:ce=0
Port [ exp_buf_3_25]:  wired=1; compound=0; hidden=0; nouse=0; global=0; static=0; extern=0; dir=0; type=0; pingpong=0; private_global=0; IO mode=ap_none:ce=0
Port [ exp_buf_3_26]:  wired=1; compound=0; hidden=0; nouse=0; global=0; static=0; extern=0; dir=0; type=0; pingpong=0; private_global=0; IO mode=ap_none:ce=0
Port [ exp_buf_3_27]:  wired=1; compound=0; hidden=0; nouse=0; global=0; static=0; extern=0; dir=0; type=0; pingpong=0; private_global=0; IO mode=ap_none:ce=0
Port [ exp_buf_3_28]:  wired=1; compound=0; hidden=0; nouse=0; global=0; static=0; extern=0; dir=0; type=0; pingpong=0; private_global=0; IO mode=ap_none:ce=0
Port [ exp_buf_3_29]:  wired=1; compound=0; hidden=0; nouse=0; global=0; static=0; extern=0; dir=0; type=0; pingpong=0; private_global=0; IO mode=ap_none:ce=0
Port [ exp_buf_3_30]:  wired=1; compound=0; hidden=0; nouse=0; global=0; static=0; extern=0; dir=0; type=0; pingpong=0; private_global=0; IO mode=ap_none:ce=0
Port [ exp_buf_3_31]:  wired=1; compound=0; hidden=0; nouse=0; global=0; static=0; extern=0; dir=0; type=0; pingpong=0; private_global=0; IO mode=ap_none:ce=0
Port [ exp_buf_3_32]:  wired=1; compound=0; hidden=0; nouse=0; global=0; static=0; extern=0; dir=0; type=0; pingpong=0; private_global=0; IO mode=ap_none:ce=0
Port [ exp_buf_3_33]:  wired=1; compound=0; hidden=0; nouse=0; global=0; static=0; extern=0; dir=0; type=0; pingpong=0; private_global=0; IO mode=ap_none:ce=0
Port [ exp_buf_3_34]:  wired=1; compound=0; hidden=0; nouse=0; global=0; static=0; extern=0; dir=0; type=0; pingpong=0; private_global=0; IO mode=ap_none:ce=0
Port [ exp_buf_3_35]:  wired=1; compound=0; hidden=0; nouse=0; global=0; static=0; extern=0; dir=0; type=0; pingpong=0; private_global=0; IO mode=ap_none:ce=0
Port [ exp_buf_3_36]:  wired=1; compound=0; hidden=0; nouse=0; global=0; static=0; extern=0; dir=0; type=0; pingpong=0; private_global=0; IO mode=ap_none:ce=0
Port [ exp_buf_3_37]:  wired=1; compound=0; hidden=0; nouse=0; global=0; static=0; extern=0; dir=0; type=0; pingpong=0; private_global=0; IO mode=ap_none:ce=0
Port [ exp_buf_3_38]:  wired=1; compound=0; hidden=0; nouse=0; global=0; static=0; extern=0; dir=0; type=0; pingpong=0; private_global=0; IO mode=ap_none:ce=0
Port [ exp_buf_3_39]:  wired=1; compound=0; hidden=0; nouse=0; global=0; static=0; extern=0; dir=0; type=0; pingpong=0; private_global=0; IO mode=ap_none:ce=0
Port [ exp_buf_3_40]:  wired=1; compound=0; hidden=0; nouse=0; global=0; static=0; extern=0; dir=0; type=0; pingpong=0; private_global=0; IO mode=ap_none:ce=0
Port [ exp_buf_3_41]:  wired=1; compound=0; hidden=0; nouse=0; global=0; static=0; extern=0; dir=0; type=0; pingpong=0; private_global=0; IO mode=ap_none:ce=0
Port [ exp_buf_3_42]:  wired=1; compound=0; hidden=0; nouse=0; global=0; static=0; extern=0; dir=0; type=0; pingpong=0; private_global=0; IO mode=ap_none:ce=0
Port [ exp_buf_3_43]:  wired=1; compound=0; hidden=0; nouse=0; global=0; static=0; extern=0; dir=0; type=0; pingpong=0; private_global=0; IO mode=ap_none:ce=0
Port [ exp_buf_3_44]:  wired=1; compound=0; hidden=0; nouse=0; global=0; static=0; extern=0; dir=0; type=0; pingpong=0; private_global=0; IO mode=ap_none:ce=0
Port [ exp_buf_3_45]:  wired=1; compound=0; hidden=0; nouse=0; global=0; static=0; extern=0; dir=0; type=0; pingpong=0; private_global=0; IO mode=ap_none:ce=0
Port [ exp_buf_3_46]:  wired=1; compound=0; hidden=0; nouse=0; global=0; static=0; extern=0; dir=0; type=0; pingpong=0; private_global=0; IO mode=ap_none:ce=0
Port [ exp_buf_3_47]:  wired=1; compound=0; hidden=0; nouse=0; global=0; static=0; extern=0; dir=0; type=0; pingpong=0; private_global=0; IO mode=ap_none:ce=0
Port [ exp_buf_3_48]:  wired=1; compound=0; hidden=0; nouse=0; global=0; static=0; extern=0; dir=0; type=0; pingpong=0; private_global=0; IO mode=ap_none:ce=0
Port [ exp_buf_3_49]:  wired=1; compound=0; hidden=0; nouse=0; global=0; static=0; extern=0; dir=0; type=0; pingpong=0; private_global=0; IO mode=ap_none:ce=0
Port [ exp_buf_3_50]:  wired=1; compound=0; hidden=0; nouse=0; global=0; static=0; extern=0; dir=0; type=0; pingpong=0; private_global=0; IO mode=ap_none:ce=0
Port [ exp_buf_3_51]:  wired=1; compound=0; hidden=0; nouse=0; global=0; static=0; extern=0; dir=0; type=0; pingpong=0; private_global=0; IO mode=ap_none:ce=0
Port [ exp_buf_3_52]:  wired=1; compound=0; hidden=0; nouse=0; global=0; static=0; extern=0; dir=0; type=0; pingpong=0; private_global=0; IO mode=ap_none:ce=0
Port [ exp_buf_3_53]:  wired=1; compound=0; hidden=0; nouse=0; global=0; static=0; extern=0; dir=0; type=0; pingpong=0; private_global=0; IO mode=ap_none:ce=0
Port [ exp_buf_3_54]:  wired=1; compound=0; hidden=0; nouse=0; global=0; static=0; extern=0; dir=0; type=0; pingpong=0; private_global=0; IO mode=ap_none:ce=0
Port [ exp_buf_3_55]:  wired=1; compound=0; hidden=0; nouse=0; global=0; static=0; extern=0; dir=0; type=0; pingpong=0; private_global=0; IO mode=ap_none:ce=0
Port [ exp_buf_3_56]:  wired=1; compound=0; hidden=0; nouse=0; global=0; static=0; extern=0; dir=0; type=0; pingpong=0; private_global=0; IO mode=ap_none:ce=0
Port [ exp_buf_3_57]:  wired=1; compound=0; hidden=0; nouse=0; global=0; static=0; extern=0; dir=0; type=0; pingpong=0; private_global=0; IO mode=ap_none:ce=0
Port [ exp_buf_3_58]:  wired=1; compound=0; hidden=0; nouse=0; global=0; static=0; extern=0; dir=0; type=0; pingpong=0; private_global=0; IO mode=ap_none:ce=0
Port [ exp_buf_3_59]:  wired=1; compound=0; hidden=0; nouse=0; global=0; static=0; extern=0; dir=0; type=0; pingpong=0; private_global=0; IO mode=ap_none:ce=0
Port [ exp_buf_3_60]:  wired=1; compound=0; hidden=0; nouse=0; global=0; static=0; extern=0; dir=0; type=0; pingpong=0; private_global=0; IO mode=ap_none:ce=0
Port [ exp_buf_3_61]:  wired=1; compound=0; hidden=0; nouse=0; global=0; static=0; extern=0; dir=0; type=0; pingpong=0; private_global=0; IO mode=ap_none:ce=0
Port [ exp_buf_3_62]:  wired=1; compound=0; hidden=0; nouse=0; global=0; static=0; extern=0; dir=0; type=0; pingpong=0; private_global=0; IO mode=ap_none:ce=0
Port [ exp_buf_3_63]:  wired=1; compound=0; hidden=0; nouse=0; global=0; static=0; extern=0; dir=0; type=0; pingpong=0; private_global=0; IO mode=ap_none:ce=0
Port [ inv_sum_q30]:  wired=1; compound=0; hidden=0; nouse=0; global=0; static=0; extern=0; dir=0; type=0; pingpong=0; private_global=0; IO mode=ap_none:ce=0
---------------- STG Properties END ------------------

---------------- Datapath Model BEGIN ----------------

<LifeTime>
<method=bitvector/>
inv_sum_q30_read           (read                ) [ 00100]
n_read                     (read                ) [ 00111]
prob_stream                (alloca              ) [ 01111]
call_ln403                 (call                ) [ 00000]
pr_l_read                  (read                ) [ 00001]
specstablecontent_ln398    (specstablecontent   ) [ 00000]
specstablecontent_ln398    (specstablecontent   ) [ 00000]
specstablecontent_ln398    (specstablecontent   ) [ 00000]
specstablecontent_ln398    (specstablecontent   ) [ 00000]
specstablecontent_ln398    (specstablecontent   ) [ 00000]
specstablecontent_ln398    (specstablecontent   ) [ 00000]
specstablecontent_ln398    (specstablecontent   ) [ 00000]
specstablecontent_ln398    (specstablecontent   ) [ 00000]
specstablecontent_ln398    (specstablecontent   ) [ 00000]
specstablecontent_ln398    (specstablecontent   ) [ 00000]
specstablecontent_ln398    (specstablecontent   ) [ 00000]
specstablecontent_ln398    (specstablecontent   ) [ 00000]
specstablecontent_ln398    (specstablecontent   ) [ 00000]
specstablecontent_ln398    (specstablecontent   ) [ 00000]
specstablecontent_ln398    (specstablecontent   ) [ 00000]
specstablecontent_ln398    (specstablecontent   ) [ 00000]
specstablecontent_ln398    (specstablecontent   ) [ 00000]
specstablecontent_ln398    (specstablecontent   ) [ 00000]
specstablecontent_ln398    (specstablecontent   ) [ 00000]
specstablecontent_ln398    (specstablecontent   ) [ 00000]
specstablecontent_ln398    (specstablecontent   ) [ 00000]
specstablecontent_ln398    (specstablecontent   ) [ 00000]
specstablecontent_ln398    (specstablecontent   ) [ 00000]
specstablecontent_ln398    (specstablecontent   ) [ 00000]
specstablecontent_ln398    (specstablecontent   ) [ 00000]
specstablecontent_ln398    (specstablecontent   ) [ 00000]
specstablecontent_ln398    (specstablecontent   ) [ 00000]
specstablecontent_ln398    (specstablecontent   ) [ 00000]
specstablecontent_ln398    (specstablecontent   ) [ 00000]
specstablecontent_ln398    (specstablecontent   ) [ 00000]
specstablecontent_ln398    (specstablecontent   ) [ 00000]
specstablecontent_ln398    (specstablecontent   ) [ 00000]
specstablecontent_ln398    (specstablecontent   ) [ 00000]
specstablecontent_ln398    (specstablecontent   ) [ 00000]
specstablecontent_ln398    (specstablecontent   ) [ 00000]
specstablecontent_ln398    (specstablecontent   ) [ 00000]
specstablecontent_ln398    (specstablecontent   ) [ 00000]
specstablecontent_ln398    (specstablecontent   ) [ 00000]
specstablecontent_ln398    (specstablecontent   ) [ 00000]
specstablecontent_ln398    (specstablecontent   ) [ 00000]
specstablecontent_ln398    (specstablecontent   ) [ 00000]
specstablecontent_ln398    (specstablecontent   ) [ 00000]
specstablecontent_ln398    (specstablecontent   ) [ 00000]
specstablecontent_ln398    (specstablecontent   ) [ 00000]
specstablecontent_ln398    (specstablecontent   ) [ 00000]
specstablecontent_ln398    (specstablecontent   ) [ 00000]
specstablecontent_ln398    (specstablecontent   ) [ 00000]
specstablecontent_ln398    (specstablecontent   ) [ 00000]
specstablecontent_ln398    (specstablecontent   ) [ 00000]
specstablecontent_ln398    (specstablecontent   ) [ 00000]
specstablecontent_ln398    (specstablecontent   ) [ 00000]
specstablecontent_ln398    (specstablecontent   ) [ 00000]
specstablecontent_ln398    (specstablecontent   ) [ 00000]
specstablecontent_ln398    (specstablecontent   ) [ 00000]
specstablecontent_ln398    (specstablecontent   ) [ 00000]
specstablecontent_ln398    (specstablecontent   ) [ 00000]
specstablecontent_ln398    (specstablecontent   ) [ 00000]
specstablecontent_ln398    (specstablecontent   ) [ 00000]
specstablecontent_ln398    (specstablecontent   ) [ 00000]
specstablecontent_ln398    (specstablecontent   ) [ 00000]
specstablecontent_ln398    (specstablecontent   ) [ 00000]
specstablecontent_ln398    (specstablecontent   ) [ 00000]
specstablecontent_ln398    (specstablecontent   ) [ 00000]
specstablecontent_ln398    (specstablecontent   ) [ 00000]
specstablecontent_ln398    (specstablecontent   ) [ 00000]
specstablecontent_ln398    (specstablecontent   ) [ 00000]
specstablecontent_ln398    (specstablecontent   ) [ 00000]
specstablecontent_ln398    (specstablecontent   ) [ 00000]
specstablecontent_ln398    (specstablecontent   ) [ 00000]
specstablecontent_ln398    (specstablecontent   ) [ 00000]
specstablecontent_ln398    (specstablecontent   ) [ 00000]
specstablecontent_ln398    (specstablecontent   ) [ 00000]
specstablecontent_ln398    (specstablecontent   ) [ 00000]
specstablecontent_ln398    (specstablecontent   ) [ 00000]
specstablecontent_ln398    (specstablecontent   ) [ 00000]
specstablecontent_ln398    (specstablecontent   ) [ 00000]
specstablecontent_ln398    (specstablecontent   ) [ 00000]
specstablecontent_ln398    (specstablecontent   ) [ 00000]
specstablecontent_ln398    (specstablecontent   ) [ 00000]
specstablecontent_ln398    (specstablecontent   ) [ 00000]
specstablecontent_ln398    (specstablecontent   ) [ 00000]
specstablecontent_ln398    (specstablecontent   ) [ 00000]
specstablecontent_ln398    (specstablecontent   ) [ 00000]
specstablecontent_ln398    (specstablecontent   ) [ 00000]
specstablecontent_ln398    (specstablecontent   ) [ 00000]
specstablecontent_ln398    (specstablecontent   ) [ 00000]
specstablecontent_ln398    (specstablecontent   ) [ 00000]
specstablecontent_ln398    (specstablecontent   ) [ 00000]
specstablecontent_ln398    (specstablecontent   ) [ 00000]
specstablecontent_ln398    (specstablecontent   ) [ 00000]
specstablecontent_ln398    (specstablecontent   ) [ 00000]
specstablecontent_ln398    (specstablecontent   ) [ 00000]
specstablecontent_ln398    (specstablecontent   ) [ 00000]
specstablecontent_ln398    (specstablecontent   ) [ 00000]
specstablecontent_ln398    (specstablecontent   ) [ 00000]
specstablecontent_ln398    (specstablecontent   ) [ 00000]
specstablecontent_ln398    (specstablecontent   ) [ 00000]
specstablecontent_ln398    (specstablecontent   ) [ 00000]
specstablecontent_ln398    (specstablecontent   ) [ 00000]
specstablecontent_ln398    (specstablecontent   ) [ 00000]
specstablecontent_ln398    (specstablecontent   ) [ 00000]
specstablecontent_ln398    (specstablecontent   ) [ 00000]
specstablecontent_ln398    (specstablecontent   ) [ 00000]
specstablecontent_ln398    (specstablecontent   ) [ 00000]
specstablecontent_ln398    (specstablecontent   ) [ 00000]
specstablecontent_ln398    (specstablecontent   ) [ 00000]
specstablecontent_ln398    (specstablecontent   ) [ 00000]
specstablecontent_ln398    (specstablecontent   ) [ 00000]
specstablecontent_ln398    (specstablecontent   ) [ 00000]
specstablecontent_ln398    (specstablecontent   ) [ 00000]
specstablecontent_ln398    (specstablecontent   ) [ 00000]
specstablecontent_ln398    (specstablecontent   ) [ 00000]
specstablecontent_ln398    (specstablecontent   ) [ 00000]
specstablecontent_ln398    (specstablecontent   ) [ 00000]
specstablecontent_ln398    (specstablecontent   ) [ 00000]
specstablecontent_ln398    (specstablecontent   ) [ 00000]
specstablecontent_ln398    (specstablecontent   ) [ 00000]
specstablecontent_ln398    (specstablecontent   ) [ 00000]
specstablecontent_ln398    (specstablecontent   ) [ 00000]
specstablecontent_ln398    (specstablecontent   ) [ 00000]
specstablecontent_ln398    (specstablecontent   ) [ 00000]
specstablecontent_ln398    (specstablecontent   ) [ 00000]
specstablecontent_ln398    (specstablecontent   ) [ 00000]
specstablecontent_ln398    (specstablecontent   ) [ 00000]
specstablecontent_ln398    (specstablecontent   ) [ 00000]
specstablecontent_ln398    (specstablecontent   ) [ 00000]
specstablecontent_ln398    (specstablecontent   ) [ 00000]
specstablecontent_ln398    (specstablecontent   ) [ 00000]
specstablecontent_ln398    (specstablecontent   ) [ 00000]
specstablecontent_ln398    (specstablecontent   ) [ 00000]
specstablecontent_ln398    (specstablecontent   ) [ 00000]
specstablecontent_ln398    (specstablecontent   ) [ 00000]
specstablecontent_ln398    (specstablecontent   ) [ 00000]
specstablecontent_ln398    (specstablecontent   ) [ 00000]
specstablecontent_ln398    (specstablecontent   ) [ 00000]
specstablecontent_ln398    (specstablecontent   ) [ 00000]
specstablecontent_ln398    (specstablecontent   ) [ 00000]
specstablecontent_ln398    (specstablecontent   ) [ 00000]
specstablecontent_ln398    (specstablecontent   ) [ 00000]
specstablecontent_ln398    (specstablecontent   ) [ 00000]
specstablecontent_ln398    (specstablecontent   ) [ 00000]
specstablecontent_ln398    (specstablecontent   ) [ 00000]
specstablecontent_ln398    (specstablecontent   ) [ 00000]
specstablecontent_ln398    (specstablecontent   ) [ 00000]
specstablecontent_ln398    (specstablecontent   ) [ 00000]
specstablecontent_ln398    (specstablecontent   ) [ 00000]
specstablecontent_ln398    (specstablecontent   ) [ 00000]
specstablecontent_ln398    (specstablecontent   ) [ 00000]
specstablecontent_ln398    (specstablecontent   ) [ 00000]
specstablecontent_ln398    (specstablecontent   ) [ 00000]
specstablecontent_ln398    (specstablecontent   ) [ 00000]
specstablecontent_ln398    (specstablecontent   ) [ 00000]
specstablecontent_ln398    (specstablecontent   ) [ 00000]
specstablecontent_ln398    (specstablecontent   ) [ 00000]
specstablecontent_ln398    (specstablecontent   ) [ 00000]
specstablecontent_ln398    (specstablecontent   ) [ 00000]
specstablecontent_ln398    (specstablecontent   ) [ 00000]
specstablecontent_ln398    (specstablecontent   ) [ 00000]
specstablecontent_ln398    (specstablecontent   ) [ 00000]
specstablecontent_ln398    (specstablecontent   ) [ 00000]
specstablecontent_ln398    (specstablecontent   ) [ 00000]
specstablecontent_ln398    (specstablecontent   ) [ 00000]
specstablecontent_ln398    (specstablecontent   ) [ 00000]
specstablecontent_ln398    (specstablecontent   ) [ 00000]
specstablecontent_ln398    (specstablecontent   ) [ 00000]
specstablecontent_ln398    (specstablecontent   ) [ 00000]
specstablecontent_ln398    (specstablecontent   ) [ 00000]
specstablecontent_ln398    (specstablecontent   ) [ 00000]
specstablecontent_ln398    (specstablecontent   ) [ 00000]
specstablecontent_ln398    (specstablecontent   ) [ 00000]
specstablecontent_ln398    (specstablecontent   ) [ 00000]
specstablecontent_ln398    (specstablecontent   ) [ 00000]
specstablecontent_ln398    (specstablecontent   ) [ 00000]
specstablecontent_ln398    (specstablecontent   ) [ 00000]
specstablecontent_ln398    (specstablecontent   ) [ 00000]
specstablecontent_ln398    (specstablecontent   ) [ 00000]
specstablecontent_ln398    (specstablecontent   ) [ 00000]
specstablecontent_ln398    (specstablecontent   ) [ 00000]
specstablecontent_ln398    (specstablecontent   ) [ 00000]
specstablecontent_ln398    (specstablecontent   ) [ 00000]
specstablecontent_ln398    (specstablecontent   ) [ 00000]
specstablecontent_ln398    (specstablecontent   ) [ 00000]
specstablecontent_ln398    (specstablecontent   ) [ 00000]
specstablecontent_ln398    (specstablecontent   ) [ 00000]
specstablecontent_ln398    (specstablecontent   ) [ 00000]
specstablecontent_ln398    (specstablecontent   ) [ 00000]
specstablecontent_ln398    (specstablecontent   ) [ 00000]
specstablecontent_ln398    (specstablecontent   ) [ 00000]
specstablecontent_ln398    (specstablecontent   ) [ 00000]
specstablecontent_ln398    (specstablecontent   ) [ 00000]
specstablecontent_ln398    (specstablecontent   ) [ 00000]
specstablecontent_ln398    (specstablecontent   ) [ 00000]
specstablecontent_ln398    (specstablecontent   ) [ 00000]
specstablecontent_ln398    (specstablecontent   ) [ 00000]
specstablecontent_ln398    (specstablecontent   ) [ 00000]
specstablecontent_ln398    (specstablecontent   ) [ 00000]
specstablecontent_ln398    (specstablecontent   ) [ 00000]
specstablecontent_ln398    (specstablecontent   ) [ 00000]
specstablecontent_ln398    (specstablecontent   ) [ 00000]
specstablecontent_ln398    (specstablecontent   ) [ 00000]
specstablecontent_ln398    (specstablecontent   ) [ 00000]
specstablecontent_ln398    (specstablecontent   ) [ 00000]
specstablecontent_ln398    (specstablecontent   ) [ 00000]
specstablecontent_ln398    (specstablecontent   ) [ 00000]
specstablecontent_ln398    (specstablecontent   ) [ 00000]
specstablecontent_ln398    (specstablecontent   ) [ 00000]
specstablecontent_ln398    (specstablecontent   ) [ 00000]
specstablecontent_ln398    (specstablecontent   ) [ 00000]
specstablecontent_ln398    (specstablecontent   ) [ 00000]
specstablecontent_ln398    (specstablecontent   ) [ 00000]
specstablecontent_ln398    (specstablecontent   ) [ 00000]
specstablecontent_ln398    (specstablecontent   ) [ 00000]
specstablecontent_ln398    (specstablecontent   ) [ 00000]
specstablecontent_ln398    (specstablecontent   ) [ 00000]
specstablecontent_ln398    (specstablecontent   ) [ 00000]
specstablecontent_ln398    (specstablecontent   ) [ 00000]
specstablecontent_ln398    (specstablecontent   ) [ 00000]
specstablecontent_ln398    (specstablecontent   ) [ 00000]
specstablecontent_ln398    (specstablecontent   ) [ 00000]
specstablecontent_ln398    (specstablecontent   ) [ 00000]
specstablecontent_ln398    (specstablecontent   ) [ 00000]
specstablecontent_ln398    (specstablecontent   ) [ 00000]
specstablecontent_ln398    (specstablecontent   ) [ 00000]
specstablecontent_ln398    (specstablecontent   ) [ 00000]
specstablecontent_ln398    (specstablecontent   ) [ 00000]
specstablecontent_ln398    (specstablecontent   ) [ 00000]
specstablecontent_ln398    (specstablecontent   ) [ 00000]
specstablecontent_ln398    (specstablecontent   ) [ 00000]
specstablecontent_ln398    (specstablecontent   ) [ 00000]
specstablecontent_ln398    (specstablecontent   ) [ 00000]
specstablecontent_ln398    (specstablecontent   ) [ 00000]
specstablecontent_ln398    (specstablecontent   ) [ 00000]
specstablecontent_ln398    (specstablecontent   ) [ 00000]
specstablecontent_ln398    (specstablecontent   ) [ 00000]
specstablecontent_ln398    (specstablecontent   ) [ 00000]
specstablecontent_ln398    (specstablecontent   ) [ 00000]
specstablecontent_ln398    (specstablecontent   ) [ 00000]
specstablecontent_ln398    (specstablecontent   ) [ 00000]
specstablecontent_ln398    (specstablecontent   ) [ 00000]
specstablecontent_ln398    (specstablecontent   ) [ 00000]
specstablecontent_ln398    (specstablecontent   ) [ 00000]
specstablecontent_ln398    (specstablecontent   ) [ 00000]
specstablecontent_ln398    (specstablecontent   ) [ 00000]
specstablecontent_ln398    (specstablecontent   ) [ 00000]
specstablecontent_ln398    (specstablecontent   ) [ 00000]
specstablecontent_ln398    (specstablecontent   ) [ 00000]
specstablecontent_ln398    (specstablecontent   ) [ 00000]
specstablecontent_ln398    (specstablecontent   ) [ 00000]
specstablecontent_ln398    (specstablecontent   ) [ 00000]
specstablecontent_ln398    (specstablecontent   ) [ 00000]
specstablecontent_ln398    (specstablecontent   ) [ 00000]
specstablecontent_ln398    (specstablecontent   ) [ 00000]
specstablecontent_ln398    (specstablecontent   ) [ 00000]
specstablecontent_ln398    (specstablecontent   ) [ 00000]
specstablecontent_ln398    (specstablecontent   ) [ 00000]
specstablecontent_ln398    (specstablecontent   ) [ 00000]
specstablecontent_ln398    (specstablecontent   ) [ 00000]
specstablecontent_ln398    (specstablecontent   ) [ 00000]
specstablecontent_ln398    (specstablecontent   ) [ 00000]
specdataflowpipeline_ln398 (specdataflowpipeline) [ 00000]
specmemcore_ln0            (specmemcore         ) [ 00000]
specmemcore_ln0            (specmemcore         ) [ 00000]
specmemcore_ln0            (specmemcore         ) [ 00000]
specmemcore_ln0            (specmemcore         ) [ 00000]
specmemcore_ln0            (specmemcore         ) [ 00000]
specmemcore_ln0            (specmemcore         ) [ 00000]
specmemcore_ln0            (specmemcore         ) [ 00000]
specmemcore_ln0            (specmemcore         ) [ 00000]
specmemcore_ln0            (specmemcore         ) [ 00000]
specmemcore_ln0            (specmemcore         ) [ 00000]
specmemcore_ln0            (specmemcore         ) [ 00000]
specmemcore_ln0            (specmemcore         ) [ 00000]
specmemcore_ln0            (specmemcore         ) [ 00000]
specmemcore_ln0            (specmemcore         ) [ 00000]
specmemcore_ln0            (specmemcore         ) [ 00000]
specmemcore_ln0            (specmemcore         ) [ 00000]
specmemcore_ln0            (specmemcore         ) [ 00000]
specmemcore_ln0            (specmemcore         ) [ 00000]
specmemcore_ln0            (specmemcore         ) [ 00000]
specmemcore_ln0            (specmemcore         ) [ 00000]
specmemcore_ln0            (specmemcore         ) [ 00000]
specmemcore_ln0            (specmemcore         ) [ 00000]
specmemcore_ln0            (specmemcore         ) [ 00000]
specmemcore_ln0            (specmemcore         ) [ 00000]
specmemcore_ln0            (specmemcore         ) [ 00000]
specmemcore_ln0            (specmemcore         ) [ 00000]
specmemcore_ln0            (specmemcore         ) [ 00000]
specmemcore_ln0            (specmemcore         ) [ 00000]
specmemcore_ln0            (specmemcore         ) [ 00000]
specmemcore_ln0            (specmemcore         ) [ 00000]
specmemcore_ln0            (specmemcore         ) [ 00000]
specmemcore_ln0            (specmemcore         ) [ 00000]
specmemcore_ln0            (specmemcore         ) [ 00000]
specmemcore_ln0            (specmemcore         ) [ 00000]
specmemcore_ln0            (specmemcore         ) [ 00000]
specmemcore_ln0            (specmemcore         ) [ 00000]
specmemcore_ln0            (specmemcore         ) [ 00000]
specmemcore_ln0            (specmemcore         ) [ 00000]
specmemcore_ln0            (specmemcore         ) [ 00000]
specmemcore_ln0            (specmemcore         ) [ 00000]
specmemcore_ln0            (specmemcore         ) [ 00000]
specmemcore_ln0            (specmemcore         ) [ 00000]
specmemcore_ln0            (specmemcore         ) [ 00000]
specmemcore_ln0            (specmemcore         ) [ 00000]
specmemcore_ln0            (specmemcore         ) [ 00000]
specmemcore_ln0            (specmemcore         ) [ 00000]
specmemcore_ln0            (specmemcore         ) [ 00000]
specmemcore_ln0            (specmemcore         ) [ 00000]
specmemcore_ln0            (specmemcore         ) [ 00000]
specmemcore_ln0            (specmemcore         ) [ 00000]
specmemcore_ln0            (specmemcore         ) [ 00000]
specmemcore_ln0            (specmemcore         ) [ 00000]
specmemcore_ln0            (specmemcore         ) [ 00000]
specmemcore_ln0            (specmemcore         ) [ 00000]
specmemcore_ln0            (specmemcore         ) [ 00000]
specmemcore_ln0            (specmemcore         ) [ 00000]
specmemcore_ln0            (specmemcore         ) [ 00000]
specmemcore_ln0            (specmemcore         ) [ 00000]
specmemcore_ln0            (specmemcore         ) [ 00000]
specmemcore_ln0            (specmemcore         ) [ 00000]
specmemcore_ln0            (specmemcore         ) [ 00000]
specmemcore_ln0            (specmemcore         ) [ 00000]
specmemcore_ln0            (specmemcore         ) [ 00000]
specmemcore_ln0            (specmemcore         ) [ 00000]
specmemcore_ln0            (specmemcore         ) [ 00000]
specmemcore_ln0            (specmemcore         ) [ 00000]
specmemcore_ln0            (specmemcore         ) [ 00000]
specmemcore_ln0            (specmemcore         ) [ 00000]
specmemcore_ln0            (specmemcore         ) [ 00000]
specmemcore_ln0            (specmemcore         ) [ 00000]
specmemcore_ln0            (specmemcore         ) [ 00000]
specmemcore_ln0            (specmemcore         ) [ 00000]
specmemcore_ln0            (specmemcore         ) [ 00000]
specmemcore_ln0            (specmemcore         ) [ 00000]
specmemcore_ln0            (specmemcore         ) [ 00000]
specmemcore_ln0            (specmemcore         ) [ 00000]
specmemcore_ln0            (specmemcore         ) [ 00000]
specmemcore_ln0            (specmemcore         ) [ 00000]
specmemcore_ln0            (specmemcore         ) [ 00000]
specmemcore_ln0            (specmemcore         ) [ 00000]
specmemcore_ln0            (specmemcore         ) [ 00000]
specmemcore_ln0            (specmemcore         ) [ 00000]
specmemcore_ln0            (specmemcore         ) [ 00000]
specmemcore_ln0            (specmemcore         ) [ 00000]
specmemcore_ln0            (specmemcore         ) [ 00000]
specmemcore_ln0            (specmemcore         ) [ 00000]
specmemcore_ln0            (specmemcore         ) [ 00000]
specmemcore_ln0            (specmemcore         ) [ 00000]
specmemcore_ln0            (specmemcore         ) [ 00000]
specmemcore_ln0            (specmemcore         ) [ 00000]
specmemcore_ln0            (specmemcore         ) [ 00000]
specmemcore_ln0            (specmemcore         ) [ 00000]
specmemcore_ln0            (specmemcore         ) [ 00000]
specmemcore_ln0            (specmemcore         ) [ 00000]
specmemcore_ln0            (specmemcore         ) [ 00000]
specmemcore_ln0            (specmemcore         ) [ 00000]
specmemcore_ln0            (specmemcore         ) [ 00000]
specmemcore_ln0            (specmemcore         ) [ 00000]
specmemcore_ln0            (specmemcore         ) [ 00000]
specmemcore_ln0            (specmemcore         ) [ 00000]
specmemcore_ln0            (specmemcore         ) [ 00000]
specmemcore_ln0            (specmemcore         ) [ 00000]
specmemcore_ln0            (specmemcore         ) [ 00000]
specmemcore_ln0            (specmemcore         ) [ 00000]
specmemcore_ln0            (specmemcore         ) [ 00000]
specmemcore_ln0            (specmemcore         ) [ 00000]
specmemcore_ln0            (specmemcore         ) [ 00000]
specmemcore_ln0            (specmemcore         ) [ 00000]
specmemcore_ln0            (specmemcore         ) [ 00000]
specmemcore_ln0            (specmemcore         ) [ 00000]
specmemcore_ln0            (specmemcore         ) [ 00000]
specmemcore_ln0            (specmemcore         ) [ 00000]
specmemcore_ln0            (specmemcore         ) [ 00000]
specmemcore_ln0            (specmemcore         ) [ 00000]
specmemcore_ln0            (specmemcore         ) [ 00000]
specmemcore_ln0            (specmemcore         ) [ 00000]
specmemcore_ln0            (specmemcore         ) [ 00000]
specmemcore_ln0            (specmemcore         ) [ 00000]
specmemcore_ln0            (specmemcore         ) [ 00000]
specmemcore_ln0            (specmemcore         ) [ 00000]
specmemcore_ln0            (specmemcore         ) [ 00000]
specmemcore_ln0            (specmemcore         ) [ 00000]
specmemcore_ln0            (specmemcore         ) [ 00000]
specmemcore_ln0            (specmemcore         ) [ 00000]
specmemcore_ln0            (specmemcore         ) [ 00000]
specmemcore_ln0            (specmemcore         ) [ 00000]
specmemcore_ln0            (specmemcore         ) [ 00000]
specmemcore_ln0            (specmemcore         ) [ 00000]
specmemcore_ln0            (specmemcore         ) [ 00000]
specmemcore_ln0            (specmemcore         ) [ 00000]
specmemcore_ln0            (specmemcore         ) [ 00000]
specmemcore_ln0            (specmemcore         ) [ 00000]
specmemcore_ln0            (specmemcore         ) [ 00000]
specmemcore_ln0            (specmemcore         ) [ 00000]
specmemcore_ln0            (specmemcore         ) [ 00000]
specmemcore_ln0            (specmemcore         ) [ 00000]
specmemcore_ln0            (specmemcore         ) [ 00000]
specmemcore_ln0            (specmemcore         ) [ 00000]
specmemcore_ln0            (specmemcore         ) [ 00000]
specmemcore_ln0            (specmemcore         ) [ 00000]
specmemcore_ln0            (specmemcore         ) [ 00000]
specmemcore_ln0            (specmemcore         ) [ 00000]
specmemcore_ln0            (specmemcore         ) [ 00000]
specmemcore_ln0            (specmemcore         ) [ 00000]
specmemcore_ln0            (specmemcore         ) [ 00000]
specmemcore_ln0            (specmemcore         ) [ 00000]
specmemcore_ln0            (specmemcore         ) [ 00000]
specmemcore_ln0            (specmemcore         ) [ 00000]
specmemcore_ln0            (specmemcore         ) [ 00000]
specmemcore_ln0            (specmemcore         ) [ 00000]
specmemcore_ln0            (specmemcore         ) [ 00000]
specmemcore_ln0            (specmemcore         ) [ 00000]
specmemcore_ln0            (specmemcore         ) [ 00000]
specmemcore_ln0            (specmemcore         ) [ 00000]
specmemcore_ln0            (specmemcore         ) [ 00000]
specmemcore_ln0            (specmemcore         ) [ 00000]
specmemcore_ln0            (specmemcore         ) [ 00000]
specmemcore_ln0            (specmemcore         ) [ 00000]
specmemcore_ln0            (specmemcore         ) [ 00000]
specmemcore_ln0            (specmemcore         ) [ 00000]
specmemcore_ln0            (specmemcore         ) [ 00000]
specmemcore_ln0            (specmemcore         ) [ 00000]
specmemcore_ln0            (specmemcore         ) [ 00000]
specmemcore_ln0            (specmemcore         ) [ 00000]
specmemcore_ln0            (specmemcore         ) [ 00000]
specmemcore_ln0            (specmemcore         ) [ 00000]
specmemcore_ln0            (specmemcore         ) [ 00000]
specmemcore_ln0            (specmemcore         ) [ 00000]
specmemcore_ln0            (specmemcore         ) [ 00000]
specmemcore_ln0            (specmemcore         ) [ 00000]
specmemcore_ln0            (specmemcore         ) [ 00000]
specmemcore_ln0            (specmemcore         ) [ 00000]
specmemcore_ln0            (specmemcore         ) [ 00000]
specmemcore_ln0            (specmemcore         ) [ 00000]
specmemcore_ln0            (specmemcore         ) [ 00000]
specmemcore_ln0            (specmemcore         ) [ 00000]
specmemcore_ln0            (specmemcore         ) [ 00000]
specmemcore_ln0            (specmemcore         ) [ 00000]
specmemcore_ln0            (specmemcore         ) [ 00000]
specmemcore_ln0            (specmemcore         ) [ 00000]
specmemcore_ln0            (specmemcore         ) [ 00000]
specmemcore_ln0            (specmemcore         ) [ 00000]
specmemcore_ln0            (specmemcore         ) [ 00000]
specmemcore_ln0            (specmemcore         ) [ 00000]
specmemcore_ln0            (specmemcore         ) [ 00000]
specmemcore_ln0            (specmemcore         ) [ 00000]
specmemcore_ln0            (specmemcore         ) [ 00000]
specmemcore_ln0            (specmemcore         ) [ 00000]
specmemcore_ln0            (specmemcore         ) [ 00000]
specmemcore_ln0            (specmemcore         ) [ 00000]
specmemcore_ln0            (specmemcore         ) [ 00000]
specmemcore_ln0            (specmemcore         ) [ 00000]
specmemcore_ln0            (specmemcore         ) [ 00000]
specmemcore_ln0            (specmemcore         ) [ 00000]
specmemcore_ln0            (specmemcore         ) [ 00000]
specmemcore_ln0            (specmemcore         ) [ 00000]
specmemcore_ln0            (specmemcore         ) [ 00000]
specmemcore_ln0            (specmemcore         ) [ 00000]
specmemcore_ln0            (specmemcore         ) [ 00000]
specmemcore_ln0            (specmemcore         ) [ 00000]
specmemcore_ln0            (specmemcore         ) [ 00000]
specmemcore_ln0            (specmemcore         ) [ 00000]
specmemcore_ln0            (specmemcore         ) [ 00000]
specmemcore_ln0            (specmemcore         ) [ 00000]
specmemcore_ln0            (specmemcore         ) [ 00000]
specmemcore_ln0            (specmemcore         ) [ 00000]
specmemcore_ln0            (specmemcore         ) [ 00000]
specmemcore_ln0            (specmemcore         ) [ 00000]
specmemcore_ln0            (specmemcore         ) [ 00000]
specmemcore_ln0            (specmemcore         ) [ 00000]
specmemcore_ln0            (specmemcore         ) [ 00000]
specmemcore_ln0            (specmemcore         ) [ 00000]
specmemcore_ln0            (specmemcore         ) [ 00000]
specmemcore_ln0            (specmemcore         ) [ 00000]
specmemcore_ln0            (specmemcore         ) [ 00000]
specmemcore_ln0            (specmemcore         ) [ 00000]
specmemcore_ln0            (specmemcore         ) [ 00000]
specmemcore_ln0            (specmemcore         ) [ 00000]
specmemcore_ln0            (specmemcore         ) [ 00000]
specmemcore_ln0            (specmemcore         ) [ 00000]
specmemcore_ln0            (specmemcore         ) [ 00000]
specmemcore_ln0            (specmemcore         ) [ 00000]
specmemcore_ln0            (specmemcore         ) [ 00000]
specmemcore_ln0            (specmemcore         ) [ 00000]
specmemcore_ln0            (specmemcore         ) [ 00000]
specmemcore_ln0            (specmemcore         ) [ 00000]
specmemcore_ln0            (specmemcore         ) [ 00000]
specmemcore_ln0            (specmemcore         ) [ 00000]
specmemcore_ln0            (specmemcore         ) [ 00000]
specmemcore_ln0            (specmemcore         ) [ 00000]
specmemcore_ln0            (specmemcore         ) [ 00000]
specmemcore_ln0            (specmemcore         ) [ 00000]
specmemcore_ln0            (specmemcore         ) [ 00000]
specmemcore_ln0            (specmemcore         ) [ 00000]
specmemcore_ln0            (specmemcore         ) [ 00000]
specmemcore_ln0            (specmemcore         ) [ 00000]
specmemcore_ln0            (specmemcore         ) [ 00000]
specmemcore_ln0            (specmemcore         ) [ 00000]
specmemcore_ln0            (specmemcore         ) [ 00000]
specmemcore_ln0            (specmemcore         ) [ 00000]
specmemcore_ln0            (specmemcore         ) [ 00000]
specmemcore_ln0            (specmemcore         ) [ 00000]
specmemcore_ln0            (specmemcore         ) [ 00000]
specmemcore_ln0            (specmemcore         ) [ 00000]
specmemcore_ln0            (specmemcore         ) [ 00000]
specmemcore_ln0            (specmemcore         ) [ 00000]
specmemcore_ln0            (specmemcore         ) [ 00000]
specmemcore_ln0            (specmemcore         ) [ 00000]
specmemcore_ln0            (specmemcore         ) [ 00000]
specmemcore_ln0            (specmemcore         ) [ 00000]
specmemcore_ln0            (specmemcore         ) [ 00000]
specmemcore_ln0            (specmemcore         ) [ 00000]
specmemcore_ln0            (specmemcore         ) [ 00000]
specmemcore_ln0            (specmemcore         ) [ 00000]
specmemcore_ln0            (specmemcore         ) [ 00000]
specmemcore_ln0            (specmemcore         ) [ 00000]
specinterface_ln0          (specinterface       ) [ 00000]
empty                      (specchannel         ) [ 00000]
specinterface_ln0          (specinterface       ) [ 00000]
call_ln404                 (call                ) [ 00000]
ret_ln405                  (ret                 ) [ 00000]
</LifeTime>

<model>

<comp_list>
<comp id="0" class="1000" name="mem">
<pin_list>
<pin id="1" dir="1" index="0" bw="1" slack="0"/>
</pin_list>
<bind>
<StgValue><ssdm name="mem"/><MemPortTyVec>2 3 </MemPortTyVec>
</StgValue>
</bind>
</comp>

<comp id="2" class="1000" name="pr_l">
<pin_list>
<pin id="3" dir="1" index="0" bw="1" slack="0"/>
</pin_list>
<bind>
<StgValue><ssdm name="pr_l"/></StgValue>
</bind>
</comp>

<comp id="4" class="1000" name="n">
<pin_list>
<pin id="5" dir="1" index="0" bw="1" slack="0"/>
</pin_list>
<bind>
<StgValue><ssdm name="n"/></StgValue>
</bind>
</comp>

<comp id="6" class="1000" name="exp_buf_0_0">
<pin_list>
<pin id="7" dir="1" index="0" bw="1" slack="0"/>
</pin_list>
<bind>
<StgValue><ssdm name="exp_buf_0_0"/></StgValue>
</bind>
</comp>

<comp id="8" class="1000" name="exp_buf_0_1">
<pin_list>
<pin id="9" dir="1" index="0" bw="1" slack="0"/>
</pin_list>
<bind>
<StgValue><ssdm name="exp_buf_0_1"/></StgValue>
</bind>
</comp>

<comp id="10" class="1000" name="exp_buf_0_2">
<pin_list>
<pin id="11" dir="1" index="0" bw="1" slack="0"/>
</pin_list>
<bind>
<StgValue><ssdm name="exp_buf_0_2"/></StgValue>
</bind>
</comp>

<comp id="12" class="1000" name="exp_buf_0_3">
<pin_list>
<pin id="13" dir="1" index="0" bw="1" slack="0"/>
</pin_list>
<bind>
<StgValue><ssdm name="exp_buf_0_3"/></StgValue>
</bind>
</comp>

<comp id="14" class="1000" name="exp_buf_0_4">
<pin_list>
<pin id="15" dir="1" index="0" bw="1" slack="0"/>
</pin_list>
<bind>
<StgValue><ssdm name="exp_buf_0_4"/></StgValue>
</bind>
</comp>

<comp id="16" class="1000" name="exp_buf_0_5">
<pin_list>
<pin id="17" dir="1" index="0" bw="1" slack="0"/>
</pin_list>
<bind>
<StgValue><ssdm name="exp_buf_0_5"/></StgValue>
</bind>
</comp>

<comp id="18" class="1000" name="exp_buf_0_6">
<pin_list>
<pin id="19" dir="1" index="0" bw="1" slack="0"/>
</pin_list>
<bind>
<StgValue><ssdm name="exp_buf_0_6"/></StgValue>
</bind>
</comp>

<comp id="20" class="1000" name="exp_buf_0_7">
<pin_list>
<pin id="21" dir="1" index="0" bw="1" slack="0"/>
</pin_list>
<bind>
<StgValue><ssdm name="exp_buf_0_7"/></StgValue>
</bind>
</comp>

<comp id="22" class="1000" name="exp_buf_0_8">
<pin_list>
<pin id="23" dir="1" index="0" bw="1" slack="0"/>
</pin_list>
<bind>
<StgValue><ssdm name="exp_buf_0_8"/></StgValue>
</bind>
</comp>

<comp id="24" class="1000" name="exp_buf_0_9">
<pin_list>
<pin id="25" dir="1" index="0" bw="1" slack="0"/>
</pin_list>
<bind>
<StgValue><ssdm name="exp_buf_0_9"/></StgValue>
</bind>
</comp>

<comp id="26" class="1000" name="exp_buf_0_10">
<pin_list>
<pin id="27" dir="1" index="0" bw="1" slack="0"/>
</pin_list>
<bind>
<StgValue><ssdm name="exp_buf_0_10"/></StgValue>
</bind>
</comp>

<comp id="28" class="1000" name="exp_buf_0_11">
<pin_list>
<pin id="29" dir="1" index="0" bw="1" slack="0"/>
</pin_list>
<bind>
<StgValue><ssdm name="exp_buf_0_11"/></StgValue>
</bind>
</comp>

<comp id="30" class="1000" name="exp_buf_0_12">
<pin_list>
<pin id="31" dir="1" index="0" bw="1" slack="0"/>
</pin_list>
<bind>
<StgValue><ssdm name="exp_buf_0_12"/></StgValue>
</bind>
</comp>

<comp id="32" class="1000" name="exp_buf_0_13">
<pin_list>
<pin id="33" dir="1" index="0" bw="1" slack="0"/>
</pin_list>
<bind>
<StgValue><ssdm name="exp_buf_0_13"/></StgValue>
</bind>
</comp>

<comp id="34" class="1000" name="exp_buf_0_14">
<pin_list>
<pin id="35" dir="1" index="0" bw="1" slack="0"/>
</pin_list>
<bind>
<StgValue><ssdm name="exp_buf_0_14"/></StgValue>
</bind>
</comp>

<comp id="36" class="1000" name="exp_buf_0_15">
<pin_list>
<pin id="37" dir="1" index="0" bw="1" slack="0"/>
</pin_list>
<bind>
<StgValue><ssdm name="exp_buf_0_15"/></StgValue>
</bind>
</comp>

<comp id="38" class="1000" name="exp_buf_0_16">
<pin_list>
<pin id="39" dir="1" index="0" bw="1" slack="0"/>
</pin_list>
<bind>
<StgValue><ssdm name="exp_buf_0_16"/></StgValue>
</bind>
</comp>

<comp id="40" class="1000" name="exp_buf_0_17">
<pin_list>
<pin id="41" dir="1" index="0" bw="1" slack="0"/>
</pin_list>
<bind>
<StgValue><ssdm name="exp_buf_0_17"/></StgValue>
</bind>
</comp>

<comp id="42" class="1000" name="exp_buf_0_18">
<pin_list>
<pin id="43" dir="1" index="0" bw="1" slack="0"/>
</pin_list>
<bind>
<StgValue><ssdm name="exp_buf_0_18"/></StgValue>
</bind>
</comp>

<comp id="44" class="1000" name="exp_buf_0_19">
<pin_list>
<pin id="45" dir="1" index="0" bw="1" slack="0"/>
</pin_list>
<bind>
<StgValue><ssdm name="exp_buf_0_19"/></StgValue>
</bind>
</comp>

<comp id="46" class="1000" name="exp_buf_0_20">
<pin_list>
<pin id="47" dir="1" index="0" bw="1" slack="0"/>
</pin_list>
<bind>
<StgValue><ssdm name="exp_buf_0_20"/></StgValue>
</bind>
</comp>

<comp id="48" class="1000" name="exp_buf_0_21">
<pin_list>
<pin id="49" dir="1" index="0" bw="1" slack="0"/>
</pin_list>
<bind>
<StgValue><ssdm name="exp_buf_0_21"/></StgValue>
</bind>
</comp>

<comp id="50" class="1000" name="exp_buf_0_22">
<pin_list>
<pin id="51" dir="1" index="0" bw="1" slack="0"/>
</pin_list>
<bind>
<StgValue><ssdm name="exp_buf_0_22"/></StgValue>
</bind>
</comp>

<comp id="52" class="1000" name="exp_buf_0_23">
<pin_list>
<pin id="53" dir="1" index="0" bw="1" slack="0"/>
</pin_list>
<bind>
<StgValue><ssdm name="exp_buf_0_23"/></StgValue>
</bind>
</comp>

<comp id="54" class="1000" name="exp_buf_0_24">
<pin_list>
<pin id="55" dir="1" index="0" bw="1" slack="0"/>
</pin_list>
<bind>
<StgValue><ssdm name="exp_buf_0_24"/></StgValue>
</bind>
</comp>

<comp id="56" class="1000" name="exp_buf_0_25">
<pin_list>
<pin id="57" dir="1" index="0" bw="1" slack="0"/>
</pin_list>
<bind>
<StgValue><ssdm name="exp_buf_0_25"/></StgValue>
</bind>
</comp>

<comp id="58" class="1000" name="exp_buf_0_26">
<pin_list>
<pin id="59" dir="1" index="0" bw="1" slack="0"/>
</pin_list>
<bind>
<StgValue><ssdm name="exp_buf_0_26"/></StgValue>
</bind>
</comp>

<comp id="60" class="1000" name="exp_buf_0_27">
<pin_list>
<pin id="61" dir="1" index="0" bw="1" slack="0"/>
</pin_list>
<bind>
<StgValue><ssdm name="exp_buf_0_27"/></StgValue>
</bind>
</comp>

<comp id="62" class="1000" name="exp_buf_0_28">
<pin_list>
<pin id="63" dir="1" index="0" bw="1" slack="0"/>
</pin_list>
<bind>
<StgValue><ssdm name="exp_buf_0_28"/></StgValue>
</bind>
</comp>

<comp id="64" class="1000" name="exp_buf_0_29">
<pin_list>
<pin id="65" dir="1" index="0" bw="1" slack="0"/>
</pin_list>
<bind>
<StgValue><ssdm name="exp_buf_0_29"/></StgValue>
</bind>
</comp>

<comp id="66" class="1000" name="exp_buf_0_30">
<pin_list>
<pin id="67" dir="1" index="0" bw="1" slack="0"/>
</pin_list>
<bind>
<StgValue><ssdm name="exp_buf_0_30"/></StgValue>
</bind>
</comp>

<comp id="68" class="1000" name="exp_buf_0_31">
<pin_list>
<pin id="69" dir="1" index="0" bw="1" slack="0"/>
</pin_list>
<bind>
<StgValue><ssdm name="exp_buf_0_31"/></StgValue>
</bind>
</comp>

<comp id="70" class="1000" name="exp_buf_0_32">
<pin_list>
<pin id="71" dir="1" index="0" bw="1" slack="0"/>
</pin_list>
<bind>
<StgValue><ssdm name="exp_buf_0_32"/></StgValue>
</bind>
</comp>

<comp id="72" class="1000" name="exp_buf_0_33">
<pin_list>
<pin id="73" dir="1" index="0" bw="1" slack="0"/>
</pin_list>
<bind>
<StgValue><ssdm name="exp_buf_0_33"/></StgValue>
</bind>
</comp>

<comp id="74" class="1000" name="exp_buf_0_34">
<pin_list>
<pin id="75" dir="1" index="0" bw="1" slack="0"/>
</pin_list>
<bind>
<StgValue><ssdm name="exp_buf_0_34"/></StgValue>
</bind>
</comp>

<comp id="76" class="1000" name="exp_buf_0_35">
<pin_list>
<pin id="77" dir="1" index="0" bw="1" slack="0"/>
</pin_list>
<bind>
<StgValue><ssdm name="exp_buf_0_35"/></StgValue>
</bind>
</comp>

<comp id="78" class="1000" name="exp_buf_0_36">
<pin_list>
<pin id="79" dir="1" index="0" bw="1" slack="0"/>
</pin_list>
<bind>
<StgValue><ssdm name="exp_buf_0_36"/></StgValue>
</bind>
</comp>

<comp id="80" class="1000" name="exp_buf_0_37">
<pin_list>
<pin id="81" dir="1" index="0" bw="1" slack="0"/>
</pin_list>
<bind>
<StgValue><ssdm name="exp_buf_0_37"/></StgValue>
</bind>
</comp>

<comp id="82" class="1000" name="exp_buf_0_38">
<pin_list>
<pin id="83" dir="1" index="0" bw="1" slack="0"/>
</pin_list>
<bind>
<StgValue><ssdm name="exp_buf_0_38"/></StgValue>
</bind>
</comp>

<comp id="84" class="1000" name="exp_buf_0_39">
<pin_list>
<pin id="85" dir="1" index="0" bw="1" slack="0"/>
</pin_list>
<bind>
<StgValue><ssdm name="exp_buf_0_39"/></StgValue>
</bind>
</comp>

<comp id="86" class="1000" name="exp_buf_0_40">
<pin_list>
<pin id="87" dir="1" index="0" bw="1" slack="0"/>
</pin_list>
<bind>
<StgValue><ssdm name="exp_buf_0_40"/></StgValue>
</bind>
</comp>

<comp id="88" class="1000" name="exp_buf_0_41">
<pin_list>
<pin id="89" dir="1" index="0" bw="1" slack="0"/>
</pin_list>
<bind>
<StgValue><ssdm name="exp_buf_0_41"/></StgValue>
</bind>
</comp>

<comp id="90" class="1000" name="exp_buf_0_42">
<pin_list>
<pin id="91" dir="1" index="0" bw="1" slack="0"/>
</pin_list>
<bind>
<StgValue><ssdm name="exp_buf_0_42"/></StgValue>
</bind>
</comp>

<comp id="92" class="1000" name="exp_buf_0_43">
<pin_list>
<pin id="93" dir="1" index="0" bw="1" slack="0"/>
</pin_list>
<bind>
<StgValue><ssdm name="exp_buf_0_43"/></StgValue>
</bind>
</comp>

<comp id="94" class="1000" name="exp_buf_0_44">
<pin_list>
<pin id="95" dir="1" index="0" bw="1" slack="0"/>
</pin_list>
<bind>
<StgValue><ssdm name="exp_buf_0_44"/></StgValue>
</bind>
</comp>

<comp id="96" class="1000" name="exp_buf_0_45">
<pin_list>
<pin id="97" dir="1" index="0" bw="1" slack="0"/>
</pin_list>
<bind>
<StgValue><ssdm name="exp_buf_0_45"/></StgValue>
</bind>
</comp>

<comp id="98" class="1000" name="exp_buf_0_46">
<pin_list>
<pin id="99" dir="1" index="0" bw="1" slack="0"/>
</pin_list>
<bind>
<StgValue><ssdm name="exp_buf_0_46"/></StgValue>
</bind>
</comp>

<comp id="100" class="1000" name="exp_buf_0_47">
<pin_list>
<pin id="101" dir="1" index="0" bw="1" slack="0"/>
</pin_list>
<bind>
<StgValue><ssdm name="exp_buf_0_47"/></StgValue>
</bind>
</comp>

<comp id="102" class="1000" name="exp_buf_0_48">
<pin_list>
<pin id="103" dir="1" index="0" bw="1" slack="0"/>
</pin_list>
<bind>
<StgValue><ssdm name="exp_buf_0_48"/></StgValue>
</bind>
</comp>

<comp id="104" class="1000" name="exp_buf_0_49">
<pin_list>
<pin id="105" dir="1" index="0" bw="1" slack="0"/>
</pin_list>
<bind>
<StgValue><ssdm name="exp_buf_0_49"/></StgValue>
</bind>
</comp>

<comp id="106" class="1000" name="exp_buf_0_50">
<pin_list>
<pin id="107" dir="1" index="0" bw="1" slack="0"/>
</pin_list>
<bind>
<StgValue><ssdm name="exp_buf_0_50"/></StgValue>
</bind>
</comp>

<comp id="108" class="1000" name="exp_buf_0_51">
<pin_list>
<pin id="109" dir="1" index="0" bw="1" slack="0"/>
</pin_list>
<bind>
<StgValue><ssdm name="exp_buf_0_51"/></StgValue>
</bind>
</comp>

<comp id="110" class="1000" name="exp_buf_0_52">
<pin_list>
<pin id="111" dir="1" index="0" bw="1" slack="0"/>
</pin_list>
<bind>
<StgValue><ssdm name="exp_buf_0_52"/></StgValue>
</bind>
</comp>

<comp id="112" class="1000" name="exp_buf_0_53">
<pin_list>
<pin id="113" dir="1" index="0" bw="1" slack="0"/>
</pin_list>
<bind>
<StgValue><ssdm name="exp_buf_0_53"/></StgValue>
</bind>
</comp>

<comp id="114" class="1000" name="exp_buf_0_54">
<pin_list>
<pin id="115" dir="1" index="0" bw="1" slack="0"/>
</pin_list>
<bind>
<StgValue><ssdm name="exp_buf_0_54"/></StgValue>
</bind>
</comp>

<comp id="116" class="1000" name="exp_buf_0_55">
<pin_list>
<pin id="117" dir="1" index="0" bw="1" slack="0"/>
</pin_list>
<bind>
<StgValue><ssdm name="exp_buf_0_55"/></StgValue>
</bind>
</comp>

<comp id="118" class="1000" name="exp_buf_0_56">
<pin_list>
<pin id="119" dir="1" index="0" bw="1" slack="0"/>
</pin_list>
<bind>
<StgValue><ssdm name="exp_buf_0_56"/></StgValue>
</bind>
</comp>

<comp id="120" class="1000" name="exp_buf_0_57">
<pin_list>
<pin id="121" dir="1" index="0" bw="1" slack="0"/>
</pin_list>
<bind>
<StgValue><ssdm name="exp_buf_0_57"/></StgValue>
</bind>
</comp>

<comp id="122" class="1000" name="exp_buf_0_58">
<pin_list>
<pin id="123" dir="1" index="0" bw="1" slack="0"/>
</pin_list>
<bind>
<StgValue><ssdm name="exp_buf_0_58"/></StgValue>
</bind>
</comp>

<comp id="124" class="1000" name="exp_buf_0_59">
<pin_list>
<pin id="125" dir="1" index="0" bw="1" slack="0"/>
</pin_list>
<bind>
<StgValue><ssdm name="exp_buf_0_59"/></StgValue>
</bind>
</comp>

<comp id="126" class="1000" name="exp_buf_0_60">
<pin_list>
<pin id="127" dir="1" index="0" bw="1" slack="0"/>
</pin_list>
<bind>
<StgValue><ssdm name="exp_buf_0_60"/></StgValue>
</bind>
</comp>

<comp id="128" class="1000" name="exp_buf_0_61">
<pin_list>
<pin id="129" dir="1" index="0" bw="1" slack="0"/>
</pin_list>
<bind>
<StgValue><ssdm name="exp_buf_0_61"/></StgValue>
</bind>
</comp>

<comp id="130" class="1000" name="exp_buf_0_62">
<pin_list>
<pin id="131" dir="1" index="0" bw="1" slack="0"/>
</pin_list>
<bind>
<StgValue><ssdm name="exp_buf_0_62"/></StgValue>
</bind>
</comp>

<comp id="132" class="1000" name="exp_buf_0_63">
<pin_list>
<pin id="133" dir="1" index="0" bw="1" slack="0"/>
</pin_list>
<bind>
<StgValue><ssdm name="exp_buf_0_63"/></StgValue>
</bind>
</comp>

<comp id="134" class="1000" name="exp_buf_1_0">
<pin_list>
<pin id="135" dir="1" index="0" bw="1" slack="0"/>
</pin_list>
<bind>
<StgValue><ssdm name="exp_buf_1_0"/></StgValue>
</bind>
</comp>

<comp id="136" class="1000" name="exp_buf_1_1">
<pin_list>
<pin id="137" dir="1" index="0" bw="1" slack="0"/>
</pin_list>
<bind>
<StgValue><ssdm name="exp_buf_1_1"/></StgValue>
</bind>
</comp>

<comp id="138" class="1000" name="exp_buf_1_2">
<pin_list>
<pin id="139" dir="1" index="0" bw="1" slack="0"/>
</pin_list>
<bind>
<StgValue><ssdm name="exp_buf_1_2"/></StgValue>
</bind>
</comp>

<comp id="140" class="1000" name="exp_buf_1_3">
<pin_list>
<pin id="141" dir="1" index="0" bw="1" slack="0"/>
</pin_list>
<bind>
<StgValue><ssdm name="exp_buf_1_3"/></StgValue>
</bind>
</comp>

<comp id="142" class="1000" name="exp_buf_1_4">
<pin_list>
<pin id="143" dir="1" index="0" bw="1" slack="0"/>
</pin_list>
<bind>
<StgValue><ssdm name="exp_buf_1_4"/></StgValue>
</bind>
</comp>

<comp id="144" class="1000" name="exp_buf_1_5">
<pin_list>
<pin id="145" dir="1" index="0" bw="1" slack="0"/>
</pin_list>
<bind>
<StgValue><ssdm name="exp_buf_1_5"/></StgValue>
</bind>
</comp>

<comp id="146" class="1000" name="exp_buf_1_6">
<pin_list>
<pin id="147" dir="1" index="0" bw="1" slack="0"/>
</pin_list>
<bind>
<StgValue><ssdm name="exp_buf_1_6"/></StgValue>
</bind>
</comp>

<comp id="148" class="1000" name="exp_buf_1_7">
<pin_list>
<pin id="149" dir="1" index="0" bw="1" slack="0"/>
</pin_list>
<bind>
<StgValue><ssdm name="exp_buf_1_7"/></StgValue>
</bind>
</comp>

<comp id="150" class="1000" name="exp_buf_1_8">
<pin_list>
<pin id="151" dir="1" index="0" bw="1" slack="0"/>
</pin_list>
<bind>
<StgValue><ssdm name="exp_buf_1_8"/></StgValue>
</bind>
</comp>

<comp id="152" class="1000" name="exp_buf_1_9">
<pin_list>
<pin id="153" dir="1" index="0" bw="1" slack="0"/>
</pin_list>
<bind>
<StgValue><ssdm name="exp_buf_1_9"/></StgValue>
</bind>
</comp>

<comp id="154" class="1000" name="exp_buf_1_10">
<pin_list>
<pin id="155" dir="1" index="0" bw="1" slack="0"/>
</pin_list>
<bind>
<StgValue><ssdm name="exp_buf_1_10"/></StgValue>
</bind>
</comp>

<comp id="156" class="1000" name="exp_buf_1_11">
<pin_list>
<pin id="157" dir="1" index="0" bw="1" slack="0"/>
</pin_list>
<bind>
<StgValue><ssdm name="exp_buf_1_11"/></StgValue>
</bind>
</comp>

<comp id="158" class="1000" name="exp_buf_1_12">
<pin_list>
<pin id="159" dir="1" index="0" bw="1" slack="0"/>
</pin_list>
<bind>
<StgValue><ssdm name="exp_buf_1_12"/></StgValue>
</bind>
</comp>

<comp id="160" class="1000" name="exp_buf_1_13">
<pin_list>
<pin id="161" dir="1" index="0" bw="1" slack="0"/>
</pin_list>
<bind>
<StgValue><ssdm name="exp_buf_1_13"/></StgValue>
</bind>
</comp>

<comp id="162" class="1000" name="exp_buf_1_14">
<pin_list>
<pin id="163" dir="1" index="0" bw="1" slack="0"/>
</pin_list>
<bind>
<StgValue><ssdm name="exp_buf_1_14"/></StgValue>
</bind>
</comp>

<comp id="164" class="1000" name="exp_buf_1_15">
<pin_list>
<pin id="165" dir="1" index="0" bw="1" slack="0"/>
</pin_list>
<bind>
<StgValue><ssdm name="exp_buf_1_15"/></StgValue>
</bind>
</comp>

<comp id="166" class="1000" name="exp_buf_1_16">
<pin_list>
<pin id="167" dir="1" index="0" bw="1" slack="0"/>
</pin_list>
<bind>
<StgValue><ssdm name="exp_buf_1_16"/></StgValue>
</bind>
</comp>

<comp id="168" class="1000" name="exp_buf_1_17">
<pin_list>
<pin id="169" dir="1" index="0" bw="1" slack="0"/>
</pin_list>
<bind>
<StgValue><ssdm name="exp_buf_1_17"/></StgValue>
</bind>
</comp>

<comp id="170" class="1000" name="exp_buf_1_18">
<pin_list>
<pin id="171" dir="1" index="0" bw="1" slack="0"/>
</pin_list>
<bind>
<StgValue><ssdm name="exp_buf_1_18"/></StgValue>
</bind>
</comp>

<comp id="172" class="1000" name="exp_buf_1_19">
<pin_list>
<pin id="173" dir="1" index="0" bw="1" slack="0"/>
</pin_list>
<bind>
<StgValue><ssdm name="exp_buf_1_19"/></StgValue>
</bind>
</comp>

<comp id="174" class="1000" name="exp_buf_1_20">
<pin_list>
<pin id="175" dir="1" index="0" bw="1" slack="0"/>
</pin_list>
<bind>
<StgValue><ssdm name="exp_buf_1_20"/></StgValue>
</bind>
</comp>

<comp id="176" class="1000" name="exp_buf_1_21">
<pin_list>
<pin id="177" dir="1" index="0" bw="1" slack="0"/>
</pin_list>
<bind>
<StgValue><ssdm name="exp_buf_1_21"/></StgValue>
</bind>
</comp>

<comp id="178" class="1000" name="exp_buf_1_22">
<pin_list>
<pin id="179" dir="1" index="0" bw="1" slack="0"/>
</pin_list>
<bind>
<StgValue><ssdm name="exp_buf_1_22"/></StgValue>
</bind>
</comp>

<comp id="180" class="1000" name="exp_buf_1_23">
<pin_list>
<pin id="181" dir="1" index="0" bw="1" slack="0"/>
</pin_list>
<bind>
<StgValue><ssdm name="exp_buf_1_23"/></StgValue>
</bind>
</comp>

<comp id="182" class="1000" name="exp_buf_1_24">
<pin_list>
<pin id="183" dir="1" index="0" bw="1" slack="0"/>
</pin_list>
<bind>
<StgValue><ssdm name="exp_buf_1_24"/></StgValue>
</bind>
</comp>

<comp id="184" class="1000" name="exp_buf_1_25">
<pin_list>
<pin id="185" dir="1" index="0" bw="1" slack="0"/>
</pin_list>
<bind>
<StgValue><ssdm name="exp_buf_1_25"/></StgValue>
</bind>
</comp>

<comp id="186" class="1000" name="exp_buf_1_26">
<pin_list>
<pin id="187" dir="1" index="0" bw="1" slack="0"/>
</pin_list>
<bind>
<StgValue><ssdm name="exp_buf_1_26"/></StgValue>
</bind>
</comp>

<comp id="188" class="1000" name="exp_buf_1_27">
<pin_list>
<pin id="189" dir="1" index="0" bw="1" slack="0"/>
</pin_list>
<bind>
<StgValue><ssdm name="exp_buf_1_27"/></StgValue>
</bind>
</comp>

<comp id="190" class="1000" name="exp_buf_1_28">
<pin_list>
<pin id="191" dir="1" index="0" bw="1" slack="0"/>
</pin_list>
<bind>
<StgValue><ssdm name="exp_buf_1_28"/></StgValue>
</bind>
</comp>

<comp id="192" class="1000" name="exp_buf_1_29">
<pin_list>
<pin id="193" dir="1" index="0" bw="1" slack="0"/>
</pin_list>
<bind>
<StgValue><ssdm name="exp_buf_1_29"/></StgValue>
</bind>
</comp>

<comp id="194" class="1000" name="exp_buf_1_30">
<pin_list>
<pin id="195" dir="1" index="0" bw="1" slack="0"/>
</pin_list>
<bind>
<StgValue><ssdm name="exp_buf_1_30"/></StgValue>
</bind>
</comp>

<comp id="196" class="1000" name="exp_buf_1_31">
<pin_list>
<pin id="197" dir="1" index="0" bw="1" slack="0"/>
</pin_list>
<bind>
<StgValue><ssdm name="exp_buf_1_31"/></StgValue>
</bind>
</comp>

<comp id="198" class="1000" name="exp_buf_1_32">
<pin_list>
<pin id="199" dir="1" index="0" bw="1" slack="0"/>
</pin_list>
<bind>
<StgValue><ssdm name="exp_buf_1_32"/></StgValue>
</bind>
</comp>

<comp id="200" class="1000" name="exp_buf_1_33">
<pin_list>
<pin id="201" dir="1" index="0" bw="1" slack="0"/>
</pin_list>
<bind>
<StgValue><ssdm name="exp_buf_1_33"/></StgValue>
</bind>
</comp>

<comp id="202" class="1000" name="exp_buf_1_34">
<pin_list>
<pin id="203" dir="1" index="0" bw="1" slack="0"/>
</pin_list>
<bind>
<StgValue><ssdm name="exp_buf_1_34"/></StgValue>
</bind>
</comp>

<comp id="204" class="1000" name="exp_buf_1_35">
<pin_list>
<pin id="205" dir="1" index="0" bw="1" slack="0"/>
</pin_list>
<bind>
<StgValue><ssdm name="exp_buf_1_35"/></StgValue>
</bind>
</comp>

<comp id="206" class="1000" name="exp_buf_1_36">
<pin_list>
<pin id="207" dir="1" index="0" bw="1" slack="0"/>
</pin_list>
<bind>
<StgValue><ssdm name="exp_buf_1_36"/></StgValue>
</bind>
</comp>

<comp id="208" class="1000" name="exp_buf_1_37">
<pin_list>
<pin id="209" dir="1" index="0" bw="1" slack="0"/>
</pin_list>
<bind>
<StgValue><ssdm name="exp_buf_1_37"/></StgValue>
</bind>
</comp>

<comp id="210" class="1000" name="exp_buf_1_38">
<pin_list>
<pin id="211" dir="1" index="0" bw="1" slack="0"/>
</pin_list>
<bind>
<StgValue><ssdm name="exp_buf_1_38"/></StgValue>
</bind>
</comp>

<comp id="212" class="1000" name="exp_buf_1_39">
<pin_list>
<pin id="213" dir="1" index="0" bw="1" slack="0"/>
</pin_list>
<bind>
<StgValue><ssdm name="exp_buf_1_39"/></StgValue>
</bind>
</comp>

<comp id="214" class="1000" name="exp_buf_1_40">
<pin_list>
<pin id="215" dir="1" index="0" bw="1" slack="0"/>
</pin_list>
<bind>
<StgValue><ssdm name="exp_buf_1_40"/></StgValue>
</bind>
</comp>

<comp id="216" class="1000" name="exp_buf_1_41">
<pin_list>
<pin id="217" dir="1" index="0" bw="1" slack="0"/>
</pin_list>
<bind>
<StgValue><ssdm name="exp_buf_1_41"/></StgValue>
</bind>
</comp>

<comp id="218" class="1000" name="exp_buf_1_42">
<pin_list>
<pin id="219" dir="1" index="0" bw="1" slack="0"/>
</pin_list>
<bind>
<StgValue><ssdm name="exp_buf_1_42"/></StgValue>
</bind>
</comp>

<comp id="220" class="1000" name="exp_buf_1_43">
<pin_list>
<pin id="221" dir="1" index="0" bw="1" slack="0"/>
</pin_list>
<bind>
<StgValue><ssdm name="exp_buf_1_43"/></StgValue>
</bind>
</comp>

<comp id="222" class="1000" name="exp_buf_1_44">
<pin_list>
<pin id="223" dir="1" index="0" bw="1" slack="0"/>
</pin_list>
<bind>
<StgValue><ssdm name="exp_buf_1_44"/></StgValue>
</bind>
</comp>

<comp id="224" class="1000" name="exp_buf_1_45">
<pin_list>
<pin id="225" dir="1" index="0" bw="1" slack="0"/>
</pin_list>
<bind>
<StgValue><ssdm name="exp_buf_1_45"/></StgValue>
</bind>
</comp>

<comp id="226" class="1000" name="exp_buf_1_46">
<pin_list>
<pin id="227" dir="1" index="0" bw="1" slack="0"/>
</pin_list>
<bind>
<StgValue><ssdm name="exp_buf_1_46"/></StgValue>
</bind>
</comp>

<comp id="228" class="1000" name="exp_buf_1_47">
<pin_list>
<pin id="229" dir="1" index="0" bw="1" slack="0"/>
</pin_list>
<bind>
<StgValue><ssdm name="exp_buf_1_47"/></StgValue>
</bind>
</comp>

<comp id="230" class="1000" name="exp_buf_1_48">
<pin_list>
<pin id="231" dir="1" index="0" bw="1" slack="0"/>
</pin_list>
<bind>
<StgValue><ssdm name="exp_buf_1_48"/></StgValue>
</bind>
</comp>

<comp id="232" class="1000" name="exp_buf_1_49">
<pin_list>
<pin id="233" dir="1" index="0" bw="1" slack="0"/>
</pin_list>
<bind>
<StgValue><ssdm name="exp_buf_1_49"/></StgValue>
</bind>
</comp>

<comp id="234" class="1000" name="exp_buf_1_50">
<pin_list>
<pin id="235" dir="1" index="0" bw="1" slack="0"/>
</pin_list>
<bind>
<StgValue><ssdm name="exp_buf_1_50"/></StgValue>
</bind>
</comp>

<comp id="236" class="1000" name="exp_buf_1_51">
<pin_list>
<pin id="237" dir="1" index="0" bw="1" slack="0"/>
</pin_list>
<bind>
<StgValue><ssdm name="exp_buf_1_51"/></StgValue>
</bind>
</comp>

<comp id="238" class="1000" name="exp_buf_1_52">
<pin_list>
<pin id="239" dir="1" index="0" bw="1" slack="0"/>
</pin_list>
<bind>
<StgValue><ssdm name="exp_buf_1_52"/></StgValue>
</bind>
</comp>

<comp id="240" class="1000" name="exp_buf_1_53">
<pin_list>
<pin id="241" dir="1" index="0" bw="1" slack="0"/>
</pin_list>
<bind>
<StgValue><ssdm name="exp_buf_1_53"/></StgValue>
</bind>
</comp>

<comp id="242" class="1000" name="exp_buf_1_54">
<pin_list>
<pin id="243" dir="1" index="0" bw="1" slack="0"/>
</pin_list>
<bind>
<StgValue><ssdm name="exp_buf_1_54"/></StgValue>
</bind>
</comp>

<comp id="244" class="1000" name="exp_buf_1_55">
<pin_list>
<pin id="245" dir="1" index="0" bw="1" slack="0"/>
</pin_list>
<bind>
<StgValue><ssdm name="exp_buf_1_55"/></StgValue>
</bind>
</comp>

<comp id="246" class="1000" name="exp_buf_1_56">
<pin_list>
<pin id="247" dir="1" index="0" bw="1" slack="0"/>
</pin_list>
<bind>
<StgValue><ssdm name="exp_buf_1_56"/></StgValue>
</bind>
</comp>

<comp id="248" class="1000" name="exp_buf_1_57">
<pin_list>
<pin id="249" dir="1" index="0" bw="1" slack="0"/>
</pin_list>
<bind>
<StgValue><ssdm name="exp_buf_1_57"/></StgValue>
</bind>
</comp>

<comp id="250" class="1000" name="exp_buf_1_58">
<pin_list>
<pin id="251" dir="1" index="0" bw="1" slack="0"/>
</pin_list>
<bind>
<StgValue><ssdm name="exp_buf_1_58"/></StgValue>
</bind>
</comp>

<comp id="252" class="1000" name="exp_buf_1_59">
<pin_list>
<pin id="253" dir="1" index="0" bw="1" slack="0"/>
</pin_list>
<bind>
<StgValue><ssdm name="exp_buf_1_59"/></StgValue>
</bind>
</comp>

<comp id="254" class="1000" name="exp_buf_1_60">
<pin_list>
<pin id="255" dir="1" index="0" bw="1" slack="0"/>
</pin_list>
<bind>
<StgValue><ssdm name="exp_buf_1_60"/></StgValue>
</bind>
</comp>

<comp id="256" class="1000" name="exp_buf_1_61">
<pin_list>
<pin id="257" dir="1" index="0" bw="1" slack="0"/>
</pin_list>
<bind>
<StgValue><ssdm name="exp_buf_1_61"/></StgValue>
</bind>
</comp>

<comp id="258" class="1000" name="exp_buf_1_62">
<pin_list>
<pin id="259" dir="1" index="0" bw="1" slack="0"/>
</pin_list>
<bind>
<StgValue><ssdm name="exp_buf_1_62"/></StgValue>
</bind>
</comp>

<comp id="260" class="1000" name="exp_buf_1_63">
<pin_list>
<pin id="261" dir="1" index="0" bw="1" slack="0"/>
</pin_list>
<bind>
<StgValue><ssdm name="exp_buf_1_63"/></StgValue>
</bind>
</comp>

<comp id="262" class="1000" name="exp_buf_2_0">
<pin_list>
<pin id="263" dir="1" index="0" bw="1" slack="0"/>
</pin_list>
<bind>
<StgValue><ssdm name="exp_buf_2_0"/></StgValue>
</bind>
</comp>

<comp id="264" class="1000" name="exp_buf_2_1">
<pin_list>
<pin id="265" dir="1" index="0" bw="1" slack="0"/>
</pin_list>
<bind>
<StgValue><ssdm name="exp_buf_2_1"/></StgValue>
</bind>
</comp>

<comp id="266" class="1000" name="exp_buf_2_2">
<pin_list>
<pin id="267" dir="1" index="0" bw="1" slack="0"/>
</pin_list>
<bind>
<StgValue><ssdm name="exp_buf_2_2"/></StgValue>
</bind>
</comp>

<comp id="268" class="1000" name="exp_buf_2_3">
<pin_list>
<pin id="269" dir="1" index="0" bw="1" slack="0"/>
</pin_list>
<bind>
<StgValue><ssdm name="exp_buf_2_3"/></StgValue>
</bind>
</comp>

<comp id="270" class="1000" name="exp_buf_2_4">
<pin_list>
<pin id="271" dir="1" index="0" bw="1" slack="0"/>
</pin_list>
<bind>
<StgValue><ssdm name="exp_buf_2_4"/></StgValue>
</bind>
</comp>

<comp id="272" class="1000" name="exp_buf_2_5">
<pin_list>
<pin id="273" dir="1" index="0" bw="1" slack="0"/>
</pin_list>
<bind>
<StgValue><ssdm name="exp_buf_2_5"/></StgValue>
</bind>
</comp>

<comp id="274" class="1000" name="exp_buf_2_6">
<pin_list>
<pin id="275" dir="1" index="0" bw="1" slack="0"/>
</pin_list>
<bind>
<StgValue><ssdm name="exp_buf_2_6"/></StgValue>
</bind>
</comp>

<comp id="276" class="1000" name="exp_buf_2_7">
<pin_list>
<pin id="277" dir="1" index="0" bw="1" slack="0"/>
</pin_list>
<bind>
<StgValue><ssdm name="exp_buf_2_7"/></StgValue>
</bind>
</comp>

<comp id="278" class="1000" name="exp_buf_2_8">
<pin_list>
<pin id="279" dir="1" index="0" bw="1" slack="0"/>
</pin_list>
<bind>
<StgValue><ssdm name="exp_buf_2_8"/></StgValue>
</bind>
</comp>

<comp id="280" class="1000" name="exp_buf_2_9">
<pin_list>
<pin id="281" dir="1" index="0" bw="1" slack="0"/>
</pin_list>
<bind>
<StgValue><ssdm name="exp_buf_2_9"/></StgValue>
</bind>
</comp>

<comp id="282" class="1000" name="exp_buf_2_10">
<pin_list>
<pin id="283" dir="1" index="0" bw="1" slack="0"/>
</pin_list>
<bind>
<StgValue><ssdm name="exp_buf_2_10"/></StgValue>
</bind>
</comp>

<comp id="284" class="1000" name="exp_buf_2_11">
<pin_list>
<pin id="285" dir="1" index="0" bw="1" slack="0"/>
</pin_list>
<bind>
<StgValue><ssdm name="exp_buf_2_11"/></StgValue>
</bind>
</comp>

<comp id="286" class="1000" name="exp_buf_2_12">
<pin_list>
<pin id="287" dir="1" index="0" bw="1" slack="0"/>
</pin_list>
<bind>
<StgValue><ssdm name="exp_buf_2_12"/></StgValue>
</bind>
</comp>

<comp id="288" class="1000" name="exp_buf_2_13">
<pin_list>
<pin id="289" dir="1" index="0" bw="1" slack="0"/>
</pin_list>
<bind>
<StgValue><ssdm name="exp_buf_2_13"/></StgValue>
</bind>
</comp>

<comp id="290" class="1000" name="exp_buf_2_14">
<pin_list>
<pin id="291" dir="1" index="0" bw="1" slack="0"/>
</pin_list>
<bind>
<StgValue><ssdm name="exp_buf_2_14"/></StgValue>
</bind>
</comp>

<comp id="292" class="1000" name="exp_buf_2_15">
<pin_list>
<pin id="293" dir="1" index="0" bw="1" slack="0"/>
</pin_list>
<bind>
<StgValue><ssdm name="exp_buf_2_15"/></StgValue>
</bind>
</comp>

<comp id="294" class="1000" name="exp_buf_2_16">
<pin_list>
<pin id="295" dir="1" index="0" bw="1" slack="0"/>
</pin_list>
<bind>
<StgValue><ssdm name="exp_buf_2_16"/></StgValue>
</bind>
</comp>

<comp id="296" class="1000" name="exp_buf_2_17">
<pin_list>
<pin id="297" dir="1" index="0" bw="1" slack="0"/>
</pin_list>
<bind>
<StgValue><ssdm name="exp_buf_2_17"/></StgValue>
</bind>
</comp>

<comp id="298" class="1000" name="exp_buf_2_18">
<pin_list>
<pin id="299" dir="1" index="0" bw="1" slack="0"/>
</pin_list>
<bind>
<StgValue><ssdm name="exp_buf_2_18"/></StgValue>
</bind>
</comp>

<comp id="300" class="1000" name="exp_buf_2_19">
<pin_list>
<pin id="301" dir="1" index="0" bw="1" slack="0"/>
</pin_list>
<bind>
<StgValue><ssdm name="exp_buf_2_19"/></StgValue>
</bind>
</comp>

<comp id="302" class="1000" name="exp_buf_2_20">
<pin_list>
<pin id="303" dir="1" index="0" bw="1" slack="0"/>
</pin_list>
<bind>
<StgValue><ssdm name="exp_buf_2_20"/></StgValue>
</bind>
</comp>

<comp id="304" class="1000" name="exp_buf_2_21">
<pin_list>
<pin id="305" dir="1" index="0" bw="1" slack="0"/>
</pin_list>
<bind>
<StgValue><ssdm name="exp_buf_2_21"/></StgValue>
</bind>
</comp>

<comp id="306" class="1000" name="exp_buf_2_22">
<pin_list>
<pin id="307" dir="1" index="0" bw="1" slack="0"/>
</pin_list>
<bind>
<StgValue><ssdm name="exp_buf_2_22"/></StgValue>
</bind>
</comp>

<comp id="308" class="1000" name="exp_buf_2_23">
<pin_list>
<pin id="309" dir="1" index="0" bw="1" slack="0"/>
</pin_list>
<bind>
<StgValue><ssdm name="exp_buf_2_23"/></StgValue>
</bind>
</comp>

<comp id="310" class="1000" name="exp_buf_2_24">
<pin_list>
<pin id="311" dir="1" index="0" bw="1" slack="0"/>
</pin_list>
<bind>
<StgValue><ssdm name="exp_buf_2_24"/></StgValue>
</bind>
</comp>

<comp id="312" class="1000" name="exp_buf_2_25">
<pin_list>
<pin id="313" dir="1" index="0" bw="1" slack="0"/>
</pin_list>
<bind>
<StgValue><ssdm name="exp_buf_2_25"/></StgValue>
</bind>
</comp>

<comp id="314" class="1000" name="exp_buf_2_26">
<pin_list>
<pin id="315" dir="1" index="0" bw="1" slack="0"/>
</pin_list>
<bind>
<StgValue><ssdm name="exp_buf_2_26"/></StgValue>
</bind>
</comp>

<comp id="316" class="1000" name="exp_buf_2_27">
<pin_list>
<pin id="317" dir="1" index="0" bw="1" slack="0"/>
</pin_list>
<bind>
<StgValue><ssdm name="exp_buf_2_27"/></StgValue>
</bind>
</comp>

<comp id="318" class="1000" name="exp_buf_2_28">
<pin_list>
<pin id="319" dir="1" index="0" bw="1" slack="0"/>
</pin_list>
<bind>
<StgValue><ssdm name="exp_buf_2_28"/></StgValue>
</bind>
</comp>

<comp id="320" class="1000" name="exp_buf_2_29">
<pin_list>
<pin id="321" dir="1" index="0" bw="1" slack="0"/>
</pin_list>
<bind>
<StgValue><ssdm name="exp_buf_2_29"/></StgValue>
</bind>
</comp>

<comp id="322" class="1000" name="exp_buf_2_30">
<pin_list>
<pin id="323" dir="1" index="0" bw="1" slack="0"/>
</pin_list>
<bind>
<StgValue><ssdm name="exp_buf_2_30"/></StgValue>
</bind>
</comp>

<comp id="324" class="1000" name="exp_buf_2_31">
<pin_list>
<pin id="325" dir="1" index="0" bw="1" slack="0"/>
</pin_list>
<bind>
<StgValue><ssdm name="exp_buf_2_31"/></StgValue>
</bind>
</comp>

<comp id="326" class="1000" name="exp_buf_2_32">
<pin_list>
<pin id="327" dir="1" index="0" bw="1" slack="0"/>
</pin_list>
<bind>
<StgValue><ssdm name="exp_buf_2_32"/></StgValue>
</bind>
</comp>

<comp id="328" class="1000" name="exp_buf_2_33">
<pin_list>
<pin id="329" dir="1" index="0" bw="1" slack="0"/>
</pin_list>
<bind>
<StgValue><ssdm name="exp_buf_2_33"/></StgValue>
</bind>
</comp>

<comp id="330" class="1000" name="exp_buf_2_34">
<pin_list>
<pin id="331" dir="1" index="0" bw="1" slack="0"/>
</pin_list>
<bind>
<StgValue><ssdm name="exp_buf_2_34"/></StgValue>
</bind>
</comp>

<comp id="332" class="1000" name="exp_buf_2_35">
<pin_list>
<pin id="333" dir="1" index="0" bw="1" slack="0"/>
</pin_list>
<bind>
<StgValue><ssdm name="exp_buf_2_35"/></StgValue>
</bind>
</comp>

<comp id="334" class="1000" name="exp_buf_2_36">
<pin_list>
<pin id="335" dir="1" index="0" bw="1" slack="0"/>
</pin_list>
<bind>
<StgValue><ssdm name="exp_buf_2_36"/></StgValue>
</bind>
</comp>

<comp id="336" class="1000" name="exp_buf_2_37">
<pin_list>
<pin id="337" dir="1" index="0" bw="1" slack="0"/>
</pin_list>
<bind>
<StgValue><ssdm name="exp_buf_2_37"/></StgValue>
</bind>
</comp>

<comp id="338" class="1000" name="exp_buf_2_38">
<pin_list>
<pin id="339" dir="1" index="0" bw="1" slack="0"/>
</pin_list>
<bind>
<StgValue><ssdm name="exp_buf_2_38"/></StgValue>
</bind>
</comp>

<comp id="340" class="1000" name="exp_buf_2_39">
<pin_list>
<pin id="341" dir="1" index="0" bw="1" slack="0"/>
</pin_list>
<bind>
<StgValue><ssdm name="exp_buf_2_39"/></StgValue>
</bind>
</comp>

<comp id="342" class="1000" name="exp_buf_2_40">
<pin_list>
<pin id="343" dir="1" index="0" bw="1" slack="0"/>
</pin_list>
<bind>
<StgValue><ssdm name="exp_buf_2_40"/></StgValue>
</bind>
</comp>

<comp id="344" class="1000" name="exp_buf_2_41">
<pin_list>
<pin id="345" dir="1" index="0" bw="1" slack="0"/>
</pin_list>
<bind>
<StgValue><ssdm name="exp_buf_2_41"/></StgValue>
</bind>
</comp>

<comp id="346" class="1000" name="exp_buf_2_42">
<pin_list>
<pin id="347" dir="1" index="0" bw="1" slack="0"/>
</pin_list>
<bind>
<StgValue><ssdm name="exp_buf_2_42"/></StgValue>
</bind>
</comp>

<comp id="348" class="1000" name="exp_buf_2_43">
<pin_list>
<pin id="349" dir="1" index="0" bw="1" slack="0"/>
</pin_list>
<bind>
<StgValue><ssdm name="exp_buf_2_43"/></StgValue>
</bind>
</comp>

<comp id="350" class="1000" name="exp_buf_2_44">
<pin_list>
<pin id="351" dir="1" index="0" bw="1" slack="0"/>
</pin_list>
<bind>
<StgValue><ssdm name="exp_buf_2_44"/></StgValue>
</bind>
</comp>

<comp id="352" class="1000" name="exp_buf_2_45">
<pin_list>
<pin id="353" dir="1" index="0" bw="1" slack="0"/>
</pin_list>
<bind>
<StgValue><ssdm name="exp_buf_2_45"/></StgValue>
</bind>
</comp>

<comp id="354" class="1000" name="exp_buf_2_46">
<pin_list>
<pin id="355" dir="1" index="0" bw="1" slack="0"/>
</pin_list>
<bind>
<StgValue><ssdm name="exp_buf_2_46"/></StgValue>
</bind>
</comp>

<comp id="356" class="1000" name="exp_buf_2_47">
<pin_list>
<pin id="357" dir="1" index="0" bw="1" slack="0"/>
</pin_list>
<bind>
<StgValue><ssdm name="exp_buf_2_47"/></StgValue>
</bind>
</comp>

<comp id="358" class="1000" name="exp_buf_2_48">
<pin_list>
<pin id="359" dir="1" index="0" bw="1" slack="0"/>
</pin_list>
<bind>
<StgValue><ssdm name="exp_buf_2_48"/></StgValue>
</bind>
</comp>

<comp id="360" class="1000" name="exp_buf_2_49">
<pin_list>
<pin id="361" dir="1" index="0" bw="1" slack="0"/>
</pin_list>
<bind>
<StgValue><ssdm name="exp_buf_2_49"/></StgValue>
</bind>
</comp>

<comp id="362" class="1000" name="exp_buf_2_50">
<pin_list>
<pin id="363" dir="1" index="0" bw="1" slack="0"/>
</pin_list>
<bind>
<StgValue><ssdm name="exp_buf_2_50"/></StgValue>
</bind>
</comp>

<comp id="364" class="1000" name="exp_buf_2_51">
<pin_list>
<pin id="365" dir="1" index="0" bw="1" slack="0"/>
</pin_list>
<bind>
<StgValue><ssdm name="exp_buf_2_51"/></StgValue>
</bind>
</comp>

<comp id="366" class="1000" name="exp_buf_2_52">
<pin_list>
<pin id="367" dir="1" index="0" bw="1" slack="0"/>
</pin_list>
<bind>
<StgValue><ssdm name="exp_buf_2_52"/></StgValue>
</bind>
</comp>

<comp id="368" class="1000" name="exp_buf_2_53">
<pin_list>
<pin id="369" dir="1" index="0" bw="1" slack="0"/>
</pin_list>
<bind>
<StgValue><ssdm name="exp_buf_2_53"/></StgValue>
</bind>
</comp>

<comp id="370" class="1000" name="exp_buf_2_54">
<pin_list>
<pin id="371" dir="1" index="0" bw="1" slack="0"/>
</pin_list>
<bind>
<StgValue><ssdm name="exp_buf_2_54"/></StgValue>
</bind>
</comp>

<comp id="372" class="1000" name="exp_buf_2_55">
<pin_list>
<pin id="373" dir="1" index="0" bw="1" slack="0"/>
</pin_list>
<bind>
<StgValue><ssdm name="exp_buf_2_55"/></StgValue>
</bind>
</comp>

<comp id="374" class="1000" name="exp_buf_2_56">
<pin_list>
<pin id="375" dir="1" index="0" bw="1" slack="0"/>
</pin_list>
<bind>
<StgValue><ssdm name="exp_buf_2_56"/></StgValue>
</bind>
</comp>

<comp id="376" class="1000" name="exp_buf_2_57">
<pin_list>
<pin id="377" dir="1" index="0" bw="1" slack="0"/>
</pin_list>
<bind>
<StgValue><ssdm name="exp_buf_2_57"/></StgValue>
</bind>
</comp>

<comp id="378" class="1000" name="exp_buf_2_58">
<pin_list>
<pin id="379" dir="1" index="0" bw="1" slack="0"/>
</pin_list>
<bind>
<StgValue><ssdm name="exp_buf_2_58"/></StgValue>
</bind>
</comp>

<comp id="380" class="1000" name="exp_buf_2_59">
<pin_list>
<pin id="381" dir="1" index="0" bw="1" slack="0"/>
</pin_list>
<bind>
<StgValue><ssdm name="exp_buf_2_59"/></StgValue>
</bind>
</comp>

<comp id="382" class="1000" name="exp_buf_2_60">
<pin_list>
<pin id="383" dir="1" index="0" bw="1" slack="0"/>
</pin_list>
<bind>
<StgValue><ssdm name="exp_buf_2_60"/></StgValue>
</bind>
</comp>

<comp id="384" class="1000" name="exp_buf_2_61">
<pin_list>
<pin id="385" dir="1" index="0" bw="1" slack="0"/>
</pin_list>
<bind>
<StgValue><ssdm name="exp_buf_2_61"/></StgValue>
</bind>
</comp>

<comp id="386" class="1000" name="exp_buf_2_62">
<pin_list>
<pin id="387" dir="1" index="0" bw="1" slack="0"/>
</pin_list>
<bind>
<StgValue><ssdm name="exp_buf_2_62"/></StgValue>
</bind>
</comp>

<comp id="388" class="1000" name="exp_buf_2_63">
<pin_list>
<pin id="389" dir="1" index="0" bw="1" slack="0"/>
</pin_list>
<bind>
<StgValue><ssdm name="exp_buf_2_63"/></StgValue>
</bind>
</comp>

<comp id="390" class="1000" name="exp_buf_3_0">
<pin_list>
<pin id="391" dir="1" index="0" bw="1" slack="0"/>
</pin_list>
<bind>
<StgValue><ssdm name="exp_buf_3_0"/></StgValue>
</bind>
</comp>

<comp id="392" class="1000" name="exp_buf_3_1">
<pin_list>
<pin id="393" dir="1" index="0" bw="1" slack="0"/>
</pin_list>
<bind>
<StgValue><ssdm name="exp_buf_3_1"/></StgValue>
</bind>
</comp>

<comp id="394" class="1000" name="exp_buf_3_2">
<pin_list>
<pin id="395" dir="1" index="0" bw="1" slack="0"/>
</pin_list>
<bind>
<StgValue><ssdm name="exp_buf_3_2"/></StgValue>
</bind>
</comp>

<comp id="396" class="1000" name="exp_buf_3_3">
<pin_list>
<pin id="397" dir="1" index="0" bw="1" slack="0"/>
</pin_list>
<bind>
<StgValue><ssdm name="exp_buf_3_3"/></StgValue>
</bind>
</comp>

<comp id="398" class="1000" name="exp_buf_3_4">
<pin_list>
<pin id="399" dir="1" index="0" bw="1" slack="0"/>
</pin_list>
<bind>
<StgValue><ssdm name="exp_buf_3_4"/></StgValue>
</bind>
</comp>

<comp id="400" class="1000" name="exp_buf_3_5">
<pin_list>
<pin id="401" dir="1" index="0" bw="1" slack="0"/>
</pin_list>
<bind>
<StgValue><ssdm name="exp_buf_3_5"/></StgValue>
</bind>
</comp>

<comp id="402" class="1000" name="exp_buf_3_6">
<pin_list>
<pin id="403" dir="1" index="0" bw="1" slack="0"/>
</pin_list>
<bind>
<StgValue><ssdm name="exp_buf_3_6"/></StgValue>
</bind>
</comp>

<comp id="404" class="1000" name="exp_buf_3_7">
<pin_list>
<pin id="405" dir="1" index="0" bw="1" slack="0"/>
</pin_list>
<bind>
<StgValue><ssdm name="exp_buf_3_7"/></StgValue>
</bind>
</comp>

<comp id="406" class="1000" name="exp_buf_3_8">
<pin_list>
<pin id="407" dir="1" index="0" bw="1" slack="0"/>
</pin_list>
<bind>
<StgValue><ssdm name="exp_buf_3_8"/></StgValue>
</bind>
</comp>

<comp id="408" class="1000" name="exp_buf_3_9">
<pin_list>
<pin id="409" dir="1" index="0" bw="1" slack="0"/>
</pin_list>
<bind>
<StgValue><ssdm name="exp_buf_3_9"/></StgValue>
</bind>
</comp>

<comp id="410" class="1000" name="exp_buf_3_10">
<pin_list>
<pin id="411" dir="1" index="0" bw="1" slack="0"/>
</pin_list>
<bind>
<StgValue><ssdm name="exp_buf_3_10"/></StgValue>
</bind>
</comp>

<comp id="412" class="1000" name="exp_buf_3_11">
<pin_list>
<pin id="413" dir="1" index="0" bw="1" slack="0"/>
</pin_list>
<bind>
<StgValue><ssdm name="exp_buf_3_11"/></StgValue>
</bind>
</comp>

<comp id="414" class="1000" name="exp_buf_3_12">
<pin_list>
<pin id="415" dir="1" index="0" bw="1" slack="0"/>
</pin_list>
<bind>
<StgValue><ssdm name="exp_buf_3_12"/></StgValue>
</bind>
</comp>

<comp id="416" class="1000" name="exp_buf_3_13">
<pin_list>
<pin id="417" dir="1" index="0" bw="1" slack="0"/>
</pin_list>
<bind>
<StgValue><ssdm name="exp_buf_3_13"/></StgValue>
</bind>
</comp>

<comp id="418" class="1000" name="exp_buf_3_14">
<pin_list>
<pin id="419" dir="1" index="0" bw="1" slack="0"/>
</pin_list>
<bind>
<StgValue><ssdm name="exp_buf_3_14"/></StgValue>
</bind>
</comp>

<comp id="420" class="1000" name="exp_buf_3_15">
<pin_list>
<pin id="421" dir="1" index="0" bw="1" slack="0"/>
</pin_list>
<bind>
<StgValue><ssdm name="exp_buf_3_15"/></StgValue>
</bind>
</comp>

<comp id="422" class="1000" name="exp_buf_3_16">
<pin_list>
<pin id="423" dir="1" index="0" bw="1" slack="0"/>
</pin_list>
<bind>
<StgValue><ssdm name="exp_buf_3_16"/></StgValue>
</bind>
</comp>

<comp id="424" class="1000" name="exp_buf_3_17">
<pin_list>
<pin id="425" dir="1" index="0" bw="1" slack="0"/>
</pin_list>
<bind>
<StgValue><ssdm name="exp_buf_3_17"/></StgValue>
</bind>
</comp>

<comp id="426" class="1000" name="exp_buf_3_18">
<pin_list>
<pin id="427" dir="1" index="0" bw="1" slack="0"/>
</pin_list>
<bind>
<StgValue><ssdm name="exp_buf_3_18"/></StgValue>
</bind>
</comp>

<comp id="428" class="1000" name="exp_buf_3_19">
<pin_list>
<pin id="429" dir="1" index="0" bw="1" slack="0"/>
</pin_list>
<bind>
<StgValue><ssdm name="exp_buf_3_19"/></StgValue>
</bind>
</comp>

<comp id="430" class="1000" name="exp_buf_3_20">
<pin_list>
<pin id="431" dir="1" index="0" bw="1" slack="0"/>
</pin_list>
<bind>
<StgValue><ssdm name="exp_buf_3_20"/></StgValue>
</bind>
</comp>

<comp id="432" class="1000" name="exp_buf_3_21">
<pin_list>
<pin id="433" dir="1" index="0" bw="1" slack="0"/>
</pin_list>
<bind>
<StgValue><ssdm name="exp_buf_3_21"/></StgValue>
</bind>
</comp>

<comp id="434" class="1000" name="exp_buf_3_22">
<pin_list>
<pin id="435" dir="1" index="0" bw="1" slack="0"/>
</pin_list>
<bind>
<StgValue><ssdm name="exp_buf_3_22"/></StgValue>
</bind>
</comp>

<comp id="436" class="1000" name="exp_buf_3_23">
<pin_list>
<pin id="437" dir="1" index="0" bw="1" slack="0"/>
</pin_list>
<bind>
<StgValue><ssdm name="exp_buf_3_23"/></StgValue>
</bind>
</comp>

<comp id="438" class="1000" name="exp_buf_3_24">
<pin_list>
<pin id="439" dir="1" index="0" bw="1" slack="0"/>
</pin_list>
<bind>
<StgValue><ssdm name="exp_buf_3_24"/></StgValue>
</bind>
</comp>

<comp id="440" class="1000" name="exp_buf_3_25">
<pin_list>
<pin id="441" dir="1" index="0" bw="1" slack="0"/>
</pin_list>
<bind>
<StgValue><ssdm name="exp_buf_3_25"/></StgValue>
</bind>
</comp>

<comp id="442" class="1000" name="exp_buf_3_26">
<pin_list>
<pin id="443" dir="1" index="0" bw="1" slack="0"/>
</pin_list>
<bind>
<StgValue><ssdm name="exp_buf_3_26"/></StgValue>
</bind>
</comp>

<comp id="444" class="1000" name="exp_buf_3_27">
<pin_list>
<pin id="445" dir="1" index="0" bw="1" slack="0"/>
</pin_list>
<bind>
<StgValue><ssdm name="exp_buf_3_27"/></StgValue>
</bind>
</comp>

<comp id="446" class="1000" name="exp_buf_3_28">
<pin_list>
<pin id="447" dir="1" index="0" bw="1" slack="0"/>
</pin_list>
<bind>
<StgValue><ssdm name="exp_buf_3_28"/></StgValue>
</bind>
</comp>

<comp id="448" class="1000" name="exp_buf_3_29">
<pin_list>
<pin id="449" dir="1" index="0" bw="1" slack="0"/>
</pin_list>
<bind>
<StgValue><ssdm name="exp_buf_3_29"/></StgValue>
</bind>
</comp>

<comp id="450" class="1000" name="exp_buf_3_30">
<pin_list>
<pin id="451" dir="1" index="0" bw="1" slack="0"/>
</pin_list>
<bind>
<StgValue><ssdm name="exp_buf_3_30"/></StgValue>
</bind>
</comp>

<comp id="452" class="1000" name="exp_buf_3_31">
<pin_list>
<pin id="453" dir="1" index="0" bw="1" slack="0"/>
</pin_list>
<bind>
<StgValue><ssdm name="exp_buf_3_31"/></StgValue>
</bind>
</comp>

<comp id="454" class="1000" name="exp_buf_3_32">
<pin_list>
<pin id="455" dir="1" index="0" bw="1" slack="0"/>
</pin_list>
<bind>
<StgValue><ssdm name="exp_buf_3_32"/></StgValue>
</bind>
</comp>

<comp id="456" class="1000" name="exp_buf_3_33">
<pin_list>
<pin id="457" dir="1" index="0" bw="1" slack="0"/>
</pin_list>
<bind>
<StgValue><ssdm name="exp_buf_3_33"/></StgValue>
</bind>
</comp>

<comp id="458" class="1000" name="exp_buf_3_34">
<pin_list>
<pin id="459" dir="1" index="0" bw="1" slack="0"/>
</pin_list>
<bind>
<StgValue><ssdm name="exp_buf_3_34"/></StgValue>
</bind>
</comp>

<comp id="460" class="1000" name="exp_buf_3_35">
<pin_list>
<pin id="461" dir="1" index="0" bw="1" slack="0"/>
</pin_list>
<bind>
<StgValue><ssdm name="exp_buf_3_35"/></StgValue>
</bind>
</comp>

<comp id="462" class="1000" name="exp_buf_3_36">
<pin_list>
<pin id="463" dir="1" index="0" bw="1" slack="0"/>
</pin_list>
<bind>
<StgValue><ssdm name="exp_buf_3_36"/></StgValue>
</bind>
</comp>

<comp id="464" class="1000" name="exp_buf_3_37">
<pin_list>
<pin id="465" dir="1" index="0" bw="1" slack="0"/>
</pin_list>
<bind>
<StgValue><ssdm name="exp_buf_3_37"/></StgValue>
</bind>
</comp>

<comp id="466" class="1000" name="exp_buf_3_38">
<pin_list>
<pin id="467" dir="1" index="0" bw="1" slack="0"/>
</pin_list>
<bind>
<StgValue><ssdm name="exp_buf_3_38"/></StgValue>
</bind>
</comp>

<comp id="468" class="1000" name="exp_buf_3_39">
<pin_list>
<pin id="469" dir="1" index="0" bw="1" slack="0"/>
</pin_list>
<bind>
<StgValue><ssdm name="exp_buf_3_39"/></StgValue>
</bind>
</comp>

<comp id="470" class="1000" name="exp_buf_3_40">
<pin_list>
<pin id="471" dir="1" index="0" bw="1" slack="0"/>
</pin_list>
<bind>
<StgValue><ssdm name="exp_buf_3_40"/></StgValue>
</bind>
</comp>

<comp id="472" class="1000" name="exp_buf_3_41">
<pin_list>
<pin id="473" dir="1" index="0" bw="1" slack="0"/>
</pin_list>
<bind>
<StgValue><ssdm name="exp_buf_3_41"/></StgValue>
</bind>
</comp>

<comp id="474" class="1000" name="exp_buf_3_42">
<pin_list>
<pin id="475" dir="1" index="0" bw="1" slack="0"/>
</pin_list>
<bind>
<StgValue><ssdm name="exp_buf_3_42"/></StgValue>
</bind>
</comp>

<comp id="476" class="1000" name="exp_buf_3_43">
<pin_list>
<pin id="477" dir="1" index="0" bw="1" slack="0"/>
</pin_list>
<bind>
<StgValue><ssdm name="exp_buf_3_43"/></StgValue>
</bind>
</comp>

<comp id="478" class="1000" name="exp_buf_3_44">
<pin_list>
<pin id="479" dir="1" index="0" bw="1" slack="0"/>
</pin_list>
<bind>
<StgValue><ssdm name="exp_buf_3_44"/></StgValue>
</bind>
</comp>

<comp id="480" class="1000" name="exp_buf_3_45">
<pin_list>
<pin id="481" dir="1" index="0" bw="1" slack="0"/>
</pin_list>
<bind>
<StgValue><ssdm name="exp_buf_3_45"/></StgValue>
</bind>
</comp>

<comp id="482" class="1000" name="exp_buf_3_46">
<pin_list>
<pin id="483" dir="1" index="0" bw="1" slack="0"/>
</pin_list>
<bind>
<StgValue><ssdm name="exp_buf_3_46"/></StgValue>
</bind>
</comp>

<comp id="484" class="1000" name="exp_buf_3_47">
<pin_list>
<pin id="485" dir="1" index="0" bw="1" slack="0"/>
</pin_list>
<bind>
<StgValue><ssdm name="exp_buf_3_47"/></StgValue>
</bind>
</comp>

<comp id="486" class="1000" name="exp_buf_3_48">
<pin_list>
<pin id="487" dir="1" index="0" bw="1" slack="0"/>
</pin_list>
<bind>
<StgValue><ssdm name="exp_buf_3_48"/></StgValue>
</bind>
</comp>

<comp id="488" class="1000" name="exp_buf_3_49">
<pin_list>
<pin id="489" dir="1" index="0" bw="1" slack="0"/>
</pin_list>
<bind>
<StgValue><ssdm name="exp_buf_3_49"/></StgValue>
</bind>
</comp>

<comp id="490" class="1000" name="exp_buf_3_50">
<pin_list>
<pin id="491" dir="1" index="0" bw="1" slack="0"/>
</pin_list>
<bind>
<StgValue><ssdm name="exp_buf_3_50"/></StgValue>
</bind>
</comp>

<comp id="492" class="1000" name="exp_buf_3_51">
<pin_list>
<pin id="493" dir="1" index="0" bw="1" slack="0"/>
</pin_list>
<bind>
<StgValue><ssdm name="exp_buf_3_51"/></StgValue>
</bind>
</comp>

<comp id="494" class="1000" name="exp_buf_3_52">
<pin_list>
<pin id="495" dir="1" index="0" bw="1" slack="0"/>
</pin_list>
<bind>
<StgValue><ssdm name="exp_buf_3_52"/></StgValue>
</bind>
</comp>

<comp id="496" class="1000" name="exp_buf_3_53">
<pin_list>
<pin id="497" dir="1" index="0" bw="1" slack="0"/>
</pin_list>
<bind>
<StgValue><ssdm name="exp_buf_3_53"/></StgValue>
</bind>
</comp>

<comp id="498" class="1000" name="exp_buf_3_54">
<pin_list>
<pin id="499" dir="1" index="0" bw="1" slack="0"/>
</pin_list>
<bind>
<StgValue><ssdm name="exp_buf_3_54"/></StgValue>
</bind>
</comp>

<comp id="500" class="1000" name="exp_buf_3_55">
<pin_list>
<pin id="501" dir="1" index="0" bw="1" slack="0"/>
</pin_list>
<bind>
<StgValue><ssdm name="exp_buf_3_55"/></StgValue>
</bind>
</comp>

<comp id="502" class="1000" name="exp_buf_3_56">
<pin_list>
<pin id="503" dir="1" index="0" bw="1" slack="0"/>
</pin_list>
<bind>
<StgValue><ssdm name="exp_buf_3_56"/></StgValue>
</bind>
</comp>

<comp id="504" class="1000" name="exp_buf_3_57">
<pin_list>
<pin id="505" dir="1" index="0" bw="1" slack="0"/>
</pin_list>
<bind>
<StgValue><ssdm name="exp_buf_3_57"/></StgValue>
</bind>
</comp>

<comp id="506" class="1000" name="exp_buf_3_58">
<pin_list>
<pin id="507" dir="1" index="0" bw="1" slack="0"/>
</pin_list>
<bind>
<StgValue><ssdm name="exp_buf_3_58"/></StgValue>
</bind>
</comp>

<comp id="508" class="1000" name="exp_buf_3_59">
<pin_list>
<pin id="509" dir="1" index="0" bw="1" slack="0"/>
</pin_list>
<bind>
<StgValue><ssdm name="exp_buf_3_59"/></StgValue>
</bind>
</comp>

<comp id="510" class="1000" name="exp_buf_3_60">
<pin_list>
<pin id="511" dir="1" index="0" bw="1" slack="0"/>
</pin_list>
<bind>
<StgValue><ssdm name="exp_buf_3_60"/></StgValue>
</bind>
</comp>

<comp id="512" class="1000" name="exp_buf_3_61">
<pin_list>
<pin id="513" dir="1" index="0" bw="1" slack="0"/>
</pin_list>
<bind>
<StgValue><ssdm name="exp_buf_3_61"/></StgValue>
</bind>
</comp>

<comp id="514" class="1000" name="exp_buf_3_62">
<pin_list>
<pin id="515" dir="1" index="0" bw="1" slack="0"/>
</pin_list>
<bind>
<StgValue><ssdm name="exp_buf_3_62"/></StgValue>
</bind>
</comp>

<comp id="516" class="1000" name="exp_buf_3_63">
<pin_list>
<pin id="517" dir="1" index="0" bw="1" slack="0"/>
</pin_list>
<bind>
<StgValue><ssdm name="exp_buf_3_63"/></StgValue>
</bind>
</comp>

<comp id="518" class="1000" name="inv_sum_q30">
<pin_list>
<pin id="519" dir="1" index="0" bw="1" slack="0"/>
</pin_list>
<bind>
<StgValue><ssdm name="inv_sum_q30"/></StgValue>
</bind>
</comp>

<comp id="520" class="1001" name="const_520">
<pin_list>
<pin id="521" dir="1" index="0" bw="1" slack="0"/>
</pin_list>
<bind>
<StgValue><ssdm name="_ssdm_op_Read.ap_auto.i31"/></StgValue>
</bind>
</comp>

<comp id="522" class="1001" name="const_522">
<pin_list>
<pin id="523" dir="1" index="0" bw="1" slack="0"/>
</pin_list>
<bind>
<StgValue><ssdm name="_ssdm_op_Read.ap_auto.i9"/></StgValue>
</bind>
</comp>

<comp id="524" class="1001" name="const_524">
<pin_list>
<pin id="525" dir="1" index="0" bw="1" slack="0"/>
</pin_list>
<bind>
<StgValue><ssdm name=""/></StgValue>
</bind>
</comp>

<comp id="526" class="1001" name="const_526">
<pin_list>
<pin id="527" dir="1" index="0" bw="1" slack="0"/>
</pin_list>
<bind>
<StgValue><ssdm name="emit_prob_stream"/></StgValue>
</bind>
</comp>

<comp id="528" class="1001" name="const_528">
<pin_list>
<pin id="529" dir="1" index="0" bw="1" slack="0"/>
</pin_list>
<bind>
<StgValue><ssdm name="_ssdm_op_Read.ap_auto.i14"/></StgValue>
</bind>
</comp>

<comp id="530" class="1001" name="const_530">
<pin_list>
<pin id="531" dir="1" index="0" bw="1" slack="0"/>
</pin_list>
<bind>
<StgValue><ssdm name="write_prob_stream"/></StgValue>
</bind>
</comp>

<comp id="532" class="1001" name="const_532">
<pin_list>
<pin id="533" dir="1" index="0" bw="1" slack="2147483647"/>
</pin_list>
<bind>
<StgValue><ssdm name="_ssdm_op_SpecStableContent"/></StgValue>
</bind>
</comp>

<comp id="534" class="1001" name="const_534">
<pin_list>
<pin id="535" dir="1" index="0" bw="1" slack="2147483647"/>
</pin_list>
<bind>
<StgValue><ssdm name=""/></StgValue>
</bind>
</comp>

<comp id="536" class="1001" name="const_536">
<pin_list>
<pin id="537" dir="1" index="0" bw="1" slack="2147483647"/>
</pin_list>
<bind>
<StgValue><ssdm name="p_str"/></StgValue>
</bind>
</comp>

<comp id="538" class="1001" name="const_538">
<pin_list>
<pin id="539" dir="1" index="0" bw="1" slack="2147483647"/>
</pin_list>
<bind>
<StgValue><ssdm name="_ssdm_op_SpecDataflowPipeline"/></StgValue>
</bind>
</comp>

<comp id="540" class="1001" name="const_540">
<pin_list>
<pin id="541" dir="1" index="0" bw="1" slack="2147483647"/>
</pin_list>
<bind>
<StgValue><ssdm name=""/></StgValue>
</bind>
</comp>

<comp id="542" class="1001" name="const_542">
<pin_list>
<pin id="543" dir="1" index="0" bw="1" slack="2147483647"/>
</pin_list>
<bind>
<StgValue><ssdm name=""/></StgValue>
</bind>
</comp>

<comp id="544" class="1001" name="const_544">
<pin_list>
<pin id="545" dir="1" index="0" bw="1" slack="2147483647"/>
</pin_list>
<bind>
<StgValue><ssdm name="empty_2"/></StgValue>
</bind>
</comp>

<comp id="546" class="1001" name="const_546">
<pin_list>
<pin id="547" dir="1" index="0" bw="1" slack="2147483647"/>
</pin_list>
<bind>
<StgValue><ssdm name="_ssdm_op_SpecMemCore"/></StgValue>
</bind>
</comp>

<comp id="548" class="1001" name="const_548">
<pin_list>
<pin id="549" dir="1" index="0" bw="1" slack="2147483647"/>
</pin_list>
<bind>
<StgValue><ssdm name=""/></StgValue>
</bind>
</comp>

<comp id="550" class="1001" name="const_550">
<pin_list>
<pin id="551" dir="1" index="0" bw="1" slack="2147483647"/>
</pin_list>
<bind>
<StgValue><ssdm name=""/></StgValue>
</bind>
</comp>

<comp id="552" class="1001" name="const_552">
<pin_list>
<pin id="553" dir="1" index="0" bw="1" slack="2147483647"/>
</pin_list>
<bind>
<StgValue><ssdm name=""/></StgValue>
</bind>
</comp>

<comp id="554" class="1001" name="const_554">
<pin_list>
<pin id="555" dir="1" index="0" bw="1" slack="2147483647"/>
</pin_list>
<bind>
<StgValue><ssdm name="_ssdm_op_SpecInterface"/></StgValue>
</bind>
</comp>

<comp id="556" class="1001" name="const_556">
<pin_list>
<pin id="557" dir="1" index="0" bw="1" slack="2147483647"/>
</pin_list>
<bind>
<StgValue><ssdm name="empty_3"/></StgValue>
</bind>
</comp>

<comp id="558" class="1001" name="const_558">
<pin_list>
<pin id="559" dir="1" index="0" bw="1" slack="2147483647"/>
</pin_list>
<bind>
<StgValue><ssdm name="_ssdm_op_SpecChannel"/></StgValue>
</bind>
</comp>

<comp id="560" class="1001" name="const_560">
<pin_list>
<pin id="561" dir="1" index="0" bw="1" slack="2147483647"/>
</pin_list>
<bind>
<StgValue><ssdm name="prob_stream_str"/></StgValue>
</bind>
</comp>

<comp id="562" class="1001" name="const_562">
<pin_list>
<pin id="563" dir="1" index="0" bw="1" slack="2147483647"/>
</pin_list>
<bind>
<StgValue><ssdm name=""/></StgValue>
</bind>
</comp>

<comp id="564" class="1001" name="const_564">
<pin_list>
<pin id="565" dir="1" index="0" bw="1" slack="2147483647"/>
</pin_list>
<bind>
<StgValue><ssdm name=""/></StgValue>
</bind>
</comp>

<comp id="566" class="1001" name="const_566">
<pin_list>
<pin id="567" dir="1" index="0" bw="1" slack="2147483647"/>
</pin_list>
<bind>
<StgValue><ssdm name="empty_9"/></StgValue>
</bind>
</comp>

<comp id="568" class="1004" name="prob_stream_fu_568">
<pin_list>
<pin id="569" dir="0" index="0" bw="1" slack="0"/>
<pin id="570" dir="1" index="1" bw="132" slack="0"/>
</pin_list>
<bind>
<opcode="alloca(26) " fcode="alloca"/>
<opset="prob_stream/1 "/>
</bind>
</comp>

<comp id="572" class="1004" name="inv_sum_q30_read_read_fu_572">
<pin_list>
<pin id="573" dir="0" index="0" bw="31" slack="0"/>
<pin id="574" dir="0" index="1" bw="31" slack="0"/>
<pin id="575" dir="1" index="2" bw="31" slack="0"/>
</pin_list>
<bind>
<opcode="read(1150) " fcode="read"/>
<opset="inv_sum_q30_read/1 "/>
</bind>
</comp>

<comp id="578" class="1004" name="n_read_read_fu_578">
<pin_list>
<pin id="579" dir="0" index="0" bw="9" slack="0"/>
<pin id="580" dir="0" index="1" bw="9" slack="0"/>
<pin id="581" dir="1" index="2" bw="9" slack="0"/>
</pin_list>
<bind>
<opcode="read(1150) " fcode="read"/>
<opset="n_read/1 "/>
</bind>
</comp>

<comp id="584" class="1004" name="pr_l_read_read_fu_584">
<pin_list>
<pin id="585" dir="0" index="0" bw="14" slack="0"/>
<pin id="586" dir="0" index="1" bw="14" slack="0"/>
<pin id="587" dir="1" index="2" bw="14" slack="0"/>
</pin_list>
<bind>
<opcode="read(1150) " fcode="read"/>
<opset="pr_l_read/3 "/>
</bind>
</comp>

<comp id="590" class="1004" name="grp_emit_prob_stream_fu_590">
<pin_list>
<pin id="591" dir="0" index="0" bw="0" slack="0"/>
<pin id="592" dir="0" index="1" bw="32" slack="0"/>
<pin id="593" dir="0" index="2" bw="32" slack="0"/>
<pin id="594" dir="0" index="3" bw="32" slack="0"/>
<pin id="595" dir="0" index="4" bw="32" slack="0"/>
<pin id="596" dir="0" index="5" bw="32" slack="0"/>
<pin id="597" dir="0" index="6" bw="32" slack="0"/>
<pin id="598" dir="0" index="7" bw="32" slack="0"/>
<pin id="599" dir="0" index="8" bw="32" slack="0"/>
<pin id="600" dir="0" index="9" bw="32" slack="0"/>
<pin id="601" dir="0" index="10" bw="32" slack="0"/>
<pin id="602" dir="0" index="11" bw="32" slack="0"/>
<pin id="603" dir="0" index="12" bw="32" slack="0"/>
<pin id="604" dir="0" index="13" bw="32" slack="0"/>
<pin id="605" dir="0" index="14" bw="32" slack="0"/>
<pin id="606" dir="0" index="15" bw="32" slack="0"/>
<pin id="607" dir="0" index="16" bw="32" slack="0"/>
<pin id="608" dir="0" index="17" bw="32" slack="0"/>
<pin id="609" dir="0" index="18" bw="32" slack="0"/>
<pin id="610" dir="0" index="19" bw="32" slack="0"/>
<pin id="611" dir="0" index="20" bw="32" slack="0"/>
<pin id="612" dir="0" index="21" bw="32" slack="0"/>
<pin id="613" dir="0" index="22" bw="32" slack="0"/>
<pin id="614" dir="0" index="23" bw="32" slack="0"/>
<pin id="615" dir="0" index="24" bw="32" slack="0"/>
<pin id="616" dir="0" index="25" bw="32" slack="0"/>
<pin id="617" dir="0" index="26" bw="32" slack="0"/>
<pin id="618" dir="0" index="27" bw="32" slack="0"/>
<pin id="619" dir="0" index="28" bw="32" slack="0"/>
<pin id="620" dir="0" index="29" bw="32" slack="0"/>
<pin id="621" dir="0" index="30" bw="32" slack="0"/>
<pin id="622" dir="0" index="31" bw="32" slack="0"/>
<pin id="623" dir="0" index="32" bw="32" slack="0"/>
<pin id="624" dir="0" index="33" bw="32" slack="0"/>
<pin id="625" dir="0" index="34" bw="32" slack="0"/>
<pin id="626" dir="0" index="35" bw="32" slack="0"/>
<pin id="627" dir="0" index="36" bw="32" slack="0"/>
<pin id="628" dir="0" index="37" bw="32" slack="0"/>
<pin id="629" dir="0" index="38" bw="32" slack="0"/>
<pin id="630" dir="0" index="39" bw="32" slack="0"/>
<pin id="631" dir="0" index="40" bw="32" slack="0"/>
<pin id="632" dir="0" index="41" bw="32" slack="0"/>
<pin id="633" dir="0" index="42" bw="32" slack="0"/>
<pin id="634" dir="0" index="43" bw="32" slack="0"/>
<pin id="635" dir="0" index="44" bw="32" slack="0"/>
<pin id="636" dir="0" index="45" bw="32" slack="0"/>
<pin id="637" dir="0" index="46" bw="32" slack="0"/>
<pin id="638" dir="0" index="47" bw="32" slack="0"/>
<pin id="639" dir="0" index="48" bw="32" slack="0"/>
<pin id="640" dir="0" index="49" bw="32" slack="0"/>
<pin id="641" dir="0" index="50" bw="32" slack="0"/>
<pin id="642" dir="0" index="51" bw="32" slack="0"/>
<pin id="643" dir="0" index="52" bw="32" slack="0"/>
<pin id="644" dir="0" index="53" bw="32" slack="0"/>
<pin id="645" dir="0" index="54" bw="32" slack="0"/>
<pin id="646" dir="0" index="55" bw="32" slack="0"/>
<pin id="647" dir="0" index="56" bw="32" slack="0"/>
<pin id="648" dir="0" index="57" bw="32" slack="0"/>
<pin id="649" dir="0" index="58" bw="32" slack="0"/>
<pin id="650" dir="0" index="59" bw="32" slack="0"/>
<pin id="651" dir="0" index="60" bw="32" slack="0"/>
<pin id="652" dir="0" index="61" bw="32" slack="0"/>
<pin id="653" dir="0" index="62" bw="32" slack="0"/>
<pin id="654" dir="0" index="63" bw="32" slack="0"/>
<pin id="655" dir="0" index="64" bw="32" slack="0"/>
<pin id="656" dir="0" index="65" bw="32" slack="0"/>
<pin id="657" dir="0" index="66" bw="32" slack="0"/>
<pin id="658" dir="0" index="67" bw="32" slack="0"/>
<pin id="659" dir="0" index="68" bw="32" slack="0"/>
<pin id="660" dir="0" index="69" bw="32" slack="0"/>
<pin id="661" dir="0" index="70" bw="32" slack="0"/>
<pin id="662" dir="0" index="71" bw="32" slack="0"/>
<pin id="663" dir="0" index="72" bw="32" slack="0"/>
<pin id="664" dir="0" index="73" bw="32" slack="0"/>
<pin id="665" dir="0" index="74" bw="32" slack="0"/>
<pin id="666" dir="0" index="75" bw="32" slack="0"/>
<pin id="667" dir="0" index="76" bw="32" slack="0"/>
<pin id="668" dir="0" index="77" bw="32" slack="0"/>
<pin id="669" dir="0" index="78" bw="32" slack="0"/>
<pin id="670" dir="0" index="79" bw="32" slack="0"/>
<pin id="671" dir="0" index="80" bw="32" slack="0"/>
<pin id="672" dir="0" index="81" bw="32" slack="0"/>
<pin id="673" dir="0" index="82" bw="32" slack="0"/>
<pin id="674" dir="0" index="83" bw="32" slack="0"/>
<pin id="675" dir="0" index="84" bw="32" slack="0"/>
<pin id="676" dir="0" index="85" bw="32" slack="0"/>
<pin id="677" dir="0" index="86" bw="32" slack="0"/>
<pin id="678" dir="0" index="87" bw="32" slack="0"/>
<pin id="679" dir="0" index="88" bw="32" slack="0"/>
<pin id="680" dir="0" index="89" bw="32" slack="0"/>
<pin id="681" dir="0" index="90" bw="32" slack="0"/>
<pin id="682" dir="0" index="91" bw="32" slack="0"/>
<pin id="683" dir="0" index="92" bw="32" slack="0"/>
<pin id="684" dir="0" index="93" bw="32" slack="0"/>
<pin id="685" dir="0" index="94" bw="32" slack="0"/>
<pin id="686" dir="0" index="95" bw="32" slack="0"/>
<pin id="687" dir="0" index="96" bw="32" slack="0"/>
<pin id="688" dir="0" index="97" bw="32" slack="0"/>
<pin id="689" dir="0" index="98" bw="32" slack="0"/>
<pin id="690" dir="0" index="99" bw="32" slack="0"/>
<pin id="691" dir="0" index="100" bw="32" slack="0"/>
<pin id="692" dir="0" index="101" bw="32" slack="0"/>
<pin id="693" dir="0" index="102" bw="32" slack="0"/>
<pin id="694" dir="0" index="103" bw="32" slack="0"/>
<pin id="695" dir="0" index="104" bw="32" slack="0"/>
<pin id="696" dir="0" index="105" bw="32" slack="0"/>
<pin id="697" dir="0" index="106" bw="32" slack="0"/>
<pin id="698" dir="0" index="107" bw="32" slack="0"/>
<pin id="699" dir="0" index="108" bw="32" slack="0"/>
<pin id="700" dir="0" index="109" bw="32" slack="0"/>
<pin id="701" dir="0" index="110" bw="32" slack="0"/>
<pin id="702" dir="0" index="111" bw="32" slack="0"/>
<pin id="703" dir="0" index="112" bw="32" slack="0"/>
<pin id="704" dir="0" index="113" bw="32" slack="0"/>
<pin id="705" dir="0" index="114" bw="32" slack="0"/>
<pin id="706" dir="0" index="115" bw="32" slack="0"/>
<pin id="707" dir="0" index="116" bw="32" slack="0"/>
<pin id="708" dir="0" index="117" bw="32" slack="0"/>
<pin id="709" dir="0" index="118" bw="32" slack="0"/>
<pin id="710" dir="0" index="119" bw="32" slack="0"/>
<pin id="711" dir="0" index="120" bw="32" slack="0"/>
<pin id="712" dir="0" index="121" bw="32" slack="0"/>
<pin id="713" dir="0" index="122" bw="32" slack="0"/>
<pin id="714" dir="0" index="123" bw="32" slack="0"/>
<pin id="715" dir="0" index="124" bw="32" slack="0"/>
<pin id="716" dir="0" index="125" bw="32" slack="0"/>
<pin id="717" dir="0" index="126" bw="32" slack="0"/>
<pin id="718" dir="0" index="127" bw="32" slack="0"/>
<pin id="719" dir="0" index="128" bw="32" slack="0"/>
<pin id="720" dir="0" index="129" bw="32" slack="0"/>
<pin id="721" dir="0" index="130" bw="32" slack="0"/>
<pin id="722" dir="0" index="131" bw="32" slack="0"/>
<pin id="723" dir="0" index="132" bw="32" slack="0"/>
<pin id="724" dir="0" index="133" bw="32" slack="0"/>
<pin id="725" dir="0" index="134" bw="32" slack="0"/>
<pin id="726" dir="0" index="135" bw="32" slack="0"/>
<pin id="727" dir="0" index="136" bw="32" slack="0"/>
<pin id="728" dir="0" index="137" bw="32" slack="0"/>
<pin id="729" dir="0" index="138" bw="32" slack="0"/>
<pin id="730" dir="0" index="139" bw="32" slack="0"/>
<pin id="731" dir="0" index="140" bw="32" slack="0"/>
<pin id="732" dir="0" index="141" bw="32" slack="0"/>
<pin id="733" dir="0" index="142" bw="32" slack="0"/>
<pin id="734" dir="0" index="143" bw="32" slack="0"/>
<pin id="735" dir="0" index="144" bw="32" slack="0"/>
<pin id="736" dir="0" index="145" bw="32" slack="0"/>
<pin id="737" dir="0" index="146" bw="32" slack="0"/>
<pin id="738" dir="0" index="147" bw="32" slack="0"/>
<pin id="739" dir="0" index="148" bw="32" slack="0"/>
<pin id="740" dir="0" index="149" bw="32" slack="0"/>
<pin id="741" dir="0" index="150" bw="32" slack="0"/>
<pin id="742" dir="0" index="151" bw="32" slack="0"/>
<pin id="743" dir="0" index="152" bw="32" slack="0"/>
<pin id="744" dir="0" index="153" bw="32" slack="0"/>
<pin id="745" dir="0" index="154" bw="32" slack="0"/>
<pin id="746" dir="0" index="155" bw="32" slack="0"/>
<pin id="747" dir="0" index="156" bw="32" slack="0"/>
<pin id="748" dir="0" index="157" bw="32" slack="0"/>
<pin id="749" dir="0" index="158" bw="32" slack="0"/>
<pin id="750" dir="0" index="159" bw="32" slack="0"/>
<pin id="751" dir="0" index="160" bw="32" slack="0"/>
<pin id="752" dir="0" index="161" bw="32" slack="0"/>
<pin id="753" dir="0" index="162" bw="32" slack="0"/>
<pin id="754" dir="0" index="163" bw="32" slack="0"/>
<pin id="755" dir="0" index="164" bw="32" slack="0"/>
<pin id="756" dir="0" index="165" bw="32" slack="0"/>
<pin id="757" dir="0" index="166" bw="32" slack="0"/>
<pin id="758" dir="0" index="167" bw="32" slack="0"/>
<pin id="759" dir="0" index="168" bw="32" slack="0"/>
<pin id="760" dir="0" index="169" bw="32" slack="0"/>
<pin id="761" dir="0" index="170" bw="32" slack="0"/>
<pin id="762" dir="0" index="171" bw="32" slack="0"/>
<pin id="763" dir="0" index="172" bw="32" slack="0"/>
<pin id="764" dir="0" index="173" bw="32" slack="0"/>
<pin id="765" dir="0" index="174" bw="32" slack="0"/>
<pin id="766" dir="0" index="175" bw="32" slack="0"/>
<pin id="767" dir="0" index="176" bw="32" slack="0"/>
<pin id="768" dir="0" index="177" bw="32" slack="0"/>
<pin id="769" dir="0" index="178" bw="32" slack="0"/>
<pin id="770" dir="0" index="179" bw="32" slack="0"/>
<pin id="771" dir="0" index="180" bw="32" slack="0"/>
<pin id="772" dir="0" index="181" bw="32" slack="0"/>
<pin id="773" dir="0" index="182" bw="32" slack="0"/>
<pin id="774" dir="0" index="183" bw="32" slack="0"/>
<pin id="775" dir="0" index="184" bw="32" slack="0"/>
<pin id="776" dir="0" index="185" bw="32" slack="0"/>
<pin id="777" dir="0" index="186" bw="32" slack="0"/>
<pin id="778" dir="0" index="187" bw="32" slack="0"/>
<pin id="779" dir="0" index="188" bw="32" slack="0"/>
<pin id="780" dir="0" index="189" bw="32" slack="0"/>
<pin id="781" dir="0" index="190" bw="32" slack="0"/>
<pin id="782" dir="0" index="191" bw="32" slack="0"/>
<pin id="783" dir="0" index="192" bw="32" slack="0"/>
<pin id="784" dir="0" index="193" bw="32" slack="0"/>
<pin id="785" dir="0" index="194" bw="32" slack="0"/>
<pin id="786" dir="0" index="195" bw="32" slack="0"/>
<pin id="787" dir="0" index="196" bw="32" slack="0"/>
<pin id="788" dir="0" index="197" bw="32" slack="0"/>
<pin id="789" dir="0" index="198" bw="32" slack="0"/>
<pin id="790" dir="0" index="199" bw="32" slack="0"/>
<pin id="791" dir="0" index="200" bw="32" slack="0"/>
<pin id="792" dir="0" index="201" bw="32" slack="0"/>
<pin id="793" dir="0" index="202" bw="32" slack="0"/>
<pin id="794" dir="0" index="203" bw="32" slack="0"/>
<pin id="795" dir="0" index="204" bw="32" slack="0"/>
<pin id="796" dir="0" index="205" bw="32" slack="0"/>
<pin id="797" dir="0" index="206" bw="32" slack="0"/>
<pin id="798" dir="0" index="207" bw="32" slack="0"/>
<pin id="799" dir="0" index="208" bw="32" slack="0"/>
<pin id="800" dir="0" index="209" bw="32" slack="0"/>
<pin id="801" dir="0" index="210" bw="32" slack="0"/>
<pin id="802" dir="0" index="211" bw="32" slack="0"/>
<pin id="803" dir="0" index="212" bw="32" slack="0"/>
<pin id="804" dir="0" index="213" bw="32" slack="0"/>
<pin id="805" dir="0" index="214" bw="32" slack="0"/>
<pin id="806" dir="0" index="215" bw="32" slack="0"/>
<pin id="807" dir="0" index="216" bw="32" slack="0"/>
<pin id="808" dir="0" index="217" bw="32" slack="0"/>
<pin id="809" dir="0" index="218" bw="32" slack="0"/>
<pin id="810" dir="0" index="219" bw="32" slack="0"/>
<pin id="811" dir="0" index="220" bw="32" slack="0"/>
<pin id="812" dir="0" index="221" bw="32" slack="0"/>
<pin id="813" dir="0" index="222" bw="32" slack="0"/>
<pin id="814" dir="0" index="223" bw="32" slack="0"/>
<pin id="815" dir="0" index="224" bw="32" slack="0"/>
<pin id="816" dir="0" index="225" bw="32" slack="0"/>
<pin id="817" dir="0" index="226" bw="32" slack="0"/>
<pin id="818" dir="0" index="227" bw="32" slack="0"/>
<pin id="819" dir="0" index="228" bw="32" slack="0"/>
<pin id="820" dir="0" index="229" bw="32" slack="0"/>
<pin id="821" dir="0" index="230" bw="32" slack="0"/>
<pin id="822" dir="0" index="231" bw="32" slack="0"/>
<pin id="823" dir="0" index="232" bw="32" slack="0"/>
<pin id="824" dir="0" index="233" bw="32" slack="0"/>
<pin id="825" dir="0" index="234" bw="32" slack="0"/>
<pin id="826" dir="0" index="235" bw="32" slack="0"/>
<pin id="827" dir="0" index="236" bw="32" slack="0"/>
<pin id="828" dir="0" index="237" bw="32" slack="0"/>
<pin id="829" dir="0" index="238" bw="32" slack="0"/>
<pin id="830" dir="0" index="239" bw="32" slack="0"/>
<pin id="831" dir="0" index="240" bw="32" slack="0"/>
<pin id="832" dir="0" index="241" bw="32" slack="0"/>
<pin id="833" dir="0" index="242" bw="32" slack="0"/>
<pin id="834" dir="0" index="243" bw="32" slack="0"/>
<pin id="835" dir="0" index="244" bw="32" slack="0"/>
<pin id="836" dir="0" index="245" bw="32" slack="0"/>
<pin id="837" dir="0" index="246" bw="32" slack="0"/>
<pin id="838" dir="0" index="247" bw="32" slack="0"/>
<pin id="839" dir="0" index="248" bw="32" slack="0"/>
<pin id="840" dir="0" index="249" bw="32" slack="0"/>
<pin id="841" dir="0" index="250" bw="32" slack="0"/>
<pin id="842" dir="0" index="251" bw="32" slack="0"/>
<pin id="843" dir="0" index="252" bw="32" slack="0"/>
<pin id="844" dir="0" index="253" bw="32" slack="0"/>
<pin id="845" dir="0" index="254" bw="32" slack="0"/>
<pin id="846" dir="0" index="255" bw="32" slack="0"/>
<pin id="847" dir="0" index="256" bw="32" slack="0"/>
<pin id="848" dir="0" index="257" bw="9" slack="0"/>
<pin id="849" dir="0" index="258" bw="31" slack="0"/>
<pin id="850" dir="0" index="259" bw="132" slack="0"/>
<pin id="851" dir="1" index="260" bw="0" slack="2147483647"/>
</pin_list>
<bind>
<opcode="call(48) " fcode="call"/>
<opset="call_ln403/1 "/>
</bind>
</comp>

<comp id="1111" class="1004" name="grp_write_prob_stream_fu_1111">
<pin_list>
<pin id="1112" dir="0" index="0" bw="0" slack="0"/>
<pin id="1113" dir="0" index="1" bw="128" slack="0"/>
<pin id="1114" dir="0" index="2" bw="14" slack="0"/>
<pin id="1115" dir="0" index="3" bw="9" slack="2"/>
<pin id="1116" dir="0" index="4" bw="132" slack="2"/>
<pin id="1117" dir="1" index="5" bw="0" slack="2147483647"/>
</pin_list>
<bind>
<opcode="call(48) " fcode="call"/>
<opset="call_ln404/3 "/>
</bind>
</comp>

<comp id="1121" class="1005" name="inv_sum_q30_read_reg_1121">
<pin_list>
<pin id="1122" dir="0" index="0" bw="31" slack="1"/>
<pin id="1123" dir="1" index="1" bw="31" slack="1"/>
</pin_list>
<bind>
<opset="inv_sum_q30_read "/>
</bind>
</comp>

<comp id="1126" class="1005" name="n_read_reg_1126">
<pin_list>
<pin id="1127" dir="0" index="0" bw="9" slack="1"/>
<pin id="1128" dir="1" index="1" bw="9" slack="1"/>
</pin_list>
<bind>
<opset="n_read "/>
</bind>
</comp>

<comp id="1132" class="1005" name="prob_stream_reg_1132">
<pin_list>
<pin id="1133" dir="0" index="0" bw="132" slack="0"/>
<pin id="1134" dir="1" index="1" bw="132" slack="0"/>
</pin_list>
<bind>
<opset="prob_stream "/>
</bind>
</comp>

<comp id="1138" class="1005" name="pr_l_read_reg_1138">
<pin_list>
<pin id="1139" dir="0" index="0" bw="14" slack="1"/>
<pin id="1140" dir="1" index="1" bw="14" slack="1"/>
</pin_list>
<bind>
<opset="pr_l_read "/>
</bind>
</comp>

</comp_list>

<net_list>
<net id="571"><net_src comp="524" pin="0"/><net_sink comp="568" pin=0"/></net>

<net id="576"><net_src comp="520" pin="0"/><net_sink comp="572" pin=0"/></net>

<net id="577"><net_src comp="518" pin="0"/><net_sink comp="572" pin=1"/></net>

<net id="582"><net_src comp="522" pin="0"/><net_sink comp="578" pin=0"/></net>

<net id="583"><net_src comp="4" pin="0"/><net_sink comp="578" pin=1"/></net>

<net id="588"><net_src comp="528" pin="0"/><net_sink comp="584" pin=0"/></net>

<net id="589"><net_src comp="2" pin="0"/><net_sink comp="584" pin=1"/></net>

<net id="852"><net_src comp="526" pin="0"/><net_sink comp="590" pin=0"/></net>

<net id="853"><net_src comp="6" pin="0"/><net_sink comp="590" pin=1"/></net>

<net id="854"><net_src comp="8" pin="0"/><net_sink comp="590" pin=2"/></net>

<net id="855"><net_src comp="10" pin="0"/><net_sink comp="590" pin=3"/></net>

<net id="856"><net_src comp="12" pin="0"/><net_sink comp="590" pin=4"/></net>

<net id="857"><net_src comp="14" pin="0"/><net_sink comp="590" pin=5"/></net>

<net id="858"><net_src comp="16" pin="0"/><net_sink comp="590" pin=6"/></net>

<net id="859"><net_src comp="18" pin="0"/><net_sink comp="590" pin=7"/></net>

<net id="860"><net_src comp="20" pin="0"/><net_sink comp="590" pin=8"/></net>

<net id="861"><net_src comp="22" pin="0"/><net_sink comp="590" pin=9"/></net>

<net id="862"><net_src comp="24" pin="0"/><net_sink comp="590" pin=10"/></net>

<net id="863"><net_src comp="26" pin="0"/><net_sink comp="590" pin=11"/></net>

<net id="864"><net_src comp="28" pin="0"/><net_sink comp="590" pin=12"/></net>

<net id="865"><net_src comp="30" pin="0"/><net_sink comp="590" pin=13"/></net>

<net id="866"><net_src comp="32" pin="0"/><net_sink comp="590" pin=14"/></net>

<net id="867"><net_src comp="34" pin="0"/><net_sink comp="590" pin=15"/></net>

<net id="868"><net_src comp="36" pin="0"/><net_sink comp="590" pin=16"/></net>

<net id="869"><net_src comp="38" pin="0"/><net_sink comp="590" pin=17"/></net>

<net id="870"><net_src comp="40" pin="0"/><net_sink comp="590" pin=18"/></net>

<net id="871"><net_src comp="42" pin="0"/><net_sink comp="590" pin=19"/></net>

<net id="872"><net_src comp="44" pin="0"/><net_sink comp="590" pin=20"/></net>

<net id="873"><net_src comp="46" pin="0"/><net_sink comp="590" pin=21"/></net>

<net id="874"><net_src comp="48" pin="0"/><net_sink comp="590" pin=22"/></net>

<net id="875"><net_src comp="50" pin="0"/><net_sink comp="590" pin=23"/></net>

<net id="876"><net_src comp="52" pin="0"/><net_sink comp="590" pin=24"/></net>

<net id="877"><net_src comp="54" pin="0"/><net_sink comp="590" pin=25"/></net>

<net id="878"><net_src comp="56" pin="0"/><net_sink comp="590" pin=26"/></net>

<net id="879"><net_src comp="58" pin="0"/><net_sink comp="590" pin=27"/></net>

<net id="880"><net_src comp="60" pin="0"/><net_sink comp="590" pin=28"/></net>

<net id="881"><net_src comp="62" pin="0"/><net_sink comp="590" pin=29"/></net>

<net id="882"><net_src comp="64" pin="0"/><net_sink comp="590" pin=30"/></net>

<net id="883"><net_src comp="66" pin="0"/><net_sink comp="590" pin=31"/></net>

<net id="884"><net_src comp="68" pin="0"/><net_sink comp="590" pin=32"/></net>

<net id="885"><net_src comp="70" pin="0"/><net_sink comp="590" pin=33"/></net>

<net id="886"><net_src comp="72" pin="0"/><net_sink comp="590" pin=34"/></net>

<net id="887"><net_src comp="74" pin="0"/><net_sink comp="590" pin=35"/></net>

<net id="888"><net_src comp="76" pin="0"/><net_sink comp="590" pin=36"/></net>

<net id="889"><net_src comp="78" pin="0"/><net_sink comp="590" pin=37"/></net>

<net id="890"><net_src comp="80" pin="0"/><net_sink comp="590" pin=38"/></net>

<net id="891"><net_src comp="82" pin="0"/><net_sink comp="590" pin=39"/></net>

<net id="892"><net_src comp="84" pin="0"/><net_sink comp="590" pin=40"/></net>

<net id="893"><net_src comp="86" pin="0"/><net_sink comp="590" pin=41"/></net>

<net id="894"><net_src comp="88" pin="0"/><net_sink comp="590" pin=42"/></net>

<net id="895"><net_src comp="90" pin="0"/><net_sink comp="590" pin=43"/></net>

<net id="896"><net_src comp="92" pin="0"/><net_sink comp="590" pin=44"/></net>

<net id="897"><net_src comp="94" pin="0"/><net_sink comp="590" pin=45"/></net>

<net id="898"><net_src comp="96" pin="0"/><net_sink comp="590" pin=46"/></net>

<net id="899"><net_src comp="98" pin="0"/><net_sink comp="590" pin=47"/></net>

<net id="900"><net_src comp="100" pin="0"/><net_sink comp="590" pin=48"/></net>

<net id="901"><net_src comp="102" pin="0"/><net_sink comp="590" pin=49"/></net>

<net id="902"><net_src comp="104" pin="0"/><net_sink comp="590" pin=50"/></net>

<net id="903"><net_src comp="106" pin="0"/><net_sink comp="590" pin=51"/></net>

<net id="904"><net_src comp="108" pin="0"/><net_sink comp="590" pin=52"/></net>

<net id="905"><net_src comp="110" pin="0"/><net_sink comp="590" pin=53"/></net>

<net id="906"><net_src comp="112" pin="0"/><net_sink comp="590" pin=54"/></net>

<net id="907"><net_src comp="114" pin="0"/><net_sink comp="590" pin=55"/></net>

<net id="908"><net_src comp="116" pin="0"/><net_sink comp="590" pin=56"/></net>

<net id="909"><net_src comp="118" pin="0"/><net_sink comp="590" pin=57"/></net>

<net id="910"><net_src comp="120" pin="0"/><net_sink comp="590" pin=58"/></net>

<net id="911"><net_src comp="122" pin="0"/><net_sink comp="590" pin=59"/></net>

<net id="912"><net_src comp="124" pin="0"/><net_sink comp="590" pin=60"/></net>

<net id="913"><net_src comp="126" pin="0"/><net_sink comp="590" pin=61"/></net>

<net id="914"><net_src comp="128" pin="0"/><net_sink comp="590" pin=62"/></net>

<net id="915"><net_src comp="130" pin="0"/><net_sink comp="590" pin=63"/></net>

<net id="916"><net_src comp="132" pin="0"/><net_sink comp="590" pin=64"/></net>

<net id="917"><net_src comp="134" pin="0"/><net_sink comp="590" pin=65"/></net>

<net id="918"><net_src comp="136" pin="0"/><net_sink comp="590" pin=66"/></net>

<net id="919"><net_src comp="138" pin="0"/><net_sink comp="590" pin=67"/></net>

<net id="920"><net_src comp="140" pin="0"/><net_sink comp="590" pin=68"/></net>

<net id="921"><net_src comp="142" pin="0"/><net_sink comp="590" pin=69"/></net>

<net id="922"><net_src comp="144" pin="0"/><net_sink comp="590" pin=70"/></net>

<net id="923"><net_src comp="146" pin="0"/><net_sink comp="590" pin=71"/></net>

<net id="924"><net_src comp="148" pin="0"/><net_sink comp="590" pin=72"/></net>

<net id="925"><net_src comp="150" pin="0"/><net_sink comp="590" pin=73"/></net>

<net id="926"><net_src comp="152" pin="0"/><net_sink comp="590" pin=74"/></net>

<net id="927"><net_src comp="154" pin="0"/><net_sink comp="590" pin=75"/></net>

<net id="928"><net_src comp="156" pin="0"/><net_sink comp="590" pin=76"/></net>

<net id="929"><net_src comp="158" pin="0"/><net_sink comp="590" pin=77"/></net>

<net id="930"><net_src comp="160" pin="0"/><net_sink comp="590" pin=78"/></net>

<net id="931"><net_src comp="162" pin="0"/><net_sink comp="590" pin=79"/></net>

<net id="932"><net_src comp="164" pin="0"/><net_sink comp="590" pin=80"/></net>

<net id="933"><net_src comp="166" pin="0"/><net_sink comp="590" pin=81"/></net>

<net id="934"><net_src comp="168" pin="0"/><net_sink comp="590" pin=82"/></net>

<net id="935"><net_src comp="170" pin="0"/><net_sink comp="590" pin=83"/></net>

<net id="936"><net_src comp="172" pin="0"/><net_sink comp="590" pin=84"/></net>

<net id="937"><net_src comp="174" pin="0"/><net_sink comp="590" pin=85"/></net>

<net id="938"><net_src comp="176" pin="0"/><net_sink comp="590" pin=86"/></net>

<net id="939"><net_src comp="178" pin="0"/><net_sink comp="590" pin=87"/></net>

<net id="940"><net_src comp="180" pin="0"/><net_sink comp="590" pin=88"/></net>

<net id="941"><net_src comp="182" pin="0"/><net_sink comp="590" pin=89"/></net>

<net id="942"><net_src comp="184" pin="0"/><net_sink comp="590" pin=90"/></net>

<net id="943"><net_src comp="186" pin="0"/><net_sink comp="590" pin=91"/></net>

<net id="944"><net_src comp="188" pin="0"/><net_sink comp="590" pin=92"/></net>

<net id="945"><net_src comp="190" pin="0"/><net_sink comp="590" pin=93"/></net>

<net id="946"><net_src comp="192" pin="0"/><net_sink comp="590" pin=94"/></net>

<net id="947"><net_src comp="194" pin="0"/><net_sink comp="590" pin=95"/></net>

<net id="948"><net_src comp="196" pin="0"/><net_sink comp="590" pin=96"/></net>

<net id="949"><net_src comp="198" pin="0"/><net_sink comp="590" pin=97"/></net>

<net id="950"><net_src comp="200" pin="0"/><net_sink comp="590" pin=98"/></net>

<net id="951"><net_src comp="202" pin="0"/><net_sink comp="590" pin=99"/></net>

<net id="952"><net_src comp="204" pin="0"/><net_sink comp="590" pin=100"/></net>

<net id="953"><net_src comp="206" pin="0"/><net_sink comp="590" pin=101"/></net>

<net id="954"><net_src comp="208" pin="0"/><net_sink comp="590" pin=102"/></net>

<net id="955"><net_src comp="210" pin="0"/><net_sink comp="590" pin=103"/></net>

<net id="956"><net_src comp="212" pin="0"/><net_sink comp="590" pin=104"/></net>

<net id="957"><net_src comp="214" pin="0"/><net_sink comp="590" pin=105"/></net>

<net id="958"><net_src comp="216" pin="0"/><net_sink comp="590" pin=106"/></net>

<net id="959"><net_src comp="218" pin="0"/><net_sink comp="590" pin=107"/></net>

<net id="960"><net_src comp="220" pin="0"/><net_sink comp="590" pin=108"/></net>

<net id="961"><net_src comp="222" pin="0"/><net_sink comp="590" pin=109"/></net>

<net id="962"><net_src comp="224" pin="0"/><net_sink comp="590" pin=110"/></net>

<net id="963"><net_src comp="226" pin="0"/><net_sink comp="590" pin=111"/></net>

<net id="964"><net_src comp="228" pin="0"/><net_sink comp="590" pin=112"/></net>

<net id="965"><net_src comp="230" pin="0"/><net_sink comp="590" pin=113"/></net>

<net id="966"><net_src comp="232" pin="0"/><net_sink comp="590" pin=114"/></net>

<net id="967"><net_src comp="234" pin="0"/><net_sink comp="590" pin=115"/></net>

<net id="968"><net_src comp="236" pin="0"/><net_sink comp="590" pin=116"/></net>

<net id="969"><net_src comp="238" pin="0"/><net_sink comp="590" pin=117"/></net>

<net id="970"><net_src comp="240" pin="0"/><net_sink comp="590" pin=118"/></net>

<net id="971"><net_src comp="242" pin="0"/><net_sink comp="590" pin=119"/></net>

<net id="972"><net_src comp="244" pin="0"/><net_sink comp="590" pin=120"/></net>

<net id="973"><net_src comp="246" pin="0"/><net_sink comp="590" pin=121"/></net>

<net id="974"><net_src comp="248" pin="0"/><net_sink comp="590" pin=122"/></net>

<net id="975"><net_src comp="250" pin="0"/><net_sink comp="590" pin=123"/></net>

<net id="976"><net_src comp="252" pin="0"/><net_sink comp="590" pin=124"/></net>

<net id="977"><net_src comp="254" pin="0"/><net_sink comp="590" pin=125"/></net>

<net id="978"><net_src comp="256" pin="0"/><net_sink comp="590" pin=126"/></net>

<net id="979"><net_src comp="258" pin="0"/><net_sink comp="590" pin=127"/></net>

<net id="980"><net_src comp="260" pin="0"/><net_sink comp="590" pin=128"/></net>

<net id="981"><net_src comp="262" pin="0"/><net_sink comp="590" pin=129"/></net>

<net id="982"><net_src comp="264" pin="0"/><net_sink comp="590" pin=130"/></net>

<net id="983"><net_src comp="266" pin="0"/><net_sink comp="590" pin=131"/></net>

<net id="984"><net_src comp="268" pin="0"/><net_sink comp="590" pin=132"/></net>

<net id="985"><net_src comp="270" pin="0"/><net_sink comp="590" pin=133"/></net>

<net id="986"><net_src comp="272" pin="0"/><net_sink comp="590" pin=134"/></net>

<net id="987"><net_src comp="274" pin="0"/><net_sink comp="590" pin=135"/></net>

<net id="988"><net_src comp="276" pin="0"/><net_sink comp="590" pin=136"/></net>

<net id="989"><net_src comp="278" pin="0"/><net_sink comp="590" pin=137"/></net>

<net id="990"><net_src comp="280" pin="0"/><net_sink comp="590" pin=138"/></net>

<net id="991"><net_src comp="282" pin="0"/><net_sink comp="590" pin=139"/></net>

<net id="992"><net_src comp="284" pin="0"/><net_sink comp="590" pin=140"/></net>

<net id="993"><net_src comp="286" pin="0"/><net_sink comp="590" pin=141"/></net>

<net id="994"><net_src comp="288" pin="0"/><net_sink comp="590" pin=142"/></net>

<net id="995"><net_src comp="290" pin="0"/><net_sink comp="590" pin=143"/></net>

<net id="996"><net_src comp="292" pin="0"/><net_sink comp="590" pin=144"/></net>

<net id="997"><net_src comp="294" pin="0"/><net_sink comp="590" pin=145"/></net>

<net id="998"><net_src comp="296" pin="0"/><net_sink comp="590" pin=146"/></net>

<net id="999"><net_src comp="298" pin="0"/><net_sink comp="590" pin=147"/></net>

<net id="1000"><net_src comp="300" pin="0"/><net_sink comp="590" pin=148"/></net>

<net id="1001"><net_src comp="302" pin="0"/><net_sink comp="590" pin=149"/></net>

<net id="1002"><net_src comp="304" pin="0"/><net_sink comp="590" pin=150"/></net>

<net id="1003"><net_src comp="306" pin="0"/><net_sink comp="590" pin=151"/></net>

<net id="1004"><net_src comp="308" pin="0"/><net_sink comp="590" pin=152"/></net>

<net id="1005"><net_src comp="310" pin="0"/><net_sink comp="590" pin=153"/></net>

<net id="1006"><net_src comp="312" pin="0"/><net_sink comp="590" pin=154"/></net>

<net id="1007"><net_src comp="314" pin="0"/><net_sink comp="590" pin=155"/></net>

<net id="1008"><net_src comp="316" pin="0"/><net_sink comp="590" pin=156"/></net>

<net id="1009"><net_src comp="318" pin="0"/><net_sink comp="590" pin=157"/></net>

<net id="1010"><net_src comp="320" pin="0"/><net_sink comp="590" pin=158"/></net>

<net id="1011"><net_src comp="322" pin="0"/><net_sink comp="590" pin=159"/></net>

<net id="1012"><net_src comp="324" pin="0"/><net_sink comp="590" pin=160"/></net>

<net id="1013"><net_src comp="326" pin="0"/><net_sink comp="590" pin=161"/></net>

<net id="1014"><net_src comp="328" pin="0"/><net_sink comp="590" pin=162"/></net>

<net id="1015"><net_src comp="330" pin="0"/><net_sink comp="590" pin=163"/></net>

<net id="1016"><net_src comp="332" pin="0"/><net_sink comp="590" pin=164"/></net>

<net id="1017"><net_src comp="334" pin="0"/><net_sink comp="590" pin=165"/></net>

<net id="1018"><net_src comp="336" pin="0"/><net_sink comp="590" pin=166"/></net>

<net id="1019"><net_src comp="338" pin="0"/><net_sink comp="590" pin=167"/></net>

<net id="1020"><net_src comp="340" pin="0"/><net_sink comp="590" pin=168"/></net>

<net id="1021"><net_src comp="342" pin="0"/><net_sink comp="590" pin=169"/></net>

<net id="1022"><net_src comp="344" pin="0"/><net_sink comp="590" pin=170"/></net>

<net id="1023"><net_src comp="346" pin="0"/><net_sink comp="590" pin=171"/></net>

<net id="1024"><net_src comp="348" pin="0"/><net_sink comp="590" pin=172"/></net>

<net id="1025"><net_src comp="350" pin="0"/><net_sink comp="590" pin=173"/></net>

<net id="1026"><net_src comp="352" pin="0"/><net_sink comp="590" pin=174"/></net>

<net id="1027"><net_src comp="354" pin="0"/><net_sink comp="590" pin=175"/></net>

<net id="1028"><net_src comp="356" pin="0"/><net_sink comp="590" pin=176"/></net>

<net id="1029"><net_src comp="358" pin="0"/><net_sink comp="590" pin=177"/></net>

<net id="1030"><net_src comp="360" pin="0"/><net_sink comp="590" pin=178"/></net>

<net id="1031"><net_src comp="362" pin="0"/><net_sink comp="590" pin=179"/></net>

<net id="1032"><net_src comp="364" pin="0"/><net_sink comp="590" pin=180"/></net>

<net id="1033"><net_src comp="366" pin="0"/><net_sink comp="590" pin=181"/></net>

<net id="1034"><net_src comp="368" pin="0"/><net_sink comp="590" pin=182"/></net>

<net id="1035"><net_src comp="370" pin="0"/><net_sink comp="590" pin=183"/></net>

<net id="1036"><net_src comp="372" pin="0"/><net_sink comp="590" pin=184"/></net>

<net id="1037"><net_src comp="374" pin="0"/><net_sink comp="590" pin=185"/></net>

<net id="1038"><net_src comp="376" pin="0"/><net_sink comp="590" pin=186"/></net>

<net id="1039"><net_src comp="378" pin="0"/><net_sink comp="590" pin=187"/></net>

<net id="1040"><net_src comp="380" pin="0"/><net_sink comp="590" pin=188"/></net>

<net id="1041"><net_src comp="382" pin="0"/><net_sink comp="590" pin=189"/></net>

<net id="1042"><net_src comp="384" pin="0"/><net_sink comp="590" pin=190"/></net>

<net id="1043"><net_src comp="386" pin="0"/><net_sink comp="590" pin=191"/></net>

<net id="1044"><net_src comp="388" pin="0"/><net_sink comp="590" pin=192"/></net>

<net id="1045"><net_src comp="390" pin="0"/><net_sink comp="590" pin=193"/></net>

<net id="1046"><net_src comp="392" pin="0"/><net_sink comp="590" pin=194"/></net>

<net id="1047"><net_src comp="394" pin="0"/><net_sink comp="590" pin=195"/></net>

<net id="1048"><net_src comp="396" pin="0"/><net_sink comp="590" pin=196"/></net>

<net id="1049"><net_src comp="398" pin="0"/><net_sink comp="590" pin=197"/></net>

<net id="1050"><net_src comp="400" pin="0"/><net_sink comp="590" pin=198"/></net>

<net id="1051"><net_src comp="402" pin="0"/><net_sink comp="590" pin=199"/></net>

<net id="1052"><net_src comp="404" pin="0"/><net_sink comp="590" pin=200"/></net>

<net id="1053"><net_src comp="406" pin="0"/><net_sink comp="590" pin=201"/></net>

<net id="1054"><net_src comp="408" pin="0"/><net_sink comp="590" pin=202"/></net>

<net id="1055"><net_src comp="410" pin="0"/><net_sink comp="590" pin=203"/></net>

<net id="1056"><net_src comp="412" pin="0"/><net_sink comp="590" pin=204"/></net>

<net id="1057"><net_src comp="414" pin="0"/><net_sink comp="590" pin=205"/></net>

<net id="1058"><net_src comp="416" pin="0"/><net_sink comp="590" pin=206"/></net>

<net id="1059"><net_src comp="418" pin="0"/><net_sink comp="590" pin=207"/></net>

<net id="1060"><net_src comp="420" pin="0"/><net_sink comp="590" pin=208"/></net>

<net id="1061"><net_src comp="422" pin="0"/><net_sink comp="590" pin=209"/></net>

<net id="1062"><net_src comp="424" pin="0"/><net_sink comp="590" pin=210"/></net>

<net id="1063"><net_src comp="426" pin="0"/><net_sink comp="590" pin=211"/></net>

<net id="1064"><net_src comp="428" pin="0"/><net_sink comp="590" pin=212"/></net>

<net id="1065"><net_src comp="430" pin="0"/><net_sink comp="590" pin=213"/></net>

<net id="1066"><net_src comp="432" pin="0"/><net_sink comp="590" pin=214"/></net>

<net id="1067"><net_src comp="434" pin="0"/><net_sink comp="590" pin=215"/></net>

<net id="1068"><net_src comp="436" pin="0"/><net_sink comp="590" pin=216"/></net>

<net id="1069"><net_src comp="438" pin="0"/><net_sink comp="590" pin=217"/></net>

<net id="1070"><net_src comp="440" pin="0"/><net_sink comp="590" pin=218"/></net>

<net id="1071"><net_src comp="442" pin="0"/><net_sink comp="590" pin=219"/></net>

<net id="1072"><net_src comp="444" pin="0"/><net_sink comp="590" pin=220"/></net>

<net id="1073"><net_src comp="446" pin="0"/><net_sink comp="590" pin=221"/></net>

<net id="1074"><net_src comp="448" pin="0"/><net_sink comp="590" pin=222"/></net>

<net id="1075"><net_src comp="450" pin="0"/><net_sink comp="590" pin=223"/></net>

<net id="1076"><net_src comp="452" pin="0"/><net_sink comp="590" pin=224"/></net>

<net id="1077"><net_src comp="454" pin="0"/><net_sink comp="590" pin=225"/></net>

<net id="1078"><net_src comp="456" pin="0"/><net_sink comp="590" pin=226"/></net>

<net id="1079"><net_src comp="458" pin="0"/><net_sink comp="590" pin=227"/></net>

<net id="1080"><net_src comp="460" pin="0"/><net_sink comp="590" pin=228"/></net>

<net id="1081"><net_src comp="462" pin="0"/><net_sink comp="590" pin=229"/></net>

<net id="1082"><net_src comp="464" pin="0"/><net_sink comp="590" pin=230"/></net>

<net id="1083"><net_src comp="466" pin="0"/><net_sink comp="590" pin=231"/></net>

<net id="1084"><net_src comp="468" pin="0"/><net_sink comp="590" pin=232"/></net>

<net id="1085"><net_src comp="470" pin="0"/><net_sink comp="590" pin=233"/></net>

<net id="1086"><net_src comp="472" pin="0"/><net_sink comp="590" pin=234"/></net>

<net id="1087"><net_src comp="474" pin="0"/><net_sink comp="590" pin=235"/></net>

<net id="1088"><net_src comp="476" pin="0"/><net_sink comp="590" pin=236"/></net>

<net id="1089"><net_src comp="478" pin="0"/><net_sink comp="590" pin=237"/></net>

<net id="1090"><net_src comp="480" pin="0"/><net_sink comp="590" pin=238"/></net>

<net id="1091"><net_src comp="482" pin="0"/><net_sink comp="590" pin=239"/></net>

<net id="1092"><net_src comp="484" pin="0"/><net_sink comp="590" pin=240"/></net>

<net id="1093"><net_src comp="486" pin="0"/><net_sink comp="590" pin=241"/></net>

<net id="1094"><net_src comp="488" pin="0"/><net_sink comp="590" pin=242"/></net>

<net id="1095"><net_src comp="490" pin="0"/><net_sink comp="590" pin=243"/></net>

<net id="1096"><net_src comp="492" pin="0"/><net_sink comp="590" pin=244"/></net>

<net id="1097"><net_src comp="494" pin="0"/><net_sink comp="590" pin=245"/></net>

<net id="1098"><net_src comp="496" pin="0"/><net_sink comp="590" pin=246"/></net>

<net id="1099"><net_src comp="498" pin="0"/><net_sink comp="590" pin=247"/></net>

<net id="1100"><net_src comp="500" pin="0"/><net_sink comp="590" pin=248"/></net>

<net id="1101"><net_src comp="502" pin="0"/><net_sink comp="590" pin=249"/></net>

<net id="1102"><net_src comp="504" pin="0"/><net_sink comp="590" pin=250"/></net>

<net id="1103"><net_src comp="506" pin="0"/><net_sink comp="590" pin=251"/></net>

<net id="1104"><net_src comp="508" pin="0"/><net_sink comp="590" pin=252"/></net>

<net id="1105"><net_src comp="510" pin="0"/><net_sink comp="590" pin=253"/></net>

<net id="1106"><net_src comp="512" pin="0"/><net_sink comp="590" pin=254"/></net>

<net id="1107"><net_src comp="514" pin="0"/><net_sink comp="590" pin=255"/></net>

<net id="1108"><net_src comp="516" pin="0"/><net_sink comp="590" pin=256"/></net>

<net id="1109"><net_src comp="578" pin="2"/><net_sink comp="590" pin=257"/></net>

<net id="1110"><net_src comp="572" pin="2"/><net_sink comp="590" pin=258"/></net>

<net id="1118"><net_src comp="530" pin="0"/><net_sink comp="1111" pin=0"/></net>

<net id="1119"><net_src comp="0" pin="0"/><net_sink comp="1111" pin=1"/></net>

<net id="1120"><net_src comp="584" pin="2"/><net_sink comp="1111" pin=2"/></net>

<net id="1124"><net_src comp="572" pin="2"/><net_sink comp="1121" pin=0"/></net>

<net id="1125"><net_src comp="1121" pin="1"/><net_sink comp="590" pin=258"/></net>

<net id="1129"><net_src comp="578" pin="2"/><net_sink comp="1126" pin=0"/></net>

<net id="1130"><net_src comp="1126" pin="1"/><net_sink comp="590" pin=257"/></net>

<net id="1131"><net_src comp="1126" pin="1"/><net_sink comp="1111" pin=3"/></net>

<net id="1135"><net_src comp="568" pin="1"/><net_sink comp="1132" pin=0"/></net>

<net id="1136"><net_src comp="1132" pin="1"/><net_sink comp="590" pin=259"/></net>

<net id="1137"><net_src comp="1132" pin="1"/><net_sink comp="1111" pin=4"/></net>

<net id="1141"><net_src comp="584" pin="2"/><net_sink comp="1138" pin=0"/></net>

<net id="1142"><net_src comp="1138" pin="1"/><net_sink comp="1111" pin=2"/></net>

</net_list>

</model> 
---------------- Datapath Model END ------------------

* FSMD analyzer results:
  - Output states:
	Port: mem | {3 4 }
 - Input state : 
	Port: normalize_and_store : mem | {3 4 }
	Port: normalize_and_store : pr_l | {3 }
	Port: normalize_and_store : n | {1 }
	Port: normalize_and_store : exp_buf_0_0 | {1 2 }
	Port: normalize_and_store : exp_buf_0_1 | {1 2 }
	Port: normalize_and_store : exp_buf_0_2 | {1 2 }
	Port: normalize_and_store : exp_buf_0_3 | {1 2 }
	Port: normalize_and_store : exp_buf_0_4 | {1 2 }
	Port: normalize_and_store : exp_buf_0_5 | {1 2 }
	Port: normalize_and_store : exp_buf_0_6 | {1 2 }
	Port: normalize_and_store : exp_buf_0_7 | {1 2 }
	Port: normalize_and_store : exp_buf_0_8 | {1 2 }
	Port: normalize_and_store : exp_buf_0_9 | {1 2 }
	Port: normalize_and_store : exp_buf_0_10 | {1 2 }
	Port: normalize_and_store : exp_buf_0_11 | {1 2 }
	Port: normalize_and_store : exp_buf_0_12 | {1 2 }
	Port: normalize_and_store : exp_buf_0_13 | {1 2 }
	Port: normalize_and_store : exp_buf_0_14 | {1 2 }
	Port: normalize_and_store : exp_buf_0_15 | {1 2 }
	Port: normalize_and_store : exp_buf_0_16 | {1 2 }
	Port: normalize_and_store : exp_buf_0_17 | {1 2 }
	Port: normalize_and_store : exp_buf_0_18 | {1 2 }
	Port: normalize_and_store : exp_buf_0_19 | {1 2 }
	Port: normalize_and_store : exp_buf_0_20 | {1 2 }
	Port: normalize_and_store : exp_buf_0_21 | {1 2 }
	Port: normalize_and_store : exp_buf_0_22 | {1 2 }
	Port: normalize_and_store : exp_buf_0_23 | {1 2 }
	Port: normalize_and_store : exp_buf_0_24 | {1 2 }
	Port: normalize_and_store : exp_buf_0_25 | {1 2 }
	Port: normalize_and_store : exp_buf_0_26 | {1 2 }
	Port: normalize_and_store : exp_buf_0_27 | {1 2 }
	Port: normalize_and_store : exp_buf_0_28 | {1 2 }
	Port: normalize_and_store : exp_buf_0_29 | {1 2 }
	Port: normalize_and_store : exp_buf_0_30 | {1 2 }
	Port: normalize_and_store : exp_buf_0_31 | {1 2 }
	Port: normalize_and_store : exp_buf_0_32 | {1 2 }
	Port: normalize_and_store : exp_buf_0_33 | {1 2 }
	Port: normalize_and_store : exp_buf_0_34 | {1 2 }
	Port: normalize_and_store : exp_buf_0_35 | {1 2 }
	Port: normalize_and_store : exp_buf_0_36 | {1 2 }
	Port: normalize_and_store : exp_buf_0_37 | {1 2 }
	Port: normalize_and_store : exp_buf_0_38 | {1 2 }
	Port: normalize_and_store : exp_buf_0_39 | {1 2 }
	Port: normalize_and_store : exp_buf_0_40 | {1 2 }
	Port: normalize_and_store : exp_buf_0_41 | {1 2 }
	Port: normalize_and_store : exp_buf_0_42 | {1 2 }
	Port: normalize_and_store : exp_buf_0_43 | {1 2 }
	Port: normalize_and_store : exp_buf_0_44 | {1 2 }
	Port: normalize_and_store : exp_buf_0_45 | {1 2 }
	Port: normalize_and_store : exp_buf_0_46 | {1 2 }
	Port: normalize_and_store : exp_buf_0_47 | {1 2 }
	Port: normalize_and_store : exp_buf_0_48 | {1 2 }
	Port: normalize_and_store : exp_buf_0_49 | {1 2 }
	Port: normalize_and_store : exp_buf_0_50 | {1 2 }
	Port: normalize_and_store : exp_buf_0_51 | {1 2 }
	Port: normalize_and_store : exp_buf_0_52 | {1 2 }
	Port: normalize_and_store : exp_buf_0_53 | {1 2 }
	Port: normalize_and_store : exp_buf_0_54 | {1 2 }
	Port: normalize_and_store : exp_buf_0_55 | {1 2 }
	Port: normalize_and_store : exp_buf_0_56 | {1 2 }
	Port: normalize_and_store : exp_buf_0_57 | {1 2 }
	Port: normalize_and_store : exp_buf_0_58 | {1 2 }
	Port: normalize_and_store : exp_buf_0_59 | {1 2 }
	Port: normalize_and_store : exp_buf_0_60 | {1 2 }
	Port: normalize_and_store : exp_buf_0_61 | {1 2 }
	Port: normalize_and_store : exp_buf_0_62 | {1 2 }
	Port: normalize_and_store : exp_buf_0_63 | {1 2 }
	Port: normalize_and_store : exp_buf_1_0 | {1 2 }
	Port: normalize_and_store : exp_buf_1_1 | {1 2 }
	Port: normalize_and_store : exp_buf_1_2 | {1 2 }
	Port: normalize_and_store : exp_buf_1_3 | {1 2 }
	Port: normalize_and_store : exp_buf_1_4 | {1 2 }
	Port: normalize_and_store : exp_buf_1_5 | {1 2 }
	Port: normalize_and_store : exp_buf_1_6 | {1 2 }
	Port: normalize_and_store : exp_buf_1_7 | {1 2 }
	Port: normalize_and_store : exp_buf_1_8 | {1 2 }
	Port: normalize_and_store : exp_buf_1_9 | {1 2 }
	Port: normalize_and_store : exp_buf_1_10 | {1 2 }
	Port: normalize_and_store : exp_buf_1_11 | {1 2 }
	Port: normalize_and_store : exp_buf_1_12 | {1 2 }
	Port: normalize_and_store : exp_buf_1_13 | {1 2 }
	Port: normalize_and_store : exp_buf_1_14 | {1 2 }
	Port: normalize_and_store : exp_buf_1_15 | {1 2 }
	Port: normalize_and_store : exp_buf_1_16 | {1 2 }
	Port: normalize_and_store : exp_buf_1_17 | {1 2 }
	Port: normalize_and_store : exp_buf_1_18 | {1 2 }
	Port: normalize_and_store : exp_buf_1_19 | {1 2 }
	Port: normalize_and_store : exp_buf_1_20 | {1 2 }
	Port: normalize_and_store : exp_buf_1_21 | {1 2 }
	Port: normalize_and_store : exp_buf_1_22 | {1 2 }
	Port: normalize_and_store : exp_buf_1_23 | {1 2 }
	Port: normalize_and_store : exp_buf_1_24 | {1 2 }
	Port: normalize_and_store : exp_buf_1_25 | {1 2 }
	Port: normalize_and_store : exp_buf_1_26 | {1 2 }
	Port: normalize_and_store : exp_buf_1_27 | {1 2 }
	Port: normalize_and_store : exp_buf_1_28 | {1 2 }
	Port: normalize_and_store : exp_buf_1_29 | {1 2 }
	Port: normalize_and_store : exp_buf_1_30 | {1 2 }
	Port: normalize_and_store : exp_buf_1_31 | {1 2 }
	Port: normalize_and_store : exp_buf_1_32 | {1 2 }
	Port: normalize_and_store : exp_buf_1_33 | {1 2 }
	Port: normalize_and_store : exp_buf_1_34 | {1 2 }
	Port: normalize_and_store : exp_buf_1_35 | {1 2 }
	Port: normalize_and_store : exp_buf_1_36 | {1 2 }
	Port: normalize_and_store : exp_buf_1_37 | {1 2 }
	Port: normalize_and_store : exp_buf_1_38 | {1 2 }
	Port: normalize_and_store : exp_buf_1_39 | {1 2 }
	Port: normalize_and_store : exp_buf_1_40 | {1 2 }
	Port: normalize_and_store : exp_buf_1_41 | {1 2 }
	Port: normalize_and_store : exp_buf_1_42 | {1 2 }
	Port: normalize_and_store : exp_buf_1_43 | {1 2 }
	Port: normalize_and_store : exp_buf_1_44 | {1 2 }
	Port: normalize_and_store : exp_buf_1_45 | {1 2 }
	Port: normalize_and_store : exp_buf_1_46 | {1 2 }
	Port: normalize_and_store : exp_buf_1_47 | {1 2 }
	Port: normalize_and_store : exp_buf_1_48 | {1 2 }
	Port: normalize_and_store : exp_buf_1_49 | {1 2 }
	Port: normalize_and_store : exp_buf_1_50 | {1 2 }
	Port: normalize_and_store : exp_buf_1_51 | {1 2 }
	Port: normalize_and_store : exp_buf_1_52 | {1 2 }
	Port: normalize_and_store : exp_buf_1_53 | {1 2 }
	Port: normalize_and_store : exp_buf_1_54 | {1 2 }
	Port: normalize_and_store : exp_buf_1_55 | {1 2 }
	Port: normalize_and_store : exp_buf_1_56 | {1 2 }
	Port: normalize_and_store : exp_buf_1_57 | {1 2 }
	Port: normalize_and_store : exp_buf_1_58 | {1 2 }
	Port: normalize_and_store : exp_buf_1_59 | {1 2 }
	Port: normalize_and_store : exp_buf_1_60 | {1 2 }
	Port: normalize_and_store : exp_buf_1_61 | {1 2 }
	Port: normalize_and_store : exp_buf_1_62 | {1 2 }
	Port: normalize_and_store : exp_buf_1_63 | {1 2 }
	Port: normalize_and_store : exp_buf_2_0 | {1 2 }
	Port: normalize_and_store : exp_buf_2_1 | {1 2 }
	Port: normalize_and_store : exp_buf_2_2 | {1 2 }
	Port: normalize_and_store : exp_buf_2_3 | {1 2 }
	Port: normalize_and_store : exp_buf_2_4 | {1 2 }
	Port: normalize_and_store : exp_buf_2_5 | {1 2 }
	Port: normalize_and_store : exp_buf_2_6 | {1 2 }
	Port: normalize_and_store : exp_buf_2_7 | {1 2 }
	Port: normalize_and_store : exp_buf_2_8 | {1 2 }
	Port: normalize_and_store : exp_buf_2_9 | {1 2 }
	Port: normalize_and_store : exp_buf_2_10 | {1 2 }
	Port: normalize_and_store : exp_buf_2_11 | {1 2 }
	Port: normalize_and_store : exp_buf_2_12 | {1 2 }
	Port: normalize_and_store : exp_buf_2_13 | {1 2 }
	Port: normalize_and_store : exp_buf_2_14 | {1 2 }
	Port: normalize_and_store : exp_buf_2_15 | {1 2 }
	Port: normalize_and_store : exp_buf_2_16 | {1 2 }
	Port: normalize_and_store : exp_buf_2_17 | {1 2 }
	Port: normalize_and_store : exp_buf_2_18 | {1 2 }
	Port: normalize_and_store : exp_buf_2_19 | {1 2 }
	Port: normalize_and_store : exp_buf_2_20 | {1 2 }
	Port: normalize_and_store : exp_buf_2_21 | {1 2 }
	Port: normalize_and_store : exp_buf_2_22 | {1 2 }
	Port: normalize_and_store : exp_buf_2_23 | {1 2 }
	Port: normalize_and_store : exp_buf_2_24 | {1 2 }
	Port: normalize_and_store : exp_buf_2_25 | {1 2 }
	Port: normalize_and_store : exp_buf_2_26 | {1 2 }
	Port: normalize_and_store : exp_buf_2_27 | {1 2 }
	Port: normalize_and_store : exp_buf_2_28 | {1 2 }
	Port: normalize_and_store : exp_buf_2_29 | {1 2 }
	Port: normalize_and_store : exp_buf_2_30 | {1 2 }
	Port: normalize_and_store : exp_buf_2_31 | {1 2 }
	Port: normalize_and_store : exp_buf_2_32 | {1 2 }
	Port: normalize_and_store : exp_buf_2_33 | {1 2 }
	Port: normalize_and_store : exp_buf_2_34 | {1 2 }
	Port: normalize_and_store : exp_buf_2_35 | {1 2 }
	Port: normalize_and_store : exp_buf_2_36 | {1 2 }
	Port: normalize_and_store : exp_buf_2_37 | {1 2 }
	Port: normalize_and_store : exp_buf_2_38 | {1 2 }
	Port: normalize_and_store : exp_buf_2_39 | {1 2 }
	Port: normalize_and_store : exp_buf_2_40 | {1 2 }
	Port: normalize_and_store : exp_buf_2_41 | {1 2 }
	Port: normalize_and_store : exp_buf_2_42 | {1 2 }
	Port: normalize_and_store : exp_buf_2_43 | {1 2 }
	Port: normalize_and_store : exp_buf_2_44 | {1 2 }
	Port: normalize_and_store : exp_buf_2_45 | {1 2 }
	Port: normalize_and_store : exp_buf_2_46 | {1 2 }
	Port: normalize_and_store : exp_buf_2_47 | {1 2 }
	Port: normalize_and_store : exp_buf_2_48 | {1 2 }
	Port: normalize_and_store : exp_buf_2_49 | {1 2 }
	Port: normalize_and_store : exp_buf_2_50 | {1 2 }
	Port: normalize_and_store : exp_buf_2_51 | {1 2 }
	Port: normalize_and_store : exp_buf_2_52 | {1 2 }
	Port: normalize_and_store : exp_buf_2_53 | {1 2 }
	Port: normalize_and_store : exp_buf_2_54 | {1 2 }
	Port: normalize_and_store : exp_buf_2_55 | {1 2 }
	Port: normalize_and_store : exp_buf_2_56 | {1 2 }
	Port: normalize_and_store : exp_buf_2_57 | {1 2 }
	Port: normalize_and_store : exp_buf_2_58 | {1 2 }
	Port: normalize_and_store : exp_buf_2_59 | {1 2 }
	Port: normalize_and_store : exp_buf_2_60 | {1 2 }
	Port: normalize_and_store : exp_buf_2_61 | {1 2 }
	Port: normalize_and_store : exp_buf_2_62 | {1 2 }
	Port: normalize_and_store : exp_buf_2_63 | {1 2 }
	Port: normalize_and_store : exp_buf_3_0 | {1 2 }
	Port: normalize_and_store : exp_buf_3_1 | {1 2 }
	Port: normalize_and_store : exp_buf_3_2 | {1 2 }
	Port: normalize_and_store : exp_buf_3_3 | {1 2 }
	Port: normalize_and_store : exp_buf_3_4 | {1 2 }
	Port: normalize_and_store : exp_buf_3_5 | {1 2 }
	Port: normalize_and_store : exp_buf_3_6 | {1 2 }
	Port: normalize_and_store : exp_buf_3_7 | {1 2 }
	Port: normalize_and_store : exp_buf_3_8 | {1 2 }
	Port: normalize_and_store : exp_buf_3_9 | {1 2 }
	Port: normalize_and_store : exp_buf_3_10 | {1 2 }
	Port: normalize_and_store : exp_buf_3_11 | {1 2 }
	Port: normalize_and_store : exp_buf_3_12 | {1 2 }
	Port: normalize_and_store : exp_buf_3_13 | {1 2 }
	Port: normalize_and_store : exp_buf_3_14 | {1 2 }
	Port: normalize_and_store : exp_buf_3_15 | {1 2 }
	Port: normalize_and_store : exp_buf_3_16 | {1 2 }
	Port: normalize_and_store : exp_buf_3_17 | {1 2 }
	Port: normalize_and_store : exp_buf_3_18 | {1 2 }
	Port: normalize_and_store : exp_buf_3_19 | {1 2 }
	Port: normalize_and_store : exp_buf_3_20 | {1 2 }
	Port: normalize_and_store : exp_buf_3_21 | {1 2 }
	Port: normalize_and_store : exp_buf_3_22 | {1 2 }
	Port: normalize_and_store : exp_buf_3_23 | {1 2 }
	Port: normalize_and_store : exp_buf_3_24 | {1 2 }
	Port: normalize_and_store : exp_buf_3_25 | {1 2 }
	Port: normalize_and_store : exp_buf_3_26 | {1 2 }
	Port: normalize_and_store : exp_buf_3_27 | {1 2 }
	Port: normalize_and_store : exp_buf_3_28 | {1 2 }
	Port: normalize_and_store : exp_buf_3_29 | {1 2 }
	Port: normalize_and_store : exp_buf_3_30 | {1 2 }
	Port: normalize_and_store : exp_buf_3_31 | {1 2 }
	Port: normalize_and_store : exp_buf_3_32 | {1 2 }
	Port: normalize_and_store : exp_buf_3_33 | {1 2 }
	Port: normalize_and_store : exp_buf_3_34 | {1 2 }
	Port: normalize_and_store : exp_buf_3_35 | {1 2 }
	Port: normalize_and_store : exp_buf_3_36 | {1 2 }
	Port: normalize_and_store : exp_buf_3_37 | {1 2 }
	Port: normalize_and_store : exp_buf_3_38 | {1 2 }
	Port: normalize_and_store : exp_buf_3_39 | {1 2 }
	Port: normalize_and_store : exp_buf_3_40 | {1 2 }
	Port: normalize_and_store : exp_buf_3_41 | {1 2 }
	Port: normalize_and_store : exp_buf_3_42 | {1 2 }
	Port: normalize_and_store : exp_buf_3_43 | {1 2 }
	Port: normalize_and_store : exp_buf_3_44 | {1 2 }
	Port: normalize_and_store : exp_buf_3_45 | {1 2 }
	Port: normalize_and_store : exp_buf_3_46 | {1 2 }
	Port: normalize_and_store : exp_buf_3_47 | {1 2 }
	Port: normalize_and_store : exp_buf_3_48 | {1 2 }
	Port: normalize_and_store : exp_buf_3_49 | {1 2 }
	Port: normalize_and_store : exp_buf_3_50 | {1 2 }
	Port: normalize_and_store : exp_buf_3_51 | {1 2 }
	Port: normalize_and_store : exp_buf_3_52 | {1 2 }
	Port: normalize_and_store : exp_buf_3_53 | {1 2 }
	Port: normalize_and_store : exp_buf_3_54 | {1 2 }
	Port: normalize_and_store : exp_buf_3_55 | {1 2 }
	Port: normalize_and_store : exp_buf_3_56 | {1 2 }
	Port: normalize_and_store : exp_buf_3_57 | {1 2 }
	Port: normalize_and_store : exp_buf_3_58 | {1 2 }
	Port: normalize_and_store : exp_buf_3_59 | {1 2 }
	Port: normalize_and_store : exp_buf_3_60 | {1 2 }
	Port: normalize_and_store : exp_buf_3_61 | {1 2 }
	Port: normalize_and_store : exp_buf_3_62 | {1 2 }
	Port: normalize_and_store : exp_buf_3_63 | {1 2 }
	Port: normalize_and_store : inv_sum_q30 | {1 }
  - Chain level:
	State 1
		call_ln403 : 1
	State 2
	State 3
	State 4


============================================================
+ Verbose Summary: Datapath Resource usage 
============================================================

* Functional unit list:
|----------|-------------------------------|---------|---------|---------|---------|
| Operation|        Functional Unit        |   DSP   |  Delay  |    FF   |   LUT   |
|----------|-------------------------------|---------|---------|---------|---------|
|   call   |  grp_emit_prob_stream_fu_590  |    16   | 411.292 |   8569  |   3738  |
|          | grp_write_prob_stream_fu_1111 |    0    |  4.764  |   271   |   611   |
|----------|-------------------------------|---------|---------|---------|---------|
|          |  inv_sum_q30_read_read_fu_572 |    0    |    0    |    0    |    0    |
|   read   |       n_read_read_fu_578      |    0    |    0    |    0    |    0    |
|          |     pr_l_read_read_fu_584     |    0    |    0    |    0    |    0    |
|----------|-------------------------------|---------|---------|---------|---------|
|   Total  |                               |    16   | 416.056 |   8840  |   4349  |
|----------|-------------------------------|---------|---------|---------|---------|

Memories:
N/A

* Register list:
+-------------------------+--------+
|                         |   FF   |
+-------------------------+--------+
|inv_sum_q30_read_reg_1121|   31   |
|     n_read_reg_1126     |    9   |
|    pr_l_read_reg_1138   |   14   |
|   prob_stream_reg_1132  |   132  |
+-------------------------+--------+
|          Total          |   186  |
+-------------------------+--------+

* Multiplexer (MUX) list: 
|-------------------------------|------|------|------|--------||---------||---------||---------|
|              Comp             |  Pin | Size |  BW  | S x BW ||  Delay  ||    FF   ||   LUT   |
|-------------------------------|------|------|------|--------||---------||---------||---------|
|  grp_emit_prob_stream_fu_590  | p257 |   2  |   9  |   18   ||    0    ||    9    |
|  grp_emit_prob_stream_fu_590  | p258 |   2  |  31  |   62   ||    0    ||    9    |
| grp_write_prob_stream_fu_1111 |  p2  |   2  |  14  |   28   ||    0    ||    9    |
|-------------------------------|------|------|------|--------||---------||---------||---------|
|             Total             |      |      |      |   108  ||  4.764  ||    0    ||    27   |
|-------------------------------|------|------|------|--------||---------||---------||---------|



* Summary:
+-----------+--------+--------+--------+--------+
|           |   DSP  |  Delay |   FF   |   LUT  |
+-----------+--------+--------+--------+--------+
|  Function |   16   |   416  |  8840  |  4349  |
|   Memory  |    -   |    -   |    -   |    -   |
|Multiplexer|    -   |    4   |    0   |   27   |
|  Register |    -   |    -   |   186  |    -   |
+-----------+--------+--------+--------+--------+
|   Total   |   16   |   420  |  9026  |  4376  |
+-----------+--------+--------+--------+--------+
