

================================================================
== Vitis HLS Report for 'emit_exp_stream'
================================================================
* Date:           Sat Mar 14 13:29:02 2026

* Version:        2025.1 (Build 6135595 on May 21 2025)
* Project:        Prometheus_streaming
* Solution:       hls (Vivado IP Flow Target)
* Product family: zynq
* Target device:  xc7z020-clg400-1


================================================================
== Performance Estimates
================================================================
+ Timing: 
    * Summary: 
    +--------+----------+----------+------------+
    |  Clock |  Target  | Estimated| Uncertainty|
    +--------+----------+----------+------------+
    |ap_clk  |  11.80 ns|  8.206 ns|     3.19 ns|
    +--------+----------+----------+------------+

+ Latency: 
    * Summary: 
    +---------+---------+----------+----------+-----+-----+------------------------------------------------+
    |  Latency (cycles) |  Latency (absolute) |  Interval |                    Pipeline                    |
    |   min   |   max   |    min   |    max   | min | max |                      Type                      |
    +---------+---------+----------+----------+-----+-----+------------------------------------------------+
    |       11|      266|  0.130 us|  3.139 us|    2|  257|  loop auto-rewind stp (delay=0 clock cycles(s))|
    +---------+---------+----------+----------+-----+-----+------------------------------------------------+

    + Detail: 
        * Instance: 
        N/A

        * Loop: 
        +-----------------+---------+---------+----------+-----------+-----------+---------+----------+
        |                 |  Latency (cycles) | Iteration|  Initiation Interval  |   Trip  |          |
        |    Loop Name    |   min   |   max   |  Latency |  achieved |   target  |  Count  | Pipelined|
        +-----------------+---------+---------+----------+-----------+-----------+---------+----------+
        |- exp_emit_loop  |        9|      264|        10|          1|          1|  1 ~ 256|       yes|
        +-----------------+---------+---------+----------+-----------+-----------+---------+----------+



================================================================
== Utilization Estimates
================================================================
* Summary: 
+-----------------+---------+-----+--------+-------+-----+
|       Name      | BRAM_18K| DSP |   FF   |  LUT  | URAM|
+-----------------+---------+-----+--------+-------+-----+
|DSP              |        -|    -|       -|      -|    -|
|Expression       |        -|    -|       0|    765|    -|
|FIFO             |        -|    -|       -|      -|    -|
|Instance         |        -|    1|       0|     15|    -|
|Memory           |        0|    -|      36|      5|    -|
|Multiplexer      |        -|    -|       0|     54|    -|
|Register         |        -|    -|     729|    160|    -|
+-----------------+---------+-----+--------+-------+-----+
|Total            |        0|    1|     765|    999|    0|
+-----------------+---------+-----+--------+-------+-----+
|Available        |      280|  220|  106400|  53200|    0|
+-----------------+---------+-----+--------+-------+-----+
|Utilization (%)  |        0|   ~0|      ~0|      1|    0|
+-----------------+---------+-----+--------+-------+-----+

+ Detail: 
    * Instance: 
    +--------------------------+----------------------+---------+----+---+----+-----+
    |         Instance         |        Module        | BRAM_18K| DSP| FF| LUT| URAM|
    +--------------------------+----------------------+---------+----+---+----+-----+
    |mul_12ns_18s_30_1_1_U11   |mul_12ns_18s_30_1_1   |        0|   1|  0|   6|    0|
    |sparsemux_7_2_32_1_1_U12  |sparsemux_7_2_32_1_1  |        0|   0|  0|   9|    0|
    +--------------------------+----------------------+---------+----+---+----+-----+
    |Total                     |                      |        0|   1|  0|  15|    0|
    +--------------------------+----------------------+---------+----+---+----+-----+

    * DSP: 
    N/A

    * Memory: 
    +----------------+------------------------------------------+---------+----+----+-----+------+-----+------+-------------+
    |     Memory     |                  Module                  | BRAM_18K| FF | LUT| URAM| Words| Bits| Banks| W*Bits*Banks|
    +----------------+------------------------------------------+---------+----+----+-----+------+-----+------+-------------+
    |EXP2_PTS_Q16_U  |emit_exp_stream_EXP2_PTS_Q16_ROM_AUTO_1R  |        0|  36|   5|    0|    17|   18|     1|          306|
    +----------------+------------------------------------------+---------+----+----+-----+------+-----+------+-------------+
    |Total           |                                          |        0|  36|   5|    0|    17|   18|     1|          306|
    +----------------+------------------------------------------+---------+----+----+-----+------+-----+------+-------------+

    * FIFO: 
    N/A

    * Expression: 
    +--------------------------------+----------+----+---+-----+------------+------------+
    |          Variable Name         | Operation| DSP| FF| LUT | Bitwidth P0| Bitwidth P1|
    +--------------------------------+----------+----+---+-----+------------+------------+
    |add_ln155_fu_213_p2             |         +|   0|  0|   14|           9|           1|
    |add_ln58_1_fu_321_p2            |         +|   0|  0|   50|          50|          50|
    |add_ln58_2_fu_338_p2            |         +|   0|  0|   50|          50|          50|
    |add_ln58_fu_305_p2              |         +|   0|  0|   50|          50|          50|
    |add_ln68_fu_421_p2              |         +|   0|  0|   13|           5|           1|
    |t64_fu_354_p2                   |         +|   0|  0|   50|          50|          50|
    |y_frac_fu_467_p2                |         +|   0|  0|   27|          20|          20|
    |centered_fu_229_p2              |         -|   0|  0|   39|          32|          32|
    |dy_fu_432_p2                    |         -|   0|  0|   25|          18|          18|
    |sh_2_fu_510_p2                  |         -|   0|  0|   24|           1|          17|
    |sub_ln58_1_fu_288_p2            |         -|   0|  0|   50|          50|          50|
    |sub_ln58_fu_270_p2              |         -|   0|  0|   50|          50|          50|
    |and_ln81_fu_542_p2              |       and|   0|  0|    2|           1|           1|
    |ap_condition_217                |       and|   0|  0|    2|           1|           1|
    |icmp_ln155_fu_207_p2            |      icmp|   0|  0|   14|           9|           9|
    |icmp_ln56_fu_234_p2             |      icmp|   0|  0|   39|          32|          21|
    |icmp_ln77_fu_408_p2             |      icmp|   0|  0|   12|          12|           1|
    |icmp_ln81_fu_530_p2             |      icmp|   0|  0|   12|          12|           1|
    |y_fu_555_p6                     |      lshr|   0|  0|  100|          32|          32|
    |ap_block_pp0_stage0_01001_grp1  |        or|   0|  0|    2|           1|           1|
    |sh_1_fu_490_p3                  |    select|   0|  0|    4|           1|           2|
    |x_q16_1_fu_239_p3               |    select|   0|  0|   32|           1|          21|
    |y_fu_555_p2                     |       shl|   0|  0|  100|          32|          32|
    |ap_enable_pp0                   |       xor|   0|  0|    2|           1|           2|
    |xor_ln75_fu_476_p2              |       xor|   0|  0|    2|           1|           2|
    +--------------------------------+----------+----+---+-----+------------+------------+
    |Total                           |          |   0|  0|  765|         521|         515|
    +--------------------------------+----------+----+---+-----+------------+------------+

    * Multiplexer: 
    +-------------------------+----+-----------+-----+-----------+
    |           Name          | LUT| Input Size| Bits| Total Bits|
    +-------------------------+----+-----------+-----+-----------+
    |ap_done_int              |   9|          2|    1|          2|
    |ap_enable_reg_pp0_iter1  |   9|          2|    1|          2|
    |ap_sig_allocacmp_i_4     |   9|          2|    9|         18|
    |exp_stream_blk_n         |   9|          2|    1|          2|
    |i_fu_138                 |   9|          2|    9|         18|
    |real_start               |   9|          2|    1|          2|
    +-------------------------+----+-----------+-----+-----------+
    |Total                    |  54|         12|   22|         44|
    +-------------------------+----+-----------+-----+-----------+

    * Register: 
    +----------------------------------+----+----+-----+-----------+
    |               Name               | FF | LUT| Bits| Const Bits|
    +----------------------------------+----+----+-----+-----------+
    |add_ln58_1_reg_615                |  44|   0|   50|          6|
    |ap_CS_fsm                         |   1|   0|    1|          0|
    |ap_done_reg                       |   1|   0|    1|          0|
    |ap_enable_reg_pp0_iter1           |   1|   0|    1|          0|
    |ap_enable_reg_pp0_iter2           |   1|   0|    1|          0|
    |ap_enable_reg_pp0_iter3           |   1|   0|    1|          0|
    |ap_enable_reg_pp0_iter4           |   1|   0|    1|          0|
    |ap_enable_reg_pp0_iter5           |   1|   0|    1|          0|
    |ap_enable_reg_pp0_iter6           |   1|   0|    1|          0|
    |ap_enable_reg_pp0_iter7           |   1|   0|    1|          0|
    |ap_enable_reg_pp0_iter8           |   1|   0|    1|          0|
    |ap_enable_reg_pp0_iter9           |   1|   0|    1|          0|
    |ap_loop_exit_ready_pp0_iter1_reg  |   1|   0|    1|          0|
    |ap_loop_exit_ready_pp0_iter2_reg  |   1|   0|    1|          0|
    |ap_loop_exit_ready_pp0_iter3_reg  |   1|   0|    1|          0|
    |ap_loop_exit_ready_pp0_iter4_reg  |   1|   0|    1|          0|
    |ap_loop_exit_ready_pp0_iter5_reg  |   1|   0|    1|          0|
    |ap_loop_exit_ready_pp0_iter6_reg  |   1|   0|    1|          0|
    |ap_loop_exit_ready_pp0_iter7_reg  |   1|   0|    1|          0|
    |ap_loop_exit_ready_pp0_iter8_reg  |   1|   0|    1|          0|
    |centered_reg_596                  |  32|   0|   32|          0|
    |dy_reg_667                        |  18|   0|   18|          0|
    |i_fu_138                          |   9|   0|    9|          0|
    |icmp_ln77_reg_647                 |   1|   0|    1|          0|
    |idx_reg_635                       |   4|   0|    4|          0|
    |k_reg_630                         |  16|   0|   16|          0|
    |max_x_read_reg_582                |  32|   0|   32|          0|
    |rem_reg_625                       |  12|   0|   12|          0|
    |start_once_reg                    |   1|   0|    1|          0|
    |sub_ln58_1_reg_610                |  38|   0|   50|         12|
    |t64_reg_620                       |  48|   0|   50|          2|
    |tmp_71_reg_641                    |   1|   0|    1|          0|
    |x_q16_1_reg_602                   |  32|   0|   32|          0|
    |x_q16_1_reg_602_pp0_iter3_reg     |  32|   0|   32|          0|
    |y0_reg_662                        |  18|   0|   18|          0|
    |y_frac_reg_672                    |  20|   0|   20|          0|
    |y_reg_677                         |  32|   0|   32|          0|
    |icmp_ln77_reg_647                 |  64|  32|    1|          0|
    |k_reg_630                         |  64|  32|   16|          0|
    |rem_reg_625                       |  64|  32|   12|          0|
    |t64_reg_620                       |  64|  32|   50|          2|
    |tmp_71_reg_641                    |  64|  32|    1|          0|
    +----------------------------------+----+----+-----+-----------+
    |Total                             | 729| 160|  509|         22|
    +----------------------------------+----+----+-----+-----------+



================================================================
== Interface
================================================================
* Summary: 
+---------------------------+-----+-----+------------+-----------------+--------------+
|         RTL Ports         | Dir | Bits|  Protocol  |  Source Object  |    C Type    |
+---------------------------+-----+-----+------------+-----------------+--------------+
|ap_clk                     |   in|    1|  ap_ctrl_hs|  emit_exp_stream|  return value|
|ap_rst                     |   in|    1|  ap_ctrl_hs|  emit_exp_stream|  return value|
|ap_start                   |   in|    1|  ap_ctrl_hs|  emit_exp_stream|  return value|
|start_full_n               |   in|    1|  ap_ctrl_hs|  emit_exp_stream|  return value|
|ap_done                    |  out|    1|  ap_ctrl_hs|  emit_exp_stream|  return value|
|ap_continue                |   in|    1|  ap_ctrl_hs|  emit_exp_stream|  return value|
|ap_idle                    |  out|    1|  ap_ctrl_hs|  emit_exp_stream|  return value|
|ap_ready                   |  out|    1|  ap_ctrl_hs|  emit_exp_stream|  return value|
|start_out                  |  out|    1|  ap_ctrl_hs|  emit_exp_stream|  return value|
|start_write                |  out|    1|  ap_ctrl_hs|  emit_exp_stream|  return value|
|exp_stream_din             |  out|   32|     ap_fifo|       exp_stream|       pointer|
|exp_stream_full_n          |   in|    1|     ap_fifo|       exp_stream|       pointer|
|exp_stream_write           |  out|    1|     ap_fifo|       exp_stream|       pointer|
|exp_stream_num_data_valid  |   in|   32|     ap_fifo|       exp_stream|       pointer|
|exp_stream_fifo_cap        |   in|   32|     ap_fifo|       exp_stream|       pointer|
|logits_buf_address0        |  out|    8|   ap_stable|       logits_buf|         array|
|logits_buf_ce0             |  out|    1|   ap_stable|       logits_buf|         array|
|logits_buf_q0              |   in|   32|   ap_stable|       logits_buf|         array|
|n                          |   in|    9|   ap_stable|                n|        scalar|
|max_x                      |   in|   32|   ap_stable|            max_x|        scalar|
+---------------------------+-----+-----+------------+-----------------+--------------+

============================================================
+ Verbose Summary: Synthesis Manager
============================================================
InlineROM: 1
ExposeGlobal: 0
============================================================
+ Verbose Summary: CDFG Model
============================================================
IsTopModel: 0
ResetActiveHigh: 1
IsCombinational: 2
IsDatapathOnly: 0
HasWiredReturn: 1
HasMFsm: 2
HasVarLatency: 1
IsPipeline: 0
IsRtlPipelined: 0
IsInstanceOverlapped: 0
IsDontTouch: 0
HasImplIP: 0
IsGatedGlobalClock: 0

+ Individual pipeline summary: 
  * Pipeline-0: initiation interval (II) = 1, depth = 10


============================================================
+ Verbose Summary: Schedule
============================================================
* Number of FSM states : 10
* Pipeline : 1
  Pipeline-0 : II = 1, D = 10, States = { 1 2 3 4 5 6 7 8 9 10 }
* Dataflow Pipeline: 0

* FSM state transitions: 
1 --> 2 
2 --> 3 
3 --> 4 
4 --> 5 
5 --> 6 
6 --> 7 
7 --> 8 
8 --> 9 
9 --> 10 
10 --> 

* FSM state operations: 

State 1 <SV = 0> <Delay = 4.99>
ST_1 : Operation 13 [1/1] (0.00ns)   --->   "%i = alloca i32 1" [softmax_accel_hls.cc:155]   --->   Operation 13 'alloca' 'i' <Predicate = true> <Delay = 0.00>
ST_1 : Operation 14 [1/1] (0.00ns)   --->   "%specstablecontent_ln0 = specstablecontent void @_ssdm_op_SpecStableContent, i32 %max_x, i1 1, void @p_str"   --->   Operation 14 'specstablecontent' 'specstablecontent_ln0' <Predicate = true> <Delay = 0.00>
ST_1 : Operation 15 [1/1] (0.00ns)   --->   "%specstablecontent_ln0 = specstablecontent void @_ssdm_op_SpecStableContent, i9 %n, i1 1, void @p_str"   --->   Operation 15 'specstablecontent' 'specstablecontent_ln0' <Predicate = true> <Delay = 0.00>
ST_1 : Operation 16 [1/1] (0.00ns)   --->   "%specstablecontent_ln0 = specstablecontent void @_ssdm_op_SpecStableContent, i32 %logits_buf, i1 1, void @p_str"   --->   Operation 16 'specstablecontent' 'specstablecontent_ln0' <Predicate = true> <Delay = 0.00>
ST_1 : Operation 17 [1/1] (0.00ns)   --->   "%max_x_read = read i32 @_ssdm_op_Read.ap_auto.i32, i32 %max_x"   --->   Operation 17 'read' 'max_x_read' <Predicate = true> <Delay = 0.00>
ST_1 : Operation 18 [1/1] (0.00ns)   --->   "%n_read = read i9 @_ssdm_op_Read.ap_auto.i9, i9 %n"   --->   Operation 18 'read' 'n_read' <Predicate = true> <Delay = 0.00>
ST_1 : Operation 19 [1/1] (0.00ns)   --->   "%specmemcore_ln0 = specmemcore void @_ssdm_op_SpecMemCore, i32 %logits_buf, i64 666, i64 18, i64 18446744073709551615"   --->   Operation 19 'specmemcore' 'specmemcore_ln0' <Predicate = true> <Delay = 0.00>
ST_1 : Operation 20 [1/1] (0.00ns)   --->   "%specinterface_ln0 = specinterface void @_ssdm_op_SpecInterface, i32 %exp_stream, void @empty, i32 0, i32 0, void @empty_2, i32 0, i32 0, void @empty_2, void @empty_2, void @empty_2, i32 0, i32 0, i32 0, i32 0, void @empty_2, void @empty_2, i32 4294967295, i32 0, i32 0"   --->   Operation 20 'specinterface' 'specinterface_ln0' <Predicate = true> <Delay = 0.00>
ST_1 : Operation 21 [1/1] (1.58ns)   --->   "%store_ln155 = store i9 0, i9 %i" [softmax_accel_hls.cc:155]   --->   Operation 21 'store' 'store_ln155' <Predicate = true> <Delay = 1.58>
ST_1 : Operation 22 [1/1] (0.00ns)   --->   "%br_ln155 = br void %for.body" [softmax_accel_hls.cc:155]   --->   Operation 22 'br' 'br_ln155' <Predicate = true> <Delay = 0.00>
ST_1 : Operation 23 [1/1] (0.00ns)   --->   "%i_4 = load i9 %i" [softmax_accel_hls.cc:155]   --->   Operation 23 'load' 'i_4' <Predicate = true> <Delay = 0.00>
ST_1 : Operation 24 [1/1] (1.82ns)   --->   "%icmp_ln155 = icmp_eq  i9 %i_4, i9 %n_read" [softmax_accel_hls.cc:155]   --->   Operation 24 'icmp' 'icmp_ln155' <Predicate = true> <Delay = 1.82> <CoreInst = "Cmp">   --->   Core 9 'Cmp' <Latency = 0> <II = 1> <Delay = 1.82> <FuncUnit> <Opcode : 'seteq' 'setne' 'setle' 'setge' 'setlt' 'setgt'> <InPorts = 2> <OutPorts = 1>
ST_1 : Operation 25 [1/1] (0.00ns)   --->   "%empty = speclooptripcount i32 @_ssdm_op_SpecLoopTripCount, i64 1, i64 256, i64 0"   --->   Operation 25 'speclooptripcount' 'empty' <Predicate = true> <Delay = 0.00>
ST_1 : Operation 26 [1/1] (1.82ns)   --->   "%add_ln155 = add i9 %i_4, i9 1" [softmax_accel_hls.cc:155]   --->   Operation 26 'add' 'add_ln155' <Predicate = true> <Delay = 1.82> <CoreInst = "Adder">   --->   Core 1 'Adder' <Latency = 0> <II = 1> <Delay = 1.82> <FuncUnit> <Opcode : 'add' 'sub'> <InPorts = 2> <OutPorts = 1>
ST_1 : Operation 27 [1/1] (0.00ns)   --->   "%br_ln155 = br i1 %icmp_ln155, void %for.body.split_ifconv, void %for.end" [softmax_accel_hls.cc:155]   --->   Operation 27 'br' 'br_ln155' <Predicate = true> <Delay = 0.00>
ST_1 : Operation 28 [1/1] (0.00ns)   --->   "%zext_ln155 = zext i9 %i_4" [softmax_accel_hls.cc:155]   --->   Operation 28 'zext' 'zext_ln155' <Predicate = (!icmp_ln155)> <Delay = 0.00>
ST_1 : Operation 29 [1/1] (0.00ns)   --->   "%logits_buf_addr = getelementptr i32 %logits_buf, i64 0, i64 %zext_ln155" [softmax_accel_hls.cc:157]   --->   Operation 29 'getelementptr' 'logits_buf_addr' <Predicate = (!icmp_ln155)> <Delay = 0.00>
ST_1 : Operation 30 [2/2] (3.25ns)   --->   "%logits_buf_load = load i8 %logits_buf_addr" [softmax_accel_hls.cc:157]   --->   Operation 30 'load' 'logits_buf_load' <Predicate = (!icmp_ln155)> <Delay = 3.25> <CoreInst = "RAM_1P_BRAM">   --->   Core 87 'RAM_1P_BRAM' <Latency = 1> <II = 1> <Delay = 3.25> <Storage> <Opcode : 'load' 'store'> <Ports = 1> <Width = 32> <Depth = 256> <RAM>
ST_1 : Operation 31 [1/1] (1.58ns)   --->   "%store_ln155 = store i9 %add_ln155, i9 %i" [softmax_accel_hls.cc:155]   --->   Operation 31 'store' 'store_ln155' <Predicate = (!icmp_ln155)> <Delay = 1.58>

State 2 <SV = 1> <Delay = 5.80>
ST_2 : Operation 32 [1/2] ( I:3.25ns O:3.25ns )   --->   "%logits_buf_load = load i8 %logits_buf_addr" [softmax_accel_hls.cc:157]   --->   Operation 32 'load' 'logits_buf_load' <Predicate = true> <Delay = 3.25> <CoreInst = "RAM_1P_BRAM">   --->   Core 87 'RAM_1P_BRAM' <Latency = 1> <II = 1> <Delay = 3.25> <Storage> <Opcode : 'load' 'store'> <Ports = 1> <Width = 32> <Depth = 256> <RAM>
ST_2 : Operation 33 [1/1] (2.55ns)   --->   "%centered = sub i32 %logits_buf_load, i32 %max_x_read" [softmax_accel_hls.cc:157]   --->   Operation 33 'sub' 'centered' <Predicate = true> <Delay = 2.55> <CoreInst = "Adder">   --->   Core 1 'Adder' <Latency = 0> <II = 1> <Delay = 2.55> <FuncUnit> <Opcode : 'add' 'sub'> <InPorts = 2> <OutPorts = 1>

State 3 <SV = 2> <Delay = 8.20>
ST_3 : Operation 34 [1/1] (2.55ns)   --->   "%icmp_ln56 = icmp_slt  i32 %centered, i32 4294443008" [softmax_accel_hls.cc:56->softmax_accel_hls.cc:158]   --->   Operation 34 'icmp' 'icmp_ln56' <Predicate = true> <Delay = 2.55> <CoreInst = "Cmp">   --->   Core 9 'Cmp' <Latency = 0> <II = 1> <Delay = 2.55> <FuncUnit> <Opcode : 'seteq' 'setne' 'setle' 'setge' 'setlt' 'setgt'> <InPorts = 2> <OutPorts = 1>
ST_3 : Operation 35 [1/1] (0.69ns)   --->   "%x_q16_1 = select i1 %icmp_ln56, i32 4294443008, i32 %centered" [softmax_accel_hls.cc:56->softmax_accel_hls.cc:158]   --->   Operation 35 'select' 'x_q16_1' <Predicate = true> <Delay = 0.69> <CoreInst = "Sel">   --->   Core 73 'Sel' <Latency = 0> <II = 1> <Delay = 0.69> <FuncUnit> <Opcode : 'select'> <InPorts = 3> <OutPorts = 1>
ST_3 : Operation 36 [1/1] (0.00ns)   --->   "%tmp = bitconcatenate i49 @_ssdm_op_BitConcatenate.i49.i32.i17, i32 %x_q16_1, i17 0" [softmax_accel_hls.cc:58->softmax_accel_hls.cc:158]   --->   Operation 36 'bitconcatenate' 'tmp' <Predicate = true> <Delay = 0.00>
ST_3 : Operation 37 [1/1] (0.00ns)   --->   "%sext_ln58 = sext i49 %tmp" [softmax_accel_hls.cc:58->softmax_accel_hls.cc:158]   --->   Operation 37 'sext' 'sext_ln58' <Predicate = true> <Delay = 0.00>
ST_3 : Operation 38 [1/1] (0.00ns)   --->   "%tmp_65 = bitconcatenate i47 @_ssdm_op_BitConcatenate.i47.i32.i15, i32 %x_q16_1, i15 0" [softmax_accel_hls.cc:58->softmax_accel_hls.cc:158]   --->   Operation 38 'bitconcatenate' 'tmp_65' <Predicate = true> <Delay = 0.00>
ST_3 : Operation 39 [1/1] (0.00ns)   --->   "%sext_ln58_1 = sext i47 %tmp_65" [softmax_accel_hls.cc:58->softmax_accel_hls.cc:158]   --->   Operation 39 'sext' 'sext_ln58_1' <Predicate = true> <Delay = 0.00>
ST_3 : Operation 40 [1/1] (0.00ns) (grouped into TernaryAdder)   --->   "%sub_ln58 = sub i50 %sext_ln58, i50 %sext_ln58_1" [softmax_accel_hls.cc:58->softmax_accel_hls.cc:158]   --->   Operation 40 'sub' 'sub_ln58' <Predicate = true> <Delay = 0.00> <CoreInst = "TAddSub">   --->   Core 10 'TAddSub' <Latency = 0> <II = 1> <Delay = 2.47> <IPBlock> <Opcode : 'add' 'sub'> <InPorts = 3> <OutPorts = 1> <Sync> <CReg>
ST_3 : Operation 41 [1/1] (0.00ns)   --->   "%tmp_66 = bitconcatenate i44 @_ssdm_op_BitConcatenate.i44.i32.i12, i32 %x_q16_1, i12 0" [softmax_accel_hls.cc:58->softmax_accel_hls.cc:158]   --->   Operation 41 'bitconcatenate' 'tmp_66' <Predicate = true> <Delay = 0.00>
ST_3 : Operation 42 [1/1] (0.00ns)   --->   "%sext_ln58_2 = sext i44 %tmp_66" [softmax_accel_hls.cc:58->softmax_accel_hls.cc:158]   --->   Operation 42 'sext' 'sext_ln58_2' <Predicate = true> <Delay = 0.00>
ST_3 : Operation 43 [1/1] (4.95ns) (root node of TernaryAdder)   --->   "%sub_ln58_1 = sub i50 %sub_ln58, i50 %sext_ln58_2" [softmax_accel_hls.cc:58->softmax_accel_hls.cc:158]   --->   Operation 43 'sub' 'sub_ln58_1' <Predicate = true> <Delay = 4.95> <CoreInst = "TAddSub">   --->   Core 10 'TAddSub' <Latency = 0> <II = 1> <Delay = 2.47> <IPBlock> <Opcode : 'add' 'sub'> <InPorts = 3> <OutPorts = 1> <Sync> <CReg>

State 4 <SV = 3> <Delay = 4.95>
ST_4 : Operation 44 [1/1] (0.00ns)   --->   "%tmp_67 = bitconcatenate i40 @_ssdm_op_BitConcatenate.i40.i32.i8, i32 %x_q16_1, i8 0" [softmax_accel_hls.cc:58->softmax_accel_hls.cc:158]   --->   Operation 44 'bitconcatenate' 'tmp_67' <Predicate = true> <Delay = 0.00>
ST_4 : Operation 45 [1/1] (0.00ns)   --->   "%sext_ln58_3 = sext i40 %tmp_67" [softmax_accel_hls.cc:58->softmax_accel_hls.cc:158]   --->   Operation 45 'sext' 'sext_ln58_3' <Predicate = true> <Delay = 0.00>
ST_4 : Operation 46 [1/1] (0.00ns) (grouped into TernaryAdder)   --->   "%add_ln58 = add i50 %sub_ln58_1, i50 %sext_ln58_3" [softmax_accel_hls.cc:58->softmax_accel_hls.cc:158]   --->   Operation 46 'add' 'add_ln58' <Predicate = true> <Delay = 0.00> <CoreInst = "TAddSub">   --->   Core 10 'TAddSub' <Latency = 0> <II = 1> <Delay = 2.47> <IPBlock> <Opcode : 'add' 'sub'> <InPorts = 3> <OutPorts = 1> <Sync> <CReg>
ST_4 : Operation 47 [1/1] (0.00ns)   --->   "%tmp_68 = bitconcatenate i38 @_ssdm_op_BitConcatenate.i38.i32.i6, i32 %x_q16_1, i6 0" [softmax_accel_hls.cc:58->softmax_accel_hls.cc:158]   --->   Operation 47 'bitconcatenate' 'tmp_68' <Predicate = true> <Delay = 0.00>
ST_4 : Operation 48 [1/1] (0.00ns)   --->   "%sext_ln58_4 = sext i38 %tmp_68" [softmax_accel_hls.cc:58->softmax_accel_hls.cc:158]   --->   Operation 48 'sext' 'sext_ln58_4' <Predicate = true> <Delay = 0.00>
ST_4 : Operation 49 [1/1] (4.95ns) (root node of TernaryAdder)   --->   "%add_ln58_1 = add i50 %add_ln58, i50 %sext_ln58_4" [softmax_accel_hls.cc:58->softmax_accel_hls.cc:158]   --->   Operation 49 'add' 'add_ln58_1' <Predicate = true> <Delay = 4.95> <CoreInst = "TAddSub">   --->   Core 10 'TAddSub' <Latency = 0> <II = 1> <Delay = 2.47> <IPBlock> <Opcode : 'add' 'sub'> <InPorts = 3> <OutPorts = 1> <Sync> <CReg>

State 5 <SV = 4> <Delay = 6.50>
ST_5 : Operation 50 [1/1] (0.00ns)   --->   "%tmp_69 = bitconcatenate i36 @_ssdm_op_BitConcatenate.i36.i32.i4, i32 %x_q16_1, i4 0" [softmax_accel_hls.cc:58->softmax_accel_hls.cc:158]   --->   Operation 50 'bitconcatenate' 'tmp_69' <Predicate = true> <Delay = 0.00>
ST_5 : Operation 51 [1/1] (0.00ns)   --->   "%sext_ln58_5 = sext i36 %tmp_69" [softmax_accel_hls.cc:58->softmax_accel_hls.cc:158]   --->   Operation 51 'sext' 'sext_ln58_5' <Predicate = true> <Delay = 0.00>
ST_5 : Operation 52 [1/1] (0.00ns) (grouped into TernaryAdder)   --->   "%add_ln58_2 = add i50 %add_ln58_1, i50 %sext_ln58_5" [softmax_accel_hls.cc:58->softmax_accel_hls.cc:158]   --->   Operation 52 'add' 'add_ln58_2' <Predicate = true> <Delay = 0.00> <CoreInst = "TAddSub">   --->   Core 10 'TAddSub' <Latency = 0> <II = 1> <Delay = 2.47> <IPBlock> <Opcode : 'add' 'sub'> <InPorts = 3> <OutPorts = 1> <Sync> <CReg>
ST_5 : Operation 53 [1/1] (0.00ns)   --->   "%tmp_70 = bitconcatenate i34 @_ssdm_op_BitConcatenate.i34.i32.i2, i32 %x_q16_1, i2 0" [softmax_accel_hls.cc:58->softmax_accel_hls.cc:158]   --->   Operation 53 'bitconcatenate' 'tmp_70' <Predicate = true> <Delay = 0.00>
ST_5 : Operation 54 [1/1] (0.00ns)   --->   "%sext_ln58_6 = sext i34 %tmp_70" [softmax_accel_hls.cc:58->softmax_accel_hls.cc:158]   --->   Operation 54 'sext' 'sext_ln58_6' <Predicate = true> <Delay = 0.00>
ST_5 : Operation 55 [1/1] (4.95ns) (root node of TernaryAdder)   --->   "%t64 = add i50 %add_ln58_2, i50 %sext_ln58_6" [softmax_accel_hls.cc:58->softmax_accel_hls.cc:158]   --->   Operation 55 'add' 't64' <Predicate = true> <Delay = 4.95> <CoreInst = "TAddSub">   --->   Core 10 'TAddSub' <Latency = 0> <II = 1> <Delay = 2.47> <IPBlock> <Opcode : 'add' 'sub'> <InPorts = 3> <OutPorts = 1> <Sync> <CReg>
ST_5 : Operation 56 [1/1] (0.00ns)   --->   "%rem = partselect i12 @_ssdm_op_PartSelect.i12.i50.i32.i32, i50 %t64, i32 16, i32 27" [softmax_accel_hls.cc:59->softmax_accel_hls.cc:158]   --->   Operation 56 'partselect' 'rem' <Predicate = true> <Delay = 0.00>
ST_5 : Operation 57 [1/1] (0.00ns)   --->   "%k = partselect i16 @_ssdm_op_PartSelect.i16.i50.i32.i32, i50 %t64, i32 32, i32 47" [softmax_accel_hls.cc:61->softmax_accel_hls.cc:158]   --->   Operation 57 'partselect' 'k' <Predicate = true> <Delay = 0.00>
ST_5 : Operation 58 [1/1] (0.00ns)   --->   "%idx = partselect i4 @_ssdm_op_PartSelect.i4.i50.i32.i32, i50 %t64, i32 28, i32 31" [softmax_accel_hls.cc:64->softmax_accel_hls.cc:158]   --->   Operation 58 'partselect' 'idx' <Predicate = true> <Delay = 0.00>
ST_5 : Operation 59 [1/1] (0.00ns)   --->   "%tmp_71 = bitselect i1 @_ssdm_op_BitSelect.i1.i50.i32, i50 %t64, i32 47" [softmax_accel_hls.cc:75->softmax_accel_hls.cc:158]   --->   Operation 59 'bitselect' 'tmp_71' <Predicate = true> <Delay = 0.00>
ST_5 : Operation 60 [1/1] (0.00ns)   --->   "%tmp_72 = partselect i12 @_ssdm_op_PartSelect.i12.i50.i32.i32, i50 %t64, i32 36, i32 47" [softmax_accel_hls.cc:77->softmax_accel_hls.cc:158]   --->   Operation 60 'partselect' 'tmp_72' <Predicate = true> <Delay = 0.00>
ST_5 : Operation 61 [1/1] (1.54ns)   --->   "%icmp_ln77 = icmp_sgt  i12 %tmp_72, i12 0" [softmax_accel_hls.cc:77->softmax_accel_hls.cc:158]   --->   Operation 61 'icmp' 'icmp_ln77' <Predicate = true> <Delay = 1.54> <CoreInst = "Cmp">   --->   Core 9 'Cmp' <Latency = 0> <II = 1> <Delay = 1.54> <FuncUnit> <Opcode : 'seteq' 'setne' 'setle' 'setge' 'setlt' 'setgt'> <InPorts = 2> <OutPorts = 1>

State 6 <SV = 5> <Delay = 4.05>
ST_6 : Operation 62 [1/1] (0.00ns)   --->   "%zext_ln67_2 = zext i4 %idx" [softmax_accel_hls.cc:67->softmax_accel_hls.cc:158]   --->   Operation 62 'zext' 'zext_ln67_2' <Predicate = true> <Delay = 0.00>
ST_6 : Operation 63 [1/1] (0.00ns)   --->   "%zext_ln67 = zext i4 %idx" [softmax_accel_hls.cc:67->softmax_accel_hls.cc:158]   --->   Operation 63 'zext' 'zext_ln67' <Predicate = true> <Delay = 0.00>
ST_6 : Operation 64 [1/1] (0.00ns)   --->   "%EXP2_PTS_Q16_addr = getelementptr i18 %EXP2_PTS_Q16, i64 0, i64 %zext_ln67" [softmax_accel_hls.cc:67->softmax_accel_hls.cc:158]   --->   Operation 64 'getelementptr' 'EXP2_PTS_Q16_addr' <Predicate = true> <Delay = 0.00>
ST_6 : Operation 65 [2/2] (2.32ns)   --->   "%y0 = load i5 %EXP2_PTS_Q16_addr" [softmax_accel_hls.cc:67->softmax_accel_hls.cc:158]   --->   Operation 65 'load' 'y0' <Predicate = true> <Delay = 2.32> <CoreInst = "ROM">   --->   Core 94 'ROM' <Latency = 1> <II = 1> <Delay = 2.32> <Storage> <Opcode : 'load'> <Ports = 0> <Width = 18> <Depth = 17> <ROM>
ST_6 : Operation 66 [1/1] (1.73ns)   --->   "%add_ln68 = add i5 %zext_ln67_2, i5 1" [softmax_accel_hls.cc:68->softmax_accel_hls.cc:158]   --->   Operation 66 'add' 'add_ln68' <Predicate = true> <Delay = 1.73> <CoreInst = "Adder">   --->   Core 1 'Adder' <Latency = 0> <II = 1> <Delay = 1.78> <FuncUnit> <Opcode : 'add' 'sub'> <InPorts = 2> <OutPorts = 1>
ST_6 : Operation 67 [1/1] (0.00ns)   --->   "%zext_ln68 = zext i5 %add_ln68" [softmax_accel_hls.cc:68->softmax_accel_hls.cc:158]   --->   Operation 67 'zext' 'zext_ln68' <Predicate = true> <Delay = 0.00>
ST_6 : Operation 68 [1/1] (0.00ns)   --->   "%EXP2_PTS_Q16_addr_1 = getelementptr i18 %EXP2_PTS_Q16, i64 0, i64 %zext_ln68" [softmax_accel_hls.cc:68->softmax_accel_hls.cc:158]   --->   Operation 68 'getelementptr' 'EXP2_PTS_Q16_addr_1' <Predicate = true> <Delay = 0.00>
ST_6 : Operation 69 [2/2] (2.32ns)   --->   "%y1 = load i5 %EXP2_PTS_Q16_addr_1" [softmax_accel_hls.cc:68->softmax_accel_hls.cc:158]   --->   Operation 69 'load' 'y1' <Predicate = true> <Delay = 2.32> <CoreInst = "ROM">   --->   Core 94 'ROM' <Latency = 1> <II = 1> <Delay = 2.32> <Storage> <Opcode : 'load'> <Ports = 0> <Width = 18> <Depth = 17> <ROM>

State 7 <SV = 6> <Delay = 4.45>
ST_7 : Operation 70 [1/2] ( I:2.32ns O:2.32ns )   --->   "%y0 = load i5 %EXP2_PTS_Q16_addr" [softmax_accel_hls.cc:67->softmax_accel_hls.cc:158]   --->   Operation 70 'load' 'y0' <Predicate = true> <Delay = 2.32> <CoreInst = "ROM">   --->   Core 94 'ROM' <Latency = 1> <II = 1> <Delay = 2.32> <Storage> <Opcode : 'load'> <Ports = 0> <Width = 18> <Depth = 17> <ROM>
ST_7 : Operation 71 [1/2] ( I:2.32ns O:2.32ns )   --->   "%y1 = load i5 %EXP2_PTS_Q16_addr_1" [softmax_accel_hls.cc:68->softmax_accel_hls.cc:158]   --->   Operation 71 'load' 'y1' <Predicate = true> <Delay = 2.32> <CoreInst = "ROM">   --->   Core 94 'ROM' <Latency = 1> <II = 1> <Delay = 2.32> <Storage> <Opcode : 'load'> <Ports = 0> <Width = 18> <Depth = 17> <ROM>
ST_7 : Operation 72 [1/1] (2.13ns)   --->   "%dy = sub i18 %y1, i18 %y0" [softmax_accel_hls.cc:69->softmax_accel_hls.cc:158]   --->   Operation 72 'sub' 'dy' <Predicate = true> <Delay = 2.13> <CoreInst = "Adder">   --->   Core 1 'Adder' <Latency = 0> <II = 1> <Delay = 2.13> <FuncUnit> <Opcode : 'add' 'sub'> <InPorts = 2> <OutPorts = 1>

State 8 <SV = 7> <Delay = 7.72>
ST_8 : Operation 73 [1/1] (0.00ns)   --->   "%zext_ln67_1 = zext i18 %y0" [softmax_accel_hls.cc:67->softmax_accel_hls.cc:158]   --->   Operation 73 'zext' 'zext_ln67_1' <Predicate = true> <Delay = 0.00>
ST_8 : Operation 74 [1/1] (0.00ns)   --->   "%sext_ln71 = sext i18 %dy" [softmax_accel_hls.cc:71->softmax_accel_hls.cc:158]   --->   Operation 74 'sext' 'sext_ln71' <Predicate = true> <Delay = 0.00>
ST_8 : Operation 75 [1/1] (0.00ns)   --->   "%zext_ln71 = zext i12 %rem" [softmax_accel_hls.cc:71->softmax_accel_hls.cc:158]   --->   Operation 75 'zext' 'zext_ln71' <Predicate = true> <Delay = 0.00>
ST_8 : Operation 76 [1/1] (5.59ns)   --->   "%interp = mul i30 %zext_ln71, i30 %sext_ln71" [softmax_accel_hls.cc:71->softmax_accel_hls.cc:158]   --->   Operation 76 'mul' 'interp' <Predicate = true> <Delay = 5.59> <CoreInst = "Multiplier">   --->   Core 3 'Multiplier' <Latency = 0> <II = 1> <Delay = 5.59> <FuncUnit> <Opcode : 'mul'> <InPorts = 2> <OutPorts = 1>
ST_8 : Operation 77 [1/1] (0.00ns)   --->   "%trunc_ln = partselect i18 @_ssdm_op_PartSelect.i18.i30.i32.i32, i30 %interp, i32 12, i32 29" [softmax_accel_hls.cc:72->softmax_accel_hls.cc:158]   --->   Operation 77 'partselect' 'trunc_ln' <Predicate = true> <Delay = 0.00>
ST_8 : Operation 78 [1/1] (0.00ns)   --->   "%sext_ln72 = sext i18 %trunc_ln" [softmax_accel_hls.cc:72->softmax_accel_hls.cc:158]   --->   Operation 78 'sext' 'sext_ln72' <Predicate = true> <Delay = 0.00>
ST_8 : Operation 79 [1/1] (2.13ns)   --->   "%y_frac = add i20 %sext_ln72, i20 %zext_ln67_1" [softmax_accel_hls.cc:72->softmax_accel_hls.cc:158]   --->   Operation 79 'add' 'y_frac' <Predicate = true> <Delay = 2.13> <CoreInst = "Adder">   --->   Core 1 'Adder' <Latency = 0> <II = 1> <Delay = 2.19> <FuncUnit> <Opcode : 'add' 'sub'> <InPorts = 2> <OutPorts = 1>

State 9 <SV = 8> <Delay = 7.76>
ST_9 : Operation 80 [1/1] (0.00ns)   --->   "%sext_ln72_1 = sext i20 %y_frac" [softmax_accel_hls.cc:72->softmax_accel_hls.cc:158]   --->   Operation 80 'sext' 'sext_ln72_1' <Predicate = true> <Delay = 0.00>
ST_9 : Operation 81 [1/1] (0.00ns) (grouped into LUT with out node y)   --->   "%xor_ln75 = xor i1 %tmp_71, i1 1" [softmax_accel_hls.cc:75->softmax_accel_hls.cc:158]   --->   Operation 81 'xor' 'xor_ln75' <Predicate = true> <Delay = 0.00> <CoreInst = "LogicGate">   --->   Core 74 'LogicGate' <Latency = 0> <II = 1> <Delay = 0.97> <FuncUnit> <Opcode : 'and' 'or' 'xor'> <InPorts = 2> <OutPorts = 1>
ST_9 : Operation 82 [1/1] (0.00ns) (grouped into LUT with out node y_2)   --->   "%trunc_ln1 = partselect i4 @_ssdm_op_PartSelect.i4.i50.i32.i32, i50 %t64, i32 32, i32 35" [softmax_accel_hls.cc:76->softmax_accel_hls.cc:158]   --->   Operation 82 'partselect' 'trunc_ln1' <Predicate = (!icmp_ln77)> <Delay = 0.00>
ST_9 : Operation 83 [1/1] (0.00ns) (grouped into LUT with out node y_2)   --->   "%sh_1 = select i1 %icmp_ln77, i4 15, i4 %trunc_ln1" [softmax_accel_hls.cc:77->softmax_accel_hls.cc:158]   --->   Operation 83 'select' 'sh_1' <Predicate = true> <Delay = 0.00> <CoreInst = "Sel">   --->   Core 73 'Sel' <Latency = 0> <II = 1> <Delay = 1.02> <FuncUnit> <Opcode : 'select'> <InPorts = 3> <OutPorts = 1>
ST_9 : Operation 84 [1/1] (0.00ns) (grouped into LUT with out node y_2)   --->   "%zext_ln76 = zext i4 %sh_1" [softmax_accel_hls.cc:76->softmax_accel_hls.cc:158]   --->   Operation 84 'zext' 'zext_ln76' <Predicate = true> <Delay = 0.00>
ST_9 : Operation 85 [1/1] (4.09ns) (out node of the LUT)   --->   "%y_2 = shl i32 %sext_ln72_1, i32 %zext_ln76" [softmax_accel_hls.cc:78->softmax_accel_hls.cc:158]   --->   Operation 85 'shl' 'y_2' <Predicate = true> <Delay = 4.09> <CoreInst = "Shifter">   --->   Core 75 'Shifter' <Latency = 0> <II = 1> <Delay = 4.42> <FuncUnit> <Opcode : 'shl' 'lshr' 'ashr'> <InPorts = 2> <OutPorts = 1>
ST_9 : Operation 86 [1/1] (0.00ns)   --->   "%sext_ln80 = sext i16 %k" [softmax_accel_hls.cc:80->softmax_accel_hls.cc:158]   --->   Operation 86 'sext' 'sext_ln80' <Predicate = true> <Delay = 0.00>
ST_9 : Operation 87 [1/1] (2.07ns)   --->   "%sh_2 = sub i17 0, i17 %sext_ln80" [softmax_accel_hls.cc:80->softmax_accel_hls.cc:158]   --->   Operation 87 'sub' 'sh_2' <Predicate = true> <Delay = 2.07> <CoreInst = "Adder">   --->   Core 1 'Adder' <Latency = 0> <II = 1> <Delay = 2.10> <FuncUnit> <Opcode : 'add' 'sub'> <InPorts = 2> <OutPorts = 1>
ST_9 : Operation 88 [1/1] (0.00ns)   --->   "%zext_ln80 = zext i17 %sh_2" [softmax_accel_hls.cc:80->softmax_accel_hls.cc:158]   --->   Operation 88 'zext' 'zext_ln80' <Predicate = true> <Delay = 0.00>
ST_9 : Operation 89 [1/1] (0.00ns)   --->   "%tmp_73 = partselect i12 @_ssdm_op_PartSelect.i12.i17.i32.i32, i17 %sh_2, i32 5, i32 16" [softmax_accel_hls.cc:81->softmax_accel_hls.cc:158]   --->   Operation 89 'partselect' 'tmp_73' <Predicate = true> <Delay = 0.00>
ST_9 : Operation 90 [1/1] (1.54ns)   --->   "%icmp_ln81 = icmp_sgt  i12 %tmp_73, i12 0" [softmax_accel_hls.cc:81->softmax_accel_hls.cc:158]   --->   Operation 90 'icmp' 'icmp_ln81' <Predicate = true> <Delay = 1.54> <CoreInst = "Cmp">   --->   Core 9 'Cmp' <Latency = 0> <II = 1> <Delay = 1.54> <FuncUnit> <Opcode : 'seteq' 'setne' 'setle' 'setge' 'setlt' 'setgt'> <InPorts = 2> <OutPorts = 1>
ST_9 : Operation 91 [1/1] (4.09ns)   --->   "%y_3 = lshr i32 %sext_ln72_1, i32 %zext_ln80" [softmax_accel_hls.cc:82->softmax_accel_hls.cc:158]   --->   Operation 91 'lshr' 'y_3' <Predicate = true> <Delay = 4.09> <CoreInst = "Shifter">   --->   Core 75 'Shifter' <Latency = 0> <II = 1> <Delay = 4.42> <FuncUnit> <Opcode : 'shl' 'lshr' 'ashr'> <InPorts = 2> <OutPorts = 1>
ST_9 : Operation 92 [1/1] (0.00ns) (grouped into LUT with out node y)   --->   "%and_ln81 = and i1 %icmp_ln81, i1 %tmp_71" [softmax_accel_hls.cc:81->softmax_accel_hls.cc:158]   --->   Operation 92 'and' 'and_ln81' <Predicate = true> <Delay = 0.00> <CoreInst = "LogicGate">   --->   Core 74 'LogicGate' <Latency = 0> <II = 1> <Delay = 0.97> <FuncUnit> <Opcode : 'and' 'or' 'xor'> <InPorts = 2> <OutPorts = 1>
ST_9 : Operation 93 [1/1] (0.00ns) (grouped into LUT with out node y)   --->   "%sel_tmp2 = bitconcatenate i2 @_ssdm_op_BitConcatenate.i2.i1.i1, i1 %xor_ln75, i1 %and_ln81" [softmax_accel_hls.cc:75->softmax_accel_hls.cc:158]   --->   Operation 93 'bitconcatenate' 'sel_tmp2' <Predicate = true> <Delay = 0.00>
ST_9 : Operation 94 [1/1] (1.58ns) (out node of the LUT)   --->   "%y = sparsemux i32 @_ssdm_op_SparseMux.ap_auto.3i32.i32.i2, i2 2, i32 %y_2, i2 1, i32 0, i2 0, i32 %y_3, i32 0, i2 %sel_tmp2" [softmax_accel_hls.cc:78->softmax_accel_hls.cc:158]   --->   Operation 94 'sparsemux' 'y' <Predicate = true> <Delay = 1.58> <CoreInst = "OneHotSparseMux_HasDef">   --->   Core 140 'OneHotSparseMux_HasDef' <Latency = 0> <II = 1> <Delay = 1.58> <FuncUnit> <Opcode : 'sparsemux'> <InPorts = 2> <OutPorts = 1>
ST_9 : Operation 99 [1/1] (1.58ns)   --->   "%ret_ln161 = ret" [softmax_accel_hls.cc:161]   --->   Operation 99 'ret' 'ret_ln161' <Predicate = (icmp_ln155)> <Delay = 1.58>

State 10 <SV = 9> <Delay = 3.72>
ST_10 : Operation 95 [1/1] (0.00ns)   --->   "%specpipeline_ln156 = specpipeline void @_ssdm_op_SpecPipeline, i32 1, i32 0, i32 0, i32 0, void @empty_2" [softmax_accel_hls.cc:156]   --->   Operation 95 'specpipeline' 'specpipeline_ln156' <Predicate = true> <Delay = 0.00>
ST_10 : Operation 96 [1/1] (0.00ns)   --->   "%specloopname_ln155 = specloopname void @_ssdm_op_SpecLoopName, void @empty_18" [softmax_accel_hls.cc:155]   --->   Operation 96 'specloopname' 'specloopname_ln155' <Predicate = true> <Delay = 0.00>
ST_10 : Operation 97 [1/1] ( I:3.72ns O:3.72ns )   --->   "%write_ln159 = write void @_ssdm_op_Write.ap_fifo.volatile.i32P0A, i32 %exp_stream, i32 %y" [softmax_accel_hls.cc:159]   --->   Operation 97 'write' 'write_ln159' <Predicate = true> <Delay = 3.72> <CoreInst = "FIFO_SRL">   --->   Core 80 'FIFO_SRL' <Latency = 0> <II = 1> <Delay = 3.72> <Storage> <Opcode : 'read' 'write' 'nbread' 'nbwrite'> <Ports = 0> <Width = 32> <Depth = 32> <FIFO>
ST_10 : Operation 98 [1/1] (0.00ns)   --->   "%br_ln155 = br void %for.body" [softmax_accel_hls.cc:155]   --->   Operation 98 'br' 'br_ln155' <Predicate = true> <Delay = 0.00>


============================================================
+ Verbose Summary: Binding
============================================================
STG Binding: 
---------------- STG Properties BEGIN ----------------
- Is combinational: 0
- Is one-state seq: 0
- Is datapath-only: 0
- Is pipelined: 0
- Is top level: 0
Port [ Return ] is wired: 1; IO mode=ap_ctrl_hs:ce=0
Port [ logits_buf]:  wired=1; compound=1; hidden=0; nouse=0; global=0; static=0; extern=0; dir=0; type=1; pingpong=0; private_global=0; MemPort=[1]; IO mode=ap_stable:ce=0
Port [ n]:  wired=1; compound=0; hidden=0; nouse=0; global=0; static=0; extern=0; dir=0; type=0; pingpong=0; private_global=0; IO mode=ap_stable:ce=0
Port [ max_x]:  wired=1; compound=0; hidden=0; nouse=0; global=0; static=0; extern=0; dir=0; type=0; pingpong=0; private_global=0; IO mode=ap_stable:ce=0
Port [ exp_stream]:  wired=1; compound=1; hidden=0; nouse=0; global=0; static=0; extern=0; dir=1; type=3; pingpong=0; private_global=0; IO mode=ap_fifo:ce=0
Port [ EXP2_PTS_Q16]:  wired=0; compound=1; hidden=1; nouse=0; global=1; static=1; extern=0; dir=0; type=1; pingpong=0; private_global=1; MemPort=[11]; IO mode=ap_memory:ce=0
---------------- STG Properties END ------------------

---------------- Datapath Model BEGIN ----------------

<LifeTime>
<method=bitvector/>
i                     (alloca           ) [ 01000000000]
specstablecontent_ln0 (specstablecontent) [ 00000000000]
specstablecontent_ln0 (specstablecontent) [ 00000000000]
specstablecontent_ln0 (specstablecontent) [ 00000000000]
max_x_read            (read             ) [ 01100000000]
n_read                (read             ) [ 00000000000]
specmemcore_ln0       (specmemcore      ) [ 00000000000]
specinterface_ln0     (specinterface    ) [ 00000000000]
store_ln155           (store            ) [ 00000000000]
br_ln155              (br               ) [ 00000000000]
i_4                   (load             ) [ 00000000000]
icmp_ln155            (icmp             ) [ 01111111110]
empty                 (speclooptripcount) [ 00000000000]
add_ln155             (add              ) [ 00000000000]
br_ln155              (br               ) [ 00000000000]
zext_ln155            (zext             ) [ 00000000000]
logits_buf_addr       (getelementptr    ) [ 01100000000]
store_ln155           (store            ) [ 00000000000]
logits_buf_load       (load             ) [ 00000000000]
centered              (sub              ) [ 01010000000]
icmp_ln56             (icmp             ) [ 00000000000]
x_q16_1               (select           ) [ 01001100000]
tmp                   (bitconcatenate   ) [ 00000000000]
sext_ln58             (sext             ) [ 00000000000]
tmp_65                (bitconcatenate   ) [ 00000000000]
sext_ln58_1           (sext             ) [ 00000000000]
sub_ln58              (sub              ) [ 00000000000]
tmp_66                (bitconcatenate   ) [ 00000000000]
sext_ln58_2           (sext             ) [ 00000000000]
sub_ln58_1            (sub              ) [ 01001000000]
tmp_67                (bitconcatenate   ) [ 00000000000]
sext_ln58_3           (sext             ) [ 00000000000]
add_ln58              (add              ) [ 00000000000]
tmp_68                (bitconcatenate   ) [ 00000000000]
sext_ln58_4           (sext             ) [ 00000000000]
add_ln58_1            (add              ) [ 01000100000]
tmp_69                (bitconcatenate   ) [ 00000000000]
sext_ln58_5           (sext             ) [ 00000000000]
add_ln58_2            (add              ) [ 00000000000]
tmp_70                (bitconcatenate   ) [ 00000000000]
sext_ln58_6           (sext             ) [ 00000000000]
t64                   (add              ) [ 01000011110]
rem                   (partselect       ) [ 01000011100]
k                     (partselect       ) [ 01000011110]
idx                   (partselect       ) [ 01000010000]
tmp_71                (bitselect        ) [ 01000011110]
tmp_72                (partselect       ) [ 00000000000]
icmp_ln77             (icmp             ) [ 01000011110]
zext_ln67_2           (zext             ) [ 00000000000]
zext_ln67             (zext             ) [ 00000000000]
EXP2_PTS_Q16_addr     (getelementptr    ) [ 01000001000]
add_ln68              (add              ) [ 00000000000]
zext_ln68             (zext             ) [ 00000000000]
EXP2_PTS_Q16_addr_1   (getelementptr    ) [ 01000001000]
y0                    (load             ) [ 01000000100]
y1                    (load             ) [ 00000000000]
dy                    (sub              ) [ 01000000100]
zext_ln67_1           (zext             ) [ 00000000000]
sext_ln71             (sext             ) [ 00000000000]
zext_ln71             (zext             ) [ 00000000000]
interp                (mul              ) [ 00000000000]
trunc_ln              (partselect       ) [ 00000000000]
sext_ln72             (sext             ) [ 00000000000]
y_frac                (add              ) [ 01000000010]
sext_ln72_1           (sext             ) [ 00000000000]
xor_ln75              (xor              ) [ 00000000000]
trunc_ln1             (partselect       ) [ 00000000000]
sh_1                  (select           ) [ 00000000000]
zext_ln76             (zext             ) [ 00000000000]
y_2                   (shl              ) [ 00000000000]
sext_ln80             (sext             ) [ 00000000000]
sh_2                  (sub              ) [ 00000000000]
zext_ln80             (zext             ) [ 00000000000]
tmp_73                (partselect       ) [ 00000000000]
icmp_ln81             (icmp             ) [ 00000000000]
y_3                   (lshr             ) [ 00000000000]
and_ln81              (and              ) [ 00000000000]
sel_tmp2              (bitconcatenate   ) [ 00000000000]
y                     (sparsemux        ) [ 01000000001]
specpipeline_ln156    (specpipeline     ) [ 00000000000]
specloopname_ln155    (specloopname     ) [ 00000000000]
write_ln159           (write            ) [ 00000000000]
br_ln155              (br               ) [ 00000000000]
ret_ln161             (ret              ) [ 00000000000]
</LifeTime>

<model>

<comp_list>
<comp id="0" class="1000" name="logits_buf">
<pin_list>
<pin id="1" dir="1" index="0" bw="1" slack="0"/>
</pin_list>
<bind>
<StgValue><ssdm name="logits_buf"/><MemPortTyVec>1 </MemPortTyVec>
</StgValue>
</bind>
</comp>

<comp id="2" class="1000" name="n">
<pin_list>
<pin id="3" dir="1" index="0" bw="1" slack="0"/>
</pin_list>
<bind>
<StgValue><ssdm name="n"/></StgValue>
</bind>
</comp>

<comp id="4" class="1000" name="max_x">
<pin_list>
<pin id="5" dir="1" index="0" bw="1" slack="0"/>
</pin_list>
<bind>
<StgValue><ssdm name="max_x"/></StgValue>
</bind>
</comp>

<comp id="6" class="1000" name="exp_stream">
<pin_list>
<pin id="7" dir="1" index="0" bw="1" slack="0"/>
</pin_list>
<bind>
<StgValue><ssdm name="exp_stream"/></StgValue>
</bind>
</comp>

<comp id="8" class="1000" name="EXP2_PTS_Q16">
<pin_list>
<pin id="9" dir="1" index="0" bw="1" slack="0"/>
</pin_list>
<bind>
<StgValue><ssdm name="EXP2_PTS_Q16"/><MemPortTyVec>1 1 </MemPortTyVec>
</StgValue>
</bind>
</comp>

<comp id="10" class="1001" name="const_10">
<pin_list>
<pin id="11" dir="1" index="0" bw="1" slack="0"/>
</pin_list>
<bind>
<StgValue><ssdm name=""/></StgValue>
</bind>
</comp>

<comp id="12" class="1001" name="const_12">
<pin_list>
<pin id="13" dir="1" index="0" bw="1" slack="2147483647"/>
</pin_list>
<bind>
<StgValue><ssdm name="_ssdm_op_SpecStableContent"/></StgValue>
</bind>
</comp>

<comp id="14" class="1001" name="const_14">
<pin_list>
<pin id="15" dir="1" index="0" bw="1" slack="0"/>
</pin_list>
<bind>
<StgValue><ssdm name=""/></StgValue>
</bind>
</comp>

<comp id="16" class="1001" name="const_16">
<pin_list>
<pin id="17" dir="1" index="0" bw="1" slack="2147483647"/>
</pin_list>
<bind>
<StgValue><ssdm name="p_str"/></StgValue>
</bind>
</comp>

<comp id="18" class="1001" name="const_18">
<pin_list>
<pin id="19" dir="1" index="0" bw="1" slack="0"/>
</pin_list>
<bind>
<StgValue><ssdm name="_ssdm_op_Read.ap_auto.i32"/></StgValue>
</bind>
</comp>

<comp id="20" class="1001" name="const_20">
<pin_list>
<pin id="21" dir="1" index="0" bw="1" slack="0"/>
</pin_list>
<bind>
<StgValue><ssdm name="_ssdm_op_Read.ap_auto.i9"/></StgValue>
</bind>
</comp>

<comp id="22" class="1001" name="const_22">
<pin_list>
<pin id="23" dir="1" index="0" bw="1" slack="2147483647"/>
</pin_list>
<bind>
<StgValue><ssdm name="_ssdm_op_SpecMemCore"/></StgValue>
</bind>
</comp>

<comp id="24" class="1001" name="const_24">
<pin_list>
<pin id="25" dir="1" index="0" bw="1" slack="2147483647"/>
</pin_list>
<bind>
<StgValue><ssdm name=""/></StgValue>
</bind>
</comp>

<comp id="26" class="1001" name="const_26">
<pin_list>
<pin id="27" dir="1" index="0" bw="1" slack="2147483647"/>
</pin_list>
<bind>
<StgValue><ssdm name=""/></StgValue>
</bind>
</comp>

<comp id="28" class="1001" name="const_28">
<pin_list>
<pin id="29" dir="1" index="0" bw="1" slack="2147483647"/>
</pin_list>
<bind>
<StgValue><ssdm name=""/></StgValue>
</bind>
</comp>

<comp id="30" class="1001" name="const_30">
<pin_list>
<pin id="31" dir="1" index="0" bw="1" slack="2147483647"/>
</pin_list>
<bind>
<StgValue><ssdm name="_ssdm_op_SpecInterface"/></StgValue>
</bind>
</comp>

<comp id="32" class="1001" name="const_32">
<pin_list>
<pin id="33" dir="1" index="0" bw="1" slack="2147483647"/>
</pin_list>
<bind>
<StgValue><ssdm name="empty"/></StgValue>
</bind>
</comp>

<comp id="34" class="1001" name="const_34">
<pin_list>
<pin id="35" dir="1" index="0" bw="1" slack="0"/>
</pin_list>
<bind>
<StgValue><ssdm name=""/></StgValue>
</bind>
</comp>

<comp id="36" class="1001" name="const_36">
<pin_list>
<pin id="37" dir="1" index="0" bw="1" slack="2147483647"/>
</pin_list>
<bind>
<StgValue><ssdm name="empty_2"/></StgValue>
</bind>
</comp>

<comp id="38" class="1001" name="const_38">
<pin_list>
<pin id="39" dir="1" index="0" bw="1" slack="2147483647"/>
</pin_list>
<bind>
<StgValue><ssdm name=""/></StgValue>
</bind>
</comp>

<comp id="40" class="1001" name="const_40">
<pin_list>
<pin id="41" dir="1" index="0" bw="1" slack="0"/>
</pin_list>
<bind>
<StgValue><ssdm name=""/></StgValue>
</bind>
</comp>

<comp id="42" class="1001" name="const_42">
<pin_list>
<pin id="43" dir="1" index="0" bw="1" slack="2147483647"/>
</pin_list>
<bind>
<StgValue><ssdm name="_ssdm_op_SpecLoopTripCount"/></StgValue>
</bind>
</comp>

<comp id="44" class="1001" name="const_44">
<pin_list>
<pin id="45" dir="1" index="0" bw="1" slack="2147483647"/>
</pin_list>
<bind>
<StgValue><ssdm name=""/></StgValue>
</bind>
</comp>

<comp id="46" class="1001" name="const_46">
<pin_list>
<pin id="47" dir="1" index="0" bw="1" slack="2147483647"/>
</pin_list>
<bind>
<StgValue><ssdm name=""/></StgValue>
</bind>
</comp>

<comp id="48" class="1001" name="const_48">
<pin_list>
<pin id="49" dir="1" index="0" bw="1" slack="0"/>
</pin_list>
<bind>
<StgValue><ssdm name=""/></StgValue>
</bind>
</comp>

<comp id="50" class="1001" name="const_50">
<pin_list>
<pin id="51" dir="1" index="0" bw="1" slack="0"/>
</pin_list>
<bind>
<StgValue><ssdm name=""/></StgValue>
</bind>
</comp>

<comp id="52" class="1001" name="const_52">
<pin_list>
<pin id="53" dir="1" index="0" bw="1" slack="0"/>
</pin_list>
<bind>
<StgValue><ssdm name=""/></StgValue>
</bind>
</comp>

<comp id="54" class="1001" name="const_54">
<pin_list>
<pin id="55" dir="1" index="0" bw="1" slack="0"/>
</pin_list>
<bind>
<StgValue><ssdm name="_ssdm_op_BitConcatenate.i49.i32.i17"/></StgValue>
</bind>
</comp>

<comp id="56" class="1001" name="const_56">
<pin_list>
<pin id="57" dir="1" index="0" bw="1" slack="0"/>
</pin_list>
<bind>
<StgValue><ssdm name=""/></StgValue>
</bind>
</comp>

<comp id="58" class="1001" name="const_58">
<pin_list>
<pin id="59" dir="1" index="0" bw="1" slack="0"/>
</pin_list>
<bind>
<StgValue><ssdm name="_ssdm_op_BitConcatenate.i47.i32.i15"/></StgValue>
</bind>
</comp>

<comp id="60" class="1001" name="const_60">
<pin_list>
<pin id="61" dir="1" index="0" bw="1" slack="0"/>
</pin_list>
<bind>
<StgValue><ssdm name=""/></StgValue>
</bind>
</comp>

<comp id="62" class="1001" name="const_62">
<pin_list>
<pin id="63" dir="1" index="0" bw="1" slack="0"/>
</pin_list>
<bind>
<StgValue><ssdm name="_ssdm_op_BitConcatenate.i44.i32.i12"/></StgValue>
</bind>
</comp>

<comp id="64" class="1001" name="const_64">
<pin_list>
<pin id="65" dir="1" index="0" bw="1" slack="0"/>
</pin_list>
<bind>
<StgValue><ssdm name=""/></StgValue>
</bind>
</comp>

<comp id="66" class="1001" name="const_66">
<pin_list>
<pin id="67" dir="1" index="0" bw="1" slack="0"/>
</pin_list>
<bind>
<StgValue><ssdm name="_ssdm_op_BitConcatenate.i40.i32.i8"/></StgValue>
</bind>
</comp>

<comp id="68" class="1001" name="const_68">
<pin_list>
<pin id="69" dir="1" index="0" bw="1" slack="0"/>
</pin_list>
<bind>
<StgValue><ssdm name=""/></StgValue>
</bind>
</comp>

<comp id="70" class="1001" name="const_70">
<pin_list>
<pin id="71" dir="1" index="0" bw="1" slack="0"/>
</pin_list>
<bind>
<StgValue><ssdm name="_ssdm_op_BitConcatenate.i38.i32.i6"/></StgValue>
</bind>
</comp>

<comp id="72" class="1001" name="const_72">
<pin_list>
<pin id="73" dir="1" index="0" bw="1" slack="0"/>
</pin_list>
<bind>
<StgValue><ssdm name=""/></StgValue>
</bind>
</comp>

<comp id="74" class="1001" name="const_74">
<pin_list>
<pin id="75" dir="1" index="0" bw="1" slack="0"/>
</pin_list>
<bind>
<StgValue><ssdm name="_ssdm_op_BitConcatenate.i36.i32.i4"/></StgValue>
</bind>
</comp>

<comp id="76" class="1001" name="const_76">
<pin_list>
<pin id="77" dir="1" index="0" bw="1" slack="0"/>
</pin_list>
<bind>
<StgValue><ssdm name=""/></StgValue>
</bind>
</comp>

<comp id="78" class="1001" name="const_78">
<pin_list>
<pin id="79" dir="1" index="0" bw="1" slack="0"/>
</pin_list>
<bind>
<StgValue><ssdm name="_ssdm_op_BitConcatenate.i34.i32.i2"/></StgValue>
</bind>
</comp>

<comp id="80" class="1001" name="const_80">
<pin_list>
<pin id="81" dir="1" index="0" bw="1" slack="0"/>
</pin_list>
<bind>
<StgValue><ssdm name=""/></StgValue>
</bind>
</comp>

<comp id="82" class="1001" name="const_82">
<pin_list>
<pin id="83" dir="1" index="0" bw="1" slack="0"/>
</pin_list>
<bind>
<StgValue><ssdm name="_ssdm_op_PartSelect.i12.i50.i32.i32"/></StgValue>
</bind>
</comp>

<comp id="84" class="1001" name="const_84">
<pin_list>
<pin id="85" dir="1" index="0" bw="1" slack="0"/>
</pin_list>
<bind>
<StgValue><ssdm name=""/></StgValue>
</bind>
</comp>

<comp id="86" class="1001" name="const_86">
<pin_list>
<pin id="87" dir="1" index="0" bw="1" slack="0"/>
</pin_list>
<bind>
<StgValue><ssdm name=""/></StgValue>
</bind>
</comp>

<comp id="88" class="1001" name="const_88">
<pin_list>
<pin id="89" dir="1" index="0" bw="1" slack="0"/>
</pin_list>
<bind>
<StgValue><ssdm name="_ssdm_op_PartSelect.i16.i50.i32.i32"/></StgValue>
</bind>
</comp>

<comp id="90" class="1001" name="const_90">
<pin_list>
<pin id="91" dir="1" index="0" bw="1" slack="0"/>
</pin_list>
<bind>
<StgValue><ssdm name=""/></StgValue>
</bind>
</comp>

<comp id="92" class="1001" name="const_92">
<pin_list>
<pin id="93" dir="1" index="0" bw="1" slack="0"/>
</pin_list>
<bind>
<StgValue><ssdm name=""/></StgValue>
</bind>
</comp>

<comp id="94" class="1001" name="const_94">
<pin_list>
<pin id="95" dir="1" index="0" bw="1" slack="0"/>
</pin_list>
<bind>
<StgValue><ssdm name="_ssdm_op_PartSelect.i4.i50.i32.i32"/></StgValue>
</bind>
</comp>

<comp id="96" class="1001" name="const_96">
<pin_list>
<pin id="97" dir="1" index="0" bw="1" slack="0"/>
</pin_list>
<bind>
<StgValue><ssdm name=""/></StgValue>
</bind>
</comp>

<comp id="98" class="1001" name="const_98">
<pin_list>
<pin id="99" dir="1" index="0" bw="1" slack="0"/>
</pin_list>
<bind>
<StgValue><ssdm name=""/></StgValue>
</bind>
</comp>

<comp id="100" class="1001" name="const_100">
<pin_list>
<pin id="101" dir="1" index="0" bw="1" slack="0"/>
</pin_list>
<bind>
<StgValue><ssdm name="_ssdm_op_BitSelect.i1.i50.i32"/></StgValue>
</bind>
</comp>

<comp id="102" class="1001" name="const_102">
<pin_list>
<pin id="103" dir="1" index="0" bw="1" slack="0"/>
</pin_list>
<bind>
<StgValue><ssdm name=""/></StgValue>
</bind>
</comp>

<comp id="104" class="1001" name="const_104">
<pin_list>
<pin id="105" dir="1" index="0" bw="1" slack="0"/>
</pin_list>
<bind>
<StgValue><ssdm name=""/></StgValue>
</bind>
</comp>

<comp id="106" class="1001" name="const_106">
<pin_list>
<pin id="107" dir="1" index="0" bw="1" slack="0"/>
</pin_list>
<bind>
<StgValue><ssdm name="_ssdm_op_PartSelect.i18.i30.i32.i32"/></StgValue>
</bind>
</comp>

<comp id="108" class="1001" name="const_108">
<pin_list>
<pin id="109" dir="1" index="0" bw="1" slack="0"/>
</pin_list>
<bind>
<StgValue><ssdm name=""/></StgValue>
</bind>
</comp>

<comp id="110" class="1001" name="const_110">
<pin_list>
<pin id="111" dir="1" index="0" bw="1" slack="0"/>
</pin_list>
<bind>
<StgValue><ssdm name=""/></StgValue>
</bind>
</comp>

<comp id="112" class="1001" name="const_112">
<pin_list>
<pin id="113" dir="1" index="0" bw="1" slack="0"/>
</pin_list>
<bind>
<StgValue><ssdm name=""/></StgValue>
</bind>
</comp>

<comp id="114" class="1001" name="const_114">
<pin_list>
<pin id="115" dir="1" index="0" bw="1" slack="0"/>
</pin_list>
<bind>
<StgValue><ssdm name=""/></StgValue>
</bind>
</comp>

<comp id="116" class="1001" name="const_116">
<pin_list>
<pin id="117" dir="1" index="0" bw="1" slack="0"/>
</pin_list>
<bind>
<StgValue><ssdm name="_ssdm_op_PartSelect.i12.i17.i32.i32"/></StgValue>
</bind>
</comp>

<comp id="118" class="1001" name="const_118">
<pin_list>
<pin id="119" dir="1" index="0" bw="1" slack="0"/>
</pin_list>
<bind>
<StgValue><ssdm name=""/></StgValue>
</bind>
</comp>

<comp id="120" class="1001" name="const_120">
<pin_list>
<pin id="121" dir="1" index="0" bw="1" slack="0"/>
</pin_list>
<bind>
<StgValue><ssdm name="_ssdm_op_BitConcatenate.i2.i1.i1"/></StgValue>
</bind>
</comp>

<comp id="122" class="1001" name="const_122">
<pin_list>
<pin id="123" dir="1" index="0" bw="1" slack="0"/>
</pin_list>
<bind>
<StgValue><ssdm name="_ssdm_op_SparseMux.ap_auto.3i32.i32.i2"/></StgValue>
</bind>
</comp>

<comp id="124" class="1001" name="const_124">
<pin_list>
<pin id="125" dir="1" index="0" bw="1" slack="0"/>
</pin_list>
<bind>
<StgValue><ssdm name=""/></StgValue>
</bind>
</comp>

<comp id="126" class="1001" name="const_126">
<pin_list>
<pin id="127" dir="1" index="0" bw="1" slack="0"/>
</pin_list>
<bind>
<StgValue><ssdm name=""/></StgValue>
</bind>
</comp>

<comp id="128" class="1001" name="const_128">
<pin_list>
<pin id="129" dir="1" index="0" bw="1" slack="0"/>
</pin_list>
<bind>
<StgValue><ssdm name=""/></StgValue>
</bind>
</comp>

<comp id="130" class="1001" name="const_130">
<pin_list>
<pin id="131" dir="1" index="0" bw="1" slack="2147483647"/>
</pin_list>
<bind>
<StgValue><ssdm name="_ssdm_op_SpecPipeline"/></StgValue>
</bind>
</comp>

<comp id="132" class="1001" name="const_132">
<pin_list>
<pin id="133" dir="1" index="0" bw="1" slack="2147483647"/>
</pin_list>
<bind>
<StgValue><ssdm name="_ssdm_op_SpecLoopName"/></StgValue>
</bind>
</comp>

<comp id="134" class="1001" name="const_134">
<pin_list>
<pin id="135" dir="1" index="0" bw="1" slack="2147483647"/>
</pin_list>
<bind>
<StgValue><ssdm name="empty_18"/></StgValue>
</bind>
</comp>

<comp id="136" class="1001" name="const_136">
<pin_list>
<pin id="137" dir="1" index="0" bw="1" slack="0"/>
</pin_list>
<bind>
<StgValue><ssdm name="_ssdm_op_Write.ap_fifo.volatile.i32P0A"/></StgValue>
</bind>
</comp>

<comp id="138" class="1004" name="i_fu_138">
<pin_list>
<pin id="139" dir="0" index="0" bw="1" slack="0"/>
<pin id="140" dir="1" index="1" bw="9" slack="0"/>
</pin_list>
<bind>
<opcode="alloca(26) " fcode="alloca"/>
<opset="i/1 "/>
</bind>
</comp>

<comp id="142" class="1004" name="max_x_read_read_fu_142">
<pin_list>
<pin id="143" dir="0" index="0" bw="32" slack="0"/>
<pin id="144" dir="0" index="1" bw="32" slack="0"/>
<pin id="145" dir="1" index="2" bw="32" slack="1"/>
</pin_list>
<bind>
<opcode="read(1150) " fcode="read"/>
<opset="max_x_read/1 "/>
</bind>
</comp>

<comp id="148" class="1004" name="n_read_read_fu_148">
<pin_list>
<pin id="149" dir="0" index="0" bw="9" slack="0"/>
<pin id="150" dir="0" index="1" bw="9" slack="0"/>
<pin id="151" dir="1" index="2" bw="9" slack="0"/>
</pin_list>
<bind>
<opcode="read(1150) " fcode="read"/>
<opset="n_read/1 "/>
</bind>
</comp>

<comp id="154" class="1004" name="write_ln159_write_fu_154">
<pin_list>
<pin id="155" dir="0" index="0" bw="0" slack="0"/>
<pin id="156" dir="0" index="1" bw="32" slack="0"/>
<pin id="157" dir="0" index="2" bw="32" slack="1"/>
<pin id="158" dir="1" index="3" bw="0" slack="2147483647"/>
</pin_list>
<bind>
<opcode="write(1151) " fcode="write"/>
<opset="write_ln159/10 "/>
</bind>
</comp>

<comp id="161" class="1004" name="logits_buf_addr_gep_fu_161">
<pin_list>
<pin id="162" dir="0" index="0" bw="32" slack="0"/>
<pin id="163" dir="0" index="1" bw="1" slack="0"/>
<pin id="164" dir="0" index="2" bw="9" slack="0"/>
<pin id="165" dir="1" index="3" bw="8" slack="0"/>
</pin_list>
<bind>
<opcode="getelementptr(29) " fcode="getelementptr"/>
<opset="logits_buf_addr/1 "/>
</bind>
</comp>

<comp id="168" class="1004" name="grp_access_fu_168">
<pin_list>
<pin id="169" dir="0" index="0" bw="8" slack="0"/>
<pin id="170" dir="0" index="1" bw="32" slack="2147483647"/>
<pin id="171" dir="0" index="2" bw="0" slack="2147483647"/>
<pin id="172" dir="1" index="3" bw="32" slack="0"/>
</pin_list>
<bind>
<opcode="load(27) " fcode="load"/>
<opset="logits_buf_load/1 "/>
</bind>
</comp>

<comp id="174" class="1004" name="EXP2_PTS_Q16_addr_gep_fu_174">
<pin_list>
<pin id="175" dir="0" index="0" bw="18" slack="0"/>
<pin id="176" dir="0" index="1" bw="1" slack="0"/>
<pin id="177" dir="0" index="2" bw="4" slack="0"/>
<pin id="178" dir="1" index="3" bw="5" slack="0"/>
</pin_list>
<bind>
<opcode="getelementptr(29) " fcode="getelementptr"/>
<opset="EXP2_PTS_Q16_addr/6 "/>
</bind>
</comp>

<comp id="181" class="1004" name="grp_access_fu_181">
<pin_list>
<pin id="182" dir="0" index="0" bw="5" slack="0"/>
<pin id="183" dir="0" index="1" bw="18" slack="2147483647"/>
<pin id="184" dir="0" index="2" bw="0" slack="0"/>
<pin id="186" dir="0" index="4" bw="5" slack="2147483647"/>
<pin id="187" dir="0" index="5" bw="18" slack="2147483647"/>
<pin id="188" dir="0" index="6" bw="0" slack="2147483647"/>
<pin id="185" dir="1" index="3" bw="18" slack="0"/>
<pin id="189" dir="1" index="7" bw="18" slack="0"/>
</pin_list>
<bind>
<opcode="load(27) " fcode="load"/>
<opset="y0/6 y1/6 "/>
</bind>
</comp>

<comp id="191" class="1004" name="EXP2_PTS_Q16_addr_1_gep_fu_191">
<pin_list>
<pin id="192" dir="0" index="0" bw="18" slack="0"/>
<pin id="193" dir="0" index="1" bw="1" slack="0"/>
<pin id="194" dir="0" index="2" bw="5" slack="0"/>
<pin id="195" dir="1" index="3" bw="5" slack="0"/>
</pin_list>
<bind>
<opcode="getelementptr(29) " fcode="getelementptr"/>
<opset="EXP2_PTS_Q16_addr_1/6 "/>
</bind>
</comp>

<comp id="199" class="1004" name="store_ln155_store_fu_199">
<pin_list>
<pin id="200" dir="0" index="0" bw="1" slack="0"/>
<pin id="201" dir="0" index="1" bw="9" slack="0"/>
<pin id="202" dir="1" index="2" bw="0" slack="2147483647"/>
</pin_list>
<bind>
<opcode="store(28) " fcode="store"/>
<opset="store_ln155/1 "/>
</bind>
</comp>

<comp id="204" class="1004" name="i_4_load_fu_204">
<pin_list>
<pin id="205" dir="0" index="0" bw="9" slack="0"/>
<pin id="206" dir="1" index="1" bw="9" slack="0"/>
</pin_list>
<bind>
<opcode="load(27) " fcode="load"/>
<opset="i_4/1 "/>
</bind>
</comp>

<comp id="207" class="1004" name="icmp_ln155_fu_207">
<pin_list>
<pin id="208" dir="0" index="0" bw="9" slack="0"/>
<pin id="209" dir="0" index="1" bw="9" slack="0"/>
<pin id="210" dir="1" index="2" bw="1" slack="8"/>
</pin_list>
<bind>
<opcode="icmp(45) " fcode="icmp"/>
<opset="icmp_ln155/1 "/>
</bind>
</comp>

<comp id="213" class="1004" name="add_ln155_fu_213">
<pin_list>
<pin id="214" dir="0" index="0" bw="9" slack="0"/>
<pin id="215" dir="0" index="1" bw="1" slack="0"/>
<pin id="216" dir="1" index="2" bw="9" slack="0"/>
</pin_list>
<bind>
<opcode="add(8) " fcode="add"/>
<opset="add_ln155/1 "/>
</bind>
</comp>

<comp id="219" class="1004" name="zext_ln155_fu_219">
<pin_list>
<pin id="220" dir="0" index="0" bw="9" slack="0"/>
<pin id="221" dir="1" index="1" bw="64" slack="0"/>
</pin_list>
<bind>
<opcode="zext(34) " fcode="zext"/>
<opset="zext_ln155/1 "/>
</bind>
</comp>

<comp id="224" class="1004" name="store_ln155_store_fu_224">
<pin_list>
<pin id="225" dir="0" index="0" bw="9" slack="0"/>
<pin id="226" dir="0" index="1" bw="9" slack="0"/>
<pin id="227" dir="1" index="2" bw="0" slack="2147483647"/>
</pin_list>
<bind>
<opcode="store(28) " fcode="store"/>
<opset="store_ln155/1 "/>
</bind>
</comp>

<comp id="229" class="1004" name="centered_fu_229">
<pin_list>
<pin id="230" dir="0" index="0" bw="32" slack="0"/>
<pin id="231" dir="0" index="1" bw="32" slack="1"/>
<pin id="232" dir="1" index="2" bw="32" slack="1"/>
</pin_list>
<bind>
<opcode="sub(10) " fcode="sub"/>
<opset="centered/2 "/>
</bind>
</comp>

<comp id="234" class="1004" name="icmp_ln56_fu_234">
<pin_list>
<pin id="235" dir="0" index="0" bw="32" slack="1"/>
<pin id="236" dir="0" index="1" bw="32" slack="0"/>
<pin id="237" dir="1" index="2" bw="1" slack="0"/>
</pin_list>
<bind>
<opcode="icmp(45) " fcode="icmp"/>
<opset="icmp_ln56/3 "/>
</bind>
</comp>

<comp id="239" class="1004" name="x_q16_1_fu_239">
<pin_list>
<pin id="240" dir="0" index="0" bw="1" slack="0"/>
<pin id="241" dir="0" index="1" bw="32" slack="0"/>
<pin id="242" dir="0" index="2" bw="32" slack="1"/>
<pin id="243" dir="1" index="3" bw="32" slack="0"/>
</pin_list>
<bind>
<opcode="select(49) " fcode="select"/>
<opset="x_q16_1/3 "/>
</bind>
</comp>

<comp id="246" class="1004" name="tmp_fu_246">
<pin_list>
<pin id="247" dir="0" index="0" bw="49" slack="0"/>
<pin id="248" dir="0" index="1" bw="32" slack="0"/>
<pin id="249" dir="0" index="2" bw="1" slack="0"/>
<pin id="250" dir="1" index="3" bw="49" slack="0"/>
</pin_list>
<bind>
<opcode="bitconcatenate(1004) " fcode="bitconcatenate"/>
<opset="tmp/3 "/>
</bind>
</comp>

<comp id="254" class="1004" name="sext_ln58_fu_254">
<pin_list>
<pin id="255" dir="0" index="0" bw="49" slack="0"/>
<pin id="256" dir="1" index="1" bw="50" slack="0"/>
</pin_list>
<bind>
<opcode="sext(35) " fcode="sext"/>
<opset="sext_ln58/3 "/>
</bind>
</comp>

<comp id="258" class="1004" name="tmp_65_fu_258">
<pin_list>
<pin id="259" dir="0" index="0" bw="47" slack="0"/>
<pin id="260" dir="0" index="1" bw="32" slack="0"/>
<pin id="261" dir="0" index="2" bw="1" slack="0"/>
<pin id="262" dir="1" index="3" bw="47" slack="0"/>
</pin_list>
<bind>
<opcode="bitconcatenate(1004) " fcode="bitconcatenate"/>
<opset="tmp_65/3 "/>
</bind>
</comp>

<comp id="266" class="1004" name="sext_ln58_1_fu_266">
<pin_list>
<pin id="267" dir="0" index="0" bw="47" slack="0"/>
<pin id="268" dir="1" index="1" bw="50" slack="0"/>
</pin_list>
<bind>
<opcode="sext(35) " fcode="sext"/>
<opset="sext_ln58_1/3 "/>
</bind>
</comp>

<comp id="270" class="1004" name="sub_ln58_fu_270">
<pin_list>
<pin id="271" dir="0" index="0" bw="49" slack="0"/>
<pin id="272" dir="0" index="1" bw="47" slack="0"/>
<pin id="273" dir="1" index="2" bw="50" slack="0"/>
</pin_list>
<bind>
<opcode="sub(10) " fcode="sub"/>
<opset="sub_ln58/3 "/>
</bind>
</comp>

<comp id="276" class="1004" name="tmp_66_fu_276">
<pin_list>
<pin id="277" dir="0" index="0" bw="44" slack="0"/>
<pin id="278" dir="0" index="1" bw="32" slack="0"/>
<pin id="279" dir="0" index="2" bw="1" slack="0"/>
<pin id="280" dir="1" index="3" bw="44" slack="0"/>
</pin_list>
<bind>
<opcode="bitconcatenate(1004) " fcode="bitconcatenate"/>
<opset="tmp_66/3 "/>
</bind>
</comp>

<comp id="284" class="1004" name="sext_ln58_2_fu_284">
<pin_list>
<pin id="285" dir="0" index="0" bw="44" slack="0"/>
<pin id="286" dir="1" index="1" bw="50" slack="0"/>
</pin_list>
<bind>
<opcode="sext(35) " fcode="sext"/>
<opset="sext_ln58_2/3 "/>
</bind>
</comp>

<comp id="288" class="1004" name="sub_ln58_1_fu_288">
<pin_list>
<pin id="289" dir="0" index="0" bw="50" slack="0"/>
<pin id="290" dir="0" index="1" bw="44" slack="0"/>
<pin id="291" dir="1" index="2" bw="50" slack="1"/>
</pin_list>
<bind>
<opcode="sub(10) " fcode="sub"/>
<opset="sub_ln58_1/3 "/>
</bind>
</comp>

<comp id="294" class="1004" name="tmp_67_fu_294">
<pin_list>
<pin id="295" dir="0" index="0" bw="40" slack="0"/>
<pin id="296" dir="0" index="1" bw="32" slack="1"/>
<pin id="297" dir="0" index="2" bw="1" slack="0"/>
<pin id="298" dir="1" index="3" bw="40" slack="0"/>
</pin_list>
<bind>
<opcode="bitconcatenate(1004) " fcode="bitconcatenate"/>
<opset="tmp_67/4 "/>
</bind>
</comp>

<comp id="301" class="1004" name="sext_ln58_3_fu_301">
<pin_list>
<pin id="302" dir="0" index="0" bw="40" slack="0"/>
<pin id="303" dir="1" index="1" bw="50" slack="0"/>
</pin_list>
<bind>
<opcode="sext(35) " fcode="sext"/>
<opset="sext_ln58_3/4 "/>
</bind>
</comp>

<comp id="305" class="1004" name="add_ln58_fu_305">
<pin_list>
<pin id="306" dir="0" index="0" bw="50" slack="1"/>
<pin id="307" dir="0" index="1" bw="40" slack="0"/>
<pin id="308" dir="1" index="2" bw="50" slack="0"/>
</pin_list>
<bind>
<opcode="add(8) " fcode="add"/>
<opset="add_ln58/4 "/>
</bind>
</comp>

<comp id="310" class="1004" name="tmp_68_fu_310">
<pin_list>
<pin id="311" dir="0" index="0" bw="38" slack="0"/>
<pin id="312" dir="0" index="1" bw="32" slack="1"/>
<pin id="313" dir="0" index="2" bw="1" slack="0"/>
<pin id="314" dir="1" index="3" bw="38" slack="0"/>
</pin_list>
<bind>
<opcode="bitconcatenate(1004) " fcode="bitconcatenate"/>
<opset="tmp_68/4 "/>
</bind>
</comp>

<comp id="317" class="1004" name="sext_ln58_4_fu_317">
<pin_list>
<pin id="318" dir="0" index="0" bw="38" slack="0"/>
<pin id="319" dir="1" index="1" bw="50" slack="0"/>
</pin_list>
<bind>
<opcode="sext(35) " fcode="sext"/>
<opset="sext_ln58_4/4 "/>
</bind>
</comp>

<comp id="321" class="1004" name="add_ln58_1_fu_321">
<pin_list>
<pin id="322" dir="0" index="0" bw="50" slack="0"/>
<pin id="323" dir="0" index="1" bw="38" slack="0"/>
<pin id="324" dir="1" index="2" bw="50" slack="1"/>
</pin_list>
<bind>
<opcode="add(8) " fcode="add"/>
<opset="add_ln58_1/4 "/>
</bind>
</comp>

<comp id="327" class="1004" name="tmp_69_fu_327">
<pin_list>
<pin id="328" dir="0" index="0" bw="36" slack="0"/>
<pin id="329" dir="0" index="1" bw="32" slack="2"/>
<pin id="330" dir="0" index="2" bw="1" slack="0"/>
<pin id="331" dir="1" index="3" bw="36" slack="0"/>
</pin_list>
<bind>
<opcode="bitconcatenate(1004) " fcode="bitconcatenate"/>
<opset="tmp_69/5 "/>
</bind>
</comp>

<comp id="334" class="1004" name="sext_ln58_5_fu_334">
<pin_list>
<pin id="335" dir="0" index="0" bw="36" slack="0"/>
<pin id="336" dir="1" index="1" bw="50" slack="0"/>
</pin_list>
<bind>
<opcode="sext(35) " fcode="sext"/>
<opset="sext_ln58_5/5 "/>
</bind>
</comp>

<comp id="338" class="1004" name="add_ln58_2_fu_338">
<pin_list>
<pin id="339" dir="0" index="0" bw="50" slack="1"/>
<pin id="340" dir="0" index="1" bw="36" slack="0"/>
<pin id="341" dir="1" index="2" bw="50" slack="0"/>
</pin_list>
<bind>
<opcode="add(8) " fcode="add"/>
<opset="add_ln58_2/5 "/>
</bind>
</comp>

<comp id="343" class="1004" name="tmp_70_fu_343">
<pin_list>
<pin id="344" dir="0" index="0" bw="34" slack="0"/>
<pin id="345" dir="0" index="1" bw="32" slack="2"/>
<pin id="346" dir="0" index="2" bw="1" slack="0"/>
<pin id="347" dir="1" index="3" bw="34" slack="0"/>
</pin_list>
<bind>
<opcode="bitconcatenate(1004) " fcode="bitconcatenate"/>
<opset="tmp_70/5 "/>
</bind>
</comp>

<comp id="350" class="1004" name="sext_ln58_6_fu_350">
<pin_list>
<pin id="351" dir="0" index="0" bw="34" slack="0"/>
<pin id="352" dir="1" index="1" bw="50" slack="0"/>
</pin_list>
<bind>
<opcode="sext(35) " fcode="sext"/>
<opset="sext_ln58_6/5 "/>
</bind>
</comp>

<comp id="354" class="1004" name="t64_fu_354">
<pin_list>
<pin id="355" dir="0" index="0" bw="50" slack="0"/>
<pin id="356" dir="0" index="1" bw="34" slack="0"/>
<pin id="357" dir="1" index="2" bw="50" slack="0"/>
</pin_list>
<bind>
<opcode="add(8) " fcode="add"/>
<opset="t64/5 "/>
</bind>
</comp>

<comp id="360" class="1004" name="rem_fu_360">
<pin_list>
<pin id="361" dir="0" index="0" bw="12" slack="0"/>
<pin id="362" dir="0" index="1" bw="50" slack="0"/>
<pin id="363" dir="0" index="2" bw="6" slack="0"/>
<pin id="364" dir="0" index="3" bw="6" slack="0"/>
<pin id="365" dir="1" index="4" bw="12" slack="3"/>
</pin_list>
<bind>
<opcode="partselect(1002) " fcode="partselect"/>
<opset="rem/5 "/>
</bind>
</comp>

<comp id="370" class="1004" name="k_fu_370">
<pin_list>
<pin id="371" dir="0" index="0" bw="16" slack="0"/>
<pin id="372" dir="0" index="1" bw="50" slack="0"/>
<pin id="373" dir="0" index="2" bw="7" slack="0"/>
<pin id="374" dir="0" index="3" bw="7" slack="0"/>
<pin id="375" dir="1" index="4" bw="16" slack="4"/>
</pin_list>
<bind>
<opcode="partselect(1002) " fcode="partselect"/>
<opset="k/5 "/>
</bind>
</comp>

<comp id="380" class="1004" name="idx_fu_380">
<pin_list>
<pin id="381" dir="0" index="0" bw="4" slack="0"/>
<pin id="382" dir="0" index="1" bw="50" slack="0"/>
<pin id="383" dir="0" index="2" bw="6" slack="0"/>
<pin id="384" dir="0" index="3" bw="6" slack="0"/>
<pin id="385" dir="1" index="4" bw="4" slack="1"/>
</pin_list>
<bind>
<opcode="partselect(1002) " fcode="partselect"/>
<opset="idx/5 "/>
</bind>
</comp>

<comp id="390" class="1004" name="tmp_71_fu_390">
<pin_list>
<pin id="391" dir="0" index="0" bw="1" slack="0"/>
<pin id="392" dir="0" index="1" bw="50" slack="0"/>
<pin id="393" dir="0" index="2" bw="7" slack="0"/>
<pin id="394" dir="1" index="3" bw="1" slack="4"/>
</pin_list>
<bind>
<opcode="bitselect(1000) " fcode="bitselect"/>
<opset="tmp_71/5 "/>
</bind>
</comp>

<comp id="398" class="1004" name="tmp_72_fu_398">
<pin_list>
<pin id="399" dir="0" index="0" bw="12" slack="0"/>
<pin id="400" dir="0" index="1" bw="50" slack="0"/>
<pin id="401" dir="0" index="2" bw="7" slack="0"/>
<pin id="402" dir="0" index="3" bw="7" slack="0"/>
<pin id="403" dir="1" index="4" bw="12" slack="0"/>
</pin_list>
<bind>
<opcode="partselect(1002) " fcode="partselect"/>
<opset="tmp_72/5 "/>
</bind>
</comp>

<comp id="408" class="1004" name="icmp_ln77_fu_408">
<pin_list>
<pin id="409" dir="0" index="0" bw="12" slack="0"/>
<pin id="410" dir="0" index="1" bw="12" slack="0"/>
<pin id="411" dir="1" index="2" bw="1" slack="4"/>
</pin_list>
<bind>
<opcode="icmp(45) " fcode="icmp"/>
<opset="icmp_ln77/5 "/>
</bind>
</comp>

<comp id="414" class="1004" name="zext_ln67_2_fu_414">
<pin_list>
<pin id="415" dir="0" index="0" bw="4" slack="1"/>
<pin id="416" dir="1" index="1" bw="5" slack="0"/>
</pin_list>
<bind>
<opcode="zext(34) " fcode="zext"/>
<opset="zext_ln67_2/6 "/>
</bind>
</comp>

<comp id="417" class="1004" name="zext_ln67_fu_417">
<pin_list>
<pin id="418" dir="0" index="0" bw="4" slack="1"/>
<pin id="419" dir="1" index="1" bw="64" slack="0"/>
</pin_list>
<bind>
<opcode="zext(34) " fcode="zext"/>
<opset="zext_ln67/6 "/>
</bind>
</comp>

<comp id="421" class="1004" name="add_ln68_fu_421">
<pin_list>
<pin id="422" dir="0" index="0" bw="4" slack="0"/>
<pin id="423" dir="0" index="1" bw="1" slack="0"/>
<pin id="424" dir="1" index="2" bw="5" slack="0"/>
</pin_list>
<bind>
<opcode="add(8) " fcode="add"/>
<opset="add_ln68/6 "/>
</bind>
</comp>

<comp id="427" class="1004" name="zext_ln68_fu_427">
<pin_list>
<pin id="428" dir="0" index="0" bw="5" slack="0"/>
<pin id="429" dir="1" index="1" bw="64" slack="0"/>
</pin_list>
<bind>
<opcode="zext(34) " fcode="zext"/>
<opset="zext_ln68/6 "/>
</bind>
</comp>

<comp id="432" class="1004" name="dy_fu_432">
<pin_list>
<pin id="433" dir="0" index="0" bw="18" slack="0"/>
<pin id="434" dir="0" index="1" bw="18" slack="0"/>
<pin id="435" dir="1" index="2" bw="18" slack="1"/>
</pin_list>
<bind>
<opcode="sub(10) " fcode="sub"/>
<opset="dy/7 "/>
</bind>
</comp>

<comp id="438" class="1004" name="zext_ln67_1_fu_438">
<pin_list>
<pin id="439" dir="0" index="0" bw="18" slack="1"/>
<pin id="440" dir="1" index="1" bw="20" slack="0"/>
</pin_list>
<bind>
<opcode="zext(34) " fcode="zext"/>
<opset="zext_ln67_1/8 "/>
</bind>
</comp>

<comp id="441" class="1004" name="sext_ln71_fu_441">
<pin_list>
<pin id="442" dir="0" index="0" bw="18" slack="1"/>
<pin id="443" dir="1" index="1" bw="30" slack="0"/>
</pin_list>
<bind>
<opcode="sext(35) " fcode="sext"/>
<opset="sext_ln71/8 "/>
</bind>
</comp>

<comp id="444" class="1004" name="zext_ln71_fu_444">
<pin_list>
<pin id="445" dir="0" index="0" bw="12" slack="3"/>
<pin id="446" dir="1" index="1" bw="30" slack="0"/>
</pin_list>
<bind>
<opcode="zext(34) " fcode="zext"/>
<opset="zext_ln71/8 "/>
</bind>
</comp>

<comp id="447" class="1004" name="interp_fu_447">
<pin_list>
<pin id="448" dir="0" index="0" bw="12" slack="0"/>
<pin id="449" dir="0" index="1" bw="18" slack="0"/>
<pin id="450" dir="1" index="2" bw="30" slack="0"/>
</pin_list>
<bind>
<opcode="mul(12) " fcode="mul"/>
<opset="interp/8 "/>
</bind>
</comp>

<comp id="453" class="1004" name="trunc_ln_fu_453">
<pin_list>
<pin id="454" dir="0" index="0" bw="18" slack="0"/>
<pin id="455" dir="0" index="1" bw="30" slack="0"/>
<pin id="456" dir="0" index="2" bw="5" slack="0"/>
<pin id="457" dir="0" index="3" bw="6" slack="0"/>
<pin id="458" dir="1" index="4" bw="18" slack="0"/>
</pin_list>
<bind>
<opcode="partselect(1002) " fcode="partselect"/>
<opset="trunc_ln/8 "/>
</bind>
</comp>

<comp id="463" class="1004" name="sext_ln72_fu_463">
<pin_list>
<pin id="464" dir="0" index="0" bw="18" slack="0"/>
<pin id="465" dir="1" index="1" bw="20" slack="0"/>
</pin_list>
<bind>
<opcode="sext(35) " fcode="sext"/>
<opset="sext_ln72/8 "/>
</bind>
</comp>

<comp id="467" class="1004" name="y_frac_fu_467">
<pin_list>
<pin id="468" dir="0" index="0" bw="18" slack="0"/>
<pin id="469" dir="0" index="1" bw="18" slack="0"/>
<pin id="470" dir="1" index="2" bw="20" slack="1"/>
</pin_list>
<bind>
<opcode="add(8) " fcode="add"/>
<opset="y_frac/8 "/>
</bind>
</comp>

<comp id="473" class="1004" name="sext_ln72_1_fu_473">
<pin_list>
<pin id="474" dir="0" index="0" bw="20" slack="1"/>
<pin id="475" dir="1" index="1" bw="32" slack="0"/>
</pin_list>
<bind>
<opcode="sext(35) " fcode="sext"/>
<opset="sext_ln72_1/9 "/>
</bind>
</comp>

<comp id="476" class="1004" name="xor_ln75_fu_476">
<pin_list>
<pin id="477" dir="0" index="0" bw="1" slack="4"/>
<pin id="478" dir="0" index="1" bw="1" slack="0"/>
<pin id="479" dir="1" index="2" bw="1" slack="0"/>
</pin_list>
<bind>
<opcode="xor(25) " fcode="xor"/>
<opset="xor_ln75/9 "/>
</bind>
</comp>

<comp id="481" class="1004" name="trunc_ln1_fu_481">
<pin_list>
<pin id="482" dir="0" index="0" bw="4" slack="0"/>
<pin id="483" dir="0" index="1" bw="50" slack="4"/>
<pin id="484" dir="0" index="2" bw="7" slack="0"/>
<pin id="485" dir="0" index="3" bw="7" slack="0"/>
<pin id="486" dir="1" index="4" bw="4" slack="0"/>
</pin_list>
<bind>
<opcode="partselect(1002) " fcode="partselect"/>
<opset="trunc_ln1/9 "/>
</bind>
</comp>

<comp id="490" class="1004" name="sh_1_fu_490">
<pin_list>
<pin id="491" dir="0" index="0" bw="1" slack="4"/>
<pin id="492" dir="0" index="1" bw="4" slack="0"/>
<pin id="493" dir="0" index="2" bw="4" slack="0"/>
<pin id="494" dir="1" index="3" bw="4" slack="0"/>
</pin_list>
<bind>
<opcode="select(49) " fcode="select"/>
<opset="sh_1/9 "/>
</bind>
</comp>

<comp id="497" class="1004" name="zext_ln76_fu_497">
<pin_list>
<pin id="498" dir="0" index="0" bw="4" slack="0"/>
<pin id="499" dir="1" index="1" bw="32" slack="0"/>
</pin_list>
<bind>
<opcode="zext(34) " fcode="zext"/>
<opset="zext_ln76/9 "/>
</bind>
</comp>

<comp id="501" class="1004" name="y_2_fu_501">
<pin_list>
<pin id="502" dir="0" index="0" bw="20" slack="0"/>
<pin id="503" dir="0" index="1" bw="4" slack="0"/>
<pin id="504" dir="1" index="2" bw="32" slack="0"/>
</pin_list>
<bind>
<opcode="shl(20) " fcode="shl"/>
<opset="y_2/9 "/>
</bind>
</comp>

<comp id="507" class="1004" name="sext_ln80_fu_507">
<pin_list>
<pin id="508" dir="0" index="0" bw="16" slack="4"/>
<pin id="509" dir="1" index="1" bw="17" slack="0"/>
</pin_list>
<bind>
<opcode="sext(35) " fcode="sext"/>
<opset="sext_ln80/9 "/>
</bind>
</comp>

<comp id="510" class="1004" name="sh_2_fu_510">
<pin_list>
<pin id="511" dir="0" index="0" bw="1" slack="0"/>
<pin id="512" dir="0" index="1" bw="16" slack="0"/>
<pin id="513" dir="1" index="2" bw="17" slack="0"/>
</pin_list>
<bind>
<opcode="sub(10) " fcode="sub"/>
<opset="sh_2/9 "/>
</bind>
</comp>

<comp id="516" class="1004" name="zext_ln80_fu_516">
<pin_list>
<pin id="517" dir="0" index="0" bw="17" slack="0"/>
<pin id="518" dir="1" index="1" bw="32" slack="0"/>
</pin_list>
<bind>
<opcode="zext(34) " fcode="zext"/>
<opset="zext_ln80/9 "/>
</bind>
</comp>

<comp id="520" class="1004" name="tmp_73_fu_520">
<pin_list>
<pin id="521" dir="0" index="0" bw="12" slack="0"/>
<pin id="522" dir="0" index="1" bw="17" slack="0"/>
<pin id="523" dir="0" index="2" bw="4" slack="0"/>
<pin id="524" dir="0" index="3" bw="6" slack="0"/>
<pin id="525" dir="1" index="4" bw="12" slack="0"/>
</pin_list>
<bind>
<opcode="partselect(1002) " fcode="partselect"/>
<opset="tmp_73/9 "/>
</bind>
</comp>

<comp id="530" class="1004" name="icmp_ln81_fu_530">
<pin_list>
<pin id="531" dir="0" index="0" bw="12" slack="0"/>
<pin id="532" dir="0" index="1" bw="12" slack="0"/>
<pin id="533" dir="1" index="2" bw="1" slack="0"/>
</pin_list>
<bind>
<opcode="icmp(45) " fcode="icmp"/>
<opset="icmp_ln81/9 "/>
</bind>
</comp>

<comp id="536" class="1004" name="y_3_fu_536">
<pin_list>
<pin id="537" dir="0" index="0" bw="20" slack="0"/>
<pin id="538" dir="0" index="1" bw="17" slack="0"/>
<pin id="539" dir="1" index="2" bw="32" slack="0"/>
</pin_list>
<bind>
<opcode="lshr(21) " fcode="lshr"/>
<opset="y_3/9 "/>
</bind>
</comp>

<comp id="542" class="1004" name="and_ln81_fu_542">
<pin_list>
<pin id="543" dir="0" index="0" bw="1" slack="0"/>
<pin id="544" dir="0" index="1" bw="1" slack="4"/>
<pin id="545" dir="1" index="2" bw="1" slack="0"/>
</pin_list>
<bind>
<opcode="and(23) " fcode="and"/>
<opset="and_ln81/9 "/>
</bind>
</comp>

<comp id="547" class="1004" name="sel_tmp2_fu_547">
<pin_list>
<pin id="548" dir="0" index="0" bw="2" slack="0"/>
<pin id="549" dir="0" index="1" bw="1" slack="0"/>
<pin id="550" dir="0" index="2" bw="1" slack="0"/>
<pin id="551" dir="1" index="3" bw="2" slack="0"/>
</pin_list>
<bind>
<opcode="bitconcatenate(1004) " fcode="bitconcatenate"/>
<opset="sel_tmp2/9 "/>
</bind>
</comp>

<comp id="555" class="1004" name="y_fu_555">
<pin_list>
<pin id="556" dir="0" index="0" bw="32" slack="0"/>
<pin id="557" dir="0" index="1" bw="2" slack="0"/>
<pin id="558" dir="0" index="2" bw="32" slack="0"/>
<pin id="559" dir="0" index="3" bw="2" slack="0"/>
<pin id="560" dir="0" index="4" bw="32" slack="0"/>
<pin id="561" dir="0" index="5" bw="2" slack="0"/>
<pin id="562" dir="0" index="6" bw="32" slack="0"/>
<pin id="563" dir="0" index="7" bw="32" slack="0"/>
<pin id="564" dir="0" index="8" bw="2" slack="0"/>
<pin id="565" dir="1" index="9" bw="32" slack="1"/>
</pin_list>
<bind>
<opcode="sparsemux(1197) " fcode="sparsemux"/>
<opset="y/9 "/>
</bind>
</comp>

<comp id="575" class="1005" name="i_reg_575">
<pin_list>
<pin id="576" dir="0" index="0" bw="9" slack="0"/>
<pin id="577" dir="1" index="1" bw="9" slack="0"/>
</pin_list>
<bind>
<opset="i "/>
</bind>
</comp>

<comp id="582" class="1005" name="max_x_read_reg_582">
<pin_list>
<pin id="583" dir="0" index="0" bw="32" slack="1"/>
<pin id="584" dir="1" index="1" bw="32" slack="1"/>
</pin_list>
<bind>
<opset="max_x_read "/>
</bind>
</comp>

<comp id="587" class="1005" name="icmp_ln155_reg_587">
<pin_list>
<pin id="588" dir="0" index="0" bw="1" slack="8"/>
<pin id="589" dir="1" index="1" bw="1" slack="2147483647"/>
</pin_list>
<bind>
<opset="icmp_ln155 "/>
</bind>
</comp>

<comp id="591" class="1005" name="logits_buf_addr_reg_591">
<pin_list>
<pin id="592" dir="0" index="0" bw="8" slack="1"/>
<pin id="593" dir="1" index="1" bw="8" slack="1"/>
</pin_list>
<bind>
<opset="logits_buf_addr "/>
</bind>
</comp>

<comp id="596" class="1005" name="centered_reg_596">
<pin_list>
<pin id="597" dir="0" index="0" bw="32" slack="1"/>
<pin id="598" dir="1" index="1" bw="32" slack="1"/>
</pin_list>
<bind>
<opset="centered "/>
</bind>
</comp>

<comp id="602" class="1005" name="x_q16_1_reg_602">
<pin_list>
<pin id="603" dir="0" index="0" bw="32" slack="1"/>
<pin id="604" dir="1" index="1" bw="32" slack="1"/>
</pin_list>
<bind>
<opset="x_q16_1 "/>
</bind>
</comp>

<comp id="610" class="1005" name="sub_ln58_1_reg_610">
<pin_list>
<pin id="611" dir="0" index="0" bw="50" slack="1"/>
<pin id="612" dir="1" index="1" bw="50" slack="1"/>
</pin_list>
<bind>
<opset="sub_ln58_1 "/>
</bind>
</comp>

<comp id="615" class="1005" name="add_ln58_1_reg_615">
<pin_list>
<pin id="616" dir="0" index="0" bw="50" slack="1"/>
<pin id="617" dir="1" index="1" bw="50" slack="1"/>
</pin_list>
<bind>
<opset="add_ln58_1 "/>
</bind>
</comp>

<comp id="620" class="1005" name="t64_reg_620">
<pin_list>
<pin id="621" dir="0" index="0" bw="50" slack="4"/>
<pin id="622" dir="1" index="1" bw="50" slack="4"/>
</pin_list>
<bind>
<opset="t64 "/>
</bind>
</comp>

<comp id="625" class="1005" name="rem_reg_625">
<pin_list>
<pin id="626" dir="0" index="0" bw="12" slack="3"/>
<pin id="627" dir="1" index="1" bw="12" slack="3"/>
</pin_list>
<bind>
<opset="rem "/>
</bind>
</comp>

<comp id="630" class="1005" name="k_reg_630">
<pin_list>
<pin id="631" dir="0" index="0" bw="16" slack="4"/>
<pin id="632" dir="1" index="1" bw="16" slack="4"/>
</pin_list>
<bind>
<opset="k "/>
</bind>
</comp>

<comp id="635" class="1005" name="idx_reg_635">
<pin_list>
<pin id="636" dir="0" index="0" bw="4" slack="1"/>
<pin id="637" dir="1" index="1" bw="4" slack="1"/>
</pin_list>
<bind>
<opset="idx "/>
</bind>
</comp>

<comp id="641" class="1005" name="tmp_71_reg_641">
<pin_list>
<pin id="642" dir="0" index="0" bw="1" slack="4"/>
<pin id="643" dir="1" index="1" bw="1" slack="4"/>
</pin_list>
<bind>
<opset="tmp_71 "/>
</bind>
</comp>

<comp id="647" class="1005" name="icmp_ln77_reg_647">
<pin_list>
<pin id="648" dir="0" index="0" bw="1" slack="4"/>
<pin id="649" dir="1" index="1" bw="1" slack="4"/>
</pin_list>
<bind>
<opset="icmp_ln77 "/>
</bind>
</comp>

<comp id="652" class="1005" name="EXP2_PTS_Q16_addr_reg_652">
<pin_list>
<pin id="653" dir="0" index="0" bw="5" slack="1"/>
<pin id="654" dir="1" index="1" bw="5" slack="1"/>
</pin_list>
<bind>
<opset="EXP2_PTS_Q16_addr "/>
</bind>
</comp>

<comp id="657" class="1005" name="EXP2_PTS_Q16_addr_1_reg_657">
<pin_list>
<pin id="658" dir="0" index="0" bw="5" slack="1"/>
<pin id="659" dir="1" index="1" bw="5" slack="1"/>
</pin_list>
<bind>
<opset="EXP2_PTS_Q16_addr_1 "/>
</bind>
</comp>

<comp id="662" class="1005" name="y0_reg_662">
<pin_list>
<pin id="663" dir="0" index="0" bw="18" slack="1"/>
<pin id="664" dir="1" index="1" bw="18" slack="1"/>
</pin_list>
<bind>
<opset="y0 "/>
</bind>
</comp>

<comp id="667" class="1005" name="dy_reg_667">
<pin_list>
<pin id="668" dir="0" index="0" bw="18" slack="1"/>
<pin id="669" dir="1" index="1" bw="18" slack="1"/>
</pin_list>
<bind>
<opset="dy "/>
</bind>
</comp>

<comp id="672" class="1005" name="y_frac_reg_672">
<pin_list>
<pin id="673" dir="0" index="0" bw="20" slack="1"/>
<pin id="674" dir="1" index="1" bw="20" slack="1"/>
</pin_list>
<bind>
<opset="y_frac "/>
</bind>
</comp>

<comp id="677" class="1005" name="y_reg_677">
<pin_list>
<pin id="678" dir="0" index="0" bw="32" slack="1"/>
<pin id="679" dir="1" index="1" bw="32" slack="1"/>
</pin_list>
<bind>
<opset="y "/>
</bind>
</comp>

</comp_list>

<net_list>
<net id="141"><net_src comp="10" pin="0"/><net_sink comp="138" pin=0"/></net>

<net id="146"><net_src comp="18" pin="0"/><net_sink comp="142" pin=0"/></net>

<net id="147"><net_src comp="4" pin="0"/><net_sink comp="142" pin=1"/></net>

<net id="152"><net_src comp="20" pin="0"/><net_sink comp="148" pin=0"/></net>

<net id="153"><net_src comp="2" pin="0"/><net_sink comp="148" pin=1"/></net>

<net id="159"><net_src comp="136" pin="0"/><net_sink comp="154" pin=0"/></net>

<net id="160"><net_src comp="6" pin="0"/><net_sink comp="154" pin=1"/></net>

<net id="166"><net_src comp="0" pin="0"/><net_sink comp="161" pin=0"/></net>

<net id="167"><net_src comp="48" pin="0"/><net_sink comp="161" pin=1"/></net>

<net id="173"><net_src comp="161" pin="3"/><net_sink comp="168" pin=0"/></net>

<net id="179"><net_src comp="8" pin="0"/><net_sink comp="174" pin=0"/></net>

<net id="180"><net_src comp="48" pin="0"/><net_sink comp="174" pin=1"/></net>

<net id="190"><net_src comp="174" pin="3"/><net_sink comp="181" pin=2"/></net>

<net id="196"><net_src comp="8" pin="0"/><net_sink comp="191" pin=0"/></net>

<net id="197"><net_src comp="48" pin="0"/><net_sink comp="191" pin=1"/></net>

<net id="198"><net_src comp="191" pin="3"/><net_sink comp="181" pin=0"/></net>

<net id="203"><net_src comp="40" pin="0"/><net_sink comp="199" pin=0"/></net>

<net id="211"><net_src comp="204" pin="1"/><net_sink comp="207" pin=0"/></net>

<net id="212"><net_src comp="148" pin="2"/><net_sink comp="207" pin=1"/></net>

<net id="217"><net_src comp="204" pin="1"/><net_sink comp="213" pin=0"/></net>

<net id="218"><net_src comp="50" pin="0"/><net_sink comp="213" pin=1"/></net>

<net id="222"><net_src comp="204" pin="1"/><net_sink comp="219" pin=0"/></net>

<net id="223"><net_src comp="219" pin="1"/><net_sink comp="161" pin=2"/></net>

<net id="228"><net_src comp="213" pin="2"/><net_sink comp="224" pin=0"/></net>

<net id="233"><net_src comp="168" pin="3"/><net_sink comp="229" pin=0"/></net>

<net id="238"><net_src comp="52" pin="0"/><net_sink comp="234" pin=1"/></net>

<net id="244"><net_src comp="234" pin="2"/><net_sink comp="239" pin=0"/></net>

<net id="245"><net_src comp="52" pin="0"/><net_sink comp="239" pin=1"/></net>

<net id="251"><net_src comp="54" pin="0"/><net_sink comp="246" pin=0"/></net>

<net id="252"><net_src comp="239" pin="3"/><net_sink comp="246" pin=1"/></net>

<net id="253"><net_src comp="56" pin="0"/><net_sink comp="246" pin=2"/></net>

<net id="257"><net_src comp="246" pin="3"/><net_sink comp="254" pin=0"/></net>

<net id="263"><net_src comp="58" pin="0"/><net_sink comp="258" pin=0"/></net>

<net id="264"><net_src comp="239" pin="3"/><net_sink comp="258" pin=1"/></net>

<net id="265"><net_src comp="60" pin="0"/><net_sink comp="258" pin=2"/></net>

<net id="269"><net_src comp="258" pin="3"/><net_sink comp="266" pin=0"/></net>

<net id="274"><net_src comp="254" pin="1"/><net_sink comp="270" pin=0"/></net>

<net id="275"><net_src comp="266" pin="1"/><net_sink comp="270" pin=1"/></net>

<net id="281"><net_src comp="62" pin="0"/><net_sink comp="276" pin=0"/></net>

<net id="282"><net_src comp="239" pin="3"/><net_sink comp="276" pin=1"/></net>

<net id="283"><net_src comp="64" pin="0"/><net_sink comp="276" pin=2"/></net>

<net id="287"><net_src comp="276" pin="3"/><net_sink comp="284" pin=0"/></net>

<net id="292"><net_src comp="270" pin="2"/><net_sink comp="288" pin=0"/></net>

<net id="293"><net_src comp="284" pin="1"/><net_sink comp="288" pin=1"/></net>

<net id="299"><net_src comp="66" pin="0"/><net_sink comp="294" pin=0"/></net>

<net id="300"><net_src comp="68" pin="0"/><net_sink comp="294" pin=2"/></net>

<net id="304"><net_src comp="294" pin="3"/><net_sink comp="301" pin=0"/></net>

<net id="309"><net_src comp="301" pin="1"/><net_sink comp="305" pin=1"/></net>

<net id="315"><net_src comp="70" pin="0"/><net_sink comp="310" pin=0"/></net>

<net id="316"><net_src comp="72" pin="0"/><net_sink comp="310" pin=2"/></net>

<net id="320"><net_src comp="310" pin="3"/><net_sink comp="317" pin=0"/></net>

<net id="325"><net_src comp="305" pin="2"/><net_sink comp="321" pin=0"/></net>

<net id="326"><net_src comp="317" pin="1"/><net_sink comp="321" pin=1"/></net>

<net id="332"><net_src comp="74" pin="0"/><net_sink comp="327" pin=0"/></net>

<net id="333"><net_src comp="76" pin="0"/><net_sink comp="327" pin=2"/></net>

<net id="337"><net_src comp="327" pin="3"/><net_sink comp="334" pin=0"/></net>

<net id="342"><net_src comp="334" pin="1"/><net_sink comp="338" pin=1"/></net>

<net id="348"><net_src comp="78" pin="0"/><net_sink comp="343" pin=0"/></net>

<net id="349"><net_src comp="80" pin="0"/><net_sink comp="343" pin=2"/></net>

<net id="353"><net_src comp="343" pin="3"/><net_sink comp="350" pin=0"/></net>

<net id="358"><net_src comp="338" pin="2"/><net_sink comp="354" pin=0"/></net>

<net id="359"><net_src comp="350" pin="1"/><net_sink comp="354" pin=1"/></net>

<net id="366"><net_src comp="82" pin="0"/><net_sink comp="360" pin=0"/></net>

<net id="367"><net_src comp="354" pin="2"/><net_sink comp="360" pin=1"/></net>

<net id="368"><net_src comp="84" pin="0"/><net_sink comp="360" pin=2"/></net>

<net id="369"><net_src comp="86" pin="0"/><net_sink comp="360" pin=3"/></net>

<net id="376"><net_src comp="88" pin="0"/><net_sink comp="370" pin=0"/></net>

<net id="377"><net_src comp="354" pin="2"/><net_sink comp="370" pin=1"/></net>

<net id="378"><net_src comp="90" pin="0"/><net_sink comp="370" pin=2"/></net>

<net id="379"><net_src comp="92" pin="0"/><net_sink comp="370" pin=3"/></net>

<net id="386"><net_src comp="94" pin="0"/><net_sink comp="380" pin=0"/></net>

<net id="387"><net_src comp="354" pin="2"/><net_sink comp="380" pin=1"/></net>

<net id="388"><net_src comp="96" pin="0"/><net_sink comp="380" pin=2"/></net>

<net id="389"><net_src comp="98" pin="0"/><net_sink comp="380" pin=3"/></net>

<net id="395"><net_src comp="100" pin="0"/><net_sink comp="390" pin=0"/></net>

<net id="396"><net_src comp="354" pin="2"/><net_sink comp="390" pin=1"/></net>

<net id="397"><net_src comp="92" pin="0"/><net_sink comp="390" pin=2"/></net>

<net id="404"><net_src comp="82" pin="0"/><net_sink comp="398" pin=0"/></net>

<net id="405"><net_src comp="354" pin="2"/><net_sink comp="398" pin=1"/></net>

<net id="406"><net_src comp="102" pin="0"/><net_sink comp="398" pin=2"/></net>

<net id="407"><net_src comp="92" pin="0"/><net_sink comp="398" pin=3"/></net>

<net id="412"><net_src comp="398" pin="4"/><net_sink comp="408" pin=0"/></net>

<net id="413"><net_src comp="64" pin="0"/><net_sink comp="408" pin=1"/></net>

<net id="420"><net_src comp="417" pin="1"/><net_sink comp="174" pin=2"/></net>

<net id="425"><net_src comp="414" pin="1"/><net_sink comp="421" pin=0"/></net>

<net id="426"><net_src comp="104" pin="0"/><net_sink comp="421" pin=1"/></net>

<net id="430"><net_src comp="421" pin="2"/><net_sink comp="427" pin=0"/></net>

<net id="431"><net_src comp="427" pin="1"/><net_sink comp="191" pin=2"/></net>

<net id="436"><net_src comp="181" pin="3"/><net_sink comp="432" pin=0"/></net>

<net id="437"><net_src comp="181" pin="7"/><net_sink comp="432" pin=1"/></net>

<net id="451"><net_src comp="444" pin="1"/><net_sink comp="447" pin=0"/></net>

<net id="452"><net_src comp="441" pin="1"/><net_sink comp="447" pin=1"/></net>

<net id="459"><net_src comp="106" pin="0"/><net_sink comp="453" pin=0"/></net>

<net id="460"><net_src comp="447" pin="2"/><net_sink comp="453" pin=1"/></net>

<net id="461"><net_src comp="108" pin="0"/><net_sink comp="453" pin=2"/></net>

<net id="462"><net_src comp="110" pin="0"/><net_sink comp="453" pin=3"/></net>

<net id="466"><net_src comp="453" pin="4"/><net_sink comp="463" pin=0"/></net>

<net id="471"><net_src comp="463" pin="1"/><net_sink comp="467" pin=0"/></net>

<net id="472"><net_src comp="438" pin="1"/><net_sink comp="467" pin=1"/></net>

<net id="480"><net_src comp="14" pin="0"/><net_sink comp="476" pin=1"/></net>

<net id="487"><net_src comp="94" pin="0"/><net_sink comp="481" pin=0"/></net>

<net id="488"><net_src comp="90" pin="0"/><net_sink comp="481" pin=2"/></net>

<net id="489"><net_src comp="112" pin="0"/><net_sink comp="481" pin=3"/></net>

<net id="495"><net_src comp="114" pin="0"/><net_sink comp="490" pin=1"/></net>

<net id="496"><net_src comp="481" pin="4"/><net_sink comp="490" pin=2"/></net>

<net id="500"><net_src comp="490" pin="3"/><net_sink comp="497" pin=0"/></net>

<net id="505"><net_src comp="473" pin="1"/><net_sink comp="501" pin=0"/></net>

<net id="506"><net_src comp="497" pin="1"/><net_sink comp="501" pin=1"/></net>

<net id="514"><net_src comp="56" pin="0"/><net_sink comp="510" pin=0"/></net>

<net id="515"><net_src comp="507" pin="1"/><net_sink comp="510" pin=1"/></net>

<net id="519"><net_src comp="510" pin="2"/><net_sink comp="516" pin=0"/></net>

<net id="526"><net_src comp="116" pin="0"/><net_sink comp="520" pin=0"/></net>

<net id="527"><net_src comp="510" pin="2"/><net_sink comp="520" pin=1"/></net>

<net id="528"><net_src comp="118" pin="0"/><net_sink comp="520" pin=2"/></net>

<net id="529"><net_src comp="84" pin="0"/><net_sink comp="520" pin=3"/></net>

<net id="534"><net_src comp="520" pin="4"/><net_sink comp="530" pin=0"/></net>

<net id="535"><net_src comp="64" pin="0"/><net_sink comp="530" pin=1"/></net>

<net id="540"><net_src comp="473" pin="1"/><net_sink comp="536" pin=0"/></net>

<net id="541"><net_src comp="516" pin="1"/><net_sink comp="536" pin=1"/></net>

<net id="546"><net_src comp="530" pin="2"/><net_sink comp="542" pin=0"/></net>

<net id="552"><net_src comp="120" pin="0"/><net_sink comp="547" pin=0"/></net>

<net id="553"><net_src comp="476" pin="2"/><net_sink comp="547" pin=1"/></net>

<net id="554"><net_src comp="542" pin="2"/><net_sink comp="547" pin=2"/></net>

<net id="566"><net_src comp="122" pin="0"/><net_sink comp="555" pin=0"/></net>

<net id="567"><net_src comp="124" pin="0"/><net_sink comp="555" pin=1"/></net>

<net id="568"><net_src comp="501" pin="2"/><net_sink comp="555" pin=2"/></net>

<net id="569"><net_src comp="126" pin="0"/><net_sink comp="555" pin=3"/></net>

<net id="570"><net_src comp="34" pin="0"/><net_sink comp="555" pin=4"/></net>

<net id="571"><net_src comp="80" pin="0"/><net_sink comp="555" pin=5"/></net>

<net id="572"><net_src comp="536" pin="2"/><net_sink comp="555" pin=6"/></net>

<net id="573"><net_src comp="128" pin="0"/><net_sink comp="555" pin=7"/></net>

<net id="574"><net_src comp="547" pin="3"/><net_sink comp="555" pin=8"/></net>

<net id="578"><net_src comp="138" pin="1"/><net_sink comp="575" pin=0"/></net>

<net id="579"><net_src comp="575" pin="1"/><net_sink comp="199" pin=1"/></net>

<net id="580"><net_src comp="575" pin="1"/><net_sink comp="204" pin=0"/></net>

<net id="581"><net_src comp="575" pin="1"/><net_sink comp="224" pin=1"/></net>

<net id="585"><net_src comp="142" pin="2"/><net_sink comp="582" pin=0"/></net>

<net id="586"><net_src comp="582" pin="1"/><net_sink comp="229" pin=1"/></net>

<net id="590"><net_src comp="207" pin="2"/><net_sink comp="587" pin=0"/></net>

<net id="594"><net_src comp="161" pin="3"/><net_sink comp="591" pin=0"/></net>

<net id="595"><net_src comp="591" pin="1"/><net_sink comp="168" pin=0"/></net>

<net id="599"><net_src comp="229" pin="2"/><net_sink comp="596" pin=0"/></net>

<net id="600"><net_src comp="596" pin="1"/><net_sink comp="234" pin=0"/></net>

<net id="601"><net_src comp="596" pin="1"/><net_sink comp="239" pin=2"/></net>

<net id="605"><net_src comp="239" pin="3"/><net_sink comp="602" pin=0"/></net>

<net id="606"><net_src comp="602" pin="1"/><net_sink comp="294" pin=1"/></net>

<net id="607"><net_src comp="602" pin="1"/><net_sink comp="310" pin=1"/></net>

<net id="608"><net_src comp="602" pin="1"/><net_sink comp="327" pin=1"/></net>

<net id="609"><net_src comp="602" pin="1"/><net_sink comp="343" pin=1"/></net>

<net id="613"><net_src comp="288" pin="2"/><net_sink comp="610" pin=0"/></net>

<net id="614"><net_src comp="610" pin="1"/><net_sink comp="305" pin=0"/></net>

<net id="618"><net_src comp="321" pin="2"/><net_sink comp="615" pin=0"/></net>

<net id="619"><net_src comp="615" pin="1"/><net_sink comp="338" pin=0"/></net>

<net id="623"><net_src comp="354" pin="2"/><net_sink comp="620" pin=0"/></net>

<net id="624"><net_src comp="620" pin="1"/><net_sink comp="481" pin=1"/></net>

<net id="628"><net_src comp="360" pin="4"/><net_sink comp="625" pin=0"/></net>

<net id="629"><net_src comp="625" pin="1"/><net_sink comp="444" pin=0"/></net>

<net id="633"><net_src comp="370" pin="4"/><net_sink comp="630" pin=0"/></net>

<net id="634"><net_src comp="630" pin="1"/><net_sink comp="507" pin=0"/></net>

<net id="638"><net_src comp="380" pin="4"/><net_sink comp="635" pin=0"/></net>

<net id="639"><net_src comp="635" pin="1"/><net_sink comp="414" pin=0"/></net>

<net id="640"><net_src comp="635" pin="1"/><net_sink comp="417" pin=0"/></net>

<net id="644"><net_src comp="390" pin="3"/><net_sink comp="641" pin=0"/></net>

<net id="645"><net_src comp="641" pin="1"/><net_sink comp="476" pin=0"/></net>

<net id="646"><net_src comp="641" pin="1"/><net_sink comp="542" pin=1"/></net>

<net id="650"><net_src comp="408" pin="2"/><net_sink comp="647" pin=0"/></net>

<net id="651"><net_src comp="647" pin="1"/><net_sink comp="490" pin=0"/></net>

<net id="655"><net_src comp="174" pin="3"/><net_sink comp="652" pin=0"/></net>

<net id="656"><net_src comp="652" pin="1"/><net_sink comp="181" pin=2"/></net>

<net id="660"><net_src comp="191" pin="3"/><net_sink comp="657" pin=0"/></net>

<net id="661"><net_src comp="657" pin="1"/><net_sink comp="181" pin=0"/></net>

<net id="665"><net_src comp="181" pin="7"/><net_sink comp="662" pin=0"/></net>

<net id="666"><net_src comp="662" pin="1"/><net_sink comp="438" pin=0"/></net>

<net id="670"><net_src comp="432" pin="2"/><net_sink comp="667" pin=0"/></net>

<net id="671"><net_src comp="667" pin="1"/><net_sink comp="441" pin=0"/></net>

<net id="675"><net_src comp="467" pin="2"/><net_sink comp="672" pin=0"/></net>

<net id="676"><net_src comp="672" pin="1"/><net_sink comp="473" pin=0"/></net>

<net id="680"><net_src comp="555" pin="9"/><net_sink comp="677" pin=0"/></net>

<net id="681"><net_src comp="677" pin="1"/><net_sink comp="154" pin=2"/></net>

</net_list>

</model> 
---------------- Datapath Model END ------------------

* FSMD analyzer results:
  - Output states:
	Port: logits_buf | {}
	Port: exp_stream | {10 }
	Port: EXP2_PTS_Q16 | {}
 - Input state : 
	Port: emit_exp_stream : logits_buf | {1 2 }
	Port: emit_exp_stream : n | {1 }
	Port: emit_exp_stream : max_x | {1 }
	Port: emit_exp_stream : EXP2_PTS_Q16 | {6 7 }
  - Chain level:
	State 1
		store_ln155 : 1
		i_4 : 1
		icmp_ln155 : 2
		add_ln155 : 2
		br_ln155 : 3
		zext_ln155 : 2
		logits_buf_addr : 3
		logits_buf_load : 4
		store_ln155 : 3
	State 2
		centered : 1
	State 3
		x_q16_1 : 1
		tmp : 2
		sext_ln58 : 3
		tmp_65 : 2
		sext_ln58_1 : 3
		sub_ln58 : 4
		tmp_66 : 2
		sext_ln58_2 : 3
		sub_ln58_1 : 5
	State 4
		sext_ln58_3 : 1
		add_ln58 : 2
		sext_ln58_4 : 1
		add_ln58_1 : 3
	State 5
		sext_ln58_5 : 1
		add_ln58_2 : 2
		sext_ln58_6 : 1
		t64 : 3
		rem : 4
		k : 4
		idx : 4
		tmp_71 : 4
		tmp_72 : 4
		icmp_ln77 : 5
	State 6
		EXP2_PTS_Q16_addr : 1
		y0 : 2
		add_ln68 : 1
		zext_ln68 : 2
		EXP2_PTS_Q16_addr_1 : 3
		y1 : 4
	State 7
		dy : 1
	State 8
		interp : 1
		trunc_ln : 2
		sext_ln72 : 3
		y_frac : 4
	State 9
		sh_1 : 1
		zext_ln76 : 2
		y_2 : 3
		sh_2 : 1
		zext_ln80 : 2
		tmp_73 : 2
		icmp_ln81 : 3
		y_3 : 3
		and_ln81 : 4
		sel_tmp2 : 4
		y : 5
	State 10


============================================================
+ Verbose Summary: Datapath Resource usage 
============================================================

* Functional unit list:
|----------|--------------------------|---------|---------|---------|
| Operation|      Functional Unit     |   DSP   |    FF   |   LUT   |
|----------|--------------------------|---------|---------|---------|
|          |     add_ln155_fu_213     |    0    |    0    |    14   |
|          |      add_ln58_fu_305     |    0    |    0    |    50   |
|          |     add_ln58_1_fu_321    |    0    |    0    |    50   |
|    add   |     add_ln58_2_fu_338    |    0    |    0    |    50   |
|          |        t64_fu_354        |    0    |    0    |    50   |
|          |      add_ln68_fu_421     |    0    |    0    |    13   |
|          |       y_frac_fu_467      |    0    |    0    |    25   |
|----------|--------------------------|---------|---------|---------|
|          |      centered_fu_229     |    0    |    0    |    39   |
|          |      sub_ln58_fu_270     |    0    |    0    |    49   |
|    sub   |     sub_ln58_1_fu_288    |    0    |    0    |    50   |
|          |         dy_fu_432        |    0    |    0    |    25   |
|          |        sh_2_fu_510       |    0    |    0    |    23   |
|----------|--------------------------|---------|---------|---------|
|          |     icmp_ln155_fu_207    |    0    |    0    |    14   |
|   icmp   |     icmp_ln56_fu_234     |    0    |    0    |    39   |
|          |     icmp_ln77_fu_408     |    0    |    0    |    12   |
|          |     icmp_ln81_fu_530     |    0    |    0    |    12   |
|----------|--------------------------|---------|---------|---------|
|    shl   |        y_2_fu_501        |    0    |    0    |    51   |
|----------|--------------------------|---------|---------|---------|
|   lshr   |        y_3_fu_536        |    0    |    0    |    51   |
|----------|--------------------------|---------|---------|---------|
|  select  |      x_q16_1_fu_239      |    0    |    0    |    32   |
|          |        sh_1_fu_490       |    0    |    0    |    4    |
|----------|--------------------------|---------|---------|---------|
| sparsemux|         y_fu_555         |    0    |    0    |    9    |
|----------|--------------------------|---------|---------|---------|
|    mul   |       interp_fu_447      |    1    |    0    |    6    |
|----------|--------------------------|---------|---------|---------|
|    xor   |      xor_ln75_fu_476     |    0    |    0    |    2    |
|----------|--------------------------|---------|---------|---------|
|    and   |      and_ln81_fu_542     |    0    |    0    |    2    |
|----------|--------------------------|---------|---------|---------|
|   read   |  max_x_read_read_fu_142  |    0    |    0    |    0    |
|          |    n_read_read_fu_148    |    0    |    0    |    0    |
|----------|--------------------------|---------|---------|---------|
|   write  | write_ln159_write_fu_154 |    0    |    0    |    0    |
|----------|--------------------------|---------|---------|---------|
|          |     zext_ln155_fu_219    |    0    |    0    |    0    |
|          |    zext_ln67_2_fu_414    |    0    |    0    |    0    |
|          |     zext_ln67_fu_417     |    0    |    0    |    0    |
|   zext   |     zext_ln68_fu_427     |    0    |    0    |    0    |
|          |    zext_ln67_1_fu_438    |    0    |    0    |    0    |
|          |     zext_ln71_fu_444     |    0    |    0    |    0    |
|          |     zext_ln76_fu_497     |    0    |    0    |    0    |
|          |     zext_ln80_fu_516     |    0    |    0    |    0    |
|----------|--------------------------|---------|---------|---------|
|          |        tmp_fu_246        |    0    |    0    |    0    |
|          |       tmp_65_fu_258      |    0    |    0    |    0    |
|          |       tmp_66_fu_276      |    0    |    0    |    0    |
|bitconcatenate|       tmp_67_fu_294      |    0    |    0    |    0    |
|          |       tmp_68_fu_310      |    0    |    0    |    0    |
|          |       tmp_69_fu_327      |    0    |    0    |    0    |
|          |       tmp_70_fu_343      |    0    |    0    |    0    |
|          |      sel_tmp2_fu_547     |    0    |    0    |    0    |
|----------|--------------------------|---------|---------|---------|
|          |     sext_ln58_fu_254     |    0    |    0    |    0    |
|          |    sext_ln58_1_fu_266    |    0    |    0    |    0    |
|          |    sext_ln58_2_fu_284    |    0    |    0    |    0    |
|          |    sext_ln58_3_fu_301    |    0    |    0    |    0    |
|          |    sext_ln58_4_fu_317    |    0    |    0    |    0    |
|   sext   |    sext_ln58_5_fu_334    |    0    |    0    |    0    |
|          |    sext_ln58_6_fu_350    |    0    |    0    |    0    |
|          |     sext_ln71_fu_441     |    0    |    0    |    0    |
|          |     sext_ln72_fu_463     |    0    |    0    |    0    |
|          |    sext_ln72_1_fu_473    |    0    |    0    |    0    |
|          |     sext_ln80_fu_507     |    0    |    0    |    0    |
|----------|--------------------------|---------|---------|---------|
|          |        rem_fu_360        |    0    |    0    |    0    |
|          |         k_fu_370         |    0    |    0    |    0    |
|          |        idx_fu_380        |    0    |    0    |    0    |
|partselect|       tmp_72_fu_398      |    0    |    0    |    0    |
|          |      trunc_ln_fu_453     |    0    |    0    |    0    |
|          |     trunc_ln1_fu_481     |    0    |    0    |    0    |
|          |       tmp_73_fu_520      |    0    |    0    |    0    |
|----------|--------------------------|---------|---------|---------|
| bitselect|       tmp_71_fu_390      |    0    |    0    |    0    |
|----------|--------------------------|---------|---------|---------|
|   Total  |                          |    1    |    0    |   672   |
|----------|--------------------------|---------|---------|---------|

Memories:
N/A

* Register list:
+---------------------------+--------+
|                           |   FF   |
+---------------------------+--------+
|EXP2_PTS_Q16_addr_1_reg_657|    5   |
| EXP2_PTS_Q16_addr_reg_652 |    5   |
|     add_ln58_1_reg_615    |   50   |
|      centered_reg_596     |   32   |
|         dy_reg_667        |   18   |
|         i_reg_575         |    9   |
|     icmp_ln155_reg_587    |    1   |
|     icmp_ln77_reg_647     |    1   |
|        idx_reg_635        |    4   |
|         k_reg_630         |   16   |
|  logits_buf_addr_reg_591  |    8   |
|     max_x_read_reg_582    |   32   |
|        rem_reg_625        |   12   |
|     sub_ln58_1_reg_610    |   50   |
|        t64_reg_620        |   50   |
|       tmp_71_reg_641      |    1   |
|      x_q16_1_reg_602      |   32   |
|         y0_reg_662        |   18   |
|       y_frac_reg_672      |   20   |
|         y_reg_677         |   32   |
+---------------------------+--------+
|           Total           |   396  |
+---------------------------+--------+

* Multiplexer (MUX) list: 
|-------------------|------|------|------|--------||---------||---------||---------|
|        Comp       |  Pin | Size |  BW  | S x BW ||  Delay  ||    FF   ||   LUT   |
|-------------------|------|------|------|--------||---------||---------||---------|
| grp_access_fu_168 |  p0  |   2  |   8  |   16   ||    0    ||    9    |
| grp_access_fu_181 |  p0  |   2  |   5  |   10   ||    0    ||    9    |
| grp_access_fu_181 |  p2  |   2  |   0  |    0   ||    0    ||    9    |
|-------------------|------|------|------|--------||---------||---------||---------|
|       Total       |      |      |      |   26   ||  4.764  ||    0    ||    27   |
|-------------------|------|------|------|--------||---------||---------||---------|



* Summary:
+-----------+--------+--------+--------+--------+
|           |   DSP  |  Delay |   FF   |   LUT  |
+-----------+--------+--------+--------+--------+
|  Function |    1   |    -   |    0   |   672  |
|   Memory  |    -   |    -   |    -   |    -   |
|Multiplexer|    -   |    4   |    0   |   27   |
|  Register |    -   |    -   |   396  |    -   |
+-----------+--------+--------+--------+--------+
|   Total   |    1   |    4   |   396  |   699  |
+-----------+--------+--------+--------+--------+
