

================================================================
== Vitis HLS Report for 'softmax_accel'
================================================================
* Date:           Sat Mar 14 13:29:02 2026

* Version:        2025.1 (Build 6135595 on May 21 2025)
* Project:        Prometheus_streaming
* Solution:       hls (Vivado IP Flow Target)
* Product family: zynq
* Target device:  xc7z020-clg400-1


================================================================
== Performance Estimates
================================================================
+ Timing: 
    * Summary: 
    +--------+----------+----------+------------+
    |  Clock |  Target  | Estimated| Uncertainty|
    +--------+----------+----------+------------+
    |ap_clk  |  11.80 ns|  8.614 ns|     3.19 ns|
    +--------+----------+----------+------------+

+ Latency: 
    * Summary: 
    +---------+---------+-----------+----------+-----+-----+---------+
    |  Latency (cycles) |  Latency (absolute)  |  Interval | Pipeline|
    |   min   |   max   |    min    |    max   | min | max |   Type  |
    +---------+---------+-----------+----------+-----+-----+---------+
    |        1|      833|  11.800 ns|  9.829 us|    2|  834|       no|
    +---------+---------+-----------+----------+-----+-----+---------+

    + Detail: 
        * Instance: 
        N/A

        * Loop: 
        N/A

============================================================
+ Verbose Summary: Synthesis Manager
============================================================
InlineROM: 1
ExposeGlobal: 0
============================================================
+ Verbose Summary: CDFG Model
============================================================
IsTopModel: 1
ResetActiveHigh: 1
IsCombinational: 0
IsDatapathOnly: 0
HasWiredReturn: 1
HasMFsm: 0
HasVarLatency: 1
IsPipeline: 0
IsRtlPipelined: 0
IsInstanceOverlapped: 0
IsDontTouch: 0
HasImplIP: 0
IsGatedGlobalClock: 0


============================================================
+ Verbose Summary: Schedule
============================================================
* Number of FSM states : 33
* Pipeline : 0
* Dataflow Pipeline: 0

* FSM state transitions: 
1 --> 2 33 
2 --> 3 
3 --> 4 
4 --> 5 
5 --> 6 
6 --> 7 
7 --> 16 8 
8 --> 9 12 
9 --> 10 
10 --> 11 
11 --> 15 
12 --> 13 
13 --> 14 
14 --> 15 
15 --> 16 
16 --> 17 
17 --> 18 
18 --> 19 
19 --> 20 
20 --> 21 
21 --> 22 
22 --> 23 
23 --> 24 
24 --> 25 
25 --> 26 
26 --> 27 
27 --> 28 
28 --> 29 
29 --> 30 
30 --> 31 
31 --> 32 
32 --> 33 
33 --> 

* FSM state operations: 

State 1 <SV = 0> <Delay = 4.51>
ST_1 : Operation 34 [1/1] (1.00ns)   --->   "%n_read = read i32 @_ssdm_op_Read.s_axilite.i32, i32 %n" [softmax_accel_hls.cc:258]   --->   Operation 34 'read' 'n_read' <Predicate = true> <Delay = 1.00> <CoreInst = "s_axilite">   --->   Core 112 's_axilite' <Latency = 0> <II = 1> <Delay = 1.00> <Adapter> <Opcode : 'read' 'write'>
ST_1 : Operation 35 [1/1] (1.00ns)   --->   "%dbg_base_read = read i32 @_ssdm_op_Read.s_axilite.i32, i32 %dbg_base" [softmax_accel_hls.cc:258]   --->   Operation 35 'read' 'dbg_base_read' <Predicate = true> <Delay = 1.00> <CoreInst = "s_axilite">   --->   Core 112 's_axilite' <Latency = 0> <II = 1> <Delay = 1.00> <Adapter> <Opcode : 'read' 'write'>
ST_1 : Operation 36 [1/1] (1.00ns)   --->   "%prob_base_read = read i32 @_ssdm_op_Read.s_axilite.i32, i32 %prob_base" [softmax_accel_hls.cc:258]   --->   Operation 36 'read' 'prob_base_read' <Predicate = true> <Delay = 1.00> <CoreInst = "s_axilite">   --->   Core 112 's_axilite' <Latency = 0> <II = 1> <Delay = 1.00> <Adapter> <Opcode : 'read' 'write'>
ST_1 : Operation 37 [1/1] (1.00ns)   --->   "%input_base_read = read i32 @_ssdm_op_Read.s_axilite.i32, i32 %input_base" [softmax_accel_hls.cc:258]   --->   Operation 37 'read' 'input_base_read' <Predicate = true> <Delay = 1.00> <CoreInst = "s_axilite">   --->   Core 112 's_axilite' <Latency = 0> <II = 1> <Delay = 1.00> <Adapter> <Opcode : 'read' 'write'>
ST_1 : Operation 38 [1/1] (1.00ns)   --->   "%mem_read = read i64 @_ssdm_op_Read.s_axilite.i64, i64 %mem" [softmax_accel_hls.cc:258]   --->   Operation 38 'read' 'mem_read' <Predicate = true> <Delay = 1.00> <CoreInst = "s_axilite">   --->   Core 112 's_axilite' <Latency = 0> <II = 1> <Delay = 1.00> <Adapter> <Opcode : 'read' 'write'>
ST_1 : Operation 39 [1/1] (0.00ns)   --->   "%trunc_ln258 = trunc i32 %n_read" [softmax_accel_hls.cc:258]   --->   Operation 39 'trunc' 'trunc_ln258' <Predicate = true> <Delay = 0.00>
ST_1 : Operation 40 [1/1] (0.00ns)   --->   "%spectopmodule_ln258 = spectopmodule void @_ssdm_op_SpecTopModule, void @empty_16" [softmax_accel_hls.cc:258]   --->   Operation 40 'spectopmodule' 'spectopmodule_ln258' <Predicate = true> <Delay = 0.00>
ST_1 : Operation 41 [1/1] (0.00ns)   --->   "%specinterface_ln0 = specinterface void @_ssdm_op_SpecInterface, i32 %gmem, void @empty_1, i32 0, i32 0, void @empty_2, i32 0, i32 16384, void @empty_3, void @empty_4, void @empty_2, i32 16, i32 16, i32 16, i32 16, void @empty_2, void @empty_2, i32 4294967295, i32 0, i32 0"   --->   Operation 41 'specinterface' 'specinterface_ln0' <Predicate = true> <Delay = 0.00>
ST_1 : Operation 42 [1/1] (0.00ns)   --->   "%specbitsmap_ln0 = specbitsmap void @_ssdm_op_SpecBitsMap, i32 %gmem"   --->   Operation 42 'specbitsmap' 'specbitsmap_ln0' <Predicate = true> <Delay = 0.00>
ST_1 : Operation 43 [1/1] (0.00ns)   --->   "%specinterface_ln0 = specinterface void @_ssdm_op_SpecInterface, i64 %mem, void @empty_13, i32 4294967295, i32 4294967295, void @empty_5, i32 0, i32 0, void @empty_14, void @empty_15, void @empty_2, i32 0, i32 0, i32 0, i32 0, void @empty_2, void @empty_12, i32 4294967295, i32 0, i32 0"   --->   Operation 43 'specinterface' 'specinterface_ln0' <Predicate = true> <Delay = 0.00>
ST_1 : Operation 44 [1/1] (0.00ns)   --->   "%specinterface_ln0 = specinterface void @_ssdm_op_SpecInterface, i64 %mem, void @empty_8, i32 4294967295, i32 4294967295, void @empty_2, i32 0, i32 0, void @empty_2, void @empty_2, void @empty_2, i32 0, i32 0, i32 0, i32 0, void @empty_2, void @empty_12, i32 4294967295, i32 0, i32 0"   --->   Operation 44 'specinterface' 'specinterface_ln0' <Predicate = true> <Delay = 0.00>
ST_1 : Operation 45 [1/1] (0.00ns)   --->   "%specbitsmap_ln0 = specbitsmap void @_ssdm_op_SpecBitsMap, i32 %input_base"   --->   Operation 45 'specbitsmap' 'specbitsmap_ln0' <Predicate = true> <Delay = 0.00>
ST_1 : Operation 46 [1/1] (0.00ns)   --->   "%specinterface_ln0 = specinterface void @_ssdm_op_SpecInterface, i32 %input_base, void @empty_13, i32 4294967295, i32 4294967295, void @empty_5, i32 0, i32 0, void @empty_14, void @empty_9, void @empty_2, i32 0, i32 0, i32 0, i32 0, void @empty_2, void @empty_2, i32 4294967295, i32 0, i32 0"   --->   Operation 46 'specinterface' 'specinterface_ln0' <Predicate = true> <Delay = 0.00>
ST_1 : Operation 47 [1/1] (0.00ns)   --->   "%specinterface_ln0 = specinterface void @_ssdm_op_SpecInterface, i32 %input_base, void @empty_8, i32 4294967295, i32 4294967295, void @empty_2, i32 0, i32 0, void @empty_2, void @empty_2, void @empty_2, i32 0, i32 0, i32 0, i32 0, void @empty_2, void @empty_2, i32 4294967295, i32 0, i32 0"   --->   Operation 47 'specinterface' 'specinterface_ln0' <Predicate = true> <Delay = 0.00>
ST_1 : Operation 48 [1/1] (0.00ns)   --->   "%specbitsmap_ln0 = specbitsmap void @_ssdm_op_SpecBitsMap, i32 %prob_base"   --->   Operation 48 'specbitsmap' 'specbitsmap_ln0' <Predicate = true> <Delay = 0.00>
ST_1 : Operation 49 [1/1] (0.00ns)   --->   "%specinterface_ln0 = specinterface void @_ssdm_op_SpecInterface, i32 %prob_base, void @empty_13, i32 4294967295, i32 4294967295, void @empty_5, i32 0, i32 0, void @empty_14, void @empty_10, void @empty_2, i32 0, i32 0, i32 0, i32 0, void @empty_2, void @empty_2, i32 4294967295, i32 0, i32 0"   --->   Operation 49 'specinterface' 'specinterface_ln0' <Predicate = true> <Delay = 0.00>
ST_1 : Operation 50 [1/1] (0.00ns)   --->   "%specinterface_ln0 = specinterface void @_ssdm_op_SpecInterface, i32 %prob_base, void @empty_8, i32 4294967295, i32 4294967295, void @empty_2, i32 0, i32 0, void @empty_2, void @empty_2, void @empty_2, i32 0, i32 0, i32 0, i32 0, void @empty_2, void @empty_2, i32 4294967295, i32 0, i32 0"   --->   Operation 50 'specinterface' 'specinterface_ln0' <Predicate = true> <Delay = 0.00>
ST_1 : Operation 51 [1/1] (0.00ns)   --->   "%specbitsmap_ln0 = specbitsmap void @_ssdm_op_SpecBitsMap, i32 %dbg_base"   --->   Operation 51 'specbitsmap' 'specbitsmap_ln0' <Predicate = true> <Delay = 0.00>
ST_1 : Operation 52 [1/1] (0.00ns)   --->   "%specinterface_ln0 = specinterface void @_ssdm_op_SpecInterface, i32 %dbg_base, void @empty_13, i32 4294967295, i32 4294967295, void @empty_5, i32 0, i32 0, void @empty_14, void @empty_11, void @empty_2, i32 0, i32 0, i32 0, i32 0, void @empty_2, void @empty_2, i32 4294967295, i32 0, i32 0"   --->   Operation 52 'specinterface' 'specinterface_ln0' <Predicate = true> <Delay = 0.00>
ST_1 : Operation 53 [1/1] (0.00ns)   --->   "%specinterface_ln0 = specinterface void @_ssdm_op_SpecInterface, i32 %dbg_base, void @empty_8, i32 4294967295, i32 4294967295, void @empty_2, i32 0, i32 0, void @empty_2, void @empty_2, void @empty_2, i32 0, i32 0, i32 0, i32 0, void @empty_2, void @empty_2, i32 4294967295, i32 0, i32 0"   --->   Operation 53 'specinterface' 'specinterface_ln0' <Predicate = true> <Delay = 0.00>
ST_1 : Operation 54 [1/1] (0.00ns)   --->   "%specbitsmap_ln0 = specbitsmap void @_ssdm_op_SpecBitsMap, i32 %n"   --->   Operation 54 'specbitsmap' 'specbitsmap_ln0' <Predicate = true> <Delay = 0.00>
ST_1 : Operation 55 [1/1] (0.00ns)   --->   "%specinterface_ln0 = specinterface void @_ssdm_op_SpecInterface, i32 %n, void @empty_13, i32 4294967295, i32 4294967295, void @empty_5, i32 0, i32 0, void @empty_14, void @empty_0, void @empty_2, i32 0, i32 0, i32 0, i32 0, void @empty_2, void @empty_2, i32 4294967295, i32 0, i32 0"   --->   Operation 55 'specinterface' 'specinterface_ln0' <Predicate = true> <Delay = 0.00>
ST_1 : Operation 56 [1/1] (0.00ns)   --->   "%specinterface_ln0 = specinterface void @_ssdm_op_SpecInterface, i32 %n, void @empty_8, i32 4294967295, i32 4294967295, void @empty_2, i32 0, i32 0, void @empty_2, void @empty_2, void @empty_2, i32 0, i32 0, i32 0, i32 0, void @empty_2, void @empty_2, i32 4294967295, i32 0, i32 0"   --->   Operation 56 'specinterface' 'specinterface_ln0' <Predicate = true> <Delay = 0.00>
ST_1 : Operation 57 [1/1] (0.00ns)   --->   "%specinterface_ln0 = specinterface void @_ssdm_op_SpecInterface, i32 0, void @empty_13, i32 0, i32 0, void @empty_2, i32 0, i32 0, void @empty_14, void @empty_2, void @empty_2, i32 0, i32 0, i32 0, i32 0, void @empty_2, void @empty_2, i32 4294967295, i32 0, i32 0"   --->   Operation 57 'specinterface' 'specinterface_ln0' <Predicate = true> <Delay = 0.00>
ST_1 : Operation 58 [1/1] (0.00ns)   --->   "%logits_buf = alloca i64 1" [softmax_accel_hls.cc:278]   --->   Operation 58 'alloca' 'logits_buf' <Predicate = true> <Delay = 0.00> <CoreInst = "RAM_1P_BRAM">   --->   Core 87 'RAM_1P_BRAM' <Latency = 1> <II = 1> <Delay = 3.25> <Storage> <Opcode : 'load' 'store'> <Ports = 1> <Width = 32> <Depth = 256> <RAM>
ST_1 : Operation 59 [1/1] (0.00ns)   --->   "%exp_buf = alloca i64 1" [softmax_accel_hls.cc:279]   --->   Operation 59 'alloca' 'exp_buf' <Predicate = true> <Delay = 0.00> <CoreInst = "RAM_1P_BRAM">   --->   Core 87 'RAM_1P_BRAM' <Latency = 1> <II = 1> <Delay = 3.25> <Storage> <Opcode : 'load' 'store'> <Ports = 1> <Width = 32> <Depth = 256> <RAM>
ST_1 : Operation 60 [1/1] (0.00ns)   --->   "%sum64 = alloca i64 1" [softmax_accel_hls.cc:284]   --->   Operation 60 'alloca' 'sum64' <Predicate = true> <Delay = 0.00>
ST_1 : Operation 61 [1/1] (2.55ns)   --->   "%icmp_ln271 = icmp_eq  i32 %n_read, i32 0" [softmax_accel_hls.cc:271]   --->   Operation 61 'icmp' 'icmp_ln271' <Predicate = true> <Delay = 2.55> <CoreInst = "Cmp">   --->   Core 9 'Cmp' <Latency = 0> <II = 1> <Delay = 2.55> <FuncUnit> <Opcode : 'seteq' 'setne' 'setle' 'setge' 'setlt' 'setgt'> <InPorts = 2> <OutPorts = 1>
ST_1 : Operation 62 [1/1] (0.00ns)   --->   "%br_ln271 = br i1 %icmp_ln271, void %if.end, void %return" [softmax_accel_hls.cc:271]   --->   Operation 62 'br' 'br_ln271' <Predicate = true> <Delay = 0.00>
ST_1 : Operation 63 [1/1] (2.55ns)   --->   "%icmp_ln272 = icmp_ugt  i32 %n_read, i32 256" [softmax_accel_hls.cc:272]   --->   Operation 63 'icmp' 'icmp_ln272' <Predicate = (!icmp_ln271)> <Delay = 2.55> <CoreInst = "Cmp">   --->   Core 9 'Cmp' <Latency = 0> <II = 1> <Delay = 2.55> <FuncUnit> <Opcode : 'seteq' 'setne' 'setle' 'setge' 'setlt' 'setgt'> <InPorts = 2> <OutPorts = 1>
ST_1 : Operation 64 [1/1] (0.96ns)   --->   "%select_ln272 = select i1 %icmp_ln272, i9 256, i9 %trunc_ln258" [softmax_accel_hls.cc:272]   --->   Operation 64 'select' 'select_ln272' <Predicate = (!icmp_ln271)> <Delay = 0.96> <CoreInst = "Sel">   --->   Core 73 'Sel' <Latency = 0> <II = 1> <Delay = 0.96> <FuncUnit> <Opcode : 'select'> <InPorts = 3> <OutPorts = 1>
ST_1 : Operation 65 [1/1] (0.00ns)   --->   "%trunc_ln1 = partselect i30 @_ssdm_op_PartSelect.i30.i32.i32.i32, i32 %input_base_read, i32 2, i32 31" [softmax_accel_hls.cc:274]   --->   Operation 65 'partselect' 'trunc_ln1' <Predicate = (!icmp_ln271)> <Delay = 0.00>
ST_1 : Operation 66 [1/1] (0.00ns)   --->   "%trunc_ln2 = partselect i30 @_ssdm_op_PartSelect.i30.i32.i32.i32, i32 %prob_base_read, i32 2, i32 31" [softmax_accel_hls.cc:275]   --->   Operation 66 'partselect' 'trunc_ln2' <Predicate = (!icmp_ln271)> <Delay = 0.00>
ST_1 : Operation 67 [1/1] (0.00ns)   --->   "%tmp_s = partselect i30 @_ssdm_op_PartSelect.i30.i32.i32.i32, i32 %dbg_base_read, i32 2, i32 31" [softmax_accel_hls.cc:276]   --->   Operation 67 'partselect' 'tmp_s' <Predicate = (!icmp_ln271)> <Delay = 0.00>
ST_1 : Operation 68 [1/1] (0.00ns)   --->   "%store_ln284 = store i40 0, i40 %sum64" [softmax_accel_hls.cc:284]   --->   Operation 68 'store' 'store_ln284' <Predicate = (!icmp_ln271)> <Delay = 0.00>

State 2 <SV = 1> <Delay = 8.61>
ST_2 : Operation 69 [2/2] (8.61ns)   --->   "%max_x = call i32 @load_logits_and_find_max, i32 %gmem, i64 %mem_read, i30 %trunc_ln1, i9 %select_ln272, i32 %logits_buf" [softmax_accel_hls.cc:286]   --->   Operation 69 'call' 'max_x' <Predicate = true> <Delay = 8.61> <CoreType = "Generic">   --->   Generic Core

State 3 <SV = 2> <Delay = 0.00>
ST_3 : Operation 70 [1/2] (0.00ns)   --->   "%max_x = call i32 @load_logits_and_find_max, i32 %gmem, i64 %mem_read, i30 %trunc_ln1, i9 %select_ln272, i32 %logits_buf" [softmax_accel_hls.cc:286]   --->   Operation 70 'call' 'max_x' <Predicate = true> <Delay = 0.00> <CoreType = "Generic">   --->   Generic Core

State 4 <SV = 3> <Delay = 3.41>
ST_4 : Operation 71 [2/2] (3.41ns)   --->   "%call_ln287 = call void @generate_exp_buffer, i32 %logits_buf, i9 %select_ln272, i32 %max_x, i32 %exp_buf, i40 %sum64, i18 %EXP2_PTS_Q16" [softmax_accel_hls.cc:287]   --->   Operation 71 'call' 'call_ln287' <Predicate = true> <Delay = 3.41> <CoreType = "Generic">   --->   Generic Core

State 5 <SV = 4> <Delay = 0.00>
ST_5 : Operation 72 [1/2] (0.00ns)   --->   "%call_ln287 = call void @generate_exp_buffer, i32 %logits_buf, i9 %select_ln272, i32 %max_x, i32 %exp_buf, i40 %sum64, i18 %EXP2_PTS_Q16" [softmax_accel_hls.cc:287]   --->   Operation 72 'call' 'call_ln287' <Predicate = true> <Delay = 0.00> <CoreType = "Generic">   --->   Generic Core

State 6 <SV = 5> <Delay = 3.57>
ST_6 : Operation 73 [1/1] (0.00ns)   --->   "%sum64_load = load i40 %sum64" [softmax_accel_hls.cc:289]   --->   Operation 73 'load' 'sum64_load' <Predicate = true> <Delay = 0.00>
ST_6 : Operation 74 [1/1] (2.87ns)   --->   "%icmp_ln289 = icmp_eq  i40 %sum64_load, i40 0" [softmax_accel_hls.cc:289]   --->   Operation 74 'icmp' 'icmp_ln289' <Predicate = true> <Delay = 2.87> <CoreInst = "Cmp">   --->   Core 9 'Cmp' <Latency = 0> <II = 1> <Delay = 2.87> <FuncUnit> <Opcode : 'seteq' 'setne' 'setle' 'setge' 'setlt' 'setgt'> <InPorts = 2> <OutPorts = 1>
ST_6 : Operation 75 [1/1] (0.00ns)   --->   "%sum_q16 = trunc i40 %sum64_load" [softmax_accel_hls.cc:289]   --->   Operation 75 'trunc' 'sum_q16' <Predicate = true> <Delay = 0.00>
ST_6 : Operation 76 [1/1] (0.69ns)   --->   "%sum_q16_1 = select i1 %icmp_ln289, i32 1, i32 %sum_q16" [softmax_accel_hls.cc:289]   --->   Operation 76 'select' 'sum_q16_1' <Predicate = true> <Delay = 0.69> <CoreInst = "Sel">   --->   Core 73 'Sel' <Latency = 0> <II = 1> <Delay = 0.69> <FuncUnit> <Opcode : 'select'> <InPorts = 3> <OutPorts = 1>

State 7 <SV = 6> <Delay = 5.75>
ST_7 : Operation 77 [1/1] (0.00ns)   --->   "%zext_ln276 = zext i30 %tmp_s" [softmax_accel_hls.cc:276]   --->   Operation 77 'zext' 'zext_ln276' <Predicate = true> <Delay = 0.00>
ST_7 : Operation 78 [1/1] (0.00ns)   --->   "%specmemcore_ln280 = specmemcore void @_ssdm_op_SpecMemCore, i32 %logits_buf, i64 666, i64 18, i64 18446744073709551615" [softmax_accel_hls.cc:280]   --->   Operation 78 'specmemcore' 'specmemcore_ln280' <Predicate = true> <Delay = 0.00>
ST_7 : Operation 79 [1/1] (0.00ns)   --->   "%specmemcore_ln281 = specmemcore void @_ssdm_op_SpecMemCore, i32 %exp_buf, i64 666, i64 18, i64 18446744073709551615" [softmax_accel_hls.cc:281]   --->   Operation 79 'specmemcore' 'specmemcore_ln281' <Predicate = true> <Delay = 0.00>
ST_7 : Operation 80 [1/1] (2.55ns)   --->   "%icmp_ln89 = icmp_eq  i32 %sum_q16_1, i32 0" [softmax_accel_hls.cc:89->softmax_accel_hls.cc:290]   --->   Operation 80 'icmp' 'icmp_ln89' <Predicate = true> <Delay = 2.55> <CoreInst = "Cmp">   --->   Core 9 'Cmp' <Latency = 0> <II = 1> <Delay = 2.55> <FuncUnit> <Opcode : 'seteq' 'setne' 'setle' 'setge' 'setlt' 'setgt'> <InPorts = 2> <OutPorts = 1>
ST_7 : Operation 81 [1/1] (1.58ns)   --->   "%br_ln89 = br i1 %icmp_ln89, void %for.body.i31, void %_ZL15recip_sum_q2_307ap_uintILi32EE.exit" [softmax_accel_hls.cc:89->softmax_accel_hls.cc:290]   --->   Operation 81 'br' 'br_ln89' <Predicate = true> <Delay = 1.58>
ST_7 : Operation 82 [1/1] (0.00ns)   --->   "%tmp = bitselect i1 @_ssdm_op_BitSelect.i1.i32.i32, i32 %sum_q16_1, i32 31" [softmax_accel_hls.cc:94->softmax_accel_hls.cc:290]   --->   Operation 82 'bitselect' 'tmp' <Predicate = (!icmp_ln89)> <Delay = 0.00>
ST_7 : Operation 83 [1/1] (3.20ns)   --->   "%br_ln94 = br i1 %tmp, void %if.end3.i, void %cleanup.i" [softmax_accel_hls.cc:94->softmax_accel_hls.cc:290]   --->   Operation 83 'br' 'br_ln94' <Predicate = (!icmp_ln89)> <Delay = 3.20>
ST_7 : Operation 84 [1/1] (0.00ns)   --->   "%tmp_1 = bitselect i1 @_ssdm_op_BitSelect.i1.i32.i32, i32 %sum_q16_1, i32 30" [softmax_accel_hls.cc:94->softmax_accel_hls.cc:290]   --->   Operation 84 'bitselect' 'tmp_1' <Predicate = (!icmp_ln89 & !tmp)> <Delay = 0.00>
ST_7 : Operation 85 [1/1] (3.20ns)   --->   "%br_ln94 = br i1 %tmp_1, void %if.end3.i.1, void %cleanup.i" [softmax_accel_hls.cc:94->softmax_accel_hls.cc:290]   --->   Operation 85 'br' 'br_ln94' <Predicate = (!icmp_ln89 & !tmp)> <Delay = 3.20>
ST_7 : Operation 86 [1/1] (0.00ns)   --->   "%tmp_2 = bitselect i1 @_ssdm_op_BitSelect.i1.i32.i32, i32 %sum_q16_1, i32 29" [softmax_accel_hls.cc:94->softmax_accel_hls.cc:290]   --->   Operation 86 'bitselect' 'tmp_2' <Predicate = (!icmp_ln89 & !tmp & !tmp_1)> <Delay = 0.00>
ST_7 : Operation 87 [1/1] (3.20ns)   --->   "%br_ln94 = br i1 %tmp_2, void %if.end3.i.2, void %cleanup.i" [softmax_accel_hls.cc:94->softmax_accel_hls.cc:290]   --->   Operation 87 'br' 'br_ln94' <Predicate = (!icmp_ln89 & !tmp & !tmp_1)> <Delay = 3.20>
ST_7 : Operation 88 [1/1] (0.00ns)   --->   "%tmp_3 = bitselect i1 @_ssdm_op_BitSelect.i1.i32.i32, i32 %sum_q16_1, i32 28" [softmax_accel_hls.cc:94->softmax_accel_hls.cc:290]   --->   Operation 88 'bitselect' 'tmp_3' <Predicate = (!icmp_ln89 & !tmp & !tmp_1 & !tmp_2)> <Delay = 0.00>
ST_7 : Operation 89 [1/1] (3.20ns)   --->   "%br_ln94 = br i1 %tmp_3, void %if.end3.i.3, void %cleanup.i" [softmax_accel_hls.cc:94->softmax_accel_hls.cc:290]   --->   Operation 89 'br' 'br_ln94' <Predicate = (!icmp_ln89 & !tmp & !tmp_1 & !tmp_2)> <Delay = 3.20>
ST_7 : Operation 90 [1/1] (0.00ns)   --->   "%tmp_4 = bitselect i1 @_ssdm_op_BitSelect.i1.i32.i32, i32 %sum_q16_1, i32 27" [softmax_accel_hls.cc:94->softmax_accel_hls.cc:290]   --->   Operation 90 'bitselect' 'tmp_4' <Predicate = (!icmp_ln89 & !tmp & !tmp_1 & !tmp_2 & !tmp_3)> <Delay = 0.00>
ST_7 : Operation 91 [1/1] (3.20ns)   --->   "%br_ln94 = br i1 %tmp_4, void %if.end3.i.4, void %cleanup.i" [softmax_accel_hls.cc:94->softmax_accel_hls.cc:290]   --->   Operation 91 'br' 'br_ln94' <Predicate = (!icmp_ln89 & !tmp & !tmp_1 & !tmp_2 & !tmp_3)> <Delay = 3.20>
ST_7 : Operation 92 [1/1] (0.00ns)   --->   "%tmp_5 = bitselect i1 @_ssdm_op_BitSelect.i1.i32.i32, i32 %sum_q16_1, i32 26" [softmax_accel_hls.cc:94->softmax_accel_hls.cc:290]   --->   Operation 92 'bitselect' 'tmp_5' <Predicate = (!icmp_ln89 & !tmp & !tmp_1 & !tmp_2 & !tmp_3 & !tmp_4)> <Delay = 0.00>
ST_7 : Operation 93 [1/1] (3.20ns)   --->   "%br_ln94 = br i1 %tmp_5, void %if.end3.i.5, void %cleanup.i" [softmax_accel_hls.cc:94->softmax_accel_hls.cc:290]   --->   Operation 93 'br' 'br_ln94' <Predicate = (!icmp_ln89 & !tmp & !tmp_1 & !tmp_2 & !tmp_3 & !tmp_4)> <Delay = 3.20>
ST_7 : Operation 94 [1/1] (0.00ns)   --->   "%tmp_6 = bitselect i1 @_ssdm_op_BitSelect.i1.i32.i32, i32 %sum_q16_1, i32 25" [softmax_accel_hls.cc:94->softmax_accel_hls.cc:290]   --->   Operation 94 'bitselect' 'tmp_6' <Predicate = (!icmp_ln89 & !tmp & !tmp_1 & !tmp_2 & !tmp_3 & !tmp_4 & !tmp_5)> <Delay = 0.00>
ST_7 : Operation 95 [1/1] (3.20ns)   --->   "%br_ln94 = br i1 %tmp_6, void %if.end3.i.6, void %cleanup.i" [softmax_accel_hls.cc:94->softmax_accel_hls.cc:290]   --->   Operation 95 'br' 'br_ln94' <Predicate = (!icmp_ln89 & !tmp & !tmp_1 & !tmp_2 & !tmp_3 & !tmp_4 & !tmp_5)> <Delay = 3.20>
ST_7 : Operation 96 [1/1] (0.00ns)   --->   "%tmp_7 = bitselect i1 @_ssdm_op_BitSelect.i1.i32.i32, i32 %sum_q16_1, i32 24" [softmax_accel_hls.cc:94->softmax_accel_hls.cc:290]   --->   Operation 96 'bitselect' 'tmp_7' <Predicate = (!icmp_ln89 & !tmp & !tmp_1 & !tmp_2 & !tmp_3 & !tmp_4 & !tmp_5 & !tmp_6)> <Delay = 0.00>
ST_7 : Operation 97 [1/1] (3.20ns)   --->   "%br_ln94 = br i1 %tmp_7, void %if.end3.i.7, void %cleanup.i" [softmax_accel_hls.cc:94->softmax_accel_hls.cc:290]   --->   Operation 97 'br' 'br_ln94' <Predicate = (!icmp_ln89 & !tmp & !tmp_1 & !tmp_2 & !tmp_3 & !tmp_4 & !tmp_5 & !tmp_6)> <Delay = 3.20>
ST_7 : Operation 98 [1/1] (0.00ns)   --->   "%tmp_8 = bitselect i1 @_ssdm_op_BitSelect.i1.i32.i32, i32 %sum_q16_1, i32 23" [softmax_accel_hls.cc:94->softmax_accel_hls.cc:290]   --->   Operation 98 'bitselect' 'tmp_8' <Predicate = (!icmp_ln89 & !tmp & !tmp_1 & !tmp_2 & !tmp_3 & !tmp_4 & !tmp_5 & !tmp_6 & !tmp_7)> <Delay = 0.00>
ST_7 : Operation 99 [1/1] (3.20ns)   --->   "%br_ln94 = br i1 %tmp_8, void %if.end3.i.8, void %cleanup.i" [softmax_accel_hls.cc:94->softmax_accel_hls.cc:290]   --->   Operation 99 'br' 'br_ln94' <Predicate = (!icmp_ln89 & !tmp & !tmp_1 & !tmp_2 & !tmp_3 & !tmp_4 & !tmp_5 & !tmp_6 & !tmp_7)> <Delay = 3.20>
ST_7 : Operation 100 [1/1] (0.00ns)   --->   "%tmp_9 = bitselect i1 @_ssdm_op_BitSelect.i1.i32.i32, i32 %sum_q16_1, i32 22" [softmax_accel_hls.cc:94->softmax_accel_hls.cc:290]   --->   Operation 100 'bitselect' 'tmp_9' <Predicate = (!icmp_ln89 & !tmp & !tmp_1 & !tmp_2 & !tmp_3 & !tmp_4 & !tmp_5 & !tmp_6 & !tmp_7 & !tmp_8)> <Delay = 0.00>
ST_7 : Operation 101 [1/1] (3.20ns)   --->   "%br_ln94 = br i1 %tmp_9, void %if.end3.i.9, void %cleanup.i" [softmax_accel_hls.cc:94->softmax_accel_hls.cc:290]   --->   Operation 101 'br' 'br_ln94' <Predicate = (!icmp_ln89 & !tmp & !tmp_1 & !tmp_2 & !tmp_3 & !tmp_4 & !tmp_5 & !tmp_6 & !tmp_7 & !tmp_8)> <Delay = 3.20>
ST_7 : Operation 102 [1/1] (0.00ns)   --->   "%tmp_10 = bitselect i1 @_ssdm_op_BitSelect.i1.i32.i32, i32 %sum_q16_1, i32 21" [softmax_accel_hls.cc:94->softmax_accel_hls.cc:290]   --->   Operation 102 'bitselect' 'tmp_10' <Predicate = (!icmp_ln89 & !tmp & !tmp_1 & !tmp_2 & !tmp_3 & !tmp_4 & !tmp_5 & !tmp_6 & !tmp_7 & !tmp_8 & !tmp_9)> <Delay = 0.00>
ST_7 : Operation 103 [1/1] (3.20ns)   --->   "%br_ln94 = br i1 %tmp_10, void %if.end3.i.10, void %cleanup.i" [softmax_accel_hls.cc:94->softmax_accel_hls.cc:290]   --->   Operation 103 'br' 'br_ln94' <Predicate = (!icmp_ln89 & !tmp & !tmp_1 & !tmp_2 & !tmp_3 & !tmp_4 & !tmp_5 & !tmp_6 & !tmp_7 & !tmp_8 & !tmp_9)> <Delay = 3.20>
ST_7 : Operation 104 [1/1] (0.00ns)   --->   "%tmp_11 = bitselect i1 @_ssdm_op_BitSelect.i1.i32.i32, i32 %sum_q16_1, i32 20" [softmax_accel_hls.cc:94->softmax_accel_hls.cc:290]   --->   Operation 104 'bitselect' 'tmp_11' <Predicate = (!icmp_ln89 & !tmp & !tmp_1 & !tmp_2 & !tmp_3 & !tmp_4 & !tmp_5 & !tmp_6 & !tmp_7 & !tmp_8 & !tmp_9 & !tmp_10)> <Delay = 0.00>
ST_7 : Operation 105 [1/1] (3.20ns)   --->   "%br_ln94 = br i1 %tmp_11, void %if.end3.i.11, void %cleanup.i" [softmax_accel_hls.cc:94->softmax_accel_hls.cc:290]   --->   Operation 105 'br' 'br_ln94' <Predicate = (!icmp_ln89 & !tmp & !tmp_1 & !tmp_2 & !tmp_3 & !tmp_4 & !tmp_5 & !tmp_6 & !tmp_7 & !tmp_8 & !tmp_9 & !tmp_10)> <Delay = 3.20>
ST_7 : Operation 106 [1/1] (0.00ns)   --->   "%tmp_12 = bitselect i1 @_ssdm_op_BitSelect.i1.i32.i32, i32 %sum_q16_1, i32 19" [softmax_accel_hls.cc:94->softmax_accel_hls.cc:290]   --->   Operation 106 'bitselect' 'tmp_12' <Predicate = (!icmp_ln89 & !tmp & !tmp_1 & !tmp_2 & !tmp_3 & !tmp_4 & !tmp_5 & !tmp_6 & !tmp_7 & !tmp_8 & !tmp_9 & !tmp_10 & !tmp_11)> <Delay = 0.00>
ST_7 : Operation 107 [1/1] (3.20ns)   --->   "%br_ln94 = br i1 %tmp_12, void %if.end3.i.12, void %cleanup.i" [softmax_accel_hls.cc:94->softmax_accel_hls.cc:290]   --->   Operation 107 'br' 'br_ln94' <Predicate = (!icmp_ln89 & !tmp & !tmp_1 & !tmp_2 & !tmp_3 & !tmp_4 & !tmp_5 & !tmp_6 & !tmp_7 & !tmp_8 & !tmp_9 & !tmp_10 & !tmp_11)> <Delay = 3.20>
ST_7 : Operation 108 [1/1] (0.00ns)   --->   "%tmp_13 = bitselect i1 @_ssdm_op_BitSelect.i1.i32.i32, i32 %sum_q16_1, i32 18" [softmax_accel_hls.cc:94->softmax_accel_hls.cc:290]   --->   Operation 108 'bitselect' 'tmp_13' <Predicate = (!icmp_ln89 & !tmp & !tmp_1 & !tmp_2 & !tmp_3 & !tmp_4 & !tmp_5 & !tmp_6 & !tmp_7 & !tmp_8 & !tmp_9 & !tmp_10 & !tmp_11 & !tmp_12)> <Delay = 0.00>
ST_7 : Operation 109 [1/1] (3.20ns)   --->   "%br_ln94 = br i1 %tmp_13, void %if.end3.i.13, void %cleanup.i" [softmax_accel_hls.cc:94->softmax_accel_hls.cc:290]   --->   Operation 109 'br' 'br_ln94' <Predicate = (!icmp_ln89 & !tmp & !tmp_1 & !tmp_2 & !tmp_3 & !tmp_4 & !tmp_5 & !tmp_6 & !tmp_7 & !tmp_8 & !tmp_9 & !tmp_10 & !tmp_11 & !tmp_12)> <Delay = 3.20>
ST_7 : Operation 110 [1/1] (0.00ns)   --->   "%tmp_14 = bitselect i1 @_ssdm_op_BitSelect.i1.i32.i32, i32 %sum_q16_1, i32 17" [softmax_accel_hls.cc:94->softmax_accel_hls.cc:290]   --->   Operation 110 'bitselect' 'tmp_14' <Predicate = (!icmp_ln89 & !tmp & !tmp_1 & !tmp_2 & !tmp_3 & !tmp_4 & !tmp_5 & !tmp_6 & !tmp_7 & !tmp_8 & !tmp_9 & !tmp_10 & !tmp_11 & !tmp_12 & !tmp_13)> <Delay = 0.00>
ST_7 : Operation 111 [1/1] (3.20ns)   --->   "%br_ln94 = br i1 %tmp_14, void %if.end3.i.14, void %cleanup.i" [softmax_accel_hls.cc:94->softmax_accel_hls.cc:290]   --->   Operation 111 'br' 'br_ln94' <Predicate = (!icmp_ln89 & !tmp & !tmp_1 & !tmp_2 & !tmp_3 & !tmp_4 & !tmp_5 & !tmp_6 & !tmp_7 & !tmp_8 & !tmp_9 & !tmp_10 & !tmp_11 & !tmp_12 & !tmp_13)> <Delay = 3.20>
ST_7 : Operation 112 [1/1] (0.00ns)   --->   "%tmp_15 = bitselect i1 @_ssdm_op_BitSelect.i1.i32.i32, i32 %sum_q16_1, i32 16" [softmax_accel_hls.cc:94->softmax_accel_hls.cc:290]   --->   Operation 112 'bitselect' 'tmp_15' <Predicate = (!icmp_ln89 & !tmp & !tmp_1 & !tmp_2 & !tmp_3 & !tmp_4 & !tmp_5 & !tmp_6 & !tmp_7 & !tmp_8 & !tmp_9 & !tmp_10 & !tmp_11 & !tmp_12 & !tmp_13 & !tmp_14)> <Delay = 0.00>
ST_7 : Operation 113 [1/1] (3.20ns)   --->   "%br_ln94 = br i1 %tmp_15, void %if.end3.i.15, void %cleanup.i" [softmax_accel_hls.cc:94->softmax_accel_hls.cc:290]   --->   Operation 113 'br' 'br_ln94' <Predicate = (!icmp_ln89 & !tmp & !tmp_1 & !tmp_2 & !tmp_3 & !tmp_4 & !tmp_5 & !tmp_6 & !tmp_7 & !tmp_8 & !tmp_9 & !tmp_10 & !tmp_11 & !tmp_12 & !tmp_13 & !tmp_14)> <Delay = 3.20>
ST_7 : Operation 114 [1/1] (0.00ns)   --->   "%tmp_16 = bitselect i1 @_ssdm_op_BitSelect.i1.i32.i32, i32 %sum_q16_1, i32 15" [softmax_accel_hls.cc:94->softmax_accel_hls.cc:290]   --->   Operation 114 'bitselect' 'tmp_16' <Predicate = (!icmp_ln89 & !tmp & !tmp_1 & !tmp_2 & !tmp_3 & !tmp_4 & !tmp_5 & !tmp_6 & !tmp_7 & !tmp_8 & !tmp_9 & !tmp_10 & !tmp_11 & !tmp_12 & !tmp_13 & !tmp_14 & !tmp_15)> <Delay = 0.00>
ST_7 : Operation 115 [1/1] (3.20ns)   --->   "%br_ln94 = br i1 %tmp_16, void %if.end3.i.16, void %cleanup.i" [softmax_accel_hls.cc:94->softmax_accel_hls.cc:290]   --->   Operation 115 'br' 'br_ln94' <Predicate = (!icmp_ln89 & !tmp & !tmp_1 & !tmp_2 & !tmp_3 & !tmp_4 & !tmp_5 & !tmp_6 & !tmp_7 & !tmp_8 & !tmp_9 & !tmp_10 & !tmp_11 & !tmp_12 & !tmp_13 & !tmp_14 & !tmp_15)> <Delay = 3.20>
ST_7 : Operation 116 [1/1] (0.00ns)   --->   "%tmp_17 = bitselect i1 @_ssdm_op_BitSelect.i1.i32.i32, i32 %sum_q16_1, i32 14" [softmax_accel_hls.cc:94->softmax_accel_hls.cc:290]   --->   Operation 116 'bitselect' 'tmp_17' <Predicate = (!icmp_ln89 & !tmp & !tmp_1 & !tmp_2 & !tmp_3 & !tmp_4 & !tmp_5 & !tmp_6 & !tmp_7 & !tmp_8 & !tmp_9 & !tmp_10 & !tmp_11 & !tmp_12 & !tmp_13 & !tmp_14 & !tmp_15 & !tmp_16)> <Delay = 0.00>
ST_7 : Operation 117 [1/1] (3.20ns)   --->   "%br_ln94 = br i1 %tmp_17, void %if.end3.i.17, void %cleanup.i" [softmax_accel_hls.cc:94->softmax_accel_hls.cc:290]   --->   Operation 117 'br' 'br_ln94' <Predicate = (!icmp_ln89 & !tmp & !tmp_1 & !tmp_2 & !tmp_3 & !tmp_4 & !tmp_5 & !tmp_6 & !tmp_7 & !tmp_8 & !tmp_9 & !tmp_10 & !tmp_11 & !tmp_12 & !tmp_13 & !tmp_14 & !tmp_15 & !tmp_16)> <Delay = 3.20>
ST_7 : Operation 118 [1/1] (0.00ns)   --->   "%tmp_18 = bitselect i1 @_ssdm_op_BitSelect.i1.i32.i32, i32 %sum_q16_1, i32 13" [softmax_accel_hls.cc:94->softmax_accel_hls.cc:290]   --->   Operation 118 'bitselect' 'tmp_18' <Predicate = (!icmp_ln89 & !tmp & !tmp_1 & !tmp_2 & !tmp_3 & !tmp_4 & !tmp_5 & !tmp_6 & !tmp_7 & !tmp_8 & !tmp_9 & !tmp_10 & !tmp_11 & !tmp_12 & !tmp_13 & !tmp_14 & !tmp_15 & !tmp_16 & !tmp_17)> <Delay = 0.00>
ST_7 : Operation 119 [1/1] (3.20ns)   --->   "%br_ln94 = br i1 %tmp_18, void %if.end3.i.18, void %cleanup.i" [softmax_accel_hls.cc:94->softmax_accel_hls.cc:290]   --->   Operation 119 'br' 'br_ln94' <Predicate = (!icmp_ln89 & !tmp & !tmp_1 & !tmp_2 & !tmp_3 & !tmp_4 & !tmp_5 & !tmp_6 & !tmp_7 & !tmp_8 & !tmp_9 & !tmp_10 & !tmp_11 & !tmp_12 & !tmp_13 & !tmp_14 & !tmp_15 & !tmp_16 & !tmp_17)> <Delay = 3.20>
ST_7 : Operation 120 [1/1] (0.00ns)   --->   "%tmp_19 = bitselect i1 @_ssdm_op_BitSelect.i1.i32.i32, i32 %sum_q16_1, i32 12" [softmax_accel_hls.cc:94->softmax_accel_hls.cc:290]   --->   Operation 120 'bitselect' 'tmp_19' <Predicate = (!icmp_ln89 & !tmp & !tmp_1 & !tmp_2 & !tmp_3 & !tmp_4 & !tmp_5 & !tmp_6 & !tmp_7 & !tmp_8 & !tmp_9 & !tmp_10 & !tmp_11 & !tmp_12 & !tmp_13 & !tmp_14 & !tmp_15 & !tmp_16 & !tmp_17 & !tmp_18)> <Delay = 0.00>
ST_7 : Operation 121 [1/1] (3.20ns)   --->   "%br_ln94 = br i1 %tmp_19, void %if.end3.i.19, void %cleanup.i" [softmax_accel_hls.cc:94->softmax_accel_hls.cc:290]   --->   Operation 121 'br' 'br_ln94' <Predicate = (!icmp_ln89 & !tmp & !tmp_1 & !tmp_2 & !tmp_3 & !tmp_4 & !tmp_5 & !tmp_6 & !tmp_7 & !tmp_8 & !tmp_9 & !tmp_10 & !tmp_11 & !tmp_12 & !tmp_13 & !tmp_14 & !tmp_15 & !tmp_16 & !tmp_17 & !tmp_18)> <Delay = 3.20>
ST_7 : Operation 122 [1/1] (0.00ns)   --->   "%tmp_20 = bitselect i1 @_ssdm_op_BitSelect.i1.i32.i32, i32 %sum_q16_1, i32 11" [softmax_accel_hls.cc:94->softmax_accel_hls.cc:290]   --->   Operation 122 'bitselect' 'tmp_20' <Predicate = (!icmp_ln89 & !tmp & !tmp_1 & !tmp_2 & !tmp_3 & !tmp_4 & !tmp_5 & !tmp_6 & !tmp_7 & !tmp_8 & !tmp_9 & !tmp_10 & !tmp_11 & !tmp_12 & !tmp_13 & !tmp_14 & !tmp_15 & !tmp_16 & !tmp_17 & !tmp_18 & !tmp_19)> <Delay = 0.00>
ST_7 : Operation 123 [1/1] (3.20ns)   --->   "%br_ln94 = br i1 %tmp_20, void %if.end3.i.20, void %cleanup.i" [softmax_accel_hls.cc:94->softmax_accel_hls.cc:290]   --->   Operation 123 'br' 'br_ln94' <Predicate = (!icmp_ln89 & !tmp & !tmp_1 & !tmp_2 & !tmp_3 & !tmp_4 & !tmp_5 & !tmp_6 & !tmp_7 & !tmp_8 & !tmp_9 & !tmp_10 & !tmp_11 & !tmp_12 & !tmp_13 & !tmp_14 & !tmp_15 & !tmp_16 & !tmp_17 & !tmp_18 & !tmp_19)> <Delay = 3.20>
ST_7 : Operation 124 [1/1] (0.00ns)   --->   "%tmp_21 = bitselect i1 @_ssdm_op_BitSelect.i1.i32.i32, i32 %sum_q16_1, i32 10" [softmax_accel_hls.cc:94->softmax_accel_hls.cc:290]   --->   Operation 124 'bitselect' 'tmp_21' <Predicate = (!icmp_ln89 & !tmp & !tmp_1 & !tmp_2 & !tmp_3 & !tmp_4 & !tmp_5 & !tmp_6 & !tmp_7 & !tmp_8 & !tmp_9 & !tmp_10 & !tmp_11 & !tmp_12 & !tmp_13 & !tmp_14 & !tmp_15 & !tmp_16 & !tmp_17 & !tmp_18 & !tmp_19 & !tmp_20)> <Delay = 0.00>
ST_7 : Operation 125 [1/1] (3.20ns)   --->   "%br_ln94 = br i1 %tmp_21, void %if.end3.i.21, void %cleanup.i" [softmax_accel_hls.cc:94->softmax_accel_hls.cc:290]   --->   Operation 125 'br' 'br_ln94' <Predicate = (!icmp_ln89 & !tmp & !tmp_1 & !tmp_2 & !tmp_3 & !tmp_4 & !tmp_5 & !tmp_6 & !tmp_7 & !tmp_8 & !tmp_9 & !tmp_10 & !tmp_11 & !tmp_12 & !tmp_13 & !tmp_14 & !tmp_15 & !tmp_16 & !tmp_17 & !tmp_18 & !tmp_19 & !tmp_20)> <Delay = 3.20>
ST_7 : Operation 126 [1/1] (0.00ns)   --->   "%tmp_22 = bitselect i1 @_ssdm_op_BitSelect.i1.i32.i32, i32 %sum_q16_1, i32 9" [softmax_accel_hls.cc:94->softmax_accel_hls.cc:290]   --->   Operation 126 'bitselect' 'tmp_22' <Predicate = (!icmp_ln89 & !tmp & !tmp_1 & !tmp_2 & !tmp_3 & !tmp_4 & !tmp_5 & !tmp_6 & !tmp_7 & !tmp_8 & !tmp_9 & !tmp_10 & !tmp_11 & !tmp_12 & !tmp_13 & !tmp_14 & !tmp_15 & !tmp_16 & !tmp_17 & !tmp_18 & !tmp_19 & !tmp_20 & !tmp_21)> <Delay = 0.00>
ST_7 : Operation 127 [1/1] (3.20ns)   --->   "%br_ln94 = br i1 %tmp_22, void %if.end3.i.22, void %cleanup.i" [softmax_accel_hls.cc:94->softmax_accel_hls.cc:290]   --->   Operation 127 'br' 'br_ln94' <Predicate = (!icmp_ln89 & !tmp & !tmp_1 & !tmp_2 & !tmp_3 & !tmp_4 & !tmp_5 & !tmp_6 & !tmp_7 & !tmp_8 & !tmp_9 & !tmp_10 & !tmp_11 & !tmp_12 & !tmp_13 & !tmp_14 & !tmp_15 & !tmp_16 & !tmp_17 & !tmp_18 & !tmp_19 & !tmp_20 & !tmp_21)> <Delay = 3.20>
ST_7 : Operation 128 [1/1] (0.00ns)   --->   "%tmp_23 = bitselect i1 @_ssdm_op_BitSelect.i1.i32.i32, i32 %sum_q16_1, i32 8" [softmax_accel_hls.cc:94->softmax_accel_hls.cc:290]   --->   Operation 128 'bitselect' 'tmp_23' <Predicate = (!icmp_ln89 & !tmp & !tmp_1 & !tmp_2 & !tmp_3 & !tmp_4 & !tmp_5 & !tmp_6 & !tmp_7 & !tmp_8 & !tmp_9 & !tmp_10 & !tmp_11 & !tmp_12 & !tmp_13 & !tmp_14 & !tmp_15 & !tmp_16 & !tmp_17 & !tmp_18 & !tmp_19 & !tmp_20 & !tmp_21 & !tmp_22)> <Delay = 0.00>
ST_7 : Operation 129 [1/1] (3.20ns)   --->   "%br_ln94 = br i1 %tmp_23, void %if.end3.i.23, void %cleanup.i" [softmax_accel_hls.cc:94->softmax_accel_hls.cc:290]   --->   Operation 129 'br' 'br_ln94' <Predicate = (!icmp_ln89 & !tmp & !tmp_1 & !tmp_2 & !tmp_3 & !tmp_4 & !tmp_5 & !tmp_6 & !tmp_7 & !tmp_8 & !tmp_9 & !tmp_10 & !tmp_11 & !tmp_12 & !tmp_13 & !tmp_14 & !tmp_15 & !tmp_16 & !tmp_17 & !tmp_18 & !tmp_19 & !tmp_20 & !tmp_21 & !tmp_22)> <Delay = 3.20>
ST_7 : Operation 130 [1/1] (0.00ns)   --->   "%tmp_24 = bitselect i1 @_ssdm_op_BitSelect.i1.i32.i32, i32 %sum_q16_1, i32 7" [softmax_accel_hls.cc:94->softmax_accel_hls.cc:290]   --->   Operation 130 'bitselect' 'tmp_24' <Predicate = (!icmp_ln89 & !tmp & !tmp_1 & !tmp_2 & !tmp_3 & !tmp_4 & !tmp_5 & !tmp_6 & !tmp_7 & !tmp_8 & !tmp_9 & !tmp_10 & !tmp_11 & !tmp_12 & !tmp_13 & !tmp_14 & !tmp_15 & !tmp_16 & !tmp_17 & !tmp_18 & !tmp_19 & !tmp_20 & !tmp_21 & !tmp_22 & !tmp_23)> <Delay = 0.00>
ST_7 : Operation 131 [1/1] (3.20ns)   --->   "%br_ln94 = br i1 %tmp_24, void %if.end3.i.24, void %cleanup.i" [softmax_accel_hls.cc:94->softmax_accel_hls.cc:290]   --->   Operation 131 'br' 'br_ln94' <Predicate = (!icmp_ln89 & !tmp & !tmp_1 & !tmp_2 & !tmp_3 & !tmp_4 & !tmp_5 & !tmp_6 & !tmp_7 & !tmp_8 & !tmp_9 & !tmp_10 & !tmp_11 & !tmp_12 & !tmp_13 & !tmp_14 & !tmp_15 & !tmp_16 & !tmp_17 & !tmp_18 & !tmp_19 & !tmp_20 & !tmp_21 & !tmp_22 & !tmp_23)> <Delay = 3.20>
ST_7 : Operation 132 [1/1] (0.00ns)   --->   "%tmp_25 = bitselect i1 @_ssdm_op_BitSelect.i1.i32.i32, i32 %sum_q16_1, i32 6" [softmax_accel_hls.cc:94->softmax_accel_hls.cc:290]   --->   Operation 132 'bitselect' 'tmp_25' <Predicate = (!icmp_ln89 & !tmp & !tmp_1 & !tmp_2 & !tmp_3 & !tmp_4 & !tmp_5 & !tmp_6 & !tmp_7 & !tmp_8 & !tmp_9 & !tmp_10 & !tmp_11 & !tmp_12 & !tmp_13 & !tmp_14 & !tmp_15 & !tmp_16 & !tmp_17 & !tmp_18 & !tmp_19 & !tmp_20 & !tmp_21 & !tmp_22 & !tmp_23 & !tmp_24)> <Delay = 0.00>
ST_7 : Operation 133 [1/1] (3.20ns)   --->   "%br_ln94 = br i1 %tmp_25, void %if.end3.i.25, void %cleanup.i" [softmax_accel_hls.cc:94->softmax_accel_hls.cc:290]   --->   Operation 133 'br' 'br_ln94' <Predicate = (!icmp_ln89 & !tmp & !tmp_1 & !tmp_2 & !tmp_3 & !tmp_4 & !tmp_5 & !tmp_6 & !tmp_7 & !tmp_8 & !tmp_9 & !tmp_10 & !tmp_11 & !tmp_12 & !tmp_13 & !tmp_14 & !tmp_15 & !tmp_16 & !tmp_17 & !tmp_18 & !tmp_19 & !tmp_20 & !tmp_21 & !tmp_22 & !tmp_23 & !tmp_24)> <Delay = 3.20>
ST_7 : Operation 134 [1/1] (0.00ns)   --->   "%tmp_26 = bitselect i1 @_ssdm_op_BitSelect.i1.i32.i32, i32 %sum_q16_1, i32 5" [softmax_accel_hls.cc:94->softmax_accel_hls.cc:290]   --->   Operation 134 'bitselect' 'tmp_26' <Predicate = (!icmp_ln89 & !tmp & !tmp_1 & !tmp_2 & !tmp_3 & !tmp_4 & !tmp_5 & !tmp_6 & !tmp_7 & !tmp_8 & !tmp_9 & !tmp_10 & !tmp_11 & !tmp_12 & !tmp_13 & !tmp_14 & !tmp_15 & !tmp_16 & !tmp_17 & !tmp_18 & !tmp_19 & !tmp_20 & !tmp_21 & !tmp_22 & !tmp_23 & !tmp_24 & !tmp_25)> <Delay = 0.00>
ST_7 : Operation 135 [1/1] (3.20ns)   --->   "%br_ln94 = br i1 %tmp_26, void %if.end3.i.26, void %cleanup.i" [softmax_accel_hls.cc:94->softmax_accel_hls.cc:290]   --->   Operation 135 'br' 'br_ln94' <Predicate = (!icmp_ln89 & !tmp & !tmp_1 & !tmp_2 & !tmp_3 & !tmp_4 & !tmp_5 & !tmp_6 & !tmp_7 & !tmp_8 & !tmp_9 & !tmp_10 & !tmp_11 & !tmp_12 & !tmp_13 & !tmp_14 & !tmp_15 & !tmp_16 & !tmp_17 & !tmp_18 & !tmp_19 & !tmp_20 & !tmp_21 & !tmp_22 & !tmp_23 & !tmp_24 & !tmp_25)> <Delay = 3.20>
ST_7 : Operation 136 [1/1] (0.00ns)   --->   "%tmp_27 = bitselect i1 @_ssdm_op_BitSelect.i1.i32.i32, i32 %sum_q16_1, i32 4" [softmax_accel_hls.cc:94->softmax_accel_hls.cc:290]   --->   Operation 136 'bitselect' 'tmp_27' <Predicate = (!icmp_ln89 & !tmp & !tmp_1 & !tmp_2 & !tmp_3 & !tmp_4 & !tmp_5 & !tmp_6 & !tmp_7 & !tmp_8 & !tmp_9 & !tmp_10 & !tmp_11 & !tmp_12 & !tmp_13 & !tmp_14 & !tmp_15 & !tmp_16 & !tmp_17 & !tmp_18 & !tmp_19 & !tmp_20 & !tmp_21 & !tmp_22 & !tmp_23 & !tmp_24 & !tmp_25 & !tmp_26)> <Delay = 0.00>
ST_7 : Operation 137 [1/1] (3.20ns)   --->   "%br_ln94 = br i1 %tmp_27, void %if.end3.i.27, void %cleanup.i" [softmax_accel_hls.cc:94->softmax_accel_hls.cc:290]   --->   Operation 137 'br' 'br_ln94' <Predicate = (!icmp_ln89 & !tmp & !tmp_1 & !tmp_2 & !tmp_3 & !tmp_4 & !tmp_5 & !tmp_6 & !tmp_7 & !tmp_8 & !tmp_9 & !tmp_10 & !tmp_11 & !tmp_12 & !tmp_13 & !tmp_14 & !tmp_15 & !tmp_16 & !tmp_17 & !tmp_18 & !tmp_19 & !tmp_20 & !tmp_21 & !tmp_22 & !tmp_23 & !tmp_24 & !tmp_25 & !tmp_26)> <Delay = 3.20>
ST_7 : Operation 138 [1/1] (0.00ns)   --->   "%tmp_28 = bitselect i1 @_ssdm_op_BitSelect.i1.i32.i32, i32 %sum_q16_1, i32 3" [softmax_accel_hls.cc:94->softmax_accel_hls.cc:290]   --->   Operation 138 'bitselect' 'tmp_28' <Predicate = (!icmp_ln89 & !tmp & !tmp_1 & !tmp_2 & !tmp_3 & !tmp_4 & !tmp_5 & !tmp_6 & !tmp_7 & !tmp_8 & !tmp_9 & !tmp_10 & !tmp_11 & !tmp_12 & !tmp_13 & !tmp_14 & !tmp_15 & !tmp_16 & !tmp_17 & !tmp_18 & !tmp_19 & !tmp_20 & !tmp_21 & !tmp_22 & !tmp_23 & !tmp_24 & !tmp_25 & !tmp_26 & !tmp_27)> <Delay = 0.00>
ST_7 : Operation 139 [1/1] (3.20ns)   --->   "%br_ln94 = br i1 %tmp_28, void %if.end3.i.28, void %cleanup.i" [softmax_accel_hls.cc:94->softmax_accel_hls.cc:290]   --->   Operation 139 'br' 'br_ln94' <Predicate = (!icmp_ln89 & !tmp & !tmp_1 & !tmp_2 & !tmp_3 & !tmp_4 & !tmp_5 & !tmp_6 & !tmp_7 & !tmp_8 & !tmp_9 & !tmp_10 & !tmp_11 & !tmp_12 & !tmp_13 & !tmp_14 & !tmp_15 & !tmp_16 & !tmp_17 & !tmp_18 & !tmp_19 & !tmp_20 & !tmp_21 & !tmp_22 & !tmp_23 & !tmp_24 & !tmp_25 & !tmp_26 & !tmp_27)> <Delay = 3.20>
ST_7 : Operation 140 [1/1] (0.00ns)   --->   "%tmp_29 = bitselect i1 @_ssdm_op_BitSelect.i1.i32.i32, i32 %sum_q16_1, i32 2" [softmax_accel_hls.cc:94->softmax_accel_hls.cc:290]   --->   Operation 140 'bitselect' 'tmp_29' <Predicate = (!icmp_ln89 & !tmp & !tmp_1 & !tmp_2 & !tmp_3 & !tmp_4 & !tmp_5 & !tmp_6 & !tmp_7 & !tmp_8 & !tmp_9 & !tmp_10 & !tmp_11 & !tmp_12 & !tmp_13 & !tmp_14 & !tmp_15 & !tmp_16 & !tmp_17 & !tmp_18 & !tmp_19 & !tmp_20 & !tmp_21 & !tmp_22 & !tmp_23 & !tmp_24 & !tmp_25 & !tmp_26 & !tmp_27 & !tmp_28)> <Delay = 0.00>
ST_7 : Operation 141 [1/1] (3.20ns)   --->   "%br_ln94 = br i1 %tmp_29, void %if.end3.i.29, void %cleanup.i" [softmax_accel_hls.cc:94->softmax_accel_hls.cc:290]   --->   Operation 141 'br' 'br_ln94' <Predicate = (!icmp_ln89 & !tmp & !tmp_1 & !tmp_2 & !tmp_3 & !tmp_4 & !tmp_5 & !tmp_6 & !tmp_7 & !tmp_8 & !tmp_9 & !tmp_10 & !tmp_11 & !tmp_12 & !tmp_13 & !tmp_14 & !tmp_15 & !tmp_16 & !tmp_17 & !tmp_18 & !tmp_19 & !tmp_20 & !tmp_21 & !tmp_22 & !tmp_23 & !tmp_24 & !tmp_25 & !tmp_26 & !tmp_27 & !tmp_28)> <Delay = 3.20>
ST_7 : Operation 142 [1/1] (0.00ns)   --->   "%tmp_30 = bitselect i1 @_ssdm_op_BitSelect.i1.i32.i32, i32 %sum_q16_1, i32 1" [softmax_accel_hls.cc:94->softmax_accel_hls.cc:290]   --->   Operation 142 'bitselect' 'tmp_30' <Predicate = (!icmp_ln89 & !tmp & !tmp_1 & !tmp_2 & !tmp_3 & !tmp_4 & !tmp_5 & !tmp_6 & !tmp_7 & !tmp_8 & !tmp_9 & !tmp_10 & !tmp_11 & !tmp_12 & !tmp_13 & !tmp_14 & !tmp_15 & !tmp_16 & !tmp_17 & !tmp_18 & !tmp_19 & !tmp_20 & !tmp_21 & !tmp_22 & !tmp_23 & !tmp_24 & !tmp_25 & !tmp_26 & !tmp_27 & !tmp_28 & !tmp_29)> <Delay = 0.00>
ST_7 : Operation 143 [1/1] (3.20ns)   --->   "%br_ln94 = br i1 %tmp_30, void %if.end3.i.30, void %cleanup.i" [softmax_accel_hls.cc:94->softmax_accel_hls.cc:290]   --->   Operation 143 'br' 'br_ln94' <Predicate = (!icmp_ln89 & !tmp & !tmp_1 & !tmp_2 & !tmp_3 & !tmp_4 & !tmp_5 & !tmp_6 & !tmp_7 & !tmp_8 & !tmp_9 & !tmp_10 & !tmp_11 & !tmp_12 & !tmp_13 & !tmp_14 & !tmp_15 & !tmp_16 & !tmp_17 & !tmp_18 & !tmp_19 & !tmp_20 & !tmp_21 & !tmp_22 & !tmp_23 & !tmp_24 & !tmp_25 & !tmp_26 & !tmp_27 & !tmp_28 & !tmp_29)> <Delay = 3.20>
ST_7 : Operation 144 [1/1] (0.00ns) (grouped into LUT with out node select_ln94)   --->   "%trunc_ln94 = trunc i32 %sum_q16_1" [softmax_accel_hls.cc:94->softmax_accel_hls.cc:290]   --->   Operation 144 'trunc' 'trunc_ln94' <Predicate = (!icmp_ln89 & !tmp & !tmp_1 & !tmp_2 & !tmp_3 & !tmp_4 & !tmp_5 & !tmp_6 & !tmp_7 & !tmp_8 & !tmp_9 & !tmp_10 & !tmp_11 & !tmp_12 & !tmp_13 & !tmp_14 & !tmp_15 & !tmp_16 & !tmp_17 & !tmp_18 & !tmp_19 & !tmp_20 & !tmp_21 & !tmp_22 & !tmp_23 & !tmp_24 & !tmp_25 & !tmp_26 & !tmp_27 & !tmp_28 & !tmp_29 & !tmp_30)> <Delay = 0.00>
ST_7 : Operation 145 [1/1] (0.00ns) (grouped into LUT with out node select_ln94)   --->   "%xor_ln94 = xor i1 %trunc_ln94, i1 1" [softmax_accel_hls.cc:94->softmax_accel_hls.cc:290]   --->   Operation 145 'xor' 'xor_ln94' <Predicate = (!icmp_ln89 & !tmp & !tmp_1 & !tmp_2 & !tmp_3 & !tmp_4 & !tmp_5 & !tmp_6 & !tmp_7 & !tmp_8 & !tmp_9 & !tmp_10 & !tmp_11 & !tmp_12 & !tmp_13 & !tmp_14 & !tmp_15 & !tmp_16 & !tmp_17 & !tmp_18 & !tmp_19 & !tmp_20 & !tmp_21 & !tmp_22 & !tmp_23 & !tmp_24 & !tmp_25 & !tmp_26 & !tmp_27 & !tmp_28 & !tmp_29 & !tmp_30)> <Delay = 0.00> <CoreInst = "LogicGate">   --->   Core 74 'LogicGate' <Latency = 0> <II = 1> <Delay = 0.97> <FuncUnit> <Opcode : 'and' 'or' 'xor'> <InPorts = 2> <OutPorts = 1>
ST_7 : Operation 146 [1/1] (0.99ns) (out node of the LUT)   --->   "%select_ln94 = select i1 %xor_ln94, i5 31, i5 0" [softmax_accel_hls.cc:94->softmax_accel_hls.cc:290]   --->   Operation 146 'select' 'select_ln94' <Predicate = (!icmp_ln89 & !tmp & !tmp_1 & !tmp_2 & !tmp_3 & !tmp_4 & !tmp_5 & !tmp_6 & !tmp_7 & !tmp_8 & !tmp_9 & !tmp_10 & !tmp_11 & !tmp_12 & !tmp_13 & !tmp_14 & !tmp_15 & !tmp_16 & !tmp_17 & !tmp_18 & !tmp_19 & !tmp_20 & !tmp_21 & !tmp_22 & !tmp_23 & !tmp_24 & !tmp_25 & !tmp_26 & !tmp_27 & !tmp_28 & !tmp_29 & !tmp_30)> <Delay = 0.99> <CoreInst = "Sel">   --->   Core 73 'Sel' <Latency = 0> <II = 1> <Delay = 0.99> <FuncUnit> <Opcode : 'select'> <InPorts = 3> <OutPorts = 1>
ST_7 : Operation 147 [1/1] (3.20ns)   --->   "%br_ln94 = br void %cleanup.i" [softmax_accel_hls.cc:94->softmax_accel_hls.cc:290]   --->   Operation 147 'br' 'br_ln94' <Predicate = (!icmp_ln89 & !tmp & !tmp_1 & !tmp_2 & !tmp_3 & !tmp_4 & !tmp_5 & !tmp_6 & !tmp_7 & !tmp_8 & !tmp_9 & !tmp_10 & !tmp_11 & !tmp_12 & !tmp_13 & !tmp_14 & !tmp_15 & !tmp_16 & !tmp_17 & !tmp_18 & !tmp_19 & !tmp_20 & !tmp_21 & !tmp_22 & !tmp_23 & !tmp_24 & !tmp_25 & !tmp_26 & !tmp_27 & !tmp_28 & !tmp_29 & !tmp_30)> <Delay = 3.20>

State 8 <SV = 7> <Delay = 8.52>
ST_8 : Operation 148 [1/1] (0.00ns)   --->   "%msb = phi i5 31, void %for.body.i31, i5 30, void %if.end3.i, i5 29, void %if.end3.i.1, i5 28, void %if.end3.i.2, i5 27, void %if.end3.i.3, i5 26, void %if.end3.i.4, i5 25, void %if.end3.i.5, i5 24, void %if.end3.i.6, i5 23, void %if.end3.i.7, i5 22, void %if.end3.i.8, i5 21, void %if.end3.i.9, i5 20, void %if.end3.i.10, i5 19, void %if.end3.i.11, i5 18, void %if.end3.i.12, i5 17, void %if.end3.i.13, i5 16, void %if.end3.i.14, i5 15, void %if.end3.i.15, i5 14, void %if.end3.i.16, i5 13, void %if.end3.i.17, i5 12, void %if.end3.i.18, i5 11, void %if.end3.i.19, i5 10, void %if.end3.i.20, i5 9, void %if.end3.i.21, i5 8, void %if.end3.i.22, i5 7, void %if.end3.i.23, i5 6, void %if.end3.i.24, i5 5, void %if.end3.i.25, i5 4, void %if.end3.i.26, i5 3, void %if.end3.i.27, i5 2, void %if.end3.i.28, i5 1, void %if.end3.i.29, i5 %select_ln94, void %if.end3.i.30" [softmax_accel_hls.cc:94->softmax_accel_hls.cc:290]   --->   Operation 148 'phi' 'msb' <Predicate = true> <Delay = 0.00>
ST_8 : Operation 149 [1/1] (0.00ns)   --->   "%tmp_31 = bitselect i1 @_ssdm_op_BitSelect.i1.i5.i32, i5 %msb, i32 4" [softmax_accel_hls.cc:101->softmax_accel_hls.cc:290]   --->   Operation 149 'bitselect' 'tmp_31' <Predicate = true> <Delay = 0.00>
ST_8 : Operation 150 [1/1] (1.78ns)   --->   "%sub_ln101 = sub i5 15, i5 %msb" [softmax_accel_hls.cc:101->softmax_accel_hls.cc:290]   --->   Operation 150 'sub' 'sub_ln101' <Predicate = true> <Delay = 1.78> <CoreInst = "Adder">   --->   Core 1 'Adder' <Latency = 0> <II = 1> <Delay = 1.78> <FuncUnit> <Opcode : 'add' 'sub'> <InPorts = 2> <OutPorts = 1>
ST_8 : Operation 151 [1/1] (0.00ns)   --->   "%sext_ln101 = sext i5 %sub_ln101" [softmax_accel_hls.cc:101->softmax_accel_hls.cc:290]   --->   Operation 151 'sext' 'sext_ln101' <Predicate = true> <Delay = 0.00>
ST_8 : Operation 152 [1/1] (4.42ns)   --->   "%shl_ln101 = shl i32 %sum_q16_1, i32 %sext_ln101" [softmax_accel_hls.cc:101->softmax_accel_hls.cc:290]   --->   Operation 152 'shl' 'shl_ln101' <Predicate = true> <Delay = 4.42> <CoreInst = "Shifter">   --->   Core 75 'Shifter' <Latency = 0> <II = 1> <Delay = 4.42> <FuncUnit> <Opcode : 'shl' 'lshr' 'ashr'> <InPorts = 2> <OutPorts = 1>
ST_8 : Operation 153 [1/1] (0.00ns)   --->   "%br_ln101 = br i1 %tmp_31, void %if.end8.i, void %if.end8.i.thread" [softmax_accel_hls.cc:101->softmax_accel_hls.cc:290]   --->   Operation 153 'br' 'br_ln101' <Predicate = true> <Delay = 0.00>
ST_8 : Operation 154 [1/1] (0.00ns)   --->   "%x_q1_15 = trunc i32 %shl_ln101" [softmax_accel_hls.cc:101->softmax_accel_hls.cc:290]   --->   Operation 154 'trunc' 'x_q1_15' <Predicate = (!tmp_31)> <Delay = 0.00>
ST_8 : Operation 155 [1/1] (0.00ns)   --->   "%seg = partselect i4 @_ssdm_op_PartSelect.i4.i32.i32.i32, i32 %shl_ln101, i32 11, i32 14" [softmax_accel_hls.cc:105->softmax_accel_hls.cc:290]   --->   Operation 155 'partselect' 'seg' <Predicate = (!tmp_31)> <Delay = 0.00>
ST_8 : Operation 156 [1/1] (0.00ns)   --->   "%zext_ln108 = zext i4 %seg" [softmax_accel_hls.cc:108->softmax_accel_hls.cc:290]   --->   Operation 156 'zext' 'zext_ln108' <Predicate = (!tmp_31)> <Delay = 0.00>
ST_8 : Operation 157 [1/1] (0.00ns)   --->   "%RECIP_M_Q30_addr = getelementptr i31 %RECIP_M_Q30, i64 0, i64 %zext_ln108" [softmax_accel_hls.cc:108->softmax_accel_hls.cc:290]   --->   Operation 157 'getelementptr' 'RECIP_M_Q30_addr' <Predicate = (!tmp_31)> <Delay = 0.00>
ST_8 : Operation 158 [2/2] (2.32ns)   --->   "%m = load i4 %RECIP_M_Q30_addr" [softmax_accel_hls.cc:108->softmax_accel_hls.cc:290]   --->   Operation 158 'load' 'm' <Predicate = (!tmp_31)> <Delay = 2.32> <CoreInst = "ROM">   --->   Core 94 'ROM' <Latency = 1> <II = 1> <Delay = 2.32> <Storage> <Opcode : 'load'> <Ports = 0> <Width = 31> <Depth = 16> <ROM>
ST_8 : Operation 159 [1/1] (0.00ns)   --->   "%RECIP_B_Q30_addr = getelementptr i31 %RECIP_B_Q30, i64 0, i64 %zext_ln108" [softmax_accel_hls.cc:109->softmax_accel_hls.cc:290]   --->   Operation 159 'getelementptr' 'RECIP_B_Q30_addr' <Predicate = (!tmp_31)> <Delay = 0.00>
ST_8 : Operation 160 [2/2] (2.32ns)   --->   "%b = load i4 %RECIP_B_Q30_addr" [softmax_accel_hls.cc:109->softmax_accel_hls.cc:290]   --->   Operation 160 'load' 'b' <Predicate = (!tmp_31)> <Delay = 2.32> <CoreInst = "ROM">   --->   Core 94 'ROM' <Latency = 1> <II = 1> <Delay = 2.32> <Storage> <Opcode : 'load'> <Ports = 0> <Width = 31> <Depth = 16> <ROM>
ST_8 : Operation 161 [1/1] (1.78ns)   --->   "%add_ln102 = add i5 %msb, i5 17" [softmax_accel_hls.cc:102->softmax_accel_hls.cc:290]   --->   Operation 161 'add' 'add_ln102' <Predicate = (tmp_31)> <Delay = 1.78> <CoreInst = "Adder">   --->   Core 1 'Adder' <Latency = 0> <II = 1> <Delay = 1.78> <FuncUnit> <Opcode : 'add' 'sub'> <InPorts = 2> <OutPorts = 1>
ST_8 : Operation 162 [1/1] (0.00ns)   --->   "%zext_ln102 = zext i5 %add_ln102" [softmax_accel_hls.cc:102->softmax_accel_hls.cc:290]   --->   Operation 162 'zext' 'zext_ln102' <Predicate = (tmp_31)> <Delay = 0.00>
ST_8 : Operation 163 [1/1] (4.42ns)   --->   "%lshr_ln102 = lshr i32 %sum_q16_1, i32 %zext_ln102" [softmax_accel_hls.cc:102->softmax_accel_hls.cc:290]   --->   Operation 163 'lshr' 'lshr_ln102' <Predicate = (tmp_31)> <Delay = 4.42> <CoreInst = "Shifter">   --->   Core 75 'Shifter' <Latency = 0> <II = 1> <Delay = 4.42> <FuncUnit> <Opcode : 'shl' 'lshr' 'ashr'> <InPorts = 2> <OutPorts = 1>
ST_8 : Operation 164 [1/1] (0.00ns)   --->   "%trunc_ln102 = trunc i32 %lshr_ln102" [softmax_accel_hls.cc:102->softmax_accel_hls.cc:290]   --->   Operation 164 'trunc' 'trunc_ln102' <Predicate = (tmp_31)> <Delay = 0.00>
ST_8 : Operation 165 [1/1] (0.00ns)   --->   "%lshr_ln = partselect i4 @_ssdm_op_PartSelect.i4.i32.i32.i32, i32 %lshr_ln102, i32 11, i32 14" [softmax_accel_hls.cc:105->softmax_accel_hls.cc:290]   --->   Operation 165 'partselect' 'lshr_ln' <Predicate = (tmp_31)> <Delay = 0.00>
ST_8 : Operation 166 [1/1] (0.00ns)   --->   "%zext_ln108_1 = zext i4 %lshr_ln" [softmax_accel_hls.cc:108->softmax_accel_hls.cc:290]   --->   Operation 166 'zext' 'zext_ln108_1' <Predicate = (tmp_31)> <Delay = 0.00>
ST_8 : Operation 167 [1/1] (0.00ns)   --->   "%RECIP_M_Q30_addr_1 = getelementptr i31 %RECIP_M_Q30, i64 0, i64 %zext_ln108_1" [softmax_accel_hls.cc:108->softmax_accel_hls.cc:290]   --->   Operation 167 'getelementptr' 'RECIP_M_Q30_addr_1' <Predicate = (tmp_31)> <Delay = 0.00>
ST_8 : Operation 168 [2/2] (2.32ns)   --->   "%RECIP_M_Q30_load = load i4 %RECIP_M_Q30_addr_1" [softmax_accel_hls.cc:108->softmax_accel_hls.cc:290]   --->   Operation 168 'load' 'RECIP_M_Q30_load' <Predicate = (tmp_31)> <Delay = 2.32> <CoreInst = "ROM">   --->   Core 94 'ROM' <Latency = 1> <II = 1> <Delay = 2.32> <Storage> <Opcode : 'load'> <Ports = 0> <Width = 31> <Depth = 16> <ROM>
ST_8 : Operation 169 [1/1] (0.00ns)   --->   "%RECIP_B_Q30_addr_1 = getelementptr i31 %RECIP_B_Q30, i64 0, i64 %zext_ln108_1" [softmax_accel_hls.cc:109->softmax_accel_hls.cc:290]   --->   Operation 169 'getelementptr' 'RECIP_B_Q30_addr_1' <Predicate = (tmp_31)> <Delay = 0.00>
ST_8 : Operation 170 [2/2] (2.32ns)   --->   "%RECIP_B_Q30_load = load i4 %RECIP_B_Q30_addr_1" [softmax_accel_hls.cc:109->softmax_accel_hls.cc:290]   --->   Operation 170 'load' 'RECIP_B_Q30_load' <Predicate = (tmp_31)> <Delay = 2.32> <CoreInst = "ROM">   --->   Core 94 'ROM' <Latency = 1> <II = 1> <Delay = 2.32> <Storage> <Opcode : 'load'> <Ports = 0> <Width = 31> <Depth = 16> <ROM>

State 9 <SV = 8> <Delay = 2.32>
ST_9 : Operation 171 [1/2] ( I:2.32ns O:2.32ns )   --->   "%m = load i4 %RECIP_M_Q30_addr" [softmax_accel_hls.cc:108->softmax_accel_hls.cc:290]   --->   Operation 171 'load' 'm' <Predicate = true> <Delay = 2.32> <CoreInst = "ROM">   --->   Core 94 'ROM' <Latency = 1> <II = 1> <Delay = 2.32> <Storage> <Opcode : 'load'> <Ports = 0> <Width = 31> <Depth = 16> <ROM>
ST_9 : Operation 172 [1/2] ( I:2.32ns O:2.32ns )   --->   "%b = load i4 %RECIP_B_Q30_addr" [softmax_accel_hls.cc:109->softmax_accel_hls.cc:290]   --->   Operation 172 'load' 'b' <Predicate = true> <Delay = 2.32> <CoreInst = "ROM">   --->   Core 94 'ROM' <Latency = 1> <II = 1> <Delay = 2.32> <Storage> <Opcode : 'load'> <Ports = 0> <Width = 31> <Depth = 16> <ROM>

State 10 <SV = 9> <Delay = 8.24>
ST_10 : Operation 173 [1/1] (0.00ns)   --->   "%sext_ln111 = sext i31 %m" [softmax_accel_hls.cc:111->softmax_accel_hls.cc:290]   --->   Operation 173 'sext' 'sext_ln111' <Predicate = true> <Delay = 0.00>
ST_10 : Operation 174 [1/1] (0.00ns)   --->   "%zext_ln111 = zext i16 %x_q1_15" [softmax_accel_hls.cc:111->softmax_accel_hls.cc:290]   --->   Operation 174 'zext' 'zext_ln111' <Predicate = true> <Delay = 0.00>
ST_10 : Operation 175 [1/1] (8.24ns)   --->   "%mx = mul i47 %sext_ln111, i47 %zext_ln111" [softmax_accel_hls.cc:111->softmax_accel_hls.cc:290]   --->   Operation 175 'mul' 'mx' <Predicate = true> <Delay = 8.24> <CoreInst = "Multiplier">   --->   Core 3 'Multiplier' <Latency = 0> <II = 1> <Delay = 8.24> <FuncUnit> <Opcode : 'mul'> <InPorts = 2> <OutPorts = 1>
ST_10 : Operation 176 [1/1] (0.00ns)   --->   "%trunc_ln3 = partselect i32 @_ssdm_op_PartSelect.i32.i47.i32.i32, i47 %mx, i32 15, i32 46" [softmax_accel_hls.cc:112->softmax_accel_hls.cc:290]   --->   Operation 176 'partselect' 'trunc_ln3' <Predicate = true> <Delay = 0.00>

State 11 <SV = 10> <Delay = 6.97>
ST_11 : Operation 177 [1/1] (0.00ns)   --->   "%b_cast = zext i31 %b" [softmax_accel_hls.cc:109->softmax_accel_hls.cc:290]   --->   Operation 177 'zext' 'b_cast' <Predicate = true> <Delay = 0.00>
ST_11 : Operation 178 [1/1] (2.55ns)   --->   "%inv_x_q30 = add i32 %trunc_ln3, i32 %b_cast" [softmax_accel_hls.cc:112->softmax_accel_hls.cc:290]   --->   Operation 178 'add' 'inv_x_q30' <Predicate = true> <Delay = 2.55> <CoreInst = "Adder">   --->   Core 1 'Adder' <Latency = 0> <II = 1> <Delay = 2.55> <FuncUnit> <Opcode : 'add' 'sub'> <InPorts = 2> <OutPorts = 1>
ST_11 : Operation 179 [1/1] (0.00ns)   --->   "%sext_ln115 = sext i32 %inv_x_q30" [softmax_accel_hls.cc:115->softmax_accel_hls.cc:290]   --->   Operation 179 'sext' 'sext_ln115' <Predicate = true> <Delay = 0.00>
ST_11 : Operation 180 [1/1] (1.78ns)   --->   "%sub_ln117 = sub i5 16, i5 %msb" [softmax_accel_hls.cc:117->softmax_accel_hls.cc:290]   --->   Operation 180 'sub' 'sub_ln117' <Predicate = true> <Delay = 1.78> <CoreInst = "Adder">   --->   Core 1 'Adder' <Latency = 0> <II = 1> <Delay = 1.78> <FuncUnit> <Opcode : 'add' 'sub'> <InPorts = 2> <OutPorts = 1>
ST_11 : Operation 181 [1/1] (0.00ns)   --->   "%zext_ln117 = zext i5 %sub_ln117" [softmax_accel_hls.cc:117->softmax_accel_hls.cc:290]   --->   Operation 181 'zext' 'zext_ln117' <Predicate = true> <Delay = 0.00>
ST_11 : Operation 182 [1/1] (4.42ns)   --->   "%shl_ln117 = shl i48 %sext_ln115, i48 %zext_ln117" [softmax_accel_hls.cc:117->softmax_accel_hls.cc:290]   --->   Operation 182 'shl' 'shl_ln117' <Predicate = true> <Delay = 4.42> <CoreInst = "Shifter">   --->   Core 75 'Shifter' <Latency = 0> <II = 1> <Delay = 4.42> <FuncUnit> <Opcode : 'shl' 'lshr' 'ashr'> <InPorts = 2> <OutPorts = 1>
ST_11 : Operation 183 [1/1] (1.58ns)   --->   "%br_ln117 = br void %if.end34.i" [softmax_accel_hls.cc:117->softmax_accel_hls.cc:290]   --->   Operation 183 'br' 'br_ln117' <Predicate = true> <Delay = 1.58>

State 12 <SV = 8> <Delay = 2.32>
ST_12 : Operation 184 [1/2] ( I:2.32ns O:2.32ns )   --->   "%RECIP_M_Q30_load = load i4 %RECIP_M_Q30_addr_1" [softmax_accel_hls.cc:108->softmax_accel_hls.cc:290]   --->   Operation 184 'load' 'RECIP_M_Q30_load' <Predicate = true> <Delay = 2.32> <CoreInst = "ROM">   --->   Core 94 'ROM' <Latency = 1> <II = 1> <Delay = 2.32> <Storage> <Opcode : 'load'> <Ports = 0> <Width = 31> <Depth = 16> <ROM>
ST_12 : Operation 185 [1/2] ( I:2.32ns O:2.32ns )   --->   "%RECIP_B_Q30_load = load i4 %RECIP_B_Q30_addr_1" [softmax_accel_hls.cc:109->softmax_accel_hls.cc:290]   --->   Operation 185 'load' 'RECIP_B_Q30_load' <Predicate = true> <Delay = 2.32> <CoreInst = "ROM">   --->   Core 94 'ROM' <Latency = 1> <II = 1> <Delay = 2.32> <Storage> <Opcode : 'load'> <Ports = 0> <Width = 31> <Depth = 16> <ROM>

State 13 <SV = 9> <Delay = 8.24>
ST_13 : Operation 186 [1/1] (0.00ns)   --->   "%sext_ln111_1 = sext i31 %RECIP_M_Q30_load" [softmax_accel_hls.cc:111->softmax_accel_hls.cc:290]   --->   Operation 186 'sext' 'sext_ln111_1' <Predicate = true> <Delay = 0.00>
ST_13 : Operation 187 [1/1] (0.00ns)   --->   "%zext_ln111_1 = zext i16 %trunc_ln102" [softmax_accel_hls.cc:111->softmax_accel_hls.cc:290]   --->   Operation 187 'zext' 'zext_ln111_1' <Predicate = true> <Delay = 0.00>
ST_13 : Operation 188 [1/1] (8.24ns)   --->   "%mul_ln111 = mul i47 %sext_ln111_1, i47 %zext_ln111_1" [softmax_accel_hls.cc:111->softmax_accel_hls.cc:290]   --->   Operation 188 'mul' 'mul_ln111' <Predicate = true> <Delay = 8.24> <CoreInst = "Multiplier">   --->   Core 3 'Multiplier' <Latency = 0> <II = 1> <Delay = 8.24> <FuncUnit> <Opcode : 'mul'> <InPorts = 2> <OutPorts = 1>
ST_13 : Operation 189 [1/1] (0.00ns)   --->   "%trunc_ln112_1 = partselect i32 @_ssdm_op_PartSelect.i32.i47.i32.i32, i47 %mul_ln111, i32 15, i32 46" [softmax_accel_hls.cc:112->softmax_accel_hls.cc:290]   --->   Operation 189 'partselect' 'trunc_ln112_1' <Predicate = true> <Delay = 0.00>

State 14 <SV = 10> <Delay = 6.97>
ST_14 : Operation 190 [1/1] (0.00ns)   --->   "%RECIP_B_Q30_load_cast = zext i31 %RECIP_B_Q30_load" [softmax_accel_hls.cc:109->softmax_accel_hls.cc:290]   --->   Operation 190 'zext' 'RECIP_B_Q30_load_cast' <Predicate = true> <Delay = 0.00>
ST_14 : Operation 191 [1/1] (2.55ns)   --->   "%add_ln112 = add i32 %trunc_ln112_1, i32 %RECIP_B_Q30_load_cast" [softmax_accel_hls.cc:112->softmax_accel_hls.cc:290]   --->   Operation 191 'add' 'add_ln112' <Predicate = true> <Delay = 2.55> <CoreInst = "Adder">   --->   Core 1 'Adder' <Latency = 0> <II = 1> <Delay = 2.55> <FuncUnit> <Opcode : 'add' 'sub'> <InPorts = 2> <OutPorts = 1>
ST_14 : Operation 192 [1/1] (0.00ns)   --->   "%trunc_ln116 = trunc i5 %msb" [softmax_accel_hls.cc:116->softmax_accel_hls.cc:290]   --->   Operation 192 'trunc' 'trunc_ln116' <Predicate = true> <Delay = 0.00>
ST_14 : Operation 193 [1/1] (0.00ns)   --->   "%zext_ln116 = zext i4 %trunc_ln116" [softmax_accel_hls.cc:116->softmax_accel_hls.cc:290]   --->   Operation 193 'zext' 'zext_ln116' <Predicate = true> <Delay = 0.00>
ST_14 : Operation 194 [1/1] (4.42ns)   --->   "%inv_sum_1 = ashr i32 %add_ln112, i32 %zext_ln116" [softmax_accel_hls.cc:116->softmax_accel_hls.cc:290]   --->   Operation 194 'ashr' 'inv_sum_1' <Predicate = true> <Delay = 4.42> <CoreInst = "Shifter">   --->   Core 75 'Shifter' <Latency = 0> <II = 1> <Delay = 4.42> <FuncUnit> <Opcode : 'shl' 'lshr' 'ashr'> <InPorts = 2> <OutPorts = 1>
ST_14 : Operation 195 [1/1] (0.00ns)   --->   "%sext_ln115_1 = sext i32 %inv_sum_1" [softmax_accel_hls.cc:115->softmax_accel_hls.cc:290]   --->   Operation 195 'sext' 'sext_ln115_1' <Predicate = true> <Delay = 0.00>
ST_14 : Operation 196 [1/1] (1.58ns)   --->   "%br_ln116 = br void %if.end34.i" [softmax_accel_hls.cc:116->softmax_accel_hls.cc:290]   --->   Operation 196 'br' 'br_ln116' <Predicate = true> <Delay = 1.58>

State 15 <SV = 11> <Delay = 3.84>
ST_15 : Operation 197 [1/1] (0.00ns)   --->   "%inv_sum_2 = phi i48 %sext_ln115_1, void %if.end8.i.thread, i48 %shl_ln117, void %if.end8.i" [softmax_accel_hls.cc:115->softmax_accel_hls.cc:290]   --->   Operation 197 'phi' 'inv_sum_2' <Predicate = true> <Delay = 0.00>
ST_15 : Operation 198 [1/1] (0.00ns)   --->   "%trunc_ln115 = trunc i48 %inv_sum_2" [softmax_accel_hls.cc:115->softmax_accel_hls.cc:290]   --->   Operation 198 'trunc' 'trunc_ln115' <Predicate = true> <Delay = 0.00>
ST_15 : Operation 199 [1/1] (0.00ns)   --->   "%tmp_32 = bitselect i1 @_ssdm_op_BitSelect.i1.i48.i32, i48 %inv_sum_2, i32 47" [softmax_accel_hls.cc:119->softmax_accel_hls.cc:290]   --->   Operation 199 'bitselect' 'tmp_32' <Predicate = true> <Delay = 0.00>
ST_15 : Operation 200 [1/1] (1.03ns)   --->   "%inv_sum_3 = select i1 %tmp_32, i47 0, i47 %trunc_ln115" [softmax_accel_hls.cc:119->softmax_accel_hls.cc:290]   --->   Operation 200 'select' 'inv_sum_3' <Predicate = true> <Delay = 1.03> <CoreInst = "Sel">   --->   Core 73 'Sel' <Latency = 0> <II = 1> <Delay = 1.03> <FuncUnit> <Opcode : 'select'> <InPorts = 3> <OutPorts = 1>
ST_15 : Operation 201 [1/1] (0.00ns)   --->   "%tmp_33 = partselect i16 @_ssdm_op_PartSelect.i16.i47.i32.i32, i47 %inv_sum_3, i32 31, i32 46" [softmax_accel_hls.cc:120->softmax_accel_hls.cc:290]   --->   Operation 201 'partselect' 'tmp_33' <Predicate = true> <Delay = 0.00>
ST_15 : Operation 202 [1/1] (2.07ns)   --->   "%icmp_ln120 = icmp_ne  i16 %tmp_33, i16 0" [softmax_accel_hls.cc:120->softmax_accel_hls.cc:290]   --->   Operation 202 'icmp' 'icmp_ln120' <Predicate = true> <Delay = 2.07> <CoreInst = "Cmp">   --->   Core 9 'Cmp' <Latency = 0> <II = 1> <Delay = 2.07> <FuncUnit> <Opcode : 'seteq' 'setne' 'setle' 'setge' 'setlt' 'setgt'> <InPorts = 2> <OutPorts = 1>
ST_15 : Operation 203 [1/1] (0.00ns)   --->   "%trunc_ln121 = trunc i47 %inv_sum_3" [softmax_accel_hls.cc:121->softmax_accel_hls.cc:290]   --->   Operation 203 'trunc' 'trunc_ln121' <Predicate = true> <Delay = 0.00>
ST_15 : Operation 204 [1/1] (0.73ns)   --->   "%inv_sum_q30 = select i1 %icmp_ln120, i31 2147483647, i31 %trunc_ln121" [softmax_accel_hls.cc:121->softmax_accel_hls.cc:290]   --->   Operation 204 'select' 'inv_sum_q30' <Predicate = true> <Delay = 0.73> <CoreInst = "Sel">   --->   Core 73 'Sel' <Latency = 0> <II = 1> <Delay = 0.73> <FuncUnit> <Opcode : 'select'> <InPorts = 3> <OutPorts = 1>
ST_15 : Operation 205 [1/1] (1.58ns)   --->   "%br_ln0 = br void %_ZL15recip_sum_q2_307ap_uintILi32EE.exit"   --->   Operation 205 'br' 'br_ln0' <Predicate = true> <Delay = 1.58>

State 16 <SV = 12> <Delay = 6.01>
ST_16 : Operation 206 [1/1] (0.00ns)   --->   "%inv_sum_q30_1 = phi i31 %inv_sum_q30, void %if.end34.i, i31 2147483647, void %if.end"   --->   Operation 206 'phi' 'inv_sum_q30_1' <Predicate = true> <Delay = 0.00>
ST_16 : Operation 207 [2/2] (6.01ns)   --->   "%call_ln292 = call void @normalize_and_store, i32 %gmem, i64 %mem_read, i30 %trunc_ln2, i9 %select_ln272, i32 %exp_buf, i31 %inv_sum_q30_1" [softmax_accel_hls.cc:292]   --->   Operation 207 'call' 'call_ln292' <Predicate = true> <Delay = 6.01> <CoreType = "Generic">   --->   Generic Core

State 17 <SV = 13> <Delay = 3.52>
ST_17 : Operation 208 [1/2] (0.00ns)   --->   "%call_ln292 = call void @normalize_and_store, i32 %gmem, i64 %mem_read, i30 %trunc_ln2, i9 %select_ln272, i32 %exp_buf, i31 %inv_sum_q30_1" [softmax_accel_hls.cc:292]   --->   Operation 208 'call' 'call_ln292' <Predicate = true> <Delay = 0.00> <CoreType = "Generic">   --->   Generic Core
ST_17 : Operation 209 [1/1] (0.00ns)   --->   "%and_ln = bitconcatenate i32 @_ssdm_op_BitConcatenate.i32.i30.i2, i30 %tmp_s, i2 0" [softmax_accel_hls.cc:294]   --->   Operation 209 'bitconcatenate' 'and_ln' <Predicate = true> <Delay = 0.00>
ST_17 : Operation 210 [1/1] (0.00ns)   --->   "%zext_ln294 = zext i32 %and_ln" [softmax_accel_hls.cc:294]   --->   Operation 210 'zext' 'zext_ln294' <Predicate = true> <Delay = 0.00>
ST_17 : Operation 211 [1/1] (3.52ns)   --->   "%add_ln294 = add i64 %zext_ln294, i64 %mem_read" [softmax_accel_hls.cc:294]   --->   Operation 211 'add' 'add_ln294' <Predicate = true> <Delay = 3.52> <CoreInst = "Adder">   --->   Core 1 'Adder' <Latency = 0> <II = 1> <Delay = 3.52> <FuncUnit> <Opcode : 'add' 'sub'> <InPorts = 2> <OutPorts = 1>
ST_17 : Operation 212 [1/1] (0.00ns)   --->   "%trunc_ln8 = partselect i62 @_ssdm_op_PartSelect.i62.i64.i32.i32, i64 %add_ln294, i32 2, i32 63" [softmax_accel_hls.cc:294]   --->   Operation 212 'partselect' 'trunc_ln8' <Predicate = true> <Delay = 0.00>
ST_17 : Operation 213 [1/1] (0.00ns)   --->   "%sext_ln294 = sext i62 %trunc_ln8" [softmax_accel_hls.cc:294]   --->   Operation 213 'sext' 'sext_ln294' <Predicate = true> <Delay = 0.00>
ST_17 : Operation 214 [1/1] (0.00ns)   --->   "%gmem_addr = getelementptr i32 %gmem, i64 %sext_ln294" [softmax_accel_hls.cc:294]   --->   Operation 214 'getelementptr' 'gmem_addr' <Predicate = true> <Delay = 0.00>

State 18 <SV = 14> <Delay = 8.61>
ST_18 : Operation 215 [1/1] (8.61ns)   --->   "%gmem_addr_req = writereq i1 @_ssdm_op_WriteReq.m_axi.i32P1A, i32 %gmem_addr, i64 1" [softmax_accel_hls.cc:294]   --->   Operation 215 'writereq' 'gmem_addr_req' <Predicate = true> <Delay = 8.61> <CoreInst = "m_axi">   --->   Core 111 'm_axi' <Latency = 9> <II = 1> <Delay = 1.00> <Adapter> <Opcode : 'read' 'write' 'readreq' 'writereq' 'writeresp'>
ST_18 : Operation 216 [1/1] (2.49ns)   --->   "%add_ln295 = add i31 %zext_ln276, i31 1" [softmax_accel_hls.cc:295]   --->   Operation 216 'add' 'add_ln295' <Predicate = true> <Delay = 2.49> <CoreInst = "Adder">   --->   Core 1 'Adder' <Latency = 0> <II = 1> <Delay = 2.49> <FuncUnit> <Opcode : 'add' 'sub'> <InPorts = 2> <OutPorts = 1>
ST_18 : Operation 217 [1/1] (0.00ns)   --->   "%shl_ln = bitconcatenate i33 @_ssdm_op_BitConcatenate.i33.i31.i2, i31 %add_ln295, i2 0" [softmax_accel_hls.cc:295]   --->   Operation 217 'bitconcatenate' 'shl_ln' <Predicate = true> <Delay = 0.00>
ST_18 : Operation 218 [1/1] (0.00ns)   --->   "%zext_ln295 = zext i33 %shl_ln" [softmax_accel_hls.cc:295]   --->   Operation 218 'zext' 'zext_ln295' <Predicate = true> <Delay = 0.00>
ST_18 : Operation 219 [1/1] (3.52ns)   --->   "%add_ln295_1 = add i64 %zext_ln295, i64 %mem_read" [softmax_accel_hls.cc:295]   --->   Operation 219 'add' 'add_ln295_1' <Predicate = true> <Delay = 3.52> <CoreInst = "Adder">   --->   Core 1 'Adder' <Latency = 0> <II = 1> <Delay = 3.52> <FuncUnit> <Opcode : 'add' 'sub'> <InPorts = 2> <OutPorts = 1>
ST_18 : Operation 220 [1/1] (0.00ns)   --->   "%trunc_ln9 = partselect i62 @_ssdm_op_PartSelect.i62.i64.i32.i32, i64 %add_ln295_1, i32 2, i32 63" [softmax_accel_hls.cc:295]   --->   Operation 220 'partselect' 'trunc_ln9' <Predicate = true> <Delay = 0.00>
ST_18 : Operation 221 [1/1] (0.00ns)   --->   "%sext_ln295 = sext i62 %trunc_ln9" [softmax_accel_hls.cc:295]   --->   Operation 221 'sext' 'sext_ln295' <Predicate = true> <Delay = 0.00>
ST_18 : Operation 222 [1/1] (0.00ns)   --->   "%gmem_addr_1 = getelementptr i32 %gmem, i64 %sext_ln295" [softmax_accel_hls.cc:295]   --->   Operation 222 'getelementptr' 'gmem_addr_1' <Predicate = true> <Delay = 0.00>

State 19 <SV = 15> <Delay = 8.61>
ST_19 : Operation 223 [1/1] (8.61ns)   --->   "%write_ln294 = write void @_ssdm_op_Write.m_axi.volatile.i32P1A, i32 %gmem_addr, i32 %max_x, i4 15" [softmax_accel_hls.cc:294]   --->   Operation 223 'write' 'write_ln294' <Predicate = true> <Delay = 8.61> <CoreInst = "m_axi">   --->   Core 111 'm_axi' <Latency = 5> <II = 1> <Delay = 1.00> <Adapter> <Opcode : 'read' 'write' 'readreq' 'writereq' 'writeresp'>
ST_19 : Operation 224 [1/1] (8.61ns)   --->   "%gmem_addr_1_req = writereq i1 @_ssdm_op_WriteReq.m_axi.i32P1A, i32 %gmem_addr_1, i64 1" [softmax_accel_hls.cc:295]   --->   Operation 224 'writereq' 'gmem_addr_1_req' <Predicate = true> <Delay = 8.61> <CoreInst = "m_axi">   --->   Core 111 'm_axi' <Latency = 9> <II = 1> <Delay = 1.00> <Adapter> <Opcode : 'read' 'write' 'readreq' 'writereq' 'writeresp'>

State 20 <SV = 16> <Delay = 8.61>
ST_20 : Operation 225 [5/5] (8.61ns)   --->   "%gmem_addr_resp = writeresp i1 @_ssdm_op_WriteResp.m_axi.i32P1A, i32 %gmem_addr" [softmax_accel_hls.cc:294]   --->   Operation 225 'writeresp' 'gmem_addr_resp' <Predicate = true> <Delay = 8.61> <CoreInst = "m_axi">   --->   Core 111 'm_axi' <Latency = 3> <II = 1> <Delay = 1.00> <Adapter> <Opcode : 'read' 'write' 'readreq' 'writereq' 'writeresp'>
ST_20 : Operation 226 [1/1] (8.61ns)   --->   "%write_ln295 = write void @_ssdm_op_Write.m_axi.volatile.i32P1A, i32 %gmem_addr_1, i32 %sum_q16_1, i4 15" [softmax_accel_hls.cc:295]   --->   Operation 226 'write' 'write_ln295' <Predicate = true> <Delay = 8.61> <CoreInst = "m_axi">   --->   Core 111 'm_axi' <Latency = 5> <II = 1> <Delay = 1.00> <Adapter> <Opcode : 'read' 'write' 'readreq' 'writereq' 'writeresp'>

State 21 <SV = 17> <Delay = 8.61>
ST_21 : Operation 227 [4/5] (8.61ns)   --->   "%gmem_addr_resp = writeresp i1 @_ssdm_op_WriteResp.m_axi.i32P1A, i32 %gmem_addr" [softmax_accel_hls.cc:294]   --->   Operation 227 'writeresp' 'gmem_addr_resp' <Predicate = true> <Delay = 8.61> <CoreInst = "m_axi">   --->   Core 111 'm_axi' <Latency = 3> <II = 1> <Delay = 1.00> <Adapter> <Opcode : 'read' 'write' 'readreq' 'writereq' 'writeresp'>
ST_21 : Operation 228 [5/5] (8.61ns)   --->   "%gmem_addr_1_resp = writeresp i1 @_ssdm_op_WriteResp.m_axi.i32P1A, i32 %gmem_addr_1" [softmax_accel_hls.cc:295]   --->   Operation 228 'writeresp' 'gmem_addr_1_resp' <Predicate = true> <Delay = 8.61> <CoreInst = "m_axi">   --->   Core 111 'm_axi' <Latency = 3> <II = 1> <Delay = 1.00> <Adapter> <Opcode : 'read' 'write' 'readreq' 'writereq' 'writeresp'>

State 22 <SV = 18> <Delay = 8.61>
ST_22 : Operation 229 [3/5] (8.61ns)   --->   "%gmem_addr_resp = writeresp i1 @_ssdm_op_WriteResp.m_axi.i32P1A, i32 %gmem_addr" [softmax_accel_hls.cc:294]   --->   Operation 229 'writeresp' 'gmem_addr_resp' <Predicate = true> <Delay = 8.61> <CoreInst = "m_axi">   --->   Core 111 'm_axi' <Latency = 3> <II = 1> <Delay = 1.00> <Adapter> <Opcode : 'read' 'write' 'readreq' 'writereq' 'writeresp'>
ST_22 : Operation 230 [4/5] (8.61ns)   --->   "%gmem_addr_1_resp = writeresp i1 @_ssdm_op_WriteResp.m_axi.i32P1A, i32 %gmem_addr_1" [softmax_accel_hls.cc:295]   --->   Operation 230 'writeresp' 'gmem_addr_1_resp' <Predicate = true> <Delay = 8.61> <CoreInst = "m_axi">   --->   Core 111 'm_axi' <Latency = 3> <II = 1> <Delay = 1.00> <Adapter> <Opcode : 'read' 'write' 'readreq' 'writereq' 'writeresp'>

State 23 <SV = 19> <Delay = 8.61>
ST_23 : Operation 231 [2/5] (8.61ns)   --->   "%gmem_addr_resp = writeresp i1 @_ssdm_op_WriteResp.m_axi.i32P1A, i32 %gmem_addr" [softmax_accel_hls.cc:294]   --->   Operation 231 'writeresp' 'gmem_addr_resp' <Predicate = true> <Delay = 8.61> <CoreInst = "m_axi">   --->   Core 111 'm_axi' <Latency = 3> <II = 1> <Delay = 1.00> <Adapter> <Opcode : 'read' 'write' 'readreq' 'writereq' 'writeresp'>
ST_23 : Operation 232 [3/5] (8.61ns)   --->   "%gmem_addr_1_resp = writeresp i1 @_ssdm_op_WriteResp.m_axi.i32P1A, i32 %gmem_addr_1" [softmax_accel_hls.cc:295]   --->   Operation 232 'writeresp' 'gmem_addr_1_resp' <Predicate = true> <Delay = 8.61> <CoreInst = "m_axi">   --->   Core 111 'm_axi' <Latency = 3> <II = 1> <Delay = 1.00> <Adapter> <Opcode : 'read' 'write' 'readreq' 'writereq' 'writeresp'>

State 24 <SV = 20> <Delay = 8.61>
ST_24 : Operation 233 [1/5] (8.61ns)   --->   "%gmem_addr_resp = writeresp i1 @_ssdm_op_WriteResp.m_axi.i32P1A, i32 %gmem_addr" [softmax_accel_hls.cc:294]   --->   Operation 233 'writeresp' 'gmem_addr_resp' <Predicate = true> <Delay = 8.61> <CoreInst = "m_axi">   --->   Core 111 'm_axi' <Latency = 3> <II = 1> <Delay = 1.00> <Adapter> <Opcode : 'read' 'write' 'readreq' 'writereq' 'writeresp'>
ST_24 : Operation 234 [2/5] (8.61ns)   --->   "%gmem_addr_1_resp = writeresp i1 @_ssdm_op_WriteResp.m_axi.i32P1A, i32 %gmem_addr_1" [softmax_accel_hls.cc:295]   --->   Operation 234 'writeresp' 'gmem_addr_1_resp' <Predicate = true> <Delay = 8.61> <CoreInst = "m_axi">   --->   Core 111 'm_axi' <Latency = 3> <II = 1> <Delay = 1.00> <Adapter> <Opcode : 'read' 'write' 'readreq' 'writereq' 'writeresp'>

State 25 <SV = 21> <Delay = 8.61>
ST_25 : Operation 235 [1/5] (8.61ns)   --->   "%gmem_addr_1_resp = writeresp i1 @_ssdm_op_WriteResp.m_axi.i32P1A, i32 %gmem_addr_1" [softmax_accel_hls.cc:295]   --->   Operation 235 'writeresp' 'gmem_addr_1_resp' <Predicate = true> <Delay = 8.61> <CoreInst = "m_axi">   --->   Core 111 'm_axi' <Latency = 3> <II = 1> <Delay = 1.00> <Adapter> <Opcode : 'read' 'write' 'readreq' 'writereq' 'writeresp'>
ST_25 : Operation 236 [1/1] (0.00ns)   --->   "%tmp_34 = bitselect i1 @_ssdm_op_BitSelect.i1.i32.i32, i32 %sum_q16_1, i32 31" [softmax_accel_hls.cc:249->softmax_accel_hls.cc:296]   --->   Operation 236 'bitselect' 'tmp_34' <Predicate = true> <Delay = 0.00>
ST_25 : Operation 237 [1/1] (3.20ns)   --->   "%br_ln249 = br i1 %tmp_34, void %if.end.i, void %_ZL16derive_shift_dbg7ap_uintILi32EE.exit" [softmax_accel_hls.cc:249->softmax_accel_hls.cc:296]   --->   Operation 237 'br' 'br_ln249' <Predicate = true> <Delay = 3.20>
ST_25 : Operation 238 [1/1] (0.00ns)   --->   "%tmp_35 = bitselect i1 @_ssdm_op_BitSelect.i1.i32.i32, i32 %sum_q16_1, i32 30" [softmax_accel_hls.cc:249->softmax_accel_hls.cc:296]   --->   Operation 238 'bitselect' 'tmp_35' <Predicate = (!tmp_34)> <Delay = 0.00>
ST_25 : Operation 239 [1/1] (3.20ns)   --->   "%br_ln249 = br i1 %tmp_35, void %if.end.i.1, void %_ZL16derive_shift_dbg7ap_uintILi32EE.exit" [softmax_accel_hls.cc:249->softmax_accel_hls.cc:296]   --->   Operation 239 'br' 'br_ln249' <Predicate = (!tmp_34)> <Delay = 3.20>
ST_25 : Operation 240 [1/1] (0.00ns)   --->   "%tmp_36 = bitselect i1 @_ssdm_op_BitSelect.i1.i32.i32, i32 %sum_q16_1, i32 29" [softmax_accel_hls.cc:249->softmax_accel_hls.cc:296]   --->   Operation 240 'bitselect' 'tmp_36' <Predicate = (!tmp_34 & !tmp_35)> <Delay = 0.00>
ST_25 : Operation 241 [1/1] (3.20ns)   --->   "%br_ln249 = br i1 %tmp_36, void %if.end.i.2, void %_ZL16derive_shift_dbg7ap_uintILi32EE.exit" [softmax_accel_hls.cc:249->softmax_accel_hls.cc:296]   --->   Operation 241 'br' 'br_ln249' <Predicate = (!tmp_34 & !tmp_35)> <Delay = 3.20>
ST_25 : Operation 242 [1/1] (0.00ns)   --->   "%tmp_37 = bitselect i1 @_ssdm_op_BitSelect.i1.i32.i32, i32 %sum_q16_1, i32 28" [softmax_accel_hls.cc:249->softmax_accel_hls.cc:296]   --->   Operation 242 'bitselect' 'tmp_37' <Predicate = (!tmp_34 & !tmp_35 & !tmp_36)> <Delay = 0.00>
ST_25 : Operation 243 [1/1] (3.20ns)   --->   "%br_ln249 = br i1 %tmp_37, void %if.end.i.3, void %_ZL16derive_shift_dbg7ap_uintILi32EE.exit" [softmax_accel_hls.cc:249->softmax_accel_hls.cc:296]   --->   Operation 243 'br' 'br_ln249' <Predicate = (!tmp_34 & !tmp_35 & !tmp_36)> <Delay = 3.20>
ST_25 : Operation 244 [1/1] (0.00ns)   --->   "%tmp_38 = bitselect i1 @_ssdm_op_BitSelect.i1.i32.i32, i32 %sum_q16_1, i32 27" [softmax_accel_hls.cc:249->softmax_accel_hls.cc:296]   --->   Operation 244 'bitselect' 'tmp_38' <Predicate = (!tmp_34 & !tmp_35 & !tmp_36 & !tmp_37)> <Delay = 0.00>
ST_25 : Operation 245 [1/1] (3.20ns)   --->   "%br_ln249 = br i1 %tmp_38, void %if.end.i.4, void %_ZL16derive_shift_dbg7ap_uintILi32EE.exit" [softmax_accel_hls.cc:249->softmax_accel_hls.cc:296]   --->   Operation 245 'br' 'br_ln249' <Predicate = (!tmp_34 & !tmp_35 & !tmp_36 & !tmp_37)> <Delay = 3.20>
ST_25 : Operation 246 [1/1] (0.00ns)   --->   "%tmp_39 = bitselect i1 @_ssdm_op_BitSelect.i1.i32.i32, i32 %sum_q16_1, i32 26" [softmax_accel_hls.cc:249->softmax_accel_hls.cc:296]   --->   Operation 246 'bitselect' 'tmp_39' <Predicate = (!tmp_34 & !tmp_35 & !tmp_36 & !tmp_37 & !tmp_38)> <Delay = 0.00>
ST_25 : Operation 247 [1/1] (3.20ns)   --->   "%br_ln249 = br i1 %tmp_39, void %if.end.i.5, void %_ZL16derive_shift_dbg7ap_uintILi32EE.exit" [softmax_accel_hls.cc:249->softmax_accel_hls.cc:296]   --->   Operation 247 'br' 'br_ln249' <Predicate = (!tmp_34 & !tmp_35 & !tmp_36 & !tmp_37 & !tmp_38)> <Delay = 3.20>
ST_25 : Operation 248 [1/1] (0.00ns)   --->   "%tmp_40 = bitselect i1 @_ssdm_op_BitSelect.i1.i32.i32, i32 %sum_q16_1, i32 25" [softmax_accel_hls.cc:249->softmax_accel_hls.cc:296]   --->   Operation 248 'bitselect' 'tmp_40' <Predicate = (!tmp_34 & !tmp_35 & !tmp_36 & !tmp_37 & !tmp_38 & !tmp_39)> <Delay = 0.00>
ST_25 : Operation 249 [1/1] (3.20ns)   --->   "%br_ln249 = br i1 %tmp_40, void %if.end.i.6, void %_ZL16derive_shift_dbg7ap_uintILi32EE.exit" [softmax_accel_hls.cc:249->softmax_accel_hls.cc:296]   --->   Operation 249 'br' 'br_ln249' <Predicate = (!tmp_34 & !tmp_35 & !tmp_36 & !tmp_37 & !tmp_38 & !tmp_39)> <Delay = 3.20>
ST_25 : Operation 250 [1/1] (0.00ns)   --->   "%tmp_41 = bitselect i1 @_ssdm_op_BitSelect.i1.i32.i32, i32 %sum_q16_1, i32 24" [softmax_accel_hls.cc:249->softmax_accel_hls.cc:296]   --->   Operation 250 'bitselect' 'tmp_41' <Predicate = (!tmp_34 & !tmp_35 & !tmp_36 & !tmp_37 & !tmp_38 & !tmp_39 & !tmp_40)> <Delay = 0.00>
ST_25 : Operation 251 [1/1] (3.20ns)   --->   "%br_ln249 = br i1 %tmp_41, void %if.end.i.7, void %_ZL16derive_shift_dbg7ap_uintILi32EE.exit" [softmax_accel_hls.cc:249->softmax_accel_hls.cc:296]   --->   Operation 251 'br' 'br_ln249' <Predicate = (!tmp_34 & !tmp_35 & !tmp_36 & !tmp_37 & !tmp_38 & !tmp_39 & !tmp_40)> <Delay = 3.20>
ST_25 : Operation 252 [1/1] (0.00ns)   --->   "%tmp_42 = bitselect i1 @_ssdm_op_BitSelect.i1.i32.i32, i32 %sum_q16_1, i32 23" [softmax_accel_hls.cc:249->softmax_accel_hls.cc:296]   --->   Operation 252 'bitselect' 'tmp_42' <Predicate = (!tmp_34 & !tmp_35 & !tmp_36 & !tmp_37 & !tmp_38 & !tmp_39 & !tmp_40 & !tmp_41)> <Delay = 0.00>
ST_25 : Operation 253 [1/1] (3.20ns)   --->   "%br_ln249 = br i1 %tmp_42, void %if.end.i.8, void %_ZL16derive_shift_dbg7ap_uintILi32EE.exit" [softmax_accel_hls.cc:249->softmax_accel_hls.cc:296]   --->   Operation 253 'br' 'br_ln249' <Predicate = (!tmp_34 & !tmp_35 & !tmp_36 & !tmp_37 & !tmp_38 & !tmp_39 & !tmp_40 & !tmp_41)> <Delay = 3.20>
ST_25 : Operation 254 [1/1] (0.00ns)   --->   "%tmp_43 = bitselect i1 @_ssdm_op_BitSelect.i1.i32.i32, i32 %sum_q16_1, i32 22" [softmax_accel_hls.cc:249->softmax_accel_hls.cc:296]   --->   Operation 254 'bitselect' 'tmp_43' <Predicate = (!tmp_34 & !tmp_35 & !tmp_36 & !tmp_37 & !tmp_38 & !tmp_39 & !tmp_40 & !tmp_41 & !tmp_42)> <Delay = 0.00>
ST_25 : Operation 255 [1/1] (3.20ns)   --->   "%br_ln249 = br i1 %tmp_43, void %if.end.i.9, void %_ZL16derive_shift_dbg7ap_uintILi32EE.exit" [softmax_accel_hls.cc:249->softmax_accel_hls.cc:296]   --->   Operation 255 'br' 'br_ln249' <Predicate = (!tmp_34 & !tmp_35 & !tmp_36 & !tmp_37 & !tmp_38 & !tmp_39 & !tmp_40 & !tmp_41 & !tmp_42)> <Delay = 3.20>
ST_25 : Operation 256 [1/1] (0.00ns)   --->   "%tmp_44 = bitselect i1 @_ssdm_op_BitSelect.i1.i32.i32, i32 %sum_q16_1, i32 21" [softmax_accel_hls.cc:249->softmax_accel_hls.cc:296]   --->   Operation 256 'bitselect' 'tmp_44' <Predicate = (!tmp_34 & !tmp_35 & !tmp_36 & !tmp_37 & !tmp_38 & !tmp_39 & !tmp_40 & !tmp_41 & !tmp_42 & !tmp_43)> <Delay = 0.00>
ST_25 : Operation 257 [1/1] (3.20ns)   --->   "%br_ln249 = br i1 %tmp_44, void %if.end.i.10, void %_ZL16derive_shift_dbg7ap_uintILi32EE.exit" [softmax_accel_hls.cc:249->softmax_accel_hls.cc:296]   --->   Operation 257 'br' 'br_ln249' <Predicate = (!tmp_34 & !tmp_35 & !tmp_36 & !tmp_37 & !tmp_38 & !tmp_39 & !tmp_40 & !tmp_41 & !tmp_42 & !tmp_43)> <Delay = 3.20>
ST_25 : Operation 258 [1/1] (0.00ns)   --->   "%tmp_45 = bitselect i1 @_ssdm_op_BitSelect.i1.i32.i32, i32 %sum_q16_1, i32 20" [softmax_accel_hls.cc:249->softmax_accel_hls.cc:296]   --->   Operation 258 'bitselect' 'tmp_45' <Predicate = (!tmp_34 & !tmp_35 & !tmp_36 & !tmp_37 & !tmp_38 & !tmp_39 & !tmp_40 & !tmp_41 & !tmp_42 & !tmp_43 & !tmp_44)> <Delay = 0.00>
ST_25 : Operation 259 [1/1] (3.20ns)   --->   "%br_ln249 = br i1 %tmp_45, void %if.end.i.11, void %_ZL16derive_shift_dbg7ap_uintILi32EE.exit" [softmax_accel_hls.cc:249->softmax_accel_hls.cc:296]   --->   Operation 259 'br' 'br_ln249' <Predicate = (!tmp_34 & !tmp_35 & !tmp_36 & !tmp_37 & !tmp_38 & !tmp_39 & !tmp_40 & !tmp_41 & !tmp_42 & !tmp_43 & !tmp_44)> <Delay = 3.20>
ST_25 : Operation 260 [1/1] (0.00ns)   --->   "%tmp_46 = bitselect i1 @_ssdm_op_BitSelect.i1.i32.i32, i32 %sum_q16_1, i32 19" [softmax_accel_hls.cc:249->softmax_accel_hls.cc:296]   --->   Operation 260 'bitselect' 'tmp_46' <Predicate = (!tmp_34 & !tmp_35 & !tmp_36 & !tmp_37 & !tmp_38 & !tmp_39 & !tmp_40 & !tmp_41 & !tmp_42 & !tmp_43 & !tmp_44 & !tmp_45)> <Delay = 0.00>
ST_25 : Operation 261 [1/1] (3.20ns)   --->   "%br_ln249 = br i1 %tmp_46, void %if.end.i.12, void %_ZL16derive_shift_dbg7ap_uintILi32EE.exit" [softmax_accel_hls.cc:249->softmax_accel_hls.cc:296]   --->   Operation 261 'br' 'br_ln249' <Predicate = (!tmp_34 & !tmp_35 & !tmp_36 & !tmp_37 & !tmp_38 & !tmp_39 & !tmp_40 & !tmp_41 & !tmp_42 & !tmp_43 & !tmp_44 & !tmp_45)> <Delay = 3.20>
ST_25 : Operation 262 [1/1] (0.00ns)   --->   "%tmp_47 = bitselect i1 @_ssdm_op_BitSelect.i1.i32.i32, i32 %sum_q16_1, i32 18" [softmax_accel_hls.cc:249->softmax_accel_hls.cc:296]   --->   Operation 262 'bitselect' 'tmp_47' <Predicate = (!tmp_34 & !tmp_35 & !tmp_36 & !tmp_37 & !tmp_38 & !tmp_39 & !tmp_40 & !tmp_41 & !tmp_42 & !tmp_43 & !tmp_44 & !tmp_45 & !tmp_46)> <Delay = 0.00>
ST_25 : Operation 263 [1/1] (3.20ns)   --->   "%br_ln249 = br i1 %tmp_47, void %if.end.i.13, void %_ZL16derive_shift_dbg7ap_uintILi32EE.exit" [softmax_accel_hls.cc:249->softmax_accel_hls.cc:296]   --->   Operation 263 'br' 'br_ln249' <Predicate = (!tmp_34 & !tmp_35 & !tmp_36 & !tmp_37 & !tmp_38 & !tmp_39 & !tmp_40 & !tmp_41 & !tmp_42 & !tmp_43 & !tmp_44 & !tmp_45 & !tmp_46)> <Delay = 3.20>
ST_25 : Operation 264 [1/1] (0.00ns)   --->   "%tmp_48 = bitselect i1 @_ssdm_op_BitSelect.i1.i32.i32, i32 %sum_q16_1, i32 17" [softmax_accel_hls.cc:249->softmax_accel_hls.cc:296]   --->   Operation 264 'bitselect' 'tmp_48' <Predicate = (!tmp_34 & !tmp_35 & !tmp_36 & !tmp_37 & !tmp_38 & !tmp_39 & !tmp_40 & !tmp_41 & !tmp_42 & !tmp_43 & !tmp_44 & !tmp_45 & !tmp_46 & !tmp_47)> <Delay = 0.00>
ST_25 : Operation 265 [1/1] (3.20ns)   --->   "%br_ln249 = br i1 %tmp_48, void %if.end.i.14, void %_ZL16derive_shift_dbg7ap_uintILi32EE.exit" [softmax_accel_hls.cc:249->softmax_accel_hls.cc:296]   --->   Operation 265 'br' 'br_ln249' <Predicate = (!tmp_34 & !tmp_35 & !tmp_36 & !tmp_37 & !tmp_38 & !tmp_39 & !tmp_40 & !tmp_41 & !tmp_42 & !tmp_43 & !tmp_44 & !tmp_45 & !tmp_46 & !tmp_47)> <Delay = 3.20>
ST_25 : Operation 266 [1/1] (0.00ns)   --->   "%tmp_49 = bitselect i1 @_ssdm_op_BitSelect.i1.i32.i32, i32 %sum_q16_1, i32 16" [softmax_accel_hls.cc:249->softmax_accel_hls.cc:296]   --->   Operation 266 'bitselect' 'tmp_49' <Predicate = (!tmp_34 & !tmp_35 & !tmp_36 & !tmp_37 & !tmp_38 & !tmp_39 & !tmp_40 & !tmp_41 & !tmp_42 & !tmp_43 & !tmp_44 & !tmp_45 & !tmp_46 & !tmp_47 & !tmp_48)> <Delay = 0.00>
ST_25 : Operation 267 [1/1] (3.20ns)   --->   "%br_ln249 = br i1 %tmp_49, void %if.end.i.15, void %_ZL16derive_shift_dbg7ap_uintILi32EE.exit" [softmax_accel_hls.cc:249->softmax_accel_hls.cc:296]   --->   Operation 267 'br' 'br_ln249' <Predicate = (!tmp_34 & !tmp_35 & !tmp_36 & !tmp_37 & !tmp_38 & !tmp_39 & !tmp_40 & !tmp_41 & !tmp_42 & !tmp_43 & !tmp_44 & !tmp_45 & !tmp_46 & !tmp_47 & !tmp_48)> <Delay = 3.20>
ST_25 : Operation 268 [1/1] (0.00ns)   --->   "%tmp_50 = bitselect i1 @_ssdm_op_BitSelect.i1.i32.i32, i32 %sum_q16_1, i32 15" [softmax_accel_hls.cc:249->softmax_accel_hls.cc:296]   --->   Operation 268 'bitselect' 'tmp_50' <Predicate = (!tmp_34 & !tmp_35 & !tmp_36 & !tmp_37 & !tmp_38 & !tmp_39 & !tmp_40 & !tmp_41 & !tmp_42 & !tmp_43 & !tmp_44 & !tmp_45 & !tmp_46 & !tmp_47 & !tmp_48 & !tmp_49)> <Delay = 0.00>
ST_25 : Operation 269 [1/1] (3.20ns)   --->   "%br_ln249 = br i1 %tmp_50, void %if.end.i.16, void %_ZL16derive_shift_dbg7ap_uintILi32EE.exit" [softmax_accel_hls.cc:249->softmax_accel_hls.cc:296]   --->   Operation 269 'br' 'br_ln249' <Predicate = (!tmp_34 & !tmp_35 & !tmp_36 & !tmp_37 & !tmp_38 & !tmp_39 & !tmp_40 & !tmp_41 & !tmp_42 & !tmp_43 & !tmp_44 & !tmp_45 & !tmp_46 & !tmp_47 & !tmp_48 & !tmp_49)> <Delay = 3.20>
ST_25 : Operation 270 [1/1] (0.00ns)   --->   "%tmp_51 = bitselect i1 @_ssdm_op_BitSelect.i1.i32.i32, i32 %sum_q16_1, i32 14" [softmax_accel_hls.cc:249->softmax_accel_hls.cc:296]   --->   Operation 270 'bitselect' 'tmp_51' <Predicate = (!tmp_34 & !tmp_35 & !tmp_36 & !tmp_37 & !tmp_38 & !tmp_39 & !tmp_40 & !tmp_41 & !tmp_42 & !tmp_43 & !tmp_44 & !tmp_45 & !tmp_46 & !tmp_47 & !tmp_48 & !tmp_49 & !tmp_50)> <Delay = 0.00>
ST_25 : Operation 271 [1/1] (3.20ns)   --->   "%br_ln249 = br i1 %tmp_51, void %if.end.i.17, void %_ZL16derive_shift_dbg7ap_uintILi32EE.exit" [softmax_accel_hls.cc:249->softmax_accel_hls.cc:296]   --->   Operation 271 'br' 'br_ln249' <Predicate = (!tmp_34 & !tmp_35 & !tmp_36 & !tmp_37 & !tmp_38 & !tmp_39 & !tmp_40 & !tmp_41 & !tmp_42 & !tmp_43 & !tmp_44 & !tmp_45 & !tmp_46 & !tmp_47 & !tmp_48 & !tmp_49 & !tmp_50)> <Delay = 3.20>
ST_25 : Operation 272 [1/1] (0.00ns)   --->   "%tmp_52 = bitselect i1 @_ssdm_op_BitSelect.i1.i32.i32, i32 %sum_q16_1, i32 13" [softmax_accel_hls.cc:249->softmax_accel_hls.cc:296]   --->   Operation 272 'bitselect' 'tmp_52' <Predicate = (!tmp_34 & !tmp_35 & !tmp_36 & !tmp_37 & !tmp_38 & !tmp_39 & !tmp_40 & !tmp_41 & !tmp_42 & !tmp_43 & !tmp_44 & !tmp_45 & !tmp_46 & !tmp_47 & !tmp_48 & !tmp_49 & !tmp_50 & !tmp_51)> <Delay = 0.00>
ST_25 : Operation 273 [1/1] (3.20ns)   --->   "%br_ln249 = br i1 %tmp_52, void %if.end.i.18, void %_ZL16derive_shift_dbg7ap_uintILi32EE.exit" [softmax_accel_hls.cc:249->softmax_accel_hls.cc:296]   --->   Operation 273 'br' 'br_ln249' <Predicate = (!tmp_34 & !tmp_35 & !tmp_36 & !tmp_37 & !tmp_38 & !tmp_39 & !tmp_40 & !tmp_41 & !tmp_42 & !tmp_43 & !tmp_44 & !tmp_45 & !tmp_46 & !tmp_47 & !tmp_48 & !tmp_49 & !tmp_50 & !tmp_51)> <Delay = 3.20>
ST_25 : Operation 274 [1/1] (0.00ns)   --->   "%tmp_53 = bitselect i1 @_ssdm_op_BitSelect.i1.i32.i32, i32 %sum_q16_1, i32 12" [softmax_accel_hls.cc:249->softmax_accel_hls.cc:296]   --->   Operation 274 'bitselect' 'tmp_53' <Predicate = (!tmp_34 & !tmp_35 & !tmp_36 & !tmp_37 & !tmp_38 & !tmp_39 & !tmp_40 & !tmp_41 & !tmp_42 & !tmp_43 & !tmp_44 & !tmp_45 & !tmp_46 & !tmp_47 & !tmp_48 & !tmp_49 & !tmp_50 & !tmp_51 & !tmp_52)> <Delay = 0.00>
ST_25 : Operation 275 [1/1] (3.20ns)   --->   "%br_ln249 = br i1 %tmp_53, void %if.end.i.19, void %_ZL16derive_shift_dbg7ap_uintILi32EE.exit" [softmax_accel_hls.cc:249->softmax_accel_hls.cc:296]   --->   Operation 275 'br' 'br_ln249' <Predicate = (!tmp_34 & !tmp_35 & !tmp_36 & !tmp_37 & !tmp_38 & !tmp_39 & !tmp_40 & !tmp_41 & !tmp_42 & !tmp_43 & !tmp_44 & !tmp_45 & !tmp_46 & !tmp_47 & !tmp_48 & !tmp_49 & !tmp_50 & !tmp_51 & !tmp_52)> <Delay = 3.20>
ST_25 : Operation 276 [1/1] (0.00ns)   --->   "%tmp_54 = bitselect i1 @_ssdm_op_BitSelect.i1.i32.i32, i32 %sum_q16_1, i32 11" [softmax_accel_hls.cc:249->softmax_accel_hls.cc:296]   --->   Operation 276 'bitselect' 'tmp_54' <Predicate = (!tmp_34 & !tmp_35 & !tmp_36 & !tmp_37 & !tmp_38 & !tmp_39 & !tmp_40 & !tmp_41 & !tmp_42 & !tmp_43 & !tmp_44 & !tmp_45 & !tmp_46 & !tmp_47 & !tmp_48 & !tmp_49 & !tmp_50 & !tmp_51 & !tmp_52 & !tmp_53)> <Delay = 0.00>
ST_25 : Operation 277 [1/1] (3.20ns)   --->   "%br_ln249 = br i1 %tmp_54, void %if.end.i.20, void %_ZL16derive_shift_dbg7ap_uintILi32EE.exit" [softmax_accel_hls.cc:249->softmax_accel_hls.cc:296]   --->   Operation 277 'br' 'br_ln249' <Predicate = (!tmp_34 & !tmp_35 & !tmp_36 & !tmp_37 & !tmp_38 & !tmp_39 & !tmp_40 & !tmp_41 & !tmp_42 & !tmp_43 & !tmp_44 & !tmp_45 & !tmp_46 & !tmp_47 & !tmp_48 & !tmp_49 & !tmp_50 & !tmp_51 & !tmp_52 & !tmp_53)> <Delay = 3.20>
ST_25 : Operation 278 [1/1] (0.00ns)   --->   "%tmp_55 = bitselect i1 @_ssdm_op_BitSelect.i1.i32.i32, i32 %sum_q16_1, i32 10" [softmax_accel_hls.cc:249->softmax_accel_hls.cc:296]   --->   Operation 278 'bitselect' 'tmp_55' <Predicate = (!tmp_34 & !tmp_35 & !tmp_36 & !tmp_37 & !tmp_38 & !tmp_39 & !tmp_40 & !tmp_41 & !tmp_42 & !tmp_43 & !tmp_44 & !tmp_45 & !tmp_46 & !tmp_47 & !tmp_48 & !tmp_49 & !tmp_50 & !tmp_51 & !tmp_52 & !tmp_53 & !tmp_54)> <Delay = 0.00>
ST_25 : Operation 279 [1/1] (3.20ns)   --->   "%br_ln249 = br i1 %tmp_55, void %if.end.i.21, void %_ZL16derive_shift_dbg7ap_uintILi32EE.exit" [softmax_accel_hls.cc:249->softmax_accel_hls.cc:296]   --->   Operation 279 'br' 'br_ln249' <Predicate = (!tmp_34 & !tmp_35 & !tmp_36 & !tmp_37 & !tmp_38 & !tmp_39 & !tmp_40 & !tmp_41 & !tmp_42 & !tmp_43 & !tmp_44 & !tmp_45 & !tmp_46 & !tmp_47 & !tmp_48 & !tmp_49 & !tmp_50 & !tmp_51 & !tmp_52 & !tmp_53 & !tmp_54)> <Delay = 3.20>
ST_25 : Operation 280 [1/1] (0.00ns)   --->   "%tmp_56 = bitselect i1 @_ssdm_op_BitSelect.i1.i32.i32, i32 %sum_q16_1, i32 9" [softmax_accel_hls.cc:249->softmax_accel_hls.cc:296]   --->   Operation 280 'bitselect' 'tmp_56' <Predicate = (!tmp_34 & !tmp_35 & !tmp_36 & !tmp_37 & !tmp_38 & !tmp_39 & !tmp_40 & !tmp_41 & !tmp_42 & !tmp_43 & !tmp_44 & !tmp_45 & !tmp_46 & !tmp_47 & !tmp_48 & !tmp_49 & !tmp_50 & !tmp_51 & !tmp_52 & !tmp_53 & !tmp_54 & !tmp_55)> <Delay = 0.00>
ST_25 : Operation 281 [1/1] (3.20ns)   --->   "%br_ln249 = br i1 %tmp_56, void %if.end.i.22, void %_ZL16derive_shift_dbg7ap_uintILi32EE.exit" [softmax_accel_hls.cc:249->softmax_accel_hls.cc:296]   --->   Operation 281 'br' 'br_ln249' <Predicate = (!tmp_34 & !tmp_35 & !tmp_36 & !tmp_37 & !tmp_38 & !tmp_39 & !tmp_40 & !tmp_41 & !tmp_42 & !tmp_43 & !tmp_44 & !tmp_45 & !tmp_46 & !tmp_47 & !tmp_48 & !tmp_49 & !tmp_50 & !tmp_51 & !tmp_52 & !tmp_53 & !tmp_54 & !tmp_55)> <Delay = 3.20>
ST_25 : Operation 282 [1/1] (0.00ns)   --->   "%tmp_57 = bitselect i1 @_ssdm_op_BitSelect.i1.i32.i32, i32 %sum_q16_1, i32 8" [softmax_accel_hls.cc:249->softmax_accel_hls.cc:296]   --->   Operation 282 'bitselect' 'tmp_57' <Predicate = (!tmp_34 & !tmp_35 & !tmp_36 & !tmp_37 & !tmp_38 & !tmp_39 & !tmp_40 & !tmp_41 & !tmp_42 & !tmp_43 & !tmp_44 & !tmp_45 & !tmp_46 & !tmp_47 & !tmp_48 & !tmp_49 & !tmp_50 & !tmp_51 & !tmp_52 & !tmp_53 & !tmp_54 & !tmp_55 & !tmp_56)> <Delay = 0.00>
ST_25 : Operation 283 [1/1] (3.20ns)   --->   "%br_ln249 = br i1 %tmp_57, void %if.end.i.23, void %_ZL16derive_shift_dbg7ap_uintILi32EE.exit" [softmax_accel_hls.cc:249->softmax_accel_hls.cc:296]   --->   Operation 283 'br' 'br_ln249' <Predicate = (!tmp_34 & !tmp_35 & !tmp_36 & !tmp_37 & !tmp_38 & !tmp_39 & !tmp_40 & !tmp_41 & !tmp_42 & !tmp_43 & !tmp_44 & !tmp_45 & !tmp_46 & !tmp_47 & !tmp_48 & !tmp_49 & !tmp_50 & !tmp_51 & !tmp_52 & !tmp_53 & !tmp_54 & !tmp_55 & !tmp_56)> <Delay = 3.20>
ST_25 : Operation 284 [1/1] (0.00ns)   --->   "%tmp_58 = bitselect i1 @_ssdm_op_BitSelect.i1.i32.i32, i32 %sum_q16_1, i32 7" [softmax_accel_hls.cc:249->softmax_accel_hls.cc:296]   --->   Operation 284 'bitselect' 'tmp_58' <Predicate = (!tmp_34 & !tmp_35 & !tmp_36 & !tmp_37 & !tmp_38 & !tmp_39 & !tmp_40 & !tmp_41 & !tmp_42 & !tmp_43 & !tmp_44 & !tmp_45 & !tmp_46 & !tmp_47 & !tmp_48 & !tmp_49 & !tmp_50 & !tmp_51 & !tmp_52 & !tmp_53 & !tmp_54 & !tmp_55 & !tmp_56 & !tmp_57)> <Delay = 0.00>
ST_25 : Operation 285 [1/1] (3.20ns)   --->   "%br_ln249 = br i1 %tmp_58, void %if.end.i.24, void %_ZL16derive_shift_dbg7ap_uintILi32EE.exit" [softmax_accel_hls.cc:249->softmax_accel_hls.cc:296]   --->   Operation 285 'br' 'br_ln249' <Predicate = (!tmp_34 & !tmp_35 & !tmp_36 & !tmp_37 & !tmp_38 & !tmp_39 & !tmp_40 & !tmp_41 & !tmp_42 & !tmp_43 & !tmp_44 & !tmp_45 & !tmp_46 & !tmp_47 & !tmp_48 & !tmp_49 & !tmp_50 & !tmp_51 & !tmp_52 & !tmp_53 & !tmp_54 & !tmp_55 & !tmp_56 & !tmp_57)> <Delay = 3.20>
ST_25 : Operation 286 [1/1] (0.00ns)   --->   "%tmp_59 = bitselect i1 @_ssdm_op_BitSelect.i1.i32.i32, i32 %sum_q16_1, i32 6" [softmax_accel_hls.cc:249->softmax_accel_hls.cc:296]   --->   Operation 286 'bitselect' 'tmp_59' <Predicate = (!tmp_34 & !tmp_35 & !tmp_36 & !tmp_37 & !tmp_38 & !tmp_39 & !tmp_40 & !tmp_41 & !tmp_42 & !tmp_43 & !tmp_44 & !tmp_45 & !tmp_46 & !tmp_47 & !tmp_48 & !tmp_49 & !tmp_50 & !tmp_51 & !tmp_52 & !tmp_53 & !tmp_54 & !tmp_55 & !tmp_56 & !tmp_57 & !tmp_58)> <Delay = 0.00>
ST_25 : Operation 287 [1/1] (3.20ns)   --->   "%br_ln249 = br i1 %tmp_59, void %if.end.i.25, void %_ZL16derive_shift_dbg7ap_uintILi32EE.exit" [softmax_accel_hls.cc:249->softmax_accel_hls.cc:296]   --->   Operation 287 'br' 'br_ln249' <Predicate = (!tmp_34 & !tmp_35 & !tmp_36 & !tmp_37 & !tmp_38 & !tmp_39 & !tmp_40 & !tmp_41 & !tmp_42 & !tmp_43 & !tmp_44 & !tmp_45 & !tmp_46 & !tmp_47 & !tmp_48 & !tmp_49 & !tmp_50 & !tmp_51 & !tmp_52 & !tmp_53 & !tmp_54 & !tmp_55 & !tmp_56 & !tmp_57 & !tmp_58)> <Delay = 3.20>
ST_25 : Operation 288 [1/1] (0.00ns)   --->   "%tmp_60 = bitselect i1 @_ssdm_op_BitSelect.i1.i32.i32, i32 %sum_q16_1, i32 5" [softmax_accel_hls.cc:249->softmax_accel_hls.cc:296]   --->   Operation 288 'bitselect' 'tmp_60' <Predicate = (!tmp_34 & !tmp_35 & !tmp_36 & !tmp_37 & !tmp_38 & !tmp_39 & !tmp_40 & !tmp_41 & !tmp_42 & !tmp_43 & !tmp_44 & !tmp_45 & !tmp_46 & !tmp_47 & !tmp_48 & !tmp_49 & !tmp_50 & !tmp_51 & !tmp_52 & !tmp_53 & !tmp_54 & !tmp_55 & !tmp_56 & !tmp_57 & !tmp_58 & !tmp_59)> <Delay = 0.00>
ST_25 : Operation 289 [1/1] (3.20ns)   --->   "%br_ln249 = br i1 %tmp_60, void %if.end.i.26, void %_ZL16derive_shift_dbg7ap_uintILi32EE.exit" [softmax_accel_hls.cc:249->softmax_accel_hls.cc:296]   --->   Operation 289 'br' 'br_ln249' <Predicate = (!tmp_34 & !tmp_35 & !tmp_36 & !tmp_37 & !tmp_38 & !tmp_39 & !tmp_40 & !tmp_41 & !tmp_42 & !tmp_43 & !tmp_44 & !tmp_45 & !tmp_46 & !tmp_47 & !tmp_48 & !tmp_49 & !tmp_50 & !tmp_51 & !tmp_52 & !tmp_53 & !tmp_54 & !tmp_55 & !tmp_56 & !tmp_57 & !tmp_58 & !tmp_59)> <Delay = 3.20>
ST_25 : Operation 290 [1/1] (0.00ns)   --->   "%tmp_61 = bitselect i1 @_ssdm_op_BitSelect.i1.i32.i32, i32 %sum_q16_1, i32 4" [softmax_accel_hls.cc:249->softmax_accel_hls.cc:296]   --->   Operation 290 'bitselect' 'tmp_61' <Predicate = (!tmp_34 & !tmp_35 & !tmp_36 & !tmp_37 & !tmp_38 & !tmp_39 & !tmp_40 & !tmp_41 & !tmp_42 & !tmp_43 & !tmp_44 & !tmp_45 & !tmp_46 & !tmp_47 & !tmp_48 & !tmp_49 & !tmp_50 & !tmp_51 & !tmp_52 & !tmp_53 & !tmp_54 & !tmp_55 & !tmp_56 & !tmp_57 & !tmp_58 & !tmp_59 & !tmp_60)> <Delay = 0.00>
ST_25 : Operation 291 [1/1] (3.20ns)   --->   "%br_ln249 = br i1 %tmp_61, void %if.end.i.27, void %_ZL16derive_shift_dbg7ap_uintILi32EE.exit" [softmax_accel_hls.cc:249->softmax_accel_hls.cc:296]   --->   Operation 291 'br' 'br_ln249' <Predicate = (!tmp_34 & !tmp_35 & !tmp_36 & !tmp_37 & !tmp_38 & !tmp_39 & !tmp_40 & !tmp_41 & !tmp_42 & !tmp_43 & !tmp_44 & !tmp_45 & !tmp_46 & !tmp_47 & !tmp_48 & !tmp_49 & !tmp_50 & !tmp_51 & !tmp_52 & !tmp_53 & !tmp_54 & !tmp_55 & !tmp_56 & !tmp_57 & !tmp_58 & !tmp_59 & !tmp_60)> <Delay = 3.20>
ST_25 : Operation 292 [1/1] (0.00ns)   --->   "%tmp_62 = bitselect i1 @_ssdm_op_BitSelect.i1.i32.i32, i32 %sum_q16_1, i32 3" [softmax_accel_hls.cc:249->softmax_accel_hls.cc:296]   --->   Operation 292 'bitselect' 'tmp_62' <Predicate = (!tmp_34 & !tmp_35 & !tmp_36 & !tmp_37 & !tmp_38 & !tmp_39 & !tmp_40 & !tmp_41 & !tmp_42 & !tmp_43 & !tmp_44 & !tmp_45 & !tmp_46 & !tmp_47 & !tmp_48 & !tmp_49 & !tmp_50 & !tmp_51 & !tmp_52 & !tmp_53 & !tmp_54 & !tmp_55 & !tmp_56 & !tmp_57 & !tmp_58 & !tmp_59 & !tmp_60 & !tmp_61)> <Delay = 0.00>
ST_25 : Operation 293 [1/1] (3.20ns)   --->   "%br_ln249 = br i1 %tmp_62, void %if.end.i.28, void %_ZL16derive_shift_dbg7ap_uintILi32EE.exit" [softmax_accel_hls.cc:249->softmax_accel_hls.cc:296]   --->   Operation 293 'br' 'br_ln249' <Predicate = (!tmp_34 & !tmp_35 & !tmp_36 & !tmp_37 & !tmp_38 & !tmp_39 & !tmp_40 & !tmp_41 & !tmp_42 & !tmp_43 & !tmp_44 & !tmp_45 & !tmp_46 & !tmp_47 & !tmp_48 & !tmp_49 & !tmp_50 & !tmp_51 & !tmp_52 & !tmp_53 & !tmp_54 & !tmp_55 & !tmp_56 & !tmp_57 & !tmp_58 & !tmp_59 & !tmp_60 & !tmp_61)> <Delay = 3.20>
ST_25 : Operation 294 [1/1] (0.00ns)   --->   "%tmp_63 = bitselect i1 @_ssdm_op_BitSelect.i1.i32.i32, i32 %sum_q16_1, i32 2" [softmax_accel_hls.cc:249->softmax_accel_hls.cc:296]   --->   Operation 294 'bitselect' 'tmp_63' <Predicate = (!tmp_34 & !tmp_35 & !tmp_36 & !tmp_37 & !tmp_38 & !tmp_39 & !tmp_40 & !tmp_41 & !tmp_42 & !tmp_43 & !tmp_44 & !tmp_45 & !tmp_46 & !tmp_47 & !tmp_48 & !tmp_49 & !tmp_50 & !tmp_51 & !tmp_52 & !tmp_53 & !tmp_54 & !tmp_55 & !tmp_56 & !tmp_57 & !tmp_58 & !tmp_59 & !tmp_60 & !tmp_61 & !tmp_62)> <Delay = 0.00>
ST_25 : Operation 295 [1/1] (3.20ns)   --->   "%br_ln249 = br i1 %tmp_63, void %if.end.i.29, void %_ZL16derive_shift_dbg7ap_uintILi32EE.exit" [softmax_accel_hls.cc:249->softmax_accel_hls.cc:296]   --->   Operation 295 'br' 'br_ln249' <Predicate = (!tmp_34 & !tmp_35 & !tmp_36 & !tmp_37 & !tmp_38 & !tmp_39 & !tmp_40 & !tmp_41 & !tmp_42 & !tmp_43 & !tmp_44 & !tmp_45 & !tmp_46 & !tmp_47 & !tmp_48 & !tmp_49 & !tmp_50 & !tmp_51 & !tmp_52 & !tmp_53 & !tmp_54 & !tmp_55 & !tmp_56 & !tmp_57 & !tmp_58 & !tmp_59 & !tmp_60 & !tmp_61 & !tmp_62)> <Delay = 3.20>
ST_25 : Operation 296 [1/1] (0.00ns)   --->   "%tmp_64 = bitselect i1 @_ssdm_op_BitSelect.i1.i32.i32, i32 %sum_q16_1, i32 1" [softmax_accel_hls.cc:249->softmax_accel_hls.cc:296]   --->   Operation 296 'bitselect' 'tmp_64' <Predicate = (!tmp_34 & !tmp_35 & !tmp_36 & !tmp_37 & !tmp_38 & !tmp_39 & !tmp_40 & !tmp_41 & !tmp_42 & !tmp_43 & !tmp_44 & !tmp_45 & !tmp_46 & !tmp_47 & !tmp_48 & !tmp_49 & !tmp_50 & !tmp_51 & !tmp_52 & !tmp_53 & !tmp_54 & !tmp_55 & !tmp_56 & !tmp_57 & !tmp_58 & !tmp_59 & !tmp_60 & !tmp_61 & !tmp_62 & !tmp_63)> <Delay = 0.00>
ST_25 : Operation 297 [1/1] (3.20ns)   --->   "%br_ln249 = br i1 %tmp_64, void %if.end.i.30, void %_ZL16derive_shift_dbg7ap_uintILi32EE.exit" [softmax_accel_hls.cc:249->softmax_accel_hls.cc:296]   --->   Operation 297 'br' 'br_ln249' <Predicate = (!tmp_34 & !tmp_35 & !tmp_36 & !tmp_37 & !tmp_38 & !tmp_39 & !tmp_40 & !tmp_41 & !tmp_42 & !tmp_43 & !tmp_44 & !tmp_45 & !tmp_46 & !tmp_47 & !tmp_48 & !tmp_49 & !tmp_50 & !tmp_51 & !tmp_52 & !tmp_53 & !tmp_54 & !tmp_55 & !tmp_56 & !tmp_57 & !tmp_58 & !tmp_59 & !tmp_60 & !tmp_61 & !tmp_62 & !tmp_63)> <Delay = 3.20>
ST_25 : Operation 298 [1/1] (0.00ns)   --->   "%trunc_ln249 = trunc i32 %sum_q16_1" [softmax_accel_hls.cc:249->softmax_accel_hls.cc:296]   --->   Operation 298 'trunc' 'trunc_ln249' <Predicate = (!tmp_34 & !tmp_35 & !tmp_36 & !tmp_37 & !tmp_38 & !tmp_39 & !tmp_40 & !tmp_41 & !tmp_42 & !tmp_43 & !tmp_44 & !tmp_45 & !tmp_46 & !tmp_47 & !tmp_48 & !tmp_49 & !tmp_50 & !tmp_51 & !tmp_52 & !tmp_53 & !tmp_54 & !tmp_55 & !tmp_56 & !tmp_57 & !tmp_58 & !tmp_59 & !tmp_60 & !tmp_61 & !tmp_62 & !tmp_63 & !tmp_64)> <Delay = 0.00>
ST_25 : Operation 299 [1/1] (1.21ns)   --->   "%select_ln249 = select i1 %trunc_ln249, i5 16, i5 15" [softmax_accel_hls.cc:249->softmax_accel_hls.cc:296]   --->   Operation 299 'select' 'select_ln249' <Predicate = (!tmp_34 & !tmp_35 & !tmp_36 & !tmp_37 & !tmp_38 & !tmp_39 & !tmp_40 & !tmp_41 & !tmp_42 & !tmp_43 & !tmp_44 & !tmp_45 & !tmp_46 & !tmp_47 & !tmp_48 & !tmp_49 & !tmp_50 & !tmp_51 & !tmp_52 & !tmp_53 & !tmp_54 & !tmp_55 & !tmp_56 & !tmp_57 & !tmp_58 & !tmp_59 & !tmp_60 & !tmp_61 & !tmp_62 & !tmp_63 & !tmp_64)> <Delay = 1.21> <CoreInst = "Sel">   --->   Core 73 'Sel' <Latency = 0> <II = 1> <Delay = 1.21> <FuncUnit> <Opcode : 'select'> <InPorts = 3> <OutPorts = 1>
ST_25 : Operation 300 [1/1] (3.20ns)   --->   "%br_ln249 = br void %_ZL16derive_shift_dbg7ap_uintILi32EE.exit" [softmax_accel_hls.cc:249->softmax_accel_hls.cc:296]   --->   Operation 300 'br' 'br_ln249' <Predicate = (!tmp_34 & !tmp_35 & !tmp_36 & !tmp_37 & !tmp_38 & !tmp_39 & !tmp_40 & !tmp_41 & !tmp_42 & !tmp_43 & !tmp_44 & !tmp_45 & !tmp_46 & !tmp_47 & !tmp_48 & !tmp_49 & !tmp_50 & !tmp_51 & !tmp_52 & !tmp_53 & !tmp_54 & !tmp_55 & !tmp_56 & !tmp_57 & !tmp_58 & !tmp_59 & !tmp_60 & !tmp_61 & !tmp_62 & !tmp_63 & !tmp_64)> <Delay = 3.20>

State 26 <SV = 22> <Delay = 6.01>
ST_26 : Operation 301 [1/1] (2.49ns)   --->   "%add_ln296 = add i31 %zext_ln276, i31 2" [softmax_accel_hls.cc:296]   --->   Operation 301 'add' 'add_ln296' <Predicate = true> <Delay = 2.49> <CoreInst = "Adder">   --->   Core 1 'Adder' <Latency = 0> <II = 1> <Delay = 2.49> <FuncUnit> <Opcode : 'add' 'sub'> <InPorts = 2> <OutPorts = 1>
ST_26 : Operation 302 [1/1] (0.00ns)   --->   "%shl_ln1 = bitconcatenate i33 @_ssdm_op_BitConcatenate.i33.i31.i2, i31 %add_ln296, i2 0" [softmax_accel_hls.cc:296]   --->   Operation 302 'bitconcatenate' 'shl_ln1' <Predicate = true> <Delay = 0.00>
ST_26 : Operation 303 [1/1] (0.00ns)   --->   "%zext_ln296 = zext i33 %shl_ln1" [softmax_accel_hls.cc:296]   --->   Operation 303 'zext' 'zext_ln296' <Predicate = true> <Delay = 0.00>
ST_26 : Operation 304 [1/1] (3.52ns)   --->   "%add_ln296_1 = add i64 %zext_ln296, i64 %mem_read" [softmax_accel_hls.cc:296]   --->   Operation 304 'add' 'add_ln296_1' <Predicate = true> <Delay = 3.52> <CoreInst = "Adder">   --->   Core 1 'Adder' <Latency = 0> <II = 1> <Delay = 3.52> <FuncUnit> <Opcode : 'add' 'sub'> <InPorts = 2> <OutPorts = 1>
ST_26 : Operation 305 [1/1] (0.00ns)   --->   "%trunc_ln = partselect i62 @_ssdm_op_PartSelect.i62.i64.i32.i32, i64 %add_ln296_1, i32 2, i32 63" [softmax_accel_hls.cc:296]   --->   Operation 305 'partselect' 'trunc_ln' <Predicate = true> <Delay = 0.00>
ST_26 : Operation 306 [1/1] (0.00ns)   --->   "%sext_ln296 = sext i62 %trunc_ln" [softmax_accel_hls.cc:296]   --->   Operation 306 'sext' 'sext_ln296' <Predicate = true> <Delay = 0.00>
ST_26 : Operation 307 [1/1] (0.00ns)   --->   "%gmem_addr_2 = getelementptr i32 %gmem, i64 %sext_ln296" [softmax_accel_hls.cc:296]   --->   Operation 307 'getelementptr' 'gmem_addr_2' <Predicate = true> <Delay = 0.00>

State 27 <SV = 23> <Delay = 8.61>
ST_27 : Operation 308 [1/1] (8.61ns)   --->   "%gmem_addr_2_req = writereq i1 @_ssdm_op_WriteReq.m_axi.i32P1A, i32 %gmem_addr_2, i64 1" [softmax_accel_hls.cc:296]   --->   Operation 308 'writereq' 'gmem_addr_2_req' <Predicate = true> <Delay = 8.61> <CoreInst = "m_axi">   --->   Core 111 'm_axi' <Latency = 9> <II = 1> <Delay = 1.00> <Adapter> <Opcode : 'read' 'write' 'readreq' 'writereq' 'writeresp'>

State 28 <SV = 24> <Delay = 8.61>
ST_28 : Operation 309 [1/1] (0.00ns)   --->   "%phi_ln254 = phi i5 15, void %_ZL15recip_sum_q2_307ap_uintILi32EE.exit, i5 14, void %if.end.i, i5 13, void %if.end.i.1, i5 12, void %if.end.i.2, i5 11, void %if.end.i.3, i5 10, void %if.end.i.4, i5 9, void %if.end.i.5, i5 8, void %if.end.i.6, i5 7, void %if.end.i.7, i5 6, void %if.end.i.8, i5 5, void %if.end.i.9, i5 4, void %if.end.i.10, i5 3, void %if.end.i.11, i5 2, void %if.end.i.12, i5 1, void %if.end.i.13, i5 0, void %if.end.i.14, i5 31, void %if.end.i.15, i5 30, void %if.end.i.16, i5 29, void %if.end.i.17, i5 28, void %if.end.i.18, i5 27, void %if.end.i.19, i5 26, void %if.end.i.20, i5 25, void %if.end.i.21, i5 24, void %if.end.i.22, i5 23, void %if.end.i.23, i5 22, void %if.end.i.24, i5 21, void %if.end.i.25, i5 20, void %if.end.i.26, i5 19, void %if.end.i.27, i5 18, void %if.end.i.28, i5 17, void %if.end.i.29, i5 %select_ln249, void %if.end.i.30" [softmax_accel_hls.cc:254->softmax_accel_hls.cc:296]   --->   Operation 309 'phi' 'phi_ln254' <Predicate = true> <Delay = 0.00>
ST_28 : Operation 310 [1/1] (0.00ns)   --->   "%sext_ln296_1 = sext i5 %phi_ln254" [softmax_accel_hls.cc:296]   --->   Operation 310 'sext' 'sext_ln296_1' <Predicate = true> <Delay = 0.00>
ST_28 : Operation 311 [1/1] (8.61ns)   --->   "%write_ln296 = write void @_ssdm_op_Write.m_axi.volatile.i32P1A, i32 %gmem_addr_2, i32 %sext_ln296_1, i4 15" [softmax_accel_hls.cc:296]   --->   Operation 311 'write' 'write_ln296' <Predicate = true> <Delay = 8.61> <CoreInst = "m_axi">   --->   Core 111 'm_axi' <Latency = 5> <II = 1> <Delay = 1.00> <Adapter> <Opcode : 'read' 'write' 'readreq' 'writereq' 'writeresp'>

State 29 <SV = 25> <Delay = 8.61>
ST_29 : Operation 312 [5/5] (8.61ns)   --->   "%gmem_addr_2_resp = writeresp i1 @_ssdm_op_WriteResp.m_axi.i32P1A, i32 %gmem_addr_2" [softmax_accel_hls.cc:296]   --->   Operation 312 'writeresp' 'gmem_addr_2_resp' <Predicate = true> <Delay = 8.61> <CoreInst = "m_axi">   --->   Core 111 'm_axi' <Latency = 3> <II = 1> <Delay = 1.00> <Adapter> <Opcode : 'read' 'write' 'readreq' 'writereq' 'writeresp'>

State 30 <SV = 26> <Delay = 8.61>
ST_30 : Operation 313 [4/5] (8.61ns)   --->   "%gmem_addr_2_resp = writeresp i1 @_ssdm_op_WriteResp.m_axi.i32P1A, i32 %gmem_addr_2" [softmax_accel_hls.cc:296]   --->   Operation 313 'writeresp' 'gmem_addr_2_resp' <Predicate = true> <Delay = 8.61> <CoreInst = "m_axi">   --->   Core 111 'm_axi' <Latency = 3> <II = 1> <Delay = 1.00> <Adapter> <Opcode : 'read' 'write' 'readreq' 'writereq' 'writeresp'>

State 31 <SV = 27> <Delay = 8.61>
ST_31 : Operation 314 [3/5] (8.61ns)   --->   "%gmem_addr_2_resp = writeresp i1 @_ssdm_op_WriteResp.m_axi.i32P1A, i32 %gmem_addr_2" [softmax_accel_hls.cc:296]   --->   Operation 314 'writeresp' 'gmem_addr_2_resp' <Predicate = true> <Delay = 8.61> <CoreInst = "m_axi">   --->   Core 111 'm_axi' <Latency = 3> <II = 1> <Delay = 1.00> <Adapter> <Opcode : 'read' 'write' 'readreq' 'writereq' 'writeresp'>

State 32 <SV = 28> <Delay = 8.61>
ST_32 : Operation 315 [2/5] (8.61ns)   --->   "%gmem_addr_2_resp = writeresp i1 @_ssdm_op_WriteResp.m_axi.i32P1A, i32 %gmem_addr_2" [softmax_accel_hls.cc:296]   --->   Operation 315 'writeresp' 'gmem_addr_2_resp' <Predicate = true> <Delay = 8.61> <CoreInst = "m_axi">   --->   Core 111 'm_axi' <Latency = 3> <II = 1> <Delay = 1.00> <Adapter> <Opcode : 'read' 'write' 'readreq' 'writereq' 'writeresp'>

State 33 <SV = 29> <Delay = 8.61>
ST_33 : Operation 316 [1/5] (8.61ns)   --->   "%gmem_addr_2_resp = writeresp i1 @_ssdm_op_WriteResp.m_axi.i32P1A, i32 %gmem_addr_2" [softmax_accel_hls.cc:296]   --->   Operation 316 'writeresp' 'gmem_addr_2_resp' <Predicate = (!icmp_ln271)> <Delay = 8.61> <CoreInst = "m_axi">   --->   Core 111 'm_axi' <Latency = 3> <II = 1> <Delay = 1.00> <Adapter> <Opcode : 'read' 'write' 'readreq' 'writereq' 'writeresp'>
ST_33 : Operation 317 [1/1] (0.00ns)   --->   "%br_ln297 = br void %return" [softmax_accel_hls.cc:297]   --->   Operation 317 'br' 'br_ln297' <Predicate = (!icmp_ln271)> <Delay = 0.00>
ST_33 : Operation 318 [1/1] (0.00ns)   --->   "%ret_ln297 = ret" [softmax_accel_hls.cc:297]   --->   Operation 318 'ret' 'ret_ln297' <Predicate = true> <Delay = 0.00>


============================================================
+ Verbose Summary: Timing violations
============================================================
Target clock period: 11.800ns, clock uncertainty: 3.186ns.

 <State 1>: 4.519ns
The critical path consists of the following:
	s_axi read operation ('n_read', softmax_accel_hls.cc:258) on port 'n' (softmax_accel_hls.cc:258) [10]  (1.000 ns)
	'icmp' operation 1 bit ('icmp_ln272', softmax_accel_hls.cc:272) [40]  (2.552 ns)
	'select' operation 9 bit ('n', softmax_accel_hls.cc:272) [41]  (0.968 ns)

 <State 2>: 8.614ns
The critical path consists of the following:
	'call' operation 32 bit ('max_x', softmax_accel_hls.cc:286) to 'load_logits_and_find_max' [49]  (8.614 ns)

 <State 3>: 0.000ns
The critical path consists of the following:

 <State 4>: 3.411ns
The critical path consists of the following:
	'call' operation 0 bit ('call_ln287', softmax_accel_hls.cc:287) to 'generate_exp_buffer' [50]  (3.411 ns)

 <State 5>: 0.000ns
The critical path consists of the following:

 <State 6>: 3.575ns
The critical path consists of the following:
	'load' operation 40 bit ('sum64_load', softmax_accel_hls.cc:289) on local variable 'sum64', softmax_accel_hls.cc:284 [51]  (0.000 ns)
	'icmp' operation 1 bit ('icmp_ln289', softmax_accel_hls.cc:289) [52]  (2.877 ns)
	'select' operation 32 bit ('sum_q16', softmax_accel_hls.cc:289) [54]  (0.698 ns)

 <State 7>: 5.757ns
The critical path consists of the following:
	'icmp' operation 1 bit ('icmp_ln89', softmax_accel_hls.cc:89->softmax_accel_hls.cc:290) [55]  (2.552 ns)
	multiplexor before 'phi' operation 5 bit ('msb', softmax_accel_hls.cc:94->softmax_accel_hls.cc:290) with incoming values : ('select_ln94', softmax_accel_hls.cc:94->softmax_accel_hls.cc:290) [156]  (3.205 ns)

 <State 8>: 8.522ns
The critical path consists of the following:
	'phi' operation 5 bit ('msb', softmax_accel_hls.cc:94->softmax_accel_hls.cc:290) with incoming values : ('select_ln94', softmax_accel_hls.cc:94->softmax_accel_hls.cc:290) [156]  (0.000 ns)
	'sub' operation 5 bit ('sub_ln101', softmax_accel_hls.cc:101->softmax_accel_hls.cc:290) [158]  (1.780 ns)
	'shl' operation 32 bit ('shl_ln101', softmax_accel_hls.cc:101->softmax_accel_hls.cc:290) [160]  (4.420 ns)
	'getelementptr' operation 4 bit ('RECIP_M_Q30_addr', softmax_accel_hls.cc:108->softmax_accel_hls.cc:290) [166]  (0.000 ns)
	'load' operation 31 bit ('m', softmax_accel_hls.cc:108->softmax_accel_hls.cc:290) on array 'RECIP_M_Q30' [167]  (2.322 ns)

 <State 9>: 2.322ns
The critical path consists of the following:
	'load' operation 31 bit ('m', softmax_accel_hls.cc:108->softmax_accel_hls.cc:290) on array 'RECIP_M_Q30' [167]  (2.322 ns)

 <State 10>: 8.244ns
The critical path consists of the following:
	'mul' operation 47 bit ('mx', softmax_accel_hls.cc:111->softmax_accel_hls.cc:290) [173]  (8.244 ns)

 <State 11>: 6.972ns
The critical path consists of the following:
	'add' operation 32 bit ('inv_x_q30', softmax_accel_hls.cc:112->softmax_accel_hls.cc:290) [175]  (2.552 ns)
	'shl' operation 48 bit ('shl_ln117', softmax_accel_hls.cc:117->softmax_accel_hls.cc:290) [179]  (4.420 ns)

 <State 12>: 2.322ns
The critical path consists of the following:
	'load' operation 31 bit ('RECIP_M_Q30_load', softmax_accel_hls.cc:108->softmax_accel_hls.cc:290) on array 'RECIP_M_Q30' [189]  (2.322 ns)

 <State 13>: 8.244ns
The critical path consists of the following:
	'mul' operation 47 bit ('mul_ln111', softmax_accel_hls.cc:111->softmax_accel_hls.cc:290) [195]  (8.244 ns)

 <State 14>: 6.972ns
The critical path consists of the following:
	'add' operation 32 bit ('add_ln112', softmax_accel_hls.cc:112->softmax_accel_hls.cc:290) [197]  (2.552 ns)
	'ashr' operation 32 bit ('inv_sum', softmax_accel_hls.cc:116->softmax_accel_hls.cc:290) [200]  (4.420 ns)

 <State 15>: 3.850ns
The critical path consists of the following:
	'phi' operation 48 bit ('inv_sum', softmax_accel_hls.cc:115->softmax_accel_hls.cc:290) with incoming values : ('shl_ln117', softmax_accel_hls.cc:117->softmax_accel_hls.cc:290) ('sext_ln115_1', softmax_accel_hls.cc:115->softmax_accel_hls.cc:290) [204]  (0.000 ns)
	'select' operation 47 bit ('inv_sum', softmax_accel_hls.cc:119->softmax_accel_hls.cc:290) [207]  (1.039 ns)
	'icmp' operation 1 bit ('icmp_ln120', softmax_accel_hls.cc:120->softmax_accel_hls.cc:290) [209]  (2.077 ns)
	'select' operation 31 bit ('inv_sum_q30', softmax_accel_hls.cc:121->softmax_accel_hls.cc:290) [211]  (0.733 ns)

 <State 16>: 6.013ns
The critical path consists of the following:
	'phi' operation 31 bit ('inv_sum_q30') with incoming values : ('inv_sum_q30', softmax_accel_hls.cc:121->softmax_accel_hls.cc:290) [214]  (0.000 ns)
	'call' operation 0 bit ('call_ln292', softmax_accel_hls.cc:292) to 'normalize_and_store' [215]  (6.013 ns)

 <State 17>: 3.520ns
The critical path consists of the following:
	'add' operation 64 bit ('add_ln294', softmax_accel_hls.cc:294) [218]  (3.520 ns)

 <State 18>: 8.614ns
The critical path consists of the following:
	bus request operation ('gmem_addr_req', softmax_accel_hls.cc:294) on port 'gmem' (softmax_accel_hls.cc:294) [222]  (8.614 ns)

 <State 19>: 8.614ns
The critical path consists of the following:
	bus write operation ('write_ln294', softmax_accel_hls.cc:294) on port 'gmem' (softmax_accel_hls.cc:294) [223]  (8.614 ns)

 <State 20>: 8.614ns
The critical path consists of the following:
	bus response operation ('gmem_addr_resp', softmax_accel_hls.cc:294) on port 'gmem' (softmax_accel_hls.cc:294) [224]  (8.614 ns)

 <State 21>: 8.614ns
The critical path consists of the following:
	bus response operation ('gmem_addr_resp', softmax_accel_hls.cc:294) on port 'gmem' (softmax_accel_hls.cc:294) [224]  (8.614 ns)

 <State 22>: 8.614ns
The critical path consists of the following:
	bus response operation ('gmem_addr_resp', softmax_accel_hls.cc:294) on port 'gmem' (softmax_accel_hls.cc:294) [224]  (8.614 ns)

 <State 23>: 8.614ns
The critical path consists of the following:
	bus response operation ('gmem_addr_resp', softmax_accel_hls.cc:294) on port 'gmem' (softmax_accel_hls.cc:294) [224]  (8.614 ns)

 <State 24>: 8.614ns
The critical path consists of the following:
	bus response operation ('gmem_addr_resp', softmax_accel_hls.cc:294) on port 'gmem' (softmax_accel_hls.cc:294) [224]  (8.614 ns)

 <State 25>: 8.614ns
The critical path consists of the following:
	bus response operation ('gmem_addr_1_resp', softmax_accel_hls.cc:295) on port 'gmem' (softmax_accel_hls.cc:295) [234]  (8.614 ns)

 <State 26>: 6.013ns
The critical path consists of the following:
	'add' operation 31 bit ('add_ln296', softmax_accel_hls.cc:296) [334]  (2.493 ns)
	'add' operation 64 bit ('add_ln296_1', softmax_accel_hls.cc:296) [337]  (3.520 ns)

 <State 27>: 8.614ns
The critical path consists of the following:
	bus request operation ('gmem_addr_2_req', softmax_accel_hls.cc:296) on port 'gmem' (softmax_accel_hls.cc:296) [341]  (8.614 ns)

 <State 28>: 8.614ns
The critical path consists of the following:
	'phi' operation 5 bit ('phi_ln254', softmax_accel_hls.cc:254->softmax_accel_hls.cc:296) with incoming values : ('select_ln249', softmax_accel_hls.cc:249->softmax_accel_hls.cc:296) [332]  (0.000 ns)
	bus write operation ('write_ln296', softmax_accel_hls.cc:296) on port 'gmem' (softmax_accel_hls.cc:296) [342]  (8.614 ns)

 <State 29>: 8.614ns
The critical path consists of the following:
	bus response operation ('gmem_addr_2_resp', softmax_accel_hls.cc:296) on port 'gmem' (softmax_accel_hls.cc:296) [343]  (8.614 ns)

 <State 30>: 8.614ns
The critical path consists of the following:
	bus response operation ('gmem_addr_2_resp', softmax_accel_hls.cc:296) on port 'gmem' (softmax_accel_hls.cc:296) [343]  (8.614 ns)

 <State 31>: 8.614ns
The critical path consists of the following:
	bus response operation ('gmem_addr_2_resp', softmax_accel_hls.cc:296) on port 'gmem' (softmax_accel_hls.cc:296) [343]  (8.614 ns)

 <State 32>: 8.614ns
The critical path consists of the following:
	bus response operation ('gmem_addr_2_resp', softmax_accel_hls.cc:296) on port 'gmem' (softmax_accel_hls.cc:296) [343]  (8.614 ns)

 <State 33>: 8.614ns
The critical path consists of the following:
	bus response operation ('gmem_addr_2_resp', softmax_accel_hls.cc:296) on port 'gmem' (softmax_accel_hls.cc:296) [343]  (8.614 ns)


============================================================
+ Verbose Summary: Binding
============================================================
N/A
* FSMD analyzer results:
  - Output states:
 - Input state : 
  - Chain level:
	State 1
	State 2
	State 3
	State 4
	State 5
	State 6
	State 7
	State 8
	State 9
	State 10
	State 11
	State 12
	State 13
	State 14
	State 15
	State 16
	State 17
	State 18
	State 19
	State 20
	State 21
	State 22
	State 23
	State 24
	State 25
	State 26
	State 27
	State 28
	State 29
	State 30
	State 31
	State 32
	State 33


============================================================
+ Verbose Summary: Datapath Resource usage 
============================================================
N/A
